"";"tourney_id";"tourney_name";"surface";"draw_size";"tourney_level";"match_num";"winner_id";"winner_name";"winner_hand";"winner_ht";"winner_ioc";"winner_age";"loser_id";"loser_name";"loser_hand";"loser_ht";"loser_ioc";"loser_age";"score";"best_of";"round";"minutes";"w_ace";"w_df";"w_svpt";"w_1stIn";"w_1stWon";"w_2ndWon";"w_SvGms";"w_bpSaved";"w_bpFaced";"l_ace";"l_df";"l_svpt";"l_1stIn";"l_1stWon";"l_2ndWon";"l_SvGms";"l_bpSaved";"l_bpFaced";"winner_rank";"winner_rank_points";"loser_rank";"loser_rank_points";"W1";"W2";"W3";"W4";"W5";"L1";"L2";"L3";"L4";"L5";"tourney_start_date";"year";"match_id";"Time";"y";"transformed_winner_rank";"transformed_loser_rank";"player_i_id";"player_i_name";"player_j_id";"player_j_name";"transformed_rank_i";"transformed_rank_j";"diff_transformed_rank";"age_i";"age_j";"diff_age";"height_i";"height_j";"diff_height";"w_bp_saved_ratio";"l_bp_saved_ratio";"bp_saved_ratio_i";"bp_saved_ratio_j";"diff_bp_saved_ratio";"w_bp_chances";"l_bp_chances";"w_bp_lost";"l_bp_lost";"w_bp_won";"l_bp_won";"bp_won_i";"bp_won_j";"diff_bp_won";"I_grass";"I_clay";"I_hard"
"357018";"2003-580";"Australian Open";"Hard";"128";"Grand Slams";125;147;"Mikhail Youzhny";"R";183;"RUS";20,5;51;"Richard Gasquet";"R";185;"FRA";16,5;"3-6 6-0 6-1 6-4";5;"R128";125;4;4;97;61;46;18;16;6;8;0;6;98;49;31;19;16;5;12;31;1090;156;245;3;6;6;6;NA;6;0;1;4;NA;2003-01-13;2003;"2003-580:125";1;0;3,04580368961313;0,714597781137751;51;"Richard Gasquet";147;"Mikhail Youzhny";0,714597781137751;3,04580368961313;-2,33120590847537;16,5;20,5;-4;185;183;2;0,75;0,416666666666667;0,416666666666667;0,75;-0,333333333333333;12;8;5;6;7;2;2;7;-5;0;0;1
"371913";"2003-560";"US Open";"Hard";"128";"Grand Slams";141;132;"Radek Stepanek";"R";185;"CZE";24,7;84;"Feliciano Lopez";"L";188;"ESP";21,9;"6-4 6-4 6-4";5;"R128";123;10;2;77;49;41;18;15;3;4;7;6;95;45;34;24;15;3;7;46;785;29;1075;6;6;6;NA;NA;4;4;4;NA;NA;2003-08-25;2003;"2003-560:141";2;0;2,47643804394299;3,14201900487243;84;"Feliciano Lopez";132;"Radek Stepanek";3,14201900487243;2,47643804394299;0,665580960929441;21,9;24,7;-2,8;188;185;3;0,75;0,428571428571429;0,428571428571429;0,75;-0,321428571428571;7;4;3;3;4;1;1;4;-3;0;0;1
"378446";"2004-580";"Australian Open";"Hard";"128";"Grand Slams";162;89;"Florian Mayer";"R";190;"GER";20,2;51;"Richard Gasquet";"R";185;"FRA";17,5;"7-5 6-4 6-3";5;"R128";90;6;0;84;46;36;28;15;2;2;9;3;90;53;38;20;16;3;7;219;165;97;394;7;6;6;NA;NA;5;4;3;NA;NA;2004-01-19;2004;"2004-580:162";3;0;0,225212940398826;1,40008715781287;51;"Richard Gasquet";89;"Florian Mayer";1,40008715781287;0,225212940398826;1,17487421741405;17,5;20,2;-2,7;185;190;-5;1;0,428571428571429;0,428571428571429;1;-0,571428571428571;7;2;3;2;4;0;0;4;-4;0;0;1
"378507";"2004-580";"Australian Open";"Hard";"128";"Grand Slams";223;61;"Lleyton Hewitt";"R";180;"AUS";22,8;101;"Rafael Nadal";"L";185;"ESP";17,6;"7-6(2) 7-6(5) 6-2";5;"R32";149;9;2;109;58;42;31;16;4;6;1;2;98;69;45;15;16;6;10;11;1625;41;877;7;7;6;NA;NA;6;6;2;NA;NA;2004-01-19;2004;"2004-580:223";4;1;4,5405683813627;2,64244799538192;61;"Lleyton Hewitt";101;"Rafael Nadal";4,5405683813627;2,64244799538192;1,89812038598079;22,8;17,6;5,2;180;185;-5;0,666666666666667;0,6;0,666666666666667;0,6;0,0666666666666667;10;6;6;4;4;2;4;2;2;0;0;1
"393516";"2004-560";"US Open";"Hard";"128";"Grand Slams";158;74;"Philipp Kohlschreiber";"R";178;"GER";20,8;11;"Julien Benneteau";"R";185;"FRA";22,6;"6-1 6-1 6-4";5;"R128";92;6;1;69;38;32;19;12;2;2;0;5;77;53;31;8;12;8;14;99;444;75;539;6;6;6;NA;NA;1;1;4;NA;NA;2004-08-30;2004;"2004-560:158";5;0;1,37064337992039;1,77118130950412;11;"Julien Benneteau";74;"Philipp Kohlschreiber";1,77118130950412;1,37064337992039;0,400537929583729;22,6;20,8;1,8;185;178;7;1;0,571428571428571;0,571428571428571;1;-0,428571428571429;14;2;8;2;6;0;0;6;-6;0;0;1
"393557";"2004-560";"US Open";"Hard";"128";"Grand Slams";199;84;"Feliciano Lopez";"L";188;"ESP";22,9;74;"Philipp Kohlschreiber";"R";178;"GER";20,8;"7-5 7-5 6-7(5) 1-6 6-2";5;"R64";204;27;7;170;82;62;46;26;9;14;12;13;173;79;59;45;25;11;17;32;960;99;444;7;7;6;1;6;5;5;7;6;2;2004-08-30;2004;"2004-560:199";6;0;3;1,37064337992039;74;"Philipp Kohlschreiber";84;"Feliciano Lopez";1,37064337992039;3;-1,62935662007961;20,8;22,9;-2,1;178;188;-10;0,642857142857143;0,647058823529412;0,647058823529412;0,642857142857143;0,00420168067226889;17;14;11;9;6;5;5;6;-1;0;0;1
"393566";"2004-560";"US Open";"Hard";"128";"Grand Slams";208;118;"Andy Roddick";"R";188;"USA";22;101;"Rafael Nadal";"L";185;"ESP";18,2;"6-0 6-3 6-4";5;"R64";96;10;3;74;45;31;19;12;3;4;0;4;74;61;30;3;13;4;11;2;4520;49;745;6;6;6;NA;NA;0;3;4;NA;NA;2004-08-30;2004;"2004-560:208";7;0;7;2,38529015588479;101;"Rafael Nadal";118;"Andy Roddick";2,38529015588479;7;-4,61470984411521;18,2;22;-3,8;185;188;-3;0,75;0,363636363636364;0,363636363636364;0,75;-0,386363636363636;11;4;4;3;7;1;1;7;-6;0;0;1
"393578";"2004-560";"US Open";"Hard";"128";"Grand Slams";220;61;"Lleyton Hewitt";"R";180;"AUS";23,5;84;"Feliciano Lopez";"L";188;"ESP";22,9;"6-1 6-4 6-2";5;"R32";90;11;5;80;52;43;16;13;7;7;5;4;78;51;32;10;12;3;8;5;2605;32;960;6;6;6;NA;NA;1;4;2;NA;NA;2004-08-30;2004;"2004-560:220";8;1;5,67807190511264;3;61;"Lleyton Hewitt";84;"Feliciano Lopez";5,67807190511264;3;2,67807190511264;23,5;22,9;0,600000000000001;180;188;-8;1;0,375;1;0,375;0,625;8;7;3;7;5;0;5;0;5;0;0;1
"400961";"2005-580";"Australian Open";"Hard";"128";"Grand Slams";154;101;"Rafael Nadal";"L";185;"ESP";18,6;11;"Julien Benneteau";"R";185;"FRA";23;"6-0 6-4 6-2";5;"R128";88;1;1;61;47;36;7;12;1;3;2;6;66;35;18;9;12;2;10;56;715;65;598;6;6;6;NA;NA;0;4;2;NA;NA;2005-01-17;2005;"2005-580:154";9;0;2,1926450779424;1,97763218697155;11;"Julien Benneteau";101;"Rafael Nadal";1,97763218697155;2,1926450779424;-0,215012890970851;23;18,6;4,4;185;185;0;0,333333333333333;0,2;0,2;0,333333333333333;-0,133333333333333;10;3;2;1;8;2;2;8;-6;0;0;1
"401004";"2005-580";"Australian Open";"Hard";"128";"Grand Slams";197;101;"Rafael Nadal";"L";185;"ESP";18,6;147;"Mikhail Youzhny";"R";183;"RUS";22,5;"6-1 4-6 4-6 7-5 6-3";5;"R64";217;0;2;153;108;71;21;24;8;14;9;5;140;73;47;32;24;5;14;56;715;15;1340;6;4;4;7;6;1;6;6;5;3;2005-01-17;2005;"2005-580:197";10;1;2,1926450779424;4,09310940439148;101;"Rafael Nadal";147;"Mikhail Youzhny";2,1926450779424;4,09310940439148;-1,90046432644909;18,6;22,5;-3,9;185;183;2;0,571428571428571;0,357142857142857;0,571428571428571;0,357142857142857;0,214285714285714;14;14;5;8;9;6;9;6;3;0;0;1
"401037";"2005-580";"Australian Open";"Hard";"128";"Grand Slams";230;61;"Lleyton Hewitt";"R";180;"AUS";23,8;101;"Rafael Nadal";"L";185;"ESP";18,6;"7-5 3-6 1-6 7-6(3) 6-2";5;"R16";233;18;6;146;75;57;37;24;12;18;5;3;160;111;72;28;24;12;17;3;3590;56;715;7;3;1;7;6;5;6;6;6;2;2005-01-17;2005;"2005-580:230";11;1;6,41503749927884;2,1926450779424;61;"Lleyton Hewitt";101;"Rafael Nadal";6,41503749927884;2,1926450779424;4,22239242133645;23,8;18,6;5,2;180;185;-5;0,666666666666667;0,705882352941177;0,666666666666667;0,705882352941177;-0,0392156862745099;17;18;12;12;5;6;5;6;-1;0;0;1
"401039";"2005-580";"Australian Open";"Hard";"128";"Grand Slams";232;118;"Andy Roddick";"R";188;"USA";22,3;74;"Philipp Kohlschreiber";"R";178;"GER";21,2;"6-3 7-6(6) 6-1";5;"R16";87;15;2;86;59;50;17;15;1;1;5;2;77;43;32;18;13;1;4;2;3655;102;423;6;7;6;NA;NA;3;6;1;NA;NA;2005-01-17;2005;"2005-580:232";12;0;7;1,3275746580285;74;"Philipp Kohlschreiber";118;"Andy Roddick";1,3275746580285;7;-5,6724253419715;21,2;22,3;-1,1;178;188;-10;1;0,25;0,25;1;-0,75;4;1;1;1;3;0;0;3;-3;0;0;1
"417297";"2005-560";"US Open";"Hard";"128";"Grand Slams";139;35;"Novak Djokovic";"R";188;"SRB";18,2;96;"Gael Monfils";"R";193;"FRA";18,9;"7-5 4-6 7-6(5) 0-6 7-5";5;"R128";237;3;5;179;119;81;29;26;12;16;22;5;147;78;67;39;26;1;3;97;431;43;825;7;4;7;0;7;5;6;6;6;5;2005-08-29;2005;"2005-560:139";13;1;1,40008715781287;2,5737352452979;35;"Novak Djokovic";96;"Gael Monfils";1,40008715781287;2,5737352452979;-1,17364808748503;18,2;18,9;-0,699999999999999;188;193;-5;0,75;0,333333333333333;0,75;0,333333333333333;0,416666666666667;3;16;1;12;2;4;2;4;-2;0;0;1
"417322";"2005-560";"US Open";"Hard";"128";"Grand Slams";164;13;"Tomas Berdych";"R";196;"CZE";19,9;74;"Philipp Kohlschreiber";"R";178;"GER";21,8;"7-6(6) 7-6(4) 6-4";5;"R128";142;21;3;103;68;56;20;17;0;1;11;9;115;59;46;28;17;6;8;34;965;79;502;7;7;6;NA;NA;6;6;4;NA;NA;2005-08-29;2005;"2005-560:164";14;1;2,91253715874966;1,6962192518229;13;"Tomas Berdych";74;"Philipp Kohlschreiber";2,91253715874966;1,6962192518229;1,21631790692676;19,9;21,8;-1,9;196;178;18;0;0,75;0;0,75;-0,75;8;1;6;0;2;1;2;1;1;0;0;1
"417373";"2005-560";"US Open";"Hard";"128";"Grand Slams";215;143;"Fernando Verdasco";"L";188;"ESP";21,7;35;"Novak Djokovic";"R";188;"SRB";18,2;"6-1 4-6 6-7(2) 6-4 6-4";5;"R32";184;13;13;148;90;69;29;24;7;11;5;3;154;106;66;26;25;6;14;48;770;97;431;6;4;6;6;6;1;6;7;4;4;2005-08-29;2005;"2005-560:215";15;0;2,41503749927884;1,40008715781287;35;"Novak Djokovic";143;"Fernando Verdasco";1,40008715781287;2,41503749927884;-1,01495034146597;18,2;21,7;-3,5;188;188;0;0,636363636363636;0,428571428571429;0,428571428571429;0,636363636363636;-0,207792207792208;14;11;6;7;8;4;4;8;-4;0;0;1
"424295";"2006-580";"Australian Open";"Hard";"128";"Grand Slams";135;137;"Janko Tipsarevic";"R";180;"SRB";21,5;123;"Andreas Seppi";"R";190;"ITA";21,9;"1-6 6-4 4-6 6-2 6-4";5;"R128";184;9;3;147;78;53;35;23;7;14;9;5;129;62;44;31;22;7;14;137;309;56;672;1;6;4;6;6;6;4;6;2;4;2006-01-16;2006;"2006-580:135";16;0;0,901967917039474;2,1926450779424;123;"Andreas Seppi";137;"Janko Tipsarevic";2,1926450779424;0,901967917039474;1,29067716090292;21,9;21,5;0,399999999999999;190;180;10;0,5;0,5;0,5;0,5;0;14;14;7;7;7;7;7;7;0;0;0;1
"424362";"2006-580";"Australian Open";"Hard";"128";"Grand Slams";202;84;"Feliciano Lopez";"L";188;"ESP";24,3;99;"Gilles Muller";"L";193;"LUX";22,6;"6-2 6-4 6-7(6) 6-4";5;"R64";155;17;5;122;74;59;23;20;1;3;10;4;141;92;61;24;20;10;16;33;900;71;538;6;6;6;6;NA;2;4;7;4;NA;2006-01-16;2006;"2006-580:202";17;1;2,95560588064155;1,85025288049532;84;"Feliciano Lopez";99;"Gilles Muller";2,95560588064155;1,85025288049532;1,10535300014623;24,3;22,6;1,7;188;193;-5;0,333333333333333;0,625;0,333333333333333;0,625;-0,291666666666667;16;3;10;1;6;2;6;2;4;0;0;1
"441881";"2006-560";"US Open";"Hard";"128";"Grand Slams";118;114;"Sam Querrey";"R";198;"USA";18,8;74;"Philipp Kohlschreiber";"R";178;"GER";22,8;"6-3 6-4 6-4";5;"R128";90;7;3;85;56;41;21;15;2;2;6;3;90;48;33;22;14;6;9;174;238;63;619;6;6;6;NA;NA;3;4;4;NA;NA;2006-08-28;2006;"2006-560:118";18;0;0,557056504151272;2,02272007650008;74;"Philipp Kohlschreiber";114;"Sam Querrey";2,02272007650008;0,557056504151272;1,46566357234881;22,8;18,8;4;178;198;-20;1;0,666666666666667;0,666666666666667;1;-0,333333333333333;9;2;6;2;3;0;0;3;-3;0;0;1
"441919";"2006-560";"US Open";"Hard";"128";"Grand Slams";156;35;"Novak Djokovic";"R";188;"SRB";19,2;146;"Donald Young";"L";183;"USA";17;"4-6 6-3 6-0 6-1";5;"R128";101;8;4;102;70;51;18;16;7;8;4;8;87;44;24;20;16;2;9;23;1183;577;40;4;6;6;6;NA;6;3;0;1;NA;2006-08-28;2006;"2006-560:156";19;1;3,47643804394299;-1,17242750864548;35;"Novak Djokovic";146;"Donald Young";3,47643804394299;-1,17242750864548;4,64886555258847;19,2;17;2,2;188;183;5;0,875;0,222222222222222;0,875;0,222222222222222;0,652777777777778;9;8;2;7;7;1;7;1;6;0;0;1
"441962";"2006-560";"US Open";"Hard";"128";"Grand Slams";199;51;"Richard Gasquet";"R";185;"FRA";20,1;125;"Gilles Simon";"R";183;"FRA";21,6;"6-0 6-2 6-3";5;"R64";106;6;0;83;51;33;20;12;6;7;3;1;73;51;26;7;11;9;16;29;1060;52;756;6;6;6;NA;NA;0;2;3;NA;NA;2006-08-28;2006;"2006-560:199";20;1;3,14201900487243;2,29956028185891;51;"Richard Gasquet";125;"Gilles Simon";3,14201900487243;2,29956028185891;0,84245872301352;20,1;21,6;-1,5;185;183;2;0,857142857142857;0,5625;0,857142857142857;0,5625;0,294642857142857;16;7;9;6;7;1;7;1;6;0;0;1
"441982";"2006-560";"US Open";"Hard";"128";"Grand Slams";219;61;"Lleyton Hewitt";"R";180;"AUS";25,5;35;"Novak Djokovic";"R";188;"SRB";19,2;"6-3 6-1 6-2";5;"R32";89;10;3;71;37;29;23;12;5;5;3;7;83;56;32;10;12;5;11;17;1515;23;1183;6;6;6;NA;NA;3;1;2;NA;NA;2006-08-28;2006;"2006-560:219";21;0;3,91253715874966;3,47643804394299;35;"Novak Djokovic";61;"Lleyton Hewitt";3,47643804394299;3,91253715874966;-0,436099114806674;19,2;25,5;-6,3;188;180;8;1;0,454545454545455;0,454545454545455;1;-0,545454545454545;11;5;5;5;6;0;0;6;-6;0;0;1
"441984";"2006-560";"US Open";"Hard";"128";"Grand Slams";221;117;"Tommy Robredo";"R";180;"ESP";24,3;145;"Stan Wawrinka";"R";183;"SUI";21,4;"6-3 6-4 6-2";5;"R32";113;4;1;71;49;36;10;13;4;7;2;5;95;52;32;16;14;11;19;5;2190;46;803;6;6;6;NA;NA;3;4;2;NA;NA;2006-08-28;2006;"2006-560:221";22;1;5,67807190511264;2,47643804394299;117;"Tommy Robredo";145;"Stan Wawrinka";5,67807190511264;2,47643804394299;3,20163386116965;24,3;21,4;2,9;180;183;-3;0,571428571428571;0,578947368421053;0,571428571428571;0,578947368421053;-0,00751879699248126;19;7;11;4;8;3;8;3;5;0;0;1
"441991";"2006-560";"US Open";"Hard";"128";"Grand Slams";228;29;"Nikolay Davydenko";"R";178;"RUS";25,2;100;"Andy Murray";"R";190;"GBR";19,2;"6-1 5-7 6-3 6-0";5;"R16";179;3;4;123;83;58;16;17;9;12;7;5;108;51;33;23;17;7;16;6;2175;19;1300;6;5;6;6;NA;1;7;3;0;NA;2006-08-28;2006;"2006-560:228";23;1;5,41503749927884;3,75207248655641;29;"Nikolay Davydenko";100;"Andy Murray";5,41503749927884;3,75207248655641;1,66296501272243;25,2;19,2;6;178;190;-12;0,75;0,4375;0,75;0,4375;0,3125;16;12;7;9;9;3;9;3;6;0;0;1
"441993";"2006-560";"US Open";"Hard";"128";"Grand Slams";230;61;"Lleyton Hewitt";"R";180;"AUS";25,5;51;"Richard Gasquet";"R";185;"FRA";20,1;"6-4 6-4 4-6 3-6 6-3";5;"R16";210;17;3;164;88;55;43;24;9;15;7;5;140;94;65;21;24;7;14;17;1515;29;1060;6;6;4;3;6;4;4;6;6;3;2006-08-28;2006;"2006-560:230";24;0;3,91253715874966;3,14201900487243;51;"Richard Gasquet";61;"Lleyton Hewitt";3,14201900487243;3,91253715874966;-0,770518153877233;20,1;25,5;-5,4;185;180;5;0,6;0,5;0,5;0,6;-0,1;14;15;7;9;7;6;6;7;-1;0;0;1
"441999";"2006-560";"US Open";"Hard";"128";"Grand Slams";236;147;"Mikhail Youzhny";"R";183;"RUS";24,1;101;"Rafael Nadal";"L";185;"ESP";20,2;"6-3 5-7 7-6(5) 6-1";5;"QF";195;7;3;128;84;61;29;21;9;11;1;1;123;78;52;22;19;5;9;54;745;2;4625;6;5;7;6;NA;3;7;6;1;NA;2006-08-28;2006;"2006-560:236";25;0;2,24511249783653;7;101;"Rafael Nadal";147;"Mikhail Youzhny";7;2,24511249783653;4,75488750216347;20,2;24,1;-3,9;185;183;2;0,818181818181818;0,555555555555556;0,555555555555556;0,818181818181818;-0,262626262626263;9;11;5;9;4;2;2;4;-2;0;0;1
"448692";"2007-580";"Australian Open";"Hard";"128";"Grand Slams";180;35;"Novak Djokovic";"R";188;"SRB";19,6;84;"Feliciano Lopez";"L";188;"ESP";25,3;"6-2 7-5 6-1";5;"R64";121;8;1;86;59;41;18;14;4;5;5;6;90;53;34;12;13;9;15;15;1530;79;486;6;7;6;NA;NA;2;5;1;NA;NA;2007-01-15;2007;"2007-580:180";26;1;4,09310940439148;1,6962192518229;35;"Novak Djokovic";84;"Feliciano Lopez";4,09310940439148;1,6962192518229;2,39689015256858;19,6;25,3;-5,7;188;188;0;0,8;0,6;0,8;0,6;0,2;15;5;9;4;6;1;6;1;5;0;0;1
"448693";"2007-580";"Australian Open";"Hard";"128";"Grand Slams";181;96;"Gael Monfils";"R";193;"FRA";20,3;7;"Marcos Baghdatis";"R";183;"CYP";21,5;"7-6(5) 6-2 2-6 6-0";5;"R64";157;11;4;115;65;45;27;17;6;9;6;2;110;59;43;23;17;11;17;59;645;11;1880;7;6;2;6;NA;6;2;6;0;NA;2007-01-15;2007;"2007-580:181";27;0;2,11735695063816;4,5405683813627;7;"Marcos Baghdatis";96;"Gael Monfils";4,5405683813627;2,11735695063816;2,42321143072454;21,5;20,3;1,2;183;193;-10;0,666666666666667;0,647058823529412;0,647058823529412;0,666666666666667;-0,0196078431372548;17;9;11;6;6;3;3;6;-3;0;0;1
"448707";"2007-580";"Australian Open";"Hard";"128";"Grand Slams";195;89;"Florian Mayer";"R";190;"GER";23,2;123;"Andreas Seppi";"R";190;"ITA";22,8;"5-7 7-5 6-2 6-2";5;"R64";146;8;5;126;66;43;30;20;6;12;6;3;119;63;38;23;20;9;19;58;680;98;428;5;7;6;6;NA;7;5;2;2;NA;2007-01-15;2007;"2007-580:195";28;1;2,14201900487243;1,38529015588479;89;"Florian Mayer";123;"Andreas Seppi";2,14201900487243;1,38529015588479;0,756728848987636;23,2;22,8;0,399999999999999;190;190;0;0,5;0,473684210526316;0,5;0,473684210526316;0,0263157894736842;19;12;9;6;10;6;10;6;4;0;0;1
"448717";"2007-580";"Australian Open";"Hard";"128";"Grand Slams";205;100;"Andy Murray";"R";190;"GBR";19,6;143;"Fernando Verdasco";"L";188;"ESP";23,1;"7-6(4) 7-5 6-4";5;"R64";168;4;0;109;57;38;26;17;3;8;7;7;109;69;42;14;17;10;17;16;1505;35;910;7;7;6;NA;NA;6;5;4;NA;NA;2007-01-15;2007;"2007-580:205";29;1;4;2,87071698305503;100;"Andy Murray";143;"Fernando Verdasco";4;2,87071698305503;1,12928301694497;19,6;23,1;-3,5;190;188;2;0,375;0,588235294117647;0,375;0,588235294117647;-0,213235294117647;17;8;10;3;7;5;7;5;2;0;0;1
"448720";"2007-580";"Australian Open";"Hard";"128";"Grand Slams";208;101;"Rafael Nadal";"L";185;"ESP";20,6;74;"Philipp Kohlschreiber";"R";178;"GER";23,2;"7-5 6-3 4-6 6-2";5;"R64";210;4;6;125;81;57;22;20;9;13;8;3;128;68;41;30;19;14;21;2;4525;61;631;7;6;4;6;NA;5;3;6;2;NA;2007-01-15;2007;"2007-580:208";30;0;7;2,06926266243711;74;"Philipp Kohlschreiber";101;"Rafael Nadal";2,06926266243711;7;-4,93073733756289;23,2;20,6;2,6;178;185;-7;0,692307692307692;0,666666666666667;0,666666666666667;0,692307692307692;-0,0256410256410257;21;13;14;9;7;4;4;7;-3;0;0;1
"448723";"2007-580";"Australian Open";"Hard";"128";"Grand Slams";211;51;"Richard Gasquet";"R";185;"FRA";20,5;96;"Gael Monfils";"R";193;"FRA";20,3;"6-0 4-6 7-5 6-3";5;"R32";146;6;2;100;76;60;14;19;5;7;9;3;105;68;43;19;18;3;9;17;1435;59;645;6;4;7;6;NA;0;6;5;3;NA;2007-01-15;2007;"2007-580:211";31;1;3,91253715874966;2,11735695063816;51;"Richard Gasquet";96;"Gael Monfils";3,91253715874966;2,11735695063816;1,7951802081115;20,5;20,3;0,199999999999999;185;193;-8;0,714285714285714;0,333333333333333;0,714285714285714;0,333333333333333;0,380952380952381;9;7;3;5;6;2;6;2;4;0;0;1
"448736";"2007-580";"Australian Open";"Hard";"128";"Grand Slams";224;101;"Rafael Nadal";"L";185;"ESP";20,6;145;"Stan Wawrinka";"R";183;"SUI";21,8;"6-2 6-2 6-2";5;"R32";123;1;3;69;51;43;7;12;0;1;4;2;92;52;30;13;12;4;11;2;4525;40;885;6;6;6;NA;NA;2;2;2;NA;NA;2007-01-15;2007;"2007-580:224";32;1;7;2,67807190511264;101;"Rafael Nadal";145;"Stan Wawrinka";7;2,67807190511264;4,32192809488736;20,6;21,8;-1,2;185;183;2;0;0,363636363636364;0;0,363636363636364;-0,363636363636364;11;1;4;0;7;1;7;1;6;0;0;1
"448737";"2007-580";"Australian Open";"Hard";"128";"Grand Slams";225;44;"Roger Federer";"R";185;"SUI";25,4;35;"Novak Djokovic";"R";188;"SRB";19,6;"6-2 7-5 6-3";5;"R16";110;12;1;80;50;40;20;15;1;2;7;2;101;62;38;18;14;3;8;1;8120;15;1530;6;7;6;NA;NA;2;5;3;NA;NA;2007-01-15;2007;"2007-580:225";33;0;8;4,09310940439148;35;"Novak Djokovic";44;"Roger Federer";4,09310940439148;8;-3,90689059560852;19,6;25,4;-5,8;188;185;3;0,5;0,375;0,375;0,5;-0,125;8;2;3;1;5;1;1;5;-4;0;0;1
"448738";"2007-580";"Australian Open";"Hard";"128";"Grand Slams";226;117;"Tommy Robredo";"R";180;"ESP";24,7;51;"Richard Gasquet";"R";185;"FRA";20,5;"6-4 6-2 3-6 6-4";5;"R16";167;8;1;103;65;51;21;18;2;3;1;2;147;114;68;18;19;17;21;6;2455;17;1435;6;6;3;6;NA;4;2;6;4;NA;2007-01-15;2007;"2007-580:226";34;0;5,41503749927884;3,91253715874966;51;"Richard Gasquet";117;"Tommy Robredo";3,91253715874966;5,41503749927884;-1,50250034052918;20,5;24,7;-4,2;185;180;5;0,666666666666667;0,80952380952381;0,80952380952381;0,666666666666667;0,142857142857143;21;3;17;2;4;1;1;4;-3;0;0;1
"448744";"2007-580";"Australian Open";"Hard";"128";"Grand Slams";232;101;"Rafael Nadal";"L";185;"ESP";20,6;100;"Andy Murray";"R";190;"GBR";19,6;"6-7(3) 6-4 4-6 6-3 6-1";5;"R16";231;5;1;155;113;78;23;24;14;17;15;9;160;84;62;33;24;9;16;2;4525;16;1505;6;6;4;6;6;7;4;6;3;1;2007-01-15;2007;"2007-580:232";35;0;7;4;100;"Andy Murray";101;"Rafael Nadal";4;7;-3;19,6;20,6;-1;190;185;5;0,823529411764706;0,5625;0,5625;0,823529411764706;-0,261029411764706;16;17;9;14;7;3;3;7;-4;0;0;1
"466382";"2007-560";"US Open";"Hard";"128";"Grand Slams";116;64;"John Isner";"R";206;"USA";22,3;102;"Jarkko Nieminen";"L";185;"FIN";26;"6-7(4) 7-6(4) 7-6(5) 6-4";5;"R128";188;36;5;154;98;78;34;23;7;7;13;8;147;101;79;27;23;2;3;184;223;26;1070;6;7;7;6;NA;7;6;6;4;NA;2007-08-27;2007;"2007-560:116";36;1;0,476438043942987;3,29956028185891;64;"John Isner";102;"Jarkko Nieminen";0,476438043942987;3,29956028185891;-2,82312223791592;22,3;26;-3,7;206;185;21;1;0,666666666666667;1;0,666666666666667;0,333333333333333;3;7;2;7;1;0;1;0;1;0;0;1
"466399";"2007-560";"US Open";"Hard";"128";"Grand Slams";133;100;"Andy Murray";"R";190;"GBR";20,2;25;"Pablo Cuevas";"R";180;"URU";21,6;"6-2 6-3 6-0";5;"R128";102;6;4;78;40;31;20;12;6;7;1;5;78;34;17;18;11;10;17;19;1420;129;330;6;6;6;NA;NA;2;3;0;NA;NA;2007-08-27;2007;"2007-560:133";37;0;3,75207248655641;0,988772744576746;25;"Pablo Cuevas";100;"Andy Murray";0,988772744576746;3,75207248655641;-2,76329974197967;21,6;20,2;1,4;180;190;-10;0,857142857142857;0,588235294117647;0,588235294117647;0,857142857142857;-0,26890756302521;17;7;10;6;7;1;1;7;-6;0;0;1
"466426";"2007-560";"US Open";"Hard";"128";"Grand Slams";160;35;"Novak Djokovic";"R";188;"SRB";20,2;57;"Robin Haase";"R";190;"NED";20,3;"6-2 6-1 6-3";5;"R128";96;5;1;66;40;33;17;12;1;1;6;4;97;62;37;11;12;11;17;3;3670;95;437;6;6;6;NA;NA;2;1;3;NA;NA;2007-08-27;2007;"2007-560:160";38;1;6,41503749927884;1,43014439166905;35;"Novak Djokovic";57;"Robin Haase";6,41503749927884;1,43014439166905;4,98489310760979;20,2;20,3;-0,100000000000001;188;190;-2;1;0,647058823529412;1;0,647058823529412;0,352941176470588;17;1;11;1;6;0;6;0;6;0;0;1
"466462";"2007-560";"US Open";"Hard";"128";"Grand Slams";196;74;"Philipp Kohlschreiber";"R";178;"GER";23,8;147;"Mikhail Youzhny";"R";183;"RUS";25,1;"3-6 6-4 6-3 6-3";5;"R64";176;5;7;125;63;48;34;18;10;11;6;4;120;71;49;22;19;4;8;38;825;11;1880;3;6;6;6;NA;6;4;3;3;NA;2007-08-27;2007;"2007-560:196";39;1;2,75207248655641;4,5405683813627;74;"Philipp Kohlschreiber";147;"Mikhail Youzhny";2,75207248655641;4,5405683813627;-1,78849589480629;23,8;25,1;-1,3;178;183;-5;0,909090909090909;0,5;0,909090909090909;0,5;0,409090909090909;8;11;4;10;4;1;4;1;3;0;0;1
"466466";"2007-560";"US Open";"Hard";"128";"Grand Slams";200;35;"Novak Djokovic";"R";188;"SRB";20,2;132;"Radek Stepanek";"R";185;"CZE";28,7;"6-7(4) 7-6(5) 5-7 7-5 7-6(2)";5;"R64";281;18;4;175;97;77;49;30;4;7;12;2;181;113;88;34;30;1;4;3;3670;35;850;6;7;5;7;7;7;6;7;5;6;2007-08-27;2007;"2007-560:200";40;1;6,41503749927884;2,87071698305503;35;"Novak Djokovic";132;"Radek Stepanek";6,41503749927884;2,87071698305503;3,54432051622381;20,2;28,7;-8,5;188;185;3;0,571428571428571;0,25;0,571428571428571;0,25;0,321428571428571;4;7;1;4;3;3;3;3;0;0;0;1
"466475";"2007-560";"US Open";"Hard";"128";"Grand Slams";209;44;"Roger Federer";"R";185;"SUI";26;64;"John Isner";"R";206;"USA";22,3;"6-7(4) 6-2 6-4 6-2";5;"R32";135;10;1;107;71;57;26;19;1;1;17;5;121;88;60;15;19;4;9;1;7605;184;223;6;6;6;6;NA;7;2;4;2;NA;2007-08-27;2007;"2007-560:209";41;1;8;0,476438043942987;44;"Roger Federer";64;"John Isner";8;0,476438043942987;7,52356195605701;26;22,3;3,7;185;206;-21;1;0,444444444444444;1;0,444444444444444;0,555555555555556;9;1;4;1;5;0;5;0;5;0;0;1
"466476";"2007-560";"US Open";"Hard";"128";"Grand Slams";210;84;"Feliciano Lopez";"L";188;"ESP";25,9;146;"Donald Young";"L";183;"USA";18;"3-6 6-3 7-6(5) 7-5";5;"R32";159;20;2;130;80;64;23;21;7;9;10;5;124;76;55;26;21;3;6;60;586;223;183;3;6;7;7;NA;6;3;6;5;NA;2007-08-27;2007;"2007-560:210";42;1;2,09310940439148;0,199100100079695;84;"Feliciano Lopez";146;"Donald Young";2,09310940439148;0,199100100079695;1,89400930431179;25,9;18;7,9;188;183;5;0,777777777777778;0,5;0,777777777777778;0,5;0,277777777777778;6;9;3;7;3;2;3;2;1;0;0;1
"466486";"2007-560";"US Open";"Hard";"128";"Grand Slams";220;35;"Novak Djokovic";"R";188;"SRB";20,2;31;"Juan Martin del Potro";"R";198;"ARG";18,9;"6-1 6-3 6-4";5;"R32";102;7;2;72;54;43;9;13;5;6;1;1;71;49;24;12;13;0;6;3;3670;57;595;6;6;6;NA;NA;1;3;4;NA;NA;2007-08-27;2007;"2007-560:220";43;0;6,41503749927884;2,16710998583526;31;"Juan Martin del Potro";35;"Novak Djokovic";2,16710998583526;6,41503749927884;-4,24792751344359;18,9;20,2;-1,3;198;188;10;0,833333333333333;0;0;0,833333333333333;-0,833333333333333;6;6;0;5;6;1;1;6;-5;0;0;1
"466490";"2007-560";"US Open";"Hard";"128";"Grand Slams";224;101;"Rafael Nadal";"L";185;"ESP";21,2;141;"Jo-Wilfried Tsonga";"R";188;"FRA";22,3;"7-6(3) 6-2 6-1";5;"R32";123;2;3;84;62;50;15;14;2;2;7;1;77;55;36;11;13;2;6;2;5485;74;523;7;6;6;NA;NA;6;2;1;NA;NA;2007-08-27;2007;"2007-560:224";44;1;7;1,79054663437105;101;"Rafael Nadal";141;"Jo-Wilfried Tsonga";7;1,79054663437105;5,20945336562895;21,2;22,3;-1,1;185;188;-3;1;0,333333333333333;1;0,333333333333333;0,666666666666667;6;2;2;2;4;0;4;0;4;0;0;1
"466491";"2007-560";"US Open";"Hard";"128";"Grand Slams";225;44;"Roger Federer";"R";185;"SUI";26;84;"Feliciano Lopez";"L";188;"ESP";25,9;"3-6 6-4 6-1 6-4";5;"R16";118;11;0;85;62;50;20;18;3;4;13;7;114;64;49;21;18;8;12;1;7605;60;586;3;6;6;6;NA;6;4;1;4;NA;2007-08-27;2007;"2007-560:225";45;1;8;2,09310940439148;44;"Roger Federer";84;"Feliciano Lopez";8;2,09310940439148;5,90689059560852;26;25,9;0,100000000000001;185;188;-3;0,75;0,666666666666667;0,75;0,666666666666667;0,0833333333333334;12;4;8;3;4;1;4;1;3;0;0;1
"466498";"2007-560";"US Open";"Hard";"128";"Grand Slams";232;45;"David Ferrer";"R";175;"ESP";25,4;101;"Rafael Nadal";"L";185;"ESP";21,2;"6-7(3) 6-4 7-6(4) 6-2";5;"R16";206;5;2;124;83;58;25;21;2;6;2;7;139;97;63;18;21;7;14;15;1565;2;5485;6;6;7;6;NA;7;4;6;2;NA;2007-08-27;2007;"2007-560:232";46;1;4,09310940439148;7;45;"David Ferrer";101;"Rafael Nadal";4,09310940439148;7;-2,90689059560852;25,4;21,2;4,2;175;185;-10;0,333333333333333;0,5;0,333333333333333;0,5;-0,166666666666667;14;6;7;2;7;4;7;4;3;0;0;1
"466504";"2007-560";"US Open";"Hard";"128";"Grand Slams";238;35;"Novak Djokovic";"R";188;"SRB";20,2;45;"David Ferrer";"R";175;"ESP";25,4;"6-4 6-4 6-3";5;"SF";132;9;3;91;60;41;19;14;1;3;5;1;97;71;43;10;15;5;11;3;3670;15;1565;6;6;6;NA;NA;4;4;3;NA;NA;2007-08-27;2007;"2007-560:238";47;1;6,41503749927884;4,09310940439148;35;"Novak Djokovic";45;"David Ferrer";6,41503749927884;4,09310940439148;2,32192809488736;20,2;25,4;-5,2;188;175;13;0,333333333333333;0,454545454545455;0,333333333333333;0,454545454545455;-0,121212121212121;11;3;5;1;6;2;6;2;4;0;0;1
"466505";"2007-560";"US Open";"Hard";"128";"Grand Slams";239;44;"Roger Federer";"R";185;"SUI";26;35;"Novak Djokovic";"R";188;"SRB";20,2;"7-6(4) 7-6(2) 6-4";5;"F";144;11;4;106;66;52;25;17;7;9;5;7;116;64;45;29;17;2;5;1;7605;3;3670;7;7;6;NA;NA;6;6;4;NA;NA;2007-08-27;2007;"2007-560:239";48;0;8;6,41503749927884;35;"Novak Djokovic";44;"Roger Federer";6,41503749927884;8;-1,58496250072116;20,2;26;-5,8;188;185;3;0,777777777777778;0,4;0,4;0,777777777777778;-0,377777777777778;5;9;2;7;3;2;2;3;-1;0;0;1
"474367";"2008-580";"Australian Open";"Hard";"128";"Grand Slams";125;22;"Marin Cilic";"R";198;"CRO";19,2;3;"Nicolas Almagro";"R";183;"ESP";22,3;"7-6(4) 7-5 6-2";5;"R128";131;16;1;103;56;42;29;16;2;4;10;5;101;57;40;17;16;7;12;57;615;31;965;7;7;6;NA;NA;6;5;2;NA;NA;2008-01-14;2008;"2008-580:125";49;0;2,16710998583526;3,04580368961313;3;"Nicolas Almagro";22;"Marin Cilic";3,04580368961313;2,16710998583526;0,878693703777866;22,3;19,2;3,1;183;198;-15;0,5;0,583333333333333;0,583333333333333;0,5;0,0833333333333334;12;4;7;2;5;2;2;5;-3;0;0;1
"474394";"2008-580";"Australian Open";"Hard";"128";"Grand Slams";152;141;"Jo-Wilfried Tsonga";"R";188;"FRA";22,7;100;"Andy Murray";"R";190;"GBR";20,6;"7-5 6-4 0-6 7-6(5)";5;"R128";192;7;6;136;81;58;23;20;5;10;7;3;136;79;55;27;20;9;13;38;789;9;1830;7;6;0;7;NA;5;4;6;6;NA;2008-01-14;2008;"2008-580:152";50;0;2,75207248655641;4,83007499855769;100;"Andy Murray";141;"Jo-Wilfried Tsonga";4,83007499855769;2,75207248655641;2,07800251200127;20,6;22,7;-2,1;190;188;2;0,5;0,692307692307692;0,692307692307692;0,5;0,192307692307692;13;10;9;5;4;5;5;4;1;0;0;1
"474399";"2008-580";"Australian Open";"Hard";"128";"Grand Slams";157;145;"Stan Wawrinka";"R";183;"SUI";22,7;11;"Julien Benneteau";"R";185;"FRA";26;"6-3 6-3 6-3";5;"R128";108;14;3;78;45;38;17;14;1;3;2;6;88;45;27;18;13;7;13;29;995;65;575;6;6;6;NA;NA;3;3;3;NA;NA;2008-01-14;2008;"2008-580:157";51;0;3,14201900487243;1,97763218697155;11;"Julien Benneteau";145;"Stan Wawrinka";1,97763218697155;3,14201900487243;-1,16438681790088;26;22,7;3,3;185;183;2;0,333333333333333;0,538461538461538;0,538461538461538;0,333333333333333;0,205128205128205;13;3;7;1;6;2;2;6;-4;0;0;1
"474418";"2008-580";"Australian Open";"Hard";"128";"Grand Slams";176;101;"Rafael Nadal";"L";185;"ESP";21,6;139;"Viktor Troicki";"R";193;"SRB";21,9;"7-6(3) 7-5 6-1";5;"R128";154;4;4;95;58;39;28;16;3;5;14;2;97;66;47;10;15;7;12;2;5780;126;357;7;7;6;NA;NA;6;5;1;NA;NA;2008-01-14;2008;"2008-580:176";52;1;7;1,02272007650008;101;"Rafael Nadal";139;"Viktor Troicki";7;1,02272007650008;5,97727992349992;21,6;21,9;-0,299999999999997;185;193;-8;0,6;0,583333333333333;0,6;0,583333333333333;0,0166666666666666;12;5;7;3;5;2;5;2;3;0;0;1
"474425";"2008-580";"Australian Open";"Hard";"128";"Grand Slams";183;22;"Marin Cilic";"R";198;"CRO";19,2;93;"Jurgen Melzer";"L";183;"AUT";26,6;"6-4 6-3 6-4";5;"R64";116;7;1;92;49;35;29;15;1;2;3;2;93;66;34;19;14;7;11;57;615;71;540;6;6;6;NA;NA;4;3;4;NA;NA;2008-01-14;2008;"2008-580:183";53;1;2,16710998583526;1,85025288049532;22;"Marin Cilic";93;"Jurgen Melzer";2,16710998583526;1,85025288049532;0,316857105339941;19,2;26,6;-7,4;198;183;15;0,5;0,636363636363636;0,5;0,636363636363636;-0,136363636363636;11;2;7;1;4;1;4;1;3;0;0;1
"474435";"2008-580";"Australian Open";"Hard";"128";"Grand Slams";193;51;"Richard Gasquet";"R";185;"FRA";21,5;84;"Feliciano Lopez";"L";188;"ESP";26,3;"6-2 6-1 6-3";5;"R64";88;8;1;59;41;32;16;12;0;0;3;5;86;55;28;14;12;5;11;8;1895;37;840;6;6;6;NA;NA;2;1;3;NA;NA;2008-01-14;2008;"2008-580:193";54;1;5;2,79054663437105;51;"Richard Gasquet";84;"Feliciano Lopez";5;2,79054663437105;2,20945336562895;21,5;26,3;-4,8;185;188;-3;1,5;0,454545454545455;1,5;0,454545454545455;1,04545454545455;11;0;5;0;6;0;6;0;6;0;0;1
"474439";"2008-580";"Australian Open";"Hard";"128";"Grand Slams";197;147;"Mikhail Youzhny";"R";183;"RUS";25,5;123;"Andreas Seppi";"R";190;"ITA";23,8;"4-6 7-5 6-3 7-6(4)";5;"R64";199;8;6;146;91;68;28;22;8;12;6;3;124;65;48;30;21;7;12;14;1670;48;659;4;7;6;7;NA;6;5;3;6;NA;2008-01-14;2008;"2008-580:197";55;0;4,1926450779424;2,41503749927884;123;"Andreas Seppi";147;"Mikhail Youzhny";2,41503749927884;4,1926450779424;-1,77760757866355;23,8;25,5;-1,7;190;183;7;0,666666666666667;0,583333333333333;0,583333333333333;0,666666666666667;-0,0833333333333333;12;12;7;8;5;4;4;5;-1;0;0;1
"474455";"2008-580";"Australian Open";"Hard";"128";"Grand Slams";213;35;"Novak Djokovic";"R";188;"SRB";20,6;114;"Sam Querrey";"R";198;"USA";20,2;"6-3 6-1 6-3";5;"R32";94;5;1;62;46;35;13;12;3;4;8;5;92;57;35;11;13;7;14;3;4315;62;588;6;6;6;NA;NA;3;1;3;NA;NA;2008-01-14;2008;"2008-580:213";56;1;6,41503749927884;2,04580368961313;35;"Novak Djokovic";114;"Sam Querrey";6,41503749927884;2,04580368961313;4,36923380966572;20,6;20,2;0,400000000000002;188;198;-10;0,75;0,5;0,75;0,5;0,25;14;4;7;3;7;1;7;1;6;0;0;1
"474463";"2008-580";"Australian Open";"Hard";"128";"Grand Slams";221;74;"Philipp Kohlschreiber";"R";178;"GER";24,2;118;"Andy Roddick";"R";188;"USA";25,3;"6-4 3-6 7-6(9) 6-7(3) 8-6";5;"R32";230;32;2;165;107;91;37;28;8;9;42;3;182;131;109;24;29;9;11;27;1075;6;2530;6;3;7;6;8;4;6;6;7;6;2008-01-14;2008;"2008-580:221";57;1;3,24511249783653;5,41503749927884;74;"Philipp Kohlschreiber";118;"Andy Roddick";3,24511249783653;5,41503749927884;-2,16992500144231;24,2;25,3;-1,1;178;188;-10;0,888888888888889;0,818181818181818;0,888888888888889;0,818181818181818;0,0707070707070706;11;9;9;8;2;1;2;1;1;0;0;1
"474466";"2008-580";"Australian Open";"Hard";"128";"Grand Slams";224;101;"Rafael Nadal";"L";185;"ESP";21,6;125;"Gilles Simon";"R";183;"FRA";23;"7-5 6-2 6-3";5;"R32";145;7;1;86;51;38;22;14;5;6;5;0;109;67;42;18;15;11;17;2;5780;33;955;7;6;6;NA;NA;5;2;3;NA;NA;2008-01-14;2008;"2008-580:224";58;1;7;2,95560588064155;101;"Rafael Nadal";125;"Gilles Simon";7;2,95560588064155;4,04439411935845;21,6;23;-1,4;185;183;2;0,833333333333333;0,647058823529412;0,833333333333333;0,647058823529412;0,186274509803922;17;6;11;5;6;1;6;1;5;0;0;1
"474469";"2008-580";"Australian Open";"Hard";"128";"Grand Slams";227;35;"Novak Djokovic";"R";188;"SRB";20,6;61;"Lleyton Hewitt";"R";180;"AUS";26,8;"7-5 6-3 6-3";5;"R16";146;13;6;104;62;45;19;15;4;7;6;4;90;48;28;18;15;5;12;3;4315;22;1385;7;6;6;NA;NA;5;3;3;NA;NA;2008-01-14;2008;"2008-580:227";59;1;6,41503749927884;3,5405683813627;35;"Novak Djokovic";61;"Lleyton Hewitt";6,41503749927884;3,5405683813627;2,87446911791614;20,6;26,8;-6,2;188;180;8;0,571428571428571;0,416666666666667;0,571428571428571;0,416666666666667;0,154761904761905;12;7;5;4;7;3;7;3;4;0;0;1
"474471";"2008-580";"Australian Open";"Hard";"128";"Grand Slams";229;141;"Jo-Wilfried Tsonga";"R";188;"FRA";22,7;51;"Richard Gasquet";"R";185;"FRA";21,5;"6-2 6-7(5) 7-6(6) 6-3";5;"R16";195;19;2;134;88;73;23;20;7;8;5;4;151;92;64;29;21;7;12;38;789;8;1895;6;6;7;6;NA;2;7;6;3;NA;2008-01-14;2008;"2008-580:229";60;0;2,75207248655641;5;51;"Richard Gasquet";141;"Jo-Wilfried Tsonga";5;2,75207248655641;2,24792751344359;21,5;22,7;-1,2;185;188;-3;0,875;0,583333333333333;0,583333333333333;0,875;-0,291666666666667;12;8;7;7;5;1;1;5;-4;0;0;1
"474473";"2008-580";"Australian Open";"Hard";"128";"Grand Slams";231;102;"Jarkko Nieminen";"L";185;"FIN";26,4;74;"Philipp Kohlschreiber";"R";178;"GER";24,2;"3-6 7-6(7) 7-6(9) 6-3";5;"R16";211;4;4;175;109;68;30;21;15;22;9;7;149;79;54;31;21;7;14;26;1075;27;1075;3;7;7;6;NA;6;6;6;3;NA;2008-01-14;2008;"2008-580:231";61;0;3,29956028185891;3,24511249783653;74;"Philipp Kohlschreiber";102;"Jarkko Nieminen";3,24511249783653;3,29956028185891;-0,0544477840223765;24,2;26,4;-2,2;178;185;-7;0,681818181818182;0,5;0,5;0,681818181818182;-0,181818181818182;14;22;7;15;7;7;7;7;0;0;0;1
"474476";"2008-580";"Australian Open";"Hard";"128";"Grand Slams";234;35;"Novak Djokovic";"R";188;"SRB";20,6;45;"David Ferrer";"R";175;"ESP";25,7;"6-0 6-3 7-5";5;"QF";132;7;3;93;58;44;18;14;8;9;4;4;91;52;29;17;13;8;14;3;4315;5;2615;6;6;7;NA;NA;0;3;5;NA;NA;2008-01-14;2008;"2008-580:234";62;1;6,41503749927884;5,67807190511264;35;"Novak Djokovic";45;"David Ferrer";6,41503749927884;5,67807190511264;0,736965594166206;20,6;25,7;-5,1;188;175;13;0,888888888888889;0,571428571428571;0,888888888888889;0,571428571428571;0,317460317460317;14;9;8;8;6;1;6;1;5;0;0;1
"474478";"2008-580";"Australian Open";"Hard";"128";"Grand Slams";236;101;"Rafael Nadal";"L";185;"ESP";21,6;102;"Jarkko Nieminen";"L";185;"FIN";26,4;"7-5 6-3 6-1";5;"QF";138;5;5;92;55;43;18;14;7;8;2;2;91;63;40;10;14;3;9;2;5780;26;1075;7;6;6;NA;NA;5;3;1;NA;NA;2008-01-14;2008;"2008-580:236";63;1;7;3,29956028185891;101;"Rafael Nadal";102;"Jarkko Nieminen";7;3,29956028185891;3,70043971814109;21,6;26,4;-4,8;185;185;0;0,875;0,333333333333333;0,875;0,333333333333333;0,541666666666667;9;8;3;7;6;1;6;1;5;0;0;1
"474479";"2008-580";"Australian Open";"Hard";"128";"Grand Slams";237;35;"Novak Djokovic";"R";188;"SRB";20,6;44;"Roger Federer";"R";185;"SUI";26,4;"7-5 6-3 7-6(5)";5;"SF";146;13;6;113;77;60;15;17;7;9;10;2;109;68;48;18;16;7;11;3;4315;1;7180;7;6;7;NA;NA;5;3;6;NA;NA;2008-01-14;2008;"2008-580:237";64;1;6,41503749927884;8;35;"Novak Djokovic";44;"Roger Federer";6,41503749927884;8;-1,58496250072116;20,6;26,4;-5,8;188;185;3;0,777777777777778;0,636363636363636;0,777777777777778;0,636363636363636;0,141414141414141;11;9;7;7;4;2;4;2;2;0;0;1
"474480";"2008-580";"Australian Open";"Hard";"128";"Grand Slams";238;141;"Jo-Wilfried Tsonga";"R";188;"FRA";22,7;101;"Rafael Nadal";"L";185;"ESP";21,6;"6-2 6-3 6-2";5;"SF";116;18;1;76;48;41;16;13;3;3;2;1;70;48;27;11;12;2;7;38;789;2;5780;6;6;6;NA;NA;2;3;2;NA;NA;2008-01-14;2008;"2008-580:238";65;0;2,75207248655641;7;101;"Rafael Nadal";141;"Jo-Wilfried Tsonga";7;2,75207248655641;4,24792751344359;21,6;22,7;-1,1;185;188;-3;1;0,285714285714286;0,285714285714286;1;-0,714285714285714;7;3;2;3;5;0;0;5;-5;0;0;1
"474481";"2008-580";"Australian Open";"Hard";"128";"Grand Slams";239;35;"Novak Djokovic";"R";188;"SRB";20,6;141;"Jo-Wilfried Tsonga";"R";188;"FRA";22,7;"4-6 6-4 6-3 7-6(2)";5;"F";185;11;2;122;68;53;34;20;3;5;15;2;136;97;69;18;21;8;12;3;4315;38;789;4;6;6;7;NA;6;4;3;6;NA;2008-01-14;2008;"2008-580:239";66;1;6,41503749927884;2,75207248655641;35;"Novak Djokovic";141;"Jo-Wilfried Tsonga";6,41503749927884;2,75207248655641;3,66296501272243;20,6;22,7;-2,1;188;188;0;0,6;0,666666666666667;0,6;0,666666666666667;-0,0666666666666667;12;5;8;3;4;2;4;2;2;0;0;1
"492799";"2008-560";"US Open";"Hard";"128";"Grand Slams";125;96;"Gael Monfils";"R";193;"FRA";21,9;25;"Pablo Cuevas";"R";180;"URU";22,6;"6-4 6-4 6-1";5;"R128";94;11;5;74;44;37;17;13;3;4;4;2;83;46;27;18;14;1;7;33;963;135;346;6;6;6;NA;NA;4;4;1;NA;NA;2008-08-25;2008;"2008-560:125";67;0;2,95560588064155;0,923184402949169;25;"Pablo Cuevas";96;"Gael Monfils";0,923184402949169;2,95560588064155;-2,03242147769238;22,6;21,9;0,700000000000003;180;193;-13;0,75;0,142857142857143;0,142857142857143;0,75;-0,607142857142857;7;4;1;3;6;1;1;6;-5;0;0;1
"492815";"2008-560";"US Open";"Hard";"128";"Grand Slams";141;93;"Jurgen Melzer";"L";183;"AUT";27,2;84;"Feliciano Lopez";"L";188;"ESP";26,9;"4-6 7-6(5) 6-2 2-6 6-4";5;"R128";185;9;5;150;91;63;32;24;7;12;15;9;140;78;59;31;24;4;9;48;814;29;1020;4;7;6;2;6;6;6;2;6;4;2008-08-25;2008;"2008-560:141";68;0;2,41503749927884;3,14201900487243;84;"Feliciano Lopez";93;"Jurgen Melzer";3,14201900487243;2,41503749927884;0,726981505593584;26,9;27,2;-0,300000000000001;188;183;5;0,583333333333333;0,444444444444444;0,444444444444444;0,583333333333333;-0,138888888888889;9;12;4;7;5;5;5;5;0;0;0;1
"492831";"2008-560";"US Open";"Hard";"128";"Grand Slams";157;22;"Marin Cilic";"R";198;"CRO";19,9;11;"Julien Benneteau";"R";185;"FRA";26,6;"4-6 7-5 6-3 6-7(7) 6-2";5;"R128";260;28;7;161;94;72;30;26;6;11;3;9;182;122;76;27;25;18;26;24;1145;57;710;4;7;6;6;6;6;5;3;7;2;2008-08-25;2008;"2008-560:157";69;0;3,41503749927884;2,16710998583526;11;"Julien Benneteau";22;"Marin Cilic";2,16710998583526;3,41503749927884;-1,24792751344359;26,6;19,9;6,7;185;198;-13;0,545454545454545;0,692307692307692;0,692307692307692;0,545454545454545;0,146853146853147;26;11;18;6;8;5;5;8;-3;0;0;1
"492868";"2008-560";"US Open";"Hard";"128";"Grand Slams";194;123;"Andreas Seppi";"R";190;"ITA";24,5;49;"Guillermo Garcia Lopez";"R";188;"ESP";25,2;"6-2 4-6 6-2 6-2";5;"R64";147;3;6;115;68;46;27;17;9;12;0;6;106;63;35;21;17;4;12;31;990;67;606;6;4;6;6;NA;2;6;2;2;NA;2008-08-25;2008;"2008-560:194";70;0;3,04580368961313;1,93391080954223;49;"Guillermo Garcia Lopez";123;"Andreas Seppi";1,93391080954223;3,04580368961313;-1,1118928800709;25,2;24,5;0,699999999999999;188;190;-2;0,75;0,333333333333333;0,333333333333333;0,75;-0,416666666666667;12;12;4;9;8;3;3;8;-5;0;0;1
"492883";"2008-560";"US Open";"Hard";"128";"Grand Slams";209;101;"Rafael Nadal";"L";185;"ESP";22,2;139;"Viktor Troicki";"R";193;"SRB";22,5;"6-4 6-3 6-0";5;"R32";115;5;3;75;49;34;17;13;2;3;11;2;74;51;33;5;12;4;10;1;6700;71;583;6;6;6;NA;NA;4;3;0;NA;NA;2008-08-25;2008;"2008-560:209";71;1;8;1,85025288049532;101;"Rafael Nadal";139;"Viktor Troicki";8;1,85025288049532;6,14974711950468;22,2;22,5;-0,300000000000001;185;193;-8;0,666666666666667;0,4;0,666666666666667;0,4;0,266666666666667;10;3;4;2;6;1;6;1;5;0;0;1
"492887";"2008-560";"US Open";"Hard";"128";"Grand Slams";213;103;"Kei Nishikori";"R";178;"JPN";18,6;45;"David Ferrer";"R";175;"ESP";26,3;"6-4 6-4 3-6 2-6 7-5";5;"R32";214;4;7;155;100;64;28;24;6;14;5;5;155;90;56;36;25;12;20;126;386;4;2865;6;6;3;2;7;4;4;6;6;5;2008-08-25;2008;"2008-560:213";72;0;1,02272007650008;6;45;"David Ferrer";103;"Kei Nishikori";6;1,02272007650008;4,97727992349992;26,3;18,6;7,7;175;178;-3;0,428571428571429;0,6;0,6;0,428571428571429;0,171428571428571;20;14;12;6;8;8;8;8;0;0;0;1
"492890";"2008-560";"US Open";"Hard";"128";"Grand Slams";216;100;"Andy Murray";"R";190;"GBR";21,2;93;"Jurgen Melzer";"L";183;"AUT";27,2;"6-7(5) 4-6 7-6(5) 6-1 6-3";5;"R32";231;18;2;145;79;65;40;25;7;9;15;9;206;124;83;37;25;14;19;6;2415;48;814;6;4;7;6;6;7;6;6;1;3;2008-08-25;2008;"2008-560:216";73;0;5,41503749927884;2,41503749927884;93;"Jurgen Melzer";100;"Andy Murray";2,41503749927884;5,41503749927884;-3;27,2;21,2;6;183;190;-7;0,777777777777778;0,736842105263158;0,736842105263158;0,777777777777778;-0,0409356725146199;19;9;14;7;5;2;2;5;-3;0;0;1
"492891";"2008-560";"US Open";"Hard";"128";"Grand Slams";217;118;"Andy Roddick";"R";188;"USA";25,9;123;"Andreas Seppi";"R";190;"ITA";24,5;"6-2 7-5 7-6(4)";5;"R32";123;19;5;89;66;56;12;16;1;2;3;3;105;75;50;15;16;5;9;8;1845;31;990;6;7;7;NA;NA;2;5;6;NA;NA;2008-08-25;2008;"2008-560:217";74;1;5;3,04580368961313;118;"Andy Roddick";123;"Andreas Seppi";5;3,04580368961313;1,95419631038687;25,9;24,5;1,4;188;190;-2;0,5;0,555555555555556;0,5;0,555555555555556;-0,0555555555555556;9;2;5;1;4;1;4;1;3;0;0;1
"492894";"2008-560";"US Open";"Hard";"128";"Grand Slams";220;35;"Novak Djokovic";"R";188;"SRB";21,2;22;"Marin Cilic";"R";198;"CRO";19,9;"6-7(7) 7-5 6-4 7-6(0)";5;"R32";232;8;3;149;104;74;26;23;6;10;20;12;161;81;65;32;23;7;13;3;5105;24;1145;6;7;6;7;NA;7;5;4;6;NA;2008-08-25;2008;"2008-560:220";75;0;6,41503749927884;3,41503749927884;22;"Marin Cilic";35;"Novak Djokovic";3,41503749927884;6,41503749927884;-3;19,9;21,2;-1,3;198;188;10;0,6;0,538461538461538;0,538461538461538;0,6;-0,0615384615384615;13;10;7;6;6;4;4;6;-2;0;0;1
"492899";"2008-560";"US Open";"Hard";"128";"Grand Slams";225;101;"Rafael Nadal";"L";185;"ESP";22,2;114;"Sam Querrey";"R";198;"USA";20,8;"6-2 5-7 7-6(2) 6-3";5;"R16";192;5;6;134;89;64;22;21;12;16;20;8;124;72;55;20;20;6;12;1;6700;55;716;6;5;7;6;NA;2;7;6;3;NA;2008-08-25;2008;"2008-560:225";76;1;8;2,21864028647534;101;"Rafael Nadal";114;"Sam Querrey";8;2,21864028647534;5,78135971352466;22,2;20,8;1,4;185;198;-13;0,75;0,5;0,75;0,5;0,25;12;16;6;12;6;4;6;4;2;0;0;1
"492901";"2008-560";"US Open";"Hard";"128";"Grand Slams";227;31;"Juan Martin del Potro";"R";198;"ARG";19,9;103;"Kei Nishikori";"R";178;"JPN";18,6;"6-3 6-4 6-3";5;"R16";128;6;3;81;47;33;19;14;2;5;3;2;93;52;28;21;14;3;10;17;1343;126;386;6;6;6;NA;NA;3;4;3;NA;NA;2008-08-25;2008;"2008-560:227";77;1;3,91253715874966;1,02272007650008;31;"Juan Martin del Potro";103;"Kei Nishikori";3,91253715874966;1,02272007650008;2,88981708224958;19,9;18,6;1,3;198;178;20;0,4;0,3;0,4;0,3;0,1;10;5;3;2;7;3;7;3;4;0;0;1
"492902";"2008-560";"US Open";"Hard";"128";"Grand Slams";228;100;"Andy Murray";"R";190;"GBR";21,2;145;"Stan Wawrinka";"R";183;"SUI";23,4;"6-1 6-3 6-3";5;"R16";109;9;2;78;43;35;18;12;3;3;3;0;86;53;34;11;13;7;13;6;2415;10;1670;6;6;6;NA;NA;1;3;3;NA;NA;2008-08-25;2008;"2008-560:228";78;1;5,41503749927884;4,67807190511264;100;"Andy Murray";145;"Stan Wawrinka";5,41503749927884;4,67807190511264;0,736965594166206;21,2;23,4;-2,2;190;183;7;1;0,538461538461538;1;0,538461538461538;0,461538461538462;13;3;7;3;6;0;6;0;6;0;0;1
"492904";"2008-560";"US Open";"Hard";"128";"Grand Slams";230;35;"Novak Djokovic";"R";188;"SRB";21,2;117;"Tommy Robredo";"R";180;"ESP";26,3;"4-6 6-2 6-3 5-7 6-3";5;"R16";223;11;4;140;91;68;26;24;2;5;8;5;153;102;67;26;24;7;13;3;5105;15;1360;4;6;6;5;6;6;2;3;7;3;2008-08-25;2008;"2008-560:230";79;1;6,41503749927884;4,09310940439148;35;"Novak Djokovic";117;"Tommy Robredo";6,41503749927884;4,09310940439148;2,32192809488736;21,2;26,3;-5,1;188;180;8;0,4;0,538461538461538;0,4;0,538461538461538;-0,138461538461538;13;5;7;2;6;3;6;3;3;0;0;1
"492908";"2008-560";"US Open";"Hard";"128";"Grand Slams";234;100;"Andy Murray";"R";190;"GBR";21,2;31;"Juan Martin del Potro";"R";198;"ARG";19,9;"7-6(2) 7-6(1) 4-6 7-5";5;"QF";237;9;8;144;81;58;29;23;11;18;3;5;159;99;60;32;23;8;15;6;2415;17;1343;7;7;4;7;NA;6;6;6;5;NA;2008-08-25;2008;"2008-560:234";80;0;5,41503749927884;3,91253715874966;31;"Juan Martin del Potro";100;"Andy Murray";3,91253715874966;5,41503749927884;-1,50250034052918;19,9;21,2;-1,3;198;190;8;0,611111111111111;0,533333333333333;0,533333333333333;0,611111111111111;-0,0777777777777778;15;18;8;11;7;7;7;7;0;0;0;1
"492909";"2008-560";"US Open";"Hard";"128";"Grand Slams";235;35;"Novak Djokovic";"R";188;"SRB";21,2;118;"Andy Roddick";"R";188;"USA";25,9;"6-2 6-3 3-6 7-6(5)";5;"QF";154;15;2;108;70;50;27;19;7;10;14;7;116;80;56;17;19;0;5;3;5105;8;1845;6;6;3;7;NA;2;3;6;6;NA;2008-08-25;2008;"2008-560:235";81;1;6,41503749927884;5;35;"Novak Djokovic";118;"Andy Roddick";6,41503749927884;5;1,41503749927884;21,2;25,9;-4,7;188;188;0;0,7;0;0,7;0;0,7;5;10;0;7;5;3;5;3;2;0;0;1
"492911";"2008-560";"US Open";"Hard";"128";"Grand Slams";237;100;"Andy Murray";"R";190;"GBR";21,2;101;"Rafael Nadal";"L";185;"ESP";22,2;"6-2 7-6(5) 4-6 6-4";5;"SF";211;21;3;108;70;55;24;20;1;3;7;2;167;120;71;26;20;16;20;6;2415;1;6700;6;7;4;6;NA;2;6;6;4;NA;2008-08-25;2008;"2008-560:237";82;1;5,41503749927884;8;100;"Andy Murray";101;"Rafael Nadal";5,41503749927884;8;-2,58496250072116;21,2;22,2;-1;190;185;5;0,333333333333333;0,8;0,333333333333333;0,8;-0,466666666666667;20;3;16;1;4;2;4;2;2;0;0;1
"492912";"2008-560";"US Open";"Hard";"128";"Grand Slams";238;44;"Roger Federer";"R";185;"SUI";27;35;"Novak Djokovic";"R";188;"SRB";21,2;"6-3 5-7 7-5 6-2";5;"SF";164;20;1;125;80;61;27;21;2;4;6;5;124;80;57;20;20;7;12;2;5930;3;5105;6;5;7;6;NA;3;7;5;2;NA;2008-08-25;2008;"2008-560:238";83;0;7;6,41503749927884;35;"Novak Djokovic";44;"Roger Federer";6,41503749927884;7;-0,584962500721156;21,2;27;-5,8;188;185;3;0,5;0,583333333333333;0,583333333333333;0,5;0,0833333333333334;12;4;7;2;5;2;2;5;-3;0;0;1
"492913";"2008-560";"US Open";"Hard";"128";"Grand Slams";239;44;"Roger Federer";"R";185;"SUI";27;100;"Andy Murray";"R";190;"GBR";21,2;"6-2 7-5 6-2";5;"F";111;3;0;81;47;37;16;14;3;5;3;3;81;45;23;17;14;3;10;2;5930;6;2415;6;7;6;NA;NA;2;5;2;NA;NA;2008-08-25;2008;"2008-560:239";84;1;7;5,41503749927884;44;"Roger Federer";100;"Andy Murray";7;5,41503749927884;1,58496250072116;27;21,2;5,8;185;190;-5;0,6;0,3;0,6;0,3;0,3;10;5;3;3;7;2;7;2;5;0;0;1
"501395";"2009-580";"Australian Open";"Hard";"128";"Grand Slams";128;125;"Gilles Simon";"R";183;"FRA";24;5;"Pablo Andujar";"R";180;"ESP";22,9;"6-4 6-1 6-1";5;"R128";114;8;3;95;46;30;27;12;7;9;1;5;95;55;27;17;12;9;17;8;3960;98;942;6;6;6;NA;NA;4;1;1;NA;NA;2009-01-19;2009;"2009-580:128";85;0;5;1,38529015588479;5;"Pablo Andujar";125;"Gilles Simon";1,38529015588479;5;-3,61470984411521;22,9;24;-1,1;180;183;-3;0,777777777777778;0,529411764705882;0,529411764705882;0,777777777777778;-0,248366013071895;17;9;9;7;8;2;2;8;-6;0;0;1
"501399";"2009-580";"Australian Open";"Hard";"128";"Grand Slams";132;93;"Jurgen Melzer";"L";183;"AUT";27,6;103;"Kei Nishikori";"R";178;"JPN";19;"7-5 6-2 6-1";5;"R128";102;6;2;78;47;39;16;14;5;7;3;6;93;53;27;18;13;4;11;32;1868;59;1325;7;6;6;NA;NA;5;2;1;NA;NA;2009-01-19;2009;"2009-580:132";86;1;3;2,11735695063816;93;"Jurgen Melzer";103;"Kei Nishikori";3;2,11735695063816;0,882643049361842;27,6;19;8,6;183;178;5;0,714285714285714;0,363636363636364;0,714285714285714;0,363636363636364;0,350649350649351;11;7;4;5;7;2;7;2;5;0;0;1
"501403";"2009-580";"Australian Open";"Hard";"128";"Grand Slams";136;143;"Fernando Verdasco";"L";188;"ESP";25,1;87;"Adrian Mannarino";"L";183;"FRA";20,5;"6-0 6-2 6-2";5;"R128";87;7;4;69;50;40;10;11;2;2;2;4;62;27;15;11;11;5;12;15;2830;129;726;6;6;6;NA;NA;0;2;2;NA;NA;2009-01-19;2009;"2009-580:136";87;0;4,09310940439148;0,988772744576746;87;"Adrian Mannarino";143;"Fernando Verdasco";0,988772744576746;4,09310940439148;-3,10433665981474;20,5;25,1;-4,6;183;188;-5;1;0,416666666666667;0,416666666666667;1;-0,583333333333333;12;2;5;2;7;0;0;7;-7;0;0;1
"501415";"2009-580";"Australian Open";"Hard";"128";"Grand Slams";148;74;"Philipp Kohlschreiber";"R";178;"GER";25,2;114;"Sam Querrey";"R";198;"USA";21,2;"7-6(6) 6-3 6-2";5;"R128";113;8;5;103;66;51;20;15;3;3;9;1;82;45;33;23;14;2;5;34;1855;33;1860;7;6;6;NA;NA;6;3;2;NA;NA;2009-01-19;2009;"2009-580:148";88;1;2,91253715874966;2,95560588064155;74;"Philipp Kohlschreiber";114;"Sam Querrey";2,91253715874966;2,95560588064155;-0,0430687218918857;25,2;21,2;4;178;198;-20;1;0,4;1;0,4;0,6;5;3;2;3;3;0;3;0;3;0;0;1
"501431";"2009-580";"Australian Open";"Hard";"128";"Grand Slams";164;99;"Gilles Muller";"L";193;"LUX";25,7;84;"Feliciano Lopez";"L";188;"ESP";27,3;"6-3 7-6(5) 4-6 4-6 16-14";5;"R128";262;0;0;194;194;148;0;36;4;6;0;0;196;196;145;0;35;4;6;87;988;28;2010;6;7;4;4;16;3;6;6;6;14;2009-01-19;2009;"2009-580:164";89;0;1,55705650415127;3,1926450779424;84;"Feliciano Lopez";99;"Gilles Muller";3,1926450779424;1,55705650415127;1,63558857379112;27,3;25,7;1,6;188;193;-5;0,666666666666667;0,666666666666667;0,666666666666667;0,666666666666667;0;6;6;4;4;2;2;2;2;0;0;0;1
"501432";"2009-580";"Australian Open";"Hard";"128";"Grand Slams";165;22;"Marin Cilic";"R";198;"CRO";20,3;4;"Kevin Anderson";"R";203;"RSA";22,6;"6-3 6-2 6-7(4) 6-3";5;"R128";307;16;8;125;64;56;29;20;7;9;8;7;117;70;47;21;18;8;14;20;2450;108;904;6;6;6;6;NA;3;2;7;3;NA;2009-01-19;2009;"2009-580:165";90;0;3,67807190511264;1,24511249783653;4;"Kevin Anderson";22;"Marin Cilic";1,24511249783653;3,67807190511264;-2,43295940727611;22,6;20,3;2,3;203;198;5;0,777777777777778;0,571428571428571;0,571428571428571;0,777777777777778;-0,206349206349206;14;9;8;7;6;2;2;6;-4;0;0;1
"501443";"2009-580";"Australian Open";"Hard";"128";"Grand Slams";176;44;"Roger Federer";"R";185;"SUI";27,4;123;"Andreas Seppi";"R";190;"ITA";24,9;"6-1 7-6(4) 7-5";5;"R128";280;9;5;115;76;56;23;16;10;10;1;6;109;70;48;18;15;7;10;2;10700;35;1820;6;7;7;NA;NA;1;6;5;NA;NA;2009-01-19;2009;"2009-580:176";91;1;7;2,87071698305503;44;"Roger Federer";123;"Andreas Seppi";7;2,87071698305503;4,12928301694497;27,4;24,9;2,5;185;190;-5;1;0,7;1;0,7;0,3;10;10;7;10;3;0;3;0;3;0;0;1
"501446";"2009-580";"Australian Open";"Hard";"128";"Grand Slams";179;51;"Richard Gasquet";"R";185;"FRA";22,5;65;"Denis Istomin";"R";188;"UZB";22,3;"6-3 6-4 6-4";5;"R64";120;7;4;87;46;36;26;15;4;6;5;2;95;56;37;14;14;11;16;25;2330;105;910;6;6;6;NA;NA;3;4;4;NA;NA;2009-01-19;2009;"2009-580:179";92;1;3,35614381022528;1,28575448233388;51;"Richard Gasquet";65;"Denis Istomin";3,35614381022528;1,28575448233388;2,0703893278914;22,5;22,3;0,199999999999999;185;188;-3;0,666666666666667;0,6875;0,666666666666667;0,6875;-0,0208333333333334;16;6;11;4;5;2;5;2;3;0;0;1
"501449";"2009-580";"Australian Open";"Hard";"128";"Grand Slams";182;3;"Nicolas Almagro";"R";183;"ESP";23,4;46;"Fabio Fognini";"R";178;"ITA";21,6;"6-2 7-5 6-0";5;"R64";103;8;4;80;44;35;18;13;1;3;3;5;73;38;23;10;13;2;10;18;2540;88;986;6;7;6;NA;NA;2;5;0;NA;NA;2009-01-19;2009;"2009-580:182";93;1;3,83007499855769;1,5405683813627;3;"Nicolas Almagro";46;"Fabio Fognini";3,83007499855769;1,5405683813627;2,28950661719499;23,4;21,6;1,8;183;178;5;0,333333333333333;0,2;0,333333333333333;0,2;0,133333333333333;10;3;2;1;8;2;8;2;6;0;0;1
"501452";"2009-580";"Australian Open";"Hard";"128";"Grand Slams";185;100;"Andy Murray";"R";190;"GBR";21,6;56;"Marcel Granollers";"R";190;"ESP";22,7;"6-4 6-2 6-2";5;"R64";109;4;1;79;45;33;22;13;1;2;2;1;93;48;27;21;13;10;16;4;7190;51;1444;6;6;6;NA;NA;4;2;2;NA;NA;2009-01-19;2009;"2009-580:185";94;0;6;2,3275746580285;56;"Marcel Granollers";100;"Andy Murray";2,3275746580285;6;-3,6724253419715;22,7;21,6;1,1;190;190;0;0,5;0,625;0,625;0,5;0,125;16;2;10;1;6;1;1;6;-5;0;0;1
"501467";"2009-580";"Australian Open";"Hard";"128";"Grand Slams";200;35;"Novak Djokovic";"R";188;"SRB";21,6;20;"Jeremy Chardy";"R";188;"FRA";21,9;"7-5 6-1 6-3";5;"R64";102;7;1;75;54;41;14;14;1;2;3;0;75;52;30;11;14;0;6;3;10650;68;1163;7;6;6;NA;NA;5;1;3;NA;NA;2009-01-19;2009;"2009-580:200";95;0;6,41503749927884;1,91253715874966;20;"Jeremy Chardy";35;"Novak Djokovic";1,91253715874966;6,41503749927884;-4,50250034052918;21,9;21,6;0,299999999999997;188;188;0;0,5;0;0;0,5;-0,5;6;2;0;1;6;1;1;6;-5;0;0;1
"501470";"2009-580";"Australian Open";"Hard";"128";"Grand Slams";203;22;"Marin Cilic";"R";198;"CRO";20,3;137;"Janko Tipsarevic";"R";180;"SRB";24,5;"6-2 6-3 4-6 6-3";5;"R64";195;4;0;11;10;8;0;2;0;0;0;0;19;8;4;7;2;3;4;20;2450;46;1500;6;6;4;6;NA;2;3;6;3;NA;2009-01-19;2009;"2009-580:203";96;1;3,67807190511264;2,47643804394299;22;"Marin Cilic";137;"Janko Tipsarevic";3,67807190511264;2,47643804394299;1,20163386116965;20,3;24,5;-4,2;198;180;18;1,5;0,75;1,5;0,75;0,75;4;0;3;0;1;0;1;0;1;0;0;1
"501478";"2009-580";"Australian Open";"Hard";"128";"Grand Slams";211;96;"Gael Monfils";"R";193;"FRA";22,3;3;"Nicolas Almagro";"R";183;"ESP";23,4;"6-4 6-3 7-5";5;"R32";129;12;0;101;67;51;16;15;4;5;10;2;96;67;43;14;16;5;10;13;3010;18;2540;6;6;7;NA;NA;4;3;5;NA;NA;2009-01-19;2009;"2009-580:211";97;0;4,29956028185891;3,83007499855769;3;"Nicolas Almagro";96;"Gael Monfils";3,83007499855769;4,29956028185891;-0,46948528330122;23,4;22,3;1,1;183;193;-10;0,8;0,5;0,5;0,8;-0,3;10;5;5;4;5;1;1;5;-4;0;0;1
"501480";"2009-580";"Australian Open";"Hard";"128";"Grand Slams";213;100;"Andy Murray";"R";190;"GBR";21,6;93;"Jurgen Melzer";"L";183;"AUT";27,6;"7-5 6-0 6-3";5;"R32";99;8;0;82;49;38;17;14;6;8;2;1;79;55;32;6;13;7;14;4;7190;32;1868;7;6;6;NA;NA;5;0;3;NA;NA;2009-01-19;2009;"2009-580:213";98;0;6;3;93;"Jurgen Melzer";100;"Andy Murray";3;6;-3;27,6;21,6;6;183;190;-7;0,75;0,5;0,5;0,75;-0,25;14;8;7;6;7;2;2;7;-5;0;0;1
"501489";"2009-580";"Australian Open";"Hard";"128";"Grand Slams";222;22;"Marin Cilic";"R";198;"CRO";20,3;45;"David Ferrer";"R";175;"ESP";26,8;"7-6(5) 6-3 6-4";5;"R32";134;7;0;107;64;44;25;16;2;4;0;3;89;61;35;20;15;5;9;20;2450;12;3390;7;6;6;NA;NA;6;3;4;NA;NA;2009-01-19;2009;"2009-580:222";99;1;3,67807190511264;4,41503749927884;22;"Marin Cilic";45;"David Ferrer";3,67807190511264;4,41503749927884;-0,736965594166207;20,3;26,8;-6,5;198;175;23;0,5;0,555555555555556;0,5;0,555555555555556;-0,0555555555555556;9;4;5;2;4;2;4;2;2;0;0;1
"501490";"2009-580";"Australian Open";"Hard";"128";"Grand Slams";223;13;"Tomas Berdych";"R";196;"CZE";23,3;145;"Stan Wawrinka";"R";183;"SUI";23,8;"4-6 6-1 6-3 6-4";5;"R32";195;10;3;122;77;59;20;18;6;7;9;2;133;68;45;31;18;15;20;21;2400;16;2670;4;6;6;6;NA;6;1;3;4;NA;2009-01-19;2009;"2009-580:223";100;1;3,60768257722124;4;13;"Tomas Berdych";145;"Stan Wawrinka";3,60768257722124;4;-0,392317422778761;23,3;23,8;-0,5;196;183;13;0,857142857142857;0,75;0,857142857142857;0,75;0,107142857142857;20;7;15;6;5;1;5;1;4;0;0;1
"501494";"2009-580";"Australian Open";"Hard";"128";"Grand Slams";227;143;"Fernando Verdasco";"L";188;"ESP";25,1;100;"Andy Murray";"R";190;"GBR";21,6;"2-6 6-1 1-6 6-3 6-4";5;"R16";189;10;6;135;100;69;12;21;8;13;7;3;140;85;54;30;20;12;17;15;2830;4;7190;2;6;1;6;6;6;1;6;3;4;2009-01-19;2009;"2009-580:227";101;0;4,09310940439148;6;100;"Andy Murray";143;"Fernando Verdasco";6;4,09310940439148;1,90689059560852;21,6;25,1;-3,5;190;188;2;0,615384615384615;0,705882352941177;0,705882352941177;0,615384615384615;0,0904977375565611;17;13;12;8;5;5;5;5;0;0;0;1
"501497";"2009-580";"Australian Open";"Hard";"128";"Grand Slams";230;35;"Novak Djokovic";"R";188;"SRB";21,6;7;"Marcos Baghdatis";"R";183;"CYP";23,5;"6-1 7-6(1) 6-7(5) 6-2";5;"R16";193;3;3;129;81;60;27;20;4;5;12;2;136;74;48;28;19;12;17;3;10650;97;950;6;7;6;6;NA;1;6;7;2;NA;2009-01-19;2009;"2009-580:230";102;0;6,41503749927884;1,40008715781287;7;"Marcos Baghdatis";35;"Novak Djokovic";1,40008715781287;6,41503749927884;-5,01495034146597;23,5;21,6;1,9;183;188;-5;0,8;0,705882352941177;0,705882352941177;0,8;-0,0941176470588235;17;5;12;4;5;1;1;5;-4;0;0;1
"501498";"2009-580";"Australian Open";"Hard";"128";"Grand Slams";231;31;"Juan Martin del Potro";"R";198;"ARG";20,3;22;"Marin Cilic";"R";198;"CRO";20,3;"5-7 6-4 6-4 6-2";5;"R16";182;8;3;138;92;64;25;20;7;10;10;1;113;56;40;30;20;4;10;6;4060;20;2450;5;6;6;6;NA;7;4;4;2;NA;2009-01-19;2009;"2009-580:231";103;0;5,41503749927884;3,67807190511264;22;"Marin Cilic";31;"Juan Martin del Potro";3,67807190511264;5,41503749927884;-1,73696559416621;20,3;20,3;0;198;198;0;0,7;0,4;0,4;0,7;-0,3;10;10;4;7;6;3;3;6;-3;0;0;1
"501500";"2009-580";"Australian Open";"Hard";"128";"Grand Slams";233;101;"Rafael Nadal";"L";185;"ESP";22,6;125;"Gilles Simon";"R";183;"FRA";24;"6-2 7-5 7-5";5;"QF";146;5;2;94;63;46;18;16;4;7;4;4;94;52;37;16;16;5;12;1;13160;8;3960;6;7;7;NA;NA;2;5;5;NA;NA;2009-01-19;2009;"2009-580:233";104;1;8;5;101;"Rafael Nadal";125;"Gilles Simon";8;5;3;22,6;24;-1,4;185;183;2;0,571428571428571;0,416666666666667;0,571428571428571;0,416666666666667;0,154761904761905;12;7;5;4;7;3;7;3;4;0;0;1
"501504";"2009-580";"Australian Open";"Hard";"128";"Grand Slams";237;101;"Rafael Nadal";"L";185;"ESP";22,6;143;"Fernando Verdasco";"L";188;"ESP";25,1;"6-7(4) 6-4 7-6(2) 6-7(1) 6-4";5;"SF";310;12;3;173;128;92;28;28;2;4;21;4;212;148;104;35;28;16;20;1;13160;15;2830;6;6;7;6;6;7;4;6;7;4;2009-01-19;2009;"2009-580:237";105;1;8;4,09310940439148;101;"Rafael Nadal";143;"Fernando Verdasco";8;4,09310940439148;3,90689059560852;22,6;25,1;-2,5;185;188;-3;0,5;0,8;0,5;0,8;-0,3;20;4;16;2;4;2;4;2;2;0;0;1
"501506";"2009-580";"Australian Open";"Hard";"128";"Grand Slams";239;101;"Rafael Nadal";"L";185;"ESP";22,6;44;"Roger Federer";"R";185;"SUI";27,4;"7-5 3-6 7-6(3) 3-6 6-2";5;"F";259;4;4;175;112;74;30;24;13;19;11;6;172;89;65;38;26;9;16;1;13160;2;10700;7;3;7;3;6;5;6;6;6;2;2009-01-19;2009;"2009-580:239";106;0;8;7;44;"Roger Federer";101;"Rafael Nadal";7;8;-1;27,4;22,6;4,8;185;185;0;0,68421052631579;0,5625;0,5625;0,68421052631579;-0,121710526315789;16;19;9;13;7;6;6;7;-1;0;0;1
"518731";"2009-560";"US Open";"Hard";"128";"Grand Slams";133;74;"Philipp Kohlschreiber";"R";178;"GER";25,8;123;"Andreas Seppi";"R";190;"ITA";25,5;"6-0 6-4 6-4";5;"R128";118;5;2;90;52;36;24;13;8;9;5;3;81;40;26;18;13;7;12;24;1510;49;990;6;6;6;NA;NA;0;4;4;NA;NA;2009-08-31;2009;"2009-560:133";107;1;3,41503749927884;2,38529015588479;74;"Philipp Kohlschreiber";123;"Andreas Seppi";3,41503749927884;2,38529015588479;1,02974734339405;25,8;25,5;0,300000000000001;178;190;-12;0,888888888888889;0,583333333333333;0,888888888888889;0,583333333333333;0,305555555555555;12;9;7;8;5;1;5;1;4;0;0;1
"518744";"2009-560";"US Open";"Hard";"128";"Grand Slams";146;102;"Jarkko Nieminen";"L";185;"FIN";28,1;46;"Fabio Fognini";"R";178;"ITA";22,2;"7-5 7-6(6) 6-4";5;"R128";141;4;4;114;70;47;23;17;5;9;4;5;112;54;34;29;17;8;14;54;924;73;785;7;7;6;NA;NA;5;6;4;NA;NA;2009-08-31;2009;"2009-560:146";108;0;2,24511249783653;1,81017544111998;46;"Fabio Fognini";102;"Jarkko Nieminen";1,81017544111998;2,24511249783653;-0,434937056716549;22,2;28,1;-5,9;178;185;-7;0,555555555555556;0,571428571428571;0,571428571428571;0,555555555555556;0,0158730158730158;14;9;8;5;6;4;4;6;-2;0;0;1
"518751";"2009-560";"US Open";"Hard";"128";"Grand Slams";153;96;"Gael Monfils";"R";193;"FRA";22,9;20;"Jeremy Chardy";"R";188;"FRA";22,5;"6-1 6-4 6-3";5;"R128";95;12;0;76;44;36;16;13;3;4;5;8;80;47;32;11;13;4;10;13;2475;34;1267;6;6;6;NA;NA;1;4;3;NA;NA;2009-08-31;2009;"2009-560:153";109;0;4,29956028185891;2,91253715874966;20;"Jeremy Chardy";96;"Gael Monfils";2,91253715874966;4,29956028185891;-1,38702312310925;22,5;22,9;-0,399999999999999;188;193;-5;0,75;0,4;0,4;0,75;-0,35;10;4;4;3;6;1;1;6;-5;0;0;1
"518758";"2009-560";"US Open";"Hard";"128";"Grand Slams";160;101;"Rafael Nadal";"L";185;"ESP";23,2;51;"Richard Gasquet";"R";185;"FRA";23,2;"6-2 6-2 6-3";5;"R128";101;7;0;62;35;33;19;13;0;0;4;4;75;49;29;12;12;5;10;3;9025;46;1045;6;6;6;NA;NA;2;2;3;NA;NA;2009-08-31;2009;"2009-560:160";110;0;6,41503749927884;2,47643804394299;51;"Richard Gasquet";101;"Rafael Nadal";2,47643804394299;6,41503749927884;-3,93859945533586;23,2;23,2;0;185;185;0;1,5;0,5;0,5;1,5;-1;10;0;5;0;5;0;0;5;-5;0;0;1
"518812";"2009-560";"US Open";"Hard";"128";"Grand Slams";214;132;"Radek Stepanek";"R";185;"CZE";30,7;74;"Philipp Kohlschreiber";"R";178;"GER";25,8;"4-6 6-2 6-3 6-3";5;"R32";155;13;4;109;60;48;27;18;7;9;10;3;112;69;45;18;18;8;14;16;2000;24;1510;4;6;6;6;NA;6;2;3;3;NA;2009-08-31;2009;"2009-560:214";111;0;4;3,41503749927884;74;"Philipp Kohlschreiber";132;"Radek Stepanek";3,41503749927884;4;-0,584962500721156;25,8;30,7;-4,9;178;185;-7;0,777777777777778;0,571428571428571;0,571428571428571;0,777777777777778;-0,206349206349206;14;9;8;7;6;2;2;6;-4;0;0;1
"518814";"2009-560";"US Open";"Hard";"128";"Grand Slams";216;64;"John Isner";"R";206;"USA";24,3;118;"Andy Roddick";"R";188;"USA";27;"7-6(3) 6-3 3-6 5-7 7-6(5)";5;"R32";231;38;7;163;106;85;34;27;7;9;20;2;154;102;85;33;27;6;7;55;914;5;5720;7;6;3;5;7;6;3;6;7;6;2009-08-31;2009;"2009-560:216";112;1;2,21864028647534;5,67807190511264;64;"John Isner";118;"Andy Roddick";2,21864028647534;5,67807190511264;-3,4594316186373;24,3;27;-2,7;206;188;18;0,777777777777778;0,857142857142857;0,777777777777778;0,857142857142857;-0,0793650793650793;7;9;6;7;1;2;1;2;-1;0;0;1
"518818";"2009-560";"US Open";"Hard";"128";"Grand Slams";220;101;"Rafael Nadal";"L";185;"ESP";23,2;3;"Nicolas Almagro";"R";183;"ESP";24;"7-5 6-4 6-4";5;"R32";159;2;3;101;63;39;21;16;8;13;5;9;102;52;31;18;16;5;12;3;9025;33;1285;7;6;6;NA;NA;5;4;4;NA;NA;2009-08-31;2009;"2009-560:220";113;0;6,41503749927884;2,95560588064155;3;"Nicolas Almagro";101;"Rafael Nadal";2,95560588064155;6,41503749927884;-3,4594316186373;24;23,2;0,800000000000001;183;185;-2;0,615384615384615;0,416666666666667;0,416666666666667;0,615384615384615;-0,198717948717949;12;13;5;8;7;5;5;7;-2;0;0;1
"518821";"2009-560";"US Open";"Hard";"128";"Grand Slams";223;22;"Marin Cilic";"R";198;"CRO";20,9;65;"Denis Istomin";"R";188;"UZB";22,9;"6-1 6-4 6-3";5;"R32";113;2;2;79;38;31;27;13;3;3;1;3;85;59;34;12;13;3;8;17;1985;108;587;6;6;6;NA;NA;1;4;3;NA;NA;2009-08-31;2009;"2009-560:223";114;1;3,91253715874966;1,24511249783653;22;"Marin Cilic";65;"Denis Istomin";3,91253715874966;1,24511249783653;2,66742466091313;20,9;22,9;-2;198;188;10;1;0,375;1;0,375;0,625;8;3;3;3;5;0;5;0;5;0;0;1
"518825";"2009-560";"US Open";"Hard";"128";"Grand Slams";227;35;"Novak Djokovic";"R";188;"SRB";22,2;132;"Radek Stepanek";"R";185;"CZE";30,7;"6-1 6-3 6-3";5;"R16";106;5;3;74;46;35;16;13;2;3;4;1;80;49;26;14;12;7;13;4;7660;16;2000;6;6;6;NA;NA;1;3;3;NA;NA;2009-08-31;2009;"2009-560:227";115;1;6;4;35;"Novak Djokovic";132;"Radek Stepanek";6;4;2;22,2;30,7;-8,5;188;185;3;0,666666666666667;0,538461538461538;0,666666666666667;0,538461538461538;0,128205128205128;13;3;7;2;6;1;6;1;5;0;0;1
"518826";"2009-560";"US Open";"Hard";"128";"Grand Slams";228;143;"Fernando Verdasco";"L";188;"ESP";25,7;64;"John Isner";"R";206;"USA";24,3;"4-6 6-4 6-4 6-4";5;"R16";146;7;4;102;76;57;16;20;1;4;13;3;102;72;52;16;20;3;8;10;3220;55;914;4;6;6;6;NA;6;4;4;4;NA;2009-08-31;2009;"2009-560:228";116;0;4,67807190511264;2,21864028647534;64;"John Isner";143;"Fernando Verdasco";2,21864028647534;4,67807190511264;-2,4594316186373;24,3;25,7;-1,4;206;188;18;0,25;0,375;0,375;0,25;0,125;8;4;3;1;5;3;3;5;-2;0;0;1
"518828";"2009-560";"US Open";"Hard";"128";"Grand Slams";230;101;"Rafael Nadal";"L";185;"ESP";23,2;96;"Gael Monfils";"R";193;"FRA";22,9;"6-7(3) 6-3 6-1 6-3";5;"R16";165;0;0;110;81;59;18;19;3;6;11;4;108;66;46;15;18;6;14;3;9025;13;2475;6;6;6;6;NA;7;3;1;3;NA;2009-08-31;2009;"2009-560:230";117;0;6,41503749927884;4,29956028185891;96;"Gael Monfils";101;"Rafael Nadal";4,29956028185891;6,41503749927884;-2,11547721741994;22,9;23,2;-0,300000000000001;193;185;8;0,5;0,428571428571429;0,428571428571429;0,5;-0,0714285714285715;14;6;6;3;8;3;3;8;-5;0;0;1
"518830";"2009-560";"US Open";"Hard";"128";"Grand Slams";232;22;"Marin Cilic";"R";198;"CRO";20,9;100;"Andy Murray";"R";190;"GBR";22,2;"7-5 6-2 6-2";5;"R16";128;10;3;93;48;38;26;14;7;7;5;3;78;50;33;14;14;4;9;17;1985;2;9610;7;6;6;NA;NA;5;2;2;NA;NA;2009-08-31;2009;"2009-560:232";118;1;3,91253715874966;7;22;"Marin Cilic";100;"Andy Murray";3,91253715874966;7;-3,08746284125034;20,9;22,2;-1,3;198;190;8;1;0,444444444444444;1;0,444444444444444;0,555555555555556;9;7;4;7;5;0;5;0;5;0;0;1
"518832";"2009-560";"US Open";"Hard";"128";"Grand Slams";234;35;"Novak Djokovic";"R";188;"SRB";22,2;143;"Fernando Verdasco";"L";188;"ESP";25,7;"7-6(2) 1-6 7-5 6-2";5;"QF";185;9;4;138;93;66;23;20;10;14;5;8;122;68;47;26;19;8;12;4;7660;10;3220;7;1;7;6;NA;6;6;5;2;NA;2009-08-31;2009;"2009-560:234";119;1;6;4,67807190511264;35;"Novak Djokovic";143;"Fernando Verdasco";6;4,67807190511264;1,32192809488736;22,2;25,7;-3,5;188;188;0;0,714285714285714;0,666666666666667;0,714285714285714;0,666666666666667;0,0476190476190477;12;14;8;10;4;4;4;4;0;0;0;1
"518834";"2009-560";"US Open";"Hard";"128";"Grand Slams";236;31;"Juan Martin del Potro";"R";198;"ARG";20,9;22;"Marin Cilic";"R";198;"CRO";20,9;"4-6 6-3 6-2 6-1";5;"QF";153;6;4;94;62;50;14;17;4;7;7;2;105;62;40;17;17;0;8;6;5325;17;1985;4;6;6;6;NA;6;3;2;1;NA;2009-08-31;2009;"2009-560:236";120;0;5,41503749927884;3,91253715874966;22;"Marin Cilic";31;"Juan Martin del Potro";3,91253715874966;5,41503749927884;-1,50250034052918;20,9;20,9;0;198;198;0;0,571428571428571;0;0;0,571428571428571;-0,571428571428571;8;7;0;4;8;3;3;8;-5;0;0;1
"518835";"2009-560";"US Open";"Hard";"128";"Grand Slams";237;44;"Roger Federer";"R";185;"SUI";28;35;"Novak Djokovic";"R";188;"SRB";22,2;"7-6(3) 7-5 7-5";5;"SF";154;8;3;109;63;49;28;18;2;3;6;4;115;78;53;20;18;7;10;1;12040;4;7660;7;7;7;NA;NA;6;5;5;NA;NA;2009-08-31;2009;"2009-560:237";121;0;8;6;35;"Novak Djokovic";44;"Roger Federer";6;8;-2;22,2;28;-5,8;188;185;3;0,666666666666667;0,7;0,7;0,666666666666667;0,0333333333333333;10;3;7;2;3;1;1;3;-2;0;0;1
"518836";"2009-560";"US Open";"Hard";"128";"Grand Slams";238;31;"Juan Martin del Potro";"R";198;"ARG";20,9;101;"Rafael Nadal";"L";185;"ESP";23,2;"6-2 6-2 6-2";5;"SF";140;6;3;85;56;44;12;12;5;5;4;4;90;70;40;6;12;10;16;6;5325;3;9025;6;6;6;NA;NA;2;2;2;NA;NA;2009-08-31;2009;"2009-560:238";122;1;5,41503749927884;6,41503749927884;31;"Juan Martin del Potro";101;"Rafael Nadal";5,41503749927884;6,41503749927884;-1;20,9;23,2;-2,3;198;185;13;1;0,625;1;0,625;0,375;16;5;10;5;6;0;6;0;6;0;0;1
"526414";"2010-580";"Australian Open";"Hard";"128";"Grand Slams";133;147;"Mikhail Youzhny";"R";183;"RUS";27,5;51;"Richard Gasquet";"R";185;"FRA";23,5;"6-7(9) 4-6 7-6(2) 7-6(4) 6-4";5;"R128";293;12;8;188;111;79;40;28;10;16;8;9;179;105;81;30;28;4;10;20;1690;52;865;6;4;7;7;6;7;6;6;6;4;2010-01-18;2010;"2010-580:133";123;0;3,67807190511264;2,29956028185891;51;"Richard Gasquet";147;"Mikhail Youzhny";2,29956028185891;3,67807190511264;-1,37851162325373;23,5;27,5;-4;185;183;2;0,625;0,4;0,4;0,625;-0,225;10;16;4;10;6;6;6;6;0;0;0;1
"526428";"2010-580";"Australian Open";"Hard";"128";"Grand Slams";147;84;"Feliciano Lopez";"L";188;"ESP";28,3;25;"Pablo Cuevas";"R";180;"URU";24;"6-1 6-4 7-5";5;"R128";109;13;2;88;59;44;14;15;3;5;7;8;84;51;36;12;14;4;11;46;905;48;905;6;6;7;NA;NA;1;4;5;NA;NA;2010-01-18;2010;"2010-580:147";124;0;2,47643804394299;2,41503749927884;25;"Pablo Cuevas";84;"Feliciano Lopez";2,41503749927884;2,47643804394299;-0,061400544664143;24;28,3;-4,3;180;188;-8;0,6;0,363636363636364;0,363636363636364;0,6;-0,236363636363636;11;5;4;3;7;2;2;7;-5;0;0;1
"526437";"2010-580";"Australian Open";"Hard";"128";"Grand Slams";156;145;"Stan Wawrinka";"R";183;"SUI";24,8;49;"Guillermo Garcia Lopez";"R";188;"ESP";26,6;"6-3 6-3 6-2";5;"R128";110;6;4;74;43;36;20;13;3;3;1;9;84;52;34;12;13;3;8;19;1765;44;954;6;6;6;NA;NA;3;3;2;NA;NA;2010-01-18;2010;"2010-580:156";125;0;3,75207248655641;2,5405683813627;49;"Guillermo Garcia Lopez";145;"Stan Wawrinka";2,5405683813627;3,75207248655641;-1,21150410519371;26,6;24,8;1,8;188;183;5;1;0,375;0,375;1;-0,625;8;3;3;3;5;0;0;5;-5;0;0;1
"526442";"2010-580";"Australian Open";"Hard";"128";"Grand Slams";161;100;"Andy Murray";"R";190;"GBR";22,6;4;"Kevin Anderson";"R";203;"RSA";23,6;"6-1 6-1 6-2";5;"R128";97;9;1;65;24;21;24;11;3;4;2;2;74;50;26;6;11;4;12;4;6780;148;347;6;6;6;NA;NA;1;1;2;NA;NA;2010-01-18;2010;"2010-580:161";126;0;6;0,79054663437105;4;"Kevin Anderson";100;"Andy Murray";0,79054663437105;6;-5,20945336562895;23,6;22,6;1;203;190;13;0,75;0,333333333333333;0,333333333333333;0,75;-0,416666666666667;12;4;4;3;8;1;1;8;-7;0;0;1
"526446";"2010-580";"Australian Open";"Hard";"128";"Grand Slams";165;64;"John Isner";"R";206;"USA";24,7;123;"Andreas Seppi";"R";190;"ITA";25,9;"6-3 6-3 3-6 5-7 6-4";5;"R128";197;34;5;155;95;74;29;25;6;9;10;10;141;79;60;35;24;3;6;28;1260;49;900;6;6;3;5;6;3;3;6;7;4;2010-01-18;2010;"2010-580:165";127;1;3,1926450779424;2,38529015588479;64;"John Isner";123;"Andreas Seppi";3,1926450779424;2,38529015588479;0,807354922057605;24,7;25,9;-1,2;206;190;16;0,666666666666667;0,5;0,666666666666667;0,5;0,166666666666667;6;9;3;6;3;3;3;3;0;0;0;1
"526478";"2010-580";"Australian Open";"Hard";"128";"Grand Slams";197;22;"Marin Cilic";"R";198;"CRO";21,3;138;"Bernard Tomic";"R";193;"AUS";17,2;"6-7(6) 6-3 4-6 6-2 6-4";5;"R64";228;25;2;156;79;59;45;25;8;13;4;8;190;128;82;27;24;8;16;14;2430;289;150;6;6;4;6;6;7;3;6;2;4;2010-01-18;2010;"2010-580:197";128;1;4,1926450779424;-0,174925682500678;22;"Marin Cilic";138;"Bernard Tomic";4,1926450779424;-0,174925682500678;4,36757076044307;21,3;17,2;4,1;198;193;5;0,615384615384615;0,5;0,615384615384615;0,5;0,115384615384615;16;13;8;8;8;5;8;5;3;0;0;1
"526489";"2010-580";"Australian Open";"Hard";"128";"Grand Slams";208;101;"Rafael Nadal";"L";185;"ESP";23,6;82;"Lukas Lacko";"R";185;"SVK";22,2;"6-2 6-2 6-2";5;"R64";113;1;1;64;35;25;20;12;0;1;2;5;80;32;19;17;12;3;10;2;9310;75;612;6;6;6;NA;NA;2;2;2;NA;NA;2010-01-18;2010;"2010-580:208";129;0;7;1,77118130950412;82;"Lukas Lacko";101;"Rafael Nadal";1,77118130950412;7;-5,22881869049588;22,2;23,6;-1,4;185;185;0;0;0,3;0,3;0;0,3;10;1;3;0;7;1;1;7;-6;0;0;1
"526494";"2010-580";"Australian Open";"Hard";"128";"Grand Slams";213;35;"Novak Djokovic";"R";188;"SRB";22,6;65;"Denis Istomin";"R";188;"UZB";23,3;"6-1 6-1 6-2";5;"R32";97;3;7;78;47;34;14;11;7;9;3;0;60;33;13;7;11;5;14;3;8310;103;515;6;6;6;NA;NA;1;1;2;NA;NA;2010-01-18;2010;"2010-580:213";130;1;6,41503749927884;1,31349947281678;35;"Novak Djokovic";65;"Denis Istomin";6,41503749927884;1,31349947281678;5,10153802646206;22,6;23,3;-0,699999999999999;188;188;0;0,777777777777778;0,357142857142857;0,777777777777778;0,357142857142857;0,420634920634921;14;9;5;7;9;2;9;2;7;0;0;1
"526498";"2010-580";"Australian Open";"Hard";"128";"Grand Slams";217;118;"Andy Roddick";"R";188;"USA";27,3;84;"Feliciano Lopez";"L";188;"ESP";28,3;"6-7(4) 6-4 6-4 7-6(3)";5;"R32";212;29;3;129;95;76;23;22;4;5;29;5;166;97;71;36;22;14;17;7;4510;46;905;6;6;6;7;NA;7;4;4;6;NA;2010-01-18;2010;"2010-580:217";131;0;5,1926450779424;2,47643804394299;84;"Feliciano Lopez";118;"Andy Roddick";2,47643804394299;5,1926450779424;-2,71620703399941;28,3;27,3;1;188;188;0;0,8;0,823529411764706;0,823529411764706;0,8;0,0235294117647058;17;5;14;4;3;1;1;3;-2;0;0;1
"526500";"2010-580";"Australian Open";"Hard";"128";"Grand Slams";219;22;"Marin Cilic";"R";198;"CRO";21,3;145;"Stan Wawrinka";"R";183;"SUI";24,8;"4-6 6-4 6-3 6-3";5;"R32";200;10;2;115;68;55;24;19;5;7;10;6;128;69;52;26;19;5;10;14;2430;19;1765;4;6;6;6;NA;6;4;3;3;NA;2010-01-18;2010;"2010-580:219";132;1;4,1926450779424;3,75207248655641;22;"Marin Cilic";145;"Stan Wawrinka";4,1926450779424;3,75207248655641;0,440572591385981;21,3;24,8;-3,5;198;183;15;0,714285714285714;0,5;0,714285714285714;0,5;0,214285714285714;10;7;5;5;5;2;5;2;3;0;0;1
"526503";"2010-580";"Australian Open";"Hard";"128";"Grand Slams";222;64;"John Isner";"R";206;"USA";24,7;96;"Gael Monfils";"R";193;"FRA";23,3;"6-1 4-6 7-6(4) 7-6(5)";5;"R32";168;26;3;131;87;69;24;21;4;7;12;7;126;76;54;26;20;1;5;28;1260;12;2610;6;4;7;7;NA;1;6;6;6;NA;2010-01-18;2010;"2010-580:222";133;1;3,1926450779424;4,41503749927884;64;"John Isner";96;"Gael Monfils";3,1926450779424;4,41503749927884;-1,22239242133645;24,7;23,3;1,4;206;193;13;0,571428571428571;0,2;0,571428571428571;0,2;0,371428571428571;5;7;1;4;4;3;4;3;1;0;0;1
"526505";"2010-580";"Australian Open";"Hard";"128";"Grand Slams";224;101;"Rafael Nadal";"L";185;"ESP";23,6;74;"Philipp Kohlschreiber";"R";178;"GER";26,2;"6-4 6-2 2-6 7-5";5;"R32";210;6;3;138;84;58;28;19;12;15;11;4;128;78;53;24;19;7;12;2;9310;26;1260;6;6;2;7;NA;4;2;6;5;NA;2010-01-18;2010;"2010-580:224";134;0;7;3,29956028185891;74;"Philipp Kohlschreiber";101;"Rafael Nadal";3,29956028185891;7;-3,70043971814109;26,2;23,6;2,6;178;185;-7;0,8;0,583333333333333;0,583333333333333;0,8;-0,216666666666667;12;15;7;12;5;3;3;5;-2;0;0;1
"526511";"2010-580";"Australian Open";"Hard";"128";"Grand Slams";230;22;"Marin Cilic";"R";198;"CRO";21,3;31;"Juan Martin del Potro";"R";198;"ARG";21,3;"5-7 6-4 7-5 5-7 6-3";5;"R16";278;20;7;173;101;84;34;28;7;10;19;3;181;108;78;40;27;12;16;14;2430;5;6580;5;6;7;5;6;7;4;5;7;3;2010-01-18;2010;"2010-580:230";135;1;4,1926450779424;5,67807190511264;22;"Marin Cilic";31;"Juan Martin del Potro";4,1926450779424;5,67807190511264;-1,48542682717024;21,3;21,3;0;198;198;0;0,7;0,75;0,7;0,75;-0,05;16;10;12;7;4;3;4;3;1;0;0;1
"526512";"2010-580";"Australian Open";"Hard";"128";"Grand Slams";231;100;"Andy Murray";"R";190;"GBR";22,6;64;"John Isner";"R";206;"USA";24,7;"7-6(4) 6-3 6-2";5;"R16";132;5;1;90;65;53;17;15;4;4;14;2;89;61;43;8;14;3;5;4;6780;28;1260;7;6;6;NA;NA;6;3;2;NA;NA;2010-01-18;2010;"2010-580:231";136;0;6;3,1926450779424;64;"John Isner";100;"Andy Murray";3,1926450779424;6;-2,8073549220576;24,7;22,6;2,1;206;190;16;1;0,6;0,6;1;-0,4;5;4;3;4;2;0;0;2;-2;0;0;1
"526513";"2010-580";"Australian Open";"Hard";"128";"Grand Slams";232;101;"Rafael Nadal";"L";185;"ESP";23,6;70;"Ivo Karlovic";"R";208;"CRO";30,8;"6-4 4-6 6-4 6-4";5;"R16";156;2;2;102;72;56;22;20;1;2;28;2;106;73;56;21;20;3;6;2;9310;39;1015;6;4;6;6;NA;4;6;4;4;NA;2010-01-18;2010;"2010-580:232";137;0;7;2,71459778113775;70;"Ivo Karlovic";101;"Rafael Nadal";2,71459778113775;7;-4,28540221886225;30,8;23,6;7,2;208;185;23;0,5;0,5;0,5;0,5;0;6;2;3;1;3;1;1;3;-2;0;0;1
"526515";"2010-580";"Australian Open";"Hard";"128";"Grand Slams";234;141;"Jo-Wilfried Tsonga";"R";188;"FRA";24,7;35;"Novak Djokovic";"R";188;"SRB";22,6;"7-6(8) 6-7(5) 1-6 6-3 6-1";5;"QF";232;19;2;168;109;74;28;23;10;16;2;9;145;100;67;22;24;4;11;10;2875;3;8310;7;6;1;6;6;6;7;6;3;1;2010-01-18;2010;"2010-580:234";138;0;4,67807190511264;6,41503749927884;35;"Novak Djokovic";141;"Jo-Wilfried Tsonga";6,41503749927884;4,67807190511264;1,73696559416621;22,6;24,7;-2,1;188;188;0;0,625;0,363636363636364;0,363636363636364;0,625;-0,261363636363636;11;16;4;10;7;6;6;7;-1;0;0;1
"526516";"2010-580";"Australian Open";"Hard";"128";"Grand Slams";235;22;"Marin Cilic";"R";198;"CRO";21,3;118;"Andy Roddick";"R";188;"USA";27,3;"7-6(4) 6-3 3-6 2-6 6-3";5;"QF";230;20;6;155;77;58;36;24;10;16;15;1;141;90;62;26;23;8;13;14;2430;7;4510;7;6;3;2;6;6;3;6;6;3;2010-01-18;2010;"2010-580:235";139;1;4,1926450779424;5,1926450779424;22;"Marin Cilic";118;"Andy Roddick";4,1926450779424;5,1926450779424;-1;21,3;27,3;-6;198;188;10;0,625;0,615384615384615;0,625;0,615384615384615;0,00961538461538458;13;16;8;10;5;6;5;6;-1;0;0;1
"526519";"2010-580";"Australian Open";"Hard";"128";"Grand Slams";238;100;"Andy Murray";"R";190;"GBR";22,6;22;"Marin Cilic";"R";198;"CRO";21,3;"3-6 6-4 6-4 6-2";5;"SF";182;4;1;107;68;51;23;19;6;9;6;6;124;70;49;24;18;11;16;4;6780;14;2430;3;6;6;6;NA;6;4;4;2;NA;2010-01-18;2010;"2010-580:238";140;0;6;4,1926450779424;22;"Marin Cilic";100;"Andy Murray";4,1926450779424;6;-1,8073549220576;21,3;22,6;-1,3;198;190;8;0,666666666666667;0,6875;0,6875;0,666666666666667;0,0208333333333334;16;9;11;6;5;3;3;5;-2;0;0;1
"526520";"2010-580";"Australian Open";"Hard";"128";"Grand Slams";239;44;"Roger Federer";"R";185;"SUI";28,4;100;"Andy Murray";"R";190;"GBR";22,6;"6-3 6-4 7-6(11)";5;"F";161;11;2;112;75;54;22;16;6;8;10;4;104;58;40;24;15;8;12;1;10550;4;6780;6;6;7;NA;NA;3;4;6;NA;NA;2010-01-18;2010;"2010-580:239";141;1;8;6;44;"Roger Federer";100;"Andy Murray";8;6;2;28,4;22,6;5,8;185;190;-5;0,75;0,666666666666667;0,75;0,666666666666667;0,0833333333333334;12;8;8;6;4;2;4;2;2;0;0;1
"542983";"2010-560";"US Open";"Hard";"128";"Grand Slams";128;143;"Fernando Verdasco";"L";188;"ESP";26,7;46;"Fabio Fognini";"R";178;"ITA";23,2;"1-6 7-5 6-1 4-6 6-3";5;"R128";200;13;11;127;73;54;21;22;10;17;3;11;184;107;66;33;23;16;25;8;3330;86;626;1;7;6;4;6;6;5;1;6;3;2010-08-30;2010;"2010-560:128";142;0;5;1,5737352452979;46;"Fabio Fognini";143;"Fernando Verdasco";1,5737352452979;5;-3,4262647547021;23,2;26,7;-3,5;178;188;-10;0,588235294117647;0,64;0,64;0,588235294117647;0,0517647058823529;25;17;16;10;9;7;7;9;-2;0;0;1
"542984";"2010-560";"US Open";"Hard";"128";"Grand Slams";129;100;"Andy Murray";"R";190;"GBR";23,2;82;"Lukas Lacko";"R";185;"SVK";22,8;"6-3 6-2 6-2";5;"R128";111;9;3;77;46;35;18;13;1;2;5;7;82;46;31;10;12;8;14;4;5125;71;701;6;6;6;NA;NA;3;2;2;NA;NA;2010-08-30;2010;"2010-560:129";143;0;6;1,85025288049532;82;"Lukas Lacko";100;"Andy Murray";1,85025288049532;6;-4,14974711950468;22,8;23,2;-0,399999999999999;185;190;-5;0,5;0,571428571428571;0,571428571428571;0,5;0,0714285714285714;14;2;8;1;6;1;1;6;-5;0;0;1
"542987";"2010-560";"US Open";"Hard";"128";"Grand Slams";132;145;"Stan Wawrinka";"R";183;"SUI";25,4;78;"Mikhail Kukushkin";"R";183;"KAZ";22,6;"6-3 6-2 6-2";5;"R128";107;10;4;67;40;35;18;13;0;0;3;6;97;52;28;22;12;8;13;27;1510;85;632;6;6;6;NA;NA;3;2;2;NA;NA;2010-08-30;2010;"2010-560:132";144;0;3,24511249783653;1,5906090638623;78;"Mikhail Kukushkin";145;"Stan Wawrinka";1,5906090638623;3,24511249783653;-1,65450343397423;22,6;25,4;-2,8;183;183;0;1,5;0,615384615384615;0,615384615384615;1,5;-0,884615384615385;13;0;8;0;5;0;0;5;-5;0;0;1
"542989";"2010-560";"US Open";"Hard";"128";"Grand Slams";134;56;"Marcel Granollers";"R";190;"ESP";24,3;123;"Andreas Seppi";"R";190;"ITA";26,5;"2-6 5-7 6-3 6-2 6-3";5;"R128";186;12;8;136;79;60;30;23;5;8;5;7;149;77;53;36;23;4;10;94;583;56;835;2;5;6;6;6;6;7;3;2;3;2010-08-30;2010;"2010-560:134";145;1;1,44541114832236;2,1926450779424;56;"Marcel Granollers";123;"Andreas Seppi";1,44541114832236;2,1926450779424;-0,747233929620034;24,3;26,5;-2,2;190;190;0;0,625;0,4;0,625;0,4;0,225;10;8;4;5;6;3;6;3;3;0;0;1
"543015";"2010-560";"US Open";"Hard";"128";"Grand Slams";160;35;"Novak Djokovic";"R";188;"SRB";23,2;139;"Viktor Troicki";"R";193;"SRB";24,5;"6-3 3-6 2-6 7-5 6-3";5;"R128";220;3;4;161;105;70;28;24;9;14;23;6;156;108;75;20;23;9;14;3;6665;47;980;6;3;2;7;6;3;6;6;5;3;2010-08-30;2010;"2010-560:160";146;1;6,41503749927884;2,44541114832236;35;"Novak Djokovic";139;"Viktor Troicki";6,41503749927884;2,44541114832236;3,96962635095648;23,2;24,5;-1,3;188;193;-5;0,642857142857143;0,642857142857143;0,642857142857143;0,642857142857143;0;14;14;9;9;5;5;5;5;0;0;0;1
"543032";"2010-560";"US Open";"Hard";"128";"Grand Slams";177;101;"Rafael Nadal";"L";185;"ESP";24,2;65;"Denis Istomin";"R";188;"UZB";23,9;"6-2 7-6(5) 7-5";5;"R64";164;8;3;92;60;50;23;16;7;7;10;0;109;66;47;22;16;3;6;1;10745;39;1096;6;7;7;NA;NA;2;6;5;NA;NA;2010-08-30;2010;"2010-560:177";147;0;8;2,71459778113775;65;"Denis Istomin";101;"Rafael Nadal";2,71459778113775;8;-5,28540221886225;23,9;24,2;-0,300000000000001;188;185;3;1;0,5;0,5;1;-0,5;6;7;3;7;3;0;0;3;-3;0;0;1
"543033";"2010-560";"US Open";"Hard";"128";"Grand Slams";178;125;"Gilles Simon";"R";183;"FRA";25,6;74;"Philipp Kohlschreiber";"R";178;"GER";26,8;"4-6 6-3 1-6 6-1 6-3";5;"R64";164;11;3;126;69;54;25;21;2;6;9;3;128;75;54;25;21;7;13;42;1055;31;1315;4;6;1;6;6;6;3;6;1;3;2010-08-30;2010;"2010-560:178";148;0;2,60768257722124;3,04580368961313;74;"Philipp Kohlschreiber";125;"Gilles Simon";3,04580368961313;2,60768257722124;0,438121112391886;26,8;25,6;1,2;178;183;-5;0,333333333333333;0,538461538461538;0,538461538461538;0,333333333333333;0,205128205128205;13;6;7;2;6;4;4;6;-2;0;0;1
"543034";"2010-560";"US Open";"Hard";"128";"Grand Slams";179;84;"Feliciano Lopez";"L";188;"ESP";28,9;108;"Benoit Paire";"R";196;"FRA";21,3;"6-4 6-7(4) 5-7 7-6(3) 6-2";5;"R64";228;23;10;169;99;77;37;27;4;8;22;9;172;93;68;40;27;11;17;25;1515;163;294;6;6;5;7;6;4;7;7;6;2;2010-08-30;2010;"2010-560:179";149;1;3,35614381022528;0,651271845768923;84;"Feliciano Lopez";108;"Benoit Paire";3,35614381022528;0,651271845768923;2,70487196445635;28,9;21,3;7,6;188;196;-8;0,5;0,647058823529412;0,5;0,647058823529412;-0,147058823529412;17;8;11;4;6;4;6;4;2;0;0;1
"543039";"2010-560";"US Open";"Hard";"128";"Grand Slams";184;143;"Fernando Verdasco";"L";188;"ESP";26,7;87;"Adrian Mannarino";"L";183;"FRA";22,1;"6-1 6-2 6-2";5;"R64";112;7;4;73;50;39;13;12;2;2;0;5;91;51;29;16;11;10;16;8;3330;152;326;6;6;6;NA;NA;1;2;2;NA;NA;2010-08-30;2010;"2010-560:184";150;0;5;0,752072486556415;87;"Adrian Mannarino";143;"Fernando Verdasco";0,752072486556415;5;-4,24792751344359;22,1;26,7;-4,6;183;188;-5;1;0,625;0,625;1;-0,375;16;2;10;2;6;0;0;6;-6;0;0;1
"543048";"2010-560";"US Open";"Hard";"128";"Grand Slams";193;51;"Richard Gasquet";"R";185;"FRA";24,1;29;"Nikolay Davydenko";"R";178;"RUS";29,2;"6-3 6-4 6-2";5;"R64";113;8;5;93;52;43;23;14;8;8;4;3;79;51;35;11;13;3;7;38;1135;6;4285;6;6;6;NA;NA;3;4;2;NA;NA;2010-08-30;2010;"2010-560:193";151;0;2,75207248655641;5,41503749927884;29;"Nikolay Davydenko";51;"Richard Gasquet";5,41503749927884;2,75207248655641;2,66296501272243;29,2;24,1;5,1;178;185;-7;1;0,428571428571429;0,428571428571429;1;-0,571428571428571;7;8;3;8;4;0;0;4;-4;0;0;1
"543059";"2010-560";"US Open";"Hard";"128";"Grand Slams";204;103;"Kei Nishikori";"R";178;"JPN";20,6;22;"Marin Cilic";"R";198;"CRO";21,9;"5-7 7-6(6) 3-6 7-6(3) 6-1";5;"R64";299;13;11;185;108;82;30;25;7;12;13;12;194;100;67;50;27;14;19;147;337;13;2855;5;7;3;7;6;7;6;6;6;1;2010-08-30;2010;"2010-560:204";152;0;0,800327655163636;4,29956028185891;22;"Marin Cilic";103;"Kei Nishikori";4,29956028185891;0,800327655163636;3,49923262669527;21,9;20,6;1,3;198;178;20;0,583333333333333;0,736842105263158;0,736842105263158;0,583333333333333;0,153508771929824;19;12;14;7;5;5;5;5;0;0;0;1
"543060";"2010-560";"US Open";"Hard";"128";"Grand Slams";205;93;"Jurgen Melzer";"L";183;"AUT";29,2;12;"Ricardas Berankis";"R";175;"LTU";20,1;"6-4 6-7(4) 6-3 1-6 7-5";5;"R64";215;9;9;156;86;62;33;25;6;12;11;20;182;92;66;39;25;14;21;15;2470;124;428;6;6;6;1;7;4;7;3;6;5;2010-08-30;2010;"2010-560:205";153;0;4,09310940439148;1,04580368961313;12;"Ricardas Berankis";93;"Jurgen Melzer";1,04580368961313;4,09310940439148;-3,04730571477836;20,1;29,2;-9,1;175;183;-8;0,5;0,666666666666667;0,666666666666667;0,5;0,166666666666667;21;12;14;6;7;6;6;7;-1;0;0;1
"543064";"2010-560";"US Open";"Hard";"128";"Grand Slams";209;101;"Rafael Nadal";"L";185;"ESP";24,2;125;"Gilles Simon";"R";183;"FRA";25,6;"6-4 6-4 6-2";5;"R32";119;6;3;76;43;39;19;14;1;1;6;2;98;54;35;23;14;5;9;1;10745;42;1055;6;6;6;NA;NA;4;4;2;NA;NA;2010-08-30;2010;"2010-560:209";154;1;8;2,60768257722124;101;"Rafael Nadal";125;"Gilles Simon";8;2,60768257722124;5,39231742277876;24,2;25,6;-1,4;185;183;2;1;0,555555555555556;1;0,555555555555556;0,444444444444444;9;1;5;1;4;0;4;0;4;0;0;1
"543068";"2010-560";"US Open";"Hard";"128";"Grand Slams";213;145;"Stan Wawrinka";"R";183;"SUI";25,4;100;"Andy Murray";"R";190;"GBR";23,2;"6-7(3) 7-6(4) 6-3 6-3";5;"R32";236;13;5;136;71;56;29;21;5;10;6;5;151;76;52;32;21;7;15;27;1510;4;5125;6;7;6;6;NA;7;6;3;3;NA;2010-08-30;2010;"2010-560:213";155;0;3,24511249783653;6;100;"Andy Murray";145;"Stan Wawrinka";6;3,24511249783653;2,75488750216347;23,2;25,4;-2,2;190;183;7;0,5;0,466666666666667;0,466666666666667;0,5;-0,0333333333333333;15;10;7;5;8;5;5;8;-3;0;0;1
"543070";"2010-560";"US Open";"Hard";"128";"Grand Slams";215;147;"Mikhail Youzhny";"R";183;"RUS";28,1;64;"John Isner";"R";206;"USA";25,3;"6-4 6-7(7) 7-6(5) 6-4";5;"R32";198;5;8;151;93;68;34;22;7;9;33;2;148;101;78;18;22;8;12;14;2620;20;1805;6;6;7;6;NA;4;7;6;4;NA;2010-08-30;2010;"2010-560:215";156;0;4,1926450779424;3,67807190511264;64;"John Isner";147;"Mikhail Youzhny";3,67807190511264;4,1926450779424;-0,514573172829759;25,3;28,1;-2,8;206;183;23;0,777777777777778;0,666666666666667;0,666666666666667;0,777777777777778;-0,111111111111111;12;9;8;7;4;2;2;4;-2;0;0;1
"543072";"2010-560";"US Open";"Hard";"128";"Grand Slams";217;51;"Richard Gasquet";"R";185;"FRA";24,1;4;"Kevin Anderson";"R";203;"RSA";24,2;"6-4 7-6(3) 7-5";5;"R32";150;8;4;99;55;43;27;17;2;4;8;6;117;74;53;17;17;8;12;38;1135;77;677;6;7;7;NA;NA;4;6;5;NA;NA;2010-08-30;2010;"2010-560:217";157;0;2,75207248655641;1,7332134593051;4;"Kevin Anderson";51;"Richard Gasquet";1,7332134593051;2,75207248655641;-1,01885902725132;24,2;24,1;0,0999999999999979;203;185;18;0,5;0,666666666666667;0,666666666666667;0,5;0,166666666666667;12;4;8;2;4;2;2;4;-2;0;0;1
"543073";"2010-560";"US Open";"Hard";"128";"Grand Slams";218;96;"Gael Monfils";"R";193;"FRA";23,9;137;"Janko Tipsarevic";"R";180;"SRB";26,1;"7-6(4) 6-7(4) 6-2 6-4";5;"R32";222;16;2;126;80;54;29;21;2;6;3;3;149;86;48;33;21;7;12;19;2070;44;1020;7;6;6;6;NA;6;7;2;4;NA;2010-08-30;2010;"2010-560:218";158;1;3,75207248655641;2,5405683813627;96;"Gael Monfils";137;"Janko Tipsarevic";3,75207248655641;2,5405683813627;1,21150410519371;23,9;26,1;-2,2;193;180;13;0,333333333333333;0,583333333333333;0,333333333333333;0,583333333333333;-0,25;12;6;7;2;5;4;5;4;1;0;0;1
"543080";"2010-560";"US Open";"Hard";"128";"Grand Slams";225;101;"Rafael Nadal";"L";185;"ESP";24,2;84;"Feliciano Lopez";"L";188;"ESP";28,9;"6-3 6-4 6-4";5;"R16";128;9;1;79;50;45;18;15;4;4;10;5;100;52;39;20;14;6;9;1;10745;25;1515;6;6;6;NA;NA;3;4;4;NA;NA;2010-08-30;2010;"2010-560:225";159;0;8;3,35614381022528;84;"Feliciano Lopez";101;"Rafael Nadal";3,35614381022528;8;-4,64385618977472;28,9;24,2;4,7;188;185;3;1;0,666666666666667;0,666666666666667;1;-0,333333333333333;9;4;6;4;3;0;0;3;-3;0;0;1
"543082";"2010-560";"US Open";"Hard";"128";"Grand Slams";227;145;"Stan Wawrinka";"R";183;"SUI";25,4;114;"Sam Querrey";"R";198;"USA";22,8;"7-6(9) 6-7(5) 7-5 4-6 6-4";5;"R16";268;18;5;199;103;80;54;28;12;15;19;6;175;95;79;42;28;4;8;27;1510;22;1705;7;6;7;4;6;6;7;5;6;4;2010-08-30;2010;"2010-560:227";160;0;3,24511249783653;3,5405683813627;114;"Sam Querrey";145;"Stan Wawrinka";3,5405683813627;3,24511249783653;0,295455883526171;22,8;25,4;-2,6;198;183;15;0,8;0,5;0,5;0,8;-0,3;8;15;4;12;4;3;3;4;-1;0;0;1
"543084";"2010-560";"US Open";"Hard";"128";"Grand Slams";229;96;"Gael Monfils";"R";193;"FRA";23,9;51;"Richard Gasquet";"R";185;"FRA";24,1;"6-4 7-5 7-5";5;"R16";155;14;4;115;67;55;19;17;6;8;4;7;116;80;52;15;17;12;17;19;2070;38;1135;6;7;7;NA;NA;4;5;5;NA;NA;2010-08-30;2010;"2010-560:229";161;0;3,75207248655641;2,75207248655641;51;"Richard Gasquet";96;"Gael Monfils";2,75207248655641;3,75207248655641;-1;24,1;23,9;0,200000000000003;185;193;-8;0,75;0,705882352941177;0,705882352941177;0,75;-0,0441176470588235;17;8;12;6;5;2;2;5;-3;0;0;1
"543088";"2010-560";"US Open";"Hard";"128";"Grand Slams";233;101;"Rafael Nadal";"L";185;"ESP";24,2;143;"Fernando Verdasco";"L";188;"ESP";26,7;"7-5 6-3 6-4";5;"QF";142;4;0;77;51;43;18;16;0;1;6;5;100;58;36;23;15;5;9;1;10745;8;3330;7;6;6;NA;NA;5;3;4;NA;NA;2010-08-30;2010;"2010-560:233";162;1;8;5;101;"Rafael Nadal";143;"Fernando Verdasco";8;5;3;24,2;26,7;-2,5;185;188;-3;0;0,555555555555556;0;0,555555555555556;-0,555555555555556;9;1;5;0;4;1;4;1;3;0;0;1
"543089";"2010-560";"US Open";"Hard";"128";"Grand Slams";234;147;"Mikhail Youzhny";"R";183;"RUS";28,1;145;"Stan Wawrinka";"R";183;"SUI";25,4;"3-6 7-6(7) 3-6 6-3 6-3";5;"QF";240;2;7;144;94;64;27;23;5;10;16;5;164;89;69;32;25;8;15;14;2620;27;1510;3;7;3;6;6;6;6;6;3;3;2010-08-30;2010;"2010-560:234";163;0;4,1926450779424;3,24511249783653;145;"Stan Wawrinka";147;"Mikhail Youzhny";3,24511249783653;4,1926450779424;-0,947532580105864;25,4;28,1;-2,7;183;183;0;0,5;0,533333333333333;0,533333333333333;0,5;0,0333333333333333;15;10;8;5;7;5;5;7;-2;0;0;1
"543090";"2010-560";"US Open";"Hard";"128";"Grand Slams";235;35;"Novak Djokovic";"R";188;"SRB";23,2;96;"Gael Monfils";"R";193;"FRA";23,9;"7-6(2) 6-1 6-2";5;"QF";144;1;4;100;74;51;13;13;11;13;3;6;109;61;32;20;14;11;18;3;6665;19;2070;7;6;6;NA;NA;6;1;2;NA;NA;2010-08-30;2010;"2010-560:235";164;1;6,41503749927884;3,75207248655641;35;"Novak Djokovic";96;"Gael Monfils";6,41503749927884;3,75207248655641;2,66296501272243;23,2;23,9;-0,699999999999999;188;193;-5;0,846153846153846;0,611111111111111;0,846153846153846;0,611111111111111;0,235042735042735;18;13;11;11;7;2;7;2;5;0;0;1
"543092";"2010-560";"US Open";"Hard";"128";"Grand Slams";237;101;"Rafael Nadal";"L";185;"ESP";24,2;147;"Mikhail Youzhny";"R";183;"RUS";28,1;"6-2 6-3 6-4";5;"SF";133;3;1;77;50;39;19;14;1;2;3;5;81;48;32;13;13;3;8;1;10745;14;2620;6;6;6;NA;NA;2;3;4;NA;NA;2010-08-30;2010;"2010-560:237";165;1;8;4,1926450779424;101;"Rafael Nadal";147;"Mikhail Youzhny";8;4,1926450779424;3,8073549220576;24,2;28,1;-3,9;185;183;2;0,5;0,375;0,5;0,375;0,125;8;2;3;1;5;1;5;1;4;0;0;1
"543093";"2010-560";"US Open";"Hard";"128";"Grand Slams";238;35;"Novak Djokovic";"R";188;"SRB";23,2;44;"Roger Federer";"R";185;"SUI";29;"5-7 6-1 5-7 6-2 7-5";5;"SF";224;4;3;151;94;64;36;26;4;7;12;5;160;84;62;35;25;6;12;3;6665;2;7215;5;6;5;6;7;7;1;7;2;5;2010-08-30;2010;"2010-560:238";166;1;6,41503749927884;7;35;"Novak Djokovic";44;"Roger Federer";6,41503749927884;7;-0,584962500721156;23,2;29;-5,8;188;185;3;0,571428571428571;0,5;0,571428571428571;0,5;0,0714285714285714;12;7;6;4;6;3;6;3;3;0;0;1
"543094";"2010-560";"US Open";"Hard";"128";"Grand Slams";239;101;"Rafael Nadal";"L";185;"ESP";24,2;35;"Novak Djokovic";"R";188;"SRB";23,2;"6-4 5-7 6-4 6-2";5;"F";223;8;2;112;75;55;21;20;1;4;5;4;143;94;61;22;20;20;25;1;10745;3;6665;6;5;6;6;NA;4;7;4;2;NA;2010-08-30;2010;"2010-560:239";167;0;8;6,41503749927884;35;"Novak Djokovic";101;"Rafael Nadal";6,41503749927884;8;-1,58496250072116;23,2;24,2;-1;188;185;3;0,25;0,8;0,8;0,25;0,55;25;4;20;1;5;3;3;5;-2;0;0;1
"551240";"2011-580";"Australian Open";"Hard";"128";"Grand Slams";120;22;"Marin Cilic";"R";198;"CRO";22,3;146;"Donald Young";"L";183;"USA";21,4;"6-3 6-2 6-1";5;"R128";91;8;0;67;42;34;16;12;1;1;1;3;75;47;28;11;12;5;11;15;2140;129;435;6;6;6;NA;NA;3;2;1;NA;NA;2011-01-17;2011;"2011-580:120";168;1;4,09310940439148;0,988772744576746;22;"Marin Cilic";146;"Donald Young";4,09310940439148;0,988772744576746;3,10433665981474;22,3;21,4;0,900000000000002;198;183;15;1;0,454545454545455;1;0,454545454545455;0,545454545454545;11;1;5;1;6;0;6;0;6;0;0;1
"551267";"2011-580";"Australian Open";"Hard";"128";"Grand Slams";147;87;"Adrian Mannarino";"L";183;"FRA";22,5;59;"Ryan Harrison";"R";183;"USA";18,6;"6-4 6-3 6-4";5;"R128";106;4;3;79;47;39;17;14;3;4;9;2;93;60;36;18;15;5;10;74;669;172;313;6;6;6;NA;NA;4;3;4;NA;NA;2011-01-17;2011;"2011-580:147";169;0;1,79054663437105;0,573735245297902;59;"Ryan Harrison";87;"Adrian Mannarino";0,573735245297902;1,79054663437105;-1,21681138907315;18,6;22,5;-3,9;183;183;0;0,75;0,5;0,5;0,75;-0,25;10;4;5;3;5;1;1;5;-4;0;0;1
"551270";"2011-580";"Australian Open";"Hard";"128";"Grand Slams";150;103;"Kei Nishikori";"R";178;"JPN";21;46;"Fabio Fognini";"R";178;"ITA";23,6;"6-1 6-4 6-7(4) 6-4";5;"R128";188;6;3;129;89;61;20;19;11;14;3;5;134;80;52;22;20;7;15;82;599;58;855;6;6;6;6;NA;1;4;7;4;NA;2011-01-17;2011;"2011-580:150";170;0;1,64244799538192;2,14201900487243;46;"Fabio Fognini";103;"Kei Nishikori";2,14201900487243;1,64244799538192;0,499571009490512;23,6;21;2,6;178;178;0;0,785714285714286;0,466666666666667;0,466666666666667;0,785714285714286;-0,319047619047619;15;14;7;11;8;3;3;8;-5;0;0;1
"551280";"2011-580";"Australian Open";"Hard";"128";"Grand Slams";160;35;"Novak Djokovic";"R";188;"SRB";23,6;56;"Marcel Granollers";"R";190;"ESP";24,7;"6-1 6-3 6-1";5;"R128";91;7;1;66;45;34;14;12;1;2;3;3;65;31;21;8;11;5;12;3;6240;42;993;6;6;6;NA;NA;1;3;1;NA;NA;2011-01-17;2011;"2011-580:160";171;1;6,41503749927884;2,60768257722124;35;"Novak Djokovic";56;"Marcel Granollers";6,41503749927884;2,60768257722124;3,8073549220576;23,6;24,7;-1,1;188;190;-2;0,5;0,416666666666667;0,5;0,416666666666667;0,0833333333333333;12;2;5;1;7;1;7;1;6;0;0;1
"551298";"2011-580";"Australian Open";"Hard";"128";"Grand Slams";178;138;"Bernard Tomic";"R";193;"AUS";18,2;84;"Feliciano Lopez";"L";188;"ESP";29,3;"7-6(4) 7-6(3) 6-3";5;"R64";129;10;3;103;65;53;21;17;6;8;20;1;91;55;39;22;16;2;5;199;251;31;1310;7;7;6;NA;NA;6;6;3;NA;NA;2011-01-17;2011;"2011-580:178";172;0;0,363375379456351;3,04580368961313;84;"Feliciano Lopez";138;"Bernard Tomic";3,04580368961313;0,363375379456351;2,68242831015677;29,3;18,2;11,1;188;193;-5;0,75;0,4;0,4;0,75;-0,35;5;8;2;6;3;2;2;3;-1;0;0;1
"551299";"2011-580";"Australian Open";"Hard";"128";"Grand Slams";179;64;"John Isner";"R";206;"USA";25,7;132;"Radek Stepanek";"R";185;"CZE";32,1;"4-6 6-4 6-2 6-1";5;"R64";129;20;5;99;75;59;15;18;7;8;3;3;88;52;38;19;17;2;7;20;1645;66;735;4;6;6;6;NA;6;4;2;1;NA;2011-01-17;2011;"2011-580:179";173;1;3,67807190511264;1,95560588064155;64;"John Isner";132;"Radek Stepanek";3,67807190511264;1,95560588064155;1,72246602447109;25,7;32,1;-6,4;206;185;21;0,875;0,285714285714286;0,875;0,285714285714286;0,589285714285714;7;8;2;7;5;1;5;1;4;0;0;1
"551308";"2011-580";"Australian Open";"Hard";"128";"Grand Slams";188;141;"Jo-Wilfried Tsonga";"R";188;"FRA";25,7;123;"Andreas Seppi";"R";190;"ITA";26,9;"6-3 7-6(1) 7-6(5)";5;"R64";150;20;4;121;78;62;19;17;6;8;8;3;96;55;42;20;16;3;6;13;2345;51;900;6;7;7;NA;NA;3;6;6;NA;NA;2011-01-17;2011;"2011-580:188";174;0;4,29956028185891;2,3275746580285;123;"Andreas Seppi";141;"Jo-Wilfried Tsonga";2,3275746580285;4,29956028185891;-1,9719856238304;26,9;25,7;1,2;190;188;2;0,75;0,5;0,5;0,75;-0,25;6;8;3;6;3;2;2;3;-1;0;0;1
"551313";"2011-580";"Australian Open";"Hard";"128";"Grand Slams";193;13;"Tomas Berdych";"R";196;"CZE";25,3;74;"Philipp Kohlschreiber";"R";178;"GER";27,2;"4-6 6-2 6-3 6-4";5;"R64";183;10;6;121;70;59;25;19;2;3;13;5;120;74;54;17;18;5;9;6;3955;35;1195;4;6;6;6;NA;6;2;3;4;NA;2011-01-17;2011;"2011-580:193";175;1;5,41503749927884;2,87071698305503;13;"Tomas Berdych";74;"Philipp Kohlschreiber";5,41503749927884;2,87071698305503;2,54432051622381;25,3;27,2;-1,9;196;178;18;0,666666666666667;0,555555555555556;0,666666666666667;0,555555555555556;0,111111111111111;9;3;5;2;4;1;4;1;3;0;0;1
"551314";"2011-580";"Australian Open";"Hard";"128";"Grand Slams";194;51;"Richard Gasquet";"R";185;"FRA";24,5;87;"Adrian Mannarino";"L";183;"FRA";22,5;"6-3 7-6(4) 6-4";5;"R64";132;12;3;95;65;50;18;16;2;4;5;3;107;64;39;21;15;7;11;33;1280;74;669;6;7;6;NA;NA;3;6;4;NA;NA;2011-01-17;2011;"2011-580:194";176;1;2,95560588064155;1,79054663437105;51;"Richard Gasquet";87;"Adrian Mannarino";2,95560588064155;1,79054663437105;1,1650592462705;24,5;22,5;2;185;183;2;0,5;0,636363636363636;0,5;0,636363636363636;-0,136363636363636;11;4;7;2;4;2;4;2;2;0;0;1
"551315";"2011-580";"Australian Open";"Hard";"128";"Grand Slams";195;103;"Kei Nishikori";"R";178;"JPN";21;89;"Florian Mayer";"R";190;"GER";27,2;"6-4 6-3 0-6 6-3";5;"R64";144;2;5;116;66;43;28;17;6;10;7;5;118;76;52;16;17;7;12;82;599;36;1143;6;6;0;6;NA;4;3;6;3;NA;2011-01-17;2011;"2011-580:195";177;0;1,64244799538192;2,83007499855769;89;"Florian Mayer";103;"Kei Nishikori";2,83007499855769;1,64244799538192;1,18762700317577;27,2;21;6,2;190;178;12;0,6;0,583333333333333;0,583333333333333;0,6;-0,0166666666666666;12;10;7;6;5;4;4;5;-1;0;0;1
"551323";"2011-580";"Australian Open";"Hard";"128";"Grand Slams";203;145;"Stan Wawrinka";"R";183;"SUI";25,8;33;"Grigor Dimitrov";"R";188;"BUL";19,6;"7-5 6-3 6-3";5;"R64";101;8;0;80;43;33;24;15;5;7;2;6;82;43;31;17;15;4;10;19;1855;105;518;7;6;6;NA;NA;5;3;3;NA;NA;2011-01-17;2011;"2011-580:203";178;0;3,75207248655641;1,28575448233388;33;"Grigor Dimitrov";145;"Stan Wawrinka";1,28575448233388;3,75207248655641;-2,46631800422254;19,6;25,8;-6,2;188;183;5;0,714285714285714;0,4;0,4;0,714285714285714;-0,314285714285714;10;7;4;5;6;2;2;6;-4;0;0;1
"551329";"2011-580";"Australian Open";"Hard";"128";"Grand Slams";209;101;"Rafael Nadal";"L";185;"ESP";24,6;138;"Bernard Tomic";"R";193;"AUS";18,2;"6-2 7-5 6-3";5;"R32";150;4;4;97;56;38;22;14;6;8;11;3;103;70;42;13;15;12;19;1;12390;199;251;6;7;6;NA;NA;2;5;3;NA;NA;2011-01-17;2011;"2011-580:209";179;1;8;0,363375379456351;101;"Rafael Nadal";138;"Bernard Tomic";8;0,363375379456351;7,63662462054365;24,6;18,2;6,4;185;193;-8;0,75;0,631578947368421;0,75;0,631578947368421;0,118421052631579;19;8;12;6;7;2;7;2;5;0;0;1
"551330";"2011-580";"Australian Open";"Hard";"128";"Grand Slams";210;22;"Marin Cilic";"R";198;"CRO";22,3;64;"John Isner";"R";206;"USA";25,7;"4-6 6-2 6-7(5) 7-6(2) 9-7";5;"R32";273;22;8;186;106;81;54;29;10;11;26;5;185;128;97;31;29;6;9;15;2140;20;1645;4;6;6;7;9;6;2;7;6;7;2011-01-17;2011;"2011-580:210";180;1;4,09310940439148;3,67807190511264;22;"Marin Cilic";64;"John Isner";4,09310940439148;3,67807190511264;0,415037499278844;22,3;25,7;-3,4;198;206;-8;0,909090909090909;0,666666666666667;0,909090909090909;0,666666666666667;0,242424242424242;9;11;6;10;3;1;3;1;2;0;0;1
"551331";"2011-580";"Australian Open";"Hard";"128";"Grand Slams";211;116;"Milos Raonic";"R";196;"CAN";20;147;"Mikhail Youzhny";"R";183;"RUS";28,5;"6-4 7-5 4-6 6-4";5;"R32";166;28;2;113;77;55;22;21;1;5;3;1;117;71;45;26;21;2;8;152;351;10;2920;6;7;4;6;NA;4;5;6;4;NA;2011-01-17;2011;"2011-580:211";181;1;0,752072486556415;4,67807190511264;116;"Milos Raonic";147;"Mikhail Youzhny";0,752072486556415;4,67807190511264;-3,92599941855622;20;28,5;-8,5;196;183;13;0,2;0,25;0,2;0,25;-0,05;8;5;2;1;6;4;6;4;2;0;0;1
"551332";"2011-580";"Australian Open";"Hard";"128";"Grand Slams";212;45;"David Ferrer";"R";175;"ESP";28,7;12;"Ricardas Berankis";"R";175;"LTU";20,5;"6-2 6-2 6-1";5;"R32";91;5;1;57;33;29;14;11;0;1;1;5;91;52;26;13;12;11;19;7;3895;95;560;6;6;6;NA;NA;2;2;1;NA;NA;2011-01-17;2011;"2011-580:212";182;0;5,1926450779424;1,43014439166905;12;"Ricardas Berankis";45;"David Ferrer";1,43014439166905;5,1926450779424;-3,76250068627334;20,5;28,7;-8,2;175;175;0;0;0,578947368421053;0,578947368421053;0;0,578947368421053;19;1;11;0;8;1;1;8;-7;0;0;1
"551336";"2011-580";"Australian Open";"Hard";"128";"Grand Slams";216;100;"Andy Murray";"R";190;"GBR";23,6;49;"Guillermo Garcia Lopez";"R";188;"ESP";27,6;"6-1 6-1 6-2";5;"R32";82;10;1;58;37;29;12;11;1;2;3;5;69;45;26;5;11;3;11;5;5760;32;1300;6;6;6;NA;NA;1;1;2;NA;NA;2011-01-17;2011;"2011-580:216";183;0;5,67807190511264;3;49;"Guillermo Garcia Lopez";100;"Andy Murray";3;5,67807190511264;-2,67807190511264;27,6;23,6;4;188;190;-2;0,5;0,272727272727273;0,272727272727273;0,5;-0,227272727272727;11;2;3;1;8;1;1;8;-7;0;0;1
"551337";"2011-580";"Australian Open";"Hard";"128";"Grand Slams";217;13;"Tomas Berdych";"R";196;"CZE";25,3;51;"Richard Gasquet";"R";185;"FRA";24,5;"6-2 7-6(3) 6-2";5;"R32";124;9;1;80;57;44;15;14;3;4;10;5;101;55;39;18;14;5;10;6;3955;33;1280;6;7;6;NA;NA;2;6;2;NA;NA;2011-01-17;2011;"2011-580:217";184;1;5,41503749927884;2,95560588064155;13;"Tomas Berdych";51;"Richard Gasquet";5,41503749927884;2,95560588064155;2,4594316186373;25,3;24,5;0,800000000000001;196;185;11;0,75;0,5;0,75;0,5;0,25;10;4;5;3;5;1;5;1;4;0;0;1
"551338";"2011-580";"Australian Open";"Hard";"128";"Grand Slams";218;143;"Fernando Verdasco";"L";188;"ESP";27,1;103;"Kei Nishikori";"R";178;"JPN";21;"6-2 6-4 6-3";5;"R32";120;3;2;81;59;43;13;13;3;4;1;3;83;57;36;9;14;4;10;9;3240;82;599;6;6;6;NA;NA;2;4;3;NA;NA;2011-01-17;2011;"2011-580:218";185;0;4,83007499855769;1,64244799538192;103;"Kei Nishikori";143;"Fernando Verdasco";1,64244799538192;4,83007499855769;-3,18762700317577;21;27,1;-6,1;178;188;-10;0,75;0,4;0,4;0,75;-0,35;10;4;4;3;6;1;1;6;-5;0;0;1
"551342";"2011-580";"Australian Open";"Hard";"128";"Grand Slams";222;145;"Stan Wawrinka";"R";183;"SUI";25,8;96;"Gael Monfils";"R";193;"FRA";24,3;"7-6(4) 6-2 6-3";5;"R32";155;11;2;95;60;45;19;14;4;6;3;7;120;69;42;22;15;15;21;19;1855;12;2560;7;6;6;NA;NA;6;2;3;NA;NA;2011-01-17;2011;"2011-580:222";186;0;3,75207248655641;4,41503749927884;96;"Gael Monfils";145;"Stan Wawrinka";4,41503749927884;3,75207248655641;0,662965012722429;24,3;25,8;-1,5;193;183;10;0,666666666666667;0,714285714285714;0,714285714285714;0,666666666666667;0,0476190476190477;21;6;15;4;6;2;2;6;-4;0;0;1
"551345";"2011-580";"Australian Open";"Hard";"128";"Grand Slams";225;101;"Rafael Nadal";"L";185;"ESP";24,6;22;"Marin Cilic";"R";198;"CRO";22,3;"6-2 6-4 6-3";5;"R16";151;3;3;85;62;49;11;13;2;2;8;4;100;55;42;15;14;9;14;1;12390;15;2140;6;6;6;NA;NA;2;4;3;NA;NA;2011-01-17;2011;"2011-580:225";187;0;8;4,09310940439148;22;"Marin Cilic";101;"Rafael Nadal";4,09310940439148;8;-3,90689059560852;22,3;24,6;-2,3;198;185;13;1;0,642857142857143;0,642857142857143;1;-0,357142857142857;14;2;9;2;5;0;0;5;-5;0;0;1
"551346";"2011-580";"Australian Open";"Hard";"128";"Grand Slams";226;45;"David Ferrer";"R";175;"ESP";28,7;116;"Milos Raonic";"R";196;"CAN";20;"4-6 6-2 6-3 6-4";5;"R16";156;3;1;113;80;62;18;19;7;9;15;2;127;77;50;26;18;9;14;7;3895;152;351;4;6;6;6;NA;6;2;3;4;NA;2011-01-17;2011;"2011-580:226";188;1;5,1926450779424;0,752072486556415;45;"David Ferrer";116;"Milos Raonic";5,1926450779424;0,752072486556415;4,44057259138598;28,7;20;8,7;175;196;-21;0,777777777777778;0,642857142857143;0,777777777777778;0,642857142857143;0,134920634920635;14;9;9;7;5;2;5;2;3;0;0;1
"551348";"2011-580";"Australian Open";"Hard";"128";"Grand Slams";228;100;"Andy Murray";"R";190;"GBR";23,6;93;"Jurgen Melzer";"L";183;"AUT";29,6;"6-3 6-1 6-1";5;"R16";104;13;3;70;40;33;17;12;7;8;1;1;72;47;24;8;11;7;14;5;5760;11;2785;6;6;6;NA;NA;3;1;1;NA;NA;2011-01-17;2011;"2011-580:228";189;0;5,67807190511264;4,5405683813627;93;"Jurgen Melzer";100;"Andy Murray";4,5405683813627;5,67807190511264;-1,13750352374994;29,6;23,6;6;183;190;-7;0,875;0,5;0,5;0,875;-0,375;14;8;7;7;7;1;1;7;-6;0;0;1
"551350";"2011-580";"Australian Open";"Hard";"128";"Grand Slams";230;35;"Novak Djokovic";"R";188;"SRB";23,6;3;"Nicolas Almagro";"R";183;"ESP";25,4;"6-3 6-4 6-0";5;"R16";104;12;4;75;56;48;9;13;3;3;5;2;78;46;28;14;12;8;13;3;6240;14;2160;6;6;6;NA;NA;3;4;0;NA;NA;2011-01-17;2011;"2011-580:230";190;0;6,41503749927884;4,1926450779424;3;"Nicolas Almagro";35;"Novak Djokovic";4,1926450779424;6,41503749927884;-2,22239242133645;25,4;23,6;1,8;183;188;-5;1;0,615384615384615;0,615384615384615;1;-0,384615384615385;13;3;8;3;5;0;0;5;-5;0;0;1
"551351";"2011-580";"Australian Open";"Hard";"128";"Grand Slams";231;145;"Stan Wawrinka";"R";183;"SUI";25,8;118;"Andy Roddick";"R";188;"USA";28,3;"6-3 6-4 6-4";5;"R16";142;24;2;79;39;36;26;15;3;3;9;4;112;70;50;18;14;10;13;19;1855;8;3565;6;6;6;NA;NA;3;4;4;NA;NA;2011-01-17;2011;"2011-580:231";191;0;3,75207248655641;5;118;"Andy Roddick";145;"Stan Wawrinka";5;3,75207248655641;1,24792751344359;28,3;25,8;2,5;188;183;5;1;0,769230769230769;0,769230769230769;1;-0,230769230769231;13;3;10;3;3;0;0;3;-3;0;0;1
"551353";"2011-580";"Australian Open";"Hard";"128";"Grand Slams";233;45;"David Ferrer";"R";175;"ESP";28,7;101;"Rafael Nadal";"L";185;"ESP";24,6;"6-4 6-2 6-3";5;"QF";153;8;2;73;50;36;13;14;6;8;2;1;104;69;38;13;13;8;15;7;3895;1;12390;6;6;6;NA;NA;4;2;3;NA;NA;2011-01-17;2011;"2011-580:233";192;1;5,1926450779424;8;45;"David Ferrer";101;"Rafael Nadal";5,1926450779424;8;-2,8073549220576;28,7;24,6;4,1;175;185;-10;0,75;0,533333333333333;0,75;0,533333333333333;0,216666666666667;15;8;8;6;7;2;7;2;5;0;0;1
"551354";"2011-580";"Australian Open";"Hard";"128";"Grand Slams";234;100;"Andy Murray";"R";190;"GBR";23,6;36;"Alexandr Dolgopolov";"R";180;"UKR";22,1;"7-5 6-3 6-7(3) 6-3";5;"QF";186;9;5;118;69;52;30;22;1;5;16;5;158;92;65;23;20;11;18;5;5760;46;953;7;6;6;6;NA;5;3;7;3;NA;2011-01-17;2011;"2011-580:234";193;0;5,67807190511264;2,47643804394299;36;"Alexandr Dolgopolov";100;"Andy Murray";2,47643804394299;5,67807190511264;-3,20163386116965;22,1;23,6;-1,5;180;190;-10;0,2;0,611111111111111;0,611111111111111;0,2;0,411111111111111;18;5;11;1;7;4;4;7;-3;0;0;1
"551355";"2011-580";"Australian Open";"Hard";"128";"Grand Slams";235;35;"Novak Djokovic";"R";188;"SRB";23,6;13;"Tomas Berdych";"R";196;"CZE";25,3;"6-1 7-6(5) 6-1";5;"QF";152;10;1;91;62;51;12;14;1;2;6;5;96;52;37;15;12;5;10;3;6240;6;3955;6;7;6;NA;NA;1;6;1;NA;NA;2011-01-17;2011;"2011-580:235";194;0;6,41503749927884;5,41503749927884;13;"Tomas Berdych";35;"Novak Djokovic";5,41503749927884;6,41503749927884;-1;25,3;23,6;1,7;196;188;8;0,5;0,5;0,5;0,5;0;10;2;5;1;5;1;1;5;-4;0;0;1
"551356";"2011-580";"Australian Open";"Hard";"128";"Grand Slams";236;44;"Roger Federer";"R";185;"SUI";29,4;145;"Stan Wawrinka";"R";183;"SUI";25,8;"6-1 6-3 6-3";5;"QF";107;5;0;75;58;42;13;13;1;1;1;0;81;47;27;19;12;2;6;2;9245;19;1855;6;6;6;NA;NA;1;3;3;NA;NA;2011-01-17;2011;"2011-580:236";195;1;7;3,75207248655641;44;"Roger Federer";145;"Stan Wawrinka";7;3,75207248655641;3,24792751344359;29,4;25,8;3,6;185;183;2;1;0,333333333333333;1;0,333333333333333;0,666666666666667;6;1;2;1;4;0;4;0;4;0;0;1
"551357";"2011-580";"Australian Open";"Hard";"128";"Grand Slams";237;100;"Andy Murray";"R";190;"GBR";23,6;45;"David Ferrer";"R";175;"ESP";28,7;"4-6 7-6(2) 6-1 7-6(2)";5;"SF";226;9;3;151;91;68;22;21;13;18;5;2;142;94;57;23;20;5;11;5;5760;7;3895;4;7;6;7;NA;6;6;1;6;NA;2011-01-17;2011;"2011-580:237";196;0;5,67807190511264;5,1926450779424;45;"David Ferrer";100;"Andy Murray";5,1926450779424;5,67807190511264;-0,485426827170242;28,7;23,6;5,1;175;190;-15;0,722222222222222;0,454545454545455;0,454545454545455;0,722222222222222;-0,267676767676768;11;18;5;13;6;5;5;6;-1;0;0;1
"551358";"2011-580";"Australian Open";"Hard";"128";"Grand Slams";238;35;"Novak Djokovic";"R";188;"SRB";23,6;44;"Roger Federer";"R";185;"SUI";29,4;"7-6(3) 7-5 6-4";5;"SF";180;6;5;125;86;63;16;17;7;10;5;0;105;62;45;20;17;9;14;3;6240;2;9245;7;7;6;NA;NA;6;5;4;NA;NA;2011-01-17;2011;"2011-580:238";197;1;6,41503749927884;7;35;"Novak Djokovic";44;"Roger Federer";6,41503749927884;7;-0,584962500721156;23,6;29,4;-5,8;188;185;3;0,7;0,642857142857143;0,7;0,642857142857143;0,057142857142857;14;10;9;7;5;3;5;3;2;0;0;1
"551359";"2011-580";"Australian Open";"Hard";"128";"Grand Slams";239;35;"Novak Djokovic";"R";188;"SRB";23,6;100;"Andy Murray";"R";190;"GBR";23,6;"6-4 6-2 6-3";5;"F";159;5;0;75;48;35;15;14;1;4;6;4;109;59;37;16;13;11;18;3;6240;5;5760;6;6;6;NA;NA;4;2;3;NA;NA;2011-01-17;2011;"2011-580:239";198;1;6,41503749927884;5,67807190511264;35;"Novak Djokovic";100;"Andy Murray";6,41503749927884;5,67807190511264;0,736965594166206;23,6;23,6;0;188;190;-2;0,25;0,611111111111111;0,25;0,611111111111111;-0,361111111111111;18;4;11;1;7;3;7;3;4;0;0;1
"569192";"2011-560";"US Open";"Hard";"128";"Grand Slams";120;51;"Richard Gasquet";"R";185;"FRA";25,1;131;"Sergiy Stakhovsky";"R";193;"UKR";25,6;"6-4 6-4 6-0";5;"R128";113;8;1;79;51;39;16;13;4;5;3;5;81;51;29;14;13;7;13;13;2080;55;825;6;6;6;NA;NA;4;4;0;NA;NA;2011-08-29;2011;"2011-560:120";199;1;4,29956028185891;2,21864028647534;51;"Richard Gasquet";131;"Sergiy Stakhovsky";4,29956028185891;2,21864028647534;2,08091999538357;25,1;25,6;-0,5;185;193;-8;0,8;0,538461538461538;0,8;0,538461538461538;0,261538461538462;13;5;7;4;6;1;6;1;5;0;0;1
"569200";"2011-560";"US Open";"Hard";"128";"Grand Slams";128;96;"Gael Monfils";"R";193;"FRA";24,9;33;"Grigor Dimitrov";"R";188;"BUL";20,2;"7-6(4) 6-3 6-4";5;"R128";159;2;3;111;64;43;27;16;7;10;3;5;117;68;43;22;15;8;13;7;3165;57;801;7;6;6;NA;NA;6;3;4;NA;NA;2011-08-29;2011;"2011-560:128";200;0;5,1926450779424;2,16710998583526;33;"Grigor Dimitrov";96;"Gael Monfils";2,16710998583526;5,1926450779424;-3,02553509210714;20,2;24,9;-4,7;188;193;-5;0,7;0,615384615384615;0,615384615384615;0,7;-0,0846153846153845;13;10;8;7;5;3;3;5;-2;0;0;1
"569204";"2011-560";"US Open";"Hard";"128";"Grand Slams";132;22;"Marin Cilic";"R";198;"CRO";22,9;59;"Ryan Harrison";"R";183;"USA";19,3;"6-2 7-5 7-6(6)";5;"R128";146;2;4;95;43;29;33;16;3;7;1;7;96;41;21;29;16;2;9;28;1375;66;715;6;7;7;NA;NA;2;5;6;NA;NA;2011-08-29;2011;"2011-560:132";201;1;3,1926450779424;1,95560588064155;22;"Marin Cilic";59;"Ryan Harrison";3,1926450779424;1,95560588064155;1,23703919730085;22,9;19,3;3,6;198;183;15;0,428571428571429;0,222222222222222;0,428571428571429;0,222222222222222;0,206349206349206;9;7;2;3;7;4;7;4;3;0;0;1
"569205";"2011-560";"US Open";"Hard";"128";"Grand Slams";133;132;"Radek Stepanek";"R";185;"CZE";32,7;74;"Philipp Kohlschreiber";"R";178;"GER";27,8;"6-4 6-1 6-3";5;"R128";120;3;5;85;46;37;22;13;2;2;6;3;81;40;28;19;13;4;9;25;1440;47;910;6;6;6;NA;NA;4;1;3;NA;NA;2011-08-29;2011;"2011-560:133";202;0;3,35614381022528;2,44541114832236;74;"Philipp Kohlschreiber";132;"Radek Stepanek";2,44541114832236;3,35614381022528;-0,910732661902913;27,8;32,7;-4,9;178;185;-7;1;0,444444444444444;0,444444444444444;1;-0,555555555555556;9;2;4;2;5;0;0;5;-5;0;0;1
"569220";"2011-560";"US Open";"Hard";"128";"Grand Slams";148;64;"John Isner";"R";206;"USA";26,3;7;"Marcos Baghdatis";"R";183;"CYP";26,1;"7-6(2) 7-6(11) 2-6 6-4";5;"R128";192;14;3;138;100;76;22;21;3;5;11;5;138;65;55;42;21;4;5;22;1545;59;770;7;7;2;6;NA;6;6;6;4;NA;2011-08-29;2011;"2011-560:148";203;0;3,5405683813627;2,11735695063816;7;"Marcos Baghdatis";64;"John Isner";2,11735695063816;3,5405683813627;-1,42321143072454;26,1;26,3;-0,199999999999999;183;206;-23;0,6;0,8;0,8;0,6;0,2;5;5;4;3;1;2;2;1;1;0;0;1
"569236";"2011-560";"US Open";"Hard";"128";"Grand Slams";164;89;"Florian Mayer";"R";190;"GER";27,8;87;"Adrian Mannarino";"L";183;"FRA";23,1;"6-2 6-0 6-1";5;"R128";76;3;1;54;32;29;13;10;2;2;1;6;69;30;15;14;11;6;14;27;1405;58;775;6;6;6;NA;NA;2;0;1;NA;NA;2011-08-29;2011;"2011-560:164";204;0;3,24511249783653;2,14201900487243;87;"Adrian Mannarino";89;"Florian Mayer";2,14201900487243;3,24511249783653;-1,1030934929641;23,1;27,8;-4,7;183;190;-7;1;0,428571428571429;0,428571428571429;1;-0,571428571428571;14;2;6;2;8;0;0;8;-8;0;0;1
"569252";"2011-560";"US Open";"Hard";"128";"Grand Slams";180;70;"Ivo Karlovic";"R";208;"CRO";32,4;51;"Richard Gasquet";"R";185;"FRA";25,1;"6-4 6-2 2-6 7-6(4)";5;"R64";157;29;1;118;84;65;15;19;4;7;8;4;113;63;49;26;19;2;6;94;577;13;2080;6;6;2;7;NA;4;2;6;6;NA;2011-08-29;2011;"2011-560:180";205;0;1,44541114832236;4,29956028185891;51;"Richard Gasquet";70;"Ivo Karlovic";4,29956028185891;1,44541114832236;2,85414913353654;25,1;32,4;-7,3;185;208;-23;0,571428571428571;0,333333333333333;0,333333333333333;0,571428571428571;-0,238095238095238;6;7;2;4;4;3;3;4;-1;0;0;1
"569253";"2011-560";"US Open";"Hard";"128";"Grand Slams";181;13;"Tomas Berdych";"R";196;"CZE";25,9;46;"Fabio Fognini";"R";178;"ITA";24,2;"7-5 6-0 6-0";5;"R64";103;10;0;71;37;34;18;12;2;2;5;5;78;42;23;16;12;4;11;9;2690;38;1150;7;6;6;NA;NA;5;0;0;NA;NA;2011-08-29;2011;"2011-560:181";206;1;4,83007499855769;2,75207248655641;13;"Tomas Berdych";46;"Fabio Fognini";4,83007499855769;2,75207248655641;2,07800251200127;25,9;24,2;1,7;196;178;18;1;0,363636363636364;1;0,363636363636364;0,636363636363636;11;2;4;2;7;0;7;0;7;0;0;1
"569258";"2011-560";"US Open";"Hard";"128";"Grand Slams";186;22;"Marin Cilic";"R";198;"CRO";22,9;138;"Bernard Tomic";"R";193;"AUS";18,8;"6-1 6-0 6-2";5;"R64";80;8;1;54;29;21;21;10;5;5;5;4;75;42;22;9;11;4;12;28;1375;60;752;6;6;6;NA;NA;1;0;2;NA;NA;2011-08-29;2011;"2011-560:186";207;1;3,1926450779424;2,09310940439148;22;"Marin Cilic";138;"Bernard Tomic";3,1926450779424;2,09310940439148;1,09953567355091;22,9;18,8;4,1;198;193;5;1;0,333333333333333;1;0,333333333333333;0,666666666666667;12;5;4;5;8;0;8;0;8;0;0;1
"569269";"2011-560";"US Open";"Hard";"128";"Grand Slams";197;146;"Donald Young";"L";183;"USA";22;145;"Stan Wawrinka";"R";183;"SUI";26,4;"7-6(7) 3-6 2-6 6-3 7-6(1)";5;"R64";260;0;9;170;102;63;34;25;10;20;8;7;181;108;71;31;25;7;15;84;620;14;2035;7;3;2;6;7;6;6;6;3;6;2011-08-29;2011;"2011-560:197";208;0;1,60768257722124;4,1926450779424;145;"Stan Wawrinka";146;"Donald Young";4,1926450779424;1,60768257722124;2,58496250072116;26,4;22;4,4;183;183;0;0,5;0,466666666666667;0,466666666666667;0,5;-0,0333333333333333;15;20;7;10;8;10;10;8;2;0;0;1
"569271";"2011-560";"US Open";"Hard";"128";"Grand Slams";199;84;"Feliciano Lopez";"L";188;"ESP";29,9;112;"Vasek Pospisil";"R";193;"CAN";21,1;"5-7 6-4 7-6(3) 7-6(5)";5;"R64";202;21;7;146;84;71;32;23;4;7;19;8;158;84;61;44;23;8;11;26;1415;143;382;5;6;7;7;NA;7;4;6;6;NA;2011-08-29;2011;"2011-560:199";209;1;3,29956028185891;0,840128663221611;84;"Feliciano Lopez";112;"Vasek Pospisil";3,29956028185891;0,840128663221611;2,4594316186373;29,9;21,1;8,8;188;193;-5;0,571428571428571;0,727272727272727;0,571428571428571;0,727272727272727;-0,155844155844156;11;7;8;4;3;3;3;3;0;0;0;1
"569272";"2011-560";"US Open";"Hard";"128";"Grand Slams";200;100;"Andy Murray";"R";190;"GBR";24,2;57;"Robin Haase";"R";190;"NED";24,3;"6-7(5) 2-6 6-2 6-0 6-4";5;"R64";203;21;8;145;80;62;26;22;14;20;6;7;148;88;54;25;22;6;16;4;6535;41;1016;6;2;6;6;6;7;6;2;0;4;2011-08-29;2011;"2011-560:200";210;0;6;2,64244799538192;57;"Robin Haase";100;"Andy Murray";2,64244799538192;6;-3,35755200461808;24,3;24,2;0,100000000000001;190;190;0;0,7;0,375;0,375;0,7;-0,325;16;20;6;14;10;6;6;10;-4;0;0;1
"569275";"2011-560";"US Open";"Hard";"128";"Grand Slams";203;118;"Andy Roddick";"R";188;"USA";28,9;128;"Jack Sock";"R";185;"USA";18,9;"6-3 6-3 6-4";5;"R64";120;11;1;84;60;44;16;14;6;7;9;2;79;46;31;13;14;0;5;21;1680;555;47;6;6;6;NA;NA;3;3;4;NA;NA;2011-08-29;2011;"2011-560:203";211;1;3,60768257722124;-1,11634396123747;118;"Andy Roddick";128;"Jack Sock";3,60768257722124;-1,11634396123747;4,72402653845871;28,9;18,9;10;188;185;3;0,857142857142857;0;0,857142857142857;0;0,857142857142857;5;7;0;6;5;1;5;1;4;0;0;1
"569281";"2011-560";"US Open";"Hard";"128";"Grand Slams";209;35;"Novak Djokovic";"R";188;"SRB";24,2;29;"Nikolay Davydenko";"R";178;"RUS";30,2;"6-3 6-4 6-2";5;"R32";127;4;0;80;49;37;20;14;1;2;1;2;81;59;33;10;13;7;12;1;13920;39;1115;6;6;6;NA;NA;3;4;2;NA;NA;2011-08-29;2011;"2011-560:209";212;0;8;2,71459778113775;29;"Nikolay Davydenko";35;"Novak Djokovic";2,71459778113775;8;-5,28540221886225;30,2;24,2;6;178;188;-10;0,5;0,583333333333333;0,583333333333333;0,5;0,0833333333333334;12;2;7;1;5;1;1;5;-4;0;0;1
"569285";"2011-560";"US Open";"Hard";"128";"Grand Slams";213;44;"Roger Federer";"R";185;"SUI";30;22;"Marin Cilic";"R";198;"CRO";22,9;"6-3 4-6 6-4 6-2";5;"R32";160;6;3;108;63;47;28;19;7;9;12;5;119;57;39;32;18;8;14;3;8380;28;1375;6;4;6;6;NA;3;6;4;2;NA;2011-08-29;2011;"2011-560:213";213;0;6,41503749927884;3,1926450779424;22;"Marin Cilic";44;"Roger Federer";3,1926450779424;6,41503749927884;-3,22239242133645;22,9;30;-7,1;198;185;13;0,777777777777778;0,571428571428571;0,571428571428571;0,777777777777778;-0,206349206349206;14;9;8;7;6;2;2;6;-4;0;0;1
"569292";"2011-560";"US Open";"Hard";"128";"Grand Slams";220;100;"Andy Murray";"R";190;"GBR";24,2;84;"Feliciano Lopez";"L";188;"ESP";29,9;"6-1 6-4 6-2";5;"R32";114;3;0;74;55;41;15;13;2;2;5;8;81;36;24;18;12;8;13;4;6535;26;1415;6;6;6;NA;NA;1;4;2;NA;NA;2011-08-29;2011;"2011-560:220";214;0;6;3,29956028185891;84;"Feliciano Lopez";100;"Andy Murray";3,29956028185891;6;-2,70043971814109;29,9;24,2;5,7;188;190;-2;1;0,615384615384615;0,615384615384615;1;-0,384615384615385;13;2;8;2;5;0;0;5;-5;0;0;1
"569297";"2011-560";"US Open";"Hard";"128";"Grand Slams";225;35;"Novak Djokovic";"R";188;"SRB";24,2;36;"Alexandr Dolgopolov";"R";180;"UKR";22,8;"7-6(14) 6-4 6-2";5;"R16";146;2;3;105;69;52;19;15;4;6;5;5;94;41;32;22;15;2;7;1;13920;23;1530;7;6;6;NA;NA;6;4;2;NA;NA;2011-08-29;2011;"2011-560:225";215;1;8;3,47643804394299;35;"Novak Djokovic";36;"Alexandr Dolgopolov";8;3,47643804394299;4,52356195605701;24,2;22,8;1,4;188;180;8;0,666666666666667;0,285714285714286;0,666666666666667;0,285714285714286;0,380952380952381;7;6;2;4;5;2;5;2;3;0;0;1
"569301";"2011-560";"US Open";"Hard";"128";"Grand Slams";229;64;"John Isner";"R";206;"USA";26,3;125;"Gilles Simon";"R";183;"FRA";26,6;"7-6(2) 3-6 7-6(2) 7-6(4)";5;"R16";219;26;5;158;100;67;34;22;7;12;6;1;148;102;74;24;23;5;9;22;1545;12;2325;7;3;7;7;NA;6;6;6;6;NA;2011-08-29;2011;"2011-560:229";216;1;3,5405683813627;4,41503749927884;64;"John Isner";125;"Gilles Simon";3,5405683813627;4,41503749927884;-0,874469117916141;26,3;26,6;-0,300000000000001;206;183;23;0,583333333333333;0,555555555555556;0,583333333333333;0,555555555555556;0,0277777777777778;9;12;5;7;4;5;4;5;-1;0;0;1
"569302";"2011-560";"US Open";"Hard";"128";"Grand Slams";230;100;"Andy Murray";"R";190;"GBR";24,2;146;"Donald Young";"L";183;"USA";22;"6-2 6-3 6-3";5;"R16";118;5;3;74;35;24;22;13;2;5;2;5;78;46;22;12;13;3;11;4;6535;84;620;6;6;6;NA;NA;2;3;3;NA;NA;2011-08-29;2011;"2011-560:230";217;1;6;1,60768257722124;100;"Andy Murray";146;"Donald Young";6;1,60768257722124;4,39231742277876;24,2;22;2,2;190;183;7;0,4;0,272727272727273;0,4;0,272727272727273;0,127272727272727;11;5;3;2;8;3;8;3;5;0;0;1
"569304";"2011-560";"US Open";"Hard";"128";"Grand Slams";232;101;"Rafael Nadal";"L";185;"ESP";25,2;99;"Gilles Muller";"L";193;"LUX";28,3;"7-6(1) 6-1 6-2";5;"R16";128;5;4;74;54;44;11;14;0;2;11;1;92;50;33;14;13;6;12;2;11420;68;710;7;6;6;NA;NA;6;1;2;NA;NA;2011-08-29;2011;"2011-560:232";218;0;7;1,91253715874966;99;"Gilles Muller";101;"Rafael Nadal";1,91253715874966;7;-5,08746284125034;28,3;25,2;3,1;193;185;8;0;0,5;0,5;0;0,5;12;2;6;0;6;2;2;6;-4;0;0;1
"569307";"2011-560";"US Open";"Hard";"128";"Grand Slams";235;100;"Andy Murray";"R";190;"GBR";24,2;64;"John Isner";"R";206;"USA";26,3;"7-5 6-4 3-6 7-6(2)";5;"QF";204;14;2;128;87;68;26;21;5;6;17;5;135;91;67;22;22;3;5;4;6535;22;1545;7;6;3;7;NA;5;4;6;6;NA;2011-08-29;2011;"2011-560:235";219;0;6;3,5405683813627;64;"John Isner";100;"Andy Murray";3,5405683813627;6;-2,4594316186373;26,3;24,2;2,1;206;190;16;0,833333333333333;0,6;0,6;0,833333333333333;-0,233333333333333;5;6;3;5;2;1;1;2;-1;0;0;1
"569308";"2011-560";"US Open";"Hard";"128";"Grand Slams";236;101;"Rafael Nadal";"L";185;"ESP";25,2;118;"Andy Roddick";"R";188;"USA";28,9;"6-2 6-1 6-3";5;"QF";113;6;1;67;46;38;12;12;4;4;9;3;68;40;25;9;12;1;7;2;11420;21;1680;6;6;6;NA;NA;2;1;3;NA;NA;2011-08-29;2011;"2011-560:236";220;1;7;3,60768257722124;101;"Rafael Nadal";118;"Andy Roddick";7;3,60768257722124;3,39231742277876;25,2;28,9;-3,7;185;188;-3;1;0,142857142857143;1;0,142857142857143;0,857142857142857;7;4;1;4;6;0;6;0;6;0;0;1
"569309";"2011-560";"US Open";"Hard";"128";"Grand Slams";237;35;"Novak Djokovic";"R";188;"SRB";24,2;44;"Roger Federer";"R";185;"SUI";30;"6-7(7) 4-6 6-3 6-2 7-5";5;"SF";231;8;6;140;82;68;32;26;2;5;11;4;164;101;68;35;25;6;12;1;13920;3;8380;6;4;6;6;7;7;6;3;2;5;2011-08-29;2011;"2011-560:237";221;1;8;6,41503749927884;35;"Novak Djokovic";44;"Roger Federer";8;6,41503749927884;1,58496250072116;24,2;30;-5,8;188;185;3;0,4;0,5;0,4;0,5;-0,1;12;5;6;2;6;3;6;3;3;0;0;1
"569310";"2011-560";"US Open";"Hard";"128";"Grand Slams";238;101;"Rafael Nadal";"L";185;"ESP";25,2;100;"Andy Murray";"R";190;"GBR";24,2;"6-4 6-2 3-6 6-2";5;"SF";204;3;1;111;75;54;20;17;8;10;8;2;121;65;43;26;18;12;18;2;11420;4;6535;6;6;3;6;NA;4;2;6;2;NA;2011-08-29;2011;"2011-560:238";222;0;7;6;100;"Andy Murray";101;"Rafael Nadal";6;7;-1;24,2;25,2;-1;190;185;5;0,8;0,666666666666667;0,666666666666667;0,8;-0,133333333333333;18;10;12;8;6;2;2;6;-4;0;0;1
"569311";"2011-560";"US Open";"Hard";"128";"Grand Slams";239;35;"Novak Djokovic";"R";188;"SRB";24,2;101;"Rafael Nadal";"L";185;"ESP";25,2;"6-2 6-4 6-7(3) 6-1";5;"F";250;7;1;127;84;55;19;19;8;14;2;3;141;96;50;19;18;15;27;1;13920;2;11420;6;6;6;6;NA;2;4;7;1;NA;2011-08-29;2011;"2011-560:239";223;1;8;7;35;"Novak Djokovic";101;"Rafael Nadal";8;7;1;24,2;25,2;-1;188;185;3;0,571428571428571;0,555555555555556;0,571428571428571;0,555555555555556;0,0158730158730158;27;14;15;8;12;6;12;6;6;0;0;1
"577190";"2012-580";"Australian Open";"Hard";"128";"Grand Slams";113;35;"Novak Djokovic";"R";188;"SRB";24,6;85;"Paolo Lorenzi";"R";183;"ITA";30;"6-2 6-0 6-0";5;"R128";92;4;1;62;45;33;8;10;4;5;0;5;61;32;18;2;10;4;13;1;13630;109;521;6;6;6;NA;NA;2;0;0;NA;NA;2012-01-16;2012;"2012-580:113";224;1;8;1,23181567522307;35;"Novak Djokovic";85;"Paolo Lorenzi";8;1,23181567522307;6,76818432477693;24,6;30;-5,4;188;183;5;0,8;0,307692307692308;0,8;0,307692307692308;0,492307692307692;13;5;4;4;9;1;9;1;8;0;0;1
"577201";"2012-580";"Australian Open";"Hard";"128";"Grand Slams";124;51;"Richard Gasquet";"R";185;"FRA";25,5;123;"Andreas Seppi";"R";190;"ITA";27,9;"6-3 3-6 6-3 6-1";5;"R128";151;9;3;97;63;49;15;17;3;6;8;6;113;59;35;25;17;10;17;18;1765;40;1015;6;3;6;6;NA;3;6;3;1;NA;2012-01-16;2012;"2012-580:124";225;1;3,83007499855769;2,67807190511264;51;"Richard Gasquet";123;"Andreas Seppi";3,83007499855769;2,67807190511264;1,15200309344505;25,5;27,9;-2,4;185;190;-5;0,5;0,588235294117647;0,5;0,588235294117647;-0,0882352941176471;17;6;10;3;7;3;7;3;4;0;0;1
"577206";"2012-580";"Australian Open";"Hard";"128";"Grand Slams";129;100;"Andy Murray";"R";190;"GBR";24,6;59;"Ryan Harrison";"R";183;"USA";19,6;"4-6 6-3 6-4 6-2";5;"R128";192;8;5;120;65;46;33;19;5;7;8;8;122;77;51;21;18;9;14;4;7380;77;666;4;6;6;6;NA;6;3;4;2;NA;2012-01-16;2012;"2012-580:129";226;0;6;1,7332134593051;59;"Ryan Harrison";100;"Andy Murray";1,7332134593051;6;-4,2667865406949;19,6;24,6;-5;183;190;-7;0,714285714285714;0,642857142857143;0,642857142857143;0,714285714285714;-0,0714285714285714;14;7;9;5;5;2;2;5;-3;0;0;1
"577229";"2012-580";"Australian Open";"Hard";"128";"Grand Slams";152;31;"Juan Martin del Potro";"R";198;"ARG";23,3;87;"Adrian Mannarino";"L";183;"FRA";23,5;"2-6 6-1 7-5 6-4";5;"R128";179;11;6;138;80;60;23;19;9;13;7;3;101;69;48;11;18;2;8;11;2315;91;598;2;6;7;6;NA;6;1;5;4;NA;2012-01-16;2012;"2012-580:152";227;1;4,5405683813627;1,4922053598013;31;"Juan Martin del Potro";87;"Adrian Mannarino";4,5405683813627;1,4922053598013;3,0483630215614;23,3;23,5;-0,199999999999999;198;183;15;0,692307692307692;0,25;0,692307692307692;0,25;0,442307692307692;8;13;2;9;6;4;6;4;2;0;0;1
"577238";"2012-580";"Australian Open";"Hard";"128";"Grand Slams";161;13;"Tomas Berdych";"R";196;"CZE";26,3;115;"Albert Ramos";"L";188;"ESP";23,9;"7-5 4-6 6-2 6-3";5;"R128";172;7;6;113;59;51;29;20;2;4;4;4;113;61;42;27;19;2;7;7;3700;67;734;7;4;6;6;NA;5;6;2;3;NA;2012-01-16;2012;"2012-580:161";228;1;5,1926450779424;1,93391080954223;13;"Tomas Berdych";115;"Albert Ramos";5,1926450779424;1,93391080954223;3,25873426840017;26,3;23,9;2,4;196;188;8;0,5;0,285714285714286;0,5;0,285714285714286;0,214285714285714;7;4;2;2;5;2;5;2;3;0;0;1
"577242";"2012-580";"Australian Open";"Hard";"128";"Grand Slams";165;145;"Stan Wawrinka";"R";183;"SUI";26,8;108;"Benoit Paire";"R";196;"FRA";22,6;"6-1 6-1 7-5";5;"R128";100;1;3;98;59;41;24;13;10;11;3;6;83;45;28;11;13;4;11;22;1615;84;636;6;6;7;NA;NA;1;1;5;NA;NA;2012-01-16;2012;"2012-580:165";229;0;3,5405683813627;1,60768257722124;108;"Benoit Paire";145;"Stan Wawrinka";1,60768257722124;3,5405683813627;-1,93288580414146;22,6;26,8;-4,2;196;183;13;0,909090909090909;0,363636363636364;0,363636363636364;0,909090909090909;-0,545454545454545;11;11;4;10;7;1;1;7;-6;0;0;1
"577244";"2012-580";"Australian Open";"Hard";"128";"Grand Slams";167;33;"Grigor Dimitrov";"R";188;"BUL";20,6;20;"Jeremy Chardy";"R";188;"FRA";24,9;"4-6 6-3 3-6 6-4 6-4";5;"R128";197;11;6;156;91;68;33;24;19;22;19;8;140;77;64;29;24;11;15;78;666;82;652;4;6;3;6;6;6;3;6;4;4;2012-01-16;2012;"2012-580:167";230;0;1,71459778113775;1,64244799538192;20;"Jeremy Chardy";33;"Grigor Dimitrov";1,64244799538192;1,71459778113775;-0,0721497857558351;24,9;20,6;4,3;188;188;0;0,863636363636364;0,733333333333333;0,733333333333333;0,863636363636364;-0,13030303030303;15;22;11;19;4;3;3;4;-1;0;0;1
"577249";"2012-580";"Australian Open";"Hard";"128";"Grand Slams";172;84;"Feliciano Lopez";"L";188;"ESP";30,3;90;"Leonardo Mayer";"R";188;"ARG";24,6;"7-6(5) 6-3 7-6(2)";5;"R128";198;8;6;129;74;57;31;17;11;12;13;9;118;64;46;28;16;8;10;19;1755;80;659;7;6;7;NA;NA;6;3;6;NA;NA;2012-01-16;2012;"2012-580:172";231;1;3,75207248655641;1,67807190511264;84;"Feliciano Lopez";90;"Leonardo Mayer";3,75207248655641;1,67807190511264;2,07400058144378;30,3;24,6;5,7;188;188;0;0,916666666666667;0,8;0,916666666666667;0,8;0,116666666666667;10;12;8;11;2;1;2;1;1;0;0;1
"577251";"2012-580";"Australian Open";"Hard";"128";"Grand Slams";174;146;"Donald Young";"L";183;"USA";22,4;55;"Peter Gojowczyk";"R";185;"GER";22,5;"6-1 6-2 4-6 1-6 6-2";5;"R128";158;5;7;117;73;49;23;20;5;9;4;4;123;72;41;22;20;8;17;42;1004;248;192;6;6;4;1;6;1;2;6;6;2;2012-01-16;2012;"2012-580:174";232;0;2,60768257722124;0,0458036896131251;55;"Peter Gojowczyk";146;"Donald Young";0,0458036896131251;2,60768257722124;-2,56187888760811;22,5;22,4;0,100000000000001;185;183;2;0,555555555555556;0,470588235294118;0,470588235294118;0,555555555555556;-0,0849673202614379;17;9;8;5;9;4;4;9;-5;0;0;1
"577258";"2012-580";"Australian Open";"Hard";"128";"Grand Slams";181;137;"Janko Tipsarevic";"R";180;"SRB";27,5;38;"James Duckworth";"R";183;"AUS";19,9;"3-6 6-2 7-6(5) 6-4";5;"R64";191;11;3;105;62;49;26;19;2;5;9;6;145;99;65;20;20;11;15;9;2655;250;191;3;6;7;6;NA;6;2;6;4;NA;2012-01-16;2012;"2012-580:181";233;0;4,83007499855769;0,034215715337913;38;"James Duckworth";137;"Janko Tipsarevic";0,034215715337913;4,83007499855769;-4,79585928321977;19,9;27,5;-7,6;183;180;3;0,4;0,733333333333333;0,733333333333333;0,4;0,333333333333333;15;5;11;2;4;3;3;4;-1;0;0;1
"577279";"2012-580";"Australian Open";"Hard";"128";"Grand Slams";202;4;"Kevin Anderson";"R";203;"RSA";25,6;131;"Sergiy Stakhovsky";"R";193;"UKR";26;"3-6 6-1 7-6(3) 6-3";5;"R64";155;15;4;117;81;63;18;19;1;3;10;4;109;57;42;29;18;5;9;32;1190;65;755;3;6;7;6;NA;6;1;6;3;NA;2012-01-16;2012;"2012-580:202";234;1;3;1,97763218697155;4;"Kevin Anderson";131;"Sergiy Stakhovsky";3;1,97763218697155;1,02236781302845;25,6;26;-0,399999999999999;203;193;10;0,333333333333333;0,555555555555556;0,333333333333333;0,555555555555556;-0,222222222222222;9;3;5;1;4;2;4;2;2;0;0;1
"577280";"2012-580";"Australian Open";"Hard";"128";"Grand Slams";203;145;"Stan Wawrinka";"R";183;"SUI";26,8;7;"Marcos Baghdatis";"R";183;"CYP";26,5;"7-6(3) 6-4 5-7 6-1";5;"R64";190;4;4;132;70;49;31;20;7;12;1;8;138;77;45;27;21;7;14;22;1615;44;985;7;6;5;6;NA;6;4;7;1;NA;2012-01-16;2012;"2012-580:203";235;0;3,5405683813627;2,5405683813627;7;"Marcos Baghdatis";145;"Stan Wawrinka";2,5405683813627;3,5405683813627;-1;26,5;26,8;-0,300000000000001;183;183;0;0,583333333333333;0,5;0,5;0,583333333333333;-0,0833333333333334;14;12;7;7;7;5;5;7;-2;0;0;1
"577281";"2012-580";"Australian Open";"Hard";"128";"Grand Slams";204;3;"Nicolas Almagro";"R";183;"ESP";26,4;33;"Grigor Dimitrov";"R";188;"BUL";20,6;"4-6 6-3 6-7(4) 6-4 6-0";5;"R64";209;9;2;143;92;64;32;23;4;7;13;5;158;93;65;26;24;14;22;10;2380;78;666;4;6;6;6;6;6;3;7;4;0;2012-01-16;2012;"2012-580:204";236;1;4,67807190511264;1,71459778113775;3;"Nicolas Almagro";33;"Grigor Dimitrov";4,67807190511264;1,71459778113775;2,96347412397489;26,4;20,6;5,8;183;188;-5;0,571428571428571;0,636363636363636;0,571428571428571;0,636363636363636;-0,064935064935065;22;7;14;4;8;3;8;3;5;0;0;1
"577286";"2012-580";"Australian Open";"Hard";"128";"Grand Slams";209;35;"Novak Djokovic";"R";188;"SRB";24,6;86;"Nicolas Mahut";"R";190;"FRA";29,9;"6-0 6-1 6-1";5;"R32";74;7;1;52;32;27;14;10;1;1;0;5;66;43;21;5;10;6;14;1;13630;81;653;6;6;6;NA;NA;0;1;1;NA;NA;2012-01-16;2012;"2012-580:209";237;1;8;1,66014999711538;35;"Novak Djokovic";86;"Nicolas Mahut";8;1,66014999711538;6,33985000288462;24,6;29,9;-5,3;188;190;-2;1;0,428571428571429;1;0,428571428571429;0,571428571428571;14;1;6;1;8;0;8;0;8;0;0;1
"577287";"2012-580";"Australian Open";"Hard";"128";"Grand Slams";210;61;"Lleyton Hewitt";"R";180;"AUS";30,8;116;"Milos Raonic";"R";196;"CAN";21;"4-6 6-3 7-6(5) 6-3";5;"R32";186;7;7;136;77;57;32;21;6;8;23;6;115;61;47;28;19;2;5;181;265;25;1460;4;6;7;6;NA;6;3;6;3;NA;2012-01-16;2012;"2012-580:210";238;1;0,500154112916794;3,35614381022528;61;"Lleyton Hewitt";116;"Milos Raonic";0,500154112916794;3,35614381022528;-2,85598969730848;30,8;21;9,8;180;196;-16;0,75;0,4;0,75;0,4;0,35;5;8;2;6;3;2;3;2;1;0;0;1
"577288";"2012-580";"Australian Open";"Hard";"128";"Grand Slams";211;51;"Richard Gasquet";"R";185;"FRA";25,5;137;"Janko Tipsarevic";"R";180;"SRB";27,5;"6-3 6-3 6-1";5;"R32";97;7;1;68;41;29;20;13;0;1;5;1;75;37;19;18;12;6;12;18;1765;9;2655;6;6;6;NA;NA;3;3;1;NA;NA;2012-01-16;2012;"2012-580:211";239;1;3,83007499855769;4,83007499855769;51;"Richard Gasquet";137;"Janko Tipsarevic";3,83007499855769;4,83007499855769;-1;25,5;27,5;-2;185;180;5;0;0,5;0;0,5;-0,5;12;1;6;0;6;1;6;1;5;0;0;1
"577291";"2012-580";"Australian Open";"Hard";"128";"Grand Slams";214;78;"Mikhail Kukushkin";"R";183;"KAZ";24;96;"Gael Monfils";"R";193;"FRA";25,3;"6-2 7-5 5-7 1-6 6-4";5;"R32";220;5;2;148;98;62;24;24;7;15;9;11;159;106;68;19;25;17;25;92;598;15;1970;6;7;5;1;6;2;5;7;6;4;2012-01-16;2012;"2012-580:214";240;1;1,47643804394299;4,09310940439148;78;"Mikhail Kukushkin";96;"Gael Monfils";1,47643804394299;4,09310940439148;-2,61667136044849;24;25,3;-1,3;183;193;-10;0,466666666666667;0,68;0,466666666666667;0,68;-0,213333333333333;25;15;17;7;8;8;8;8;0;0;0;1
"577292";"2012-580";"Australian Open";"Hard";"128";"Grand Slams";215;103;"Kei Nishikori";"R";178;"JPN";22;11;"Julien Benneteau";"R";185;"FRA";30;"4-6 7-6(3) 7-6(4) 6-3";5;"R32";205;5;4;121;85;58;18;21;1;7;8;3;156;104;62;22;22;6;13;26;1410;39;1030;4;7;7;6;NA;6;6;6;3;NA;2012-01-16;2012;"2012-580:215";241;0;3,29956028185891;2,71459778113775;11;"Julien Benneteau";103;"Kei Nishikori";2,71459778113775;3,29956028185891;-0,584962500721157;30;22;8;185;178;7;0,142857142857143;0,461538461538462;0,461538461538462;0,142857142857143;0,318681318681319;13;7;6;1;7;6;6;7;-1;0;0;1
"577298";"2012-580";"Australian Open";"Hard";"128";"Grand Slams";221;13;"Tomas Berdych";"R";196;"CZE";26,3;4;"Kevin Anderson";"R";203;"RSA";25,6;"7-6(5) 7-6(1) 6-1";5;"R32";167;14;6;107;57;46;32;16;4;4;18;5;119;83;59;14;15;9;11;7;3700;32;1190;7;7;6;NA;NA;6;6;1;NA;NA;2012-01-16;2012;"2012-580:221";242;0;5,1926450779424;3;4;"Kevin Anderson";13;"Tomas Berdych";3;5,1926450779424;-2,1926450779424;25,6;26,3;-0,699999999999999;203;196;7;1;0,818181818181818;0,818181818181818;1;-0,181818181818182;11;4;9;4;2;0;0;2;-2;0;0;1
"577299";"2012-580";"Australian Open";"Hard";"128";"Grand Slams";222;3;"Nicolas Almagro";"R";183;"ESP";26,4;145;"Stan Wawrinka";"R";183;"SUI";26,8;"7-6(2) 6-2 6-4";5;"R32";147;7;0;90;58;40;21;15;0;3;4;2;118;72;41;21;15;11;17;10;2380;22;1615;7;6;6;NA;NA;6;2;4;NA;NA;2012-01-16;2012;"2012-580:222";243;1;4,67807190511264;3,5405683813627;3;"Nicolas Almagro";145;"Stan Wawrinka";4,67807190511264;3,5405683813627;1,13750352374994;26,4;26,8;-0,400000000000002;183;183;0;0;0,647058823529412;0;0,647058823529412;-0,647058823529412;17;3;11;0;6;3;6;3;3;0;0;1
"577300";"2012-580";"Australian Open";"Hard";"128";"Grand Slams";223;84;"Feliciano Lopez";"L";188;"ESP";30,3;64;"John Isner";"R";206;"USA";26,7;"6-3 6-7(3) 6-4 6-7(0) 6-1";5;"R32";206;16;12;153;86;65;43;25;3;4;29;3;147;108;78;17;25;5;11;19;1755;17;1800;6;6;6;6;6;3;7;4;7;1;2012-01-16;2012;"2012-580:223";244;0;3,75207248655641;3,91253715874966;64;"John Isner";84;"Feliciano Lopez";3,91253715874966;3,75207248655641;0,160464672193246;26,7;30,3;-3,6;206;188;18;0,75;0,454545454545455;0,454545454545455;0,75;-0,295454545454545;11;4;5;3;6;1;1;6;-5;0;0;1
"577301";"2012-580";"Australian Open";"Hard";"128";"Grand Slams";224;101;"Rafael Nadal";"L";185;"ESP";25,6;82;"Lukas Lacko";"R";185;"SVK";24,2;"6-2 6-4 6-2";5;"R32";115;2;0;68;55;47;6;13;4;5;8;3;78;52;31;11;13;6;12;2;9595;119;491;6;6;6;NA;NA;2;4;2;NA;NA;2012-01-16;2012;"2012-580:224";245;0;7;1,10518223669206;82;"Lukas Lacko";101;"Rafael Nadal";1,10518223669206;7;-5,89481776330794;24,2;25,6;-1,4;185;185;0;0,8;0,5;0,5;0,8;-0,3;12;5;6;4;6;1;1;6;-5;0;0;1
"577302";"2012-580";"Australian Open";"Hard";"128";"Grand Slams";225;35;"Novak Djokovic";"R";188;"SRB";24,6;61;"Lleyton Hewitt";"R";180;"AUS";30,8;"6-1 6-3 4-6 6-3";5;"R16";176;15;3;102;63;46;22;18;2;6;3;6;124;66;45;21;17;4;12;1;13630;181;265;6;6;4;6;NA;1;3;6;3;NA;2012-01-16;2012;"2012-580:225";246;1;8;0,500154112916794;35;"Novak Djokovic";61;"Lleyton Hewitt";8;0,500154112916794;7,49984588708321;24,6;30,8;-6,2;188;180;8;0,333333333333333;0,333333333333333;0,333333333333333;0,333333333333333;0;12;6;4;2;8;4;8;4;4;0;0;1
"577303";"2012-580";"Australian Open";"Hard";"128";"Grand Slams";226;45;"David Ferrer";"R";175;"ESP";29,7;51;"Richard Gasquet";"R";185;"FRA";25,5;"6-4 6-4 6-1";5;"R16";107;5;3;73;46;40;10;13;1;3;1;3;82;57;29;13;14;2;9;5;4925;18;1765;6;6;6;NA;NA;4;4;1;NA;NA;2012-01-16;2012;"2012-580:226";247;1;5,67807190511264;3,83007499855769;45;"David Ferrer";51;"Richard Gasquet";5,67807190511264;3,83007499855769;1,84799690655495;29,7;25,5;4,2;175;185;-10;0,333333333333333;0,222222222222222;0,333333333333333;0,222222222222222;0,111111111111111;9;3;2;1;7;2;7;2;5;0;0;1
"577305";"2012-580";"Australian Open";"Hard";"128";"Grand Slams";228;103;"Kei Nishikori";"R";178;"JPN";22;141;"Jo-Wilfried Tsonga";"R";188;"FRA";26,7;"2-6 6-2 6-1 3-6 6-3";5;"R16";210;1;5;125;82;57;23;21;8;12;13;3;142;82;56;26;20;12;18;26;1410;6;4335;2;6;6;3;6;6;2;1;6;3;2012-01-16;2012;"2012-580:228";248;1;3,29956028185891;5,41503749927884;103;"Kei Nishikori";141;"Jo-Wilfried Tsonga";3,29956028185891;5,41503749927884;-2,11547721741994;22;26,7;-4,7;178;188;-10;0,666666666666667;0,666666666666667;0,666666666666667;0,666666666666667;0;18;12;12;8;6;4;6;4;2;0;0;1
"577306";"2012-580";"Australian Open";"Hard";"128";"Grand Slams";229;31;"Juan Martin del Potro";"R";198;"ARG";23,3;74;"Philipp Kohlschreiber";"R";178;"GER";28,2;"6-4 6-2 6-1";5;"R16";126;5;1;69;43;35;14;12;2;3;3;3;87;50;32;9;13;9;16;11;2315;41;1005;6;6;6;NA;NA;4;2;1;NA;NA;2012-01-16;2012;"2012-580:229";249;1;4,5405683813627;2,64244799538192;31;"Juan Martin del Potro";74;"Philipp Kohlschreiber";4,5405683813627;2,64244799538192;1,89812038598079;23,3;28,2;-4,9;198;178;20;0,666666666666667;0,5625;0,666666666666667;0,5625;0,104166666666667;16;3;9;2;7;1;7;1;6;0;0;1
"577309";"2012-580";"Australian Open";"Hard";"128";"Grand Slams";232;101;"Rafael Nadal";"L";185;"ESP";25,6;84;"Feliciano Lopez";"L";188;"ESP";30,3;"6-4 6-4 6-2";5;"R16";145;4;1;71;57;46;9;14;3;4;10;6;109;62;41;18;14;13;18;2;9595;19;1755;6;6;6;NA;NA;4;4;2;NA;NA;2012-01-16;2012;"2012-580:232";250;0;7;3,75207248655641;84;"Feliciano Lopez";101;"Rafael Nadal";3,75207248655641;7;-3,24792751344359;30,3;25,6;4,7;188;185;3;0,75;0,722222222222222;0,722222222222222;0,75;-0,0277777777777778;18;4;13;3;5;1;1;5;-4;0;0;1
"577310";"2012-580";"Australian Open";"Hard";"128";"Grand Slams";233;35;"Novak Djokovic";"R";188;"SRB";24,6;45;"David Ferrer";"R";175;"ESP";29,7;"6-4 7-6(4) 6-1";5;"QF";164;3;0;91;47;34;29;15;2;4;2;1;98;64;39;17;14;7;12;1;13630;5;4925;6;7;6;NA;NA;4;6;1;NA;NA;2012-01-16;2012;"2012-580:233";251;1;8;5,67807190511264;35;"Novak Djokovic";45;"David Ferrer";8;5,67807190511264;2,32192809488736;24,6;29,7;-5,1;188;175;13;0,5;0,583333333333333;0,5;0,583333333333333;-0,0833333333333334;12;4;7;2;5;2;5;2;3;0;0;1
"577311";"2012-580";"Australian Open";"Hard";"128";"Grand Slams";234;100;"Andy Murray";"R";190;"GBR";24,6;103;"Kei Nishikori";"R";178;"JPN";22;"6-3 6-3 6-1";5;"QF";132;4;3;81;36;28;26;13;8;10;1;2;94;56;30;14;12;11;18;4;7380;26;1410;6;6;6;NA;NA;3;3;1;NA;NA;2012-01-16;2012;"2012-580:234";252;1;6;3,29956028185891;100;"Andy Murray";103;"Kei Nishikori";6;3,29956028185891;2,70043971814109;24,6;22;2,6;190;178;12;0,8;0,611111111111111;0,8;0,611111111111111;0,188888888888889;18;10;11;8;7;2;7;2;5;0;0;1
"577313";"2012-580";"Australian Open";"Hard";"128";"Grand Slams";236;101;"Rafael Nadal";"L";185;"ESP";25,6;13;"Tomas Berdych";"R";196;"CZE";26,3;"6-7(5) 7-6(6) 6-4 6-3";5;"QF";256;7;2;142;100;76;21;21;11;13;17;5;162;100;74;28;22;8;13;2;9595;7;3700;6;7;6;6;NA;7;6;4;3;NA;2012-01-16;2012;"2012-580:236";253;0;7;5,1926450779424;13;"Tomas Berdych";101;"Rafael Nadal";5,1926450779424;7;-1,8073549220576;26,3;25,6;0,699999999999999;196;185;11;0,846153846153846;0,615384615384615;0,615384615384615;0,846153846153846;-0,230769230769231;13;13;8;11;5;2;2;5;-3;0;0;1
"577314";"2012-580";"Australian Open";"Hard";"128";"Grand Slams";237;35;"Novak Djokovic";"R";188;"SRB";24,6;100;"Andy Murray";"R";190;"GBR";24,6;"6-3 3-6 6-7(4) 6-1 7-5";5;"SF";290;11;6;171;104;69;30;24;17;24;9;10;174;110;69;20;25;15;26;1;13630;4;7380;6;3;6;6;7;3;6;7;1;5;2012-01-16;2012;"2012-580:237";254;1;8;6;35;"Novak Djokovic";100;"Andy Murray";8;6;2;24,6;24,6;0;188;190;-2;0,708333333333333;0,576923076923077;0,708333333333333;0,576923076923077;0,131410256410256;26;24;15;17;11;7;11;7;4;0;0;1
"577315";"2012-580";"Australian Open";"Hard";"128";"Grand Slams";238;101;"Rafael Nadal";"L";185;"ESP";25,6;44;"Roger Federer";"R";185;"SUI";30,4;"6-7(5) 6-2 7-6(5) 6-4";5;"SF";222;4;1;141;109;75;20;21;7;10;11;5;135;86;57;27;21;10;16;2;9595;3;8010;6;6;7;6;NA;7;2;6;4;NA;2012-01-16;2012;"2012-580:238";255;0;7;6,41503749927884;44;"Roger Federer";101;"Rafael Nadal";6,41503749927884;7;-0,584962500721156;30,4;25,6;4,8;185;185;0;0,7;0,625;0,625;0,7;-0,075;16;10;10;7;6;3;3;6;-3;0;0;1
"577316";"2012-580";"Australian Open";"Hard";"128";"Grand Slams";239;35;"Novak Djokovic";"R";188;"SRB";24,6;101;"Rafael Nadal";"L";185;"ESP";25,6;"5-7 6-4 6-2 6-7(5) 7-5";5;"F";353;9;2;166;98;67;43;27;2;6;10;4;203;135;88;32;27;13;20;1;13630;2;9595;5;6;6;6;7;7;4;2;7;5;2012-01-16;2012;"2012-580:239";256;1;8;7;35;"Novak Djokovic";101;"Rafael Nadal";8;7;1;24,6;25,6;-1;188;185;3;0,333333333333333;0,65;0,333333333333333;0,65;-0,316666666666667;20;6;13;2;7;4;7;4;3;0;0;1
"596362";"2012-560";"US Open";"Hard";"128";"Grand Slams";118;29;"Nikolay Davydenko";"R";178;"RUS";31,2;110;"Guido Pella";"L";185;"ARG";22,2;"7-5 3-6 6-4 6-2";5;"R128";160;1;10;113;71;45;23;19;7;12;2;6;129;84;51;17;20;6;14;47;920;152;345;7;3;6;6;NA;5;6;4;2;NA;2012-08-27;2012;"2012-560:118";257;1;2,44541114832236;0,752072486556415;29;"Nikolay Davydenko";110;"Guido Pella";2,44541114832236;0,752072486556415;1,69333866176595;31,2;22,2;9;178;185;-7;0,583333333333333;0,428571428571429;0,583333333333333;0,428571428571429;0,154761904761905;14;12;6;7;8;5;8;5;3;0;0;1
"596376";"2012-560";"US Open";"Hard";"128";"Grand Slams";132;84;"Feliciano Lopez";"L";188;"ESP";30,9;57;"Robin Haase";"R";190;"NED";25,3;"6-3 7-5 6-2";5;"R128";108;17;3;85;46;39;27;15;1;1;8;4;89;48;33;23;14;8;12;31;1220;48;875;6;7;6;NA;NA;3;5;2;NA;NA;2012-08-27;2012;"2012-560:132";258;0;3,04580368961313;2,41503749927884;57;"Robin Haase";84;"Feliciano Lopez";2,41503749927884;3,04580368961313;-0,630766190334281;25,3;30,9;-5,6;190;188;2;1;0,666666666666667;0,666666666666667;1;-0,333333333333333;12;1;8;1;4;0;0;4;-4;0;0;1
"596377";"2012-560";"US Open";"Hard";"128";"Grand Slams";133;56;"Marcel Granollers";"R";190;"ESP";26,3;77;"Denis Kudla";"R";180;"USA";20;"6-3 4-6 6-3 7-6(2)";5;"R128";194;11;2;131;81;55;29;20;6;10;4;4;132;81;50;28;20;13;19;24;1555;161;324;6;4;6;7;NA;3;6;3;6;NA;2012-08-27;2012;"2012-560:133";259;1;3,41503749927884;0,669083121885383;56;"Marcel Granollers";77;"Denis Kudla";3,41503749927884;0,669083121885383;2,74595437739346;26,3;20;6,3;190;180;10;0,6;0,68421052631579;0,6;0,68421052631579;-0,0842105263157895;19;10;13;6;6;4;6;4;2;0;0;1
"596394";"2012-560";"US Open";"Hard";"128";"Grand Slams";150;108;"Benoit Paire";"R";196;"FRA";23,3;33;"Grigor Dimitrov";"R";188;"BUL";21,2;"5-7 6-3 7-6(4) 6-2";5;"R128";166;12;6;143;66;45;45;21;6;10;2;9;142;90;61;25;20;11;17;49;860;58;756;5;6;7;6;NA;7;3;6;2;NA;2012-08-27;2012;"2012-560:150";260;0;2,38529015588479;2,14201900487243;33;"Grigor Dimitrov";108;"Benoit Paire";2,14201900487243;2,38529015588479;-0,243271151012364;21,2;23,3;-2,1;188;196;-8;0,6;0,647058823529412;0,647058823529412;0,6;0,0470588235294118;17;10;11;6;6;4;4;6;-2;0;0;1
"596404";"2012-560";"US Open";"Hard";"128";"Grand Slams";160;45;"David Ferrer";"R";175;"ESP";30,4;4;"Kevin Anderson";"R";203;"RSA";26,2;"6-4 6-2 7-6(3)";5;"R128";136;4;3;91;59;50;17;15;3;3;7;2;93;57;39;22;15;4;7;5;5375;34;1110;6;6;7;NA;NA;4;2;6;NA;NA;2012-08-27;2012;"2012-560:160";261;0;5,67807190511264;2,91253715874966;4;"Kevin Anderson";45;"David Ferrer";2,91253715874966;5,67807190511264;-2,76553474636298;26,2;30,4;-4,2;203;175;28;1;0,571428571428571;0,571428571428571;1;-0,428571428571429;7;3;4;3;3;0;0;3;-3;0;0;1
"596408";"2012-560";"US Open";"Hard";"128";"Grand Slams";164;117;"Tommy Robredo";"R";180;"ESP";30,3;123;"Andreas Seppi";"R";190;"ITA";28,5;"6-1 7-5 6-3";5;"R128";115;10;4;86;54;45;17;14;3;3;3;1;82;47;33;16;14;2;7;178;285;27;1390;6;7;6;NA;NA;1;5;3;NA;NA;2012-08-27;2012;"2012-560:164";262;1;0,524266569033602;3,24511249783653;117;"Tommy Robredo";123;"Andreas Seppi";0,524266569033602;3,24511249783653;-2,72084592880293;30,3;28,5;1,8;180;190;-10;1;0,285714285714286;1;0,285714285714286;0,714285714285714;7;3;2;3;5;0;5;0;5;0;0;1
"596416";"2012-560";"US Open";"Hard";"128";"Grand Slams";172;145;"Stan Wawrinka";"R";183;"SUI";27,4;131;"Sergiy Stakhovsky";"R";193;"UKR";26,6;"6-7(6) 7-6(2) 6-4 6-2";5;"R128";183;12;5;135;62;49;46;21;5;7;3;5;134;75;53;30;21;5;10;19;1730;98;553;6;7;6;6;NA;7;6;4;2;NA;2012-08-27;2012;"2012-560:172";263;0;3,75207248655641;1,38529015588479;131;"Sergiy Stakhovsky";145;"Stan Wawrinka";1,38529015588479;3,75207248655641;-2,36678233067162;26,6;27,4;-0,799999999999997;193;183;10;0,714285714285714;0,5;0,5;0,714285714285714;-0,214285714285714;10;7;5;5;5;2;2;5;-3;0;0;1
"596420";"2012-560";"US Open";"Hard";"128";"Grand Slams";176;35;"Novak Djokovic";"R";188;"SRB";25,2;85;"Paolo Lorenzi";"R";183;"ITA";30,6;"6-1 6-0 6-1";5;"R128";73;7;0;53;42;32;7;10;0;1;0;5;61;32;15;6;10;4;13;2;11270;69;674;6;6;6;NA;NA;1;0;1;NA;NA;2012-08-27;2012;"2012-560:176";264;1;7;1,89147554322183;35;"Novak Djokovic";85;"Paolo Lorenzi";7;1,89147554322183;5,10852445677817;25,2;30,6;-5,4;188;183;5;0;0,307692307692308;0;0,307692307692308;-0,307692307692308;13;1;4;0;9;1;9;1;8;0;0;1
"596422";"2012-560";"US Open";"Hard";"128";"Grand Slams";178;143;"Fernando Verdasco";"L";188;"ESP";28,7;115;"Albert Ramos";"L";188;"ESP";24,6;"7-6(4) 5-7 7-6(5) 6-4";5;"R64";243;9;7;151;92;67;33;23;2;6;5;11;165;98;69;32;23;9;12;26;1525;50;855;7;5;7;6;NA;6;7;6;4;NA;2012-08-27;2012;"2012-560:178";265;0;3,29956028185891;2,35614381022528;115;"Albert Ramos";143;"Fernando Verdasco";2,35614381022528;3,29956028185891;-0,943416471633633;24,6;28,7;-4,1;188;188;0;0,333333333333333;0,75;0,75;0,333333333333333;0,416666666666667;12;6;9;2;3;4;4;3;1;0;0;1
"596430";"2012-560";"US Open";"Hard";"128";"Grand Slams";186;84;"Feliciano Lopez";"L";188;"ESP";30,9;5;"Pablo Andujar";"R";180;"ESP";26,5;"6-4 6-1 6-7(5) 3-6 7-5";5;"R64";255;19;9;179;97;73;36;24;10;14;4;5;166;105;60;37;26;9;17;31;1220;37;1065;6;6;6;3;7;4;1;7;6;5;2012-08-27;2012;"2012-560:186";266;0;3,04580368961313;2,79054663437105;5;"Pablo Andujar";84;"Feliciano Lopez";2,79054663437105;3,04580368961313;-0,255257055242075;26,5;30,9;-4,4;180;188;-8;0,714285714285714;0,529411764705882;0,529411764705882;0,714285714285714;-0,184873949579832;17;14;9;10;8;4;4;8;-4;0;0;1
"596434";"2012-560";"US Open";"Hard";"128";"Grand Slams";190;103;"Kei Nishikori";"R";178;"JPN";22,6;127;"Tim Smyczek";"R";175;"USA";24,6;"6-2 6-2 6-4";5;"R64";106;1;2;71;44;32;18;13;0;1;2;8;88;48;30;14;13;8;14;18;1790;179;284;6;6;6;NA;NA;2;2;4;NA;NA;2012-08-27;2012;"2012-560:190";267;1;3,83007499855769;0,516184222735744;103;"Kei Nishikori";127;"Tim Smyczek";3,83007499855769;0,516184222735744;3,31389077582194;22,6;24,6;-2;178;175;3;0;0,571428571428571;0;0,571428571428571;-0,571428571428571;14;1;8;0;6;1;6;1;5;0;0;1
"596439";"2012-560";"US Open";"Hard";"128";"Grand Slams";195;74;"Philipp Kohlschreiber";"R";178;"GER";28,8;108;"Benoit Paire";"R";196;"FRA";23,3;"6-7(4) 6-3 3-6 6-2 7-6(4)";5;"R64";218;9;2;168;100;70;42;25;11;15;15;11;186;91;71;41;25;10;16;20;1685;49;860;6;6;3;6;7;7;3;6;2;6;2012-08-27;2012;"2012-560:195";268;1;3,67807190511264;2,38529015588479;74;"Philipp Kohlschreiber";108;"Benoit Paire";3,67807190511264;2,38529015588479;1,29278174922785;28,8;23,3;5,5;178;196;-18;0,733333333333333;0,625;0,733333333333333;0,625;0,108333333333333;16;15;10;11;6;4;6;4;2;0;0;1
"596440";"2012-560";"US Open";"Hard";"128";"Grand Slams";196;64;"John Isner";"R";206;"USA";27,3;102;"Jarkko Nieminen";"L";185;"FIN";31;"6-3 6-7(5) 6-4 6-3";5;"R64";150;23;5;116;83;68;18;21;3;4;5;4;121;74;54;21;19;3;7;10;2880;42;957;6;6;6;6;NA;3;7;4;3;NA;2012-08-27;2012;"2012-560:196";269;1;4,67807190511264;2,60768257722124;64;"John Isner";102;"Jarkko Nieminen";4,67807190511264;2,60768257722124;2,0703893278914;27,3;31;-3,7;206;185;21;0,75;0,428571428571429;0,75;0,428571428571429;0,321428571428571;7;4;3;3;4;1;4;1;3;0;0;1
"596448";"2012-560";"US Open";"Hard";"128";"Grand Slams";204;46;"Fabio Fognini";"R";178;"ITA";25,2;49;"Guillermo Garcia Lopez";"R";188;"ESP";29,2;"6-4 6-4 6-2";5;"R64";113;5;2;75;47;36;15;14;0;2;2;9;95;51;30;20;14;4;10;59;745;68;681;6;6;6;NA;NA;4;4;2;NA;NA;2012-08-27;2012;"2012-560:204";270;1;2,11735695063816;1,91253715874966;46;"Fabio Fognini";49;"Guillermo Garcia Lopez";2,11735695063816;1,91253715874966;0,204819791888498;25,2;29,2;-4;178;188;-10;0;0,4;0;0,4;-0,4;10;2;4;0;6;2;6;2;4;0;0;1
"596450";"2012-560";"US Open";"Hard";"128";"Grand Slams";206;145;"Stan Wawrinka";"R";183;"SUI";27,4;27;"Steve Darcis";"R";178;"BEL";28,4;"6-7(6) 6-3 4-6 6-1 7-5";5;"R64";208;27;6;147;64;56;50;25;7;9;7;2;159;88;58;44;25;9;15;19;1730;74;655;6;6;4;6;7;7;3;6;1;5;2012-08-27;2012;"2012-560:206";271;0;3,75207248655641;1,79054663437105;27;"Steve Darcis";145;"Stan Wawrinka";1,79054663437105;3,75207248655641;-1,96152585218536;28,4;27,4;1;178;183;-5;0,777777777777778;0,6;0,6;0,777777777777778;-0,177777777777778;15;9;9;7;6;2;2;6;-4;0;0;1
"596455";"2012-560";"US Open";"Hard";"128";"Grand Slams";211;3;"Nicolas Almagro";"R";183;"ESP";27;128;"Jack Sock";"R";185;"USA";19,9;"7-6(3) 6-7(4) 7-6(2) 6-1";5;"R32";190;22;4;135;71;56;43;21;10;11;17;11;143;73;55;38;22;1;5;12;2305;243;192;7;6;7;6;NA;6;7;6;1;NA;2012-08-27;2012;"2012-560:211";272;1;4,41503749927884;0,0751874963942187;3;"Nicolas Almagro";128;"Jack Sock";4,41503749927884;0,0751874963942187;4,33985000288463;27;19,9;7,1;183;185;-2;0,909090909090909;0,2;0,909090909090909;0,2;0,709090909090909;5;11;1;10;4;1;4;1;3;0;0;1
"596457";"2012-560";"US Open";"Hard";"128";"Grand Slams";213;100;"Andy Murray";"R";190;"GBR";25,2;84;"Feliciano Lopez";"L";188;"ESP";30,9;"7-6(5) 7-6(5) 4-6 7-6(4)";5;"R32";233;16;7;168;104;78;31;23;9;13;18;4;146;75;65;37;23;9;12;4;7290;31;1220;7;7;4;7;NA;6;6;6;6;NA;2012-08-27;2012;"2012-560:213";273;0;6;3,04580368961313;84;"Feliciano Lopez";100;"Andy Murray";3,04580368961313;6;-2,95419631038687;30,9;25,2;5,7;188;190;-2;0,692307692307692;0,75;0,75;0,692307692307692;0,0576923076923077;12;13;9;9;3;4;4;3;1;0;0;1
"596459";"2012-560";"US Open";"Hard";"128";"Grand Slams";215;22;"Marin Cilic";"R";198;"CRO";23,9;103;"Kei Nishikori";"R";178;"JPN";22,6;"6-3 6-4 6-7(3) 6-3";5;"R32";213;13;4;136;61;47;48;21;8;9;4;8;123;79;52;25;19;8;12;13;2185;18;1790;6;6;6;6;NA;3;4;7;3;NA;2012-08-27;2012;"2012-560:215";274;1;4,29956028185891;3,83007499855769;22;"Marin Cilic";103;"Kei Nishikori";4,29956028185891;3,83007499855769;0,46948528330122;23,9;22,6;1,3;198;178;20;0,888888888888889;0,666666666666667;0,888888888888889;0,666666666666667;0,222222222222222;12;9;8;8;4;1;4;1;3;0;0;1
"596462";"2012-560";"US Open";"Hard";"128";"Grand Slams";218;74;"Philipp Kohlschreiber";"R";178;"GER";28,8;64;"John Isner";"R";206;"USA";27,3;"6-4 3-6 4-6 6-3 6-4";5;"R32";200;5;1;147;113;81;20;24;9;11;24;3;137;88;64;31;24;0;3;20;1685;10;2880;6;3;4;6;6;4;6;6;3;4;2012-08-27;2012;"2012-560:218";275;0;3,67807190511264;4,67807190511264;64;"John Isner";74;"Philipp Kohlschreiber";4,67807190511264;3,67807190511264;1;27,3;28,8;-1,5;206;178;28;0,818181818181818;0;0;0,818181818181818;-0,818181818181818;3;11;0;9;3;2;2;3;-1;0;0;1
"596463";"2012-560";"US Open";"Hard";"128";"Grand Slams";219;51;"Richard Gasquet";"R";185;"FRA";26,1;68;"Steve Johnson";"R";188;"USA";22,6;"7-6(4) 6-2 6-3";5;"R32";118;8;4;81;46;40;22;14;3;3;10;8;95;52;34;19;15;7;11;14;2030;245;191;7;6;6;NA;NA;6;2;3;NA;NA;2012-08-27;2012;"2012-560:219";276;1;4,1926450779424;0,063362060997429;51;"Richard Gasquet";68;"Steve Johnson";4,1926450779424;0,063362060997429;4,12928301694497;26,1;22,6;3,5;185;188;-3;1;0,636363636363636;1;0,636363636363636;0,363636363636364;11;3;7;3;4;0;4;0;4;0;0;1
"596466";"2012-560";"US Open";"Hard";"128";"Grand Slams";222;118;"Andy Roddick";"R";188;"USA";29,9;46;"Fabio Fognini";"R";178;"ITA";25,2;"7-5 7-6(1) 4-6 6-4";5;"R32";180;10;0;130;86;66;22;22;4;8;15;8;123;76;54;24;22;3;8;22;1600;59;745;7;7;4;6;NA;5;6;6;4;NA;2012-08-27;2012;"2012-560:222";277;0;3,5405683813627;2,11735695063816;46;"Fabio Fognini";118;"Andy Roddick";2,11735695063816;3,5405683813627;-1,42321143072454;25,2;29,9;-4,7;178;188;-10;0,5;0,375;0,375;0,5;-0,125;8;8;3;4;5;4;4;5;-1;0;0;1
"596467";"2012-560";"US Open";"Hard";"128";"Grand Slams";223;145;"Stan Wawrinka";"R";183;"SUI";27,4;36;"Alexandr Dolgopolov";"R";180;"UKR";23,8;"6-4 6-4 6-2";5;"R32";110;14;0;73;42;36;22;14;0;0;5;8;114;58;41;23;14;19;23;19;1730;15;1905;6;6;6;NA;NA;4;4;2;NA;NA;2012-08-27;2012;"2012-560:223";278;0;3,75207248655641;4,09310940439148;36;"Alexandr Dolgopolov";145;"Stan Wawrinka";4,09310940439148;3,75207248655641;0,341036917835067;23,8;27,4;-3,6;180;183;-3;1,5;0,826086956521739;0,826086956521739;1,5;-0,673913043478261;23;0;19;0;4;0;0;4;-4;0;0;1
"596468";"2012-560";"US Open";"Hard";"128";"Grand Slams";224;35;"Novak Djokovic";"R";188;"SRB";25,2;11;"Julien Benneteau";"R";185;"FRA";30,6;"6-3 6-2 6-2";5;"R32";97;13;3;66;40;33;19;13;0;0;5;2;76;46;29;12;12;3;8;2;11270;35;1075;6;6;6;NA;NA;3;2;2;NA;NA;2012-08-27;2012;"2012-560:224";279;0;7;2,87071698305503;11;"Julien Benneteau";35;"Novak Djokovic";2,87071698305503;7;-4,12928301694497;30,6;25,2;5,4;185;188;-3;1,5;0,375;0,375;1,5;-1,125;8;0;3;0;5;0;0;5;-5;0;0;1
"596471";"2012-560";"US Open";"Hard";"128";"Grand Slams";227;100;"Andy Murray";"R";190;"GBR";25,2;116;"Milos Raonic";"R";196;"CAN";21,6;"6-4 6-4 6-2";5;"R16";120;9;1;75;48;42;16;14;0;0;14;6;87;61;43;8;14;8;12;4;7290;16;1900;6;6;6;NA;NA;4;4;2;NA;NA;2012-08-27;2012;"2012-560:227";280;1;6;4;100;"Andy Murray";116;"Milos Raonic";6;4;2;25,2;21,6;3,6;190;196;-6;1,5;0,666666666666667;1,5;0,666666666666667;0,833333333333333;12;0;8;0;4;0;4;0;4;0;0;1
"596473";"2012-560";"US Open";"Hard";"128";"Grand Slams";229;137;"Janko Tipsarevic";"R";180;"SRB";28,1;74;"Philipp Kohlschreiber";"R";178;"GER";28,8;"6-3 7-6(5) 6-2";5;"R16";143;10;2;94;53;43;24;15;5;6;12;4;106;64;45;16;14;3;7;9;3285;20;1685;6;7;6;NA;NA;3;6;2;NA;NA;2012-08-27;2012;"2012-560:229";281;0;4,83007499855769;3,67807190511264;74;"Philipp Kohlschreiber";137;"Janko Tipsarevic";3,67807190511264;4,83007499855769;-1,15200309344505;28,8;28,1;0,699999999999999;178;180;-2;0,833333333333333;0,428571428571429;0,428571428571429;0,833333333333333;-0,404761904761905;7;6;3;5;4;1;1;4;-3;0;0;1
"596474";"2012-560";"US Open";"Hard";"128";"Grand Slams";230;45;"David Ferrer";"R";175;"ESP";30,4;51;"Richard Gasquet";"R";185;"FRA";26,1;"7-5 7-6(2) 6-4";5;"R16";174;1;8;113;54;37;37;17;8;11;6;2;117;68;43;25;17;8;13;5;5375;14;2030;7;7;6;NA;NA;5;6;4;NA;NA;2012-08-27;2012;"2012-560:230";282;1;5,67807190511264;4,1926450779424;45;"David Ferrer";51;"Richard Gasquet";5,67807190511264;4,1926450779424;1,48542682717024;30,4;26,1;4,3;175;185;-10;0,727272727272727;0,615384615384615;0,727272727272727;0,615384615384615;0,111888111888112;13;11;8;8;5;3;5;3;2;0;0;1
"596478";"2012-560";"US Open";"Hard";"128";"Grand Slams";234;100;"Andy Murray";"R";190;"GBR";25,2;22;"Marin Cilic";"R";198;"CRO";23,9;"3-6 7-6(4) 6-2 6-0";5;"QF";180;11;4;110;61;43;24;17;5;9;3;6;119;62;42;20;18;11;19;4;7290;13;2185;3;7;6;6;NA;6;6;2;0;NA;2012-08-27;2012;"2012-560:234";283;0;6;4,29956028185891;22;"Marin Cilic";100;"Andy Murray";4,29956028185891;6;-1,70043971814109;23,9;25,2;-1,3;198;190;8;0,555555555555556;0,578947368421053;0,578947368421053;0,555555555555556;0,0233918128654971;19;9;11;5;8;4;4;8;-4;0;0;1
"596480";"2012-560";"US Open";"Hard";"128";"Grand Slams";236;35;"Novak Djokovic";"R";188;"SRB";25,2;31;"Juan Martin del Potro";"R";198;"ARG";23,9;"6-2 7-6(3) 6-4";5;"QF";186;7;2;88;50;42;21;15;2;3;8;3;119;78;51;18;15;9;13;2;11270;8;3620;6;7;6;NA;NA;2;6;4;NA;NA;2012-08-27;2012;"2012-560:236";284;0;7;5;31;"Juan Martin del Potro";35;"Novak Djokovic";5;7;-2;23,9;25,2;-1,3;198;188;10;0,666666666666667;0,692307692307692;0,692307692307692;0,666666666666667;0,0256410256410257;13;3;9;2;4;1;1;4;-3;0;0;1
"596481";"2012-560";"US Open";"Hard";"128";"Grand Slams";237;100;"Andy Murray";"R";190;"GBR";25,2;13;"Tomas Berdych";"R";196;"CZE";26,9;"5-7 6-2 6-1 7-6(7)";5;"SF";238;5;3;115;85;62;17;19;3;6;6;6;158;97;58;30;20;15;22;4;7290;7;4200;5;6;6;7;NA;7;2;1;6;NA;2012-08-27;2012;"2012-560:237";285;0;6;5,1926450779424;13;"Tomas Berdych";100;"Andy Murray";5,1926450779424;6;-0,807354922057604;26,9;25,2;1,7;196;190;6;0,5;0,681818181818182;0,681818181818182;0,5;0,181818181818182;22;6;15;3;7;3;3;7;-4;0;0;1
"596482";"2012-560";"US Open";"Hard";"128";"Grand Slams";238;35;"Novak Djokovic";"R";188;"SRB";25,2;45;"David Ferrer";"R";175;"ESP";30,4;"2-6 6-1 6-4 6-2";5;"SF";152;7;1;101;60;43;24;17;4;7;2;3;92;55;35;17;16;3;9;2;11270;5;5375;2;6;6;6;NA;6;1;4;2;NA;2012-08-27;2012;"2012-560:238";286;1;7;5,67807190511264;35;"Novak Djokovic";45;"David Ferrer";7;5,67807190511264;1,32192809488736;25,2;30,4;-5,2;188;175;13;0,571428571428571;0,333333333333333;0,571428571428571;0,333333333333333;0,238095238095238;9;7;3;4;6;3;6;3;3;0;0;1
"596483";"2012-560";"US Open";"Hard";"128";"Grand Slams";239;100;"Andy Murray";"R";190;"GBR";25,2;35;"Novak Djokovic";"R";188;"SRB";25,2;"7-6(10) 7-5 2-6 3-6 6-2";5;"F";294;5;4;150;99;62;24;25;9;18;7;5;165;103;65;26;24;8;15;4;7290;2;11270;7;7;2;3;6;6;5;6;6;2;2012-08-27;2012;"2012-560:239";287;0;6;7;35;"Novak Djokovic";100;"Andy Murray";7;6;1;25,2;25,2;0;188;190;-2;0,5;0,533333333333333;0,533333333333333;0,5;0,0333333333333333;15;18;8;9;7;9;9;7;2;0;0;1
"604788";"2013-580";"Australian Open";"Hard";"128";"Grand Slams";122;4;"Kevin Anderson";"R";203;"RSA";26,6;85;"Paolo Lorenzi";"R";183;"ITA";31;"3-6 7-6(3) 6-3 6-4";5;"R128";174;9;2;134;101;74;18;21;4;7;5;3;127;83;63;19;19;5;8;31;1170;59;769;3;7;6;6;NA;6;6;3;4;NA;2013-01-14;2013;"2013-580:122";288;1;3,04580368961313;2,11735695063816;4;"Kevin Anderson";85;"Paolo Lorenzi";3,04580368961313;2,11735695063816;0,928446738974967;26,6;31;-4,4;203;183;20;0,571428571428571;0,625;0,571428571428571;0,625;-0,0535714285714286;8;7;5;4;3;3;3;3;0;0;0;1
"604792";"2013-580";"Australian Open";"Hard";"128";"Grand Slams";126;9;"Roberto Bautista Agut";"R";183;"ESP";24,7;46;"Fabio Fognini";"R";178;"ITA";25,6;"6-0 2-6 6-4 3-6 6-1";5;"R128";149;1;7;122;77;49;26;20;4;9;6;5;129;74;45;25;20;10;18;56;786;47;880;6;2;6;3;6;0;6;4;6;1;2013-01-14;2013;"2013-580:126";289;1;2,1926450779424;2,44541114832236;9;"Roberto Bautista Agut";46;"Fabio Fognini";2,1926450779424;2,44541114832236;-0,252766070379966;24,7;25,6;-0,900000000000002;183;178;5;0,444444444444444;0,555555555555556;0,444444444444444;0,555555555555556;-0,111111111111111;18;9;10;4;8;5;8;5;3;0;0;1
"604798";"2013-580";"Australian Open";"Hard";"128";"Grand Slams";132;7;"Marcos Baghdatis";"R";183;"CYP";27,5;115;"Albert Ramos";"L";188;"ESP";24,9;"6-7(0) 7-6(4) 6-4 3-6 6-3";5;"R128";255;21;3;179;106;77;36;26;15;19;5;9;192;119;90;30;26;11;16;35;1070;51;830;6;7;6;3;6;7;6;4;6;3;2013-01-14;2013;"2013-580:132";290;1;2,87071698305503;2,3275746580285;7;"Marcos Baghdatis";115;"Albert Ramos";2,87071698305503;2,3275746580285;0,543142325026529;27,5;24,9;2,6;183;188;-5;0,789473684210526;0,6875;0,789473684210526;0,6875;0,101973684210526;16;19;11;15;5;4;5;4;1;0;0;1
"604803";"2013-580";"Australian Open";"Hard";"128";"Grand Slams";137;3;"Nicolas Almagro";"R";183;"ESP";27,4;68;"Steve Johnson";"R";188;"USA";23;"7-5 6-7(4) 6-2 6-7(6) 6-2";5;"R128";190;35;6;154;83;67;45;26;3;5;21;8;165;95;76;26;26;8;15;11;2515;175;302;7;6;6;6;6;5;7;2;7;2;2013-01-14;2013;"2013-580:137";291;1;4,5405683813627;0,548788888167671;3;"Nicolas Almagro";68;"Steve Johnson";4,5405683813627;0,548788888167671;3,99177949319503;27,4;23;4,4;183;188;-5;0,6;0,533333333333333;0,6;0,533333333333333;0,0666666666666667;15;5;8;3;7;2;7;2;5;0;0;1
"604807";"2013-580";"Australian Open";"Hard";"128";"Grand Slams";141;11;"Julien Benneteau";"R";185;"FRA";31;33;"Grigor Dimitrov";"R";188;"BUL";21,6;"6-4 6-2 6-4";5;"R128";106;6;2;75;47;40;16;14;2;3;5;1;99;63;35;20;14;2;7;38;1015;41;1008;6;6;6;NA;NA;4;2;4;NA;NA;2013-01-14;2013;"2013-580:141";292;1;2,75207248655641;2,64244799538192;11;"Julien Benneteau";33;"Grigor Dimitrov";2,75207248655641;2,64244799538192;0,109624491174499;31;21,6;9,4;185;188;-3;0,666666666666667;0,285714285714286;0,666666666666667;0,285714285714286;0,380952380952381;7;3;2;2;5;1;5;1;4;0;0;1
"604811";"2013-580";"Australian Open";"Hard";"128";"Grand Slams";145;31;"Juan Martin del Potro";"R";198;"ARG";24,3;87;"Adrian Mannarino";"L";183;"FRA";24,5;"6-1 6-2 6-2";5;"R128";76;7;0;58;43;36;12;12;0;0;5;5;61;36;19;10;11;4;10;7;4480;170;315;6;6;6;NA;NA;1;2;2;NA;NA;2013-01-14;2013;"2013-580:145";293;1;5,1926450779424;0,590609063862298;31;"Juan Martin del Potro";87;"Adrian Mannarino";5,1926450779424;0,590609063862298;4,6020360140801;24,3;24,5;-0,199999999999999;198;183;15;1,5;0,4;1,5;0,4;1,1;10;0;4;0;6;0;6;0;6;0;0;1
"604822";"2013-580";"Australian Open";"Hard";"128";"Grand Slams";156;96;"Gael Monfils";"R";193;"FRA";26,3;36;"Alexandr Dolgopolov";"R";180;"UKR";24,1;"6-7(7) 7-6(4) 6-3 6-3";5;"R128";165;26;15;133;80;67;23;21;3;7;7;5;140;77;51;34;21;9;16;86;600;20;1750;6;7;6;6;NA;7;6;3;3;NA;2013-01-14;2013;"2013-580:156";294;0;1,5737352452979;3,67807190511264;36;"Alexandr Dolgopolov";96;"Gael Monfils";3,67807190511264;1,5737352452979;2,10433665981474;24,1;26,3;-2,2;180;193;-13;0,428571428571429;0,5625;0,5625;0,428571428571429;0,133928571428571;16;7;9;3;7;4;4;7;-3;0;0;1
"604824";"2013-580";"Australian Open";"Hard";"128";"Grand Slams";158;12;"Ricardas Berankis";"R";175;"LTU";22,5;131;"Sergiy Stakhovsky";"R";193;"UKR";27;"6-2 7-6(4) 7-5";5;"R128";127;6;3;100;58;47;27;16;3;3;6;2;116;83;53;19;16;10;13;110;501;102;538;6;7;7;NA;NA;2;6;5;NA;NA;2013-01-14;2013;"2013-580:158";295;1;1,21864028647534;1,3275746580285;12;"Ricardas Berankis";131;"Sergiy Stakhovsky";1,21864028647534;1,3275746580285;-0,108934371553165;22,5;27;-4,5;175;193;-18;1;0,769230769230769;1;0,769230769230769;0,230769230769231;13;3;10;3;3;0;3;0;3;0;0;1
"604826";"2013-580";"Australian Open";"Hard";"128";"Grand Slams";160;100;"Andy Murray";"R";190;"GBR";25,6;57;"Robin Haase";"R";190;"NED";25,7;"6-3 6-1 6-3";5;"R128";97;4;1;74;54;39;10;12;5;7;2;1;67;34;19;12;13;5;13;3;8000;53;800;6;6;6;NA;NA;3;1;3;NA;NA;2013-01-14;2013;"2013-580:160";296;0;6,41503749927884;2,2720795454368;57;"Robin Haase";100;"Andy Murray";2,2720795454368;6,41503749927884;-4,14295795384204;25,7;25,6;0,0999999999999979;190;190;0;0,714285714285714;0,384615384615385;0,384615384615385;0,714285714285714;-0,32967032967033;13;7;5;5;8;2;2;8;-6;0;0;1
"604838";"2013-580";"Australian Open";"Hard";"128";"Grand Slams";172;74;"Philipp Kohlschreiber";"R";178;"GER";29,2;27;"Steve Darcis";"R";178;"BEL";28,8;"6-2 6-3 6-4";5;"R128";106;10;2;76;50;46;12;14;3;3;0;4;80;44;28;20;13;5;9;19;1830;98;561;6;6;6;NA;NA;2;3;4;NA;NA;2013-01-14;2013;"2013-580:172";297;0;3,75207248655641;1,38529015588479;27;"Steve Darcis";74;"Philipp Kohlschreiber";1,38529015588479;3,75207248655641;-2,36678233067162;28,8;29,2;-0,399999999999999;178;178;0;1;0,555555555555556;0,555555555555556;1;-0,444444444444444;9;3;5;3;4;0;0;4;-4;0;0;1
"604842";"2013-580";"Australian Open";"Hard";"128";"Grand Slams";176;44;"Roger Federer";"R";185;"SUI";31,4;108;"Benoit Paire";"R";196;"FRA";23,6;"6-2 6-4 6-1";5;"R128";83;3;0;69;45;38;14;12;3;3;8;8;89;54;35;11;13;6;12;2;10265;46;900;6;6;6;NA;NA;2;4;1;NA;NA;2013-01-14;2013;"2013-580:176";298;1;7;2,47643804394299;44;"Roger Federer";108;"Benoit Paire";7;2,47643804394299;4,52356195605701;31,4;23,6;7,8;185;196;-11;1;0,5;1;0,5;0,5;12;3;6;3;6;0;6;0;6;0;0;1
"604843";"2013-580";"Australian Open";"Hard";"128";"Grand Slams";177;35;"Novak Djokovic";"R";188;"SRB";25,6;59;"Ryan Harrison";"R";183;"USA";20,6;"6-1 6-2 6-3";5;"R64";91;7;0;56;41;35;13;12;0;0;6;3;90;57;32;12;12;7;13;1;12920;62;754;6;6;6;NA;NA;1;2;3;NA;NA;2013-01-14;2013;"2013-580:177";299;1;8;2,04580368961313;35;"Novak Djokovic";59;"Ryan Harrison";8;2,04580368961313;5,95419631038687;25,6;20,6;5;188;183;5;1,5;0,538461538461538;1,5;0,538461538461538;0,961538461538462;13;0;7;0;6;0;6;0;6;0;0;1
"604844";"2013-580";"Australian Open";"Hard";"128";"Grand Slams";178;132;"Radek Stepanek";"R";185;"CZE";34,1;84;"Feliciano Lopez";"L";188;"ESP";31,3;"6-2 6-2 6-4";5;"R64";115;13;2;79;58;45;11;13;2;2;15;5;83;50;36;11;13;4;9;34;1090;42;1005;6;6;6;NA;NA;2;2;4;NA;NA;2013-01-14;2013;"2013-580:178";300;0;2,91253715874966;2,60768257722124;84;"Feliciano Lopez";132;"Radek Stepanek";2,60768257722124;2,91253715874966;-0,304854581528422;31,3;34,1;-2,8;188;185;3;1;0,444444444444444;0,444444444444444;1;-0,555555555555556;9;2;4;2;5;0;0;5;-5;0;0;1
"604849";"2013-580";"Australian Open";"Hard";"128";"Grand Slams";183;93;"Jurgen Melzer";"L";183;"AUT";31,6;9;"Roberto Bautista Agut";"R";183;"ESP";24,7;"6-7(4) 6-3 6-7(3) 6-3 6-2";5;"R64";229;16;5;177;116;81;39;26;9;10;4;3;154;118;78;22;24;9;14;29;1177;56;786;6;6;6;6;6;7;3;7;3;2;2013-01-14;2013;"2013-580:183";301;0;3,14201900487243;2,1926450779424;9;"Roberto Bautista Agut";93;"Jurgen Melzer";2,1926450779424;3,14201900487243;-0,949373926930032;24,7;31,6;-6,9;183;183;0;0,9;0,642857142857143;0,642857142857143;0,9;-0,257142857142857;14;10;9;9;5;1;1;5;-4;0;0;1
"604861";"2013-580";"Australian Open";"Hard";"128";"Grand Slams";195;123;"Andreas Seppi";"R";190;"ITA";28,8;65;"Denis Istomin";"R";188;"UZB";26,3;"7-6(4) 5-7 6-7(3) 7-6(3) 6-2";5;"R64";247;13;6;183;111;84;47;28;6;7;16;1;191;118;90;42;28;5;7;23;1595;50;840;7;5;6;7;6;6;7;7;6;2;2013-01-14;2013;"2013-580:195";302;0;3,47643804394299;2,35614381022528;65;"Denis Istomin";123;"Andreas Seppi";2,35614381022528;3,47643804394299;-1,12029423371771;26,3;28,8;-2,5;188;190;-2;0,857142857142857;0,714285714285714;0,714285714285714;0,857142857142857;-0,142857142857143;7;7;5;6;2;1;1;2;-1;0;0;1
"604865";"2013-580";"Australian Open";"Hard";"128";"Grand Slams";199;12;"Ricardas Berankis";"R";175;"LTU";22,5;89;"Florian Mayer";"R";190;"GER";29,2;"6-2 6-3 6-1";5;"R64";77;5;0;70;38;31;22;12;3;3;4;3;72;46;30;7;12;4;10;110;501;28;1215;6;6;6;NA;NA;2;3;1;NA;NA;2013-01-14;2013;"2013-580:199";303;1;1,21864028647534;3,1926450779424;12;"Ricardas Berankis";89;"Florian Mayer";1,21864028647534;3,1926450779424;-1,97400479146706;22,5;29,2;-6,7;175;190;-15;1;0,4;1;0,4;0,6;10;3;4;3;6;0;6;0;6;0;0;1
"604866";"2013-580";"Australian Open";"Hard";"128";"Grand Slams";200;100;"Andy Murray";"R";190;"GBR";25,6;130;"Joao Sousa";"R";185;"POR";23,7;"6-2 6-2 6-4";5;"R64";101;15;0;77;45;36;21;13;0;0;3;1;77;49;31;12;13;3;8;3;8000;100;552;6;6;6;NA;NA;2;2;4;NA;NA;2013-01-14;2013;"2013-580:200";304;1;6,41503749927884;1,35614381022528;100;"Andy Murray";130;"Joao Sousa";6,41503749927884;1,35614381022528;5,05889368905357;25,6;23,7;1,9;190;185;5;1,5;0,375;1,5;0,375;1,125;8;0;3;0;5;0;5;0;5;0;0;1
"604875";"2013-580";"Australian Open";"Hard";"128";"Grand Slams";209;35;"Novak Djokovic";"R";188;"SRB";25,6;132;"Radek Stepanek";"R";185;"CZE";34,1;"6-4 6-3 7-5";5;"R32";142;7;1;85;55;47;20;16;2;2;4;3;107;74;51;14;15;8;11;1;12920;34;1090;6;6;7;NA;NA;4;3;5;NA;NA;2013-01-14;2013;"2013-580:209";305;1;8;2,91253715874966;35;"Novak Djokovic";132;"Radek Stepanek";8;2,91253715874966;5,08746284125034;25,6;34,1;-8,5;188;185;3;1;0,727272727272727;1;0,727272727272727;0,272727272727273;11;2;8;2;3;0;3;0;3;0;0;1
"604876";"2013-580";"Australian Open";"Hard";"128";"Grand Slams";210;145;"Stan Wawrinka";"R";183;"SUI";27,8;114;"Sam Querrey";"R";198;"USA";25,2;"7-6(6) 7-5 6-4";5;"R32";129;13;5;105;56;47;28;17;3;4;12;3;111;75;59;16;17;5;8;17;1900;22;1650;7;7;6;NA;NA;6;5;4;NA;NA;2013-01-14;2013;"2013-580:210";306;0;3,91253715874966;3,5405683813627;114;"Sam Querrey";145;"Stan Wawrinka";3,5405683813627;3,91253715874966;-0,371968777386958;25,2;27,8;-2,6;198;183;15;0,75;0,625;0,625;0,75;-0,125;8;4;5;3;3;1;1;3;-2;0;0;1
"604877";"2013-580";"Australian Open";"Hard";"128";"Grand Slams";211;4;"Kevin Anderson";"R";203;"RSA";26,6;143;"Fernando Verdasco";"L";188;"ESP";29,1;"4-6 6-3 4-6 7-6(4) 6-2";5;"R32";226;9;4;147;113;85;16;25;5;9;5;4;162;110;75;28;24;9;14;31;1170;24;1445;4;6;4;7;6;6;3;6;6;2;2013-01-14;2013;"2013-580:211";307;1;3,04580368961313;3,41503749927884;4;"Kevin Anderson";143;"Fernando Verdasco";3,04580368961313;3,41503749927884;-0,369233809665719;26,6;29,1;-2,5;203;188;15;0,555555555555556;0,642857142857143;0,555555555555556;0,642857142857143;-0,0873015873015873;14;9;9;5;5;4;5;4;1;0;0;1
"604880";"2013-580";"Australian Open";"Hard";"128";"Grand Slams";214;103;"Kei Nishikori";"R";178;"JPN";23;37;"Evgeny Donskoy";"R";185;"RUS";22,6;"7-6(3) 6-2 6-3";5;"R32";126;7;1;97;66;51;20;15;3;4;5;1;92;51;35;17;14;3;7;18;1870;82;637;7;6;6;NA;NA;6;2;3;NA;NA;2013-01-14;2013;"2013-580:214";308;0;3,83007499855769;1,64244799538192;37;"Evgeny Donskoy";103;"Kei Nishikori";1,64244799538192;3,83007499855769;-2,18762700317577;22,6;23;-0,399999999999999;185;178;7;0,75;0,428571428571429;0,428571428571429;0,75;-0,321428571428571;7;4;3;3;4;1;1;4;-3;0;0;1
"604884";"2013-580";"Australian Open";"Hard";"128";"Grand Slams";218;123;"Andreas Seppi";"R";190;"ITA";28,8;22;"Marin Cilic";"R";198;"CRO";24,2;"6-7(2) 6-3 2-6 6-4 6-2";5;"R32";218;5;5;162;90;64;31;24;12;19;13;5;136;68;51;28;23;8;17;23;1595;14;2210;6;6;2;6;6;7;3;6;4;2;2013-01-14;2013;"2013-580:218";309;0;3,47643804394299;4,1926450779424;22;"Marin Cilic";123;"Andreas Seppi";4,1926450779424;3,47643804394299;0,716207033999409;24,2;28,8;-4,6;198;190;8;0,631578947368421;0,470588235294118;0,470588235294118;0,631578947368421;-0,160990712074303;17;19;8;12;9;7;7;9;-2;0;0;1
"604885";"2013-580";"Australian Open";"Hard";"128";"Grand Slams";219;125;"Gilles Simon";"R";183;"FRA";28;96;"Gael Monfils";"R";193;"FRA";26,3;"6-4 6-4 4-6 1-6 8-6";5;"R32";283;0;4;182;125;70;31;26;16;25;9;11;166;111;75;23;25;17;25;16;2145;86;600;6;6;4;1;8;4;4;6;6;6;2013-01-14;2013;"2013-580:219";310;0;4;1,5737352452979;96;"Gael Monfils";125;"Gilles Simon";1,5737352452979;4;-2,4262647547021;26,3;28;-1,7;193;183;10;0,64;0,68;0,68;0,64;0,04;25;25;17;16;8;9;9;8;1;0;0;1
"604886";"2013-580";"Australian Open";"Hard";"128";"Grand Slams";220;100;"Andy Murray";"R";190;"GBR";25,6;12;"Ricardas Berankis";"R";175;"LTU";22,5;"6-3 6-4 7-5";5;"R32";132;15;0;114;77;55;14;16;9;12;6;3;87;50;31;15;15;7;13;3;8000;110;501;6;6;7;NA;NA;3;4;5;NA;NA;2013-01-14;2013;"2013-580:220";311;0;6,41503749927884;1,21864028647534;12;"Ricardas Berankis";100;"Andy Murray";1,21864028647534;6,41503749927884;-5,1963972128035;22,5;25,6;-3,1;175;190;-15;0,75;0,538461538461538;0,538461538461538;0,75;-0,211538461538462;13;12;7;9;6;3;3;6;-3;0;0;1
"604889";"2013-580";"Australian Open";"Hard";"128";"Grand Slams";223;116;"Milos Raonic";"R";196;"CAN";22;74;"Philipp Kohlschreiber";"R";178;"GER";29,2;"7-6(4) 6-3 6-4";5;"R32";112;23;1;86;56;46;23;16;0;0;5;3;94;48;34;30;15;2;4;15;2175;19;1830;7;6;6;NA;NA;6;3;4;NA;NA;2013-01-14;2013;"2013-580:223";312;0;4,09310940439148;3,75207248655641;74;"Philipp Kohlschreiber";116;"Milos Raonic";3,75207248655641;4,09310940439148;-0,341036917835067;29,2;22;7,2;178;196;-18;1,5;0,5;0,5;1,5;-1;4;0;2;0;2;0;0;2;-2;0;0;1
"604891";"2013-580";"Australian Open";"Hard";"128";"Grand Slams";225;35;"Novak Djokovic";"R";188;"SRB";25,6;145;"Stan Wawrinka";"R";183;"SUI";27,8;"1-6 7-5 6-4 6-7(5) 12-10";5;"R16";302;7;5;195;129;92;36;32;11;18;16;2;214;133;91;42;31;8;15;1;12920;17;1900;1;7;6;6;12;6;5;4;7;10;2013-01-14;2013;"2013-580:225";313;1;8;3,91253715874966;35;"Novak Djokovic";145;"Stan Wawrinka";8;3,91253715874966;4,08746284125034;25,6;27,8;-2,2;188;183;5;0,611111111111111;0,533333333333333;0,611111111111111;0,533333333333333;0,0777777777777778;15;18;8;11;7;7;7;7;0;0;0;1
"604892";"2013-580";"Australian Open";"Hard";"128";"Grand Slams";226;13;"Tomas Berdych";"R";196;"CZE";27,3;4;"Kevin Anderson";"R";203;"RSA";26,6;"6-3 6-2 7-6(13)";5;"R16";164;7;2;112;58;46;29;15;5;7;11;1;111;77;50;14;14;7;12;6;4680;31;1170;6;6;7;NA;NA;3;2;6;NA;NA;2013-01-14;2013;"2013-580:226";314;0;5,41503749927884;3,04580368961313;4;"Kevin Anderson";13;"Tomas Berdych";3,04580368961313;5,41503749927884;-2,36923380966572;26,6;27,3;-0,699999999999999;203;196;7;0,714285714285714;0,583333333333333;0,583333333333333;0,714285714285714;-0,130952380952381;12;7;7;5;5;2;2;5;-3;0;0;1
"604893";"2013-580";"Australian Open";"Hard";"128";"Grand Slams";227;45;"David Ferrer";"R";175;"ESP";30,7;103;"Kei Nishikori";"R";178;"JPN";23;"6-2 6-1 6-4";5;"R16";130;6;3;96;65;45;15;13;11;13;1;3;95;58;31;12;12;4;11;5;6505;18;1870;6;6;6;NA;NA;2;1;4;NA;NA;2013-01-14;2013;"2013-580:227";315;1;5,67807190511264;3,83007499855769;45;"David Ferrer";103;"Kei Nishikori";5,67807190511264;3,83007499855769;1,84799690655495;30,7;23;7,7;175;178;-3;0,846153846153846;0,363636363636364;0,846153846153846;0,363636363636364;0,482517482517482;11;13;4;11;7;2;7;2;5;0;0;1
"604895";"2013-580";"Australian Open";"Hard";"128";"Grand Slams";229;20;"Jeremy Chardy";"R";188;"FRA";25,9;123;"Andreas Seppi";"R";190;"ITA";28,8;"5-7 6-3 6-2 6-2";5;"R16";162;10;10;124;81;62;20;19;9;11;9;3;119;75;52;16;18;9;15;36;1063;23;1595;5;6;6;6;NA;7;3;2;2;NA;2013-01-14;2013;"2013-580:229";316;1;2,83007499855769;3,47643804394299;20;"Jeremy Chardy";123;"Andreas Seppi";2,83007499855769;3,47643804394299;-0,646363045385299;25,9;28,8;-2,9;188;190;-2;0,818181818181818;0,6;0,818181818181818;0,6;0,218181818181818;15;11;9;9;6;2;6;2;4;0;0;1
"604896";"2013-580";"Australian Open";"Hard";"128";"Grand Slams";230;100;"Andy Murray";"R";190;"GBR";25,6;125;"Gilles Simon";"R";183;"FRA";28;"6-3 6-1 6-3";5;"R16";95;12;0;63;39;30;14;12;0;2;1;2;90;60;34;9;13;7;15;3;8000;16;2145;6;6;6;NA;NA;3;1;3;NA;NA;2013-01-14;2013;"2013-580:230";317;1;6,41503749927884;4;100;"Andy Murray";125;"Gilles Simon";6,41503749927884;4;2,41503749927884;25,6;28;-2,4;190;183;7;0;0,466666666666667;0;0,466666666666667;-0,466666666666667;15;2;7;0;8;2;8;2;6;0;0;1
"604897";"2013-580";"Australian Open";"Hard";"128";"Grand Slams";231;141;"Jo-Wilfried Tsonga";"R";188;"FRA";27,7;51;"Richard Gasquet";"R";185;"FRA";26,5;"6-4 3-6 6-3 6-2";5;"R16";140;11;1;106;58;47;27;18;6;7;7;4;102;59;46;21;18;5;9;8;3375;10;2720;6;3;6;6;NA;4;6;3;2;NA;2013-01-14;2013;"2013-580:231";318;0;5;4,67807190511264;51;"Richard Gasquet";141;"Jo-Wilfried Tsonga";4,67807190511264;5;-0,321928094887362;26,5;27,7;-1,2;185;188;-3;0,857142857142857;0,555555555555556;0,555555555555556;0,857142857142857;-0,301587301587302;9;7;5;6;4;1;1;4;-3;0;0;1
"604898";"2013-580";"Australian Open";"Hard";"128";"Grand Slams";232;44;"Roger Federer";"R";185;"SUI";31,4;116;"Milos Raonic";"R";196;"CAN";22;"6-4 7-6(4) 6-2";5;"R16";113;14;1;78;50;45;21;15;0;0;19;5;96;63;44;17;15;4;7;2;10265;15;2175;6;7;6;NA;NA;4;6;2;NA;NA;2013-01-14;2013;"2013-580:232";319;1;7;4,09310940439148;44;"Roger Federer";116;"Milos Raonic";7;4,09310940439148;2,90689059560852;31,4;22;9,4;185;196;-11;1,5;0,571428571428571;1,5;0,571428571428571;0,928571428571429;7;0;4;0;3;0;3;0;3;0;0;1
"604899";"2013-580";"Australian Open";"Hard";"128";"Grand Slams";233;35;"Novak Djokovic";"R";188;"SRB";25,6;13;"Tomas Berdych";"R";196;"CZE";27,3;"6-1 4-6 6-1 6-4";5;"QF";151;10;2;97;65;51;20;17;3;4;8;5;107;64;42;18;17;8;14;1;12920;6;4680;6;4;6;6;NA;1;6;1;4;NA;2013-01-14;2013;"2013-580:233";320;0;8;5,41503749927884;13;"Tomas Berdych";35;"Novak Djokovic";5,41503749927884;8;-2,58496250072116;27,3;25,6;1,7;196;188;8;0,75;0,571428571428571;0,571428571428571;0,75;-0,178571428571429;14;4;8;3;6;1;1;6;-5;0;0;1
"604901";"2013-580";"Australian Open";"Hard";"128";"Grand Slams";235;100;"Andy Murray";"R";190;"GBR";25,6;20;"Jeremy Chardy";"R";188;"FRA";25,9;"6-4 6-1 6-2";5;"QF";111;7;1;75;51;41;7;12;3;5;6;3;77;52;31;5;13;3;11;3;8000;36;1063;6;6;6;NA;NA;4;1;2;NA;NA;2013-01-14;2013;"2013-580:235";321;0;6,41503749927884;2,83007499855769;20;"Jeremy Chardy";100;"Andy Murray";2,83007499855769;6,41503749927884;-3,58496250072116;25,9;25,6;0,299999999999997;188;190;-2;0,6;0,272727272727273;0,272727272727273;0,6;-0,327272727272727;11;5;3;3;8;2;2;8;-6;0;0;1
"604903";"2013-580";"Australian Open";"Hard";"128";"Grand Slams";237;35;"Novak Djokovic";"R";188;"SRB";25,6;45;"David Ferrer";"R";175;"ESP";30,7;"6-2 6-2 6-1";5;"SF";89;6;0;51;32;29;15;11;0;0;1;3;75;45;25;9;12;0;7;1;12920;5;6505;6;6;6;NA;NA;2;2;1;NA;NA;2013-01-14;2013;"2013-580:237";322;1;8;5,67807190511264;35;"Novak Djokovic";45;"David Ferrer";8;5,67807190511264;2,32192809488736;25,6;30,7;-5,1;188;175;13;1,5;0;1,5;0;1,5;7;0;0;0;7;0;7;0;7;0;0;1
"604904";"2013-580";"Australian Open";"Hard";"128";"Grand Slams";238;100;"Andy Murray";"R";190;"GBR";25,6;44;"Roger Federer";"R";185;"SUI";31,4;"6-4 6-7(5) 6-3 6-7(2) 6-2";5;"SF";240;21;0;157;100;75;36;26;4;6;5;2;171;106;77;28;25;10;16;3;8000;2;10265;6;6;6;6;6;4;7;3;7;2;2013-01-14;2013;"2013-580:238";323;0;6,41503749927884;7;44;"Roger Federer";100;"Andy Murray";7;6,41503749927884;0,584962500721156;31,4;25,6;5,8;185;190;-5;0,666666666666667;0,625;0,625;0,666666666666667;-0,0416666666666666;16;6;10;4;6;2;2;6;-4;0;0;1
"604905";"2013-580";"Australian Open";"Hard";"128";"Grand Slams";239;35;"Novak Djokovic";"R";188;"SRB";25,6;100;"Andy Murray";"R";190;"GBR";25,6;"6-7(2) 7-6(3) 6-3 6-2";5;"F";220;8;3;134;84;63;33;21;4;4;7;4;131;81;64;24;20;8;11;1;12920;3;8000;6;7;6;6;NA;7;6;3;2;NA;2013-01-14;2013;"2013-580:239";324;1;8;6,41503749927884;35;"Novak Djokovic";100;"Andy Murray";8;6,41503749927884;1,58496250072116;25,6;25,6;0;188;190;-2;1;0,727272727272727;1;0,727272727272727;0,272727272727273;11;4;8;4;3;0;3;0;3;0;0;1
"624742";"2013-560";"US Open";"Hard";"128";"Grand Slams";113;35;"Novak Djokovic";"R";188;"SRB";26,2;12;"Ricardas Berankis";"R";175;"LTU";23,1;"6-1 6-2 6-2";5;"R128";82;10;1;73;50;36;14;12;7;8;3;4;68;36;17;10;11;7;14;1;10980;112;499;6;6;6;NA;NA;1;2;2;NA;NA;2013-08-26;2013;"2013-560:113";325;0;8;1,1926450779424;12;"Ricardas Berankis";35;"Novak Djokovic";1,1926450779424;8;-6,8073549220576;23,1;26,2;-3,1;175;188;-13;0,875;0,5;0,5;0,875;-0,375;14;8;7;7;7;1;1;7;-6;0;0;1
"624745";"2013-560";"US Open";"Hard";"128";"Grand Slams";116;130;"Joao Sousa";"R";185;"POR";24,4;33;"Grigor Dimitrov";"R";188;"BUL";22,2;"3-6 6-3 6-4 5-7 6-2";5;"R128";171;5;2;142;82;61;27;24;8;14;13;7;137;80;53;27;24;3;11;95;583;29;1375;3;6;6;5;6;6;3;4;7;2;2013-08-26;2013;"2013-560:116";326;0;1,43014439166905;3,14201900487243;33;"Grigor Dimitrov";130;"Joao Sousa";3,14201900487243;1,43014439166905;1,71187461320338;22,2;24,4;-2,2;188;185;3;0,571428571428571;0,272727272727273;0,272727272727273;0,571428571428571;-0,298701298701299;11;14;3;8;8;6;6;8;-2;0;0;1
"624747";"2013-560";"US Open";"Hard";"128";"Grand Slams";118;127;"Tim Smyczek";"R";175;"USA";25,6;38;"James Duckworth";"R";183;"AUS";21,5;"3-6 6-2 6-4 6-1";5;"R128";176;4;3;109;72;47;21;17;4;7;7;5;139;76;45;28;17;9;15;109;507;149;366;3;6;6;6;NA;6;2;4;1;NA;2013-08-26;2013;"2013-560:118";327;0;1,23181567522307;0,780831479537839;38;"James Duckworth";127;"Tim Smyczek";0,780831479537839;1,23181567522307;-0,450984195685235;21,5;25,6;-4,1;183;175;8;0,571428571428571;0,6;0,6;0,571428571428571;0,0285714285714286;15;7;9;4;6;3;3;6;-3;0;0;1
"624766";"2013-560";"US Open";"Hard";"128";"Grand Slams";137;145;"Stan Wawrinka";"R";183;"SUI";28,4;132;"Radek Stepanek";"R";185;"CZE";34,7;"7-6(2) 6-3 6-2";5;"R128";152;7;2;94;49;33;26;15;4;7;1;3;97;64;37;16;14;7;13;10;2610;58;810;7;6;6;NA;NA;6;3;2;NA;NA;2013-08-26;2013;"2013-560:137";328;0;4,67807190511264;2,14201900487243;132;"Radek Stepanek";145;"Stan Wawrinka";2,14201900487243;4,67807190511264;-2,53605290024021;34,7;28,4;6,3;185;183;2;0,571428571428571;0,538461538461538;0,538461538461538;0,571428571428571;-0,032967032967033;13;7;7;4;6;3;3;6;-3;0;0;1
"624772";"2013-560";"US Open";"Hard";"128";"Grand Slams";143;77;"Denis Kudla";"R";180;"USA";21;144;"Jiri Vesely";"L";198;"CZE";20,1;"6-2 6-2 6-7(6) 7-5";5;"R128";164;7;5;115;72;56;27;20;3;5;10;8;137;75;50;30;20;10;17;104;523;82;619;6;6;6;7;NA;2;2;7;5;NA;2013-08-26;2013;"2013-560:143";329;1;1,29956028185891;1,64244799538192;77;"Denis Kudla";144;"Jiri Vesely";1,29956028185891;1,64244799538192;-0,342887713523008;21;20,1;0,899999999999999;180;198;-18;0,6;0,588235294117647;0,6;0,588235294117647;0,0117647058823529;17;5;10;3;7;2;7;2;5;0;0;1
"624781";"2013-560";"US Open";"Hard";"128";"Grand Slams";152;116;"Milos Raonic";"R";196;"CAN";22,6;43;"Thomas Fabbiano";"R";173;"ITA";24,2;"6-3 7-6(6) 6-3";5;"R128";132;29;4;94;60;51;19;16;4;5;0;7;109;72;46;17;14;9;12;11;2555;176;273;6;7;6;NA;NA;3;6;3;NA;NA;2013-08-26;2013;"2013-560:152";330;0;4,5405683813627;0,540568381362703;43;"Thomas Fabbiano";116;"Milos Raonic";0,540568381362703;4,5405683813627;-4;24,2;22,6;1,6;173;196;-23;0,8;0,75;0,75;0,8;-0,05;12;5;9;4;3;1;1;3;-2;0;0;1
"624789";"2013-560";"US Open";"Hard";"128";"Grand Slams";160;45;"David Ferrer";"R";175;"ESP";31,4;80;"Nick Kyrgios";"R";193;"AUS";18,3;"7-5 6-3 6-2";5;"R128";111;11;2;83;45;39;22;15;2;3;8;3;95;66;44;9;14;6;11;4;7210;212;219;7;6;6;NA;NA;5;3;2;NA;NA;2013-08-26;2013;"2013-560:160";331;1;6;0,272079545436801;45;"David Ferrer";80;"Nick Kyrgios";6;0,272079545436801;5,7279204545632;31,4;18,3;13,1;175;193;-18;0,666666666666667;0,545454545454545;0,666666666666667;0,545454545454545;0,121212121212121;11;3;6;2;5;1;5;1;4;0;0;1
"624793";"2013-560";"US Open";"Hard";"128";"Grand Slams";164;114;"Sam Querrey";"R";198;"USA";25,8;110;"Guido Pella";"L";185;"ARG";23,2;"7-6(3) 4-6 6-1 6-2";5;"R128";139;25;4;118;68;60;26;19;6;7;6;9;144;78;53;32;18;14;18;31;1310;90;589;7;4;6;6;NA;6;6;1;2;NA;2013-08-26;2013;"2013-560:164";332;0;3,04580368961313;1,50814690367033;110;"Guido Pella";114;"Sam Querrey";1,50814690367033;3,04580368961313;-1,5376567859428;23,2;25,8;-2,6;185;198;-13;0,857142857142857;0,777777777777778;0,777777777777778;0,857142857142857;-0,0793650793650793;18;7;14;6;4;1;1;4;-3;0;0;1
"624796";"2013-560";"US Open";"Hard";"128";"Grand Slams";167;138;"Bernard Tomic";"R";193;"AUS";20,8;115;"Albert Ramos";"L";188;"ESP";25,6;"6-3 3-6 4-6 7-6(1) 6-3";5;"R128";236;9;2;147;99;71;28;24;11;15;9;9;192;105;76;42;25;12;17;52;870;75;695;6;3;4;7;6;3;6;6;6;3;2013-08-26;2013;"2013-560:167";333;0;2,29956028185891;1,77118130950412;115;"Albert Ramos";138;"Bernard Tomic";1,77118130950412;2,29956028185891;-0,528378972354789;25,6;20,8;4,8;188;193;-5;0,733333333333333;0,705882352941177;0,705882352941177;0,733333333333333;-0,0274509803921568;17;15;12;11;5;4;4;5;-1;0;0;1
"624797";"2013-560";"US Open";"Hard";"128";"Grand Slams";168;42;"Daniel Evans";"R";175;"GBR";23,2;103;"Kei Nishikori";"R";178;"JPN";23,6;"6-4 6-4 6-2";5;"R128";117;8;4;95;46;34;26;14;7;9;2;8;87;47;30;15;14;3;9;179;269;12;2405;6;6;6;NA;NA;4;4;2;NA;NA;2013-08-26;2013;"2013-560:168";334;1;0,516184222735744;4,41503749927884;42;"Daniel Evans";103;"Kei Nishikori";0,516184222735744;4,41503749927884;-3,8988532765431;23,2;23,6;-0,400000000000002;175;178;-3;0,777777777777778;0,333333333333333;0,777777777777778;0,333333333333333;0,444444444444444;9;9;3;7;6;2;6;2;4;0;0;1
"624805";"2013-560";"US Open";"Hard";"128";"Grand Slams";176;101;"Rafael Nadal";"L";185;"ESP";27,2;59;"Ryan Harrison";"R";183;"USA";21,3;"6-4 6-2 6-2";5;"R128";126;3;5;71;51;42;11;13;2;2;11;2;92;57;41;10;13;2;7;2;8860;97;561;6;6;6;NA;NA;4;2;2;NA;NA;2013-08-26;2013;"2013-560:176";335;0;7;1,40008715781287;59;"Ryan Harrison";101;"Rafael Nadal";1,40008715781287;7;-5,59991284218713;21,3;27,2;-5,9;183;185;-2;1;0,285714285714286;0,285714285714286;1;-0,714285714285714;7;2;2;2;5;0;0;5;-5;0;0;1
"624807";"2013-560";"US Open";"Hard";"128";"Grand Slams";178;130;"Joao Sousa";"R";185;"POR";24,4;102;"Jarkko Nieminen";"L";185;"FIN";32;"1-6 6-3 3-6 6-3 6-4";5;"R64";174;6;3;137;86;66;23;22;7;12;9;9;146;93;65;25;22;7;11;95;583;41;1050;1;6;3;6;6;6;3;6;3;4;2013-08-26;2013;"2013-560:178";336;0;1,43014439166905;2,64244799538192;102;"Jarkko Nieminen";130;"Joao Sousa";2,64244799538192;1,43014439166905;1,21230360371286;32;24,4;7,6;185;185;0;0,583333333333333;0,636363636363636;0,636363636363636;0,583333333333333;0,053030303030303;11;12;7;7;4;5;5;4;1;0;0;1
"624812";"2013-560";"US Open";"Hard";"128";"Grand Slams";183;37;"Evgeny Donskoy";"R";185;"RUS";23,2;55;"Peter Gojowczyk";"R";185;"GER";24,1;"6-3 6-4 3-6 4-6 6-3";5;"R64";210;9;2;151;83;63;34;24;6;10;15;8;155;86;67;30;23;12;17;102;532;146;371;6;6;3;4;6;3;4;6;6;3;2013-08-26;2013;"2013-560:183";337;1;1,3275746580285;0,810175441119982;37;"Evgeny Donskoy";55;"Peter Gojowczyk";1,3275746580285;0,810175441119982;0,517399216908522;23,2;24,1;-0,900000000000002;185;185;0;0,6;0,705882352941177;0,6;0,705882352941177;-0,105882352941177;17;10;12;6;5;4;5;4;1;0;0;1
"624814";"2013-560";"US Open";"Hard";"128";"Grand Slams";185;100;"Andy Murray";"R";190;"GBR";26,2;90;"Leonardo Mayer";"R";188;"ARG";26,2;"7-5 6-1 3-6 6-1";5;"R64";161;5;3;107;61;41;35;18;8;9;6;5;97;61;40;16;17;4;8;3;8700;81;625;7;6;3;6;NA;5;1;6;1;NA;2013-08-26;2013;"2013-560:185";338;0;6,41503749927884;1,66014999711538;90;"Leonardo Mayer";100;"Andy Murray";1,66014999711538;6,41503749927884;-4,75488750216347;26,2;26,2;0;188;190;-2;0,888888888888889;0,5;0,5;0,888888888888889;-0,388888888888889;8;9;4;8;4;1;1;4;-3;0;0;1
"624818";"2013-560";"US Open";"Hard";"128";"Grand Slams";189;145;"Stan Wawrinka";"R";183;"SUI";28,4;70;"Ivo Karlovic";"R";208;"CRO";34,4;"7-5 7-6(8) 6-4";5;"R64";137;8;5;101;61;51;25;17;1;2;12;6;108;68;52;21;17;4;7;10;2610;79;637;7;7;6;NA;NA;5;6;4;NA;NA;2013-08-26;2013;"2013-560:189";339;0;4,67807190511264;1,6962192518229;70;"Ivo Karlovic";145;"Stan Wawrinka";1,6962192518229;4,67807190511264;-2,98185265328974;34,4;28,4;6;208;183;25;0,5;0,571428571428571;0,571428571428571;0,5;0,0714285714285714;7;2;4;1;3;1;1;3;-2;0;0;1
"624819";"2013-560";"US Open";"Hard";"128";"Grand Slams";190;7;"Marcos Baghdatis";"R";183;"CYP";28,1;4;"Kevin Anderson";"R";203;"RSA";27,2;"6-2 6-2 6-2";5;"R64";85;10;6;63;27;24;24;12;0;0;8;4;72;47;28;10;12;6;12;53;865;20;1740;6;6;6;NA;NA;2;2;2;NA;NA;2013-08-26;2013;"2013-560:190";340;0;2,2720795454368;3,67807190511264;4;"Kevin Anderson";7;"Marcos Baghdatis";3,67807190511264;2,2720795454368;1,40599235967584;27,2;28,1;-0,900000000000002;203;183;20;1,5;0,5;0,5;1,5;-1;12;0;6;0;6;0;0;6;-6;0;0;1
"624821";"2013-560";"US Open";"Hard";"128";"Grand Slams";192;13;"Tomas Berdych";"R";196;"CZE";27,9;77;"Denis Kudla";"R";180;"USA";21;"7-6(3) 7-6(3) 6-3";5;"R64";165;11;3;116;64;48;29;17;10;14;1;6;139;84;49;26;16;10;15;5;5075;104;523;7;7;6;NA;NA;6;6;3;NA;NA;2013-08-26;2013;"2013-560:192";341;1;5,67807190511264;1,29956028185891;13;"Tomas Berdych";77;"Denis Kudla";5,67807190511264;1,29956028185891;4,37851162325373;27,9;21;6,9;196;180;16;0,714285714285714;0,666666666666667;0,714285714285714;0,666666666666667;0,0476190476190477;15;14;10;10;5;4;5;4;1;0;0;1
"624825";"2013-560";"US Open";"Hard";"128";"Grand Slams";196;116;"Milos Raonic";"R";196;"CAN";22,6;5;"Pablo Andujar";"R";180;"ESP";27,5;"6-1 6-2 6-4";5;"R64";122;9;2;86;54;44;12;13;6;7;2;5;95;61;32;17;12;12;18;11;2555;55;835;6;6;6;NA;NA;1;2;4;NA;NA;2013-08-26;2013;"2013-560:196";342;0;4,5405683813627;2,21864028647534;5;"Pablo Andujar";116;"Milos Raonic";2,21864028647534;4,5405683813627;-2,32192809488736;27,5;22,6;4,9;180;196;-16;0,857142857142857;0,666666666666667;0,666666666666667;0,857142857142857;-0,19047619047619;18;7;12;6;6;1;1;6;-5;0;0;1
"624829";"2013-560";"US Open";"Hard";"128";"Grand Slams";200;45;"David Ferrer";"R";175;"ESP";31,4;9;"Roberto Bautista Agut";"R";183;"ESP";25,3;"6-3 6-7(5) 6-1 6-2";5;"R64";166;9;3;119;70;48;29;19;5;7;2;5;120;74;42;20;17;8;16;4;7210;64;755;6;6;6;6;NA;3;7;1;2;NA;2013-08-26;2013;"2013-560:200";343;0;6;2;9;"Roberto Bautista Agut";45;"David Ferrer";2;6;-4;25,3;31,4;-6,1;183;175;8;0,714285714285714;0,5;0,5;0,714285714285714;-0,214285714285714;16;7;8;5;8;2;2;8;-6;0;0;1
"624831";"2013-560";"US Open";"Hard";"128";"Grand Slams";202;87;"Adrian Mannarino";"L";183;"FRA";25,1;114;"Sam Querrey";"R";198;"USA";25,8;"7-6(4) 7-6(5) 6-7(5) 6-4";5;"R64";195;12;3;148;81;68;41;23;7;8;23;7;159;92;77;34;23;4;6;63;756;31;1310;7;7;6;6;NA;6;6;7;4;NA;2013-08-26;2013;"2013-560:202";344;1;2,02272007650008;3,04580368961313;87;"Adrian Mannarino";114;"Sam Querrey";2,02272007650008;3,04580368961313;-1,02308361311304;25,1;25,8;-0,699999999999999;183;198;-15;0,875;0,666666666666667;0,875;0,666666666666667;0,208333333333333;6;8;4;7;2;1;2;1;1;0;0;1
"624833";"2013-560";"US Open";"Hard";"128";"Grand Slams";204;42;"Daniel Evans";"R";175;"GBR";23,2;138;"Bernard Tomic";"R";193;"AUS";20,8;"1-6 6-3 7-6(4) 6-3";5;"R64";140;9;7;117;66;43;27;19;5;11;8;2;125;76;47;23;18;9;15;179;269;52;870;1;6;7;6;NA;6;3;6;3;NA;2013-08-26;2013;"2013-560:204";345;1;0,516184222735744;2,29956028185891;42;"Daniel Evans";138;"Bernard Tomic";0,516184222735744;2,29956028185891;-1,78337605912316;23,2;20,8;2,4;175;193;-18;0,454545454545455;0,6;0,454545454545455;0,6;-0,145454545454545;15;11;9;5;6;6;6;6;0;0;0;1
"624834";"2013-560";"US Open";"Hard";"128";"Grand Slams";205;64;"John Isner";"R";206;"USA";28,3;96;"Gael Monfils";"R";193;"FRA";26,9;"7-5 6-2 4-6 7-6(4)";5;"R64";175;23;2;127;87;69;23;21;6;7;7;2;123;102;74;11;21;6;9;17;2025;39;1080;7;6;4;7;NA;5;2;6;6;NA;2013-08-26;2013;"2013-560:205";346;1;3,91253715874966;2,71459778113775;64;"John Isner";96;"Gael Monfils";3,91253715874966;2,71459778113775;1,19793937761191;28,3;26,9;1,4;206;193;13;0,857142857142857;0,666666666666667;0,857142857142857;0,666666666666667;0,19047619047619;9;7;6;6;3;1;3;1;2;0;0;1
"624838";"2013-560";"US Open";"Hard";"128";"Grand Slams";209;35;"Novak Djokovic";"R";188;"SRB";26,2;130;"Joao Sousa";"R";185;"POR";24,4;"6-0 6-2 6-2";5;"R32";100;3;2;56;38;30;12;11;1;2;2;3;92;54;30;10;11;5;12;1;10980;95;583;6;6;6;NA;NA;0;2;2;NA;NA;2013-08-26;2013;"2013-560:209";347;1;8;1,43014439166905;35;"Novak Djokovic";130;"Joao Sousa";8;1,43014439166905;6,56985560833095;26,2;24,4;1,8;188;185;3;0,5;0,416666666666667;0,5;0,416666666666667;0,0833333333333333;12;2;5;1;7;1;7;1;6;0;0;1
"624842";"2013-560";"US Open";"Hard";"128";"Grand Slams";213;100;"Andy Murray";"R";190;"GBR";26,2;89;"Florian Mayer";"R";190;"GER";29,8;"7-6(2) 6-2 6-2";5;"R32";119;7;2;81;41;37;25;14;2;2;0;2;90;55;39;15;14;5;9;3;8700;47;905;7;6;6;NA;NA;6;2;2;NA;NA;2013-08-26;2013;"2013-560:213";348;0;6,41503749927884;2,44541114832236;89;"Florian Mayer";100;"Andy Murray";2,44541114832236;6,41503749927884;-3,96962635095648;29,8;26,2;3,6;190;190;0;1;0,555555555555556;0,555555555555556;1;-0,444444444444444;9;2;5;2;4;0;0;4;-4;0;0;1
"624843";"2013-560";"US Open";"Hard";"128";"Grand Slams";214;65;"Denis Istomin";"R";188;"UZB";26,9;123;"Andreas Seppi";"R";190;"ITA";29,5;"6-3 6-4 2-6 3-6 6-1";5;"R32";185;24;6;144;95;66;22;22;14;18;10;5;128;78;55;23;21;2;8;65;750;23;1550;6;6;2;3;6;3;4;6;6;1;2013-08-26;2013;"2013-560:214";349;1;1,97763218697155;3,47643804394299;65;"Denis Istomin";123;"Andreas Seppi";1,97763218697155;3,47643804394299;-1,49880585697144;26,9;29,5;-2,6;188;190;-2;0,777777777777778;0,25;0,777777777777778;0,25;0,527777777777778;8;18;2;14;6;4;6;4;2;0;0;1
"624844";"2013-560";"US Open";"Hard";"128";"Grand Slams";215;145;"Stan Wawrinka";"R";183;"SUI";28,4;7;"Marcos Baghdatis";"R";183;"CYP";28,1;"6-3 6-2 6-7(1) 7-6(7)";5;"R32";201;11;5;131;68;55;37;21;7;9;16;8;152;73;52;41;20;10;15;10;2610;53;865;6;6;6;7;NA;3;2;7;6;NA;2013-08-26;2013;"2013-560:215";350;0;4,67807190511264;2,2720795454368;7;"Marcos Baghdatis";145;"Stan Wawrinka";2,2720795454368;4,67807190511264;-2,40599235967584;28,1;28,4;-0,299999999999997;183;183;0;0,777777777777778;0,666666666666667;0,666666666666667;0,777777777777778;-0,111111111111111;15;9;10;7;5;2;2;5;-3;0;0;1
"624847";"2013-560";"US Open";"Hard";"128";"Grand Slams";218;116;"Milos Raonic";"R";196;"CAN";22,6;84;"Feliciano Lopez";"L";188;"ESP";31,9;"6-7(4) 6-4 6-3 6-4";5;"R32";157;29;6;113;75;66;19;20;4;4;7;8;134;79;56;29;21;4;8;11;2555;26;1435;6;6;6;6;NA;7;4;3;4;NA;2013-08-26;2013;"2013-560:218";351;0;4,5405683813627;3,29956028185891;84;"Feliciano Lopez";116;"Milos Raonic";3,29956028185891;4,5405683813627;-1,24100809950379;31,9;22,6;9,3;188;196;-8;1;0,5;0,5;1;-0,5;8;4;4;4;4;0;0;4;-4;0;0;1
"624848";"2013-560";"US Open";"Hard";"128";"Grand Slams";219;137;"Janko Tipsarevic";"R";180;"SRB";29,1;128;"Jack Sock";"R";185;"USA";20,9;"3-6 7-6(1) 6-1 6-2";5;"R32";153;18;2;107;61;46;33;19;4;5;19;8;99;46;35;27;17;4;8;21;1685;86;608;3;7;6;6;NA;6;6;1;2;NA;2013-08-26;2013;"2013-560:219";352;0;3,60768257722124;1,5737352452979;128;"Jack Sock";137;"Janko Tipsarevic";1,5737352452979;3,60768257722124;-2,03394733192334;20,9;29,1;-8,2;185;180;5;0,8;0,5;0,5;0,8;-0,3;8;5;4;4;4;1;1;4;-3;0;0;1
"624850";"2013-560";"US Open";"Hard";"128";"Grand Slams";221;44;"Roger Federer";"R";185;"SUI";32;87;"Adrian Mannarino";"L";183;"FRA";25,1;"6-3 6-0 6-2";5;"R32";81;8;4;69;39;36;15;12;1;1;1;0;75;48;27;9;11;8;14;7;4695;63;756;6;6;6;NA;NA;3;0;2;NA;NA;2013-08-26;2013;"2013-560:221";353;1;5,1926450779424;2,02272007650008;44;"Roger Federer";87;"Adrian Mannarino";5,1926450779424;2,02272007650008;3,16992500144231;32;25,1;6,9;185;183;2;1;0,571428571428571;1;0,571428571428571;0,428571428571429;14;1;8;1;6;0;6;0;6;0;0;1
"624851";"2013-560";"US Open";"Hard";"128";"Grand Slams";222;117;"Tommy Robredo";"R";180;"ESP";31,3;42;"Daniel Evans";"R";175;"GBR";23,2;"7-6(6) 6-1 4-6 7-5";5;"R32";193;12;5;125;75;58;25;20;7;11;8;8;155;96;64;24;21;7;14;22;1620;179;269;7;6;4;7;NA;6;1;6;5;NA;2013-08-26;2013;"2013-560:222";354;0;3,5405683813627;0,516184222735744;42;"Daniel Evans";117;"Tommy Robredo";0,516184222735744;3,5405683813627;-3,02438415862696;23,2;31,3;-8,1;175;180;-5;0,636363636363636;0,5;0,5;0,636363636363636;-0,136363636363636;14;11;7;7;7;4;4;7;-3;0;0;1
"624852";"2013-560";"US Open";"Hard";"128";"Grand Slams";223;74;"Philipp Kohlschreiber";"R";178;"GER";29,8;64;"John Isner";"R";206;"USA";28,3;"6-4 3-6 7-5 7-6(5)";5;"R32";167;6;1;130;94;73;20;21;5;7;26;5;116;86;72;14;22;1;3;25;1445;17;2025;6;3;7;7;NA;4;6;5;6;NA;2013-08-26;2013;"2013-560:223";355;0;3,35614381022528;3,91253715874966;64;"John Isner";74;"Philipp Kohlschreiber";3,91253715874966;3,35614381022528;0,556393348524385;28,3;29,8;-1,5;206;178;28;0,714285714285714;0,333333333333333;0,333333333333333;0,714285714285714;-0,380952380952381;3;7;1;5;2;2;2;2;0;0;0;1
"624854";"2013-560";"US Open";"Hard";"128";"Grand Slams";225;35;"Novak Djokovic";"R";188;"SRB";26,2;56;"Marcel Granollers";"R";190;"ESP";27,3;"6-3 6-0 6-0";5;"R16";79;2;0;53;38;32;13;11;1;1;2;2;69;33;16;12;10;7;14;1;10980;43;975;6;6;6;NA;NA;3;0;0;NA;NA;2013-08-26;2013;"2013-560:225";356;1;8;2,5737352452979;35;"Novak Djokovic";56;"Marcel Granollers";8;2,5737352452979;5,4262647547021;26,2;27,3;-1,1;188;190;-2;1;0,5;1;0,5;0,5;14;1;7;1;7;0;7;0;7;0;0;1
"624856";"2013-560";"US Open";"Hard";"128";"Grand Slams";227;100;"Andy Murray";"R";190;"GBR";26,2;65;"Denis Istomin";"R";188;"UZB";26,9;"6-7(5) 6-1 6-4 6-4";5;"R16";187;5;5;120;75;58;23;20;2;4;4;2;123;85;55;20;19;9;15;3;8700;65;750;6;6;6;6;NA;7;1;4;4;NA;2013-08-26;2013;"2013-560:227";357;0;6,41503749927884;1,97763218697155;65;"Denis Istomin";100;"Andy Murray";1,97763218697155;6,41503749927884;-4,4374053123073;26,9;26,2;0,699999999999999;188;190;-2;0,5;0,6;0,6;0,5;0,1;15;4;9;2;6;2;2;6;-4;0;0;1
"624857";"2013-560";"US Open";"Hard";"128";"Grand Slams";228;145;"Stan Wawrinka";"R";183;"SUI";28,4;13;"Tomas Berdych";"R";196;"CZE";27,9;"3-6 6-1 7-6(6) 6-2";5;"R16";167;15;6;122;71;56;26;18;3;6;3;3;115;66;49;21;18;5;11;10;2610;5;5075;3;6;7;6;NA;6;1;6;2;NA;2013-08-26;2013;"2013-560:228";358;0;4,67807190511264;5,67807190511264;13;"Tomas Berdych";145;"Stan Wawrinka";5,67807190511264;4,67807190511264;1;27,9;28,4;-0,5;196;183;13;0,5;0,454545454545455;0,454545454545455;0,5;-0,0454545454545455;11;6;5;3;6;3;3;6;-3;0;0;1
"624858";"2013-560";"US Open";"Hard";"128";"Grand Slams";229;51;"Richard Gasquet";"R";185;"FRA";27,1;116;"Milos Raonic";"R";196;"CAN";22,6;"6-7(4) 7-6(4) 2-6 7-6(9) 7-5";5;"R16";280;6;9;204;121;81;45;28;16;22;39;11;198;111;84;45;28;16;21;9;2625;11;2555;6;7;2;7;7;7;6;6;6;5;2013-08-26;2013;"2013-560:229";359;1;4,83007499855769;4,5405683813627;51;"Richard Gasquet";116;"Milos Raonic";4,83007499855769;4,5405683813627;0,289506617194985;27,1;22,6;4,5;185;196;-11;0,727272727272727;0,761904761904762;0,727272727272727;0,761904761904762;-0,0346320346320346;21;22;16;16;5;6;5;6;-1;0;0;1
"624861";"2013-560";"US Open";"Hard";"128";"Grand Slams";232;101;"Rafael Nadal";"L";185;"ESP";27,2;74;"Philipp Kohlschreiber";"R";178;"GER";29,8;"6-7(4) 6-4 6-3 6-1";5;"R16";192;3;0;108;71;54;26;19;1;1;12;1;140;89;59;25;19;16;21;2;8860;25;1445;6;6;6;6;NA;7;4;3;1;NA;2013-08-26;2013;"2013-560:232";360;0;7;3,35614381022528;74;"Philipp Kohlschreiber";101;"Rafael Nadal";3,35614381022528;7;-3,64385618977472;29,8;27,2;2,6;178;185;-7;1;0,761904761904762;0,761904761904762;1;-0,238095238095238;21;1;16;1;5;0;0;5;-5;0;0;1
"624862";"2013-560";"US Open";"Hard";"128";"Grand Slams";233;35;"Novak Djokovic";"R";188;"SRB";26,2;147;"Mikhail Youzhny";"R";183;"RUS";31,1;"6-3 6-2 3-6 6-0";5;"QF";154;5;1;103;70;49;19;16;8;10;2;4;99;55;29;23;16;5;12;1;10980;24;1475;6;6;3;6;NA;3;2;6;0;NA;2013-08-26;2013;"2013-560:233";361;1;8;3,41503749927884;35;"Novak Djokovic";147;"Mikhail Youzhny";8;3,41503749927884;4,58496250072116;26,2;31,1;-4,9;188;183;5;0,8;0,416666666666667;0,8;0,416666666666667;0,383333333333333;12;10;5;8;7;2;7;2;5;0;0;1
"624863";"2013-560";"US Open";"Hard";"128";"Grand Slams";234;145;"Stan Wawrinka";"R";183;"SUI";28,4;100;"Andy Murray";"R";190;"GBR";26,2;"6-4 6-3 6-2";5;"QF";135;4;4;76;42;37;20;14;0;0;5;4;109;69;37;22;13;7;10;10;2610;3;8700;6;6;6;NA;NA;4;3;2;NA;NA;2013-08-26;2013;"2013-560:234";362;0;4,67807190511264;6,41503749927884;100;"Andy Murray";145;"Stan Wawrinka";6,41503749927884;4,67807190511264;1,73696559416621;26,2;28,4;-2,2;190;183;7;1,5;0,7;0,7;1,5;-0,8;10;0;7;0;3;0;0;3;-3;0;0;1
"624864";"2013-560";"US Open";"Hard";"128";"Grand Slams";235;51;"Richard Gasquet";"R";185;"FRA";27,1;45;"David Ferrer";"R";175;"ESP";31,4;"6-3 6-1 4-6 2-6 6-3";5;"QF";203;6;3;143;84;57;31;22;11;14;5;3;136;86;53;29;21;8;14;9;2625;4;7210;6;6;4;2;6;3;1;6;6;3;2013-08-26;2013;"2013-560:235";363;0;4,83007499855769;6;45;"David Ferrer";51;"Richard Gasquet";6;4,83007499855769;1,16992500144231;31,4;27,1;4,3;175;185;-10;0,785714285714286;0,571428571428571;0,571428571428571;0,785714285714286;-0,214285714285714;14;14;8;11;6;3;3;6;-3;0;0;1
"624865";"2013-560";"US Open";"Hard";"128";"Grand Slams";236;101;"Rafael Nadal";"L";185;"ESP";27,2;117;"Tommy Robredo";"R";180;"ESP";31,3;"6-0 6-2 6-2";5;"QF";100;2;0;59;36;31;14;11;0;0;3;4;66;34;20;9;11;3;10;2;8860;22;1620;6;6;6;NA;NA;0;2;2;NA;NA;2013-08-26;2013;"2013-560:236";364;1;7;3,5405683813627;101;"Rafael Nadal";117;"Tommy Robredo";7;3,5405683813627;3,4594316186373;27,2;31,3;-4,1;185;180;5;1,5;0,3;1,5;0,3;1,2;10;0;3;0;7;0;7;0;7;0;0;1
"624866";"2013-560";"US Open";"Hard";"128";"Grand Slams";237;35;"Novak Djokovic";"R";188;"SRB";26,2;145;"Stan Wawrinka";"R";183;"SUI";28,4;"2-6 7-6(4) 3-6 6-3 6-4";5;"SF";249;9;6;138;92;63;26;24;4;9;8;7;192;96;68;48;24;15;20;1;10980;10;2610;2;7;3;6;6;6;6;6;3;4;2013-08-26;2013;"2013-560:237";365;1;8;4,67807190511264;35;"Novak Djokovic";145;"Stan Wawrinka";8;4,67807190511264;3,32192809488736;26,2;28,4;-2,2;188;183;5;0,444444444444444;0,75;0,444444444444444;0,75;-0,305555555555556;20;9;15;4;5;5;5;5;0;0;0;1
"624867";"2013-560";"US Open";"Hard";"128";"Grand Slams";238;101;"Rafael Nadal";"L";185;"ESP";27,2;51;"Richard Gasquet";"R";185;"FRA";27,1;"6-4 7-6(1) 6-2";5;"SF";141;3;1;95;67;51;16;15;5;6;7;4;91;58;41;15;15;0;4;2;8860;9;2625;6;7;6;NA;NA;4;6;2;NA;NA;2013-08-26;2013;"2013-560:238";366;0;7;4,83007499855769;51;"Richard Gasquet";101;"Rafael Nadal";4,83007499855769;7;-2,16992500144231;27,1;27,2;-0,0999999999999979;185;185;0;0,833333333333333;0;0;0,833333333333333;-0,833333333333333;4;6;0;5;4;1;1;4;-3;0;0;1
"624868";"2013-560";"US Open";"Hard";"128";"Grand Slams";239;101;"Rafael Nadal";"L";185;"ESP";27,2;35;"Novak Djokovic";"R";188;"SRB";26,2;"6-2 3-6 6-4 6-1";5;"F";201;1;1;121;78;51;24;17;8;11;6;2;102;69;40;16;17;5;11;2;8860;1;10980;6;3;6;6;NA;2;6;4;1;NA;2013-08-26;2013;"2013-560:239";367;0;7;8;35;"Novak Djokovic";101;"Rafael Nadal";8;7;1;26,2;27,2;-1;188;185;3;0,727272727272727;0,454545454545455;0,454545454545455;0,727272727272727;-0,272727272727273;11;11;5;8;6;3;3;6;-3;0;0;1
"634094";"2014-580";"Australian Open";"Hard";"128";"Grand Slams";116;96;"Gael Monfils";"R";193;"FRA";27,3;59;"Ryan Harrison";"R";183;"USA";21,6;"6-4 6-4 6-4";5;"R128";111;10;5;78;51;44;17;15;0;0;2;1;93;57;42;17;15;1;4;32;1245;110;504;6;6;6;NA;NA;4;4;4;NA;NA;2014-01-13;2014;"2014-580:116";368;0;3;1,21864028647534;59;"Ryan Harrison";96;"Gael Monfils";1,21864028647534;3;-1,78135971352466;21,6;27,3;-5,7;183;193;-10;1,5;0,25;0,25;1,5;-1,25;4;0;1;0;3;0;0;3;-3;0;0;1
"634095";"2014-580";"Australian Open";"Hard";"128";"Grand Slams";117;123;"Andreas Seppi";"R";190;"ITA";29,8;61;"Lleyton Hewitt";"R";180;"AUS";32,8;"7-6(4) 6-3 5-7 5-7 7-5";5;"R128";258;17;5;176;103;72;40;29;6;13;23;5;177;90;76;38;28;11;18;25;1360;43;1010;7;6;5;5;7;6;3;7;7;5;2014-01-13;2014;"2014-580:117";369;0;3,35614381022528;2,5737352452979;61;"Lleyton Hewitt";123;"Andreas Seppi";2,5737352452979;3,35614381022528;-0,782408564927374;32,8;29,8;3;180;190;-10;0,461538461538462;0,611111111111111;0,611111111111111;0,461538461538462;0,14957264957265;18;13;11;6;7;7;7;7;0;0;0;1
"634097";"2014-580";"Australian Open";"Hard";"128";"Grand Slams";119;83;"Dusan Lajovic";"R";180;"SRB";23,5;113;"Lucas Pouille";"R";185;"FRA";19,8;"6-4 7-6(9) 4-6 6-3";5;"R128";183;7;7;132;80;53;30;21;4;8;2;10;135;84;56;21;20;5;10;117;483;193;262;6;7;4;6;NA;4;6;6;3;NA;2014-01-13;2014;"2014-580:119";370;1;1,1296352804166;0,407542962731919;83;"Dusan Lajovic";113;"Lucas Pouille";1,1296352804166;0,407542962731919;0,722092317684676;23,5;19,8;3,7;180;185;-5;0,5;0,5;0,5;0,5;0;10;8;5;4;5;4;5;4;1;0;0;1
"634105";"2014-580";"Australian Open";"Hard";"128";"Grand Slams";127;9;"Roberto Bautista Agut";"R";183;"ESP";25,7;127;"Tim Smyczek";"R";175;"USA";26;"6-2 6-1 6-1";5;"R128";90;1;1;61;50;37;7;11;1;2;8;5;89;54;28;10;11;10;18;62;750;90;600;6;6;6;NA;NA;2;1;1;NA;NA;2014-01-13;2014;"2014-580:127";371;1;2,04580368961313;1,50814690367033;9;"Roberto Bautista Agut";127;"Tim Smyczek";2,04580368961313;1,50814690367033;0,5376567859428;25,7;26;-0,300000000000001;183;175;8;0,5;0,555555555555556;0,5;0,555555555555556;-0,0555555555555556;18;2;10;1;8;1;8;1;7;0;0;1
"634117";"2014-580";"Australian Open";"Hard";"128";"Grand Slams";139;22;"Marin Cilic";"R";198;"CRO";25,2;56;"Marcel Granollers";"R";190;"ESP";27,7;"4-6 4-6 6-3 6-3 6-2";5;"R128";192;22;4;120;70;58;29;23;1;3;13;3;149;91;64;27;23;3;8;36;1130;35;1155;4;4;6;6;6;6;6;3;3;2;2014-01-13;2014;"2014-580:139";372;1;2,83007499855769;2,87071698305503;22;"Marin Cilic";56;"Marcel Granollers";2,83007499855769;2,87071698305503;-0,0406419844973458;25,2;27,7;-2,5;198;190;8;0,333333333333333;0,375;0,333333333333333;0,375;-0,0416666666666667;8;3;3;1;5;2;5;2;3;0;0;1
"634122";"2014-580";"Australian Open";"Hard";"128";"Grand Slams";144;44;"Roger Federer";"R";185;"SUI";32,4;38;"James Duckworth";"R";183;"AUS";21,9;"6-4 6-4 6-2";5;"R128";106;11;5;78;45;40;19;14;1;1;13;3;92;48;36;19;14;13;17;6;4355;133;425;6;6;6;NA;NA;4;4;2;NA;NA;2014-01-13;2014;"2014-580:144";373;0;5,41503749927884;0,94471756449881;38;"James Duckworth";44;"Roger Federer";0,94471756449881;5,41503749927884;-4,47031993478003;21,9;32,4;-10,5;183;185;-2;1;0,764705882352941;0,764705882352941;1;-0,235294117647059;17;1;13;1;4;0;0;4;-4;0;0;1
"634127";"2014-580";"Australian Open";"Hard";"128";"Grand Slams";149;4;"Kevin Anderson";"R";203;"RSA";27,6;144;"Jiri Vesely";"L";198;"CZE";20,5;"2-6 6-7(4) 6-4 6-4 6-4";5;"R128";229;21;9;146;92;76;28;25;4;6;16;10;162;92;69;43;25;11;14;21;1580;83;636;2;6;6;6;6;6;7;4;4;4;2014-01-13;2014;"2014-580:149";374;1;3,60768257722124;1,62496056865308;4;"Kevin Anderson";144;"Jiri Vesely";3,60768257722124;1,62496056865308;1,98272200856816;27,6;20,5;7,1;203;198;5;0,666666666666667;0,785714285714286;0,666666666666667;0,785714285714286;-0,119047619047619;14;6;11;4;3;2;3;2;1;0;0;1
"634128";"2014-580";"Australian Open";"Hard";"128";"Grand Slams";150;134;"Dominic Thiem";"R";185;"AUT";20,3;130;"Joao Sousa";"R";185;"POR";24,7;"5-7 6-4 6-3 7-6(3)";5;"R128";185;20;3;137;76;60;31;21;5;8;8;0;144;94;57;30;22;7;12;136;422;50;925;5;6;6;7;NA;7;4;3;6;NA;2014-01-13;2014;"2014-580:150";375;0;0,912537158749661;2,35614381022528;130;"Joao Sousa";134;"Dominic Thiem";2,35614381022528;0,912537158749661;1,44360665147561;24,7;20,3;4,4;185;185;0;0,625;0,583333333333333;0,583333333333333;0,625;-0,0416666666666666;12;8;7;5;5;3;3;5;-2;0;0;1
"634132";"2014-580";"Australian Open";"Hard";"128";"Grand Slams";154;89;"Florian Mayer";"R";190;"GER";30,2;77;"Denis Kudla";"R";180;"USA";21,4;"6-4 6-2 6-4";5;"R128";105;6;1;83;49;37;21;14;2;3;1;2;96;57;35;18;14;6;11;37;1110;113;497;6;6;6;NA;NA;4;2;4;NA;NA;2014-01-13;2014;"2014-580:154";376;0;2,79054663437105;1,17982103758481;77;"Denis Kudla";89;"Florian Mayer";1,17982103758481;2,79054663437105;-1,61072559678624;21,4;30,2;-8,8;180;190;-10;0,666666666666667;0,545454545454545;0,545454545454545;0,666666666666667;-0,121212121212121;11;3;6;2;5;1;1;5;-4;0;0;1
"634133";"2014-580";"Australian Open";"Hard";"128";"Grand Slams";155;5;"Pablo Andujar";"R";180;"ESP";27,9;115;"Albert Ramos";"L";188;"ESP";25,9;"6-4 6-2 6-4";5;"R128";115;2;1;90;66;40;15;14;4;7;2;3;84;51;32;10;14;5;12;48;946;84;626;6;6;6;NA;NA;4;2;4;NA;NA;2014-01-13;2014;"2014-580:155";377;1;2,41503749927884;1,60768257722124;5;"Pablo Andujar";115;"Albert Ramos";2,41503749927884;1,60768257722124;0,807354922057605;27,9;25,9;2;180;188;-8;0,571428571428571;0,416666666666667;0,571428571428571;0,416666666666667;0,154761904761905;12;7;5;4;7;3;7;3;4;0;0;1
"634134";"2014-580";"Australian Open";"Hard";"128";"Grand Slams";156;67;"Jerzy Janowicz";"R";203;"POL";23,1;135;"Jordan Thompson";"R";183;"AUS";19,7;"1-6 4-6 6-4 6-2 6-1";5;"R128";196;17;11;162;104;74;27;21;7;10;13;7;131;79;57;22;21;4;9;20;1615;319;139;1;4;6;6;6;6;6;4;2;1;2014-01-13;2014;"2014-580:156";378;1;3,67807190511264;-0,317412613764869;67;"Jerzy Janowicz";135;"Jordan Thompson";3,67807190511264;-0,317412613764869;3,99548451887751;23,1;19,7;3,4;203;183;20;0,7;0,444444444444444;0,7;0,444444444444444;0,255555555555556;9;10;4;7;5;3;5;3;2;0;0;1
"634136";"2014-580";"Australian Open";"Hard";"128";"Grand Slams";158;36;"Alexandr Dolgopolov";"R";180;"UKR";25,1;12;"Ricardas Berankis";"R";175;"LTU";23,5;"7-5 7-5 6-2";5;"R128";123;8;4;91;53;42;23;16;2;3;10;3;114;57;40;25;16;11;16;56;825;128;433;7;7;6;NA;NA;5;5;2;NA;NA;2014-01-13;2014;"2014-580:158";379;0;2,1926450779424;1;12;"Ricardas Berankis";36;"Alexandr Dolgopolov";1;2,1926450779424;-1,1926450779424;23,5;25,1;-1,6;175;180;-5;0,666666666666667;0,6875;0,6875;0,666666666666667;0,0208333333333334;16;3;11;2;5;1;1;5;-4;0;0;1
"634137";"2014-580";"Australian Open";"Hard";"128";"Grand Slams";159;87;"Adrian Mannarino";"L";183;"FRA";25,5;68;"Steve Johnson";"R";188;"USA";24;"3-6 6-3 6-0 5-7 6-4";5;"R128";177;3;3;140;81;52;37;23;2;6;21;12;131;69;50;28;23;4;11;71;692;147;378;3;6;6;5;6;6;3;0;7;4;2014-01-13;2014;"2014-580:159";380;0;1,85025288049532;0,800327655163636;68;"Steve Johnson";87;"Adrian Mannarino";0,800327655163636;1,85025288049532;-1,04992522533168;24;25,5;-1,5;188;183;5;0,333333333333333;0,363636363636364;0,363636363636364;0,333333333333333;0,0303030303030303;11;6;4;2;7;4;4;7;-3;0;0;1
"634144";"2014-580";"Australian Open";"Hard";"128";"Grand Slams";166;11;"Julien Benneteau";"R";185;"FRA";32;18;"Pablo Carreno Busta";"R";188;"ESP";22,5;"6-3 3-6 4-6 6-1 6-2";5;"R128";183;16;4;131;87;62;24;22;1;5;7;7;147;78;47;34;21;12;19;38;1090;63;739;6;3;4;6;6;3;6;6;1;2;2014-01-13;2014;"2014-580:166";381;1;2,75207248655641;2,02272007650008;11;"Julien Benneteau";18;"Pablo Carreno Busta";2,75207248655641;2,02272007650008;0,729352410056332;32;22,5;9,5;185;188;-3;0,2;0,631578947368421;0,2;0,631578947368421;-0,431578947368421;19;5;12;1;7;4;7;4;3;0;0;1
"634154";"2014-580";"Australian Open";"Hard";"128";"Grand Slams";176;35;"Novak Djokovic";"R";188;"SRB";26,6;82;"Lukas Lacko";"R";185;"SVK";26,1;"6-3 7-6(2) 6-1";5;"R128";110;9;0;79;54;45;17;15;2;3;5;1;92;56;35;18;13;4;8;2;12260;96;582;6;7;6;NA;NA;3;6;1;NA;NA;2014-01-13;2014;"2014-580:176";382;1;7;1,41503749927884;35;"Novak Djokovic";82;"Lukas Lacko";7;1,41503749927884;5,58496250072116;26,6;26,1;0,5;188;185;3;0,666666666666667;0,5;0,666666666666667;0,5;0,166666666666667;8;3;4;2;4;1;4;1;3;0;0;1
"634155";"2014-580";"Australian Open";"Hard";"128";"Grand Slams";177;101;"Rafael Nadal";"L";185;"ESP";27,6;75;"Thanasi Kokkinakis";"R";196;"AUS";17,7;"6-2 6-4 6-2";5;"R64";113;7;1;74;56;46;10;13;3;3;4;2;78;52;33;10;13;5;10;1;13130;570;53;6;6;6;NA;NA;2;4;2;NA;NA;2014-01-13;2014;"2014-580:177";383;0;8;-1,1548181090521;75;"Thanasi Kokkinakis";101;"Rafael Nadal";-1,1548181090521;8;-9,1548181090521;17,7;27,6;-9,9;196;185;11;1;0,5;0,5;1;-0,5;10;3;5;3;5;0;0;5;-5;0;0;1
"634156";"2014-580";"Australian Open";"Hard";"128";"Grand Slams";178;96;"Gael Monfils";"R";193;"FRA";27,3;128;"Jack Sock";"R";185;"USA";21,3;"7-6(2) 7-5 6-2";5;"R64";123;13;3;91;56;47;23;16;0;1;5;9;118;69;48;23;16;7;11;32;1245;95;582;7;7;6;NA;NA;6;5;2;NA;NA;2014-01-13;2014;"2014-580:178";384;1;3;1,43014439166905;96;"Gael Monfils";128;"Jack Sock";3;1,43014439166905;1,56985560833095;27,3;21,3;6;193;185;8;0;0,636363636363636;0;0,636363636363636;-0,636363636363636;11;1;7;0;4;1;4;1;3;0;0;1
"634157";"2014-580";"Australian Open";"Hard";"128";"Grand Slams";179;146;"Donald Young";"L";183;"USA";24,4;123;"Andreas Seppi";"R";190;"ITA";29,8;"6-4 2-6 6-3 4-6 7-5";5;"R64";211;6;15;177;106;71;30;25;12;18;12;10;148;84;57;33;24;9;15;91;595;25;1360;6;2;6;4;7;4;6;3;6;5;2014-01-13;2014;"2014-580:179";385;0;1,4922053598013;3,35614381022528;123;"Andreas Seppi";146;"Donald Young";3,35614381022528;1,4922053598013;1,86393845042397;29,8;24,4;5,4;190;183;7;0,666666666666667;0,6;0,6;0,666666666666667;-0,0666666666666667;15;18;9;12;6;6;6;6;0;0;0;1
"634158";"2014-580";"Australian Open";"Hard";"128";"Grand Slams";180;103;"Kei Nishikori";"R";178;"JPN";24;83;"Dusan Lajovic";"R";180;"SRB";23,5;"6-1 6-1 7-6(3)";5;"R64";109;5;3;81;52;43;15;13;4;5;7;3;91;63;35;10;13;6;12;17;1915;117;483;6;6;7;NA;NA;1;1;6;NA;NA;2014-01-13;2014;"2014-580:180";386;0;3,91253715874966;1,1296352804166;83;"Dusan Lajovic";103;"Kei Nishikori";1,1296352804166;3,91253715874966;-2,78290187833307;23,5;24;-0,5;180;178;2;0,8;0,5;0,5;0,8;-0,3;12;5;6;4;6;1;1;6;-5;0;0;1
"634161";"2014-580";"Australian Open";"Hard";"128";"Grand Slams";183;108;"Benoit Paire";"R";196;"FRA";24,6;80;"Nick Kyrgios";"R";193;"AUS";18,7;"6-7(5) 6-7(5) 6-4 6-2 6-2";5;"R64";200;32;5;161;82;69;46;25;8;10;24;11;186;124;87;26;25;17;24;28;1300;183;277;6;6;6;6;6;7;7;4;2;2;2014-01-13;2014;"2014-580:183";387;0;3,1926450779424;0,484300161715957;80;"Nick Kyrgios";108;"Benoit Paire";0,484300161715957;3,1926450779424;-2,70834491622644;18,7;24,6;-5,9;193;196;-3;0,8;0,708333333333333;0,708333333333333;0,8;-0,0916666666666667;24;10;17;8;7;2;2;7;-5;0;0;1
"634162";"2014-580";"Australian Open";"Hard";"128";"Grand Slams";184;9;"Roberto Bautista Agut";"R";183;"ESP";25,7;31;"Juan Martin del Potro";"R";198;"ARG";25,3;"4-6 6-3 5-7 6-4 7-5";5;"R64";233;12;6;166;116;89;22;27;13;17;28;2;148;107;76;21;26;3;8;62;750;5;5415;4;6;5;6;7;6;3;7;4;5;2014-01-13;2014;"2014-580:184";388;1;2,04580368961313;5,67807190511264;9;"Roberto Bautista Agut";31;"Juan Martin del Potro";2,04580368961313;5,67807190511264;-3,63226821549951;25,7;25,3;0,399999999999999;183;198;-15;0,764705882352941;0,375;0,764705882352941;0,375;0,389705882352941;8;17;3;13;5;4;5;4;1;0;0;1
"634168";"2014-580";"Australian Open";"Hard";"128";"Grand Slams";190;125;"Gilles Simon";"R";183;"FRA";29;22;"Marin Cilic";"R";198;"CRO";25,2;"4-6 7-6(3) 6-7(5) 6-1 6-2";5;"R64";237;7;8;180;89;65;41;25;8;15;15;7;147;73;50;32;24;2;12;19;1790;36;1130;4;7;6;6;6;6;6;7;1;2;2014-01-13;2014;"2014-580:190";389;0;3,75207248655641;2,83007499855769;22;"Marin Cilic";125;"Gilles Simon";2,83007499855769;3,75207248655641;-0,921997487998727;25,2;29;-3,8;198;183;15;0,533333333333333;0,166666666666667;0,166666666666667;0,533333333333333;-0,366666666666667;12;15;2;8;10;7;7;10;-3;0;0;1
"634173";"2014-580";"Australian Open";"Hard";"128";"Grand Slams";195;4;"Kevin Anderson";"R";203;"RSA";27,6;134;"Dominic Thiem";"R";185;"AUT";20,3;"6-4 6-3 6-4";5;"R64";107;15;5;80;51;43;18;15;2;2;10;3;76;44;34;16;14;2;5;21;1580;136;422;6;6;6;NA;NA;4;3;4;NA;NA;2014-01-13;2014;"2014-580:195";390;1;3,60768257722124;0,912537158749661;4;"Kevin Anderson";134;"Dominic Thiem";3,60768257722124;0,912537158749661;2,69514541847158;27,6;20,3;7,3;203;185;18;1;0,4;1;0,4;0,6;5;2;2;2;3;0;3;0;3;0;0;1
"634176";"2014-580";"Australian Open";"Hard";"128";"Grand Slams";198;67;"Jerzy Janowicz";"R";203;"POL";23,1;5;"Pablo Andujar";"R";180;"ESP";27,9;"4-6 7-6(3) 7-6(5) 6-3";5;"R64";205;15;5;159;107;76;25;22;8;11;11;1;141;112;72;19;21;8;11;20;1615;48;946;4;7;7;6;NA;6;6;6;3;NA;2014-01-13;2014;"2014-580:198";391;0;3,67807190511264;2,41503749927884;5;"Pablo Andujar";67;"Jerzy Janowicz";2,41503749927884;3,67807190511264;-1,26303440583379;27,9;23,1;4,8;180;203;-23;0,727272727272727;0,727272727272727;0,727272727272727;0,727272727272727;0;11;11;8;8;3;3;3;3;0;0;0;1
"634178";"2014-580";"Australian Open";"Hard";"128";"Grand Slams";200;45;"David Ferrer";"R";175;"ESP";31,7;87;"Adrian Mannarino";"L";183;"FRA";25,5;"7-6(2) 5-7 6-0 6-3";5;"R64";182;0;3;118;81;56;18;19;5;10;3;1;137;77;44;25;20;8;17;3;5640;71;692;7;5;6;6;NA;6;7;0;3;NA;2014-01-13;2014;"2014-580:200";392;1;6,41503749927884;1,85025288049532;45;"David Ferrer";87;"Adrian Mannarino";6,41503749927884;1,85025288049532;4,56478461878353;31,7;25,5;6,2;175;183;-8;0,5;0,470588235294118;0,5;0,470588235294118;0,0294117647058824;17;10;8;5;9;5;9;5;4;0;0;1
"634182";"2014-580";"Australian Open";"Hard";"128";"Grand Slams";204;51;"Richard Gasquet";"R";185;"FRA";27,5;29;"Nikolay Davydenko";"R";178;"RUS";32,6;"7-6(3) 6-4 6-4";5;"R64";140;9;5;100;57;40;22;16;1;5;7;1;105;79;47;11;16;4;10;9;3140;61;760;7;6;6;NA;NA;6;4;4;NA;NA;2014-01-13;2014;"2014-580:204";393;0;4,83007499855769;2,06926266243711;29;"Nikolay Davydenko";51;"Richard Gasquet";2,06926266243711;4,83007499855769;-2,76081233612057;32,6;27,5;5,1;178;185;-7;0,2;0,4;0,4;0,2;0,2;10;5;4;1;6;4;4;6;-2;0;0;1
"634183";"2014-580";"Australian Open";"Hard";"128";"Grand Slams";205;46;"Fabio Fognini";"R";178;"ITA";26,6;102;"Jarkko Nieminen";"L";185;"FIN";32,4;"7-5 6-4 3-6 6-2";5;"R64";167;9;12;146;88;66;26;19;14;16;3;5;132;86;57;23;20;10;15;16;1930;39;1090;7;6;3;6;NA;5;4;6;2;NA;2014-01-13;2014;"2014-580:205";394;1;4;2,71459778113775;46;"Fabio Fognini";102;"Jarkko Nieminen";4;2,71459778113775;1,28540221886225;26,6;32,4;-5,8;178;185;-7;0,875;0,666666666666667;0,875;0,666666666666667;0,208333333333333;15;16;10;14;5;2;5;2;3;0;0;1
"634186";"2014-580";"Australian Open";"Hard";"128";"Grand Slams";208;35;"Novak Djokovic";"R";188;"SRB";26,6;90;"Leonardo Mayer";"R";188;"ARG";26,6;"6-0 6-4 6-4";5;"R64";107;12;2;67;44;36;17;13;0;0;3;7;85;44;28;17;13;1;6;2;12260;98;579;6;6;6;NA;NA;0;4;4;NA;NA;2014-01-13;2014;"2014-580:208";395;1;7;1,38529015588479;35;"Novak Djokovic";90;"Leonardo Mayer";7;1,38529015588479;5,61470984411521;26,6;26,6;0;188;188;0;1,5;0,166666666666667;1,5;0,166666666666667;1,33333333333333;6;0;1;0;5;0;5;0;5;0;0;1
"634187";"2014-580";"Australian Open";"Hard";"128";"Grand Slams";209;101;"Rafael Nadal";"L";185;"ESP";27,6;96;"Gael Monfils";"R";193;"FRA";27,3;"6-1 6-2 6-3";5;"R32";124;2;0;79;52;38;20;12;6;6;10;5;98;67;38;11;12;6;12;1;13130;32;1245;6;6;6;NA;NA;1;2;3;NA;NA;2014-01-13;2014;"2014-580:209";396;0;8;3;96;"Gael Monfils";101;"Rafael Nadal";3;8;-5;27,3;27,6;-0,300000000000001;193;185;8;1;0,5;0,5;1;-0,5;12;6;6;6;6;0;0;6;-6;0;0;1
"634188";"2014-580";"Australian Open";"Hard";"128";"Grand Slams";210;103;"Kei Nishikori";"R";178;"JPN";24;146;"Donald Young";"L";183;"USA";24,4;"7-5 6-1 6-0";5;"R32";107;3;1;76;41;29;21;12;3;4;1;5;73;47;23;7;13;4;12;17;1915;91;595;7;6;6;NA;NA;5;1;0;NA;NA;2014-01-13;2014;"2014-580:210";397;1;3,91253715874966;1,4922053598013;103;"Kei Nishikori";146;"Donald Young";3,91253715874966;1,4922053598013;2,42033179894836;24;24,4;-0,399999999999999;178;183;-5;0,75;0,333333333333333;0,75;0,333333333333333;0,416666666666667;12;4;4;3;8;1;8;1;7;0;0;1
"634189";"2014-580";"Australian Open";"Hard";"128";"Grand Slams";211;33;"Grigor Dimitrov";"R";188;"BUL";22,6;116;"Milos Raonic";"R";196;"CAN";23;"6-3 3-6 6-4 7-6(10)";5;"R32";156;15;5;110;67;56;32;20;2;3;21;5;125;74;55;30;20;2;4;22;1460;11;2860;6;3;6;7;NA;3;6;4;6;NA;2014-01-13;2014;"2014-580:211";398;1;3,5405683813627;4,5405683813627;33;"Grigor Dimitrov";116;"Milos Raonic";3,5405683813627;4,5405683813627;-1;22,6;23;-0,399999999999999;188;196;-8;0,666666666666667;0,5;0,666666666666667;0,5;0,166666666666667;4;3;2;2;2;1;2;1;1;0;0;1
"634190";"2014-580";"Australian Open";"Hard";"128";"Grand Slams";212;9;"Roberto Bautista Agut";"R";183;"ESP";25,7;108;"Benoit Paire";"R";196;"FRA";24,6;"6-2 6-1 6-4";5;"R32";90;4;1;78;65;46;7;13;5;7;14;3;83;48;30;10;12;13;20;62;750;28;1300;6;6;6;NA;NA;2;1;4;NA;NA;2014-01-13;2014;"2014-580:212";399;1;2,04580368961313;3,1926450779424;9;"Roberto Bautista Agut";108;"Benoit Paire";2,04580368961313;3,1926450779424;-1,14684138832927;25,7;24,6;1,1;183;196;-13;0,714285714285714;0,65;0,714285714285714;0,65;0,0642857142857143;20;7;13;5;7;2;7;2;5;0;0;1
"634191";"2014-580";"Australian Open";"Hard";"128";"Grand Slams";213;100;"Andy Murray";"R";190;"GBR";26,6;84;"Feliciano Lopez";"L";188;"ESP";32,3;"7-6(2) 6-4 6-2";5;"R32";135;6;2;91;58;50;16;15;0;1;8;7;99;57;40;19;15;7;11;4;5560;27;1310;7;6;6;NA;NA;6;4;2;NA;NA;2014-01-13;2014;"2014-580:213";400;0;6;3,24511249783653;84;"Feliciano Lopez";100;"Andy Murray";3,24511249783653;6;-2,75488750216347;32,3;26,6;5,7;188;190;-2;0;0,636363636363636;0,636363636363636;0;0,636363636363636;11;1;7;0;4;1;1;4;-3;0;0;1
"634200";"2014-580";"Australian Open";"Hard";"128";"Grand Slams";222;117;"Tommy Robredo";"R";180;"ESP";31,7;51;"Richard Gasquet";"R";185;"FRA";27,5;"2-6 7-5 6-4 7-6(6)";5;"R32";199;16;3;139;90;70;21;21;6;9;3;5;138;86;62;27;21;4;7;18;1810;9;3140;2;7;6;7;NA;6;5;4;6;NA;2014-01-13;2014;"2014-580:222";401;0;3,83007499855769;4,83007499855769;51;"Richard Gasquet";117;"Tommy Robredo";4,83007499855769;3,83007499855769;1;27,5;31,7;-4,2;185;180;5;0,666666666666667;0,571428571428571;0,571428571428571;0,666666666666667;-0,0952380952380952;7;9;4;6;3;3;3;3;0;0;0;1
"634201";"2014-580";"Australian Open";"Hard";"128";"Grand Slams";223;46;"Fabio Fognini";"R";178;"ITA";26,6;114;"Sam Querrey";"R";198;"USA";26,2;"7-5 6-4 6-4";5;"R32";115;9;3;91;54;40;27;16;3;4;10;1;103;65;43;19;16;6;10;16;1930;51;915;7;6;6;NA;NA;5;4;4;NA;NA;2014-01-13;2014;"2014-580:223";402;1;4;2,3275746580285;46;"Fabio Fognini";114;"Sam Querrey";4;2,3275746580285;1,6724253419715;26,6;26,2;0,400000000000002;178;198;-20;0,75;0,6;0,75;0,6;0,15;10;4;6;3;4;1;4;1;3;0;0;1
"634202";"2014-580";"Australian Open";"Hard";"128";"Grand Slams";224;35;"Novak Djokovic";"R";188;"SRB";26,6;65;"Denis Istomin";"R";188;"UZB";27,3;"6-3 6-3 7-5";5;"R32";119;6;1;78;48;37;21;15;0;1;5;1;86;57;41;10;15;3;8;2;12260;49;945;6;6;7;NA;NA;3;3;5;NA;NA;2014-01-13;2014;"2014-580:224";403;1;7;2,38529015588479;35;"Novak Djokovic";65;"Denis Istomin";7;2,38529015588479;4,61470984411521;26,6;27,3;-0,699999999999999;188;188;0;0;0,375;0;0,375;-0,375;8;1;3;0;5;1;5;1;4;0;0;1
"634203";"2014-580";"Australian Open";"Hard";"128";"Grand Slams";225;101;"Rafael Nadal";"L";185;"ESP";27,6;103;"Kei Nishikori";"R";178;"JPN";24;"7-6(3) 7-5 7-6(3)";5;"R16";197;12;1;124;88;67;14;18;6;10;3;1;115;76;51;16;18;3;8;1;13130;17;1915;7;7;7;NA;NA;6;5;6;NA;NA;2014-01-13;2014;"2014-580:225";404;1;8;3,91253715874966;101;"Rafael Nadal";103;"Kei Nishikori";8;3,91253715874966;4,08746284125034;27,6;24;3,6;185;178;7;0,6;0,375;0,6;0,375;0,225;8;10;3;6;5;4;5;4;1;0;0;1
"634204";"2014-580";"Australian Open";"Hard";"128";"Grand Slams";226;33;"Grigor Dimitrov";"R";188;"BUL";22,6;9;"Roberto Bautista Agut";"R";183;"ESP";25,7;"6-3 3-6 6-2 6-4";5;"R16";144;11;3;112;67;57;21;18;4;5;5;1;102;65;44;22;18;1;5;22;1460;62;750;6;3;6;6;NA;3;6;2;4;NA;2014-01-13;2014;"2014-580:226";405;0;3,5405683813627;2,04580368961313;9;"Roberto Bautista Agut";33;"Grigor Dimitrov";2,04580368961313;3,5405683813627;-1,49476469174958;25,7;22,6;3,1;183;188;-5;0,8;0,2;0,2;0,8;-0,6;5;5;1;4;4;1;1;4;-3;0;0;1
"634207";"2014-580";"Australian Open";"Hard";"128";"Grand Slams";229;13;"Tomas Berdych";"R";196;"CZE";28,3;4;"Kevin Anderson";"R";203;"RSA";27,6;"6-2 6-2 6-3";5;"R16";118;7;3;71;37;33;21;13;0;0;17;1;87;62;39;10;12;12;17;7;4180;21;1580;6;6;6;NA;NA;2;2;3;NA;NA;2014-01-13;2014;"2014-580:229";406;0;5,1926450779424;3,60768257722124;4;"Kevin Anderson";13;"Tomas Berdych";3,60768257722124;5,1926450779424;-1,58496250072116;27,6;28,3;-0,699999999999999;203;196;7;1,5;0,705882352941177;0,705882352941177;1,5;-0,794117647058823;17;0;12;0;5;0;0;5;-5;0;0;1
"634209";"2014-580";"Australian Open";"Hard";"128";"Grand Slams";231;145;"Stan Wawrinka";"R";183;"SUI";28,7;117;"Tommy Robredo";"R";180;"ESP";31,7;"6-3 7-6(3) 7-6(5)";5;"R16";143;14;3;107;62;54;24;17;3;4;1;0;107;76;53;14;16;3;5;8;3890;18;1810;6;7;7;NA;NA;3;6;6;NA;NA;2014-01-13;2014;"2014-580:231";407;0;5;3,83007499855769;117;"Tommy Robredo";145;"Stan Wawrinka";3,83007499855769;5;-1,16992500144231;31,7;28,7;3;180;183;-3;0,75;0,6;0,6;0,75;-0,15;5;4;3;3;2;1;1;2;-1;0;0;1
"634210";"2014-580";"Australian Open";"Hard";"128";"Grand Slams";232;35;"Novak Djokovic";"R";188;"SRB";26,6;46;"Fabio Fognini";"R";178;"ITA";26,6;"6-3 6-0 6-2";5;"R16";93;8;2;60;43;38;12;12;0;0;3;7;91;54;32;13;11;16;22;2;12260;16;1930;6;6;6;NA;NA;3;0;2;NA;NA;2014-01-13;2014;"2014-580:232";408;1;7;4;35;"Novak Djokovic";46;"Fabio Fognini";7;4;3;26,6;26,6;0;188;178;10;1,5;0,727272727272727;1,5;0,727272727272727;0,772727272727273;22;0;16;0;6;0;6;0;6;0;0;1
"634211";"2014-580";"Australian Open";"Hard";"128";"Grand Slams";233;101;"Rafael Nadal";"L";185;"ESP";27,6;33;"Grigor Dimitrov";"R";188;"BUL";22,6;"3-6 7-6(3) 7-6(7) 6-2";5;"QF";217;3;7;124;91;66;22;20;3;6;18;5;155;90;64;32;21;7;11;1;13130;22;1460;3;7;7;6;NA;6;6;6;2;NA;2014-01-13;2014;"2014-580:233";409;0;8;3,5405683813627;33;"Grigor Dimitrov";101;"Rafael Nadal";3,5405683813627;8;-4,4594316186373;22,6;27,6;-5;188;185;3;0,5;0,636363636363636;0,636363636363636;0,5;0,136363636363636;11;6;7;3;4;3;3;4;-1;0;0;1
"634212";"2014-580";"Australian Open";"Hard";"128";"Grand Slams";234;44;"Roger Federer";"R";185;"SUI";32,4;100;"Andy Murray";"R";190;"GBR";26,6;"6-3 6-4 6-7(6) 6-3";5;"QF";200;10;0;122;78;60;29;21;1;2;9;1;146;89;60;28;19;13;17;6;4355;4;5560;6;6;6;6;NA;3;4;7;3;NA;2014-01-13;2014;"2014-580:234";410;1;5,41503749927884;6;44;"Roger Federer";100;"Andy Murray";5,41503749927884;6;-0,584962500721156;32,4;26,6;5,8;185;190;-5;0,5;0,764705882352941;0,5;0,764705882352941;-0,264705882352941;17;2;13;1;4;1;4;1;3;0;0;1
"634214";"2014-580";"Australian Open";"Hard";"128";"Grand Slams";236;145;"Stan Wawrinka";"R";183;"SUI";28,7;35;"Novak Djokovic";"R";188;"SRB";26,6;"2-6 6-4 6-2 3-6 9-7";5;"QF";240;17;5;170;98;71;36;25;3;7;7;1;144;105;75;23;26;5;10;8;3890;2;12260;2;6;6;3;9;6;4;2;6;7;2014-01-13;2014;"2014-580:236";411;0;5;7;35;"Novak Djokovic";145;"Stan Wawrinka";7;5;2;26,6;28,7;-2,1;188;183;5;0,428571428571429;0,5;0,5;0,428571428571429;0,0714285714285715;10;7;5;3;5;4;4;5;-1;0;0;1
"634215";"2014-580";"Australian Open";"Hard";"128";"Grand Slams";237;101;"Rafael Nadal";"L";185;"ESP";27,6;44;"Roger Federer";"R";185;"SUI";32,4;"7-6(4) 6-3 6-3";5;"SF";144;3;1;86;56;41;22;15;1;2;8;1;105;69;45;18;15;10;14;1;13130;6;4355;7;6;6;NA;NA;6;3;3;NA;NA;2014-01-13;2014;"2014-580:237";412;0;8;5,41503749927884;44;"Roger Federer";101;"Rafael Nadal";5,41503749927884;8;-2,58496250072116;32,4;27,6;4,8;185;185;0;0,5;0,714285714285714;0,714285714285714;0,5;0,214285714285714;14;2;10;1;4;1;1;4;-3;0;0;1
"634216";"2014-580";"Australian Open";"Hard";"128";"Grand Slams";238;145;"Stan Wawrinka";"R";183;"SUI";28,7;13;"Tomas Berdych";"R";196;"CZE";28,3;"6-3 6-7(1) 7-6(3) 7-6(4)";5;"SF";211;18;4;145;88;72;32;23;1;1;21;7;140;87;71;30;22;3;4;8;3890;7;4180;6;6;7;7;NA;3;7;6;6;NA;2014-01-13;2014;"2014-580:238";413;0;5;5,1926450779424;13;"Tomas Berdych";145;"Stan Wawrinka";5,1926450779424;5;0,192645077942396;28,3;28,7;-0,399999999999999;196;183;13;1;0,75;0,75;1;-0,25;4;1;3;1;1;0;0;1;-1;0;0;1
"634217";"2014-580";"Australian Open";"Hard";"128";"Grand Slams";239;145;"Stan Wawrinka";"R";183;"SUI";28,7;101;"Rafael Nadal";"L";185;"ESP";27,6;"6-3 6-2 3-6 6-3";5;"F";141;19;2;96;53;46;22;18;4;6;1;3;108;84;50;10;17;10;15;8;3890;1;13130;6;6;3;6;NA;3;2;6;3;NA;2014-01-13;2014;"2014-580:239";414;0;5;8;101;"Rafael Nadal";145;"Stan Wawrinka";8;5;3;27,6;28,7;-1,1;185;183;2;0,666666666666667;0,666666666666667;0,666666666666667;0,666666666666667;0;15;6;10;4;5;2;2;5;-3;0;0;1
"655217";"2014-560";"US Open";"Hard";"128";"Grand Slams";113;35;"Novak Djokovic";"R";188;"SRB";27,2;122;"Diego Schwartzman";"R";170;"ARG";22;"6-1 6-2 6-4";5;"R128";97;7;3;76;47;36;18;13;4;6;1;3;70;35;21;12;12;5;12;1;12770;79;656;6;6;6;NA;NA;1;2;4;NA;NA;2014-08-25;2014;"2014-560:113";415;1;8;1,6962192518229;35;"Novak Djokovic";122;"Diego Schwartzman";8;1,6962192518229;6,3037807481771;27,2;22;5,2;188;170;18;0,666666666666667;0,416666666666667;0,666666666666667;0,416666666666667;0,25;12;6;5;4;7;2;7;2;5;0;0;1
"655224";"2014-560";"US Open";"Hard";"128";"Grand Slams";120;64;"John Isner";"R";206;"USA";29,3;53;"Marcos Giron";"R";180;"USA";21;"7-6(5) 6-2 7-6(2)";5;"R128";120;26;0;85;59;51;22;16;0;0;6;9;123;88;65;12;16;12;14;15;1925;419;97;7;6;7;NA;NA;6;2;6;NA;NA;2014-08-25;2014;"2014-560:120";416;0;4,09310940439148;-0,710806433699352;53;"Marcos Giron";64;"John Isner";-0,710806433699352;4,09310940439148;-4,80391583809083;21;29,3;-8,3;180;206;-26;1,5;0,857142857142857;0,857142857142857;1,5;-0,642857142857143;14;0;12;0;2;0;0;2;-2;0;0;1
"655228";"2014-560";"US Open";"Hard";"128";"Grand Slams";124;108;"Benoit Paire";"R";196;"FRA";25,2;11;"Julien Benneteau";"R";185;"FRA";32,6;"7-6(4) 5-7 6-4 4-6 6-4";5;"R128";244;14;15;168;86;64;29;27;11;20;6;9;205;133;88;27;27;21;30;98;590;28;1285;7;5;6;4;6;6;7;4;6;4;2014-08-25;2014;"2014-560:124";417;0;1,38529015588479;3,1926450779424;11;"Julien Benneteau";108;"Benoit Paire";3,1926450779424;1,38529015588479;1,8073549220576;32,6;25,2;7,4;185;196;-11;0,55;0,7;0,7;0,55;0,15;30;20;21;11;9;9;9;9;0;0;0;1
"655232";"2014-560";"US Open";"Hard";"128";"Grand Slams";128;100;"Andy Murray";"R";190;"GBR";27,2;57;"Robin Haase";"R";190;"NED";27,3;"6-3 7-6(6) 1-6 7-5";5;"R128";188;8;9;157;96;58;31;21;12;19;16;6;134;81;55;23;19;7;13;9;3150;70;725;6;7;1;7;NA;3;6;6;5;NA;2014-08-25;2014;"2014-560:128";418;0;4,83007499855769;1,87071698305503;57;"Robin Haase";100;"Andy Murray";1,87071698305503;4,83007499855769;-2,95935801550265;27,3;27,2;0,100000000000001;190;190;0;0,631578947368421;0,538461538461538;0,538461538461538;0,631578947368421;-0,0931174089068826;13;19;7;12;6;7;7;6;1;0;0;1
"655233";"2014-560";"US Open";"Hard";"128";"Grand Slams";129;145;"Stan Wawrinka";"R";183;"SUI";29,4;144;"Jiri Vesely";"L";198;"CZE";21,1;"6-2 7-6(6) 7-6(3)";5;"R128";135;9;7;100;47;38;31;16;2;4;5;6;109;69;46;22;16;8;12;4;5985;75;686;6;7;7;NA;NA;2;6;6;NA;NA;2014-08-25;2014;"2014-560:129";419;0;6;1,77118130950412;144;"Jiri Vesely";145;"Stan Wawrinka";1,77118130950412;6;-4,22881869049588;21,1;29,4;-8,3;198;183;15;0,5;0,666666666666667;0,666666666666667;0,5;0,166666666666667;12;4;8;2;4;2;2;4;-2;0;0;1
"655237";"2014-560";"US Open";"Hard";"128";"Grand Slams";133;80;"Nick Kyrgios";"R";193;"AUS";19,3;147;"Mikhail Youzhny";"R";183;"RUS";32,1;"7-5 7-6(4) 2-6 7-6(1)";5;"R128";183;26;8;150;102;73;24;22;4;8;6;8;160;114;78;23;21;11;14;60;805;23;1540;7;7;2;7;NA;5;6;6;6;NA;2014-08-25;2014;"2014-560:133";420;1;2,09310940439148;3,47643804394299;80;"Nick Kyrgios";147;"Mikhail Youzhny";2,09310940439148;3,47643804394299;-1,38332863955151;19,3;32,1;-12,8;193;183;10;0,5;0,785714285714286;0,5;0,785714285714286;-0,285714285714286;14;8;11;4;3;4;3;4;-1;0;0;1
"655238";"2014-560";"US Open";"Hard";"128";"Grand Slams";134;123;"Andreas Seppi";"R";190;"ITA";30,5;131;"Sergiy Stakhovsky";"R";193;"UKR";28,6;"6-3 6-1 6-4";5;"R128";115;3;5;101;66;47;17;13;16;17;6;5;95;60;36;13;13;2;8;49;925;93;612;6;6;6;NA;NA;3;1;4;NA;NA;2014-08-25;2014;"2014-560:134";421;1;2,38529015588479;1,46084118889197;123;"Andreas Seppi";131;"Sergiy Stakhovsky";2,38529015588479;1,46084118889197;0,924448966992823;30,5;28,6;1,9;190;193;-3;0,941176470588235;0,25;0,941176470588235;0,25;0,691176470588235;8;17;2;16;6;1;6;1;5;0;0;1
"655248";"2014-560";"US Open";"Hard";"128";"Grand Slams";144;116;"Milos Raonic";"R";196;"CAN";23,6;26;"Taro Daniel";"R";191;"JPN";21,5;"6-3 6-2 7-6(1)";5;"R128";115;19;4;83;55;49;17;15;7;8;1;5;92;62;41;13;14;5;9;6;4225;186;274;6;6;7;NA;NA;3;2;6;NA;NA;2014-08-25;2014;"2014-560:144";422;0;5,41503749927884;0,460841188891969;26;"Taro Daniel";116;"Milos Raonic";0,460841188891969;5,41503749927884;-4,95419631038687;21,5;23,6;-2,1;191;196;-5;0,875;0,555555555555556;0,555555555555556;0,875;-0,319444444444444;9;8;5;7;4;1;1;4;-3;0;0;1
"655255";"2014-560";"US Open";"Hard";"128";"Grand Slams";151;134;"Dominic Thiem";"R";185;"AUT";20,9;82;"Lukas Lacko";"R";185;"SVK";26,8;"6-3 6-3 6-2";5;"R128";86;6;1;68;34;29;25;13;3;3;2;3;78;43;30;15;13;7;12;45;985;84;644;6;6;6;NA;NA;3;3;2;NA;NA;2014-08-25;2014;"2014-560:151";423;0;2,50814690367033;1,60768257722124;82;"Lukas Lacko";134;"Dominic Thiem";1,60768257722124;2,50814690367033;-0,900464326449086;26,8;20,9;5,9;185;185;0;1;0,583333333333333;0,583333333333333;1;-0,416666666666667;12;3;7;3;5;0;0;5;-5;0;0;1
"655259";"2014-560";"US Open";"Hard";"128";"Grand Slams";155;67;"Jerzy Janowicz";"R";203;"POL";23,7;83;"Dusan Lajovic";"R";180;"SRB";24,1;"6-3 7-5 5-7 7-5";5;"R128";179;20;8;123;78;57;27;23;2;6;7;4;165;106;65;31;22;9;15;43;995;61;800;6;7;5;7;NA;3;5;7;5;NA;2014-08-25;2014;"2014-560:155";424;1;2,5737352452979;2,06926266243711;67;"Jerzy Janowicz";83;"Dusan Lajovic";2,5737352452979;2,06926266243711;0,504472582860789;23,7;24,1;-0,400000000000002;203;180;23;0,333333333333333;0,6;0,333333333333333;0,6;-0,266666666666667;15;6;9;2;6;4;6;4;2;0;0;1
"655260";"2014-560";"US Open";"Hard";"128";"Grand Slams";156;4;"Kevin Anderson";"R";203;"RSA";28,2;25;"Pablo Cuevas";"R";180;"URU";28,6;"6-3 6-7(3) 4-6 6-2 7-6(1)";5;"R128";242;29;5;172;121;91;25;26;14;17;10;9;158;86;68;35;25;9;14;20;1795;40;1059;6;6;4;6;7;3;7;6;2;6;2014-08-25;2014;"2014-560:156";425;1;3,67807190511264;2,67807190511264;4;"Kevin Anderson";25;"Pablo Cuevas";3,67807190511264;2,67807190511264;1;28,2;28,6;-0,400000000000002;203;180;23;0,823529411764706;0,642857142857143;0,823529411764706;0,642857142857143;0,180672268907563;14;17;9;14;5;3;5;3;2;0;0;1
"655261";"2014-560";"US Open";"Hard";"128";"Grand Slams";157;125;"Gilles Simon";"R";183;"FRA";29,6;1;"Radu Albot";"R";175;"MDA";24,7;"6-3 6-4 6-2";5;"R128";129;12;1;98;52;39;28;14;7;7;3;3;83;54;36;10;13;4;8;31;1180;201;241;6;6;6;NA;NA;3;4;2;NA;NA;2014-08-25;2014;"2014-560:157";426;0;3,04580368961313;0,348948308821071;1;"Radu Albot";125;"Gilles Simon";0,348948308821071;3,04580368961313;-2,69685538079205;24,7;29,6;-4,9;175;183;-8;1;0,5;0,5;1;-0,5;8;7;4;7;4;0;0;4;-4;0;0;1
"655265";"2014-560";"US Open";"Hard";"128";"Grand Slams";161;33;"Grigor Dimitrov";"R";188;"BUL";23,2;59;"Ryan Harrison";"R";183;"USA";22,2;"6-2 7-6(4) 6-2";5;"R128";124;8;0;78;42;35;24;14;1;2;3;6;104;59;36;21;14;8;13;8;3540;184;282;6;7;6;NA;NA;2;6;2;NA;NA;2014-08-25;2014;"2014-560:161";427;1;5;0,476438043942987;33;"Grigor Dimitrov";59;"Ryan Harrison";5;0,476438043942987;4,52356195605701;23,2;22,2;1;188;183;5;0,5;0,615384615384615;0,5;0,615384615384615;-0,115384615384615;13;2;8;1;5;1;5;1;4;0;0;1
"655272";"2014-560";"US Open";"Hard";"128";"Grand Slams";168;51;"Richard Gasquet";"R";185;"FRA";28,1;65;"Denis Istomin";"R";188;"UZB";27,9;"7-5 7-6(5) 6-4";5;"R128";157;9;2;99;61;49;22;17;1;3;18;1;108;72;54;16;17;8;12;14;2360;44;985;7;7;6;NA;NA;5;6;4;NA;NA;2014-08-25;2014;"2014-560:168";428;1;4,1926450779424;2,5405683813627;51;"Richard Gasquet";65;"Denis Istomin";4,1926450779424;2,5405683813627;1,65207669657969;28,1;27,9;0,200000000000003;185;188;-3;0,333333333333333;0,666666666666667;0,333333333333333;0,666666666666667;-0,333333333333333;12;3;8;1;4;2;4;2;2;0;0;1
"655275";"2014-560";"US Open";"Hard";"128";"Grand Slams";171;127;"Tim Smyczek";"R";175;"USA";26,6;76;"Filip Krajinovic";"R";185;"SRB";22,4;"4-6 6-3 6-2 7-6(5)";5;"R128";149;18;2;122;67;51;38;20;2;3;8;2;117;75;57;22;19;4;7;90;621;108;541;4;6;6;7;NA;6;3;2;6;NA;2014-08-25;2014;"2014-560:171";429;0;1,50814690367033;1,24511249783653;76;"Filip Krajinovic";127;"Tim Smyczek";1,24511249783653;1,50814690367033;-0,263034405833793;22,4;26,6;-4,2;185;175;10;0,666666666666667;0,571428571428571;0,571428571428571;0,666666666666667;-0,0952380952380952;7;3;4;2;3;1;1;3;-2;0;0;1
"655284";"2014-560";"US Open";"Hard";"128";"Grand Slams";180;64;"John Isner";"R";206;"USA";29,3;133;"Jan Lennard Struff";"R";193;"GER";24,3;"7-6(5) 6-4 6-2";5;"R64";116;29;1;84;61;53;15;15;1;1;3;6;94;62;48;14;15;3;6;15;1925;77;680;7;6;6;NA;NA;6;4;2;NA;NA;2014-08-25;2014;"2014-560:180";430;1;4,09310940439148;1,7332134593051;64;"John Isner";133;"Jan Lennard Struff";4,09310940439148;1,7332134593051;2,35989594508638;29,3;24,3;5;206;193;13;1;0,5;1;0,5;0,5;6;1;3;1;3;0;3;0;3;0;0;1
"655286";"2014-560";"US Open";"Hard";"128";"Grand Slams";182;18;"Pablo Carreno Busta";"R";188;"ESP";23,1;108;"Benoit Paire";"R";196;"FRA";25,2;"6-1 6-4 3-6 6-3";5;"R64";146;5;0;109;76;55;17;18;6;9;16;6;135;74;49;24;17;11;17;74;691;98;590;6;6;3;6;NA;1;4;6;3;NA;2014-08-25;2014;"2014-560:182";431;1;1,79054663437105;1,38529015588479;18;"Pablo Carreno Busta";108;"Benoit Paire";1,79054663437105;1,38529015588479;0,405256478486258;23,1;25,2;-2,1;188;196;-8;0,666666666666667;0,647058823529412;0,666666666666667;0,647058823529412;0,0196078431372548;17;9;11;6;6;3;6;3;3;0;0;1
"655291";"2014-560";"US Open";"Hard";"128";"Grand Slams";187;80;"Nick Kyrgios";"R";193;"AUS";19,3;123;"Andreas Seppi";"R";190;"ITA";30,5;"6-4 7-6(2) 6-4";5;"R64";116;22;3;91;58;49;25;16;5;5;10;4;95;47;35;29;16;2;4;60;805;49;925;6;7;6;NA;NA;4;6;4;NA;NA;2014-08-25;2014;"2014-560:187";432;1;2,09310940439148;2,38529015588479;80;"Nick Kyrgios";123;"Andreas Seppi";2,09310940439148;2,38529015588479;-0,29218075149331;19,3;30,5;-11,2;193;190;3;1;0,5;1;0,5;0,5;4;5;2;5;2;0;2;0;2;0;0;1
"655296";"2014-560";"US Open";"Hard";"128";"Grand Slams";192;116;"Milos Raonic";"R";196;"CAN";23,6;55;"Peter Gojowczyk";"R";185;"GER";25,1;"7-6(4) 5-7 6-4 7-6(3)";5;"R64";186;26;3;134;80;65;31;23;2;5;7;5;151;87;67;33;23;7;10;6;4225;124;483;7;5;6;7;NA;6;7;4;6;NA;2014-08-25;2014;"2014-560:192";433;0;5,41503749927884;1,04580368961313;55;"Peter Gojowczyk";116;"Milos Raonic";1,04580368961313;5,41503749927884;-4,36923380966572;25,1;23,6;1,5;185;196;-11;0,4;0,7;0,7;0,4;0,3;10;5;7;2;3;3;3;3;0;0;0;1
"655302";"2014-560";"US Open";"Hard";"128";"Grand Slams";198;4;"Kevin Anderson";"R";203;"RSA";28,2;67;"Jerzy Janowicz";"R";203;"POL";23,7;"6-7(6) 6-2 6-1 6-3";5;"R64";147;15;3;96;64;48;23;18;0;2;2;11;130;78;46;22;18;9;17;20;1795;43;995;6;6;6;6;NA;7;2;1;3;NA;2014-08-25;2014;"2014-560:198";434;1;3,67807190511264;2,5737352452979;4;"Kevin Anderson";67;"Jerzy Janowicz";3,67807190511264;2,5737352452979;1,10433665981474;28,2;23,7;4,5;203;203;0;0;0,529411764705882;0;0,529411764705882;-0,529411764705882;17;2;9;0;8;2;8;2;6;0;0;1
"655306";"2014-560";"US Open";"Hard";"128";"Grand Slams";202;54;"David Goffin";"R";180;"BEL";23,7;130;"Joao Sousa";"R";185;"POR";25,4;"6-4 6-2 6-0";5;"R64";104;9;2;79;53;38;11;12;7;10;4;2;82;44;26;8;12;6;15;56;828;38;1077;6;6;6;NA;NA;4;2;0;NA;NA;2014-08-25;2014;"2014-560:202";435;1;2,1926450779424;2,75207248655641;54;"David Goffin";130;"Joao Sousa";2,1926450779424;2,75207248655641;-0,559427408614019;23,7;25,4;-1,7;180;185;-5;0,7;0,4;0,7;0,4;0,3;15;10;6;7;9;3;9;3;6;0;0;1
"655308";"2014-560";"US Open";"Hard";"128";"Grand Slams";204;51;"Richard Gasquet";"R";185;"FRA";28,1;85;"Paolo Lorenzi";"R";183;"ITA";32,6;"7-6(4) 6-3 6-3";5;"R64";138;14;2;88;59;46;18;15;1;2;11;5;106;56;40;21;15;14;18;14;2360;78;674;7;6;6;NA;NA;6;3;3;NA;NA;2014-08-25;2014;"2014-560:204";436;1;4,1926450779424;1,71459778113775;51;"Richard Gasquet";85;"Paolo Lorenzi";4,1926450779424;1,71459778113775;2,47804729680464;28,1;32,6;-4,5;185;183;2;0,5;0,777777777777778;0,5;0,777777777777778;-0,277777777777778;18;2;14;1;4;1;4;1;3;0;0;1
"655309";"2014-560";"US Open";"Hard";"128";"Grand Slams";205;87;"Adrian Mannarino";"L";183;"FRA";26,1;46;"Fabio Fognini";"R";178;"ITA";27,2;"6-3 6-4 6-1";5;"R64";117;12;7;86;47;34;20;13;5;8;2;10;111;54;33;20;13;14;22;89;622;17;1835;6;6;6;NA;NA;3;4;1;NA;NA;2014-08-25;2014;"2014-560:205";437;0;1,5242665690336;3,91253715874966;46;"Fabio Fognini";87;"Adrian Mannarino";3,91253715874966;1,5242665690336;2,38827058971606;27,2;26,1;1,1;178;183;-5;0,625;0,636363636363636;0,636363636363636;0,625;0,0113636363636364;22;8;14;5;8;3;3;8;-5;0;0;1
"655310";"2014-560";"US Open";"Hard";"128";"Grand Slams";206;9;"Roberto Bautista Agut";"R";183;"ESP";26,3;127;"Tim Smyczek";"R";175;"USA";26,6;"6-3 6-2 6-1";5;"R64";97;7;2;68;48;40;11;12;3;3;4;5;84;49;28;16;12;6;12;19;1800;90;621;6;6;6;NA;NA;3;2;1;NA;NA;2014-08-25;2014;"2014-560:206";438;1;3,75207248655641;1,50814690367033;9;"Roberto Bautista Agut";127;"Tim Smyczek";3,75207248655641;1,50814690367033;2,24392558288609;26,3;26,6;-0,300000000000001;183;175;8;1;0,5;1;0,5;0,5;12;3;6;3;6;0;6;0;6;0;0;1
"655313";"2014-560";"US Open";"Hard";"128";"Grand Slams";209;35;"Novak Djokovic";"R";188;"SRB";27,2;114;"Sam Querrey";"R";198;"USA";26,8;"6-3 6-2 6-2";5;"R32";85;5;1;74;51;38;11;13;2;4;7;3;72;46;26;6;12;5;12;1;12770;57;820;6;6;6;NA;NA;3;2;2;NA;NA;2014-08-25;2014;"2014-560:209";439;1;8;2,16710998583526;35;"Novak Djokovic";114;"Sam Querrey";8;2,16710998583526;5,83289001416474;27,2;26,8;0,399999999999999;188;198;-10;0,5;0,416666666666667;0,5;0,416666666666667;0,0833333333333333;12;4;5;2;7;2;7;2;5;0;0;1
"655314";"2014-560";"US Open";"Hard";"128";"Grand Slams";210;74;"Philipp Kohlschreiber";"R";178;"GER";30,8;64;"John Isner";"R";206;"USA";29,3;"7-6(4) 4-6 7-6(2) 7-6(4)";5;"R32";189;13;5;157;98;77;36;23;11;12;44;4;141;95;77;30;23;5;5;25;1505;15;1925;7;4;7;7;NA;6;6;6;6;NA;2014-08-25;2014;"2014-560:210";440;0;3,35614381022528;4,09310940439148;64;"John Isner";74;"Philipp Kohlschreiber";4,09310940439148;3,35614381022528;0,736965594166206;29,3;30,8;-1,5;206;178;28;0,916666666666667;1;1;0,916666666666667;0,0833333333333334;5;12;5;11;0;1;1;0;1;0;0;1
"655315";"2014-560";"US Open";"Hard";"128";"Grand Slams";211;141;"Jo-Wilfried Tsonga";"R";188;"FRA";29,3;18;"Pablo Carreno Busta";"R";188;"ESP";23,1;"6-4 6-4 6-4";5;"R32";114;14;2;84;54;44;19;15;6;6;3;1;98;67;47;17;15;8;11;10;2920;74;691;6;6;6;NA;NA;4;4;4;NA;NA;2014-08-25;2014;"2014-560:211";441;0;4,67807190511264;1,79054663437105;18;"Pablo Carreno Busta";141;"Jo-Wilfried Tsonga";1,79054663437105;4,67807190511264;-2,88752527074159;23,1;29,3;-6,2;188;188;0;1;0,727272727272727;0,727272727272727;1;-0,272727272727273;11;6;8;6;3;0;0;3;-3;0;0;1
"655318";"2014-560";"US Open";"Hard";"128";"Grand Slams";214;117;"Tommy Robredo";"R";180;"ESP";32,3;80;"Nick Kyrgios";"R";193;"AUS";19,3;"3-6 6-3 7-6(4) 6-3";5;"R32";148;4;3;117;86;66;16;20;6;9;19;3;115;74;60;13;19;2;6;18;1825;60;805;3;6;7;6;NA;6;3;6;3;NA;2014-08-25;2014;"2014-560:214";442;0;3,83007499855769;2,09310940439148;80;"Nick Kyrgios";117;"Tommy Robredo";2,09310940439148;3,83007499855769;-1,73696559416621;19,3;32,3;-13;193;180;13;0,666666666666667;0,333333333333333;0,333333333333333;0,666666666666667;-0,333333333333333;6;9;2;6;4;3;3;4;-1;0;0;1
"655319";"2014-560";"US Open";"Hard";"128";"Grand Slams";215;103;"Kei Nishikori";"R";178;"JPN";24,6;90;"Leonardo Mayer";"R";188;"ARG";27,2;"6-4 6-2 6-3";5;"R32";112;4;2;86;42;29;30;13;9;10;9;5;82;49;34;11;14;5;11;11;2680;26;1354;6;6;6;NA;NA;4;2;3;NA;NA;2014-08-25;2014;"2014-560:215";443;0;4,5405683813627;3,29956028185891;90;"Leonardo Mayer";103;"Kei Nishikori";3,29956028185891;4,5405683813627;-1,24100809950379;27,2;24,6;2,6;188;178;10;0,9;0,454545454545455;0,454545454545455;0,9;-0,445454545454545;11;10;5;9;6;1;1;6;-5;0;0;1
"655322";"2014-560";"US Open";"Hard";"128";"Grand Slams";218;134;"Dominic Thiem";"R";185;"AUT";20,9;84;"Feliciano Lopez";"L";188;"ESP";32,9;"6-4 6-2 6-3";5;"R32";109;6;6;87;51;40;17;14;6;8;5;1;80;48;28;16;13;6;12;45;985;21;1770;6;6;6;NA;NA;4;2;3;NA;NA;2014-08-25;2014;"2014-560:218";444;0;2,50814690367033;3,60768257722124;84;"Feliciano Lopez";134;"Dominic Thiem";3,60768257722124;2,50814690367033;1,09953567355091;32,9;20,9;12;188;185;3;0,75;0,5;0,5;0,75;-0,25;12;8;6;6;6;2;2;6;-4;0;0;1
"655323";"2014-560";"US Open";"Hard";"128";"Grand Slams";219;22;"Marin Cilic";"R";198;"CRO";25,9;4;"Kevin Anderson";"R";203;"RSA";28,2;"6-3 3-6 6-3 6-4";5;"R32";180;13;8;108;61;50;21;19;3;7;12;7;139;86;56;22;18;14;20;16;1845;20;1795;6;3;6;6;NA;3;6;3;4;NA;2014-08-25;2014;"2014-560:219";445;0;4;3,67807190511264;4;"Kevin Anderson";22;"Marin Cilic";3,67807190511264;4;-0,321928094887363;28,2;25,9;2,3;203;198;5;0,428571428571429;0,7;0,7;0,428571428571429;0,271428571428571;20;7;14;3;6;4;4;6;-2;0;0;1
"655325";"2014-560";"US Open";"Hard";"128";"Grand Slams";221;33;"Grigor Dimitrov";"R";188;"BUL";23,2;54;"David Goffin";"R";180;"BEL";23,7;"0-6 6-3 6-4 6-1";5;"R32";141;7;10;103;47;40;22;16;11;16;4;6;102;55;35;19;16;4;11;8;3540;56;828;0;6;6;6;NA;6;3;4;1;NA;2014-08-25;2014;"2014-560:221";446;1;5;2,1926450779424;33;"Grigor Dimitrov";54;"David Goffin";5;2,1926450779424;2,8073549220576;23,2;23,7;-0,5;188;180;8;0,6875;0,363636363636364;0,6875;0,363636363636364;0,323863636363636;11;16;4;11;7;5;7;5;2;0;0;1
"655326";"2014-560";"US Open";"Hard";"128";"Grand Slams";222;96;"Gael Monfils";"R";193;"FRA";27,9;51;"Richard Gasquet";"R";185;"FRA";28,1;"6-4 6-2 6-2";5;"R32";115;11;5;65;38;32;16;13;0;1;0;0;91;54;31;14;13;3;9;24;1530;14;2360;6;6;6;NA;NA;4;2;2;NA;NA;2014-08-25;2014;"2014-560:222";447;0;3,41503749927884;4,1926450779424;51;"Richard Gasquet";96;"Gael Monfils";4,1926450779424;3,41503749927884;0,777607578663552;28,1;27,9;0,200000000000003;185;193;-8;0;0,333333333333333;0,333333333333333;0;0,333333333333333;9;1;3;0;6;1;1;6;-5;0;0;1
"655327";"2014-560";"US Open";"Hard";"128";"Grand Slams";223;9;"Roberto Bautista Agut";"R";183;"ESP";26,3;87;"Adrian Mannarino";"L";183;"FRA";26,1;"7-5 6-2 6-3";5;"R32";127;1;2;94;53;39;22;15;1;3;9;3;87;58;33;16;14;3;9;19;1800;89;622;7;6;6;NA;NA;5;2;3;NA;NA;2014-08-25;2014;"2014-560:223";448;1;3,75207248655641;1,5242665690336;9;"Roberto Bautista Agut";87;"Adrian Mannarino";3,75207248655641;1,5242665690336;2,22780591752281;26,3;26,1;0,199999999999999;183;183;0;0,333333333333333;0,333333333333333;0,333333333333333;0,333333333333333;0;9;3;3;1;6;2;6;2;4;0;0;1
"655329";"2014-560";"US Open";"Hard";"128";"Grand Slams";225;35;"Novak Djokovic";"R";188;"SRB";27,2;74;"Philipp Kohlschreiber";"R";178;"GER";30,8;"6-1 7-5 6-4";5;"R16";123;6;0;85;55;42;21;15;2;2;6;3;85;44;32;19;14;5;9;1;12770;25;1505;6;7;6;NA;NA;1;5;4;NA;NA;2014-08-25;2014;"2014-560:225";449;1;8;3,35614381022528;35;"Novak Djokovic";74;"Philipp Kohlschreiber";8;3,35614381022528;4,64385618977472;27,2;30,8;-3,6;188;178;10;1;0,555555555555556;1;0,555555555555556;0,444444444444444;9;2;5;2;4;0;4;0;4;0;0;1
"655330";"2014-560";"US Open";"Hard";"128";"Grand Slams";226;100;"Andy Murray";"R";190;"GBR";27,2;141;"Jo-Wilfried Tsonga";"R";188;"FRA";29,3;"7-5 7-5 6-4";5;"R16";155;11;3;99;49;41;29;17;3;5;5;6;113;67;43;24;17;8;13;9;3150;10;2920;7;7;6;NA;NA;5;5;4;NA;NA;2014-08-25;2014;"2014-560:226";450;1;4,83007499855769;4,67807190511264;100;"Andy Murray";141;"Jo-Wilfried Tsonga";4,83007499855769;4,67807190511264;0,15200309344505;27,2;29,3;-2,1;190;188;2;0,6;0,615384615384615;0,6;0,615384615384615;-0,0153846153846154;13;5;8;3;5;2;5;2;3;0;0;1
"655331";"2014-560";"US Open";"Hard";"128";"Grand Slams";227;145;"Stan Wawrinka";"R";183;"SUI";29,4;117;"Tommy Robredo";"R";180;"ESP";32,3;"7-5 4-6 7-6(7) 6-2";5;"R16";181;18;6;133;73;58;35;21;6;8;4;2;120;77;53;26;21;2;6;4;5985;18;1825;7;4;7;6;NA;5;6;6;2;NA;2014-08-25;2014;"2014-560:227";451;0;6;3,83007499855769;117;"Tommy Robredo";145;"Stan Wawrinka";3,83007499855769;6;-2,16992500144231;32,3;29,4;2,9;180;183;-3;0,75;0,333333333333333;0,333333333333333;0,75;-0,416666666666667;6;8;2;6;4;2;2;4;-2;0;0;1
"655332";"2014-560";"US Open";"Hard";"128";"Grand Slams";228;103;"Kei Nishikori";"R";178;"JPN";24,6;116;"Milos Raonic";"R";196;"CAN";23,6;"4-6 7-6(4) 6-7(6) 7-5 6-4";5;"R16";259;8;7;164;92;68;48;28;5;9;35;10;192;106;87;40;28;14;19;11;2680;6;4225;4;7;6;7;6;6;6;7;5;4;2014-08-25;2014;"2014-560:228";452;1;4,5405683813627;5,41503749927884;103;"Kei Nishikori";116;"Milos Raonic";4,5405683813627;5,41503749927884;-0,874469117916141;24,6;23,6;1;178;196;-18;0,555555555555556;0,736842105263158;0,555555555555556;0,736842105263158;-0,181286549707602;19;9;14;5;5;4;5;4;1;0;0;1
"655333";"2014-560";"US Open";"Hard";"128";"Grand Slams";229;13;"Tomas Berdych";"R";196;"CZE";28,9;134;"Dominic Thiem";"R";185;"AUT";20,9;"6-1 6-2 6-4";5;"R16";98;9;3;81;46;39;20;13;7;7;4;4;71;39;30;10;12;4;9;7;4060;45;985;6;6;6;NA;NA;1;2;4;NA;NA;2014-08-25;2014;"2014-560:229";453;1;5,1926450779424;2,50814690367033;13;"Tomas Berdych";134;"Dominic Thiem";5,1926450779424;2,50814690367033;2,68449817427207;28,9;20,9;8;196;185;11;1;0,444444444444444;1;0,444444444444444;0,555555555555556;9;7;4;7;5;0;5;0;5;0;0;1
"655334";"2014-560";"US Open";"Hard";"128";"Grand Slams";230;22;"Marin Cilic";"R";198;"CRO";25,9;125;"Gilles Simon";"R";183;"FRA";29,6;"5-7 7-6(3) 6-4 3-6 6-3";5;"R16";253;22;4;157;84;67;42;26;7;10;17;3;180;102;72;42;26;10;13;16;1845;31;1180;5;7;6;3;6;7;6;4;6;3;2014-08-25;2014;"2014-560:230";454;1;4;3,04580368961313;22;"Marin Cilic";125;"Gilles Simon";4;3,04580368961313;0,954196310386875;25,9;29,6;-3,7;198;183;15;0,7;0,769230769230769;0,7;0,769230769230769;-0,0692307692307693;13;10;10;7;3;3;3;3;0;0;0;1
"655335";"2014-560";"US Open";"Hard";"128";"Grand Slams";231;96;"Gael Monfils";"R";193;"FRA";27,9;33;"Grigor Dimitrov";"R";188;"BUL";23,2;"7-5 7-6(6) 7-5";5;"R16";144;14;6;111;73;57;22;18;6;7;11;4;103;59;43;26;18;1;4;24;1530;8;3540;7;7;7;NA;NA;5;6;5;NA;NA;2014-08-25;2014;"2014-560:231";455;0;3,41503749927884;5;33;"Grigor Dimitrov";96;"Gael Monfils";5;3,41503749927884;1,58496250072116;23,2;27,9;-4,7;188;193;-5;0,857142857142857;0,25;0,25;0,857142857142857;-0,607142857142857;4;7;1;6;3;1;1;3;-2;0;0;1
"655336";"2014-560";"US Open";"Hard";"128";"Grand Slams";232;44;"Roger Federer";"R";185;"SUI";33;9;"Roberto Bautista Agut";"R";183;"ESP";26,3;"6-4 6-3 6-2";5;"R16";116;8;5;87;51;39;19;13;6;7;2;4;102;65;38;15;14;7;13;3;7490;19;1800;6;6;6;NA;NA;4;3;2;NA;NA;2014-08-25;2014;"2014-560:232";456;0;6,41503749927884;3,75207248655641;9;"Roberto Bautista Agut";44;"Roger Federer";3,75207248655641;6,41503749927884;-2,66296501272243;26,3;33;-6,7;183;185;-2;0,857142857142857;0,538461538461538;0,538461538461538;0,857142857142857;-0,318681318681319;13;7;7;6;6;1;1;6;-5;0;0;1
"655337";"2014-560";"US Open";"Hard";"128";"Grand Slams";233;35;"Novak Djokovic";"R";188;"SRB";27,2;100;"Andy Murray";"R";190;"GBR";27,2;"7-6(1) 6-7(1) 6-2 6-4";5;"QF";212;8;3;152;96;64;29;21;12;16;9;4;133;75;48;28;21;3;10;1;12770;9;3150;7;6;6;6;NA;6;7;2;4;NA;2014-08-25;2014;"2014-560:233";457;1;8;4,83007499855769;35;"Novak Djokovic";100;"Andy Murray";8;4,83007499855769;3,16992500144231;27,2;27,2;0;188;190;-2;0,75;0,3;0,75;0,3;0,45;10;16;3;12;7;4;7;4;3;0;0;1
"655338";"2014-560";"US Open";"Hard";"128";"Grand Slams";234;103;"Kei Nishikori";"R";178;"JPN";24,6;145;"Stan Wawrinka";"R";183;"SUI";29,4;"3-6 7-5 7-6(7) 6-7(5) 6-4";5;"QF";255;3;6;184;108;82;41;27;8;10;18;8;174;97;81;39;28;7;10;11;2680;4;5985;3;7;7;6;6;6;5;6;7;4;2014-08-25;2014;"2014-560:234";458;1;4,5405683813627;6;103;"Kei Nishikori";145;"Stan Wawrinka";4,5405683813627;6;-1,4594316186373;24,6;29,4;-4,8;178;183;-5;0,8;0,7;0,8;0,7;0,1;10;10;7;8;3;2;3;2;1;0;0;1
"655339";"2014-560";"US Open";"Hard";"128";"Grand Slams";235;22;"Marin Cilic";"R";198;"CRO";25,9;13;"Tomas Berdych";"R";196;"CZE";28,9;"6-2 6-4 7-6(4)";5;"QF";132;19;5;90;57;48;15;15;2;4;4;5;92;46;33;19;15;3;8;16;1845;7;4060;6;6;7;NA;NA;2;4;6;NA;NA;2014-08-25;2014;"2014-560:235";459;0;4;5,1926450779424;13;"Tomas Berdych";22;"Marin Cilic";5,1926450779424;4;1,1926450779424;28,9;25,9;3;196;198;-2;0,5;0,375;0,375;0,5;-0,125;8;4;3;2;5;2;2;5;-3;0;0;1
"655340";"2014-560";"US Open";"Hard";"128";"Grand Slams";236;44;"Roger Federer";"R";185;"SUI";33;96;"Gael Monfils";"R";193;"FRA";27,9;"4-6 3-6 6-4 7-5 6-2";5;"QF";200;5;2;151;86;65;37;25;10;15;6;9;157;99;65;29;24;7;13;3;7490;24;1530;4;3;6;7;6;6;6;4;5;2;2014-08-25;2014;"2014-560:236";460;1;6,41503749927884;3,41503749927884;44;"Roger Federer";96;"Gael Monfils";6,41503749927884;3,41503749927884;3;33;27,9;5,1;185;193;-8;0,666666666666667;0,538461538461538;0,666666666666667;0,538461538461538;0,128205128205128;13;15;7;10;6;5;6;5;1;0;0;1
"655341";"2014-560";"US Open";"Hard";"128";"Grand Slams";237;103;"Kei Nishikori";"R";178;"JPN";24,6;35;"Novak Djokovic";"R";188;"SRB";27,2;"6-4 1-6 7-6(4) 6-3";5;"SF";172;5;4;125;73;49;26;18;9;13;15;4;112;66;53;17;20;2;7;11;2680;1;12770;6;1;7;6;NA;4;6;6;3;NA;2014-08-25;2014;"2014-560:237";461;0;4,5405683813627;8;35;"Novak Djokovic";103;"Kei Nishikori";8;4,5405683813627;3,4594316186373;27,2;24,6;2,6;188;178;10;0,692307692307692;0,285714285714286;0,285714285714286;0,692307692307692;-0,406593406593407;7;13;2;9;5;4;4;5;-1;0;0;1
"655342";"2014-560";"US Open";"Hard";"128";"Grand Slams";238;22;"Marin Cilic";"R";198;"CRO";25,9;44;"Roger Federer";"R";185;"SUI";33;"6-3 6-4 6-4";5;"SF";105;13;1;81;45;39;20;15;1;2;12;1;84;52;36;16;14;4;8;16;1845;3;7490;6;6;6;NA;NA;3;4;4;NA;NA;2014-08-25;2014;"2014-560:238";462;1;4;6,41503749927884;22;"Marin Cilic";44;"Roger Federer";4;6,41503749927884;-2,41503749927884;25,9;33;-7,1;198;185;13;0,5;0,5;0,5;0,5;0;8;2;4;1;4;1;4;1;3;0;0;1
"655343";"2014-560";"US Open";"Hard";"128";"Grand Slams";239;22;"Marin Cilic";"R";198;"CRO";25,9;103;"Kei Nishikori";"R";178;"JPN";24,6;"6-3 6-3 6-3";5;"F";114;18;3;86;45;36;25;14;8;9;2;1;75;39;22;21;13;6;11;16;1845;11;2680;6;6;6;NA;NA;3;3;3;NA;NA;2014-08-25;2014;"2014-560:239";463;1;4;4,5405683813627;22;"Marin Cilic";103;"Kei Nishikori";4;4,5405683813627;-0,540568381362703;25,9;24,6;1,3;198;178;20;0,888888888888889;0,545454545454545;0,888888888888889;0,545454545454545;0,343434343434343;11;9;6;8;5;1;5;1;4;0;0;1
"664619";"2015-580";"Australian Open";"Hard";"128";"Grand Slams";113;35;"Novak Djokovic";"R";188;"SRB";27,6;10;"Aljaz Bedene";"R";181;"SLO";25,5;"6-3 6-2 6-4";5;"R128";109;8;3;79;52;44;17;14;3;3;12;3;89;53;35;17;13;4;8;1;11405;116;487;6;6;6;NA;NA;3;2;4;NA;NA;2015-01-19;2015;"2015-580:113";464;0;8;1,14201900487243;10;"Aljaz Bedene";35;"Novak Djokovic";1,14201900487243;8;-6,85798099512757;25,5;27,6;-2,1;181;188;-7;1;0,5;0,5;1;-0,5;8;3;4;3;4;0;0;4;-4;0;0;1
"664625";"2015-580";"Australian Open";"Hard";"128";"Grand Slams";119;99;"Gilles Muller";"L";193;"LUX";31,6;18;"Pablo Carreno Busta";"R";188;"ESP";23,5;"6-4 7-6(5) 7-6(3)";5;"R128";143;29;3;113;70;62;21;17;9;9;7;1;121;85;63;18;17;7;8;42;964;52;841;6;7;7;NA;NA;4;6;6;NA;NA;2015-01-19;2015;"2015-580:119";465;0;2,60768257722124;2,29956028185891;18;"Pablo Carreno Busta";99;"Gilles Muller";2,29956028185891;2,60768257722124;-0,308122295362331;23,5;31,6;-8,1;188;193;-5;1;0,875;0,875;1;-0,125;8;9;7;9;1;0;0;1;-1;0;0;1
"664626";"2015-580";"Australian Open";"Hard";"128";"Grand Slams";120;9;"Roberto Bautista Agut";"R";183;"ESP";26,7;134;"Dominic Thiem";"R";185;"AUT";21,3;"4-6 6-2 6-3 7-6(5)";5;"R128";179;9;6;164;121;80;23;20;20;22;13;6;135;66;50;30;19;5;9;16;2110;40;977;4;6;6;7;NA;6;2;3;6;NA;2015-01-19;2015;"2015-580:120";466;1;4;2,67807190511264;9;"Roberto Bautista Agut";134;"Dominic Thiem";4;2,67807190511264;1,32192809488736;26,7;21,3;5,4;183;185;-2;0,909090909090909;0,555555555555556;0,909090909090909;0,555555555555556;0,353535353535353;9;22;5;20;4;2;4;2;2;0;0;1
"664627";"2015-580";"Australian Open";"Hard";"128";"Grand Slams";121;84;"Feliciano Lopez";"L";188;"ESP";33,3;77;"Denis Kudla";"R";180;"USA";22,4;"3-6 6-2 4-6 6-2 10-8";5;"R128";194;26;6;150;86;69;33;26;4;8;12;8;180;110;71;38;27;15;22;14;2130;123;452;3;6;4;6;10;6;2;6;2;8;2015-01-19;2015;"2015-580:121";467;0;4,1926450779424;1,05748549466076;77;"Denis Kudla";84;"Feliciano Lopez";1,05748549466076;4,1926450779424;-3,13515958328164;22,4;33,3;-10,9;180;188;-8;0,5;0,681818181818182;0,681818181818182;0,5;0,181818181818182;22;8;15;4;7;4;4;7;-3;0;0;1
"664630";"2015-580";"Australian Open";"Hard";"128";"Grand Slams";124;96;"Gael Monfils";"R";193;"FRA";28,3;113;"Lucas Pouille";"R";185;"FRA";20,9;"6-7(3) 3-6 6-4 6-1 6-4";5;"R128";168;22;7;149;100;80;24;24;9;11;6;6;144;82;58;35;24;7;12;19;1770;117;486;6;3;6;6;6;7;6;4;1;4;2015-01-19;2015;"2015-580:124";468;1;3,75207248655641;1,1296352804166;96;"Gael Monfils";113;"Lucas Pouille";3,75207248655641;1,1296352804166;2,62243720613982;28,3;20,9;7,4;193;185;8;0,818181818181818;0,583333333333333;0,818181818181818;0,583333333333333;0,234848484848485;12;11;7;9;5;2;5;2;3;0;0;1
"664640";"2015-580";"Australian Open";"Hard";"128";"Grand Slams";134;112;"Vasek Pospisil";"R";193;"CAN";24,5;114;"Sam Querrey";"R";198;"USA";27,2;"6-3 6-7(5) 2-6 6-4 6-4";5;"R128";183;20;5;157;91;64;43;25;11;14;25;7;136;82;64;27;24;4;8;60;785;35;1090;6;6;2;6;6;3;7;6;4;4;2015-01-19;2015;"2015-580:134";469;1;2,09310940439148;2,87071698305503;112;"Vasek Pospisil";114;"Sam Querrey";2,09310940439148;2,87071698305503;-0,777607578663552;24,5;27,2;-2,7;193;198;-5;0,785714285714286;0,5;0,785714285714286;0,5;0,285714285714286;8;14;4;11;4;3;4;3;1;0;0;1
"664644";"2015-580";"Australian Open";"Hard";"128";"Grand Slams";138;131;"Sergiy Stakhovsky";"R";193;"UKR";29;83;"Dusan Lajovic";"R";180;"SRB";24,5;"6-3 4-6 6-4 6-7(3) 6-4";5;"R128";211;14;6;178;103;79;36;25;13;16;4;0;171;107;72;34;26;9;15;71;699;68;711;6;4;6;6;6;3;6;4;7;4;2015-01-19;2015;"2015-580:138";470;0;1,85025288049532;1,91253715874966;83;"Dusan Lajovic";131;"Sergiy Stakhovsky";1,91253715874966;1,85025288049532;0,0622842782543431;24,5;29;-4,5;180;193;-13;0,8125;0,6;0,6;0,8125;-0,2125;15;16;9;13;6;3;3;6;-3;0;0;1
"664648";"2015-580";"Australian Open";"Hard";"128";"Grand Slams";142;68;"Steve Johnson";"R";188;"USA";25;40;"Kyle Edmund";"R";188;"GBR";20;"6-4 6-4 6-3";5;"R128";110;17;4;92;58;45;20;14;1;1;5;4;105;58;35;27;15;6;10;38;993;192;260;6;6;6;NA;NA;4;4;3;NA;NA;2015-01-19;2015;"2015-580:142";471;0;2,75207248655641;0,415037499278844;40;"Kyle Edmund";68;"Steve Johnson";0,415037499278844;2,75207248655641;-2,33703498727757;20;25;-5;188;188;0;1;0,6;0,6;1;-0,4;10;1;6;1;4;0;0;4;-4;0;0;1
"664650";"2015-580";"Australian Open";"Hard";"128";"Grand Slams";144;103;"Kei Nishikori";"R";178;"JPN";25;3;"Nicolas Almagro";"R";183;"ESP";29,4;"6-4 7-6(1) 6-2";5;"R128";127;11;1;94;58;43;19;15;7;10;15;6;118;72;46;18;15;11;17;5;5025;69;700;6;7;6;NA;NA;4;6;2;NA;NA;2015-01-19;2015;"2015-580:144";472;0;5,67807190511264;1,89147554322183;3;"Nicolas Almagro";103;"Kei Nishikori";1,89147554322183;5,67807190511264;-3,78659636189081;29,4;25;4,4;183;178;5;0,7;0,647058823529412;0,647058823529412;0,7;-0,0529411764705882;17;10;11;7;6;3;3;6;-3;0;0;1
"664653";"2015-580";"Australian Open";"Hard";"128";"Grand Slams";147;139;"Viktor Troicki";"R";193;"SRB";28,9;144;"Jiri Vesely";"L";198;"CZE";21,5;"6-3 3-6 6-2 6-3";5;"R128";126;14;2;105;58;41;34;18;3;4;6;5;108;67;47;19;17;2;6;54;826;39;985;6;3;6;6;NA;3;6;2;3;NA;2015-01-19;2015;"2015-580:147";473;1;2,24511249783653;2,71459778113775;139;"Viktor Troicki";144;"Jiri Vesely";2,24511249783653;2,71459778113775;-0,46948528330122;28,9;21,5;7,4;193;198;-5;0,75;0,333333333333333;0,75;0,333333333333333;0,416666666666667;6;4;2;3;4;1;4;1;3;0;0;1
"664654";"2015-580";"Australian Open";"Hard";"128";"Grand Slams";148;90;"Leonardo Mayer";"R";188;"ARG";27,6;94;"John Millman";"R";183;"AUS";25,5;"6-3 6-3 6-2";5;"R128";101;10;4;73;49;43;10;13;0;1;0;6;74;43;25;12;13;3;9;26;1389;151;348;6;6;6;NA;NA;3;3;2;NA;NA;2015-01-19;2015;"2015-580:148";474;1;3,29956028185891;0,761595260674921;90;"Leonardo Mayer";94;"John Millman";3,29956028185891;0,761595260674921;2,53796502118399;27,6;25,5;2,1;188;183;5;0;0,333333333333333;0;0,333333333333333;-0,333333333333333;9;1;3;0;6;1;6;1;5;0;0;1
"664659";"2015-580";"Australian Open";"Hard";"128";"Grand Slams";153;4;"Kevin Anderson";"R";203;"RSA";28,6;122;"Diego Schwartzman";"R";170;"ARG";22,4;"7-6(5) 7-5 5-7 6-4";5;"R128";215;32;9;165;112;86;21;23;10;14;8;2;170;89;61;45;23;13;18;15;2125;59;789;7;7;5;6;NA;6;5;7;4;NA;2015-01-19;2015;"2015-580:153";475;1;4,09310940439148;2,11735695063816;4;"Kevin Anderson";122;"Diego Schwartzman";4,09310940439148;2,11735695063816;1,97575245375332;28,6;22,4;6,2;203;170;33;0,714285714285714;0,722222222222222;0,714285714285714;0,722222222222222;-0,00793650793650791;18;14;13;10;5;4;5;4;1;0;0;1
"664666";"2015-580";"Australian Open";"Hard";"128";"Grand Slams";160;101;"Rafael Nadal";"L";185;"ESP";28,6;147;"Mikhail Youzhny";"R";183;"RUS";32,5;"6-3 6-2 6-2";5;"R128";110;4;3;57;35;31;18;12;1;1;5;5;85;47;28;15;13;5;11;3;6585;49;850;6;6;6;NA;NA;3;2;2;NA;NA;2015-01-19;2015;"2015-580:160";476;1;6,41503749927884;2,38529015588479;101;"Rafael Nadal";147;"Mikhail Youzhny";6,41503749927884;2,38529015588479;4,02974734339405;28,6;32,5;-3,9;185;183;2;1;0,454545454545455;1;0,454545454545455;0,545454545454545;11;1;5;1;6;0;6;0;6;0;0;1
"664669";"2015-580";"Australian Open";"Hard";"128";"Grand Slams";163;130;"Joao Sousa";"R";185;"POR";25,8;135;"Jordan Thompson";"R";183;"AUS";20,7;"6-4 7-6(5) 6-4";5;"R128";148;4;1;111;76;54;18;16;6;8;4;10;130;72;46;29;16;13;17;55;822;274;182;6;7;6;NA;NA;4;6;4;NA;NA;2015-01-19;2015;"2015-580:163";477;1;2,21864028647534;-0,0980320829605272;130;"Joao Sousa";135;"Jordan Thompson";2,21864028647534;-0,0980320829605272;2,31667236943587;25,8;20,7;5,1;185;183;2;0,75;0,764705882352941;0,75;0,764705882352941;-0,0147058823529411;17;8;13;6;4;2;4;2;2;0;0;1
"664677";"2015-580";"Australian Open";"Hard";"128";"Grand Slams";171;80;"Nick Kyrgios";"R";193;"AUS";19,7;32;"Federico Delbonis";"L";190;"ARG";24,2;"7-6(2) 3-6 6-3 6-7(5) 6-3";5;"R128";188;21;5;160;104;82;33;26;7;9;14;5;165;110;82;28;25;11;14;53;830;62;775;7;3;6;6;6;6;6;3;7;3;2015-01-19;2015;"2015-580:171";478;0;2,2720795454368;2,04580368961313;32;"Federico Delbonis";80;"Nick Kyrgios";2,04580368961313;2,2720795454368;-0,226275855823676;24,2;19,7;4,5;190;193;-3;0,777777777777778;0,785714285714286;0,785714285714286;0,777777777777778;0,00793650793650791;14;9;11;7;3;2;2;3;-1;0;0;1
"664679";"2015-580";"Australian Open";"Hard";"128";"Grand Slams";173;20;"Jeremy Chardy";"R";188;"FRA";27,9;23;"Borna Coric";"R";188;"CRO";18,1;"3-6 6-4 7-5 6-4";5;"R128";164;15;2;125;82;64;22;21;4;6;9;1;111;70;49;25;20;3;6;31;1195;91;577;3;6;7;6;NA;6;4;5;4;NA;2015-01-19;2015;"2015-580:173";479;1;3,04580368961313;1,4922053598013;20;"Jeremy Chardy";23;"Borna Coric";3,04580368961313;1,4922053598013;1,55359832981182;27,9;18,1;9,8;188;188;0;0,666666666666667;0,5;0,666666666666667;0,5;0,166666666666667;6;6;3;4;3;2;3;2;1;0;0;1
"664680";"2015-580";"Australian Open";"Hard";"128";"Grand Slams";174;123;"Andreas Seppi";"R";190;"ITA";30,9;65;"Denis Istomin";"R";188;"UZB";28,3;"5-7 6-3 2-6 6-1 6-4";5;"R128";171;12;3;148;91;71;25;23;8;11;17;1;144;86;65;25;23;13;18;46;915;50;850;5;6;2;6;6;7;3;6;1;4;2015-01-19;2015;"2015-580:174";480;0;2,47643804394299;2,35614381022528;65;"Denis Istomin";123;"Andreas Seppi";2,35614381022528;2,47643804394299;-0,120294233717711;28,3;30,9;-2,6;188;190;-2;0,727272727272727;0,722222222222222;0,722222222222222;0,727272727272727;-0,00505050505050508;18;11;13;8;5;3;3;5;-2;0;0;1
"664686";"2015-580";"Australian Open";"Hard";"128";"Grand Slams";180;99;"Gilles Muller";"L";193;"LUX";31,6;9;"Roberto Bautista Agut";"R";183;"ESP";26,7;"7-6(5) 1-6 7-5 6-1";5;"R64";153;27;6;121;77;63;21;19;6;8;15;3;107;69;56;23;19;3;6;42;964;16;2110;7;1;7;6;NA;6;6;5;1;NA;2015-01-19;2015;"2015-580:180";481;0;2,60768257722124;4;9;"Roberto Bautista Agut";99;"Gilles Muller";4;2,60768257722124;1,39231742277876;26,7;31,6;-4,9;183;193;-10;0,75;0,5;0,5;0,75;-0,25;6;8;3;6;3;2;2;3;-1;0;0;1
"664688";"2015-580";"Australian Open";"Hard";"128";"Grand Slams";182;67;"Jerzy Janowicz";"R";203;"POL";24,1;96;"Gael Monfils";"R";193;"FRA";28,3;"6-4 1-6 6-7(3) 6-3 6-3";5;"R64";187;14;9;143;99;72;18;23;7;11;20;4;154;103;79;19;24;11;17;44;925;19;1770;6;1;6;6;6;4;6;7;3;3;2015-01-19;2015;"2015-580:182";482;1;2,5405683813627;3,75207248655641;67;"Jerzy Janowicz";96;"Gael Monfils";2,5405683813627;3,75207248655641;-1,21150410519371;24,1;28,3;-4,2;203;193;10;0,636363636363636;0,647058823529412;0,636363636363636;0,647058823529412;-0,0106951871657754;17;11;11;7;6;4;6;4;2;0;0;1
"664690";"2015-580";"Australian Open";"Hard";"128";"Grand Slams";184;116;"Milos Raonic";"R";196;"CAN";24;146;"Donald Young";"L";183;"USA";25,4;"6-4 7-6(3) 6-3";5;"R64";102;17;2;82;56;50;20;16;0;0;4;4;91;64;51;12;15;2;4;8;4575;56;809;6;7;6;NA;NA;4;6;3;NA;NA;2015-01-19;2015;"2015-580:184";483;1;5;2,1926450779424;116;"Milos Raonic";146;"Donald Young";5;2,1926450779424;2,8073549220576;24;25,4;-1,4;196;183;13;1,5;0,5;1,5;0,5;1;4;0;2;0;2;0;2;0;2;0;0;1
"664693";"2015-580";"Australian Open";"Hard";"128";"Grand Slams";187;112;"Vasek Pospisil";"R";193;"CAN";24,5;85;"Paolo Lorenzi";"R";183;"ITA";33;"6-7(3) 7-6(4) 6-3 6-4";5;"R64";215;22;7;160;84;65;41;22;4;6;11;4;135;73;57;32;21;6;10;60;785;64;759;6;7;6;6;NA;7;6;3;4;NA;2015-01-19;2015;"2015-580:187";484;0;2,09310940439148;2;85;"Paolo Lorenzi";112;"Vasek Pospisil";2;2,09310940439148;-0,0931094043914813;33;24,5;8,5;183;193;-10;0,666666666666667;0,6;0,6;0,666666666666667;-0,0666666666666667;10;6;6;4;4;2;2;4;-2;0;0;1
"664701";"2015-580";"Australian Open";"Hard";"128";"Grand Slams";195;138;"Bernard Tomic";"R";193;"AUS";22,2;74;"Philipp Kohlschreiber";"R";178;"GER";31,2;"6-7(5) 6-4 7-6(6) 7-6(5)";5;"R64";185;24;2;165;127;99;18;23;5;6;19;3;150;104;79;30;23;6;8;66;737;24;1415;6;6;7;7;NA;7;4;6;6;NA;2015-01-19;2015;"2015-580:195";485;0;1,95560588064155;3,41503749927884;74;"Philipp Kohlschreiber";138;"Bernard Tomic";3,41503749927884;1,95560588064155;1,4594316186373;31,2;22,2;9;178;193;-15;0,833333333333333;0,75;0,75;0,833333333333333;-0,0833333333333334;8;6;6;5;2;1;1;2;-1;0;0;1
"664703";"2015-580";"Australian Open";"Hard";"128";"Grand Slams";197;4;"Kevin Anderson";"R";203;"RSA";28,6;12;"Ricardas Berankis";"R";175;"LTU";24,5;"6-2 6-2 7-6(3)";5;"R64";107;14;1;75;51;42;19;14;0;0;4;6;95;47;31;22;14;3;7;15;2125;85;615;6;6;7;NA;NA;2;2;6;NA;NA;2015-01-19;2015;"2015-580:197";486;1;4,09310940439148;1,5906090638623;4;"Kevin Anderson";12;"Ricardas Berankis";4,09310940439148;1,5906090638623;2,50250034052918;28,6;24,5;4,1;203;175;28;1,5;0,428571428571429;1,5;0,428571428571429;1,07142857142857;7;0;3;0;4;0;4;0;4;0;0;1
"664704";"2015-580";"Australian Open";"Hard";"128";"Grand Slams";198;51;"Richard Gasquet";"R";185;"FRA";28,5;38;"James Duckworth";"R";183;"AUS";22,9;"6-2 6-3 7-5";5;"R64";116;23;1;87;58;47;18;15;3;3;14;5;106;70;47;16;14;12;16;28;1350;120;468;6;6;7;NA;NA;2;3;5;NA;NA;2015-01-19;2015;"2015-580:198";487;0;3,1926450779424;1,09310940439148;38;"James Duckworth";51;"Richard Gasquet";1,09310940439148;3,1926450779424;-2,09953567355091;22,9;28,5;-5,6;183;185;-2;1;0,75;0,75;1;-0,25;16;3;12;3;4;0;0;4;-4;0;0;1
"664706";"2015-580";"Australian Open";"Hard";"128";"Grand Slams";200;101;"Rafael Nadal";"L";185;"ESP";28,6;127;"Tim Smyczek";"R";175;"USA";27;"6-2 3-6 6-7(2) 6-3 7-5";5;"R64";252;3;7;154;98;68;29;26;2;7;15;1;156;102;66;29;24;9;16;3;6585;112;502;6;3;6;6;7;2;6;7;3;5;2015-01-19;2015;"2015-580:200";488;1;6,41503749927884;1,1926450779424;101;"Rafael Nadal";127;"Tim Smyczek";6,41503749927884;1,1926450779424;5,22239242133645;28,6;27;1,6;185;175;10;0,285714285714286;0,5625;0,285714285714286;0,5625;-0,276785714285714;16;7;9;2;7;5;7;5;2;0;0;1
"664710";"2015-580";"Australian Open";"Hard";"128";"Grand Slams";204;33;"Grigor Dimitrov";"R";188;"BUL";23,6;82;"Lukas Lacko";"R";185;"SVK";27,2;"6-3 6-7(10) 6-3 6-3";5;"R64";169;14;4;118;66;57;28;20;4;7;8;2;148;92;55;28;19;13;20;11;3645;99;553;6;6;6;6;NA;3;7;3;3;NA;2015-01-19;2015;"2015-580:204";489;1;4,5405683813627;1,37064337992039;33;"Grigor Dimitrov";82;"Lukas Lacko";4,5405683813627;1,37064337992039;3,16992500144231;23,6;27,2;-3,6;188;185;3;0,571428571428571;0,65;0,571428571428571;0,65;-0,0785714285714286;20;7;13;4;7;3;7;3;4;0;0;1
"664712";"2015-580";"Australian Open";"Hard";"128";"Grand Slams";206;80;"Nick Kyrgios";"R";193;"AUS";19,7;70;"Ivo Karlovic";"R";208;"CRO";35,8;"7-6(4) 6-4 5-7 6-4";5;"R64";140;24;4;119;77;60;31;22;1;2;39;6;110;74;65;23;22;4;6;53;830;27;1365;7;6;5;6;NA;6;4;7;4;NA;2015-01-19;2015;"2015-580:206";490;0;2,2720795454368;3,24511249783653;70;"Ivo Karlovic";80;"Nick Kyrgios";3,24511249783653;2,2720795454368;0,97303295239973;35,8;19,7;16,1;208;193;15;0,5;0,666666666666667;0,666666666666667;0,5;0,166666666666667;6;2;4;1;2;1;1;2;-1;0;0;1
"664713";"2015-580";"Australian Open";"Hard";"128";"Grand Slams";207;123;"Andreas Seppi";"R";190;"ITA";30,9;20;"Jeremy Chardy";"R";188;"FRA";27,9;"7-5 3-6 6-2 6-1";5;"R64";152;8;1;116;75;57;22;18;4;6;17;10;129;76;56;16;18;9;15;46;915;31;1195;7;3;6;6;NA;5;6;2;1;NA;2015-01-19;2015;"2015-580:207";491;0;2,47643804394299;3,04580368961313;20;"Jeremy Chardy";123;"Andreas Seppi";3,04580368961313;2,47643804394299;0,569365645670138;27,9;30,9;-3;188;190;-2;0,666666666666667;0,6;0,6;0,666666666666667;-0,0666666666666667;15;6;9;4;6;2;2;6;-4;0;0;1
"664715";"2015-580";"Australian Open";"Hard";"128";"Grand Slams";209;35;"Novak Djokovic";"R";188;"SRB";27,6;143;"Fernando Verdasco";"L";188;"ESP";31,1;"7-6(8) 6-3 6-4";5;"R32";141;11;0;91;66;54;17;16;3;3;16;5;123;76;58;17;15;12;14;1;11405;33;1135;7;6;6;NA;NA;6;3;4;NA;NA;2015-01-19;2015;"2015-580:209";492;1;8;2,95560588064155;35;"Novak Djokovic";143;"Fernando Verdasco";8;2,95560588064155;5,04439411935845;27,6;31,1;-3,5;188;188;0;1;0,857142857142857;1;0,857142857142857;0,142857142857143;14;3;12;3;2;0;2;0;2;0;0;1
"664716";"2015-580";"Australian Open";"Hard";"128";"Grand Slams";210;99;"Gilles Muller";"L";193;"LUX";31,6;64;"John Isner";"R";206;"USA";29,7;"7-6(4) 7-6(6) 6-4";5;"R32";133;23;3;97;59;53;28;17;1;1;30;2;113;87;69;13;17;5;6;42;964;21;1685;7;7;6;NA;NA;6;6;4;NA;NA;2015-01-19;2015;"2015-580:210";493;0;2,60768257722124;3,60768257722124;64;"John Isner";99;"Gilles Muller";3,60768257722124;2,60768257722124;1;29,7;31,6;-1,9;206;193;13;1;0,833333333333333;0,833333333333333;1;-0,166666666666667;6;1;5;1;1;0;0;1;-1;0;0;1
"664717";"2015-580";"Australian Open";"Hard";"128";"Grand Slams";211;84;"Feliciano Lopez";"L";188;"ESP";33,3;67;"Jerzy Janowicz";"R";203;"POL";24,1;"7-6(6) 6-4 7-6(3)";5;"R32";153;19;4;123;64;51;35;17;10;11;11;5;115;73;54;20;17;6;8;14;2130;44;925;7;6;7;NA;NA;6;4;6;NA;NA;2015-01-19;2015;"2015-580:211";494;0;4,1926450779424;2,5405683813627;67;"Jerzy Janowicz";84;"Feliciano Lopez";2,5405683813627;4,1926450779424;-1,65207669657969;24,1;33,3;-9,2;203;188;15;0,909090909090909;0,75;0,75;0,909090909090909;-0,159090909090909;8;11;6;10;2;1;1;2;-1;0;0;1
"664719";"2015-580";"Australian Open";"Hard";"128";"Grand Slams";213;145;"Stan Wawrinka";"R";183;"SUI";29,8;102;"Jarkko Nieminen";"L";185;"FIN";33,4;"6-4 6-2 6-4";5;"R32";109;9;2;78;42;38;17;14;1;3;4;5;103;69;38;16;14;10;16;4;5370;72;693;6;6;6;NA;NA;4;2;4;NA;NA;2015-01-19;2015;"2015-580:213";495;0;6;1,83007499855769;102;"Jarkko Nieminen";145;"Stan Wawrinka";1,83007499855769;6;-4,16992500144231;33,4;29,8;3,6;185;183;2;0,333333333333333;0,625;0,625;0,333333333333333;0,291666666666667;16;3;10;1;6;2;2;6;-4;0;0;1
"664720";"2015-580";"Australian Open";"Hard";"128";"Grand Slams";214;49;"Guillermo Garcia Lopez";"R";188;"ESP";31,6;112;"Vasek Pospisil";"R";193;"CAN";24,5;"6-2 6-4 6-4";5;"R32";120;3;4;92;38;27;35;14;5;6;7;3;75;47;32;11;14;3;8;37;1020;60;785;6;6;6;NA;NA;2;4;4;NA;NA;2015-01-19;2015;"2015-580:214";496;1;2,79054663437105;2,09310940439148;49;"Guillermo Garcia Lopez";112;"Vasek Pospisil";2,79054663437105;2,09310940439148;0,697437229979569;31,6;24,5;7,1;188;193;-5;0,833333333333333;0,375;0,833333333333333;0,375;0,458333333333333;8;6;3;5;5;1;5;1;4;0;0;1
"664722";"2015-580";"Australian Open";"Hard";"128";"Grand Slams";216;103;"Kei Nishikori";"R";178;"JPN";25;68;"Steve Johnson";"R";188;"USA";25;"6-7(7) 6-1 6-2 6-3";5;"R32";149;15;5;120;78;58;25;18;6;7;8;8;122;73;51;17;18;3;10;5;5025;38;993;6;6;6;6;NA;7;1;2;3;NA;2015-01-19;2015;"2015-580:216";497;0;5,67807190511264;2,75207248655641;68;"Steve Johnson";103;"Kei Nishikori";2,75207248655641;5,67807190511264;-2,92599941855622;25;25;0;188;178;10;0,857142857142857;0,3;0,3;0,857142857142857;-0,557142857142857;10;7;3;6;7;1;1;7;-6;0;0;1
"664725";"2015-580";"Australian Open";"Hard";"128";"Grand Slams";219;4;"Kevin Anderson";"R";203;"RSA";28,6;51;"Richard Gasquet";"R";185;"FRA";28,5;"6-4 7-6(3) 7-6(6)";5;"R32";144;18;3;106;73;61;18;17;5;6;5;4;104;59;47;24;17;0;2;15;2125;28;1350;6;7;7;NA;NA;4;6;6;NA;NA;2015-01-19;2015;"2015-580:219";498;1;4,09310940439148;3,1926450779424;4;"Kevin Anderson";51;"Richard Gasquet";4,09310940439148;3,1926450779424;0,900464326449085;28,6;28,5;0,100000000000001;203;185;18;0,833333333333333;0;0,833333333333333;0;0,833333333333333;2;6;0;5;2;1;2;1;1;0;0;1
"664727";"2015-580";"Australian Open";"Hard";"128";"Grand Slams";221;100;"Andy Murray";"R";190;"GBR";27,6;130;"Joao Sousa";"R";185;"POR";25,8;"6-1 6-1 7-5";5;"R32";126;9;3;74;42;34;20;13;1;2;0;3;96;55;30;19;13;7;14;6;4675;55;822;6;6;7;NA;NA;1;1;5;NA;NA;2015-01-19;2015;"2015-580:221";499;1;5,41503749927884;2,21864028647534;100;"Andy Murray";130;"Joao Sousa";5,41503749927884;2,21864028647534;3,1963972128035;27,6;25,8;1,8;190;185;5;0,5;0,5;0,5;0,5;0;14;2;7;1;7;1;7;1;6;0;0;1
"664728";"2015-580";"Australian Open";"Hard";"128";"Grand Slams";222;33;"Grigor Dimitrov";"R";188;"BUL";23,6;7;"Marcos Baghdatis";"R";183;"CYP";29,5;"4-6 6-3 3-6 6-3 6-3";5;"R32";208;6;9;155;98;73;29;23;8;10;16;10;154;92;60;36;23;14;18;11;3645;78;658;4;6;3;6;6;6;3;6;3;3;2015-01-19;2015;"2015-580:222";500;0;4,5405683813627;1,71459778113775;7;"Marcos Baghdatis";33;"Grigor Dimitrov";1,71459778113775;4,5405683813627;-2,82597060022495;29,5;23,6;5,9;183;188;-5;0,8;0,777777777777778;0,777777777777778;0,8;-0,0222222222222223;18;10;14;8;4;2;2;4;-2;0;0;1
"664730";"2015-580";"Australian Open";"Hard";"128";"Grand Slams";224;123;"Andreas Seppi";"R";190;"ITA";30,9;44;"Roger Federer";"R";185;"SUI";33,4;"6-4 7-6(5) 4-6 7-6(5)";5;"R32";177;4;4;151;86;67;32;22;7;10;15;9;138;82;66;27;22;2;5;46;915;2;9875;6;7;4;7;NA;4;6;6;6;NA;2015-01-19;2015;"2015-580:224";501;0;2,47643804394299;7;44;"Roger Federer";123;"Andreas Seppi";7;2,47643804394299;4,52356195605701;33,4;30,9;2,5;185;190;-5;0,7;0,4;0,4;0,7;-0,3;5;10;2;7;3;3;3;3;0;0;0;1
"664731";"2015-580";"Australian Open";"Hard";"128";"Grand Slams";225;35;"Novak Djokovic";"R";188;"SRB";27,6;99;"Gilles Muller";"L";193;"LUX";31,6;"6-4 7-5 7-5";5;"R16";128;13;4;92;65;53;18;17;4;4;8;0;105;65;47;21;17;8;11;1;11405;42;964;6;7;7;NA;NA;4;5;5;NA;NA;2015-01-19;2015;"2015-580:225";502;1;8;2,60768257722124;35;"Novak Djokovic";99;"Gilles Muller";8;2,60768257722124;5,39231742277876;27,6;31,6;-4;188;193;-5;1;0,727272727272727;1;0,727272727272727;0,272727272727273;11;4;8;4;3;0;3;0;3;0;0;1
"664732";"2015-580";"Australian Open";"Hard";"128";"Grand Slams";226;116;"Milos Raonic";"R";196;"CAN";24;84;"Feliciano Lopez";"L";188;"ESP";33,3;"6-4 4-6 6-3 6-7(7) 6-3";5;"R16";185;30;3;144;107;85;22;26;2;3;21;5;169;107;78;32;24;10;13;8;4575;14;2130;6;4;6;6;6;4;6;3;7;3;2015-01-19;2015;"2015-580:226";503;0;5;4,1926450779424;84;"Feliciano Lopez";116;"Milos Raonic";4,1926450779424;5;-0,807354922057604;33,3;24;9,3;188;196;-8;0,666666666666667;0,769230769230769;0,769230769230769;0,666666666666667;0,102564102564103;13;3;10;2;3;1;1;3;-2;0;0;1
"664733";"2015-580";"Australian Open";"Hard";"128";"Grand Slams";227;145;"Stan Wawrinka";"R";183;"SUI";29,8;49;"Guillermo Garcia Lopez";"R";188;"ESP";31,6;"7-6(2) 6-4 4-6 7-6(8)";5;"R16";182;16;3;134;86;66;24;22;5;9;5;4;142;86;60;29;22;9;13;4;5370;37;1020;7;6;4;7;NA;6;4;6;6;NA;2015-01-19;2015;"2015-580:227";504;0;6;2,79054663437105;49;"Guillermo Garcia Lopez";145;"Stan Wawrinka";2,79054663437105;6;-3,20945336562895;31,6;29,8;1,8;188;183;5;0,555555555555556;0,692307692307692;0,692307692307692;0,555555555555556;0,136752136752137;13;9;9;5;4;4;4;4;0;0;0;1
"664734";"2015-580";"Australian Open";"Hard";"128";"Grand Slams";228;103;"Kei Nishikori";"R";178;"JPN";25;45;"David Ferrer";"R";175;"ESP";32,7;"6-3 6-3 6-3";5;"R16";127;7;3;96;54;38;25;13;5;6;2;5;108;70;39;16;14;11;17;5;5025;10;4145;6;6;6;NA;NA;3;3;3;NA;NA;2015-01-19;2015;"2015-580:228";505;0;5,67807190511264;4,67807190511264;45;"David Ferrer";103;"Kei Nishikori";4,67807190511264;5,67807190511264;-1;32,7;25;7,7;175;178;-3;0,833333333333333;0,647058823529412;0,647058823529412;0,833333333333333;-0,186274509803922;17;6;11;5;6;1;1;6;-5;0;0;1
"664736";"2015-580";"Australian Open";"Hard";"128";"Grand Slams";230;101;"Rafael Nadal";"L";185;"ESP";28,6;4;"Kevin Anderson";"R";203;"RSA";28,6;"7-5 6-1 6-4";5;"R16";126;3;3;88;59;46;19;15;6;6;8;3;73;53;36;13;14;2;6;3;6585;15;2125;7;6;6;NA;NA;5;1;4;NA;NA;2015-01-19;2015;"2015-580:230";506;0;6,41503749927884;4,09310940439148;4;"Kevin Anderson";101;"Rafael Nadal";4,09310940439148;6,41503749927884;-2,32192809488736;28,6;28,6;0;203;185;18;1;0,333333333333333;0,333333333333333;1;-0,666666666666667;6;6;2;6;4;0;0;4;-4;0;0;1
"664737";"2015-580";"Australian Open";"Hard";"128";"Grand Slams";231;100;"Andy Murray";"R";190;"GBR";27,6;33;"Grigor Dimitrov";"R";188;"BUL";23,6;"6-4 6-7(5) 6-3 7-5";5;"R16";212;12;4;136;91;70;18;22;4;8;4;3;153;108;73;14;21;12;19;6;4675;11;3645;6;6;6;7;NA;4;7;3;5;NA;2015-01-19;2015;"2015-580:231";507;0;5,41503749927884;4,5405683813627;33;"Grigor Dimitrov";100;"Andy Murray";4,5405683813627;5,41503749927884;-0,874469117916141;23,6;27,6;-4;188;190;-2;0,5;0,631578947368421;0,631578947368421;0,5;0,131578947368421;19;8;12;4;7;4;4;7;-3;0;0;1
"664738";"2015-580";"Australian Open";"Hard";"128";"Grand Slams";232;80;"Nick Kyrgios";"R";193;"AUS";19,7;123;"Andreas Seppi";"R";190;"ITA";30,9;"5-7 4-6 6-3 7-6(5) 8-6";5;"R16";214;25;7;187;116;87;37;29;9;12;23;4;178;115;85;33;28;6;9;53;830;46;915;5;4;6;7;8;7;6;3;6;6;2015-01-19;2015;"2015-580:232";508;1;2,2720795454368;2,47643804394299;80;"Nick Kyrgios";123;"Andreas Seppi";2,2720795454368;2,47643804394299;-0,204358498506186;19,7;30,9;-11,2;193;190;3;0,75;0,666666666666667;0,75;0,666666666666667;0,0833333333333334;9;12;6;9;3;3;3;3;0;0;0;1
"664739";"2015-580";"Australian Open";"Hard";"128";"Grand Slams";233;35;"Novak Djokovic";"R";188;"SRB";27,6;116;"Milos Raonic";"R";196;"CAN";24;"7-6(5) 6-4 6-2";5;"QF";120;8;2;78;54;48;18;15;0;0;17;2;99;67;48;17;15;8;11;1;11405;8;4575;7;6;6;NA;NA;6;4;2;NA;NA;2015-01-19;2015;"2015-580:233";509;1;8;5;35;"Novak Djokovic";116;"Milos Raonic";8;5;3;27,6;24;3,6;188;196;-8;1,5;0,727272727272727;1,5;0,727272727272727;0,772727272727273;11;0;8;0;3;0;3;0;3;0;0;1
"664740";"2015-580";"Australian Open";"Hard";"128";"Grand Slams";234;145;"Stan Wawrinka";"R";183;"SUI";29,8;103;"Kei Nishikori";"R";178;"JPN";25;"6-3 6-4 7-6(6)";5;"QF";124;21;4;91;56;48;19;16;3;4;6;2;94;58;43;18;15;8;11;4;5370;5;5025;6;6;7;NA;NA;3;4;6;NA;NA;2015-01-19;2015;"2015-580:234";510;0;6;5,67807190511264;103;"Kei Nishikori";145;"Stan Wawrinka";5,67807190511264;6;-0,321928094887362;25;29,8;-4,8;178;183;-5;0,75;0,727272727272727;0,727272727272727;0,75;-0,0227272727272727;11;4;8;3;3;1;1;3;-2;0;0;1
"664741";"2015-580";"Australian Open";"Hard";"128";"Grand Slams";235;13;"Tomas Berdych";"R";196;"CZE";29,3;101;"Rafael Nadal";"L";185;"ESP";28,6;"6-2 6-0 7-6(5)";5;"QF";133;11;0;87;58;48;13;13;4;4;3;6;82;61;39;6;13;5;10;7;4660;3;6585;6;6;7;NA;NA;2;0;6;NA;NA;2015-01-19;2015;"2015-580:235";511;1;5,1926450779424;6,41503749927884;13;"Tomas Berdych";101;"Rafael Nadal";5,1926450779424;6,41503749927884;-1,22239242133645;29,3;28,6;0,699999999999999;196;185;11;1;0,5;1;0,5;0,5;10;4;5;4;5;0;5;0;5;0;0;1
"664742";"2015-580";"Australian Open";"Hard";"128";"Grand Slams";236;100;"Andy Murray";"R";190;"GBR";27,6;80;"Nick Kyrgios";"R";193;"AUS";19,7;"6-3 7-6(5) 6-3";5;"QF";125;12;1;87;60;48;18;16;1;2;9;3;110;69;45;21;14;6;9;6;4675;53;830;6;7;6;NA;NA;3;6;3;NA;NA;2015-01-19;2015;"2015-580:236";512;0;5,41503749927884;2,2720795454368;80;"Nick Kyrgios";100;"Andy Murray";2,2720795454368;5,41503749927884;-3,14295795384204;19,7;27,6;-7,9;193;190;3;0,5;0,666666666666667;0,666666666666667;0,5;0,166666666666667;9;2;6;1;3;1;1;3;-2;0;0;1
"664743";"2015-580";"Australian Open";"Hard";"128";"Grand Slams";237;35;"Novak Djokovic";"R";188;"SRB";27,6;145;"Stan Wawrinka";"R";183;"SUI";29,8;"7-6(1) 3-6 6-4 4-6 6-0";5;"SF";210;5;3;135;88;61;28;23;3;8;10;4;158;94;60;33;24;10;17;1;11405;4;5370;7;3;6;4;6;6;6;4;6;0;2015-01-19;2015;"2015-580:237";513;1;8;6;35;"Novak Djokovic";145;"Stan Wawrinka";8;6;2;27,6;29,8;-2,2;188;183;5;0,375;0,588235294117647;0,375;0,588235294117647;-0,213235294117647;17;8;10;3;7;5;7;5;2;0;0;1
"664744";"2015-580";"Australian Open";"Hard";"128";"Grand Slams";238;100;"Andy Murray";"R";190;"GBR";27,6;13;"Tomas Berdych";"R";196;"CZE";29,3;"6-7(6) 6-0 6-3 7-5";5;"SF";206;16;2;130;85;64;24;20;2;3;6;6;127;75;50;26;19;4;10;6;4675;7;4660;6;6;6;7;NA;7;0;3;5;NA;2015-01-19;2015;"2015-580:238";514;0;5,41503749927884;5,1926450779424;13;"Tomas Berdych";100;"Andy Murray";5,1926450779424;5,41503749927884;-0,222392421336448;29,3;27,6;1,7;196;190;6;0,666666666666667;0,4;0,4;0,666666666666667;-0,266666666666667;10;3;4;2;6;1;1;6;-5;0;0;1
"664745";"2015-580";"Australian Open";"Hard";"128";"Grand Slams";239;35;"Novak Djokovic";"R";188;"SRB";27,6;100;"Andy Murray";"R";190;"GBR";27,6;"7-6(5) 6-7(4) 6-3 6-0";5;"F";219;9;1;136;81;48;34;20;7;12;10;3;118;77;50;14;19;7;16;1;11405;6;4675;7;6;6;6;NA;6;7;3;0;NA;2015-01-19;2015;"2015-580:239";515;1;8;5,41503749927884;35;"Novak Djokovic";100;"Andy Murray";8;5,41503749927884;2,58496250072116;27,6;27,6;0;188;190;-2;0,583333333333333;0,4375;0,583333333333333;0,4375;0,145833333333333;16;12;7;7;9;5;9;5;4;0;0;1
"685899";"2015-560";"US Open";"Hard";"128";"Grand Slams";116;123;"Andreas Seppi";"R";190;"ITA";31,5;109;"Tommy Paul";"R";185;"USA";18,2;"6-4 6-0 7-5";5;"R128";NA;6;6;83;42;31;22;14;4;7;0;2;88;53;29;12;14;5;13;25;1430;437;93;6;6;7;NA;NA;4;0;5;NA;NA;2015-08-31;2015;"2015-560:116";516;0;3,35614381022528;-0,771489469500599;109;"Tommy Paul";123;"Andreas Seppi";-0,771489469500599;3,35614381022528;-4,12763327972587;18,2;31,5;-13,3;185;190;-5;0,571428571428571;0,384615384615385;0,384615384615385;0,571428571428571;-0,186813186813187;13;7;5;4;8;3;3;8;-5;0;0;1
"685900";"2015-560";"US Open";"Hard";"128";"Grand Slams";117;9;"Roberto Bautista Agut";"R";183;"ESP";27,3;60;"Pierre Hugues Herbert";"R";188;"FRA";24,4;"6-3 6-2 7-6(7)";5;"R128";NA;4;5;104;59;44;32;15;5;5;17;3;103;54;39;23;14;2;5;23;1510;92;551;6;6;7;NA;NA;3;2;6;NA;NA;2015-08-31;2015;"2015-560:117";517;1;3,47643804394299;1,47643804394299;9;"Roberto Bautista Agut";60;"Pierre Hugues Herbert";3,47643804394299;1,47643804394299;2;27,3;24,4;2,9;183;188;-5;1;0,4;1;0,4;0,6;5;5;2;5;3;0;3;0;3;0;0;1
"685901";"2015-560";"US Open";"Hard";"128";"Grand Slams";118;18;"Pablo Carreno Busta";"R";188;"ESP";24,1;67;"Jerzy Janowicz";"R";203;"POL";24,7;"6-3 4-6 6-2 6-4";5;"R128";NA;9;0;113;67;48;31;19;7;9;16;1;113;72;49;20;18;3;8;54;855;61;790;6;4;6;6;NA;3;6;2;4;NA;2015-08-31;2015;"2015-560:118";518;1;2,24511249783653;2,06926266243711;18;"Pablo Carreno Busta";67;"Jerzy Janowicz";2,24511249783653;2,06926266243711;0,175849835399418;24,1;24,7;-0,599999999999998;188;203;-15;0,777777777777778;0,375;0,777777777777778;0,375;0,402777777777778;8;9;3;7;5;2;5;2;3;0;0;1
"685902";"2015-560";"US Open";"Hard";"128";"Grand Slams";119;12;"Ricardas Berankis";"R";175;"LTU";25,1;130;"Joao Sousa";"R";185;"POR";26,4;"6-2 6-2 4-6 2-6 7-6(4)";5;"R128";NA;8;7;151;75;55;41;23;9;13;6;6;165;101;69;29;23;15;20;78;661;46;986;6;6;4;2;7;2;2;6;6;6;2015-08-31;2015;"2015-560:119";519;1;1,71459778113775;2,47643804394299;12;"Ricardas Berankis";130;"Joao Sousa";1,71459778113775;2,47643804394299;-0,761840262805236;25,1;26,4;-1,3;175;185;-10;0,692307692307692;0,75;0,692307692307692;0,75;-0,0576923076923077;20;13;15;9;5;4;5;4;1;0;0;1
"685904";"2015-560";"US Open";"Hard";"128";"Grand Slams";121;116;"Milos Raonic";"R";196;"CAN";24,6;127;"Tim Smyczek";"R";175;"USA";27,6;"6-4 7-6(8) 6-1";5;"R128";NA;17;6;96;47;39;32;15;6;6;6;3;102;67;43;17;14;3;6;10;2880;99;535;6;7;6;NA;NA;4;6;1;NA;NA;2015-08-31;2015;"2015-560:121";520;1;4,67807190511264;1,37064337992039;116;"Milos Raonic";127;"Tim Smyczek";4,67807190511264;1,37064337992039;3,30742852519225;24,6;27,6;-3;196;175;21;1;0,5;1;0,5;0,5;6;6;3;6;3;0;3;0;3;0;0;1
"685907";"2015-560";"US Open";"Hard";"128";"Grand Slams";124;84;"Feliciano Lopez";"L";188;"ESP";33,9;8;"Nikoloz Basilashvili";"R";185;"GEO";23,5;"7-6(5) 6-1 6-3";5;"R128";NA;11;8;80;47;39;17;14;2;4;2;6;84;57;35;11;14;7;13;19;1665;101;534;7;6;6;NA;NA;6;1;3;NA;NA;2015-08-31;2015;"2015-560:124";521;0;3,75207248655641;1,34178851724821;8;"Nikoloz Basilashvili";84;"Feliciano Lopez";1,34178851724821;3,75207248655641;-2,41028396930821;23,5;33,9;-10,4;185;188;-3;0,5;0,538461538461538;0,538461538461538;0,5;0,0384615384615384;13;4;7;2;6;2;2;6;-4;0;0;1
"685908";"2015-560";"US Open";"Hard";"128";"Grand Slams";125;46;"Fabio Fognini";"R";178;"ITA";28,2;68;"Steve Johnson";"R";188;"USA";25,6;"2-6 6-3 6-4 7-6(2)";5;"R128";NA;8;12;133;56;44;32;19;8;14;14;13;138;75;49;29;20;5;12;32;1165;47;985;2;6;6;7;NA;6;3;4;6;NA;2015-08-31;2015;"2015-560:125";522;1;3;2,44541114832236;46;"Fabio Fognini";68;"Steve Johnson";3;2,44541114832236;0,554588851677638;28,2;25,6;2,6;178;188;-10;0,571428571428571;0,416666666666667;0,571428571428571;0,416666666666667;0,154761904761905;12;14;5;8;7;6;7;6;1;0;0;1
"685911";"2015-560";"US Open";"Hard";"128";"Grand Slams";128;101;"Rafael Nadal";"L";185;"ESP";29,2;23;"Borna Coric";"R";188;"CRO";18,7;"6-3 6-2 4-6 6-4";5;"R128";NA;6;4;100;73;62;11;19;0;2;9;3;102;54;33;29;18;2;7;8;3680;33;1151;6;6;4;6;NA;3;2;6;4;NA;2015-08-31;2015;"2015-560:128";523;0;5;2,95560588064155;23;"Borna Coric";101;"Rafael Nadal";2,95560588064155;5;-2,04439411935845;18,7;29,2;-10,5;188;185;3;0;0,285714285714286;0,285714285714286;0;0,285714285714286;7;2;2;0;5;2;2;5;-3;0;0;1
"685912";"2015-560";"US Open";"Hard";"128";"Grand Slams";129;108;"Benoit Paire";"R";196;"FRA";26,3;103;"Kei Nishikori";"R";178;"JPN";25,6;"6-4 3-6 4-6 7-6(6) 6-4";5;"R128";NA;22;5;155;98;76;33;25;7;9;4;5;159;108;78;35;26;6;8;41;1052;4;6205;6;3;4;7;6;4;6;6;6;4;2015-08-31;2015;"2015-560:129";524;0;2,64244799538192;6;103;"Kei Nishikori";108;"Benoit Paire";6;2,64244799538192;3,35755200461808;25,6;26,3;-0,699999999999999;178;196;-18;0,777777777777778;0,75;0,75;0,777777777777778;-0,0277777777777778;8;9;6;7;2;2;2;2;0;0;0;1
"685918";"2015-560";"US Open";"Hard";"128";"Grand Slams";135;131;"Sergiy Stakhovsky";"R";193;"UKR";29,6;94;"John Millman";"R";183;"AUS";26,2;"6-1 3-6 7-6(3) 6-4";5;"R128";NA;16;4;118;74;57;24;19;5;7;1;4;121;76;52;25;19;8;12;60;804;72;701;6;3;7;6;NA;1;6;6;4;NA;2015-08-31;2015;"2015-560:135";525;0;2,09310940439148;1,83007499855769;94;"John Millman";131;"Sergiy Stakhovsky";1,83007499855769;2,09310940439148;-0,263034405833793;26,2;29,6;-3,4;183;193;-10;0,714285714285714;0,666666666666667;0,666666666666667;0,714285714285714;-0,0476190476190477;12;7;8;5;4;2;2;4;-2;0;0;1
"685920";"2015-560";"US Open";"Hard";"128";"Grand Slams";137;22;"Marin Cilic";"R";198;"CRO";26,9;110;"Guido Pella";"L";185;"ARG";25,2;"6-3 7-6(3) 7-6(3)";5;"R128";NA;13;2;93;54;46;26;17;0;1;6;3;97;71;54;14;16;5;7;9;3550;94;546;6;7;7;NA;NA;3;6;6;NA;NA;2015-08-31;2015;"2015-560:137";526;1;4,83007499855769;1,44541114832236;22;"Marin Cilic";110;"Guido Pella";4,83007499855769;1,44541114832236;3,38466385023533;26,9;25,2;1,7;198;185;13;0;0,714285714285714;0;0,714285714285714;-0,714285714285714;7;1;5;0;2;1;2;1;1;0;0;1
"685927";"2015-560";"US Open";"Hard";"128";"Grand Slams";144;45;"David Ferrer";"R";175;"ESP";33,4;1;"Radu Albot";"R";175;"MDA";25,8;"4-6 7-5 6-1 6-0";5;"R128";NA;3;2;108;65;42;28;17;7;10;1;6;125;84;52;10;18;11;20;7;3695;86;591;4;7;6;6;NA;6;5;1;0;NA;2015-08-31;2015;"2015-560:144";527;0;5,1926450779424;1,5737352452979;1;"Radu Albot";45;"David Ferrer";1,5737352452979;5,1926450779424;-3,61890983264449;25,8;33,4;-7,6;175;175;0;0,7;0,55;0,55;0,7;-0,15;20;10;11;7;9;3;3;9;-6;0;0;1
"685928";"2015-560";"US Open";"Hard";"128";"Grand Slams";145;145;"Stan Wawrinka";"R";183;"SUI";30,4;115;"Albert Ramos";"L";188;"ESP";27,6;"7-5 6-4 7-6(6)";5;"R128";NA;9;9;122;67;50;27;17;4;7;4;1;102;64;38;24;17;7;12;5;5710;58;836;7;6;7;NA;NA;5;4;6;NA;NA;2015-08-31;2015;"2015-560:145";528;0;5,67807190511264;2,14201900487243;115;"Albert Ramos";145;"Stan Wawrinka";2,14201900487243;5,67807190511264;-3,53605290024021;27,6;30,4;-2,8;188;183;5;0,571428571428571;0,583333333333333;0,583333333333333;0,571428571428571;0,011904761904762;12;7;7;4;5;3;3;5;-2;0;0;1
"685929";"2015-560";"US Open";"Hard";"128";"Grand Slams";146;21;"Hyeon Chung";"R";188;"KOR";19,2;38;"James Duckworth";"R";183;"AUS";23,6;"6-3 6-1 6-2";5;"R128";NA;10;1;65;45;35;14;12;0;0;10;8;81;31;19;20;12;5;11;69;721;95;544;6;6;6;NA;NA;3;1;2;NA;NA;2015-08-31;2015;"2015-560:146";529;1;1,89147554322183;1,43014439166905;21;"Hyeon Chung";38;"James Duckworth";1,89147554322183;1,43014439166905;0,461331151552779;19,2;23,6;-4,4;188;183;5;1,5;0,454545454545455;1,5;0,454545454545455;1,04545454545455;11;0;5;0;6;0;6;0;6;0;0;1
"685932";"2015-560";"US Open";"Hard";"128";"Grand Slams";149;139;"Viktor Troicki";"R";193;"SRB";29,5;136;"Frances Tiafoe";"R";188;"USA";17,6;"7-5 6-4 6-3";5;"R128";NA;17;1;98;58;43;22;16;5;7;5;4;93;46;33;22;15;5;10;22;1559;257;188;7;6;6;NA;NA;5;4;3;NA;NA;2015-08-31;2015;"2015-560:149";530;0;3,5405683813627;-0,00562454919387889;136;"Frances Tiafoe";139;"Viktor Troicki";-0,00562454919387889;3,5405683813627;-3,54619293055658;17,6;29,5;-11,9;188;193;-5;0,714285714285714;0,5;0,5;0,714285714285714;-0,214285714285714;10;7;5;5;5;2;2;5;-3;0;0;1
"685936";"2015-560";"US Open";"Hard";"128";"Grand Slams";153;4;"Kevin Anderson";"R";203;"RSA";29,2;119;"Andrey Rublev";"R";188;"RUS";17,8;"7-6(1) 6-7(5) 7-5 6-3";5;"R128";NA;32;6;138;85;74;28;23;3;4;5;9;150;81;57;38;22;7;10;14;2160;198;244;7;6;7;6;NA;6;7;5;3;NA;2015-08-31;2015;"2015-560:153";531;1;4,1926450779424;0,370643379920391;4;"Kevin Anderson";119;"Andrey Rublev";4,1926450779424;0,370643379920391;3,82200169802201;29,2;17,8;11,4;203;188;15;0,75;0,7;0,75;0,7;0,05;10;4;7;3;3;1;3;1;2;0;0;1
"685943";"2015-560";"US Open";"Hard";"128";"Grand Slams";160;100;"Andy Murray";"R";190;"GBR";28,2;80;"Nick Kyrgios";"R";193;"AUS";20,3;"7-5 6-3 4-6 6-1";5;"R128";NA;17;2;125;73;52;28;19;11;14;11;3;109;67;43;18;19;8;15;3;8840;37;1120;7;6;4;6;NA;5;3;6;1;NA;2015-08-31;2015;"2015-560:160";532;0;6,41503749927884;2,79054663437105;80;"Nick Kyrgios";100;"Andy Murray";2,79054663437105;6,41503749927884;-3,62449086490779;20,3;28,2;-7,9;193;190;3;0,785714285714286;0,533333333333333;0,533333333333333;0,785714285714286;-0,252380952380952;15;14;8;11;7;3;3;7;-4;0;0;1
"685945";"2015-560";"US Open";"Hard";"128";"Grand Slams";162;93;"Jurgen Melzer";"L";183;"AUT";34,2;77;"Denis Kudla";"R";180;"USA";23;"6-3 7-5 6-1";5;"R128";NA;3;4;90;55;40;17;14;8;11;7;5;93;50;27;19;14;12;20;132;426;75;681;6;7;6;NA;NA;3;5;1;NA;NA;2015-08-31;2015;"2015-560:162";533;0;0,955605880641547;1,77118130950412;77;"Denis Kudla";93;"Jurgen Melzer";1,77118130950412;0,955605880641547;0,815575428862573;23;34,2;-11,2;180;183;-3;0,727272727272727;0,6;0,6;0,727272727272727;-0,127272727272727;20;11;12;8;8;3;3;8;-5;0;0;1
"685954";"2015-560";"US Open";"Hard";"128";"Grand Slams";171;144;"Jiri Vesely";"L";198;"CZE";22,1;85;"Paolo Lorenzi";"R";183;"ITA";33,7;"6-4 6-4 6-4";5;"R128";NA;13;4;75;47;43;15;15;0;1;7;1;77;35;28;22;15;1;5;48;962;83;633;6;6;6;NA;NA;4;4;4;NA;NA;2015-08-31;2015;"2015-560:171";534;0;2,41503749927884;1,62496056865308;85;"Paolo Lorenzi";144;"Jiri Vesely";1,62496056865308;2,41503749927884;-0,790076930625768;33,7;22,1;11,6;183;198;-15;0;0,2;0,2;0;0,2;5;1;1;0;4;1;1;4;-3;0;0;1
"685956";"2015-560";"US Open";"Hard";"128";"Grand Slams";173;74;"Philipp Kohlschreiber";"R";178;"GER";31,8;148;"Alexander Zverev";"R";198;"GER";18,3;"6-7(0) 6-2 6-0 2-6 6-4";5;"R128";NA;6;4;149;89;57;37;22;11;14;2;10;139;83;58;22;22;7;14;29;1230;82;634;6;6;6;2;6;7;2;0;6;4;2015-08-31;2015;"2015-560:173";535;1;3,14201900487243;1,64244799538192;74;"Philipp Kohlschreiber";148;"Alexander Zverev";3,14201900487243;1,64244799538192;1,49957100949051;31,8;18,3;13,5;178;198;-20;0,785714285714286;0,5;0,785714285714286;0,5;0,285714285714286;14;14;7;11;7;3;7;3;4;0;0;1
"685962";"2015-560";"US Open";"Hard";"128";"Grand Slams";179;9;"Roberto Bautista Agut";"R";183;"ESP";27,3;18;"Pablo Carreno Busta";"R";188;"ESP";24,1;"4-6 6-4 6-0 2-6 6-4";5;"R64";NA;9;9;161;96;62;31;22;10;16;17;8;129;57;45;29;22;5;13;23;1510;54;855;4;6;6;2;6;6;4;0;6;4;2015-08-31;2015;"2015-560:179";536;1;3,47643804394299;2,24511249783653;9;"Roberto Bautista Agut";18;"Pablo Carreno Busta";3,47643804394299;2,24511249783653;1,23132554610646;27,3;24,1;3,2;183;188;-5;0,625;0,384615384615385;0,625;0,384615384615385;0,240384615384615;13;16;5;10;8;6;8;6;2;0;0;1
"685963";"2015-560";"US Open";"Hard";"128";"Grand Slams";180;54;"David Goffin";"R";180;"BEL";24,7;12;"Ricardas Berankis";"R";175;"LTU";25,1;"5-7 6-4 3-6 6-2 6-1";5;"R64";NA;22;7;139;67;60;37;23;6;9;14;7;172;92;62;41;23;23;29;15;2130;78;661;5;6;3;6;6;7;4;6;2;1;2015-08-31;2015;"2015-560:180";537;0;4,09310940439148;1,71459778113775;12;"Ricardas Berankis";54;"David Goffin";1,71459778113775;4,09310940439148;-2,37851162325373;25,1;24,7;0,400000000000002;175;180;-5;0,666666666666667;0,793103448275862;0,793103448275862;0,666666666666667;0,126436781609195;29;9;23;6;6;3;3;6;-3;0;0;1
"685964";"2015-560";"US Open";"Hard";"128";"Grand Slams";181;116;"Milos Raonic";"R";196;"CAN";24,6;143;"Fernando Verdasco";"L";188;"ESP";31,7;"6-2 6-4 6-7(5) 7-6(1)";5;"R64";NA;16;7;127;78;63;33;21;4;4;15;5;127;85;62;24;21;4;7;10;2880;42;1020;6;6;6;7;NA;2;4;7;6;NA;2015-08-31;2015;"2015-560:181";538;1;4,67807190511264;2,60768257722124;116;"Milos Raonic";143;"Fernando Verdasco";4,67807190511264;2,60768257722124;2,0703893278914;24,6;31,7;-7,1;196;188;8;1;0,571428571428571;1;0,571428571428571;0,428571428571429;7;4;4;4;3;0;3;0;3;0;0;1
"685966";"2015-560";"US Open";"Hard";"128";"Grand Slams";183;46;"Fabio Fognini";"R";178;"ITA";28,2;25;"Pablo Cuevas";"R";180;"URU";29,6;"6-3 6-4 6-4";5;"R64";NA;5;3;85;50;41;20;15;4;5;4;8;91;59;37;17;14;7;11;32;1165;40;1065;6;6;6;NA;NA;3;4;4;NA;NA;2015-08-31;2015;"2015-560:183";539;0;3;2,67807190511264;25;"Pablo Cuevas";46;"Fabio Fognini";2,67807190511264;3;-0,321928094887363;29,6;28,2;1,4;180;178;2;0,8;0,636363636363636;0,636363636363636;0,8;-0,163636363636364;11;5;7;4;4;1;1;4;-3;0;0;1
"685967";"2015-560";"US Open";"Hard";"128";"Grand Slams";184;101;"Rafael Nadal";"L";185;"ESP";29,2;122;"Diego Schwartzman";"R";170;"ARG";23;"7-6(5) 6-3 7-5";5;"R64";NA;8;3;96;65;49;16;16;5;8;3;3;123;74;43;22;17;6;12;8;3680;74;685;7;6;7;NA;NA;6;3;5;NA;NA;2015-08-31;2015;"2015-560:184";540;1;5;1,79054663437105;101;"Rafael Nadal";122;"Diego Schwartzman";5;1,79054663437105;3,20945336562895;29,2;23;6,2;185;170;15;0,625;0,5;0,625;0,5;0,125;12;8;6;5;6;3;6;3;3;0;0;1
"685972";"2015-560";"US Open";"Hard";"128";"Grand Slams";189;22;"Marin Cilic";"R";198;"CRO";26,9;37;"Evgeny Donskoy";"R";185;"RUS";25,3;"6-2 6-3 7-5";5;"R64";NA;19;4;93;50;38;24;15;4;5;3;1;76;48;33;11;14;3;8;9;3550;139;402;6;6;7;NA;NA;2;3;5;NA;NA;2015-08-31;2015;"2015-560:189";541;1;4,83007499855769;0,881058927276492;22;"Marin Cilic";37;"Evgeny Donskoy";4,83007499855769;0,881058927276492;3,9490160712812;26,9;25,3;1,6;198;185;13;0,8;0,375;0,8;0,375;0,425;8;5;3;4;5;1;5;1;4;0;0;1
"685973";"2015-560";"US Open";"Hard";"128";"Grand Slams";190;78;"Mikhail Kukushkin";"R";183;"KAZ";27,6;33;"Grigor Dimitrov";"R";188;"BUL";24,2;"6-3 7-6(2) 2-6 4-6 6-4";5;"R64";NA;2;4;140;73;54;37;24;6;12;18;9;176;109;82;24;25;8;14;56;842;17;1735;6;7;2;4;6;3;6;6;6;4;2015-08-31;2015;"2015-560:190";542;0;2,1926450779424;3,91253715874966;33;"Grigor Dimitrov";78;"Mikhail Kukushkin";3,91253715874966;2,1926450779424;1,71989208080726;24,2;27,6;-3,4;188;183;5;0,5;0,571428571428571;0,571428571428571;0,5;0,0714285714285714;14;12;8;6;6;6;6;6;0;0;0;1
"685975";"2015-560";"US Open";"Hard";"128";"Grand Slams";192;45;"David Ferrer";"R";175;"ESP";33,4;76;"Filip Krajinovic";"R";185;"SRB";23,5;"7-5 7-5 7-6(4)";5;"R64";NA;1;2;105;68;58;16;18;7;10;5;5;105;64;49;16;18;3;8;7;3695;102;534;7;7;7;NA;NA;5;5;6;NA;NA;2015-08-31;2015;"2015-560:192";543;1;5,1926450779424;1,3275746580285;45;"David Ferrer";76;"Filip Krajinovic";5,1926450779424;1,3275746580285;3,86507041991389;33,4;23,5;9,9;175;185;-10;0,7;0,375;0,7;0,375;0,325;8;10;3;7;5;3;5;3;2;0;0;1
"685976";"2015-560";"US Open";"Hard";"128";"Grand Slams";193;145;"Stan Wawrinka";"R";183;"SUI";30,4;21;"Hyeon Chung";"R";188;"KOR";19,2;"7-6(2) 7-6(4) 7-6(6)";5;"R64";NA;26;1;134;77;58;35;18;5;7;3;3;127;63;47;37;18;6;8;5;5710;69;721;7;7;7;NA;NA;6;6;6;NA;NA;2015-08-31;2015;"2015-560:193";544;0;5,67807190511264;1,89147554322183;21;"Hyeon Chung";145;"Stan Wawrinka";1,89147554322183;5,67807190511264;-3,78659636189081;19,2;30,4;-11,2;188;183;5;0,714285714285714;0,75;0,75;0,714285714285714;0,0357142857142857;8;7;6;5;2;2;2;2;0;0;0;1
"685983";"2015-560";"US Open";"Hard";"128";"Grand Slams";200;100;"Andy Murray";"R";190;"GBR";28,2;87;"Adrian Mannarino";"L";183;"FRA";27,1;"5-7 4-6 6-1 6-3 6-1";5;"R64";NA;22;2;128;75;60;30;23;4;7;5;10;149;86;60;25;22;17;24;3;8840;35;1140;5;4;6;6;6;7;6;1;3;1;2015-08-31;2015;"2015-560:200";545;0;6,41503749927884;2,87071698305503;87;"Adrian Mannarino";100;"Andy Murray";2,87071698305503;6,41503749927884;-3,54432051622381;27,1;28,2;-1,1;183;190;-7;0,571428571428571;0,708333333333333;0,708333333333333;0,571428571428571;0,136904761904762;24;7;17;4;7;3;3;7;-4;0;0;1
"685987";"2015-560";"US Open";"Hard";"128";"Grand Slams";204;51;"Richard Gasquet";"R";185;"FRA";29,2;57;"Robin Haase";"R";190;"NED";28,4;"4-6 6-3 7-6(4) 6-4";5;"R64";NA;8;2;115;73;57;28;21;3;7;11;2;122;66;49;27;20;7;12;12;2240;79;645;4;6;7;6;NA;6;3;6;4;NA;2015-08-31;2015;"2015-560:204";546;1;4,41503749927884;1,6962192518229;51;"Richard Gasquet";57;"Robin Haase";4,41503749927884;1,6962192518229;2,71881824745595;29,2;28,4;0,800000000000001;185;190;-5;0,428571428571429;0,583333333333333;0,428571428571429;0,583333333333333;-0,154761904761905;12;7;7;3;5;4;5;4;1;0;0;1
"685988";"2015-560";"US Open";"Hard";"128";"Grand Slams";205;64;"John Isner";"R";206;"USA";30,3;147;"Mikhail Youzhny";"R";183;"RUS";33,1;"6-3 6-4 6-4";5;"R64";NA;18;5;86;50;42;23;15;2;2;7;4;72;43;35;16;14;5;8;13;2235;93;546;6;6;6;NA;NA;3;4;4;NA;NA;2015-08-31;2015;"2015-560:205";547;1;4,29956028185891;1,46084118889197;64;"John Isner";147;"Mikhail Youzhny";4,29956028185891;1,46084118889197;2,83871909296694;30,3;33,1;-2,8;206;183;23;1;0,625;1;0,625;0,375;8;2;5;2;3;0;3;0;3;0;0;1
"685989";"2015-560";"US Open";"Hard";"128";"Grand Slams";206;144;"Jiri Vesely";"L";198;"CZE";22,1;70;"Ivo Karlovic";"R";208;"CRO";36,5;"7-6(3) 3-6 3-6 6-2 7-6(4)";5;"R64";NA;18;9;154;101;76;33;25;4;7;43;9;154;101;80;30;25;11;13;48;962;21;1620;7;3;3;6;7;6;6;6;2;6;2015-08-31;2015;"2015-560:206";548;0;2,41503749927884;3,60768257722124;70;"Ivo Karlovic";144;"Jiri Vesely";3,60768257722124;2,41503749927884;1,1926450779424;36,5;22,1;14,4;208;198;10;0,571428571428571;0,846153846153846;0,846153846153846;0,571428571428571;0,274725274725275;13;7;11;4;2;3;3;2;1;0;0;1
"685992";"2015-560";"US Open";"Hard";"128";"Grand Slams";209;35;"Novak Djokovic";"R";188;"SRB";28,2;123;"Andreas Seppi";"R";190;"ITA";31,5;"6-3 7-5 7-5";5;"R32";NA;11;3;91;61;47;17;17;5;7;5;3;109;59;40;26;16;7;12;1;14865;25;1430;6;7;7;NA;NA;3;5;5;NA;NA;2015-08-31;2015;"2015-560:209";549;1;8;3,35614381022528;35;"Novak Djokovic";123;"Andreas Seppi";8;3,35614381022528;4,64385618977472;28,2;31,5;-3,3;188;190;-2;0,714285714285714;0,583333333333333;0,714285714285714;0,583333333333333;0,130952380952381;12;7;7;5;5;2;5;2;3;0;0;1
"685994";"2015-560";"US Open";"Hard";"128";"Grand Slams";211;84;"Feliciano Lopez";"L";188;"ESP";33,9;116;"Milos Raonic";"R";196;"CAN";24,6;"6-2 7-6(4) 6-3";5;"R32";NA;16;2;95;63;51;19;15;4;4;12;7;110;63;45;22;14;10;13;19;1665;10;2880;6;7;6;NA;NA;2;6;3;NA;NA;2015-08-31;2015;"2015-560:211";550;1;3,75207248655641;4,67807190511264;84;"Feliciano Lopez";116;"Milos Raonic";3,75207248655641;4,67807190511264;-0,925999418556223;33,9;24,6;9,3;188;196;-8;1;0,769230769230769;1;0,769230769230769;0,230769230769231;13;4;10;4;3;0;3;0;3;0;0;1
"685995";"2015-560";"US Open";"Hard";"128";"Grand Slams";212;46;"Fabio Fognini";"R";178;"ITA";28,2;101;"Rafael Nadal";"L";185;"ESP";29,2;"3-6 4-6 6-4 6-3 6-4";5;"R32";NA;2;7;167;102;64;31;24;11;19;5;2;139;93;63;17;24;7;16;32;1165;8;3680;3;4;6;6;6;6;6;4;3;4;2015-08-31;2015;"2015-560:212";551;1;3;5;46;"Fabio Fognini";101;"Rafael Nadal";3;5;-2;28,2;29,2;-1;178;185;-7;0,578947368421053;0,4375;0,578947368421053;0,4375;0,141447368421053;16;19;7;11;9;8;9;8;1;0;0;1
"685996";"2015-560";"US Open";"Hard";"128";"Grand Slams";213;108;"Benoit Paire";"R";196;"FRA";26,3;117;"Tommy Robredo";"R";180;"ESP";33,3;"7-6(3) 6-1 6-1";5;"R32";NA;12;3;117;53;40;37;13;10;10;1;5;103;64;39;17;13;9;14;41;1052;26;1405;7;6;6;NA;NA;6;1;1;NA;NA;2015-08-31;2015;"2015-560:213";552;1;2,64244799538192;3,29956028185891;108;"Benoit Paire";117;"Tommy Robredo";2,64244799538192;3,29956028185891;-0,657112286476992;26,3;33,3;-7;196;180;16;1;0,642857142857143;1;0,642857142857143;0,357142857142857;14;10;9;10;5;0;5;0;5;0;0;1
"685998";"2015-560";"US Open";"Hard";"128";"Grand Slams";215;22;"Marin Cilic";"R";198;"CRO";26,9;78;"Mikhail Kukushkin";"R";183;"KAZ";27,6;"6-7(5) 7-6(1) 6-3 6-7(3) 6-1";5;"R32";NA;26;7;156;83;70;40;27;5;9;11;6;187;87;60;50;25;13;20;9;3550;56;842;6;7;6;6;6;7;6;3;7;1;2015-08-31;2015;"2015-560:215";553;1;4,83007499855769;2,1926450779424;22;"Marin Cilic";78;"Mikhail Kukushkin";4,83007499855769;2,1926450779424;2,63742992061529;26,9;27,6;-0,700000000000003;198;183;15;0,555555555555556;0,65;0,555555555555556;0,65;-0,0944444444444444;20;9;13;5;7;4;7;4;3;0;0;1
"686002";"2015-560";"US Open";"Hard";"128";"Grand Slams";219;4;"Kevin Anderson";"R";203;"RSA";29,2;134;"Dominic Thiem";"R";185;"AUT";21,9;"6-3 7-6(3) 7-6(3)";5;"R32";NA;16;1;114;76;60;24;17;5;5;4;3;105;54;44;29;16;4;5;14;2160;20;1645;6;7;7;NA;NA;3;6;6;NA;NA;2015-08-31;2015;"2015-560:219";554;1;4,1926450779424;3,67807190511264;4;"Kevin Anderson";134;"Dominic Thiem";4,1926450779424;3,67807190511264;0,514573172829759;29,2;21,9;7,3;203;185;18;1;0,8;1;0,8;0,2;5;5;4;5;1;0;1;0;1;0;0;1
"686005";"2015-560";"US Open";"Hard";"128";"Grand Slams";222;51;"Richard Gasquet";"R";185;"FRA";29,2;138;"Bernard Tomic";"R";193;"AUS";22,8;"6-4 6-3 6-1";5;"R32";NA;8;1;60;44;40;12;13;0;0;9;0;92;62;40;11;13;11;16;12;2240;24;1465;6;6;6;NA;NA;4;3;1;NA;NA;2015-08-31;2015;"2015-560:222";555;1;4,41503749927884;3,41503749927884;51;"Richard Gasquet";138;"Bernard Tomic";4,41503749927884;3,41503749927884;1;29,2;22,8;6,4;185;193;-8;1,5;0,6875;1,5;0,6875;0,8125;16;0;11;0;5;0;5;0;5;0;0;1
"686007";"2015-560";"US Open";"Hard";"128";"Grand Slams";224;44;"Roger Federer";"R";185;"SUI";34;74;"Philipp Kohlschreiber";"R";178;"GER";31,8;"6-3 6-4 6-4";5;"R32";NA;5;4;83;50;36;18;15;2;4;1;5;72;44;31;15;14;3;8;2;9065;29;1230;6;6;6;NA;NA;3;4;4;NA;NA;2015-08-31;2015;"2015-560:224";556;1;7;3,14201900487243;44;"Roger Federer";74;"Philipp Kohlschreiber";7;3,14201900487243;3,85798099512757;34;31,8;2,2;185;178;7;0,5;0,375;0,5;0,375;0,125;8;4;3;2;5;2;5;2;3;0;0;1
"686008";"2015-560";"US Open";"Hard";"128";"Grand Slams";225;35;"Novak Djokovic";"R";188;"SRB";28,2;9;"Roberto Bautista Agut";"R";183;"ESP";27,3;"6-3 4-6 6-4 6-3";5;"R16";NA;8;2;123;75;52;25;19;4;8;4;2;117;69;40;24;19;7;14;1;14865;23;1510;6;4;6;6;NA;3;6;4;3;NA;2015-08-31;2015;"2015-560:225";557;0;8;3,47643804394299;9;"Roberto Bautista Agut";35;"Novak Djokovic";3,47643804394299;8;-4,52356195605701;27,3;28,2;-0,899999999999999;183;188;-5;0,5;0,5;0,5;0,5;0;14;8;7;4;7;4;4;7;-3;0;0;1
"686009";"2015-560";"US Open";"Hard";"128";"Grand Slams";226;84;"Feliciano Lopez";"L";188;"ESP";33,9;46;"Fabio Fognini";"R";178;"ITA";28,2;"6-3 7-6(5) 6-1";5;"R16";NA;6;3;89;49;40;25;15;4;5;8;6;84;51;30;20;13;3;7;19;1665;32;1165;6;7;6;NA;NA;3;6;1;NA;NA;2015-08-31;2015;"2015-560:226";558;0;3,75207248655641;3;46;"Fabio Fognini";84;"Feliciano Lopez";3;3,75207248655641;-0,752072486556415;28,2;33,9;-5,7;178;188;-10;0,8;0,428571428571429;0,428571428571429;0,8;-0,371428571428571;7;5;3;4;4;1;1;4;-3;0;0;1
"686010";"2015-560";"US Open";"Hard";"128";"Grand Slams";227;141;"Jo-Wilfried Tsonga";"R";188;"FRA";30,3;108;"Benoit Paire";"R";196;"FRA";26,3;"6-4 6-3 6-4";5;"R16";NA;10;2;74;44;39;22;15;0;0;8;4;84;38;24;29;14;4;7;18;1675;41;1052;6;6;6;NA;NA;4;3;4;NA;NA;2015-08-31;2015;"2015-560:227";559;0;3,83007499855769;2,64244799538192;108;"Benoit Paire";141;"Jo-Wilfried Tsonga";2,64244799538192;3,83007499855769;-1,18762700317577;26,3;30,3;-4;196;188;8;1,5;0,571428571428571;0,571428571428571;1,5;-0,928571428571429;7;0;4;0;3;0;0;3;-3;0;0;1
"686011";"2015-560";"US Open";"Hard";"128";"Grand Slams";228;22;"Marin Cilic";"R";198;"CRO";26,9;20;"Jeremy Chardy";"R";188;"FRA";28,5;"6-3 2-6 7-6(2) 6-1";5;"R16";NA;23;2;117;68;57;24;19;5;7;11;11;97;55;44;18;17;2;5;9;3550;27;1300;6;2;7;6;NA;3;6;6;1;NA;2015-08-31;2015;"2015-560:228";560;0;4,83007499855769;3,24511249783653;20;"Jeremy Chardy";22;"Marin Cilic";3,24511249783653;4,83007499855769;-1,58496250072116;28,5;26,9;1,6;188;198;-10;0,714285714285714;0,4;0,4;0,714285714285714;-0,314285714285714;5;7;2;5;3;2;2;3;-1;0;0;1
"686012";"2015-560";"US Open";"Hard";"128";"Grand Slams";229;145;"Stan Wawrinka";"R";183;"SUI";30,4;146;"Donald Young";"L";183;"USA";26,1;"6-4 1-6 6-3 6-4";5;"R16";NA;10;3;102;53;43;26;18;3;6;3;3;92;54;38;21;18;0;4;5;5710;68;730;6;1;6;6;NA;4;6;3;4;NA;2015-08-31;2015;"2015-560:229";561;1;5,67807190511264;1,91253715874966;145;"Stan Wawrinka";146;"Donald Young";5,67807190511264;1,91253715874966;3,76553474636298;30,4;26,1;4,3;183;183;0;0,5;0;0,5;0;0,5;4;6;0;3;4;3;4;3;1;0;0;1
"686013";"2015-560";"US Open";"Hard";"128";"Grand Slams";230;4;"Kevin Anderson";"R";203;"RSA";29,2;100;"Andy Murray";"R";190;"GBR";28,2;"7-6(5) 6-3 6-7(2) 7-6(0)";5;"R16";NA;26;6;171;110;87;25;23;8;11;19;3;148;87;66;27;22;5;9;14;2160;3;8840;7;6;6;7;NA;6;3;7;6;NA;2015-08-31;2015;"2015-560:230";562;1;4,1926450779424;6,41503749927884;4;"Kevin Anderson";100;"Andy Murray";4,1926450779424;6,41503749927884;-2,22239242133645;29,2;28,2;1;203;190;13;0,727272727272727;0,555555555555556;0,727272727272727;0,555555555555556;0,171717171717172;9;11;5;8;4;3;4;3;1;0;0;1
"686014";"2015-560";"US Open";"Hard";"128";"Grand Slams";231;51;"Richard Gasquet";"R";185;"FRA";29,2;13;"Tomas Berdych";"R";196;"CZE";29,9;"2-6 6-3 6-4 6-1";5;"R16";NA;12;3;105;68;51;20;17;6;8;12;2;104;61;41;21;17;5;10;12;2240;6;5230;2;6;6;6;NA;6;3;4;1;NA;2015-08-31;2015;"2015-560:231";563;0;4,41503749927884;5,41503749927884;13;"Tomas Berdych";51;"Richard Gasquet";5,41503749927884;4,41503749927884;1;29,9;29,2;0,699999999999999;196;185;11;0,75;0,5;0,5;0,75;-0,25;10;8;5;6;5;2;2;5;-3;0;0;1
"686015";"2015-560";"US Open";"Hard";"128";"Grand Slams";232;44;"Roger Federer";"R";185;"SUI";34;64;"John Isner";"R";206;"USA";30,3;"7-6(0) 7-6(6) 7-5";5;"R16";NA;13;1;111;65;54;33;18;5;5;17;1;133;91;63;22;18;9;10;2;9065;13;2235;7;7;7;NA;NA;6;6;5;NA;NA;2015-08-31;2015;"2015-560:232";564;1;7;4,29956028185891;44;"Roger Federer";64;"John Isner";7;4,29956028185891;2,70043971814109;34;30,3;3,7;185;206;-21;1;0,9;1;0,9;0,1;10;5;9;5;1;0;1;0;1;0;0;1
"686016";"2015-560";"US Open";"Hard";"128";"Grand Slams";233;35;"Novak Djokovic";"R";188;"SRB";28,2;84;"Feliciano Lopez";"L";188;"ESP";33,9;"6-1 3-6 6-3 7-6(2)";5;"QF";NA;9;0;117;68;52;33;19;5;6;13;6;116;60;46;30;18;5;8;1;14865;19;1665;6;3;6;7;NA;1;6;3;6;NA;2015-08-31;2015;"2015-560:233";565;1;8;3,75207248655641;35;"Novak Djokovic";84;"Feliciano Lopez";8;3,75207248655641;4,24792751344359;28,2;33,9;-5,7;188;188;0;0,833333333333333;0,625;0,833333333333333;0,625;0,208333333333333;8;6;5;5;3;1;3;1;2;0;0;1
"686017";"2015-560";"US Open";"Hard";"128";"Grand Slams";234;22;"Marin Cilic";"R";198;"CRO";26,9;141;"Jo-Wilfried Tsonga";"R";188;"FRA";30,3;"6-4 6-4 3-6 6-7(3) 6-4";5;"QF";NA;29;5;157;91;71;43;25;9;10;14;11;176;106;78;40;26;11;14;9;3550;18;1675;6;6;3;6;6;4;4;6;7;4;2015-08-31;2015;"2015-560:234";566;1;4,83007499855769;3,83007499855769;22;"Marin Cilic";141;"Jo-Wilfried Tsonga";4,83007499855769;3,83007499855769;1;26,9;30,3;-3,4;198;188;10;0,9;0,785714285714286;0,9;0,785714285714286;0,114285714285714;14;10;11;9;3;1;3;1;2;0;0;1
"686018";"2015-560";"US Open";"Hard";"128";"Grand Slams";235;145;"Stan Wawrinka";"R";183;"SUI";30,4;4;"Kevin Anderson";"R";203;"RSA";29,2;"6-4 6-4 6-0";5;"QF";NA;6;2;66;32;30;23;13;1;1;12;9;82;47;33;13;13;3;8;5;5710;14;2160;6;6;6;NA;NA;4;4;0;NA;NA;2015-08-31;2015;"2015-560:235";567;0;5,67807190511264;4,1926450779424;4;"Kevin Anderson";145;"Stan Wawrinka";4,1926450779424;5,67807190511264;-1,48542682717024;29,2;30,4;-1,2;203;183;20;1;0,375;0,375;1;-0,625;8;1;3;1;5;0;0;5;-5;0;0;1
"686019";"2015-560";"US Open";"Hard";"128";"Grand Slams";236;44;"Roger Federer";"R";185;"SUI";34;51;"Richard Gasquet";"R";185;"FRA";29,2;"6-3 6-3 6-1";5;"QF";NA;16;2;70;53;46;8;13;0;0;1;2;73;44;27;12;12;8;13;2;9065;12;2240;6;6;6;NA;NA;3;3;1;NA;NA;2015-08-31;2015;"2015-560:236";568;1;7;4,41503749927884;44;"Roger Federer";51;"Richard Gasquet";7;4,41503749927884;2,58496250072116;34;29,2;4,8;185;185;0;1,5;0,615384615384615;1,5;0,615384615384615;0,884615384615385;13;0;8;0;5;0;5;0;5;0;0;1
"686020";"2015-560";"US Open";"Hard";"128";"Grand Slams";237;35;"Novak Djokovic";"R";188;"SRB";28,2;22;"Marin Cilic";"R";198;"CRO";26,9;"6-0 6-1 6-2";5;"SF";NA;3;1;56;37;28;15;11;0;1;4;5;66;30;18;8;10;6;14;1;14865;9;3550;6;6;6;NA;NA;0;1;2;NA;NA;2015-08-31;2015;"2015-560:237";569;0;8;4,83007499855769;22;"Marin Cilic";35;"Novak Djokovic";4,83007499855769;8;-3,16992500144231;26,9;28,2;-1,3;198;188;10;0;0,428571428571429;0,428571428571429;0;0,428571428571429;14;1;6;0;8;1;1;8;-7;0;0;1
"686021";"2015-560";"US Open";"Hard";"128";"Grand Slams";238;44;"Roger Federer";"R";185;"SUI";34;145;"Stan Wawrinka";"R";183;"SUI";30,4;"6-4 6-3 6-1";5;"SF";NA;10;2;77;50;40;17;13;4;4;6;1;78;38;22;20;13;6;11;2;9065;5;5710;6;6;6;NA;NA;4;3;1;NA;NA;2015-08-31;2015;"2015-560:238";570;1;7;5,67807190511264;44;"Roger Federer";145;"Stan Wawrinka";7;5,67807190511264;1,32192809488736;34;30,4;3,6;185;183;2;1;0,545454545454545;1;0,545454545454545;0,454545454545455;11;4;6;4;5;0;5;0;5;0;0;1
"686022";"2015-560";"US Open";"Hard";"128";"Grand Slams";239;35;"Novak Djokovic";"R";188;"SRB";28,2;44;"Roger Federer";"R";185;"SUI";34;"6-4 5-7 6-4 6-4";5;"F";200;3;5;155;96;63;32;21;19;23;11;5;137;87;62;23;21;7;13;1;14865;2;9065;6;5;6;6;NA;4;7;4;4;NA;2015-08-31;2015;"2015-560:239";571;1;8;7;35;"Novak Djokovic";44;"Roger Federer";8;7;1;28,2;34;-5,8;188;185;3;0,826086956521739;0,538461538461538;0,826086956521739;0,538461538461538;0,287625418060201;13;23;7;19;6;4;6;4;2;0;0;1
"695780";"2016-580";"Australian Open";"Hard";"128";"Grand Slams";113;35;"Novak Djokovic";"R";188;"SRB";28,6;21;"Hyeon Chung";"R";188;"KOR";19,6;"6-3 6-2 6-4";5;"R128";115;10;3;68;45;40;13;14;0;1;5;2;90;56;33;16;13;2;7;1;16790;52;821;6;6;6;NA;NA;3;2;4;NA;NA;2016-01-18;2016;"2016-580:113";572;0;8;2,29956028185891;21;"Hyeon Chung";35;"Novak Djokovic";2,29956028185891;8;-5,70043971814109;19,6;28,6;-9;188;188;0;0;0,285714285714286;0,285714285714286;0;0,285714285714286;7;1;2;0;5;1;1;5;-4;0;0;1
"695782";"2016-580";"Australian Open";"Hard";"128";"Grand Slams";115;77;"Denis Kudla";"R";180;"USA";23,4;76;"Filip Krajinovic";"R";185;"SRB";23,8;"6-2 6-1";5;"R128";54;10;1;45;29;23;11;8;1;1;6;9;50;31;16;7;7;7;11;69;727;102;574;6;6;NA;NA;NA;2;1;NA;NA;NA;2016-01-18;2016;"2016-580:115";573;0;1,89147554322183;1,3275746580285;76;"Filip Krajinovic";77;"Denis Kudla";1,3275746580285;1,89147554322183;-0,563900885193326;23,8;23,4;0,400000000000002;185;180;5;1;0,636363636363636;0,636363636363636;1;-0,363636363636364;11;1;7;1;4;0;0;4;-4;0;0;1
"695787";"2016-580";"Australian Open";"Hard";"128";"Grand Slams";120;125;"Gilles Simon";"R";183;"FRA";31;112;"Vasek Pospisil";"R";193;"CAN";25,5;"6-7 6-3 6-2 6-4";5;"R128";167;2;4;116;79;65;22;20;1;1;19;6;130;81;58;21;20;8;12;15;2145;39;1075;6;6;6;6;NA;7;3;2;4;NA;2016-01-18;2016;"2016-580:120";574;0;4,09310940439148;2,71459778113775;112;"Vasek Pospisil";125;"Gilles Simon";2,71459778113775;4,09310940439148;-1,37851162325373;25,5;31;-5,5;193;183;10;1;0,666666666666667;0,666666666666667;1;-0,333333333333333;12;1;8;1;4;0;0;4;-4;0;0;1
"695790";"2016-580";"Australian Open";"Hard";"128";"Grand Slams";123;60;"Pierre Hugues Herbert";"R";188;"FRA";24,8;5;"Pablo Andujar";"R";180;"ESP";29,9;"5-7 6-4 7-6 6-2";5;"R128";189;17;10;153;81;62;34;22;6;9;4;5;151;98;74;23;21;9;14;167;313;62;770;5;6;7;6;NA;7;4;6;2;NA;2016-01-18;2016;"2016-580:123";575;0;0,616295707525948;2,04580368961313;5;"Pablo Andujar";60;"Pierre Hugues Herbert";2,04580368961313;0,616295707525948;1,42950798208718;29,9;24,8;5,1;180;188;-8;0,666666666666667;0,642857142857143;0,642857142857143;0,666666666666667;-0,0238095238095237;14;9;9;6;5;3;3;5;-2;0;0;1
"695795";"2016-580";"Australian Open";"Hard";"128";"Grand Slams";128;103;"Kei Nishikori";"R";178;"JPN";26;74;"Philipp Kohlschreiber";"R";178;"GER";32,2;"6-4 6-3 6-3";5;"R128";115;5;3;77;46;38;20;14;0;0;8;4;96;65;44;11;14;4;8;7;4235;34;1185;6;6;6;NA;NA;4;3;3;NA;NA;2016-01-18;2016;"2016-580:128";576;0;5,1926450779424;2,91253715874966;74;"Philipp Kohlschreiber";103;"Kei Nishikori";2,91253715874966;5,1926450779424;-2,28010791919274;32,2;26;6,2;178;178;0;1,5;0,5;0,5;1,5;-1;8;0;4;0;4;0;0;4;-4;0;0;1
"695796";"2016-580";"Australian Open";"Hard";"128";"Grand Slams";129;44;"Roger Federer";"R";185;"SUI";34,4;8;"Nikoloz Basilashvili";"R";185;"GEO";23,9;"6-2 6-1 6-2";5;"R128";72;6;3;56;36;33;9;12;0;1;2;5;68;44;23;7;11;6;14;3;8165;118;493;6;6;6;NA;NA;2;1;2;NA;NA;2016-01-18;2016;"2016-580:129";577;0;6,41503749927884;1,11735695063816;8;"Nikoloz Basilashvili";44;"Roger Federer";1,11735695063816;6,41503749927884;-5,29768054864069;23,9;34,4;-10,5;185;185;0;0;0,428571428571429;0,428571428571429;0;0,428571428571429;14;1;6;0;8;1;1;8;-7;0;0;1
"695797";"2016-580";"Australian Open";"Hard";"128";"Grand Slams";130;36;"Alexandr Dolgopolov";"R";180;"UKR";27,1;12;"Ricardas Berankis";"R";175;"LTU";25,5;"6-1 3-6 6-4 6-2";5;"R128";128;10;8;110;60;49;22;17;6;9;5;2;118;69;37;26;17;10;17;35;1160;85;641;6;3;6;6;NA;1;6;4;2;NA;2016-01-18;2016;"2016-580:130";578;0;2,87071698305503;1,5906090638623;12;"Ricardas Berankis";36;"Alexandr Dolgopolov";1,5906090638623;2,87071698305503;-1,28010791919274;25,5;27,1;-1,6;175;180;-5;0,666666666666667;0,588235294117647;0,588235294117647;0,666666666666667;-0,0784313725490196;17;9;10;6;7;3;3;7;-4;0;0;1
"695799";"2016-580";"Australian Open";"Hard";"128";"Grand Slams";132;33;"Grigor Dimitrov";"R";188;"BUL";24,6;85;"Paolo Lorenzi";"R";183;"ITA";34;"6-3 7-6 6-3";5;"R128";145;12;1;109;73;56;17;16;3;5;7;2;95;56;45;14;15;5;9;28;1420;57;795;6;7;6;NA;NA;3;6;3;NA;NA;2016-01-18;2016;"2016-580:132";579;1;3,1926450779424;2,16710998583526;33;"Grigor Dimitrov";85;"Paolo Lorenzi";3,1926450779424;2,16710998583526;1,02553509210714;24,6;34;-9,4;188;183;5;0,6;0,555555555555556;0,6;0,555555555555556;0,0444444444444444;9;5;5;3;4;2;4;2;2;0;0;1
"695800";"2016-580";"Australian Open";"Hard";"128";"Grand Slams";133;134;"Dominic Thiem";"R";185;"AUT";22,3;90;"Leonardo Mayer";"R";188;"ARG";28,6;"6-2 7-6 4-6 7-6";5;"R128";186;7;4;119;88;69;18;22;3;6;8;5;139;91;61;24;22;5;9;20;1645;36;1105;6;7;4;7;NA;2;6;6;6;NA;2016-01-18;2016;"2016-580:133";580;0;3,67807190511264;2,83007499855769;90;"Leonardo Mayer";134;"Dominic Thiem";2,83007499855769;3,67807190511264;-0,84799690655495;28,6;22,3;6,3;188;185;3;0,5;0,555555555555556;0,555555555555556;0,5;0,0555555555555556;9;6;5;3;4;3;3;4;-1;0;0;1
"695805";"2016-580";"Australian Open";"Hard";"128";"Grand Slams";138;115;"Albert Ramos";"L";188;"ESP";28;23;"Borna Coric";"R";188;"CRO";19,1;"6-2 6-2 6-3";5;"R128";104;4;1;76;50;38;16;13;7;7;5;3;77;47;29;13;12;2;8;61;773;40;1066;6;6;6;NA;NA;2;2;3;NA;NA;2016-01-18;2016;"2016-580:138";581;0;2,06926266243711;2,67807190511264;23;"Borna Coric";115;"Albert Ramos";2,67807190511264;2,06926266243711;0,608809242675524;19,1;28;-8,9;188;188;0;1;0,25;0,25;1;-0,75;8;7;2;7;6;0;0;6;-6;0;0;1
"695806";"2016-580";"Australian Open";"Hard";"128";"Grand Slams";139;83;"Dusan Lajovic";"R";180;"SRB";25,5;114;"Sam Querrey";"R";198;"USA";28,2;"6-7 4-6 6-4 6-2";5;"R128";136;17;6;118;73;58;26;21;3;5;17;6;127;72;53;32;20;7;11;77;678;58;785;6;4;6;6;NA;7;6;4;2;NA;2016-01-18;2016;"2016-580:139";582;1;1,7332134593051;2,14201900487243;83;"Dusan Lajovic";114;"Sam Querrey";1,7332134593051;2,14201900487243;-0,408805545567329;25,5;28,2;-2,7;180;198;-18;0,6;0,636363636363636;0,6;0,636363636363636;-0,0363636363636364;11;5;7;3;4;2;4;2;2;0;0;1
"695808";"2016-580";"Australian Open";"Hard";"128";"Grand Slams";141;80;"Nick Kyrgios";"R";193;"AUS";20,7;18;"Pablo Carreno Busta";"R";188;"ESP";24,5;"6-2 7-5 6-2";5;"R128";91;16;0;70;50;37;17;14;0;1;3;2;94;60;28;20;14;6;12;30;1260;68;734;6;7;6;NA;NA;2;5;2;NA;NA;2016-01-18;2016;"2016-580:141";583;0;3,09310940439148;1,91253715874966;18;"Pablo Carreno Busta";80;"Nick Kyrgios";1,91253715874966;3,09310940439148;-1,18057224564182;24,5;20,7;3,8;188;193;-5;0;0,5;0,5;0;0,5;12;1;6;0;6;1;1;6;-5;0;0;1
"695809";"2016-580";"Australian Open";"Hard";"128";"Grand Slams";142;25;"Pablo Cuevas";"R";180;"URU";30;104;"Yoshihito Nishioka";"L";170;"JPN";20,3;"7-6 6-1 6-4";5;"R128";121;13;5;96;56;45;20;15;7;9;3;1;91;55;31;22;15;4;10;41;1065;117;501;7;6;6;NA;NA;6;1;4;NA;NA;2016-01-18;2016;"2016-580:142";584;1;2,64244799538192;1,1296352804166;25;"Pablo Cuevas";104;"Yoshihito Nishioka";2,64244799538192;1,1296352804166;1,51281271496532;30;20,3;9,7;180;170;10;0,777777777777778;0,4;0,777777777777778;0,4;0,377777777777778;10;9;4;7;6;2;6;2;4;0;0;1
"695812";"2016-580";"Australian Open";"Hard";"128";"Grand Slams";145;143;"Fernando Verdasco";"L";188;"ESP";32,1;101;"Rafael Nadal";"L";185;"ESP";29,6;"7-6 4-6 3-6 7-6 6-2";5;"R128";281;20;10;192;118;85;33;27;10;16;7;6;170;108;75;31;26;10;15;45;900;5;5230;7;4;3;7;6;6;6;6;6;2;2016-01-18;2016;"2016-580:145";585;0;2,50814690367033;5,67807190511264;101;"Rafael Nadal";143;"Fernando Verdasco";5,67807190511264;2,50814690367033;3,16992500144231;29,6;32,1;-2,5;185;188;-3;0,625;0,666666666666667;0,666666666666667;0,625;0,0416666666666666;15;16;10;10;5;6;6;5;1;0;0;1
"695817";"2016-580";"Australian Open";"Hard";"128";"Grand Slams";150;86;"Nicolas Mahut";"R";190;"FRA";33,9;19;"Marco Cecchinato";"R";185;"ITA";23,2;"4-6 6-2 6-2 6-2";5;"R128";133;9;4;90;54;46;22;17;2;3;7;4;121;72;52;15;17;4;10;63;767;92;618;4;6;6;6;NA;6;2;2;2;NA;2016-01-18;2016;"2016-580:150";586;0;2,02272007650008;1,47643804394299;19;"Marco Cecchinato";86;"Nicolas Mahut";1,47643804394299;2,02272007650008;-0,546282032557096;23,2;33,9;-10,7;185;190;-5;0,666666666666667;0,4;0,4;0,666666666666667;-0,266666666666667;10;3;4;2;6;1;1;6;-5;0;0;1
"695820";"2016-580";"Australian Open";"Hard";"128";"Grand Slams";153;116;"Milos Raonic";"R";196;"CAN";25;113;"Lucas Pouille";"R";185;"FRA";21,9;"6-1 6-4 6-4";5;"R128";86;12;2;69;44;39;17;14;0;0;8;4;70;34;24;18;13;2;6;14;2270;90;621;6;6;6;NA;NA;1;4;4;NA;NA;2016-01-18;2016;"2016-580:153";587;0;4,1926450779424;1,50814690367033;113;"Lucas Pouille";116;"Milos Raonic";1,50814690367033;4,1926450779424;-2,68449817427207;21,9;25;-3,1;185;196;-11;1,5;0,333333333333333;0,333333333333333;1,5;-1,16666666666667;6;0;2;0;4;0;0;4;-4;0;0;1
"695824";"2016-580";"Australian Open";"Hard";"128";"Grand Slams";157;128;"Jack Sock";"R";185;"USA";23,3;47;"Taylor Fritz";"R";193;"USA";18,2;"6-4 3-6 0-6 6-3 6-4";5;"R128";147;16;9;122;66;49;29;22;5;9;19;3;119;72;55;29;22;6;9;22;1525;155;372;6;3;0;6;6;4;6;6;3;4;2016-01-18;2016;"2016-580:157";588;0;3,5405683813627;0,723875594725762;47;"Taylor Fritz";128;"Jack Sock";0,723875594725762;3,5405683813627;-2,81669278663694;18,2;23,3;-5,1;193;185;8;0,555555555555556;0,666666666666667;0,666666666666667;0,555555555555556;0,111111111111111;9;9;6;5;3;4;4;3;1;0;0;1
"695828";"2016-580";"Australian Open";"Hard";"128";"Grand Slams";161;45;"David Ferrer";"R";175;"ESP";33,7;55;"Peter Gojowczyk";"R";185;"GER";26,5;"6-4 6-4 6-2";5;"R128";96;7;3;75;49;40;16;14;3;4;5;2;80;43;30;15;14;3;8;8;4145;223;234;6;6;6;NA;NA;4;4;2;NA;NA;2016-01-18;2016;"2016-580:161";589;1;5;0,199100100079695;45;"David Ferrer";55;"Peter Gojowczyk";5;0,199100100079695;4,8008998999203;33,7;26,5;7,2;175;185;-10;0,75;0,375;0,75;0,375;0,375;8;4;3;3;5;1;5;1;4;0;0;1
"695829";"2016-580";"Australian Open";"Hard";"128";"Grand Slams";162;61;"Lleyton Hewitt";"R";180;"AUS";34,8;38;"James Duckworth";"R";183;"AUS";23,9;"7-6 6-2 6-4";5;"R128";143;10;3;98;58;44;22;16;6;8;15;6;101;53;38;21;15;9;14;308;160;129;460;7;6;6;NA;NA;6;2;4;NA;NA;2016-01-18;2016;"2016-580:162";590;0;-0,266786540694902;0,988772744576746;38;"James Duckworth";61;"Lleyton Hewitt";0,988772744576746;-0,266786540694902;1,25555928527165;23,9;34,8;-10,9;183;180;3;0,75;0,642857142857143;0,642857142857143;0,75;-0,107142857142857;14;8;9;6;5;2;2;5;-3;0;0;1
"695831";"2016-580";"Australian Open";"Hard";"128";"Grand Slams";164;68;"Steve Johnson";"R";188;"USA";26;10;"Aljaz Bedene";"R";181;"SLO";26,5;"6-3 6-4 7-6";5;"R128";125;17;5;104;55;46;28;16;3;3;14;4;91;49;37;23;16;6;8;32;1240;49;867;6;6;7;NA;NA;3;4;6;NA;NA;2016-01-18;2016;"2016-580:164";591;0;3;2,38529015588479;10;"Aljaz Bedene";68;"Steve Johnson";2,38529015588479;3;-0,614709844115208;26,5;26;0,5;181;188;-7;1;0,75;0,75;1;-0,25;8;3;6;3;2;0;0;2;-2;0;0;1
"695832";"2016-580";"Australian Open";"Hard";"128";"Grand Slams";165;84;"Feliciano Lopez";"L";188;"ESP";34,3;42;"Daniel Evans";"R";175;"GBR";25,6;"6-1 6-0 6-4";5;"R128";88;13;1;69;38;35;14;12;0;0;5;6;73;43;24;13;11;7;13;19;1690;185;274;6;6;6;NA;NA;1;0;4;NA;NA;2016-01-18;2016;"2016-580:165";592;0;3,75207248655641;0,468618539483688;42;"Daniel Evans";84;"Feliciano Lopez";0,468618539483688;3,75207248655641;-3,28345394707273;25,6;34,3;-8,7;175;188;-13;1,5;0,538461538461538;0,538461538461538;1,5;-0,961538461538462;13;0;7;0;6;0;0;6;-6;0;0;1
"695833";"2016-580";"Australian Open";"Hard";"128";"Grand Slams";166;110;"Guido Pella";"L";185;"ARG";25,6;27;"Steve Darcis";"R";178;"BEL";31,8;"2-6 3-6 6-3 7-5 6-1";5;"R128";186;8;9;161;108;72;21;23;13;20;7;7;121;64;47;26;22;2;10;75;693;110;538;2;3;6;7;6;6;6;3;5;1;2016-01-18;2016;"2016-580:166";593;0;1,77118130950412;1,21864028647534;27;"Steve Darcis";110;"Guido Pella";1,21864028647534;1,77118130950412;-0,55254102302878;31,8;25,6;6,2;178;185;-7;0,65;0,2;0,2;0,65;-0,45;10;20;2;13;8;7;7;8;-1;0;0;1
"695835";"2016-580";"Australian Open";"Hard";"128";"Grand Slams";168;64;"John Isner";"R";206;"USA";30,7;67;"Jerzy Janowicz";"R";203;"POL";25,1;"6-3 7-6 6-3";5;"R128";105;37;0;82;64;58;13;16;0;0;10;4;95;61;45;18;15;2;4;11;2495;56;795;6;7;6;NA;NA;3;6;3;NA;NA;2016-01-18;2016;"2016-580:168";594;1;4,5405683813627;2,1926450779424;64;"John Isner";67;"Jerzy Janowicz";4,5405683813627;2,1926450779424;2,34792330342031;30,7;25,1;5,6;206;203;3;1,5;0,5;1,5;0,5;1;4;0;2;0;2;0;2;0;2;0;0;1
"695838";"2016-580";"Australian Open";"Hard";"128";"Grand Slams";171;94;"John Millman";"R";183;"AUS";26,5;122;"Diego Schwartzman";"R";170;"ARG";23,4;"3-6 5-7 7-6 5-0";5;"R128";165;7;1;119;79;48;20;20;6;11;10;3;118;60;41;31;19;5;9;95;611;89;621;3;5;7;5;NA;6;7;6;0;NA;2016-01-18;2016;"2016-580:171";595;1;1,43014439166905;1,5242665690336;94;"John Millman";122;"Diego Schwartzman";1,43014439166905;1,5242665690336;-0,0941221773645502;26,5;23,4;3,1;183;170;13;0,545454545454545;0,555555555555556;0,545454545454545;0,555555555555556;-0,0101010101010102;9;11;5;6;4;5;4;5;-1;0;0;1
"695839";"2016-580";"Australian Open";"Hard";"128";"Grand Slams";172;99;"Gilles Muller";"L";193;"LUX";32,6;46;"Fabio Fognini";"R";178;"ITA";28,6;"7-6 7-6 6-7 7-6";5;"R128";239;34;8;165;100;89;33;26;4;5;20;11;193;111;79;49;26;10;11;38;1105;23;1515;7;7;6;7;NA;6;6;7;6;NA;2016-01-18;2016;"2016-580:172";596;0;2,75207248655641;3,47643804394299;46;"Fabio Fognini";99;"Gilles Muller";3,47643804394299;2,75207248655641;0,724365557386572;28,6;32,6;-4;178;193;-15;0,8;0,909090909090909;0,909090909090909;0,8;0,109090909090909;11;5;10;4;1;1;1;1;0;0;0;1
"695840";"2016-580";"Australian Open";"Hard";"128";"Grand Slams";173;130;"Joao Sousa";"R";185;"POR";26,8;78;"Mikhail Kukushkin";"R";183;"KAZ";28;"6-3 6-4 6-3";5;"R128";127;13;1;87;57;42;16;14;2;4;5;3;120;64;41;23;14;16;22;33;1191;94;612;6;6;6;NA;NA;3;4;3;NA;NA;2016-01-18;2016;"2016-580:173";597;0;2,95560588064155;1,44541114832236;78;"Mikhail Kukushkin";130;"Joao Sousa";1,44541114832236;2,95560588064155;-1,51019473231918;28;26,8;1,2;183;185;-2;0,5;0,727272727272727;0,727272727272727;0,5;0,227272727272727;22;4;16;2;6;2;2;6;-4;0;0;1
"695843";"2016-580";"Australian Open";"Hard";"128";"Grand Slams";176;100;"Andy Murray";"R";190;"GBR";28,6;148;"Alexander Zverev";"R";198;"GER";18,7;"6-1 6-2 6-3";5;"R128";127;3;2;76;44;36;19;12;6;6;5;7;91;57;36;11;12;7;13;2;8945;83;647;6;6;6;NA;NA;1;2;3;NA;NA;2016-01-18;2016;"2016-580:176";598;1;7;1,62496056865308;100;"Andy Murray";148;"Alexander Zverev";7;1,62496056865308;5,37503943134692;28,6;18,7;9,9;190;198;-8;1;0,538461538461538;1;0,538461538461538;0,461538461538462;13;6;7;6;6;0;6;0;6;0;0;1
"695845";"2016-580";"Australian Open";"Hard";"128";"Grand Slams";178;123;"Andreas Seppi";"R";190;"ITA";31,9;77;"Denis Kudla";"R";180;"USA";23,4;"7-5 6-4 6-4";5;"R64";126;13;1;114;63;51;27;16;8;8;6;3;87;40;32;24;16;1;4;29;1290;69;727;7;6;6;NA;NA;5;4;4;NA;NA;2016-01-18;2016;"2016-580:178";599;0;3,14201900487243;1,89147554322183;77;"Denis Kudla";123;"Andreas Seppi";1,89147554322183;3,14201900487243;-1,2505434616506;23,4;31,9;-8,5;180;190;-10;1;0,25;0,25;1;-0,75;4;8;1;8;3;0;0;3;-3;0;0;1
"695854";"2016-580";"Australian Open";"Hard";"128";"Grand Slams";187;134;"Dominic Thiem";"R";185;"AUT";22,3;3;"Nicolas Almagro";"R";183;"ESP";30,4;"6-3 6-1 6-3";5;"R64";101;5;1;68;41;33;16;13;0;0;13;4;100;56;33;19;12;11;17;20;1645;73;694;6;6;6;NA;NA;3;1;3;NA;NA;2016-01-18;2016;"2016-580:187";600;0;3,67807190511264;1,81017544111998;3;"Nicolas Almagro";134;"Dominic Thiem";1,81017544111998;3,67807190511264;-1,86789646399265;30,4;22,3;8,1;183;185;-2;1,5;0,647058823529412;0,647058823529412;1,5;-0,852941176470588;17;0;11;0;6;0;0;6;-6;0;0;1
"695856";"2016-580";"Australian Open";"Hard";"128";"Grand Slams";189;22;"Marin Cilic";"R";198;"CRO";27,3;115;"Albert Ramos";"L";188;"ESP";28;"6-4 6-3 7-6";5;"R64";139;17;0;89;55;46;21;16;0;1;7;5;100;54;39;25;16;3;6;13;2405;61;773;6;6;7;NA;NA;4;3;6;NA;NA;2016-01-18;2016;"2016-580:189";601;1;4,29956028185891;2,06926266243711;22;"Marin Cilic";115;"Albert Ramos";4,29956028185891;2,06926266243711;2,23029761942179;27,3;28;-0,699999999999999;198;188;10;0;0,5;0;0,5;-0,5;6;1;3;0;3;1;3;1;2;0;0;1
"695857";"2016-580";"Australian Open";"Hard";"128";"Grand Slams";190;9;"Roberto Bautista Agut";"R";183;"ESP";27,7;83;"Dusan Lajovic";"R";180;"SRB";25,5;"4-6 6-2 4-6 6-2 6-1";5;"R64";170;7;5;126;78;60;28;22;3;6;8;4;124;73;46;25;21;0;7;21;1640;77;678;4;6;4;6;6;6;2;6;2;1;2016-01-18;2016;"2016-580:190";602;1;3,60768257722124;1,7332134593051;9;"Roberto Bautista Agut";83;"Dusan Lajovic";3,60768257722124;1,7332134593051;1,87446911791614;27,7;25,5;2,2;183;180;3;0,5;0;0,5;0;0,5;7;6;0;3;7;3;7;3;4;0;0;1
"695858";"2016-580";"Australian Open";"Hard";"128";"Grand Slams";191;80;"Nick Kyrgios";"R";193;"AUS";20,7;25;"Pablo Cuevas";"R";180;"URU";30;"6-4 7-5 7-6";5;"R64";118;19;1;96;62;49;22;18;5;7;15;2;93;61;49;13;17;2;6;30;1260;41;1065;6;7;7;NA;NA;4;5;6;NA;NA;2016-01-18;2016;"2016-580:191";603;0;3,09310940439148;2,64244799538192;25;"Pablo Cuevas";80;"Nick Kyrgios";2,64244799538192;3,09310940439148;-0,450661409009565;30;20,7;9,3;180;193;-13;0,714285714285714;0,333333333333333;0,333333333333333;0,714285714285714;-0,380952380952381;6;7;2;5;4;2;2;4;-2;0;0;1
"695862";"2016-580";"Australian Open";"Hard";"128";"Grand Slams";195;96;"Gael Monfils";"R";193;"FRA";29,3;86;"Nicolas Mahut";"R";190;"FRA";33,9;"7-5 6-4 6-1";5;"R64";100;18;3;81;57;51;12;15;1;1;2;3;76;55;38;8;14;1;5;25;1485;63;767;7;6;6;NA;NA;5;4;1;NA;NA;2016-01-18;2016;"2016-580:195";604;0;3,35614381022528;2,02272007650008;86;"Nicolas Mahut";96;"Gael Monfils";2,02272007650008;3,35614381022528;-1,33342373372519;33,9;29,3;4,6;190;193;-3;1;0,2;0,2;1;-0,8;5;1;1;1;4;0;0;4;-4;0;0;1
"695864";"2016-580";"Australian Open";"Hard";"128";"Grand Slams";197;116;"Milos Raonic";"R";196;"CAN";25;117;"Tommy Robredo";"R";180;"ESP";33,7;"7-6 7-6 7-5";5;"R64";175;24;6;121;70;58;32;19;4;4;0;3;146;101;68;27;19;11;12;14;2270;42;1000;7;7;7;NA;NA;6;6;5;NA;NA;2016-01-18;2016;"2016-580:197";605;1;4,1926450779424;2,60768257722124;116;"Milos Raonic";117;"Tommy Robredo";4,1926450779424;2,60768257722124;1,58496250072116;25;33,7;-8,7;196;180;16;1;0,916666666666667;1;0,916666666666667;0,0833333333333334;12;4;11;4;1;0;1;0;1;0;0;1
"695867";"2016-580";"Australian Open";"Hard";"128";"Grand Slams";200;145;"Stan Wawrinka";"R";183;"SUI";30,8;132;"Radek Stepanek";"R";185;"CZE";37,1;"6-2 6-3 6-4";5;"R64";121;15;4;107;60;44;25;14;10;11;4;4;86;60;40;8;13;7;12;4;6865;188;272;6;6;6;NA;NA;2;3;4;NA;NA;2016-01-18;2016;"2016-580:200";606;0;6;0,445411148322362;132;"Radek Stepanek";145;"Stan Wawrinka";0,445411148322362;6;-5,55458885167764;37,1;30,8;6,3;185;183;2;0,909090909090909;0,583333333333333;0,583333333333333;0,909090909090909;-0,325757575757576;12;11;7;10;5;1;1;5;-4;0;0;1
"695870";"2016-580";"Australian Open";"Hard";"128";"Grand Slams";203;84;"Feliciano Lopez";"L";188;"ESP";34,3;110;"Guido Pella";"L";185;"ARG";25,6;"7-6 6-7 7-6 6-7 6-4";5;"R64";271;42;14;216;117;89;50;31;7;11;13;4;191;137;94;33;31;6;11;19;1690;75;693;7;6;7;6;6;6;7;6;7;4;2016-01-18;2016;"2016-580:203";607;1;3,75207248655641;1,77118130950412;84;"Feliciano Lopez";110;"Guido Pella";3,75207248655641;1,77118130950412;1,9808911770523;34,3;25,6;8,7;188;185;3;0,636363636363636;0,545454545454545;0,636363636363636;0,545454545454545;0,0909090909090909;11;11;6;7;5;4;5;4;1;0;0;1
"695871";"2016-580";"Australian Open";"Hard";"128";"Grand Slams";204;64;"John Isner";"R";206;"USA";30,7;56;"Marcel Granollers";"R";190;"ESP";29,7;"6-3 7-6 7-6";5;"R64";140;20;4;101;72;59;21;18;0;0;4;3;99;65;51;20;17;5;6;11;2495;80;661;6;7;7;NA;NA;3;6;6;NA;NA;2016-01-18;2016;"2016-580:204";608;0;4,5405683813627;1,67807190511264;56;"Marcel Granollers";64;"John Isner";1,67807190511264;4,5405683813627;-2,86249647625007;29,7;30,7;-1;190;206;-16;1,5;0,833333333333333;0,833333333333333;1,5;-0,666666666666667;6;0;5;0;1;0;0;1;-1;0;0;1
"695873";"2016-580";"Australian Open";"Hard";"128";"Grand Slams";206;94;"John Millman";"R";183;"AUS";26,5;99;"Gilles Muller";"L";193;"LUX";32,6;"4-6 6-4 6-2 4-6 7-5";5;"R64";218;13;5;167;110;74;31;25;5;9;22;5;155;86;65;31;25;5;11;95;611;38;1105;4;6;6;4;7;6;4;2;6;5;2016-01-18;2016;"2016-580:206";609;1;1,43014439166905;2,75207248655641;94;"John Millman";99;"Gilles Muller";1,43014439166905;2,75207248655641;-1,32192809488736;26,5;32,6;-6,1;183;193;-10;0,555555555555556;0,454545454545455;0,555555555555556;0,454545454545455;0,101010101010101;11;9;5;5;6;4;6;4;2;0;0;1
"695876";"2016-580";"Australian Open";"Hard";"128";"Grand Slams";209;35;"Novak Djokovic";"R";188;"SRB";28,6;123;"Andreas Seppi";"R";190;"ITA";31,9;"6-1 7-5 7-6";5;"R32";141;9;2;103;74;56;18;16;3;3;5;0;96;55;44;16;16;3;6;1;16790;29;1290;6;7;7;NA;NA;1;5;6;NA;NA;2016-01-18;2016;"2016-580:209";610;1;8;3,14201900487243;35;"Novak Djokovic";123;"Andreas Seppi";8;3,14201900487243;4,85798099512757;28,6;31,9;-3,3;188;190;-2;1;0,5;1;0,5;0,5;6;3;3;3;3;0;3;0;3;0;0;1
"695879";"2016-580";"Australian Open";"Hard";"128";"Grand Slams";212;103;"Kei Nishikori";"R";178;"JPN";26;49;"Guillermo Garcia Lopez";"R";188;"ESP";32,6;"7-5 2-6 6-3 6-4";5;"R32";168;5;1;123;73;54;30;20;8;11;11;4;120;69;55;21;19;5;9;7;4235;27;1430;7;2;6;6;NA;5;6;3;4;NA;2016-01-18;2016;"2016-580:212";611;0;5,1926450779424;3,24511249783653;49;"Guillermo Garcia Lopez";103;"Kei Nishikori";3,24511249783653;5,1926450779424;-1,94753258010586;32,6;26;6,6;188;178;10;0,727272727272727;0,555555555555556;0,555555555555556;0,727272727272727;-0,171717171717172;9;11;5;8;4;3;3;4;-1;0;0;1
"695880";"2016-580";"Australian Open";"Hard";"128";"Grand Slams";213;44;"Roger Federer";"R";185;"SUI";34,4;33;"Grigor Dimitrov";"R";188;"BUL";24,6;"6-4 3-6 6-1 6-4";5;"R32";160;13;5;112;69;52;24;18;5;6;8;3;126;76;48;27;18;11;15;3;8165;28;1420;6;3;6;6;NA;4;6;1;4;NA;2016-01-18;2016;"2016-580:213";612;0;6,41503749927884;3,1926450779424;33;"Grigor Dimitrov";44;"Roger Federer";3,1926450779424;6,41503749927884;-3,22239242133645;24,6;34,4;-9,8;188;185;3;0,833333333333333;0,733333333333333;0,733333333333333;0,833333333333333;-0,1;15;6;11;5;4;1;1;4;-3;0;0;1
"695881";"2016-580";"Australian Open";"Hard";"128";"Grand Slams";214;54;"David Goffin";"R";180;"BEL";25,1;134;"Dominic Thiem";"R";185;"AUT";22,3;"6-1 3-6 7-6 7-5";5;"R32";178;6;8;141;81;62;28;21;9;13;17;6;129;75;50;27;20;6;12;16;1835;20;1645;6;3;7;7;NA;1;6;6;5;NA;2016-01-18;2016;"2016-580:214";613;1;4;3,67807190511264;54;"David Goffin";134;"Dominic Thiem";4;3,67807190511264;0,321928094887363;25,1;22,3;2,8;180;185;-5;0,692307692307692;0,5;0,692307692307692;0,5;0,192307692307692;12;13;6;9;6;4;6;4;2;0;0;1
"695882";"2016-580";"Australian Open";"Hard";"128";"Grand Slams";215;9;"Roberto Bautista Agut";"R";183;"ESP";27,7;22;"Marin Cilic";"R";198;"CRO";27,3;"6-4 7-6 7-5";5;"R32";155;9;3;114;72;56;23;18;3;4;15;5;115;67;52;21;17;8;11;21;1640;13;2405;6;7;7;NA;NA;4;6;5;NA;NA;2016-01-18;2016;"2016-580:215";614;1;3,60768257722124;4,29956028185891;9;"Roberto Bautista Agut";22;"Marin Cilic";3,60768257722124;4,29956028185891;-0,691877704637668;27,7;27,3;0,399999999999999;183;198;-15;0,75;0,727272727272727;0,75;0,727272727272727;0,0227272727272727;11;4;8;3;3;1;3;1;2;0;0;1
"695883";"2016-580";"Australian Open";"Hard";"128";"Grand Slams";216;13;"Tomas Berdych";"R";196;"CZE";30,3;80;"Nick Kyrgios";"R";193;"AUS";20,7;"6-3 6-4 1-6 6-4";5;"R32";147;8;6;112;64;50;26;18;4;6;18;2;108;65;53;16;18;5;8;6;4560;30;1260;6;6;1;6;NA;3;4;6;4;NA;2016-01-18;2016;"2016-580:216";615;1;5,41503749927884;3,09310940439148;13;"Tomas Berdych";80;"Nick Kyrgios";5,41503749927884;3,09310940439148;2,32192809488736;30,3;20,7;9,6;196;193;3;0,666666666666667;0,625;0,666666666666667;0,625;0,0416666666666666;8;6;5;4;3;2;3;2;1;0;0;1
"695886";"2016-580";"Australian Open";"Hard";"128";"Grand Slams";219;116;"Milos Raonic";"R";196;"CAN";25;139;"Viktor Troicki";"R";193;"SRB";29,9;"6-2 6-3 6-4";5;"R32";106;14;2;71;49;41;13;14;1;2;5;5;81;54;34;9;13;7;12;14;2270;26;1475;6;6;6;NA;NA;2;3;4;NA;NA;2016-01-18;2016;"2016-580:219";616;1;4,1926450779424;3,29956028185891;116;"Milos Raonic";139;"Viktor Troicki";4,1926450779424;3,29956028185891;0,893084796083488;25;29,9;-4,9;196;193;3;0,5;0,583333333333333;0,5;0,583333333333333;-0,0833333333333334;12;2;7;1;5;1;5;1;4;0;0;1
"695888";"2016-580";"Australian Open";"Hard";"128";"Grand Slams";221;45;"David Ferrer";"R";175;"ESP";33,7;68;"Steve Johnson";"R";188;"USA";26;"6-1 6-4 6-4";5;"R32";105;3;2;72;49;38;19;14;0;0;5;4;85;53;27;21;13;5;9;8;4145;32;1240;6;6;6;NA;NA;1;4;4;NA;NA;2016-01-18;2016;"2016-580:221";617;1;5;3;45;"David Ferrer";68;"Steve Johnson";5;3;2;33,7;26;7,7;175;188;-13;1,5;0,555555555555556;1,5;0,555555555555556;0,944444444444444;9;0;5;0;4;0;4;0;4;0;0;1
"695889";"2016-580";"Australian Open";"Hard";"128";"Grand Slams";222;64;"John Isner";"R";206;"USA";30,7;84;"Feliciano Lopez";"L";188;"ESP";34,3;"6-7 7-6 6-2 6-4";5;"R32";173;44;1;124;96;76;21;22;0;0;18;8;143;89;63;31;22;4;7;11;2495;19;1690;6;7;6;6;NA;7;6;2;4;NA;2016-01-18;2016;"2016-580:222";618;1;4,5405683813627;3,75207248655641;64;"John Isner";84;"Feliciano Lopez";4,5405683813627;3,75207248655641;0,788495894806288;30,7;34,3;-3,6;206;188;18;1,5;0,571428571428571;1,5;0,571428571428571;0,928571428571429;7;0;4;0;3;0;3;0;3;0;0;1
"695890";"2016-580";"Australian Open";"Hard";"128";"Grand Slams";223;138;"Bernard Tomic";"R";193;"AUS";23,2;94;"John Millman";"R";183;"AUS";26,5;"6-4 7-6 6-2";5;"R32";128;20;3;94;61;48;16;16;3;5;8;1;101;67;46;12;15;7;12;17;1720;95;611;6;7;6;NA;NA;4;6;2;NA;NA;2016-01-18;2016;"2016-580:223";619;0;3,91253715874966;1,43014439166905;94;"John Millman";138;"Bernard Tomic";1,43014439166905;3,91253715874966;-2,48239276708061;26,5;23,2;3,3;183;193;-10;0,6;0,583333333333333;0,583333333333333;0,6;-0,0166666666666666;12;5;7;3;5;2;2;5;-3;0;0;1
"695891";"2016-580";"Australian Open";"Hard";"128";"Grand Slams";224;100;"Andy Murray";"R";190;"GBR";28,6;130;"Joao Sousa";"R";185;"POR";26,8;"6-2 3-6 6-2 6-2";5;"R32";158;13;6;107;63;53;20;17;5;7;4;2;109;73;48;12;16;3;9;2;8945;33;1191;6;3;6;6;NA;2;6;2;2;NA;2016-01-18;2016;"2016-580:224";620;1;7;2,95560588064155;100;"Andy Murray";130;"Joao Sousa";7;2,95560588064155;4,04439411935845;28,6;26,8;1,8;190;185;5;0,714285714285714;0,333333333333333;0,714285714285714;0,333333333333333;0,380952380952381;9;7;3;5;6;2;6;2;4;0;0;1
"695892";"2016-580";"Australian Open";"Hard";"128";"Grand Slams";225;35;"Novak Djokovic";"R";188;"SRB";28,6;125;"Gilles Simon";"R";183;"FRA";31;"6-3 6-7 6-4 4-6 6-3";5;"R16";272;9;1;177;110;77;37;26;14;18;2;4;192;126;87;24;25;19;25;1;16790;15;2145;6;6;6;4;6;3;7;4;6;3;2016-01-18;2016;"2016-580:225";621;1;8;4,09310940439148;35;"Novak Djokovic";125;"Gilles Simon";8;4,09310940439148;3,90689059560852;28,6;31;-2,4;188;183;5;0,777777777777778;0,76;0,777777777777778;0,76;0,0177777777777778;25;18;19;14;6;4;6;4;2;0;0;1
"695893";"2016-580";"Australian Open";"Hard";"128";"Grand Slams";226;103;"Kei Nishikori";"R";178;"JPN";26;141;"Jo-Wilfried Tsonga";"R";188;"FRA";30,7;"6-4 6-2 6-4";5;"R16";122;3;3;83;50;37;21;14;1;2;13;8;90;54;34;17;14;7;12;7;4235;10;2725;6;6;6;NA;NA;4;2;4;NA;NA;2016-01-18;2016;"2016-580:226";622;1;5,1926450779424;4,67807190511264;103;"Kei Nishikori";141;"Jo-Wilfried Tsonga";5,1926450779424;4,67807190511264;0,514573172829758;26;30,7;-4,7;178;188;-10;0,5;0,583333333333333;0,5;0,583333333333333;-0,0833333333333334;12;2;7;1;5;1;5;1;4;0;0;1
"695895";"2016-580";"Australian Open";"Hard";"128";"Grand Slams";228;13;"Tomas Berdych";"R";196;"CZE";30,3;9;"Roberto Bautista Agut";"R";183;"ESP";27,7;"4-6 6-4 6-3 1-6 6-3";5;"R16";198;18;2;133;83;61;25;23;5;9;6;0;151;101;66;31;22;18;22;6;4560;21;1640;4;6;6;1;6;6;4;3;6;3;2016-01-18;2016;"2016-580:228";623;0;5,41503749927884;3,60768257722124;9;"Roberto Bautista Agut";13;"Tomas Berdych";3,60768257722124;5,41503749927884;-1,8073549220576;27,7;30,3;-2,6;183;196;-13;0,555555555555556;0,818181818181818;0,818181818181818;0,555555555555556;0,262626262626263;22;9;18;5;4;4;4;4;0;0;0;1
"695897";"2016-580";"Australian Open";"Hard";"128";"Grand Slams";230;116;"Milos Raonic";"R";196;"CAN";25;145;"Stan Wawrinka";"R";183;"SUI";30,8;"6-4 6-3 5-7 4-6 6-3";5;"R16";224;24;6;149;101;80;23;25;5;8;9;9;171;99;70;37;25;10;15;14;2270;4;6865;6;6;5;4;6;4;3;7;6;3;2016-01-18;2016;"2016-580:230";624;1;4,1926450779424;6;116;"Milos Raonic";145;"Stan Wawrinka";4,1926450779424;6;-1,8073549220576;25;30,8;-5,8;196;183;13;0,625;0,666666666666667;0,625;0,666666666666667;-0,0416666666666666;15;8;10;5;5;3;5;3;2;0;0;1
"695898";"2016-580";"Australian Open";"Hard";"128";"Grand Slams";231;45;"David Ferrer";"R";175;"ESP";33,7;64;"John Isner";"R";206;"USA";30,7;"6-4 6-4 7-5";5;"R16";124;1;2;87;45;37;31;16;3;3;18;4;95;71;51;9;16;3;6;8;4145;11;2495;6;6;7;NA;NA;4;4;5;NA;NA;2016-01-18;2016;"2016-580:231";625;1;5;4,5405683813627;45;"David Ferrer";64;"John Isner";5;4,5405683813627;0,459431618637297;33,7;30,7;3;175;206;-31;1;0,5;1;0,5;0,5;6;3;3;3;3;0;3;0;3;0;0;1
"695899";"2016-580";"Australian Open";"Hard";"128";"Grand Slams";232;100;"Andy Murray";"R";190;"GBR";28,6;138;"Bernard Tomic";"R";193;"AUS";23,2;"6-4 6-4 7-6";5;"R16";150;18;1;98;56;41;24;17;5;9;10;2;119;77;48;14;16;7;13;2;8945;17;1720;6;6;7;NA;NA;4;4;6;NA;NA;2016-01-18;2016;"2016-580:232";626;1;7;3,91253715874966;100;"Andy Murray";138;"Bernard Tomic";7;3,91253715874966;3,08746284125034;28,6;23,2;5,4;190;193;-3;0,555555555555556;0,538461538461538;0,555555555555556;0,538461538461538;0,0170940170940171;13;9;7;5;6;4;6;4;2;0;0;1
"695900";"2016-580";"Australian Open";"Hard";"128";"Grand Slams";233;35;"Novak Djokovic";"R";188;"SRB";28,6;103;"Kei Nishikori";"R";178;"JPN";26;"6-3 6-2 6-4";5;"QF";127;6;2;89;51;33;25;14;6;8;9;4;84;49;29;14;13;5;11;1;16790;7;4235;6;6;6;NA;NA;3;2;4;NA;NA;2016-01-18;2016;"2016-580:233";627;1;8;5,1926450779424;35;"Novak Djokovic";103;"Kei Nishikori";8;5,1926450779424;2,8073549220576;28,6;26;2,6;188;178;10;0,75;0,454545454545455;0,75;0,454545454545455;0,295454545454545;11;8;5;6;6;2;6;2;4;0;0;1
"695902";"2016-580";"Australian Open";"Hard";"128";"Grand Slams";235;116;"Milos Raonic";"R";196;"CAN";25;96;"Gael Monfils";"R";193;"FRA";29,3;"6-3 3-6 6-3 6-4";5;"QF";137;10;4;101;62;52;24;19;1;2;14;6;107;65;51;21;18;5;8;14;2270;25;1485;6;3;6;6;NA;3;6;3;4;NA;2016-01-18;2016;"2016-580:235";628;0;4,1926450779424;3,35614381022528;96;"Gael Monfils";116;"Milos Raonic";3,35614381022528;4,1926450779424;-0,836501267717121;29,3;25;4,3;193;196;-3;0,5;0,625;0,625;0,5;0,125;8;2;5;1;3;1;1;3;-2;0;0;1
"695903";"2016-580";"Australian Open";"Hard";"128";"Grand Slams";236;100;"Andy Murray";"R";190;"GBR";28,6;45;"David Ferrer";"R";175;"ESP";33,7;"6-3 6-7 6-2 6-3";5;"QF";200;11;8;135;83;63;25;20;7;9;0;2;119;77;48;21;19;7;13;2;8945;8;4145;6;6;6;6;NA;3;7;2;3;NA;2016-01-18;2016;"2016-580:236";629;0;7;5;45;"David Ferrer";100;"Andy Murray";5;7;-2;33,7;28,6;5,1;175;190;-15;0,777777777777778;0,538461538461538;0,538461538461538;0,777777777777778;-0,239316239316239;13;9;7;7;6;2;2;6;-4;0;0;1
"695904";"2016-580";"Australian Open";"Hard";"128";"Grand Slams";237;35;"Novak Djokovic";"R";188;"SRB";28,6;44;"Roger Federer";"R";185;"SUI";34,4;"6-1 6-2 3-6 6-3";5;"SF";139;10;1;97;65;50;21;17;3;4;5;1;100;57;35;21;16;4;9;1;16790;3;8165;6;6;3;6;NA;1;2;6;3;NA;2016-01-18;2016;"2016-580:237";630;1;8;6,41503749927884;35;"Novak Djokovic";44;"Roger Federer";8;6,41503749927884;1,58496250072116;28,6;34,4;-5,8;188;185;3;0,75;0,444444444444444;0,75;0,444444444444444;0,305555555555556;9;4;4;3;5;1;5;1;4;0;0;1
"695905";"2016-580";"Australian Open";"Hard";"128";"Grand Slams";238;100;"Andy Murray";"R";190;"GBR";28,6;116;"Milos Raonic";"R";196;"CAN";25;"4-6 7-5 6-7 6-4 6-2";5;"SF";243;9;2;146;99;78;32;27;5;6;23;8;172;115;88;25;26;12;16;2;8945;14;2270;4;7;6;6;6;6;5;7;4;2;2016-01-18;2016;"2016-580:238";631;1;7;4,1926450779424;100;"Andy Murray";116;"Milos Raonic";7;4,1926450779424;2,8073549220576;28,6;25;3,6;190;196;-6;0,833333333333333;0,75;0,833333333333333;0,75;0,0833333333333334;16;6;12;5;4;1;4;1;3;0;0;1
"695906";"2016-580";"Australian Open";"Hard";"128";"Grand Slams";239;35;"Novak Djokovic";"R";188;"SRB";28,6;100;"Andy Murray";"R";190;"GBR";28,6;"6-1 7-5 7-6";5;"F";173;7;3;111;73;54;20;16;4;6;12;5;111;71;48;14;16;7;12;1;16790;2;8945;6;7;7;NA;NA;1;5;6;NA;NA;2016-01-18;2016;"2016-580:239";632;1;8;7;35;"Novak Djokovic";100;"Andy Murray";8;7;1;28,6;28,6;0;188;190;-2;0,666666666666667;0,583333333333333;0,666666666666667;0,583333333333333;0,0833333333333333;12;6;7;4;5;2;5;2;3;0;0;1
"717126";"2016-560";"US Open";"Hard";"128";"Grand Slams";113;35;"Novak Djokovic";"R";188;"SRB";29,2;67;"Jerzy Janowicz";"R";203;"POL";25,7;"6-3 5-7 6-2 6-1";5;"R128";157;12;5;114;71;49;27;18;10;12;5;13;117;63;40;22;18;13;20;1;14840;247;216;6;5;6;6;NA;3;7;2;1;NA;2016-08-29;2016;"2016-560:113";633;1;8;0,0516327684153222;35;"Novak Djokovic";67;"Jerzy Janowicz";8;0,0516327684153222;7,94836723158468;29,2;25,7;3,5;188;203;-15;0,833333333333333;0,65;0,833333333333333;0,65;0,183333333333333;20;12;13;10;7;2;7;2;5;0;0;1
"717130";"2016-560";"US Open";"Hard";"128";"Grand Slams";117;64;"John Isner";"R";206;"USA";31,3;136;"Frances Tiafoe";"R";188;"USA";18,6;"3-6 4-6 7-6(5) 6-2 7-6(3)";5;"R128";207;35;6;144;88;70;30;26;7;11;4;5;153;105;77;28;25;5;9;21;1645;125;484;3;4;7;6;7;6;6;6;2;6;2016-08-29;2016;"2016-560:117";634;1;3,60768257722124;1,03421571533791;64;"John Isner";136;"Frances Tiafoe";3,60768257722124;1,03421571533791;2,57346686188333;31,3;18,6;12,7;206;188;18;0,636363636363636;0,555555555555556;0,636363636363636;0,555555555555556;0,0808080808080808;9;11;5;7;4;4;4;4;0;0;0;1
"717131";"2016-560";"US Open";"Hard";"128";"Grand Slams";118;27;"Steve Darcis";"R";178;"BEL";32,4;135;"Jordan Thompson";"R";183;"AUS";22,3;"5-7 3-6 7-6(5) 6-4 7-5";5;"R128";251;8;4;182;92;69;44;28;8;15;15;8;187;97;69;46;27;13;20;106;562;91;633;5;3;7;6;7;7;6;6;4;5;2016-08-29;2016;"2016-560:118";635;1;1,2720795454368;1,4922053598013;27;"Steve Darcis";135;"Jordan Thompson";1,2720795454368;1,4922053598013;-0,220125814364502;32,4;22,3;10,1;178;183;-5;0,533333333333333;0,65;0,533333333333333;0,65;-0,116666666666667;20;15;13;8;7;7;7;7;0;0;0;1
"717133";"2016-560";"US Open";"Hard";"128";"Grand Slams";120;40;"Kyle Edmund";"R";188;"GBR";21,6;51;"Richard Gasquet";"R";185;"FRA";30,1;"6-2 6-2 6-3";5;"R128";100;10;2;68;38;31;19;13;0;1;3;3;66;34;23;11;12;1;7;84;679;15;2230;6;6;6;NA;NA;2;2;3;NA;NA;2016-08-29;2016;"2016-560:120";636;1;1,60768257722124;4,09310940439148;40;"Kyle Edmund";51;"Richard Gasquet";1,60768257722124;4,09310940439148;-2,48542682717024;21,6;30,1;-8,5;188;185;3;0;0,142857142857143;0;0,142857142857143;-0,142857142857143;7;1;1;0;6;1;6;1;5;0;0;1
"717135";"2016-560";"US Open";"Hard";"128";"Grand Slams";122;38;"James Duckworth";"R";183;"AUS";24,6;57;"Robin Haase";"R";190;"NED";29,3;"4-6 7-5 6-3 4-6 6-3";5;"R128";188;11;7;158;79;65;39;25;8;12;16;10;154;89;64;33;25;5;11;195;289;62;798;4;7;6;4;6;6;5;3;6;3;2016-08-29;2016;"2016-560:122";637;1;0,39266968625039;2,04580368961313;38;"James Duckworth";57;"Robin Haase";0,39266968625039;2,04580368961313;-1,65313400336274;24,6;29,3;-4,7;183;190;-7;0,666666666666667;0,454545454545455;0,666666666666667;0,454545454545455;0,212121212121212;11;12;5;8;6;4;6;4;2;0;0;1
"717137";"2016-560";"US Open";"Hard";"128";"Grand Slams";124;4;"Kevin Anderson";"R";203;"RSA";30,2;104;"Yoshihito Nishioka";"L";170;"JPN";20,9;"6-3 7-5 6-4";5;"R128";138;17;5;89;53;44;19;16;2;4;2;5;96;61;39;15;15;8;13;35;1275;85;678;6;7;6;NA;NA;3;5;4;NA;NA;2016-08-29;2016;"2016-560:124";638;1;2,87071698305503;1,5906090638623;4;"Kevin Anderson";104;"Yoshihito Nishioka";2,87071698305503;1,5906090638623;1,28010791919274;30,2;20,9;9,3;203;170;33;0,5;0,615384615384615;0,5;0,615384615384615;-0,115384615384615;13;4;8;2;5;2;5;2;3;0;0;1
"717138";"2016-560";"US Open";"Hard";"128";"Grand Slams";125;128;"Jack Sock";"R";185;"USA";23,9;47;"Taylor Fritz";"R";193;"USA";18,8;"7-6(3) 7-5 3-6 1-6 6-4";5;"R128";200;19;17;158;84;65;29;25;6;15;17;7;169;95;72;28;25;13;20;27;1450;53;829;7;7;3;1;6;6;5;6;6;4;2016-08-29;2016;"2016-560:125";639;0;3,24511249783653;2,2720795454368;47;"Taylor Fritz";128;"Jack Sock";2,2720795454368;3,24511249783653;-0,97303295239973;18,8;23,9;-5,1;193;185;8;0,4;0,65;0,65;0,4;0,25;20;15;13;6;7;9;9;7;2;0;0;1
"717142";"2016-560";"US Open";"Hard";"128";"Grand Slams";129;101;"Rafael Nadal";"L";185;"ESP";30,2;65;"Denis Istomin";"R";188;"UZB";29,9;"6-1 6-4 6-2";5;"R128";126;2;3;76;44;36;16;13;4;5;3;7;81;51;31;10;12;5;12;5;4850;107;560;6;6;6;NA;NA;1;4;2;NA;NA;2016-08-29;2016;"2016-560:129";640;0;5,67807190511264;1,25853301359885;65;"Denis Istomin";101;"Rafael Nadal";1,25853301359885;5,67807190511264;-4,41953889151379;29,9;30,2;-0,300000000000001;188;185;3;0,8;0,416666666666667;0,416666666666667;0,8;-0,383333333333333;12;5;5;4;7;1;1;7;-6;0;0;1
"717145";"2016-560";"US Open";"Hard";"128";"Grand Slams";132;115;"Albert Ramos";"L";188;"ESP";28,6;11;"Julien Benneteau";"R";185;"FRA";34,6;"3-6 6-3 6-3 2-6 6-1";5;"R128";201;7;6;133;75;52;29;21;6;11;10;15;142;76;54;27;21;9;16;33;1330;248;214;3;6;6;2;6;6;3;3;6;1;2016-08-29;2016;"2016-560:132";641;0;2,95560588064155;0,0458036896131251;11;"Julien Benneteau";115;"Albert Ramos";0,0458036896131251;2,95560588064155;-2,90980219102842;34,6;28,6;6;185;188;-3;0,545454545454545;0,5625;0,5625;0,545454545454545;0,0170454545454546;16;11;9;6;7;5;5;7;-2;0;0;1
"717149";"2016-560";"US Open";"Hard";"128";"Grand Slams";136;9;"Roberto Bautista Agut";"R";183;"ESP";28,3;49;"Guillermo Garcia Lopez";"R";188;"ESP";33,2;"7-5 6-1 6-7(5) 7-6(3)";5;"R128";210;3;7;161;109;77;20;22;10;15;3;7;151;84;57;26;21;8;16;17;2040;50;900;7;6;6;7;NA;5;1;7;6;NA;2016-08-29;2016;"2016-560:136";642;1;3,91253715874966;2,35614381022528;9;"Roberto Bautista Agut";49;"Guillermo Garcia Lopez";3,91253715874966;2,35614381022528;1,55639334852439;28,3;33,2;-4,9;183;188;-5;0,666666666666667;0,5;0,666666666666667;0,5;0,166666666666667;16;15;8;10;8;5;8;5;3;0;0;1
"717150";"2016-560";"US Open";"Hard";"128";"Grand Slams";137;96;"Gael Monfils";"R";193;"FRA";29,9;99;"Gilles Muller";"L";193;"LUX";33,3;"6-4 6-2 7-6(5)";5;"R128";125;6;1;87;60;50;16;15;2;2;5;7;94;43;36;23;15;5;8;12;2835;37;1175;6;6;7;NA;NA;4;2;6;NA;NA;2016-08-29;2016;"2016-560:137";643;1;4,41503749927884;2,79054663437105;96;"Gael Monfils";99;"Gilles Muller";4,41503749927884;2,79054663437105;1,62449086490779;29,9;33,3;-3,4;193;193;0;1;0,625;1;0,625;0,375;8;2;5;2;3;0;3;0;3;0;0;1
"717152";"2016-560";"US Open";"Hard";"128";"Grand Slams";139;3;"Nicolas Almagro";"R";183;"ESP";31;48;"Marton Fucsovics";"R";188;"HUN";24,5;"6-1 6-4 7-6(7)";5;"R128";134;7;4;103;49;38;28;15;4;6;5;8;96;38;24;30;14;5;10;48;987;155;366;6;6;7;NA;NA;1;4;6;NA;NA;2016-08-29;2016;"2016-560:139";644;1;2,41503749927884;0,723875594725762;3;"Nicolas Almagro";48;"Marton Fucsovics";2,41503749927884;0,723875594725762;1,69116190455308;31;24,5;6,5;183;188;-5;0,666666666666667;0,5;0,666666666666667;0,5;0,166666666666667;10;6;5;4;5;2;5;2;3;0;0;1
"717154";"2016-560";"US Open";"Hard";"128";"Grand Slams";141;108;"Benoit Paire";"R";196;"FRA";27,3;83;"Dusan Lajovic";"R";180;"SRB";26,1;"6-2 2-6 3-6 7-5 6-1";5;"R128";158;15;9;147;73;52;41;22;9;14;2;5;140;103;65;17;22;10;17;34;1305;59;806;6;2;3;7;6;2;6;6;5;1;2016-08-29;2016;"2016-560:141";645;0;2,91253715874966;2,11735695063816;83;"Dusan Lajovic";108;"Benoit Paire";2,11735695063816;2,91253715874966;-0,795180208111502;26,1;27,3;-1,2;180;196;-16;0,642857142857143;0,588235294117647;0,588235294117647;0,642857142857143;-0,0546218487394958;17;14;10;9;7;5;5;7;-2;0;0;1
"717156";"2016-560";"US Open";"Hard";"128";"Grand Slams";143;59;"Ryan Harrison";"R";183;"USA";24,3;87;"Adrian Mannarino";"L";183;"FRA";28,1;"6-4 7-6(5) 6-3";5;"R128";138;10;8;96;51;41;20;16;5;9;4;9;114;64;35;26;15;10;17;120;509;54;826;6;7;6;NA;NA;4;6;3;NA;NA;2016-08-29;2016;"2016-560:143";646;1;1,09310940439148;2,24511249783653;59;"Ryan Harrison";87;"Adrian Mannarino";1,09310940439148;2,24511249783653;-1,15200309344505;24,3;28,1;-3,8;183;183;0;0,555555555555556;0,588235294117647;0,555555555555556;0,588235294117647;-0,0326797385620915;17;9;10;5;7;4;7;4;3;0;0;1
"717158";"2016-560";"US Open";"Hard";"128";"Grand Slams";145;134;"Dominic Thiem";"R";185;"AUT";22,9;94;"John Millman";"R";183;"AUS";27,2;"6-3 2-6 5-7 6-4 6-3";5;"R128";185;10;3;146;99;62;28;24;5;11;8;1;141;83;55;31;24;10;17;10;3205;66;760;6;2;5;6;6;3;6;7;4;3;2016-08-29;2016;"2016-560:145";647;0;4,67807190511264;1,95560588064155;94;"John Millman";134;"Dominic Thiem";1,95560588064155;4,67807190511264;-2,72246602447109;27,2;22,9;4,3;183;185;-2;0,454545454545455;0,588235294117647;0,588235294117647;0,454545454545455;0,133689839572193;17;11;10;5;7;6;6;7;-1;0;0;1
"717160";"2016-560";"US Open";"Hard";"128";"Grand Slams";147;18;"Pablo Carreno Busta";"R";188;"ESP";25,1;66;"Ilya Ivashka";"R";193;"BLR";22,5;"6-0 7-5 6-2";5;"R128";125;6;5;92;48;31;22;13;6;10;3;4;105;64;29;14;13;10;20;39;1110;182;308;6;7;6;NA;NA;0;5;2;NA;NA;2016-08-29;2016;"2016-560:147";648;1;2,71459778113775;0,492205359801304;18;"Pablo Carreno Busta";66;"Ilya Ivashka";2,71459778113775;0,492205359801304;2,22239242133645;25,1;22,5;2,6;188;193;-5;0,6;0,5;0,6;0,5;0,1;20;10;10;6;10;4;10;4;6;0;0;1
"717162";"2016-560";"US Open";"Hard";"128";"Grand Slams";149;68;"Steve Johnson";"R";188;"USA";26,6;37;"Evgeny Donskoy";"R";185;"RUS";26,3;"4-6 1-6 7-6(2) 6-3 6-3";5;"R128";192;15;6;162;95;64;36;24;12;17;8;5;157;87;60;40;23;10;14;22;1635;79;691;4;1;7;6;6;6;6;6;3;3;2016-08-29;2016;"2016-560:149";649;0;3,5405683813627;1,6962192518229;37;"Evgeny Donskoy";68;"Steve Johnson";1,6962192518229;3,5405683813627;-1,84434912953981;26,3;26,6;-0,300000000000001;185;188;-3;0,705882352941177;0,714285714285714;0,714285714285714;0,705882352941177;0,00840336134453779;14;17;10;12;4;5;5;4;1;0;0;1
"717163";"2016-560";"US Open";"Hard";"128";"Grand Slams";150;31;"Juan Martin del Potro";"R";198;"ARG";27,9;122;"Diego Schwartzman";"R";170;"ARG";24;"6-4 6-4 7-6(3)";5;"R128";157;11;3;106;57;41;29;16;4;7;7;4;98;55;37;21;16;3;8;142;410;69;746;6;6;7;NA;NA;4;4;6;NA;NA;2016-08-29;2016;"2016-560:150";650;1;0,850252880495318;1,89147554322183;31;"Juan Martin del Potro";122;"Diego Schwartzman";0,850252880495318;1,89147554322183;-1,04122266272651;27,9;24;3,9;198;170;28;0,571428571428571;0,375;0,571428571428571;0,375;0,196428571428571;8;7;3;4;5;3;5;3;2;0;0;1
"717166";"2016-560";"US Open";"Hard";"128";"Grand Slams";153;80;"Nick Kyrgios";"R";193;"AUS";21,3;10;"Aljaz Bedene";"R";181;"SLO";27,1;"6-4 6-4 6-4";5;"R128";117;14;4;82;50;43;17;15;2;3;12;3;100;59;35;24;15;9;13;16;2060;77;695;6;6;6;NA;NA;4;4;4;NA;NA;2016-08-29;2016;"2016-560:153";651;0;4;1,7332134593051;10;"Aljaz Bedene";80;"Nick Kyrgios";1,7332134593051;4;-2,2667865406949;27,1;21,3;5,8;181;193;-12;0,666666666666667;0,692307692307692;0,692307692307692;0,666666666666667;0,0256410256410257;13;3;9;2;4;1;1;4;-3;0;0;1
"717173";"2016-560";"US Open";"Hard";"128";"Grand Slams";160;145;"Stan Wawrinka";"R";183;"SUI";31,4;143;"Fernando Verdasco";"L";188;"ESP";32,7;"7-6(4) 6-4 6-4";5;"R128";137;7;4;100;49;38;33;16;4;4;9;3;102;61;44;21;16;3;5;3;4980;46;1010;7;6;6;NA;NA;6;4;4;NA;NA;2016-08-29;2016;"2016-560:160";652;0;6,41503749927884;2,47643804394299;143;"Fernando Verdasco";145;"Stan Wawrinka";2,47643804394299;6,41503749927884;-3,93859945533586;32,7;31,4;1,3;188;183;5;1;0,6;0,6;1;-0,4;5;4;3;4;2;0;0;2;-2;0;0;1
"717175";"2016-560";"US Open";"Hard";"128";"Grand Slams";162;72;"Karen Khachanov";"R";198;"RUS";20,2;43;"Thomas Fabbiano";"R";173;"ITA";27,2;"6-3 6-3 4-6 6-3";5;"R128";149;12;4;112;52;40;36;19;3;5;0;6;114;75;47;19;18;8;13;95;619;111;545;6;6;4;6;NA;3;3;6;3;NA;2016-08-29;2016;"2016-560:162";653;0;1,43014439166905;1,20558413364989;43;"Thomas Fabbiano";72;"Karen Khachanov";1,20558413364989;1,43014439166905;-0,224560258019158;27,2;20,2;7;173;198;-25;0,6;0,615384615384615;0,615384615384615;0,6;0,0153846153846154;13;5;8;3;5;2;2;5;-3;0;0;1
"717180";"2016-560";"US Open";"Hard";"128";"Grand Slams";167;139;"Viktor Troicki";"R";193;"SRB";30,5;1;"Radu Albot";"R";175;"MDA";26,7;"5-7 3-6 6-4 6-4 7-6(5)";5;"R128";263;21;8;193;112;78;36;27;18;25;4;10;162;92;66;31;26;5;12;32;1340;97;608;5;3;6;6;7;7;6;4;4;6;2016-08-29;2016;"2016-560:167";654;0;3;1,40008715781287;1;"Radu Albot";139;"Viktor Troicki";1,40008715781287;3;-1,59991284218713;26,7;30,5;-3,8;175;193;-18;0,72;0,416666666666667;0,416666666666667;0,72;-0,303333333333333;12;25;5;18;7;7;7;7;0;0;0;1
"717184";"2016-560";"US Open";"Hard";"128";"Grand Slams";171;20;"Jeremy Chardy";"R";188;"FRA";29,5;95;"Michael Mmoh";"R";188;"USA";18,6;"6-4 6-4 6-1";5;"R128";114;16;6;93;55;45;18;14;3;5;5;4;91;61;35;15;13;10;16;55;825;384;118;6;6;6;NA;NA;4;4;1;NA;NA;2016-08-29;2016;"2016-560:171";655;1;2,21864028647534;-0,584962500721156;20;"Jeremy Chardy";95;"Michael Mmoh";2,21864028647534;-0,584962500721156;2,8036027871965;29,5;18,6;10,9;188;188;0;0,6;0,625;0,6;0,625;-0,025;16;5;10;3;6;2;6;2;4;0;0;1
"717191";"2016-560";"US Open";"Hard";"128";"Grand Slams";178;147;"Mikhail Youzhny";"R";183;"RUS";34,1;110;"Guido Pella";"L";185;"ARG";26,2;"6-2 6-1 7-6(3)";5;"R64";134;8;8;111;58;38;27;14;10;13;3;2;83;56;25;17;13;4;11;61;801;51;898;6;6;7;NA;NA;2;1;6;NA;NA;2016-08-29;2016;"2016-560:178";656;0;2,06926266243711;2,3275746580285;110;"Guido Pella";147;"Mikhail Youzhny";2,3275746580285;2,06926266243711;0,258311995591392;26,2;34,1;-7,9;185;183;2;0,769230769230769;0,363636363636364;0,363636363636364;0,769230769230769;-0,405594405594406;11;13;4;10;7;3;3;7;-4;0;0;1
"717192";"2016-560";"US Open";"Hard";"128";"Grand Slams";179;64;"John Isner";"R";206;"USA";31,3;27;"Steve Darcis";"R";178;"BEL";32,4;"6-3 6-4 6-7(10) 6-3";5;"R64";174;38;6;125;71;66;30;20;4;4;4;4;121;74;57;27;20;2;5;21;1645;106;562;6;6;6;6;NA;3;4;7;3;NA;2016-08-29;2016;"2016-560:179";657;0;3,60768257722124;1,2720795454368;27;"Steve Darcis";64;"John Isner";1,2720795454368;3,60768257722124;-2,33560303178444;32,4;31,3;1,1;178;206;-28;1;0,4;0,4;1;-0,6;5;4;2;4;3;0;0;3;-3;0;0;1
"717193";"2016-560";"US Open";"Hard";"128";"Grand Slams";180;40;"Kyle Edmund";"R";188;"GBR";21,6;41;"Ernesto Escobedo";"R";185;"USA";20,1;"7-5 6-4 6-4";5;"R64";145;9;6;99;50;43;27;16;7;8;6;3;113;63;43;25;16;12;16;84;679;201;277;7;6;6;NA;NA;5;4;4;NA;NA;2016-08-29;2016;"2016-560:180";658;1;1,60768257722124;0,348948308821071;40;"Kyle Edmund";41;"Ernesto Escobedo";1,60768257722124;0,348948308821071;1,25873426840017;21,6;20,1;1,5;188;185;3;0,875;0,75;0,875;0,75;0,125;16;8;12;7;4;1;4;1;3;0;0;1
"717194";"2016-560";"US Open";"Hard";"128";"Grand Slams";181;141;"Jo-Wilfried Tsonga";"R";188;"FRA";31,3;38;"James Duckworth";"R";183;"AUS";24,6;"6-4 3-6 6-3 6-4";5;"R64";180;17;3;113;59;50;27;19;4;6;11;4;149;75;51;39;19;21;25;11;2875;195;289;6;3;6;6;NA;4;6;3;4;NA;2016-08-29;2016;"2016-560:181";659;0;4,5405683813627;0,39266968625039;38;"James Duckworth";141;"Jo-Wilfried Tsonga";0,39266968625039;4,5405683813627;-4,14789869511231;24,6;31,3;-6,7;183;188;-5;0,666666666666667;0,84;0,84;0,666666666666667;0,173333333333333;25;6;21;4;4;2;2;4;-2;0;0;1
"717195";"2016-560";"US Open";"Hard";"128";"Grand Slams";182;4;"Kevin Anderson";"R";203;"RSA";30,2;112;"Vasek Pospisil";"R";193;"CAN";26,1;"7-6(3) 6-4 6-4";5;"R64";159;16;7;100;56;43;24;16;2;4;13;9;116;58;44;25;16;11;15;35;1275;123;495;7;6;6;NA;NA;6;4;4;NA;NA;2016-08-29;2016;"2016-560:182";660;1;2,87071698305503;1,05748549466076;4;"Kevin Anderson";112;"Vasek Pospisil";2,87071698305503;1,05748549466076;1,81323148839427;30,2;26,1;4,1;203;193;10;0,5;0,733333333333333;0,5;0,733333333333333;-0,233333333333333;15;4;11;2;4;2;4;2;2;0;0;1
"717197";"2016-560";"US Open";"Hard";"128";"Grand Slams";184;22;"Marin Cilic";"R";198;"CRO";27,9;131;"Sergiy Stakhovsky";"R";193;"UKR";30,6;"6-1 6-2 6-3";5;"R64";99;5;5;67;28;24;27;12;2;2;4;5;78;43;24;15;12;4;10;9;3515;92;631;6;6;6;NA;NA;1;2;3;NA;NA;2016-08-29;2016;"2016-560:184";661;1;4,83007499855769;1,47643804394299;22;"Marin Cilic";131;"Sergiy Stakhovsky";4,83007499855769;1,47643804394299;3,3536369546147;27,9;30,6;-2,7;198;193;5;1;0,4;1;0,4;0,6;10;2;4;2;6;0;6;0;6;0;0;1
"717198";"2016-560";"US Open";"Hard";"128";"Grand Slams";185;101;"Rafael Nadal";"L";185;"ESP";30,2;123;"Andreas Seppi";"R";190;"ITA";32,5;"6-0 7-5 6-1";5;"R64";137;2;2;81;45;30;21;13;5;7;3;4;79;36;21;13;12;4;12;5;4850;87;675;6;7;6;NA;NA;0;5;1;NA;NA;2016-08-29;2016;"2016-560:185";662;1;5,67807190511264;1,55705650415127;101;"Rafael Nadal";123;"Andreas Seppi";5,67807190511264;1,55705650415127;4,12101540096137;30,2;32,5;-2,3;185;190;-5;0,714285714285714;0,333333333333333;0,714285714285714;0,333333333333333;0,380952380952381;12;7;4;5;8;2;8;2;6;0;0;1
"717201";"2016-560";"US Open";"Hard";"128";"Grand Slams";188;9;"Roberto Bautista Agut";"R";183;"ESP";28,3;32;"Federico Delbonis";"L";190;"ARG";25,9;"5-7 6-2 6-3 6-2";5;"R64";168;2;6;109;69;51;20;19;2;6;7;4;119;69;42;20;18;9;17;17;2040;43;1015;5;6;6;6;NA;7;2;3;2;NA;2016-08-29;2016;"2016-560:188";663;1;3,91253715874966;2,5737352452979;9;"Roberto Bautista Agut";32;"Federico Delbonis";3,91253715874966;2,5737352452979;1,33880191345176;28,3;25,9;2,4;183;190;-7;0,333333333333333;0,529411764705882;0,333333333333333;0,529411764705882;-0,196078431372549;17;6;9;2;8;4;8;4;4;0;0;1
"717203";"2016-560";"US Open";"Hard";"128";"Grand Slams";190;3;"Nicolas Almagro";"R";183;"ESP";31;25;"Pablo Cuevas";"R";180;"URU";30,6;"7-6(5) 6-4 7-6(9)";5;"R64";144;13;7;111;58;49;29;17;6;9;14;6;127;78;53;27;17;5;9;48;987;20;1745;7;6;7;NA;NA;6;4;6;NA;NA;2016-08-29;2016;"2016-560:190";664;1;2,41503749927884;3,67807190511264;3;"Nicolas Almagro";25;"Pablo Cuevas";2,41503749927884;3,67807190511264;-1,26303440583379;31;30,6;0,399999999999999;183;180;3;0,666666666666667;0,555555555555556;0,666666666666667;0,555555555555556;0,111111111111111;9;9;5;6;4;3;4;3;1;0;0;1
"717204";"2016-560";"US Open";"Hard";"128";"Grand Slams";191;7;"Marcos Baghdatis";"R";183;"CYP";31,2;108;"Benoit Paire";"R";196;"FRA";27,3;"6-2 6-4 3-6 6-4";5;"R64";130;2;4;95;48;38;28;19;6;9;7;4;103;52;33;27;18;3;9;44;1015;34;1305;6;6;3;6;NA;2;4;6;4;NA;2016-08-29;2016;"2016-560:191";665;1;2,5405683813627;2,91253715874966;7;"Marcos Baghdatis";108;"Benoit Paire";2,5405683813627;2,91253715874966;-0,371968777386958;31,2;27,3;3,9;183;196;-13;0,666666666666667;0,333333333333333;0,666666666666667;0,333333333333333;0,333333333333333;9;9;3;6;6;3;6;3;3;0;0;1
"717205";"2016-560";"US Open";"Hard";"128";"Grand Slams";192;59;"Ryan Harrison";"R";183;"USA";24,3;116;"Milos Raonic";"R";196;"CAN";25,6;"6-7(4) 7-5 7-5 6-1";5;"R64";217;7;12;169;94;70;38;22;16;19;18;15;153;86;58;33;21;11;18;120;509;6;4805;6;7;7;6;NA;7;5;5;1;NA;2016-08-29;2016;"2016-560:192";666;1;1,09310940439148;5,41503749927884;59;"Ryan Harrison";116;"Milos Raonic";1,09310940439148;5,41503749927884;-4,32192809488736;24,3;25,6;-1,3;183;196;-13;0,842105263157895;0,611111111111111;0,842105263157895;0,611111111111111;0,230994152046784;18;19;11;16;7;3;7;3;4;0;0;1
"717206";"2016-560";"US Open";"Hard";"128";"Grand Slams";193;134;"Dominic Thiem";"R";185;"AUT";22,9;12;"Ricardas Berankis";"R";175;"LTU";26,1;"6-4 6-3 6-2";5;"R64";115;9;2;80;54;39;16;14;8;9;2;8;90;45;24;24;13;3;9;10;3205;89;665;6;6;6;NA;NA;4;3;2;NA;NA;2016-08-29;2016;"2016-560:193";667;0;4,67807190511264;1,5242665690336;12;"Ricardas Berankis";134;"Dominic Thiem";1,5242665690336;4,67807190511264;-3,15380533607904;26,1;22,9;3,2;175;185;-10;0,888888888888889;0,333333333333333;0,333333333333333;0,888888888888889;-0,555555555555556;9;9;3;8;6;1;1;6;-5;0;0;1
"717207";"2016-560";"US Open";"Hard";"128";"Grand Slams";194;18;"Pablo Carreno Busta";"R";188;"ESP";25,1;137;"Janko Tipsarevic";"R";180;"SRB";32,1;"3-6 4-6 6-1 6-4 6-4";5;"R64";205;7;2;135;74;55;30;23;4;9;5;6;128;63;48;31;23;3;10;39;1110;250;208;3;4;6;6;6;6;6;1;4;4;2016-08-29;2016;"2016-560:194";668;1;2,71459778113775;0,034215715337913;18;"Pablo Carreno Busta";137;"Janko Tipsarevic";2,71459778113775;0,034215715337913;2,68038206579984;25,1;32,1;-7;188;180;8;0,444444444444444;0,3;0,444444444444444;0,3;0,144444444444444;10;9;3;4;7;5;7;5;2;0;0;1
"717208";"2016-560";"US Open";"Hard";"128";"Grand Slams";195;31;"Juan Martin del Potro";"R";198;"ARG";27,9;68;"Steve Johnson";"R";188;"USA";26,6;"7-6(5) 6-3 6-2";5;"R64";128;15;3;88;59;50;14;15;3;4;4;2;84;48;33;16;14;6;10;142;410;22;1635;7;6;6;NA;NA;6;3;2;NA;NA;2016-08-29;2016;"2016-560:195";669;1;0,850252880495318;3,5405683813627;31;"Juan Martin del Potro";68;"Steve Johnson";0,850252880495318;3,5405683813627;-2,69031550086738;27,9;26,6;1,3;198;188;10;0,75;0,6;0,75;0,6;0,15;10;4;6;3;4;1;4;1;3;0;0;1
"717209";"2016-560";"US Open";"Hard";"128";"Grand Slams";196;45;"David Ferrer";"R";175;"ESP";34,4;46;"Fabio Fognini";"R";178;"ITA";29,2;"6-0 4-6 5-7 6-1 6-4";5;"R64";205;7;11;146;87;62;27;23;10;16;5;13;157;84;51;32;22;10;20;13;2660;38;1155;6;4;5;6;6;0;6;7;1;4;2016-08-29;2016;"2016-560:196";670;1;4,29956028185891;2,75207248655641;45;"David Ferrer";46;"Fabio Fognini";4,29956028185891;2,75207248655641;1,54748779530249;34,4;29,2;5,2;175;178;-3;0,625;0,5;0,625;0,5;0,125;20;16;10;10;10;6;10;6;4;0;0;1
"717212";"2016-560";"US Open";"Hard";"128";"Grand Slams";199;42;"Daniel Evans";"R";175;"GBR";26,2;148;"Alexander Zverev";"R";198;"GER";19,3;"6-4 6-4 5-7 6-2";5;"R64";189;1;6;132;78;57;29;20;11;14;6;9;140;88;58;24;20;8;14;64;775;28;1415;6;6;5;6;NA;4;4;7;2;NA;2016-08-29;2016;"2016-560:199";671;1;2;3,1926450779424;42;"Daniel Evans";148;"Alexander Zverev";2;3,1926450779424;-1,1926450779424;26,2;19,3;6,9;175;198;-23;0,785714285714286;0,571428571428571;0,785714285714286;0,571428571428571;0,214285714285714;14;14;8;11;6;3;6;3;3;0;0;1
"717214";"2016-560";"US Open";"Hard";"128";"Grand Slams";201;103;"Kei Nishikori";"R";178;"JPN";26,6;72;"Karen Khachanov";"R";198;"RUS";20,2;"6-4 4-6 6-4 6-3";5;"R64";156;6;7;126;70;57;23;20;5;8;20;5;111;69;57;14;19;11;16;7;4165;95;619;6;4;6;6;NA;4;6;4;3;NA;2016-08-29;2016;"2016-560:201";672;0;5,1926450779424;1,43014439166905;72;"Karen Khachanov";103;"Kei Nishikori";1,43014439166905;5,1926450779424;-3,76250068627334;20,2;26,6;-6,4;198;178;20;0,625;0,6875;0,6875;0,625;0,0625;16;8;11;5;5;3;3;5;-2;0;0;1
"717218";"2016-560";"US Open";"Hard";"128";"Grand Slams";205;130;"Joao Sousa";"R";185;"POR";27,4;84;"Feliciano Lopez";"L";188;"ESP";34,9;"6-2 6-4 1-6 7-5";5;"R64";159;0;4;118;77;52;21;19;10;14;11;5;112;61;49;19;18;1;7;36;1215;18;1840;6;6;1;7;NA;2;4;6;5;NA;2016-08-29;2016;"2016-560:205";673;0;2,83007499855769;3,83007499855769;84;"Feliciano Lopez";130;"Joao Sousa";3,83007499855769;2,83007499855769;1;34,9;27,4;7,5;188;185;3;0,714285714285714;0,142857142857143;0,142857142857143;0,714285714285714;-0,571428571428571;7;14;1;10;6;4;4;6;-2;0;0;1
"717219";"2016-560";"US Open";"Hard";"128";"Grand Slams";206;33;"Grigor Dimitrov";"R";188;"BUL";25,2;20;"Jeremy Chardy";"R";188;"FRA";29,5;"4-6 6-4 3-6 6-4 6-2";5;"R64";186;7;8;146;90;69;24;24;2;7;11;8;141;86;58;27;23;9;15;24;1555;55;825;4;6;3;6;6;6;4;6;4;2;2016-08-29;2016;"2016-560:206";674;0;3,41503749927884;2,21864028647534;20;"Jeremy Chardy";33;"Grigor Dimitrov";2,21864028647534;3,41503749927884;-1,1963972128035;29,5;25,2;4,3;188;188;0;0,285714285714286;0,6;0,6;0,285714285714286;0,314285714285714;15;7;9;2;6;5;5;6;-1;0;0;1
"717221";"2016-560";"US Open";"Hard";"128";"Grand Slams";208;100;"Andy Murray";"R";190;"GBR";29,2;56;"Marcel Granollers";"R";190;"ESP";30,3;"6-4 6-1 6-4";5;"R64";142;5;3;86;37;29;32;14;5;6;4;4;99;48;30;25;13;7;12;2;9305;45;1011;6;6;6;NA;NA;4;1;4;NA;NA;2016-08-29;2016;"2016-560:208";675;0;7;2,50814690367033;56;"Marcel Granollers";100;"Andy Murray";2,50814690367033;7;-4,49185309632967;30,3;29,2;1,1;190;190;0;0,833333333333333;0,583333333333333;0,583333333333333;0,833333333333333;-0,25;12;6;7;5;5;1;1;5;-4;0;0;1
"717223";"2016-560";"US Open";"Hard";"128";"Grand Slams";210;40;"Kyle Edmund";"R";188;"GBR";21,6;64;"John Isner";"R";206;"USA";31,3;"6-4 3-6 6-2 7-6(5)";5;"R32";162;14;7;131;73;59;30;20;6;7;27;5;109;69;55;21;19;1;4;84;679;21;1645;6;3;6;7;NA;4;6;2;6;NA;2016-08-29;2016;"2016-560:210";676;1;1,60768257722124;3,60768257722124;40;"Kyle Edmund";64;"John Isner";1,60768257722124;3,60768257722124;-2;21,6;31,3;-9,7;188;206;-18;0,857142857142857;0,25;0,857142857142857;0,25;0,607142857142857;4;7;1;6;3;1;3;1;2;0;0;1
"717224";"2016-560";"US Open";"Hard";"128";"Grand Slams";211;141;"Jo-Wilfried Tsonga";"R";188;"FRA";31,3;4;"Kevin Anderson";"R";203;"RSA";30,2;"6-3 6-4 7-6(4)";5;"R32";170;13;8;112;66;53;27;16;7;7;13;10;106;63;49;19;15;13;15;11;2875;35;1275;6;6;7;NA;NA;3;4;6;NA;NA;2016-08-29;2016;"2016-560:211";677;0;4,5405683813627;2,87071698305503;4;"Kevin Anderson";141;"Jo-Wilfried Tsonga";2,87071698305503;4,5405683813627;-1,66985139830767;30,2;31,3;-1,1;203;188;15;1;0,866666666666667;0,866666666666667;1;-0,133333333333333;15;7;13;7;2;0;0;2;-2;0;0;1
"717225";"2016-560";"US Open";"Hard";"128";"Grand Slams";212;128;"Jack Sock";"R";185;"USA";23,9;22;"Marin Cilic";"R";198;"CRO";27,9;"6-4 6-3 6-3";5;"R32";101;7;1;74;43;37;22;14;0;0;6;2;72;35;26;18;14;2;6;27;1450;9;3515;6;6;6;NA;NA;4;3;3;NA;NA;2016-08-29;2016;"2016-560:212";678;0;3,24511249783653;4,83007499855769;22;"Marin Cilic";128;"Jack Sock";4,83007499855769;3,24511249783653;1,58496250072116;27,9;23,9;4;198;185;13;1,5;0,333333333333333;0,333333333333333;1,5;-1,16666666666667;6;0;2;0;4;0;0;4;-4;0;0;1
"717227";"2016-560";"US Open";"Hard";"128";"Grand Slams";214;113;"Lucas Pouille";"R";185;"FRA";22,5;9;"Roberto Bautista Agut";"R";183;"ESP";28,3;"3-6 7-5 2-6 7-5 6-1";5;"R32";204;14;9;164;93;64;37;24;10;14;4;1;150;97;71;25;24;8;13;25;1481;17;2040;3;7;2;7;6;6;5;6;5;1;2016-08-29;2016;"2016-560:214";679;0;3,35614381022528;3,91253715874966;9;"Roberto Bautista Agut";113;"Lucas Pouille";3,91253715874966;3,35614381022528;0,556393348524385;28,3;22,5;5,8;183;185;-2;0,714285714285714;0,615384615384615;0,615384615384615;0,714285714285714;-0,0989010989010989;13;14;8;10;5;4;4;5;-1;0;0;1
"717228";"2016-560";"US Open";"Hard";"128";"Grand Slams";215;96;"Gael Monfils";"R";193;"FRA";29,9;3;"Nicolas Almagro";"R";183;"ESP";31;"6-4 6-2 6-4";5;"R32";109;9;7;76;43;37;14;14;3;6;1;8;92;46;30;17;14;9;16;12;2835;48;987;6;6;6;NA;NA;4;2;4;NA;NA;2016-08-29;2016;"2016-560:215";680;0;4,41503749927884;2,41503749927884;3;"Nicolas Almagro";96;"Gael Monfils";2,41503749927884;4,41503749927884;-2;31;29,9;1,1;183;193;-10;0,5;0,5625;0,5625;0,5;0,0625;16;6;9;3;7;3;3;7;-4;0;0;1
"717230";"2016-560";"US Open";"Hard";"128";"Grand Slams";217;134;"Dominic Thiem";"R";185;"AUT";22,9;18;"Pablo Carreno Busta";"R";188;"ESP";25,1;"1-6 6-4 6-4 7-5";5;"R32";170;11;6;135;70;51;31;20;10;15;7;5;131;73;51;24;19;8;14;10;3205;39;1110;1;6;6;7;NA;6;4;4;5;NA;2016-08-29;2016;"2016-560:217";681;0;4,67807190511264;2,71459778113775;18;"Pablo Carreno Busta";134;"Dominic Thiem";2,71459778113775;4,67807190511264;-1,96347412397489;25,1;22,9;2,2;188;185;3;0,666666666666667;0,571428571428571;0,571428571428571;0,666666666666667;-0,0952380952380952;14;15;8;10;6;5;5;6;-1;0;0;1
"717233";"2016-560";"US Open";"Hard";"128";"Grand Slams";220;145;"Stan Wawrinka";"R";183;"SUI";31,4;42;"Daniel Evans";"R";175;"GBR";26,2;"4-6 6-3 6-7(6) 7-6(8) 6-2";5;"R32";242;12;7;166;101;79;34;26;5;8;5;16;193;107;73;44;25;12;17;3;4980;64;775;4;6;6;7;6;6;3;7;6;2;2016-08-29;2016;"2016-560:220";682;0;6,41503749927884;2;42;"Daniel Evans";145;"Stan Wawrinka";2;6,41503749927884;-4,41503749927884;26,2;31,4;-5,2;175;183;-8;0,625;0,705882352941177;0,705882352941177;0,625;0,0808823529411765;17;8;12;5;5;3;3;5;-2;0;0;1
"717234";"2016-560";"US Open";"Hard";"128";"Grand Slams";221;103;"Kei Nishikori";"R";178;"JPN";26,6;86;"Nicolas Mahut";"R";190;"FRA";34,6;"4-6 6-1 6-2 6-2";5;"R32";136;6;4;113;52;35;38;17;8;10;2;8;92;47;29;22;16;5;12;7;4165;42;1038;4;6;6;6;NA;6;1;2;2;NA;2016-08-29;2016;"2016-560:221";683;0;5,1926450779424;2,60768257722124;86;"Nicolas Mahut";103;"Kei Nishikori";2,60768257722124;5,1926450779424;-2,58496250072116;34,6;26,6;8;190;178;12;0,8;0,416666666666667;0,416666666666667;0,8;-0,383333333333333;12;10;5;8;7;2;2;7;-5;0;0;1
"717236";"2016-560";"US Open";"Hard";"128";"Grand Slams";223;33;"Grigor Dimitrov";"R";188;"BUL";25,2;130;"Joao Sousa";"R";185;"POR";27,4;"6-4 6-1 3-6 6-2";5;"R32";158;8;6;117;70;51;23;17;7;10;1;4;118;86;52;13;17;11;18;24;1555;36;1215;6;6;3;6;NA;4;1;6;2;NA;2016-08-29;2016;"2016-560:223";684;1;3,41503749927884;2,83007499855769;33;"Grigor Dimitrov";130;"Joao Sousa";3,41503749927884;2,83007499855769;0,584962500721156;25,2;27,4;-2,2;188;185;3;0,7;0,611111111111111;0,7;0,611111111111111;0,0888888888888888;18;10;11;7;7;3;7;3;4;0;0;1
"717237";"2016-560";"US Open";"Hard";"128";"Grand Slams";224;100;"Andy Murray";"R";190;"GBR";29,2;85;"Paolo Lorenzi";"R";183;"ITA";34,7;"7-6(4) 5-7 6-2 6-3";5;"R32";196;11;6;116;62;49;27;21;2;6;3;9;145;81;50;30;20;11;18;2;9305;40;1110;7;5;6;6;NA;6;7;2;3;NA;2016-08-29;2016;"2016-560:224";685;0;7;2,67807190511264;85;"Paolo Lorenzi";100;"Andy Murray";2,67807190511264;7;-4,32192809488736;34,7;29,2;5,5;183;190;-7;0,333333333333333;0,611111111111111;0,611111111111111;0,333333333333333;0,277777777777778;18;6;11;2;7;4;4;7;-3;0;0;1
"717238";"2016-560";"US Open";"Hard";"128";"Grand Slams";225;35;"Novak Djokovic";"R";188;"SRB";29,2;40;"Kyle Edmund";"R";188;"GBR";21,6;"6-2 6-1 6-4";5;"R16";115;3;7;82;51;38;14;13;4;6;3;1;89;57;30;10;12;7;15;1;14840;84;679;6;6;6;NA;NA;2;1;4;NA;NA;2016-08-29;2016;"2016-560:225";686;1;8;1,60768257722124;35;"Novak Djokovic";40;"Kyle Edmund";8;1,60768257722124;6,39231742277876;29,2;21,6;7,6;188;188;0;0,666666666666667;0,466666666666667;0,666666666666667;0,466666666666667;0,2;15;6;7;4;8;2;8;2;6;0;0;1
"717239";"2016-560";"US Open";"Hard";"128";"Grand Slams";226;141;"Jo-Wilfried Tsonga";"R";188;"FRA";31,3;128;"Jack Sock";"R";185;"USA";23,9;"6-3 6-3 6-7(7) 6-2";5;"R16";193;11;9;135;72;60;28;19;3;4;5;6;128;80;54;22;19;7;13;11;2875;27;1450;6;6;6;6;NA;3;3;7;2;NA;2016-08-29;2016;"2016-560:226";687;0;4,5405683813627;3,24511249783653;128;"Jack Sock";141;"Jo-Wilfried Tsonga";3,24511249783653;4,5405683813627;-1,29545588352617;23,9;31,3;-7,4;185;188;-3;0,75;0,538461538461538;0,538461538461538;0,75;-0,211538461538462;13;4;7;3;6;1;1;6;-5;0;0;1
"717240";"2016-560";"US Open";"Hard";"128";"Grand Slams";227;113;"Lucas Pouille";"R";185;"FRA";22,5;101;"Rafael Nadal";"L";185;"ESP";30,2;"6-1 2-6 6-4 3-6 7-6(6)";5;"R16";246;11;4;162;74;49;51;23;6;11;1;4;150;89;64;30;23;9;14;25;1481;5;4850;6;2;6;3;7;1;6;4;6;6;2016-08-29;2016;"2016-560:227";688;0;3,35614381022528;5,67807190511264;101;"Rafael Nadal";113;"Lucas Pouille";5,67807190511264;3,35614381022528;2,32192809488736;30,2;22,5;7,7;185;185;0;0,545454545454545;0,642857142857143;0,642857142857143;0,545454545454545;0,0974025974025975;14;11;9;6;5;5;5;5;0;0;0;1
"717241";"2016-560";"US Open";"Hard";"128";"Grand Slams";228;96;"Gael Monfils";"R";193;"FRA";29,9;7;"Marcos Baghdatis";"R";183;"CYP";31,2;"6-3 6-2 6-3";5;"R16";118;9;3;102;74;49;14;13;3;5;0;2;70;25;11;23;13;4;11;12;2835;44;1015;6;6;6;NA;NA;3;2;3;NA;NA;2016-08-29;2016;"2016-560:228";689;0;4,41503749927884;2,5405683813627;7;"Marcos Baghdatis";96;"Gael Monfils";2,5405683813627;4,41503749927884;-1,87446911791614;31,2;29,9;1,3;183;193;-10;0,6;0,363636363636364;0,363636363636364;0,6;-0,236363636363636;11;5;4;3;7;2;2;7;-5;0;0;1
"717244";"2016-560";"US Open";"Hard";"128";"Grand Slams";231;103;"Kei Nishikori";"R";178;"JPN";26,6;70;"Ivo Karlovic";"R";208;"CRO";37,5;"6-3 6-4 7-6(4)";5;"R16";121;6;4;93;56;47;26;16;2;2;21;3;94;64;49;14;15;5;7;7;4165;23;1570;6;6;7;NA;NA;3;4;6;NA;NA;2016-08-29;2016;"2016-560:231";690;0;5,1926450779424;3,47643804394299;70;"Ivo Karlovic";103;"Kei Nishikori";3,47643804394299;5,1926450779424;-1,71620703399941;37,5;26,6;10,9;208;178;30;1;0,714285714285714;0,714285714285714;1;-0,285714285714286;7;2;5;2;2;0;0;2;-2;0;0;1
"717245";"2016-560";"US Open";"Hard";"128";"Grand Slams";232;100;"Andy Murray";"R";190;"GBR";29,2;33;"Grigor Dimitrov";"R";188;"BUL";25,2;"6-1 6-2 6-2";5;"R16";120;9;5;74;39;31;19;12;5;6;2;6;81;50;26;11;11;4;11;2;9305;24;1555;6;6;6;NA;NA;1;2;2;NA;NA;2016-08-29;2016;"2016-560:232";691;0;7;3,41503749927884;33;"Grigor Dimitrov";100;"Andy Murray";3,41503749927884;7;-3,58496250072116;25,2;29,2;-4;188;190;-2;0,833333333333333;0,363636363636364;0,363636363636364;0,833333333333333;-0,46969696969697;11;6;4;5;7;1;1;7;-6;0;0;1
"717247";"2016-560";"US Open";"Hard";"128";"Grand Slams";234;96;"Gael Monfils";"R";193;"FRA";29,9;113;"Lucas Pouille";"R";185;"FRA";22,5;"6-4 6-3 6-3";5;"QF";121;13;2;75;47;40;17;14;0;0;5;6;92;52;39;13;14;5;9;12;2835;25;1481;6;6;6;NA;NA;4;3;3;NA;NA;2016-08-29;2016;"2016-560:234";692;1;4,41503749927884;3,35614381022528;96;"Gael Monfils";113;"Lucas Pouille";4,41503749927884;3,35614381022528;1,05889368905357;29,9;22,5;7,4;193;185;8;1,5;0,555555555555556;1,5;0,555555555555556;0,944444444444444;9;0;5;0;4;0;4;0;4;0;0;1
"717248";"2016-560";"US Open";"Hard";"128";"Grand Slams";235;145;"Stan Wawrinka";"R";183;"SUI";31,4;31;"Juan Martin del Potro";"R";198;"ARG";27,9;"7-6(5) 4-6 6-3 6-2";5;"QF";192;10;0;118;67;51;33;20;4;6;3;8;122;71;54;26;19;6;10;3;4980;142;410;7;4;6;6;NA;6;6;3;2;NA;2016-08-29;2016;"2016-560:235";693;0;6,41503749927884;0,850252880495318;31;"Juan Martin del Potro";145;"Stan Wawrinka";0,850252880495318;6,41503749927884;-5,56478461878353;27,9;31,4;-3,5;198;183;15;0,666666666666667;0,6;0,6;0,666666666666667;-0,0666666666666667;10;6;6;4;4;2;2;4;-2;0;0;1
"717249";"2016-560";"US Open";"Hard";"128";"Grand Slams";236;103;"Kei Nishikori";"R";178;"JPN";26,6;100;"Andy Murray";"R";190;"GBR";29,2;"1-6 6-4 4-6 6-1 7-5";5;"QF";237;1;4;131;78;56;23;23;7;15;8;3;141;77;53;25;23;4;13;7;4165;2;9305;1;6;4;6;7;6;4;6;1;5;2016-08-29;2016;"2016-560:236";694;0;5,1926450779424;7;100;"Andy Murray";103;"Kei Nishikori";7;5,1926450779424;1,8073549220576;29,2;26,6;2,6;190;178;12;0,466666666666667;0,307692307692308;0,307692307692308;0,466666666666667;-0,158974358974359;13;15;4;7;9;8;8;9;-1;0;0;1
"717250";"2016-560";"US Open";"Hard";"128";"Grand Slams";237;35;"Novak Djokovic";"R";188;"SRB";29,2;96;"Gael Monfils";"R";193;"FRA";29,9;"6-3 6-2 3-6 6-2";5;"SF";152;1;7;106;68;46;20;17;7;11;11;11;111;60;37;19;17;12;20;1;14840;12;2835;6;6;3;6;NA;3;2;6;2;NA;2016-08-29;2016;"2016-560:237";695;1;8;4,41503749927884;35;"Novak Djokovic";96;"Gael Monfils";8;4,41503749927884;3,58496250072116;29,2;29,9;-0,699999999999999;188;193;-5;0,636363636363636;0,6;0,636363636363636;0,6;0,0363636363636364;20;11;12;7;8;4;8;4;4;0;0;1
"717251";"2016-560";"US Open";"Hard";"128";"Grand Slams";238;145;"Stan Wawrinka";"R";183;"SUI";31,4;103;"Kei Nishikori";"R";178;"JPN";26,6;"4-6 7-5 6-4 6-2";5;"SF";187;10;8;116;72;55;22;20;11;15;3;6;122;71;52;19;20;6;13;3;4980;7;4165;4;7;6;6;NA;6;5;4;2;NA;2016-08-29;2016;"2016-560:238";696;0;6,41503749927884;5,1926450779424;103;"Kei Nishikori";145;"Stan Wawrinka";5,1926450779424;6,41503749927884;-1,22239242133645;26,6;31,4;-4,8;178;183;-5;0,733333333333333;0,461538461538462;0,461538461538462;0,733333333333333;-0,271794871794872;13;15;6;11;7;4;4;7;-3;0;0;1
"717252";"2016-560";"US Open";"Hard";"128";"Grand Slams";239;145;"Stan Wawrinka";"R";183;"SUI";31,4;35;"Novak Djokovic";"R";188;"SRB";29,2;"6-7(1) 6-4 7-5 6-3";5;"F";234;9;3;164;92;65;37;22;14;17;6;7;123;63;49;32;21;4;10;3;4980;1;14840;6;6;7;6;NA;7;4;5;3;NA;2016-08-29;2016;"2016-560:239";697;0;6,41503749927884;8;35;"Novak Djokovic";145;"Stan Wawrinka";8;6,41503749927884;1,58496250072116;29,2;31,4;-2,2;188;183;5;0,823529411764706;0,4;0,4;0,823529411764706;-0,423529411764706;10;17;4;14;6;3;3;6;-3;0;0;1
"728334";"2017-580";"Australian Open";"Hard";"128";"Grand Slams";120;16;"Alexander Bublik";"R";196;"KAZ";19,5;113;"Lucas Pouille";"R";185;"FRA";22,8;"6-0 3-6 6-3 6-4";5;"R128";103;16;9;95;50;43;19;17;3;6;6;7;95;55;40;14;17;4;11;207;268;16;2131;6;3;6;6;NA;0;6;3;4;NA;2017-01-16;2017;"2017-580:120";698;1;0,306513042500675;4;16;"Alexander Bublik";113;"Lucas Pouille";0,306513042500675;4;-3,69348695749933;19,5;22,8;-3,3;196;185;11;0,5;0,363636363636364;0,5;0,363636363636364;0,136363636363636;11;6;4;3;7;3;7;3;4;0;0;1
"728339";"2017-580";"Australian Open";"Hard";"128";"Grand Slams";125;82;"Lukas Lacko";"R";185;"SVK";29,2;115;"Albert Ramos";"L";188;"ESP";28,9;"4-6 7-5 1-6 6-4 6-3";5;"R128";200;17;4;140;86;64;30;24;8;12;21;11;151;86;63;32;24;7;11;121;486;26;1435;4;7;1;6;6;6;5;6;4;3;2017-01-16;2017;"2017-580:125";699;1;1,08113676272541;3,29956028185891;82;"Lukas Lacko";115;"Albert Ramos";1,08113676272541;3,29956028185891;-2,2184235191335;29,2;28,9;0,300000000000001;185;188;-3;0,666666666666667;0,636363636363636;0,666666666666667;0,636363636363636;0,0303030303030303;11;12;7;8;4;4;4;4;0;0;0;1
"728344";"2017-580";"Australian Open";"Hard";"128";"Grand Slams";130;68;"Steve Johnson";"R";188;"USA";27;32;"Federico Delbonis";"L";190;"ARG";26,2;"6-3 6-4 6-4";5;"R128";120;17;1;79;43;40;23;15;2;2;2;5;85;49;37;15;14;3;6;30;1390;44;1030;6;6;6;NA;NA;3;4;4;NA;NA;2017-01-16;2017;"2017-580:130";700;0;3,09310940439148;2,5405683813627;32;"Federico Delbonis";68;"Steve Johnson";2,5405683813627;3,09310940439148;-0,552541023028779;26,2;27;-0,800000000000001;190;188;2;1;0,5;0,5;1;-0,5;6;2;3;2;3;0;0;3;-3;0;0;1
"728345";"2017-580";"Australian Open";"Hard";"128";"Grand Slams";131;85;"Paolo Lorenzi";"R";183;"ITA";35;38;"James Duckworth";"R";183;"AUS";24,9;"6-4 7-6(4) 6-7(4) 6-4";5;"R128";195;10;5;141;81;64;30;22;7;9;8;7;142;71;56;35;22;3;7;43;1033;107;557;6;7;6;6;NA;4;6;7;4;NA;2017-01-16;2017;"2017-580:131";701;0;2,5737352452979;1,25853301359885;38;"James Duckworth";85;"Paolo Lorenzi";1,25853301359885;2,5737352452979;-1,31520223169905;24,9;35;-10,1;183;183;0;0,777777777777778;0,428571428571429;0,428571428571429;0,777777777777778;-0,349206349206349;7;9;3;7;4;2;2;4;-2;0;0;1
"728347";"2017-580";"Australian Open";"Hard";"128";"Grand Slams";133;122;"Diego Schwartzman";"R";170;"ARG";24,4;25;"Pablo Cuevas";"R";180;"URU";31;"6-3 6-3 6-0";5;"R128";82;6;4;72;42;30;22;12;3;4;7;6;80;44;25;13;12;2;9;54;867;22;1780;6;6;6;NA;NA;3;3;0;NA;NA;2017-01-16;2017;"2017-580:133";702;0;2,24511249783653;3,5405683813627;25;"Pablo Cuevas";122;"Diego Schwartzman";3,5405683813627;2,24511249783653;1,29545588352617;31;24,4;6,6;180;170;10;0,75;0,222222222222222;0,222222222222222;0,75;-0,527777777777778;9;4;2;3;7;1;1;7;-6;0;0;1
"728351";"2017-580";"Australian Open";"Hard";"128";"Grand Slams";137;141;"Jo-Wilfried Tsonga";"R";188;"FRA";31,7;97;"Thiago Monteiro";"L";183;"BRA";22,6;"6-1 6-3 6-7(5) 6-2";5;"R128";143;20;5;103;49;43;34;18;3;4;4;8;111;60;39;24;18;7;14;12;2505;83;664;6;6;6;6;NA;1;3;7;2;NA;2017-01-16;2017;"2017-580:137";703;0;4,41503749927884;1,62496056865308;97;"Thiago Monteiro";141;"Jo-Wilfried Tsonga";1,62496056865308;4,41503749927884;-2,79007693062577;22,6;31,7;-9,1;183;188;-5;0,75;0,5;0,5;0,75;-0,25;14;4;7;3;7;1;1;7;-6;0;0;1
"728353";"2017-580";"Australian Open";"Hard";"128";"Grand Slams";139;72;"Karen Khachanov";"R";198;"RUS";20,6;87;"Adrian Mannarino";"L";183;"FRA";28,5;"6-4 3-6 7-6(9) 6-3";5;"R128";166;32;4;126;76;66;25;20;5;6;8;1;142;91;65;29;20;7;10;52;875;61;781;6;3;7;6;NA;4;6;6;3;NA;2017-01-16;2017;"2017-580:139";704;1;2,29956028185891;2,06926266243711;72;"Karen Khachanov";87;"Adrian Mannarino";2,29956028185891;2,06926266243711;0,230297619421795;20,6;28,5;-7,9;198;183;15;0,833333333333333;0,7;0,833333333333333;0,7;0,133333333333333;10;6;7;5;3;1;3;1;2;0;0;1
"728354";"2017-580";"Australian Open";"Hard";"128";"Grand Slams";140;128;"Jack Sock";"R";185;"USA";24,3;60;"Pierre Hugues Herbert";"R";188;"FRA";25,8;"6-4 7-6(4) 6-3";5;"R128";132;10;6;105;69;56;15;16;5;6;14;4;104;68;49;16;15;9;12;20;1810;73;705;6;7;6;NA;NA;4;6;3;NA;NA;2017-01-16;2017;"2017-580:140";705;0;3,67807190511264;1,81017544111998;60;"Pierre Hugues Herbert";128;"Jack Sock";1,81017544111998;3,67807190511264;-1,86789646399265;25,8;24,3;1,5;188;185;3;0,833333333333333;0,75;0,75;0,833333333333333;-0,0833333333333334;12;6;9;5;3;1;1;3;-2;0;0;1
"728358";"2017-580";"Australian Open";"Hard";"128";"Grand Slams";144;22;"Marin Cilic";"R";198;"CRO";28,3;67;"Jerzy Janowicz";"R";203;"POL";26,1;"4-6 4-6 6-2 6-2 6-3";5;"R128";184;26;8;123;71;60;30;23;2;4;18;7;145;99;63;26;22;6;12;7;3605;273;186;4;4;6;6;6;6;6;2;2;3;2017-01-16;2017;"2017-580:144";706;1;5,1926450779424;-0,0927571409198524;22;"Marin Cilic";67;"Jerzy Janowicz";5,1926450779424;-0,0927571409198524;5,28540221886225;28,3;26,1;2,2;198;203;-5;0,5;0,5;0,5;0,5;0;12;4;6;2;6;2;6;2;4;0;0;1
"728359";"2017-580";"Australian Open";"Hard";"128";"Grand Slams";145;96;"Gael Monfils";"R";193;"FRA";30,3;144;"Jiri Vesely";"L";198;"CZE";23,5;"6-2 6-3 6-2";5;"R128";92;4;3;71;34;27;26;13;2;3;2;8;75;47;28;11;12;6;12;6;3625;53;873;6;6;6;NA;NA;2;3;2;NA;NA;2017-01-16;2017;"2017-580:145";707;1;5,41503749927884;2,2720795454368;96;"Gael Monfils";144;"Jiri Vesely";5,41503749927884;2,2720795454368;3,14295795384204;30,3;23,5;6,8;193;198;-5;0,666666666666667;0,5;0,666666666666667;0,5;0,166666666666667;12;3;6;2;6;1;6;1;5;0;0;1
"728360";"2017-580";"Australian Open";"Hard";"128";"Grand Slams";146;36;"Alexandr Dolgopolov";"R";180;"UKR";28,1;23;"Borna Coric";"R";188;"CRO";20,1;"6-3 6-4 3-6 7-6(7)";5;"R128";177;14;9;132;75;58;29;20;6;9;13;7;134;80;56;26;20;7;11;69;715;59;795;6;6;3;7;NA;3;4;6;6;NA;2017-01-16;2017;"2017-580:146";708;0;1,89147554322183;2,11735695063816;23;"Borna Coric";36;"Alexandr Dolgopolov";2,11735695063816;1,89147554322183;0,225881407416328;20,1;28,1;-8;188;180;8;0,666666666666667;0,636363636363636;0,636363636363636;0,666666666666667;-0,0303030303030303;11;9;7;6;4;3;3;4;-1;0;0;1
"728362";"2017-580";"Australian Open";"Hard";"128";"Grand Slams";148;74;"Philipp Kohlschreiber";"R";178;"GER";33,2;8;"Nikoloz Basilashvili";"R";185;"GEO";24,8;"6-4 3-6 7-6(2) 6-4";5;"R128";151;12;4;114;66;51;28;21;4;7;3;2;137;95;64;21;20;3;7;33;1325;92;630;6;3;7;6;NA;4;6;6;4;NA;2017-01-16;2017;"2017-580:148";709;0;2,95560588064155;1,47643804394299;8;"Nikoloz Basilashvili";74;"Philipp Kohlschreiber";1,47643804394299;2,95560588064155;-1,47916783669856;24,8;33,2;-8,4;185;178;7;0,571428571428571;0,428571428571429;0,428571428571429;0,571428571428571;-0,142857142857143;7;7;3;4;4;3;3;4;-1;0;0;1
"728363";"2017-580";"Australian Open";"Hard";"128";"Grand Slams";149;148;"Alexander Zverev";"R";198;"GER";19,7;57;"Robin Haase";"R";190;"NED";29,7;"6-2 3-6 5-7 6-3 6-2";5;"R128";174;17;10;144;92;69;24;23;12;16;13;11;140;81;60;24;23;7;14;24;1655;57;808;6;3;5;6;6;2;6;7;3;2;2017-01-16;2017;"2017-580:149";710;0;3,41503749927884;2,16710998583526;57;"Robin Haase";148;"Alexander Zverev";2,16710998583526;3,41503749927884;-1,24792751344359;29,7;19,7;10;190;198;-8;0,75;0,5;0,5;0,75;-0,25;14;16;7;12;7;4;4;7;-3;0;0;1
"728364";"2017-580";"Australian Open";"Hard";"128";"Grand Slams";150;136;"Frances Tiafoe";"R";188;"USA";18,9;78;"Mikhail Kukushkin";"R";183;"KAZ";29;"6-1 6-7(3) 6-3 6-2";5;"R128";157;13;4;114;63;51;28;18;4;5;9;3;111;65;44;22;18;8;14;108;550;98;602;6;6;6;6;NA;1;7;3;2;NA;2017-01-16;2017;"2017-580:150";711;0;1,24511249783653;1,38529015588479;78;"Mikhail Kukushkin";136;"Frances Tiafoe";1,38529015588479;1,24511249783653;0,14017765804826;29;18,9;10,1;183;188;-5;0,8;0,571428571428571;0,571428571428571;0,8;-0,228571428571429;14;5;8;4;6;1;1;6;-5;0;0;1
"728366";"2017-580";"Australian Open";"Hard";"128";"Grand Slams";152;101;"Rafael Nadal";"L";185;"ESP";30,6;89;"Florian Mayer";"R";190;"GER";33,2;"6-3 6-4 6-4";5;"R128";124;6;0;76;53;41;19;15;0;0;7;1;102;66;41;22;14;9;12;9;3195;49;903;6;6;6;NA;NA;3;4;4;NA;NA;2017-01-16;2017;"2017-580:152";712;0;4,83007499855769;2,38529015588479;89;"Florian Mayer";101;"Rafael Nadal";2,38529015588479;4,83007499855769;-2,4447848426729;33,2;30,6;2,6;190;185;5;1,5;0,75;0,75;1,5;-0,75;12;0;9;0;3;0;0;3;-3;0;0;1
"728367";"2017-580";"Australian Open";"Hard";"128";"Grand Slams";153;9;"Roberto Bautista Agut";"R";183;"ESP";28,7;110;"Guido Pella";"L";185;"ARG";26,6;"6-3 6-1 6-1";5;"R128";83;7;1;60;38;37;12;12;1;1;5;5;67;40;23;8;11;6;12;14;2350;81;685;6;6;6;NA;NA;3;1;1;NA;NA;2017-01-16;2017;"2017-580:153";713;1;4,1926450779424;1,66014999711538;9;"Roberto Bautista Agut";110;"Guido Pella";4,1926450779424;1,66014999711538;2,53249508082702;28,7;26,6;2,1;183;185;-2;1;0,5;1;0,5;0,5;12;1;6;1;6;0;6;0;6;0;0;1
"728368";"2017-580";"Australian Open";"Hard";"128";"Grand Slams";154;104;"Yoshihito Nishioka";"L";170;"JPN";21,3;15;"Alex Bolt";"L";183;"AUS";24;"6-4 1-6 6-2 6-4";5;"R128";150;1;4;115;67;46;26;18;4;7;19;5;118;72;50;20;17;5;10;99;602;632;46;6;1;6;6;NA;4;6;2;4;NA;2017-01-16;2017;"2017-580:154";714;0;1,37064337992039;-1,3037807481771;15;"Alex Bolt";104;"Yoshihito Nishioka";-1,3037807481771;1,37064337992039;-2,67442412809749;24;21,3;2,7;183;170;13;0,571428571428571;0,5;0,5;0,571428571428571;-0,0714285714285714;10;7;5;4;5;3;3;5;-2;0;0;1
"728369";"2017-580";"Australian Open";"Hard";"128";"Grand Slams";155;41;"Ernesto Escobedo";"R";185;"USA";20,5;92;"Daniil Medvedev";"R";198;"RUS";20,9;"7-5 4-6 7-6(5) 6-1";5;"R128";156;9;3;122;68;52;35;21;4;5;12;9;135;79;61;29;20;7;11;131;455;63;751;7;4;7;6;NA;5;6;6;1;NA;2017-01-16;2017;"2017-580:155";715;1;0,96657699846255;2,02272007650008;41;"Ernesto Escobedo";92;"Daniil Medvedev";0,96657699846255;2,02272007650008;-1,05614307803753;20,5;20,9;-0,399999999999999;185;198;-13;0,8;0,636363636363636;0,8;0,636363636363636;0,163636363636364;11;5;7;4;4;1;4;1;3;0;0;1
"728371";"2017-580";"Australian Open";"Hard";"128";"Grand Slams";157;125;"Gilles Simon";"R";183;"FRA";32;95;"Michael Mmoh";"R";188;"USA";19;"6-1 6-3 6-3";5;"R128";110;2;3;83;39;25;31;13;4;5;4;4;77;51;28;10;12;2;8;25;1585;190;297;6;6;6;NA;NA;1;3;3;NA;NA;2017-01-16;2017;"2017-580:157";716;0;3,35614381022528;0,430144391669052;95;"Michael Mmoh";125;"Gilles Simon";0,430144391669052;3,35614381022528;-2,92599941855622;19;32;-13;188;183;5;0,8;0,25;0,25;0,8;-0,55;8;5;2;4;6;1;1;6;-5;0;0;1
"728373";"2017-580";"Australian Open";"Hard";"128";"Grand Slams";159;99;"Gilles Muller";"L";193;"LUX";33,6;47;"Taylor Fritz";"R";193;"USA";19,2;"7-6(6) 7-6(5) 6-3";5;"R128";134;30;4;108;70;58;22;17;6;6;12;4;103;70;53;18;16;0;1;28;1415;93;628;7;7;6;NA;NA;6;6;3;NA;NA;2017-01-16;2017;"2017-580:159";717;0;3,1926450779424;1,46084118889197;47;"Taylor Fritz";99;"Gilles Muller";1,46084118889197;3,1926450779424;-1,73180388905043;19,2;33,6;-14,4;193;193;0;1;0;0;1;-1;1;6;0;6;1;0;0;1;-1;0;0;1
"728375";"2017-580";"Australian Open";"Hard";"128";"Grand Slams";161;134;"Dominic Thiem";"R";185;"AUT";23,3;133;"Jan Lennard Struff";"R";193;"GER";26,7;"4-6 6-4 6-4 6-3";5;"R128";174;12;9;132;62;52;30;20;8;10;13;10;140;74;59;26;19;14;19;8;3415;58;796;4;6;6;6;NA;6;4;4;3;NA;2017-01-16;2017;"2017-580:161";718;0;5;2,14201900487243;133;"Jan Lennard Struff";134;"Dominic Thiem";2,14201900487243;5;-2,85798099512757;26,7;23,3;3,4;193;185;8;0,8;0,736842105263158;0,736842105263158;0,8;-0,0631578947368422;19;10;14;8;5;2;2;5;-3;0;0;1
"728376";"2017-580";"Australian Open";"Hard";"128";"Grand Slams";162;135;"Jordan Thompson";"R";183;"AUS";22,7;130;"Joao Sousa";"R";185;"POR";27,8;"6-7(2) 4-6 6-3 6-2 6-1";5;"R128";201;23;1;146;97;71;26;23;8;11;4;5;132;73;49;31;23;5;13;76;699;37;1135;6;4;6;6;6;7;6;3;2;1;2017-01-16;2017;"2017-580:162";719;0;1,75207248655641;2,79054663437105;130;"Joao Sousa";135;"Jordan Thompson";2,79054663437105;1,75207248655641;1,03847414781464;27,8;22,7;5,1;185;183;2;0,727272727272727;0,384615384615385;0,384615384615385;0,727272727272727;-0,342657342657343;13;11;5;8;8;3;3;8;-5;0;0;1
"728378";"2017-580";"Australian Open";"Hard";"128";"Grand Slams";164;46;"Fabio Fognini";"R";178;"ITA";29,6;84;"Feliciano Lopez";"L";188;"ESP";35,3;"7-5 6-3 7-5";5;"R128";123;5;3;81;43;38;23;17;0;2;13;8;133;71;48;24;16;22;28;48;945;29;1410;7;6;7;NA;NA;5;3;5;NA;NA;2017-01-16;2017;"2017-580:164";720;1;2,41503749927884;3,14201900487243;46;"Fabio Fognini";84;"Feliciano Lopez";2,41503749927884;3,14201900487243;-0,726981505593584;29,6;35,3;-5,7;178;188;-10;0;0,785714285714286;0;0,785714285714286;-0,785714285714286;28;2;22;0;6;2;6;2;4;0;0;1
"728382";"2017-580";"Australian Open";"Hard";"128";"Grand Slams";168;54;"David Goffin";"R";180;"BEL";26,1;107;"Reilly Opelka";"R";211;"USA";19,3;"6-4 4-6 6-2 4-6 6-4";5;"R128";176;13;7;148;79;61;42;24;6;8;21;7;144;85;64;28;24;2;6;11;2750;208;267;6;4;6;4;6;4;6;2;6;4;2017-01-16;2017;"2017-580:168";721;1;4,5405683813627;0,299560281858908;54;"David Goffin";107;"Reilly Opelka";4,5405683813627;0,299560281858908;4,24100809950379;26,1;19,3;6,8;180;211;-31;0,75;0,333333333333333;0,75;0,333333333333333;0,416666666666667;6;8;2;6;4;2;4;2;2;0;0;1
"728383";"2017-580";"Australian Open";"Hard";"128";"Grand Slams";169;33;"Grigor Dimitrov";"R";188;"BUL";25,6;106;"Christopher Oconnell";"R";183;"AUS";22,6;"7-6(2) 6-3 6-3";5;"R128";121;15;0;81;47;46;21;15;0;0;6;1;110;64;44;23;15;10;13;15;2135;231;228;7;6;6;NA;NA;6;3;3;NA;NA;2017-01-16;2017;"2017-580:169";722;1;4,09310940439148;0,148250958583943;33;"Grigor Dimitrov";106;"Christopher Oconnell";4,09310940439148;0,148250958583943;3,94485844580754;25,6;22,6;3;188;183;5;1,5;0,769230769230769;1,5;0,769230769230769;0,730769230769231;13;0;10;0;3;0;3;0;3;0;0;1
"728390";"2017-580";"Australian Open";"Hard";"128";"Grand Slams";176;35;"Novak Djokovic";"R";188;"SRB";29,6;143;"Fernando Verdasco";"L";188;"ESP";33,1;"6-1 7-6(4) 6-2";5;"R128";140;2;2;94;58;44;18;14;3;5;5;5;106;55;33;20;13;10;16;2;11780;40;1105;6;7;6;NA;NA;1;6;2;NA;NA;2017-01-16;2017;"2017-580:176";723;1;7;2,67807190511264;35;"Novak Djokovic";143;"Fernando Verdasco";7;2,67807190511264;4,32192809488736;29,6;33,1;-3,5;188;188;0;0,6;0,625;0,6;0,625;-0,025;16;5;10;3;6;2;6;2;4;0;0;1
"728391";"2017-580";"Australian Open";"Hard";"128";"Grand Slams";177;100;"Andy Murray";"R";190;"GBR";29,6;119;"Andrey Rublev";"R";188;"RUS";19,2;"6-3 6-0 6-2";5;"R64";96;9;2;69;44;34;17;12;0;0;2;3;65;27;19;14;11;1;7;1;12560;152;383;6;6;6;NA;NA;3;0;2;NA;NA;2017-01-16;2017;"2017-580:177";724;1;8;0,752072486556415;100;"Andy Murray";119;"Andrey Rublev";8;0,752072486556415;7,24792751344359;29,6;19,2;10,4;190;188;2;1,5;0,142857142857143;1,5;0,142857142857143;1,35714285714286;7;0;1;0;6;0;6;0;6;0;0;1
"728392";"2017-580";"Australian Open";"Hard";"128";"Grand Slams";178;114;"Sam Querrey";"R";198;"USA";29,2;30;"Alex De Minaur";"R";183;"AUS";17,9;"7-6(5) 6-0 6-1";5;"R64";108;9;9;89;46;43;21;13;3;3;1;4;100;68;44;8;12;8;13;32;1355;301;164;7;6;6;NA;NA;6;0;1;NA;NA;2017-01-16;2017;"2017-580:178";725;0;3;-0,233619676759702;30;"Alex De Minaur";114;"Sam Querrey";-0,233619676759702;3;-3,2336196767597;17,9;29,2;-11,3;183;198;-15;1;0,615384615384615;0,615384615384615;1;-0,384615384615385;13;3;8;3;5;0;0;5;-5;0;0;1
"728398";"2017-580";"Australian Open";"Hard";"128";"Grand Slams";184;103;"Kei Nishikori";"R";178;"JPN";27;20;"Jeremy Chardy";"R";188;"FRA";29,9;"6-3 6-4 6-3";5;"R64";126;2;0;88;61;41;15;14;6;9;5;5;94;54;32;16;14;11;18;5;5010;72;705;6;6;6;NA;NA;3;4;3;NA;NA;2017-01-16;2017;"2017-580:184";726;0;5,67807190511264;1,83007499855769;20;"Jeremy Chardy";103;"Kei Nishikori";1,83007499855769;5,67807190511264;-3,84799690655495;29,9;27;2,9;188;178;10;0,666666666666667;0,611111111111111;0,611111111111111;0,666666666666667;-0,0555555555555555;18;9;11;6;7;3;3;7;-4;0;0;1
"728399";"2017-580";"Australian Open";"Hard";"128";"Grand Slams";185;145;"Stan Wawrinka";"R";183;"SUI";31,8;68;"Steve Johnson";"R";188;"USA";27;"6-3 6-4 6-4";5;"R64";111;11;4;88;54;47;19;15;5;5;6;0;93;66;44;14;14;8;11;4;5155;30;1390;6;6;6;NA;NA;3;4;4;NA;NA;2017-01-16;2017;"2017-580:185";727;0;6;3,09310940439148;68;"Steve Johnson";145;"Stan Wawrinka";3,09310940439148;6;-2,90689059560852;27;31,8;-4,8;188;183;5;1;0,727272727272727;0,727272727272727;1;-0,272727272727273;11;5;8;5;3;0;0;3;-3;0;0;1
"728401";"2017-580";"Australian Open";"Hard";"128";"Grand Slams";187;27;"Steve Darcis";"R";178;"BEL";32,8;122;"Diego Schwartzman";"R";170;"ARG";24,4;"6-3 6-3 2-6 6-4";5;"R64";152;5;0;114;80;57;16;18;5;8;5;5;118;67;46;24;18;5;10;71;707;54;867;6;6;2;6;NA;3;3;6;4;NA;2017-01-16;2017;"2017-580:187";728;1;1,85025288049532;2,24511249783653;27;"Steve Darcis";122;"Diego Schwartzman";1,85025288049532;2,24511249783653;-0,394859617341214;32,8;24,4;8,4;178;170;8;0,625;0,5;0,625;0,5;0,125;10;8;5;5;5;3;5;3;2;0;0;1
"728402";"2017-580";"Australian Open";"Hard";"128";"Grand Slams";188;123;"Andreas Seppi";"R";190;"ITA";32,9;80;"Nick Kyrgios";"R";193;"AUS";21,7;"1-6 6-7(1) 6-4 6-2 10-8";5;"R64";188;16;4;149;85;65;41;28;7;10;28;8;171;118;88;27;27;7;12;89;635;13;2460;1;6;6;6;10;6;7;4;2;8;2017-01-16;2017;"2017-580:188";729;0;1,5242665690336;4,29956028185891;80;"Nick Kyrgios";123;"Andreas Seppi";4,29956028185891;1,5242665690336;2,7752937128253;21,7;32,9;-11,2;193;190;3;0,7;0,583333333333333;0,583333333333333;0,7;-0,116666666666667;12;10;7;7;5;3;3;5;-2;0;0;1
"728403";"2017-580";"Australian Open";"Hard";"128";"Grand Slams";189;141;"Jo-Wilfried Tsonga";"R";188;"FRA";31,7;83;"Dusan Lajovic";"R";180;"SRB";26,5;"6-2 6-2 6-3";5;"R64";105;15;2;79;45;38;17;13;3;4;1;0;85;57;30;13;12;9;15;12;2505;94;627;6;6;6;NA;NA;2;2;3;NA;NA;2017-01-16;2017;"2017-580:189";730;0;4,41503749927884;1,44541114832236;83;"Dusan Lajovic";141;"Jo-Wilfried Tsonga";1,44541114832236;4,41503749927884;-2,96962635095648;26,5;31,7;-5,2;180;188;-8;0,75;0,6;0,6;0,75;-0,15;15;4;9;3;6;1;1;6;-5;0;0;1
"728404";"2017-580";"Australian Open";"Hard";"128";"Grand Slams";190;128;"Jack Sock";"R";185;"USA";24,3;72;"Karen Khachanov";"R";198;"RUS";20,6;"6-3 6-4 6-4";5;"R64";134;7;5;107;63;51;20;15;8;9;10;6;111;58;41;22;14;11;15;20;1810;52;875;6;6;6;NA;NA;3;4;4;NA;NA;2017-01-16;2017;"2017-580:190";731;0;3,67807190511264;2,29956028185891;72;"Karen Khachanov";128;"Jack Sock";2,29956028185891;3,67807190511264;-1,37851162325373;20,6;24,3;-3,7;198;185;13;0,888888888888889;0,733333333333333;0,733333333333333;0,888888888888889;-0,155555555555556;15;9;11;8;4;1;1;4;-3;0;0;1
"728406";"2017-580";"Australian Open";"Hard";"128";"Grand Slams";192;42;"Daniel Evans";"R";175;"GBR";26,6;22;"Marin Cilic";"R";198;"CRO";28,3;"3-6 7-5 6-3 6-3";5;"R64";177;5;7;143;84;58;30;20;16;19;14;4;110;63;44;24;19;8;14;51;886;7;3605;3;7;6;6;NA;6;5;3;3;NA;2017-01-16;2017;"2017-580:192";732;0;2,3275746580285;5,1926450779424;22;"Marin Cilic";42;"Daniel Evans";5,1926450779424;2,3275746580285;2,86507041991389;28,3;26,6;1,7;198;175;23;0,842105263157895;0,571428571428571;0,571428571428571;0,842105263157895;-0,270676691729323;14;19;8;16;6;3;3;6;-3;0;0;1
"728407";"2017-580";"Australian Open";"Hard";"128";"Grand Slams";193;96;"Gael Monfils";"R";193;"FRA";30,3;36;"Alexandr Dolgopolov";"R";180;"UKR";28,1;"6-3 6-4 1-6 6-0";5;"R64";116;17;5;92;62;49;11;16;3;6;6;5;123;72;48;19;16;13;19;6;3625;69;715;6;6;1;6;NA;3;4;6;0;NA;2017-01-16;2017;"2017-580:193";733;0;5,41503749927884;1,89147554322183;36;"Alexandr Dolgopolov";96;"Gael Monfils";1,89147554322183;5,41503749927884;-3,52356195605701;28,1;30,3;-2,2;180;193;-13;0,5;0,68421052631579;0,68421052631579;0,5;0,18421052631579;19;6;13;3;6;3;3;6;-3;0;0;1
"728408";"2017-580";"Australian Open";"Hard";"128";"Grand Slams";194;74;"Philipp Kohlschreiber";"R";178;"GER";33,2;146;"Donald Young";"L";183;"USA";27,4;"7-5 6-3 6-0";5;"R64";111;3;3;77;43;33;23;14;4;5;5;2;93;62;30;15;13;5;12;33;1325;85;651;7;6;6;NA;NA;5;3;0;NA;NA;2017-01-16;2017;"2017-580:194";734;1;2,95560588064155;1,5906090638623;74;"Philipp Kohlschreiber";146;"Donald Young";2,95560588064155;1,5906090638623;1,36499681677925;33,2;27,4;5,8;178;183;-5;0,8;0,416666666666667;0,8;0,416666666666667;0,383333333333333;12;5;5;4;7;1;7;1;6;0;0;1
"728409";"2017-580";"Australian Open";"Hard";"128";"Grand Slams";195;148;"Alexander Zverev";"R";198;"GER";19,7;136;"Frances Tiafoe";"R";188;"USA";18,9;"6-2 6-3 6-4";5;"R64";116;9;6;99;55;41;26;14;5;5;4;2;83;55;34;16;13;4;8;24;1655;108;550;6;6;6;NA;NA;2;3;4;NA;NA;2017-01-16;2017;"2017-580:195";735;0;3,41503749927884;1,24511249783653;136;"Frances Tiafoe";148;"Alexander Zverev";1,24511249783653;3,41503749927884;-2,16992500144231;18,9;19,7;-0,800000000000001;188;198;-10;1;0,5;0,5;1;-0,5;8;5;4;5;4;0;0;4;-4;0;0;1
"728410";"2017-580";"Australian Open";"Hard";"128";"Grand Slams";196;101;"Rafael Nadal";"L";185;"ESP";30,6;7;"Marcos Baghdatis";"R";183;"CYP";31,5;"6-3 6-1 6-3";5;"R64";132;5;0;80;64;46;10;13;4;5;7;4;98;53;33;16;12;10;16;9;3195;36;1210;6;6;6;NA;NA;3;1;3;NA;NA;2017-01-16;2017;"2017-580:196";736;0;4,83007499855769;2,83007499855769;7;"Marcos Baghdatis";101;"Rafael Nadal";2,83007499855769;4,83007499855769;-2;31,5;30,6;0,899999999999999;183;185;-2;0,8;0,625;0,625;0,8;-0,175;16;5;10;4;6;1;1;6;-5;0;0;1
"728411";"2017-580";"Australian Open";"Hard";"128";"Grand Slams";197;9;"Roberto Bautista Agut";"R";183;"ESP";28,7;104;"Yoshihito Nishioka";"L";170;"JPN";21,3;"6-2 6-3 6-3";5;"R64";129;9;1;77;63;41;6;13;6;10;2;3;118;71;35;19;13;12;21;14;2350;99;602;6;6;6;NA;NA;2;3;3;NA;NA;2017-01-16;2017;"2017-580:197";737;1;4,1926450779424;1,37064337992039;9;"Roberto Bautista Agut";104;"Yoshihito Nishioka";4,1926450779424;1,37064337992039;2,82200169802201;28,7;21,3;7,4;183;170;13;0,6;0,571428571428571;0,6;0,571428571428571;0,0285714285714286;21;10;12;6;9;4;9;4;5;0;0;1
"728412";"2017-580";"Australian Open";"Hard";"128";"Grand Slams";198;45;"David Ferrer";"R";175;"ESP";34,7;41;"Ernesto Escobedo";"R";185;"USA";20,5;"2-6 6-4 6-4 6-2";5;"R64";166;6;7;141;84;58;30;18;11;13;7;3;121;68;48;27;18;10;14;23;1740;131;455;2;6;6;6;NA;6;4;4;2;NA;2017-01-16;2017;"2017-580:198";738;0;3,47643804394299;0,96657699846255;41;"Ernesto Escobedo";45;"David Ferrer";0,96657699846255;3,47643804394299;-2,50986104548044;20,5;34,7;-14,2;185;175;10;0,846153846153846;0,714285714285714;0,714285714285714;0,846153846153846;-0,131868131868132;14;13;10;11;4;2;2;4;-2;0;0;1
"728414";"2017-580";"Australian Open";"Hard";"128";"Grand Slams";200;116;"Milos Raonic";"R";196;"CAN";26;99;"Gilles Muller";"L";193;"LUX";33,6;"6-3 6-4 7-6(4)";5;"R64";119;21;3;95;61;51;20;16;4;4;7;1;93;65;44;18;15;5;7;3;5290;28;1415;6;6;7;NA;NA;3;4;6;NA;NA;2017-01-16;2017;"2017-580:200";739;0;6,41503749927884;3,1926450779424;99;"Gilles Muller";116;"Milos Raonic";3,1926450779424;6,41503749927884;-3,22239242133645;33,6;26;7,6;193;196;-3;1;0,714285714285714;0,714285714285714;1;-0,285714285714286;7;4;5;4;2;0;0;2;-2;0;0;1
"728415";"2017-580";"Australian Open";"Hard";"128";"Grand Slams";201;134;"Dominic Thiem";"R";185;"AUT";23,3;135;"Jordan Thompson";"R";183;"AUS";22,7;"6-2 6-1 6-7(6) 6-4";5;"R64";163;12;4;113;66;54;27;19;4;5;5;1;123;67;40;30;18;10;17;8;3415;76;699;6;6;6;6;NA;2;1;7;4;NA;2017-01-16;2017;"2017-580:201";740;1;5;1,75207248655641;134;"Dominic Thiem";135;"Jordan Thompson";5;1,75207248655641;3,24792751344359;23,3;22,7;0,600000000000001;185;183;2;0,8;0,588235294117647;0,8;0,588235294117647;0,211764705882353;17;5;10;4;7;1;7;1;6;0;0;1
"728416";"2017-580";"Australian Open";"Hard";"128";"Grand Slams";202;108;"Benoit Paire";"R";196;"FRA";27,6;46;"Fabio Fognini";"R";178;"ITA";29,6;"7-6(3) 4-6 6-3 3-6 6-3";5;"R64";208;21;10;176;96;70;36;25;10;16;2;6;160;92;56;41;24;8;14;47;960;48;945;7;4;6;3;6;6;6;3;6;3;2017-01-16;2017;"2017-580:202";741;0;2,44541114832236;2,41503749927884;46;"Fabio Fognini";108;"Benoit Paire";2,41503749927884;2,44541114832236;-0,0303736490435185;29,6;27,6;2;178;196;-18;0,625;0,571428571428571;0,571428571428571;0,625;-0,0535714285714286;14;16;8;10;6;6;6;6;0;0;0;1
"728419";"2017-580";"Australian Open";"Hard";"128";"Grand Slams";205;33;"Grigor Dimitrov";"R";188;"BUL";25,6;21;"Hyeon Chung";"R";188;"KOR";20,6;"1-6 6-4 6-4 6-4";5;"R64";156;12;4;117;76;52;22;19;10;15;7;4;104;71;53;11;18;5;10;15;2135;105;583;1;6;6;6;NA;6;4;4;4;NA;2017-01-16;2017;"2017-580:205";742;0;4,09310940439148;1,28575448233388;21;"Hyeon Chung";33;"Grigor Dimitrov";1,28575448233388;4,09310940439148;-2,8073549220576;20,6;25,6;-5;188;188;0;0,666666666666667;0,5;0,5;0,666666666666667;-0,166666666666667;10;15;5;10;5;5;5;5;0;0;0;1
"728421";"2017-580";"Australian Open";"Hard";"128";"Grand Slams";207;18;"Pablo Carreno Busta";"R";188;"ESP";25,5;40;"Kyle Edmund";"R";188;"GBR";22;"6-2 6-4 6-2";5;"R64";106;7;0;89;58;46;16;13;6;6;6;6;79;42;31;14;13;3;8;31;1370;46;989;6;6;6;NA;NA;2;4;2;NA;NA;2017-01-16;2017;"2017-580:207";743;1;3,04580368961313;2,47643804394299;18;"Pablo Carreno Busta";40;"Kyle Edmund";3,04580368961313;2,47643804394299;0,569365645670138;25,5;22;3,5;188;188;0;1;0,375;1;0,375;0,625;8;6;3;6;5;0;5;0;5;0;0;1
"728422";"2017-580";"Australian Open";"Hard";"128";"Grand Slams";208;65;"Denis Istomin";"R";188;"UZB";30,3;35;"Novak Djokovic";"R";188;"SRB";29,6;"7-6(8) 5-7 2-6 7-6(5) 6-4";5;"R64";288;17;3;194;134;94;27;27;9;15;14;9;185;107;77;43;27;10;14;117;498;2;11780;7;5;2;7;6;6;7;6;6;4;2017-01-16;2017;"2017-580:208";744;0;1,1296352804166;7;35;"Novak Djokovic";65;"Denis Istomin";7;1,1296352804166;5,8703647195834;29,6;30,3;-0,699999999999999;188;188;0;0,6;0,714285714285714;0,714285714285714;0,6;0,114285714285714;14;15;10;9;4;6;6;4;2;0;0;1
"728423";"2017-580";"Australian Open";"Hard";"128";"Grand Slams";209;100;"Andy Murray";"R";190;"GBR";29,6;114;"Sam Querrey";"R";198;"USA";29,2;"6-4 6-2 6-4";5;"R32";119;8;2;86;56;43;15;14;2;3;5;2;87;53;30;18;14;3;8;1;12560;32;1355;6;6;6;NA;NA;4;2;4;NA;NA;2017-01-16;2017;"2017-580:209";745;1;8;3;100;"Andy Murray";114;"Sam Querrey";8;3;5;29,6;29,2;0,400000000000002;190;198;-8;0,666666666666667;0,375;0,666666666666667;0,375;0,291666666666667;8;3;3;2;5;1;5;1;4;0;0;1
"728426";"2017-580";"Australian Open";"Hard";"128";"Grand Slams";212;103;"Kei Nishikori";"R";178;"JPN";27;82;"Lukas Lacko";"R";185;"SVK";29,2;"6-4 6-4 6-4";5;"R32";131;5;3;76;46;38;20;15;1;2;12;1;106;60;46;15;15;5;9;5;5010;121;486;6;6;6;NA;NA;4;4;4;NA;NA;2017-01-16;2017;"2017-580:212";746;0;5,67807190511264;1,08113676272541;82;"Lukas Lacko";103;"Kei Nishikori";1,08113676272541;5,67807190511264;-4,59693514238723;29,2;27;2,2;185;178;7;0,5;0,555555555555556;0,555555555555556;0,5;0,0555555555555556;9;2;5;1;4;1;1;4;-3;0;0;1
"728427";"2017-580";"Australian Open";"Hard";"128";"Grand Slams";213;145;"Stan Wawrinka";"R";183;"SUI";31,8;139;"Viktor Troicki";"R";193;"SRB";30,9;"3-6 6-2 6-2 7-6(7)";5;"R32";152;16;4;117;71;52;24;19;4;9;7;8;122;70;48;20;18;6;13;4;5155;35;1225;3;6;6;7;NA;6;2;2;6;NA;2017-01-16;2017;"2017-580:213";747;0;6;2,87071698305503;139;"Viktor Troicki";145;"Stan Wawrinka";2,87071698305503;6;-3,12928301694497;30,9;31,8;-0,900000000000002;193;183;10;0,444444444444444;0,461538461538462;0,461538461538462;0,444444444444444;0,0170940170940171;13;9;6;4;7;5;5;7;-2;0;0;1
"728428";"2017-580";"Australian Open";"Hard";"128";"Grand Slams";214;123;"Andreas Seppi";"R";190;"ITA";32,9;27;"Steve Darcis";"R";178;"BEL";32,8;"4-6 6-4 7-6(1) 7-6(2)";5;"R32";187;11;5;131;72;60;31;22;3;7;8;4;131;74;55;28;22;2;6;89;635;71;707;4;6;7;7;NA;6;4;6;6;NA;2017-01-16;2017;"2017-580:214";748;0;1,5242665690336;1,85025288049532;27;"Steve Darcis";123;"Andreas Seppi";1,85025288049532;1,5242665690336;0,325986311461715;32,8;32,9;-0,100000000000001;178;190;-12;0,428571428571429;0,333333333333333;0,333333333333333;0,428571428571429;-0,0952380952380952;6;7;2;3;4;4;4;4;0;0;0;1
"728429";"2017-580";"Australian Open";"Hard";"128";"Grand Slams";215;141;"Jo-Wilfried Tsonga";"R";188;"FRA";31,7;128;"Jack Sock";"R";185;"USA";24,3;"7-6(4) 7-5 6-7(8) 6-3";5;"R32";213;23;5;155;101;81;29;23;5;6;7;5;166;94;71;35;22;8;11;12;2505;20;1810;7;7;6;6;NA;6;5;7;3;NA;2017-01-16;2017;"2017-580:215";749;0;4,41503749927884;3,67807190511264;128;"Jack Sock";141;"Jo-Wilfried Tsonga";3,67807190511264;4,41503749927884;-0,736965594166207;24,3;31,7;-7,4;185;188;-3;0,833333333333333;0,727272727272727;0,727272727272727;0,833333333333333;-0,106060606060606;11;6;8;5;3;1;1;3;-2;0;0;1
"728430";"2017-580";"Australian Open";"Hard";"128";"Grand Slams";216;42;"Daniel Evans";"R";175;"GBR";26,6;138;"Bernard Tomic";"R";193;"AUS";24,2;"7-5 7-6(2) 7-6(3)";5;"R32";168;9;2;134;75;55;33;18;7;10;20;1;114;82;60;13;18;2;6;51;886;27;1420;7;7;7;NA;NA;5;6;6;NA;NA;2017-01-16;2017;"2017-580:216";750;1;2,3275746580285;3,24511249783653;42;"Daniel Evans";138;"Bernard Tomic";2,3275746580285;3,24511249783653;-0,917537839808027;26,6;24,2;2,4;175;193;-18;0,7;0,333333333333333;0,7;0,333333333333333;0,366666666666667;6;10;2;7;4;3;4;3;1;0;0;1
"728431";"2017-580";"Australian Open";"Hard";"128";"Grand Slams";217;96;"Gael Monfils";"R";193;"FRA";30,3;74;"Philipp Kohlschreiber";"R";178;"GER";33,2;"6-3 7-6(1) 6-4";5;"R32";115;8;4;97;68;52;11;16;3;6;3;2;80;52;36;14;15;1;6;6;3625;33;1325;6;7;6;NA;NA;3;6;4;NA;NA;2017-01-16;2017;"2017-580:217";751;0;5,41503749927884;2,95560588064155;74;"Philipp Kohlschreiber";96;"Gael Monfils";2,95560588064155;5,41503749927884;-2,4594316186373;33,2;30,3;2,9;178;193;-15;0,5;0,166666666666667;0,166666666666667;0,5;-0,333333333333333;6;6;1;3;5;3;3;5;-2;0;0;1
"728432";"2017-580";"Australian Open";"Hard";"128";"Grand Slams";218;101;"Rafael Nadal";"L";185;"ESP";30,6;148;"Alexander Zverev";"R";198;"GER";19,7;"4-6 6-3 6-7(5) 6-3 6-2";5;"R32";245;11;4;150;113;82;23;24;5;7;19;11;172;108;77;27;24;11;16;9;3195;24;1655;4;6;6;6;6;6;3;7;3;2;2017-01-16;2017;"2017-580:218";752;1;4,83007499855769;3,41503749927884;101;"Rafael Nadal";148;"Alexander Zverev";4,83007499855769;3,41503749927884;1,41503749927884;30,6;19,7;10,9;185;198;-13;0,714285714285714;0,6875;0,714285714285714;0,6875;0,0267857142857143;16;7;11;5;5;2;5;2;3;0;0;1
"728433";"2017-580";"Australian Open";"Hard";"128";"Grand Slams";219;9;"Roberto Bautista Agut";"R";183;"ESP";28,7;45;"David Ferrer";"R";175;"ESP";34,7;"7-5 6-7(6) 7-6(3) 6-4";5;"R32";242;5;5;182;106;70;40;23;15;20;1;6;151;81;51;38;23;7;14;14;2350;23;1740;7;6;7;6;NA;5;7;6;4;NA;2017-01-16;2017;"2017-580:219";753;1;4,1926450779424;3,47643804394299;9;"Roberto Bautista Agut";45;"David Ferrer";4,1926450779424;3,47643804394299;0,716207033999409;28,7;34,7;-6;183;175;8;0,75;0,5;0,75;0,5;0,25;14;20;7;15;7;5;7;5;2;0;0;1
"728434";"2017-580";"Australian Open";"Hard";"128";"Grand Slams";220;116;"Milos Raonic";"R";196;"CAN";26;125;"Gilles Simon";"R";183;"FRA";32;"6-2 7-6(5) 3-6 6-3";5;"R32";154;21;3;112;74;53;23;19;3;6;0;3;109;83;58;10;19;2;7;3;5290;25;1585;6;7;3;6;NA;2;6;6;3;NA;2017-01-16;2017;"2017-580:220";754;1;6,41503749927884;3,35614381022528;116;"Milos Raonic";125;"Gilles Simon";6,41503749927884;3,35614381022528;3,05889368905357;26;32;-6;196;183;13;0,5;0,285714285714286;0,5;0,285714285714286;0,214285714285714;7;6;2;3;5;3;5;3;2;0;0;1
"728435";"2017-580";"Australian Open";"Hard";"128";"Grand Slams";221;134;"Dominic Thiem";"R";185;"AUT";23,3;108;"Benoit Paire";"R";196;"FRA";27,6;"6-1 4-6 6-4 6-4";5;"R32";143;10;3;128;85;53;25;19;12;17;10;9;110;52;41;19;18;3;11;8;3415;47;960;6;4;6;6;NA;1;6;4;4;NA;2017-01-16;2017;"2017-580:221";755;0;5;2,44541114832236;108;"Benoit Paire";134;"Dominic Thiem";2,44541114832236;5;-2,55458885167764;27,6;23,3;4,3;196;185;11;0,705882352941177;0,272727272727273;0,272727272727273;0,705882352941177;-0,433155080213904;11;17;3;12;8;5;5;8;-3;0;0;1
"728437";"2017-580";"Australian Open";"Hard";"128";"Grand Slams";223;33;"Grigor Dimitrov";"R";188;"BUL";25,6;51;"Richard Gasquet";"R";185;"FRA";30,5;"6-3 6-2 6-4";5;"R32";122;11;4;95;69;57;9;14;6;7;3;4;82;49;28;16;13;4;9;15;2135;18;1885;6;6;6;NA;NA;3;2;4;NA;NA;2017-01-16;2017;"2017-580:223";756;1;4,09310940439148;3,83007499855769;33;"Grigor Dimitrov";51;"Richard Gasquet";4,09310940439148;3,83007499855769;0,263034405833793;25,6;30,5;-4,9;188;185;3;0,857142857142857;0,444444444444444;0,857142857142857;0,444444444444444;0,412698412698413;9;7;4;6;5;1;5;1;4;0;0;1
"728438";"2017-580";"Australian Open";"Hard";"128";"Grand Slams";224;65;"Denis Istomin";"R";188;"UZB";30,3;18;"Pablo Carreno Busta";"R";188;"ESP";25,5;"6-4 4-6 6-4 4-6 6-2";5;"R32";207;16;2;141;93;70;27;24;9;12;5;5;151;86;59;34;24;2;7;117;498;31;1370;6;4;6;4;6;4;6;4;6;2;2017-01-16;2017;"2017-580:224";757;0;1,1296352804166;3,04580368961313;18;"Pablo Carreno Busta";65;"Denis Istomin";3,04580368961313;1,1296352804166;1,91616840919653;25,5;30,3;-4,8;188;188;0;0,75;0,285714285714286;0,285714285714286;0,75;-0,464285714285714;7;12;2;9;5;3;3;5;-2;0;0;1
"728440";"2017-580";"Australian Open";"Hard";"128";"Grand Slams";226;44;"Roger Federer";"R";185;"SUI";35,4;103;"Kei Nishikori";"R";178;"JPN";27;"6-7(4) 6-4 6-1 4-6 6-3";5;"R16";203;24;6;148;100;80;23;24;7;10;5;5;164;107;73;24;24;11;18;17;1980;5;5010;6;6;6;4;6;7;4;1;6;3;2017-01-16;2017;"2017-580:226";758;1;3,91253715874966;5,67807190511264;44;"Roger Federer";103;"Kei Nishikori";3,91253715874966;5,67807190511264;-1,76553474636298;35,4;27;8,4;185;178;7;0,7;0,611111111111111;0,7;0,611111111111111;0,0888888888888888;18;10;11;7;7;3;7;3;4;0;0;1
"728441";"2017-580";"Australian Open";"Hard";"128";"Grand Slams";227;145;"Stan Wawrinka";"R";183;"SUI";31,8;123;"Andreas Seppi";"R";190;"ITA";32,9;"7-6(2) 7-6(4) 7-6(4)";5;"R16";163;17;2;117;66;53;34;18;2;4;12;3;136;84;62;26;18;7;9;4;5155;89;635;7;7;7;NA;NA;6;6;6;NA;NA;2017-01-16;2017;"2017-580:227";759;0;6;1,5242665690336;123;"Andreas Seppi";145;"Stan Wawrinka";1,5242665690336;6;-4,4757334309664;32,9;31,8;1,1;190;183;7;0,5;0,777777777777778;0,777777777777778;0,5;0,277777777777778;9;4;7;2;2;2;2;2;0;0;0;1
"728442";"2017-580";"Australian Open";"Hard";"128";"Grand Slams";228;141;"Jo-Wilfried Tsonga";"R";188;"FRA";31,7;42;"Daniel Evans";"R";175;"GBR";26,6;"6-7(4) 6-2 6-4 6-4";5;"R16";173;17;2;122;81;66;25;20;4;4;8;11;143;100;73;16;20;10;14;12;2505;51;886;6;6;6;6;NA;7;2;4;4;NA;2017-01-16;2017;"2017-580:228";760;0;4,41503749927884;2,3275746580285;42;"Daniel Evans";141;"Jo-Wilfried Tsonga";2,3275746580285;4,41503749927884;-2,08746284125034;26,6;31,7;-5,1;175;188;-13;1;0,714285714285714;0,714285714285714;1;-0,285714285714286;14;4;10;4;4;0;0;4;-4;0;0;1
"728443";"2017-580";"Australian Open";"Hard";"128";"Grand Slams";229;101;"Rafael Nadal";"L";185;"ESP";30,6;96;"Gael Monfils";"R";193;"FRA";30,3;"6-3 6-3 4-6 6-4";5;"R16";175;2;1;101;74;53;17;19;3;6;15;10;130;76;50;24;19;11;17;9;3195;6;3625;6;6;4;6;NA;3;3;6;4;NA;2017-01-16;2017;"2017-580:229";761;0;4,83007499855769;5,41503749927884;96;"Gael Monfils";101;"Rafael Nadal";5,41503749927884;4,83007499855769;0,584962500721156;30,3;30,6;-0,300000000000001;193;185;8;0,5;0,647058823529412;0,647058823529412;0,5;0,147058823529412;17;6;11;3;6;3;3;6;-3;0;0;1
"728444";"2017-580";"Australian Open";"Hard";"128";"Grand Slams";230;116;"Milos Raonic";"R";196;"CAN";26;9;"Roberto Bautista Agut";"R";183;"ESP";28,7;"7-6(6) 3-6 6-4 6-1";5;"R16";171;33;9;113;73;59;19;19;7;10;9;4;127;88;56;21;19;11;16;3;5290;14;2350;7;3;6;6;NA;6;6;4;1;NA;2017-01-16;2017;"2017-580:230";762;0;6,41503749927884;4,1926450779424;9;"Roberto Bautista Agut";116;"Milos Raonic";4,1926450779424;6,41503749927884;-2,22239242133645;28,7;26;2,7;183;196;-13;0,7;0,6875;0,6875;0,7;-0,0125;16;10;11;7;5;3;3;5;-2;0;0;1
"728445";"2017-580";"Australian Open";"Hard";"128";"Grand Slams";231;54;"David Goffin";"R";180;"BEL";26,1;134;"Dominic Thiem";"R";185;"AUT";23,3;"5-7 7-6(4) 6-2 6-2";5;"R16";163;15;2;125;70;51;33;20;3;6;13;5;128;77;53;23;20;9;15;11;2750;8;3415;5;7;6;6;NA;7;6;2;2;NA;2017-01-16;2017;"2017-580:231";763;1;4,5405683813627;5;54;"David Goffin";134;"Dominic Thiem";4,5405683813627;5;-0,459431618637297;26,1;23,3;2,8;180;185;-5;0,5;0,6;0,5;0,6;-0,1;15;6;9;3;6;3;6;3;3;0;0;1
"728446";"2017-580";"Australian Open";"Hard";"128";"Grand Slams";232;33;"Grigor Dimitrov";"R";188;"BUL";25,6;65;"Denis Istomin";"R";188;"UZB";30,3;"2-6 7-6(2) 6-2 6-1";5;"R16";144;7;1;98;72;58;16;18;5;7;14;1;104;73;48;14;17;3;7;15;2135;117;498;2;7;6;6;NA;6;6;2;1;NA;2017-01-16;2017;"2017-580:232";764;1;4,09310940439148;1,1296352804166;33;"Grigor Dimitrov";65;"Denis Istomin";4,09310940439148;1,1296352804166;2,96347412397489;25,6;30,3;-4,7;188;188;0;0,714285714285714;0,428571428571429;0,714285714285714;0,428571428571429;0,285714285714286;7;7;3;5;4;2;4;2;2;0;0;1
"728448";"2017-580";"Australian Open";"Hard";"128";"Grand Slams";234;145;"Stan Wawrinka";"R";183;"SUI";31,8;141;"Jo-Wilfried Tsonga";"R";188;"FRA";31,7;"7-6(2) 6-4 6-3";5;"QF";134;4;2;107;58;41;32;16;5;6;7;3;86;46;34;17;15;0;3;4;5155;12;2505;7;6;6;NA;NA;6;4;3;NA;NA;2017-01-16;2017;"2017-580:234";765;0;6;4,41503749927884;141;"Jo-Wilfried Tsonga";145;"Stan Wawrinka";4,41503749927884;6;-1,58496250072116;31,7;31,8;-0,100000000000001;188;183;5;0,833333333333333;0;0;0,833333333333333;-0,833333333333333;3;6;0;5;3;1;1;3;-2;0;0;1
"728449";"2017-580";"Australian Open";"Hard";"128";"Grand Slams";235;101;"Rafael Nadal";"L";185;"ESP";30,6;116;"Milos Raonic";"R";196;"CAN";26;"6-4 7-6(7) 6-4";5;"QF";164;4;4;105;76;63;15;16;4;4;14;2;107;71;48;20;16;1;3;9;3195;3;5290;6;7;6;NA;NA;4;6;4;NA;NA;2017-01-16;2017;"2017-580:235";766;1;4,83007499855769;6,41503749927884;101;"Rafael Nadal";116;"Milos Raonic";4,83007499855769;6,41503749927884;-1,58496250072116;30,6;26;4,6;185;196;-11;1;0,333333333333333;1;0,333333333333333;0,666666666666667;3;4;1;4;2;0;2;0;2;0;0;1
"728450";"2017-580";"Australian Open";"Hard";"128";"Grand Slams";236;33;"Grigor Dimitrov";"R";188;"BUL";25,6;54;"David Goffin";"R";180;"BEL";26,1;"6-3 6-2 6-4";5;"QF";132;8;4;96;61;46;15;14;8;10;6;3;94;44;30;19;13;9;15;15;2135;11;2750;6;6;6;NA;NA;3;2;4;NA;NA;2017-01-16;2017;"2017-580:236";767;1;4,09310940439148;4,5405683813627;33;"Grigor Dimitrov";54;"David Goffin";4,09310940439148;4,5405683813627;-0,447458976971221;25,6;26,1;-0,5;188;180;8;0,8;0,6;0,8;0,6;0,2;15;10;9;8;6;2;6;2;4;0;0;1
"728451";"2017-580";"Australian Open";"Hard";"128";"Grand Slams";237;44;"Roger Federer";"R";185;"SUI";35,4;145;"Stan Wawrinka";"R";183;"SUI";31,8;"7-5 6-3 1-6 4-6 6-3";5;"SF";184;11;3;143;86;62;33;24;8;12;10;2;135;89;56;32;23;5;9;17;1980;4;5155;7;6;1;4;6;5;3;6;6;3;2017-01-16;2017;"2017-580:237";768;1;3,91253715874966;6;44;"Roger Federer";145;"Stan Wawrinka";3,91253715874966;6;-2,08746284125034;35,4;31,8;3,6;185;183;2;0,666666666666667;0,555555555555556;0,666666666666667;0,555555555555556;0,111111111111111;9;12;5;8;4;4;4;4;0;0;0;1
"728452";"2017-580";"Australian Open";"Hard";"128";"Grand Slams";238;101;"Rafael Nadal";"L";185;"ESP";30,6;33;"Grigor Dimitrov";"R";188;"BUL";25,6;"6-3 5-7 7-6(5) 6-7(4) 6-4";5;"SF";296;8;3;184;135;93;27;28;12;16;20;5;181;124;87;28;27;8;13;9;3195;15;2135;6;5;7;6;6;3;7;6;7;4;2017-01-16;2017;"2017-580:238";769;0;4,83007499855769;4,09310940439148;33;"Grigor Dimitrov";101;"Rafael Nadal";4,09310940439148;4,83007499855769;-0,736965594166207;25,6;30,6;-5;188;185;3;0,75;0,615384615384615;0,615384615384615;0,75;-0,134615384615385;13;16;8;12;5;4;4;5;-1;0;0;1
"728453";"2017-580";"Australian Open";"Hard";"128";"Grand Slams";239;44;"Roger Federer";"R";185;"SUI";35,4;101;"Rafael Nadal";"L";185;"ESP";30,6;"6-4 3-6 6-1 3-6 6-3";5;"F";217;20;3;138;85;65;26;22;13;17;4;3;151;110;69;23;22;14;20;17;1980;9;3195;6;3;6;3;6;4;6;1;6;3;2017-01-16;2017;"2017-580:239";770;1;3,91253715874966;4,83007499855769;44;"Roger Federer";101;"Rafael Nadal";3,91253715874966;4,83007499855769;-0,917537839808027;35,4;30,6;4,8;185;185;0;0,764705882352941;0,7;0,764705882352941;0,7;0,0647058823529412;20;17;14;13;6;4;6;4;2;0;0;1
"749306";"2017-560";"US Open";"Hard";"128";"Grand Slams";113;101;"Rafael Nadal";"L";185;"ESP";31,2;83;"Dusan Lajovic";"R";180;"SRB";27,1;"7-6(6) 6-2 6-2";5;"R128";136;5;5;98;61;41;22;14;6;8;1;2;90;65;35;13;14;5;11;1;7645;85;637;7;6;6;NA;NA;6;2;2;NA;NA;2017-08-28;2017;"2017-560:113";771;0;8;1,5906090638623;83;"Dusan Lajovic";101;"Rafael Nadal";1,5906090638623;8;-6,4093909361377;27,1;31,2;-4,1;180;185;-5;0,75;0,454545454545455;0,454545454545455;0,75;-0,295454545454545;11;8;5;6;6;2;2;6;-4;0;0;1
"749307";"2017-560";"US Open";"Hard";"128";"Grand Slams";114;26;"Taro Daniel";"R";191;"JPN";24,5;109;"Tommy Paul";"R";185;"USA";20,2;"6-1 4-6 4-6 6-2 6-2";5;"R128";178;1;5;147;90;65;28;22;16;19;8;9;127;77;53;23;21;7;15;121;465;159;364;6;4;4;6;6;1;6;6;2;2;2017-08-28;2017;"2017-560:114";772;1;1,08113676272541;0,687117044715644;26;"Taro Daniel";109;"Tommy Paul";1,08113676272541;0,687117044715644;0,394019718009761;24,5;20,2;4,3;191;185;6;0,842105263157895;0,466666666666667;0,842105263157895;0,466666666666667;0,375438596491228;15;19;7;16;8;3;8;3;5;0;0;1
"749309";"2017-560";"US Open";"Hard";"128";"Grand Slams";116;90;"Leonardo Mayer";"R";188;"ARG";30,2;51;"Richard Gasquet";"R";185;"FRA";31,1;"3-6 6-2 6-4 6-2";5;"R128";180;9;8;99;52;41;26;18;1;3;1;6;124;66;45;26;17;7;13;59;815;30;1390;3;6;6;6;NA;6;2;4;2;NA;2017-08-28;2017;"2017-560:116";773;0;2,11735695063816;3,09310940439148;51;"Richard Gasquet";90;"Leonardo Mayer";3,09310940439148;2,11735695063816;0,975752453753323;31,1;30,2;0,900000000000002;185;188;-3;0,333333333333333;0,538461538461538;0,538461538461538;0,333333333333333;0,205128205128205;13;3;7;1;6;2;2;6;-4;0;0;1
"749315";"2017-560";"US Open";"Hard";"128";"Grand Slams";122;110;"Guido Pella";"L";185;"ARG";27,2;27;"Steve Darcis";"R";178;"BEL";33,4;"6-1 6-2 6-0";5;"R128";89;3;0;63;49;38;10;11;1;1;1;3;69;41;20;9;10;10;17;72;692;66;741;6;6;6;NA;NA;1;2;0;NA;NA;2017-08-28;2017;"2017-560:122";774;0;1,83007499855769;1,95560588064155;27;"Steve Darcis";110;"Guido Pella";1,95560588064155;1,83007499855769;0,125530882083859;33,4;27,2;6,2;178;185;-7;1;0,588235294117647;0,588235294117647;1;-0,411764705882353;17;1;10;1;7;0;0;7;-7;0;0;1
"749317";"2017-560";"US Open";"Hard";"128";"Grand Slams";124;96;"Gael Monfils";"R";193;"FRA";30,9;20;"Jeremy Chardy";"R";188;"FRA";30,5;"7-6(6) 6-3 6-4";5;"R128";126;18;5;97;48;39;28;16;2;4;3;8;108;60;41;24;15;6;11;22;1915;79;655;7;6;6;NA;NA;6;3;4;NA;NA;2017-08-28;2017;"2017-560:124";775;0;3,5405683813627;1,6962192518229;20;"Jeremy Chardy";96;"Gael Monfils";1,6962192518229;3,5405683813627;-1,84434912953981;30,5;30,9;-0,399999999999999;188;193;-5;0,5;0,545454545454545;0,545454545454545;0,5;0,0454545454545454;11;4;6;2;5;2;2;5;-3;0;0;1
"749318";"2017-560";"US Open";"Hard";"128";"Grand Slams";125;39;"Damir Dzumhur";"R";172;"BIH";25,2;25;"Pablo Cuevas";"R";180;"URU";31,6;"7-5 7-6(3) 6-1";5;"R128";123;2;4;107;73;47;17;16;8;13;6;4;105;64;37;17;15;8;16;56;855;31;1360;7;7;6;NA;NA;5;6;1;NA;NA;2017-08-28;2017;"2017-560:125";776;0;2,1926450779424;3,04580368961313;25;"Pablo Cuevas";39;"Damir Dzumhur";3,04580368961313;2,1926450779424;0,853158611670729;31,6;25,2;6,4;180;172;8;0,615384615384615;0,5;0,5;0,615384615384615;-0,115384615384615;16;13;8;8;8;5;5;8;-3;0;0;1
"749320";"2017-560";"US Open";"Hard";"128";"Grand Slams";127;119;"Andrey Rublev";"R";188;"RUS";19,8;10;"Aljaz Bedene";"R";181;"SLO";28,1;"6-1 6-4 6-4";5;"R128";102;5;3;88;53;38;25;14;1;1;12;5;75;46;34;13;13;3;7;53;890;48;958;6;6;6;NA;NA;1;4;4;NA;NA;2017-08-28;2017;"2017-560:127";777;0;2,2720795454368;2,41503749927884;10;"Aljaz Bedene";119;"Andrey Rublev";2,41503749927884;2,2720795454368;0,142957953842043;28,1;19,8;8,3;181;188;-7;1;0,428571428571429;0,428571428571429;1;-0,571428571428571;7;1;3;1;4;0;0;4;-4;0;0;1
"749322";"2017-560";"US Open";"Hard";"128";"Grand Slams";129;44;"Roger Federer";"R";185;"SUI";36;136;"Frances Tiafoe";"R";188;"USA";19,6;"4-6 6-2 6-1 1-6 6-4";5;"R128";157;17;4;116;63;49;29;21;1;5;5;6;138;71;48;35;21;7;13;3;7145;70;705;4;6;6;1;6;6;2;1;6;4;2017-08-28;2017;"2017-560:129";778;1;6,41503749927884;1,87071698305503;44;"Roger Federer";136;"Frances Tiafoe";6,41503749927884;1,87071698305503;4,54432051622381;36;19,6;16,4;185;188;-3;0,2;0,538461538461538;0,2;0,538461538461538;-0,338461538461538;13;5;7;1;6;4;6;4;2;0;0;1
"749326";"2017-560";"US Open";"Hard";"128";"Grand Slams";133;74;"Philipp Kohlschreiber";"R";178;"GER";33,8;127;"Tim Smyczek";"R";175;"USA";29,6;"6-1 6-4 6-4";5;"R128";104;6;4;86;36;30;34;14;3;3;2;1;74;54;35;10;13;1;5;37;1135;203;267;6;6;6;NA;NA;1;4;4;NA;NA;2017-08-28;2017;"2017-560:133";779;1;2,79054663437105;0,334664082814824;74;"Philipp Kohlschreiber";127;"Tim Smyczek";2,79054663437105;0,334664082814824;2,45588255155623;33,8;29,6;4,2;178;175;3;1;0,2;1;0,2;0,8;5;3;1;3;4;0;4;0;4;0;0;1
"749329";"2017-560";"US Open";"Hard";"128";"Grand Slams";136;94;"John Millman";"R";183;"AUS";28,2;80;"Nick Kyrgios";"R";193;"AUS";22,3;"6-3 1-6 6-4 6-1";5;"R128";135;3;2;103;73;52;16;17;3;5;17;7;116;69;48;21;16;10;14;235;220;17;2325;6;1;6;6;NA;3;6;4;1;NA;2017-08-28;2017;"2017-560:136";780;0;0,123483053435001;3,91253715874966;80;"Nick Kyrgios";94;"John Millman";3,91253715874966;0,123483053435001;3,78905410531466;22,3;28,2;-5,9;193;183;10;0,6;0,714285714285714;0,714285714285714;0,6;0,114285714285714;14;5;10;3;4;2;2;4;-2;0;0;1
"749330";"2017-560";"US Open";"Hard";"128";"Grand Slams";137;9;"Roberto Bautista Agut";"R";183;"ESP";29,3;123;"Andreas Seppi";"R";190;"ITA";33,5;"6-2 4-6 6-2 7-6(1)";5;"R128";175;4;1;133;77;49;36;19;13;16;11;3;120;69;50;19;19;8;14;13;2525;81;646;6;4;6;7;NA;2;6;2;6;NA;2017-08-28;2017;"2017-560:137";781;1;4,29956028185891;1,66014999711538;9;"Roberto Bautista Agut";123;"Andreas Seppi";4,29956028185891;1,66014999711538;2,63941028474353;29,3;33,5;-4,2;183;190;-7;0,8125;0,571428571428571;0,8125;0,571428571428571;0,241071428571429;14;16;8;13;6;3;6;3;3;0;0;1
"749333";"2017-560";"US Open";"Hard";"128";"Grand Slams";140;31;"Juan Martin del Potro";"R";198;"ARG";28,9;81;"Henri Laaksonen";"R";185;"SUI";25,4;"6-4 7-6(3) 7-6(5)";5;"R128";154;16;6;104;66;55;23;17;3;4;9;10;124;69;55;26;17;7;9;28;1460;94;574;6;7;7;NA;NA;4;6;6;NA;NA;2017-08-28;2017;"2017-560:140";782;1;3,1926450779424;1,44541114832236;31;"Juan Martin del Potro";81;"Henri Laaksonen";3,1926450779424;1,44541114832236;1,74723392962003;28,9;25,4;3,5;198;185;13;0,75;0,777777777777778;0,75;0,777777777777778;-0,0277777777777778;9;4;7;3;2;1;2;1;1;0;0;1
"749334";"2017-560";"US Open";"Hard";"128";"Grand Slams";141;87;"Adrian Mannarino";"L";183;"FRA";29,1;12;"Ricardas Berankis";"R";175;"LTU";27,1;"6-2 6-4 6-2";5;"R128";95;5;1;77;47;39;17;13;3;3;0;3;73;35;22;19;13;3;8;34;1255;165;345;6;6;6;NA;NA;2;4;2;NA;NA;2017-08-28;2017;"2017-560:141";783;0;2,91253715874966;0,633677785754184;12;"Ricardas Berankis";87;"Adrian Mannarino";0,633677785754184;2,91253715874966;-2,27885937299548;27,1;29,1;-2;175;183;-8;1;0,375;0,375;1;-0,625;8;3;3;3;5;0;0;5;-5;0;0;1
"749336";"2017-560";"US Open";"Hard";"128";"Grand Slams";143;47;"Taylor Fritz";"R";193;"USA";19,8;7;"Marcos Baghdatis";"R";183;"CYP";32,1;"6-4 6-4 6-3";5;"R128";119;7;5;104;60;40;25;15;8;10;5;10;88;40;31;19;14;5;10;108;519;83;645;6;6;6;NA;NA;4;4;3;NA;NA;2017-08-28;2017;"2017-560:143";784;0;1,24511249783653;1,62496056865308;7;"Marcos Baghdatis";47;"Taylor Fritz";1,62496056865308;1,24511249783653;0,379848070816544;32,1;19,8;12,3;183;193;-10;0,8;0,5;0,5;0,8;-0,3;10;10;5;8;5;2;2;5;-3;0;0;1
"749337";"2017-560";"US Open";"Hard";"128";"Grand Slams";144;134;"Dominic Thiem";"R";185;"AUT";23,9;30;"Alex De Minaur";"R";183;"AUS";18,5;"6-4 6-1 6-1";5;"R128";109;3;3;69;48;40;10;12;2;3;1;4;81;51;28;13;12;3;10;8;4030;186;298;6;6;6;NA;NA;4;1;1;NA;NA;2017-08-28;2017;"2017-560:144";785;0;5;0,460841188891969;30;"Alex De Minaur";134;"Dominic Thiem";0,460841188891969;5;-4,53915881110803;18,5;23,9;-5,4;183;185;-2;0,666666666666667;0,3;0,3;0,666666666666667;-0,366666666666667;10;3;3;2;7;1;1;7;-6;0;0;1
"749340";"2017-560";"US Open";"Hard";"128";"Grand Slams";147;1;"Radu Albot";"R";175;"MDA";27,7;41;"Ernesto Escobedo";"R";185;"USA";21,1;"7-5 4-6 6-2 6-4";5;"R128";187;3;5;126;73;50;32;20;1;4;11;7;157;81;49;41;20;19;25;138;405;77;671;7;4;6;6;NA;5;6;2;4;NA;2017-08-28;2017;"2017-560:147";786;1;0,891475543221831;1,7332134593051;1;"Radu Albot";41;"Ernesto Escobedo";0,891475543221831;1,7332134593051;-0,841737916083268;27,7;21,1;6,6;175;185;-10;0,25;0,76;0,25;0,76;-0,51;25;4;19;1;6;3;6;3;3;0;0;1
"749343";"2017-560";"US Open";"Hard";"128";"Grand Slams";150;108;"Benoit Paire";"R";196;"FRA";28,3;82;"Lukas Lacko";"R";185;"SVK";29,8;"6-3 6-2 7-6(5)";5;"R128";95;14;3;88;47;43;20;15;6;7;2;1;99;65;39;19;14;4;9;41;1085;120;472;6;6;7;NA;NA;3;2;6;NA;NA;2017-08-28;2017;"2017-560:150";787;0;2,64244799538192;1,09310940439148;82;"Lukas Lacko";108;"Benoit Paire";1,09310940439148;2,64244799538192;-1,54933859099043;29,8;28,3;1,5;185;196;-11;0,857142857142857;0,444444444444444;0,444444444444444;0,857142857142857;-0,412698412698413;9;7;4;6;5;1;1;5;-4;0;0;1
"749345";"2017-560";"US Open";"Hard";"128";"Grand Slams";152;64;"John Isner";"R";206;"USA";32,3;60;"Pierre Hugues Herbert";"R";188;"FRA";26,4;"6-1 6-3 4-6 6-3";5;"R128";143;22;1;100;71;57;15;18;6;7;11;8;109;62;45;18;17;4;9;15;2425;65;742;6;6;4;6;NA;1;3;6;3;NA;2017-08-28;2017;"2017-560:152";788;0;4,09310940439148;1,97763218697155;60;"Pierre Hugues Herbert";64;"John Isner";1,97763218697155;4,09310940439148;-2,11547721741994;26,4;32,3;-5,9;188;206;-18;0,857142857142857;0,444444444444444;0,444444444444444;0,857142857142857;-0,412698412698413;9;7;4;6;5;1;1;5;-4;0;0;1
"749346";"2017-560";"US Open";"Hard";"128";"Grand Slams";153;135;"Jordan Thompson";"R";183;"AUS";23,3;128;"Jack Sock";"R";185;"USA";24,9;"6-2 7-6(12) 1-6 5-7 6-4";5;"R128";236;8;10;173;111;73;26;25;9;17;15;6;162;100;66;30;24;6;14;73;691;16;2345;6;7;1;5;6;2;6;6;7;4;2017-08-28;2017;"2017-560:153";789;0;1,81017544111998;4;128;"Jack Sock";135;"Jordan Thompson";4;1,81017544111998;2,18982455888002;24,9;23,3;1,6;185;183;2;0,529411764705882;0,428571428571429;0,428571428571429;0,529411764705882;-0,100840336134454;14;17;6;9;8;8;8;8;0;0;0;1
"749348";"2017-560";"US Open";"Hard";"128";"Grand Slams";155;85;"Paolo Lorenzi";"R";183;"ITA";35,7;130;"Joao Sousa";"R";185;"POR";28,4;"4-6 6-3 7-6(4) 6-2";5;"R128";180;9;5;129;79;61;30;20;5;6;5;3;125;69;53;28;19;5;8;40;1100;50;950;4;6;7;6;NA;6;3;6;2;NA;2017-08-28;2017;"2017-560:155";790;1;2,67807190511264;2,35614381022528;85;"Paolo Lorenzi";130;"Joao Sousa";2,67807190511264;2,35614381022528;0,321928094887362;35,7;28,4;7,3;183;185;-2;0,833333333333333;0,625;0,833333333333333;0,625;0,208333333333333;8;6;5;5;3;1;3;1;2;0;0;1
"749352";"2017-560";"US Open";"Hard";"128";"Grand Slams";159;23;"Borna Coric";"R";188;"CRO";20,7;144;"Jiri Vesely";"L";198;"CZE";24,1;"7-6(5) 7-6(2) 6-2";5;"R128";148;9;5;108;68;49;21;16;4;6;11;8;113;78;54;12;16;8;12;61;796;55;885;7;7;6;NA;NA;6;6;2;NA;NA;2017-08-28;2017;"2017-560:159";791;1;2,06926266243711;2,21864028647534;23;"Borna Coric";144;"Jiri Vesely";2,06926266243711;2,21864028647534;-0,149377624038227;20,7;24,1;-3,4;188;198;-10;0,666666666666667;0,666666666666667;0,666666666666667;0,666666666666667;0;12;6;8;4;4;2;4;2;2;0;0;1
"749355";"2017-560";"US Open";"Hard";"128";"Grand Slams";162;124;"Denis Shapovalov";"L";185;"CAN";18,3;92;"Daniil Medvedev";"R";198;"RUS";21,5;"7-5 6-1 6-2";5;"R128";96;6;2;88;64;46;13;14;2;4;2;8;82;47;25;12;13;5;12;69;721;54;889;7;6;6;NA;NA;5;1;2;NA;NA;2017-08-28;2017;"2017-560:162";792;0;1,89147554322183;2,24511249783653;92;"Daniil Medvedev";124;"Denis Shapovalov";2,24511249783653;1,89147554322183;0,353636954614701;21,5;18,3;3,2;198;185;13;0,5;0,416666666666667;0,416666666666667;0,5;-0,0833333333333333;12;4;5;2;7;2;2;7;-5;0;0;1
"749356";"2017-560";"US Open";"Hard";"128";"Grand Slams";163;68;"Steve Johnson";"R";188;"USA";27,6;3;"Nicolas Almagro";"R";183;"ESP";32;"6-4 7-6(2) 7-6(5)";5;"R128";142;16;1;95;55;49;26;17;1;1;9;4;115;58;43;32;17;3;4;46;1000;92;590;6;7;7;NA;NA;4;6;6;NA;NA;2017-08-28;2017;"2017-560:163";793;0;2,47643804394299;1,47643804394299;3;"Nicolas Almagro";68;"Steve Johnson";1,47643804394299;2,47643804394299;-1;32;27,6;4,4;183;188;-5;1;0,75;0,75;1;-0,25;4;1;3;1;1;0;0;1;-1;0;0;1
"749358";"2017-560";"US Open";"Hard";"128";"Grand Slams";165;115;"Albert Ramos";"L";188;"ESP";29,6;65;"Denis Istomin";"R";188;"UZB";30,9;"4-6 7-6(4) 7-5 6-7(3) 7-5";5;"R128";295;12;2;189;120;83;40;29;10;15;23;4;229;157;102;39;29;21;27;24;1815;86;634;4;7;7;6;7;6;6;5;7;5;2017-08-28;2017;"2017-560:165";794;0;3,41503749927884;1,5737352452979;65;"Denis Istomin";115;"Albert Ramos";1,5737352452979;3,41503749927884;-1,84130225398094;30,9;29,6;1,3;188;188;0;0,666666666666667;0,777777777777778;0,777777777777778;0,666666666666667;0,111111111111111;27;15;21;10;6;5;5;6;-1;0;0;1
"749359";"2017-560";"US Open";"Hard";"128";"Grand Slams";166;86;"Nicolas Mahut";"R";190;"FRA";35,6;48;"Marton Fucsovics";"R";188;"HUN";25,5;"6-3 2-6 6-4 2-6 7-6(3)";5;"R128";202;9;4;162;89;64;40;24;9;13;16;11;159;84;70;37;23;11;13;115;491;117;483;6;2;6;2;7;3;6;4;6;6;2017-08-28;2017;"2017-560:166";795;0;1,15450994905563;1,1296352804166;48;"Marton Fucsovics";86;"Nicolas Mahut";1,1296352804166;1,15450994905563;-0,02487466863903;25,5;35,6;-10,1;188;190;-2;0,692307692307692;0,846153846153846;0,846153846153846;0,692307692307692;0,153846153846154;13;13;11;9;2;4;4;2;2;0;0;1
"749367";"2017-560";"US Open";"Hard";"128";"Grand Slams";174;137;"Janko Tipsarevic";"R";180;"SRB";33,1;75;"Thanasi Kokkinakis";"R";196;"AUS";21,3;"6-7(5) 3-6 6-1 7-6(2) 6-3";5;"R128";250;10;7;157;91;72;36;25;6;10;18;7;195;120;84;32;24;16;22;67;736;222;235;6;3;6;7;6;7;6;1;6;3;2017-08-28;2017;"2017-560:174";796;0;1,93391080954223;0,205584133649894;75;"Thanasi Kokkinakis";137;"Janko Tipsarevic";0,205584133649894;1,93391080954223;-1,72832667589233;21,3;33,1;-11,8;196;180;16;0,6;0,727272727272727;0,727272727272727;0,6;0,127272727272727;22;10;16;6;6;4;4;6;-2;0;0;1
"749369";"2017-560";"US Open";"Hard";"128";"Grand Slams";176;22;"Marin Cilic";"R";198;"CRO";28,9;121;"Tennys Sandgren";"R";188;"USA";26,1;"6-4 6-3 3-6 6-3";5;"R128";168;11;2;105;56;48;23;19;2;5;4;2;131;75;45;30;18;9;14;7;4155;105;538;6;6;3;6;NA;4;3;6;3;NA;2017-08-28;2017;"2017-560:176";797;1;5,1926450779424;1,28575448233388;22;"Marin Cilic";121;"Tennys Sandgren";5,1926450779424;1,28575448233388;3,90689059560852;28,9;26,1;2,8;198;188;10;0,4;0,642857142857143;0,4;0,642857142857143;-0,242857142857143;14;5;9;2;5;3;5;3;2;0;0;1
"749370";"2017-560";"US Open";"Hard";"128";"Grand Slams";177;101;"Rafael Nadal";"L";185;"ESP";31,2;26;"Taro Daniel";"R";191;"JPN";24,5;"4-6 6-3 6-2 6-2";5;"R64";173;6;3;106;65;50;23;18;4;6;3;6;118;75;46;19;17;5;11;1;7645;121;465;4;6;6;6;NA;6;3;2;2;NA;2017-08-28;2017;"2017-560:177";798;0;8;1,08113676272541;26;"Taro Daniel";101;"Rafael Nadal";1,08113676272541;8;-6,9188632372746;24,5;31,2;-6,7;191;185;6;0,666666666666667;0,454545454545455;0,454545454545455;0,666666666666667;-0,212121212121212;11;6;5;4;6;2;2;6;-4;0;0;1
"749374";"2017-560";"US Open";"Hard";"128";"Grand Slams";181;54;"David Goffin";"R";180;"BEL";26,7;110;"Guido Pella";"L";185;"ARG";27,2;"3-6 7-6(5) 6-7(2) 7-6(4) 6-3";5;"R64";260;14;6;177;100;77;41;27;5;7;16;5;182;110;80;46;27;6;9;14;2525;72;692;3;7;6;7;6;6;6;7;6;3;2017-08-28;2017;"2017-560:181";799;1;4,1926450779424;1,83007499855769;54;"David Goffin";110;"Guido Pella";4,1926450779424;1,83007499855769;2,36257007938471;26,7;27,2;-0,5;180;185;-5;0,714285714285714;0,666666666666667;0,714285714285714;0,666666666666667;0,0476190476190477;9;7;6;5;3;2;3;2;1;0;0;1
"749375";"2017-560";"US Open";"Hard";"128";"Grand Slams";182;96;"Gael Monfils";"R";193;"FRA";30,9;146;"Donald Young";"L";183;"USA";28;"6-3 6-7(3) 6-4 2-6 7-5";5;"R64";197;19;13;154;83;62;37;26;9;14;7;6;154;96;62;34;25;6;13;22;1915;57;830;6;6;6;2;7;3;7;4;6;5;2017-08-28;2017;"2017-560:182";800;1;3,5405683813627;2,16710998583526;96;"Gael Monfils";146;"Donald Young";3,5405683813627;2,16710998583526;1,37345839552744;30,9;28;2,9;193;183;10;0,642857142857143;0,461538461538462;0,642857142857143;0,461538461538462;0,181318681318681;13;14;6;9;7;5;7;5;2;0;0;1
"749377";"2017-560";"US Open";"Hard";"128";"Grand Slams";184;119;"Andrey Rublev";"R";188;"RUS";19,8;33;"Grigor Dimitrov";"R";188;"BUL";26,2;"7-5 7-6(3) 6-3";5;"R64";147;7;3;125;76;53;29;17;8;10;10;11;105;62;46;17;16;6;10;53;890;9;3710;7;7;6;NA;NA;5;6;3;NA;NA;2017-08-28;2017;"2017-560:184";801;0;2,2720795454368;4,83007499855769;33;"Grigor Dimitrov";119;"Andrey Rublev";4,83007499855769;2,2720795454368;2,55799545312089;26,2;19,8;6,4;188;188;0;0,8;0,6;0,6;0,8;-0,2;10;10;6;8;4;2;2;4;-2;0;0;1
"749379";"2017-560";"US Open";"Hard";"128";"Grand Slams";186;84;"Feliciano Lopez";"L";188;"ESP";35,9;143;"Fernando Verdasco";"L";188;"ESP";33,7;"6-3 6-2 3-6 6-1";5;"R64";131;11;2;108;64;49;20;17;6;8;8;3;93;56;38;16;16;5;11;35;1250;43;1080;6;6;3;6;NA;3;2;6;1;NA;2017-08-28;2017;"2017-560:186";802;1;2,87071698305503;2,5737352452979;84;"Feliciano Lopez";143;"Fernando Verdasco";2,87071698305503;2,5737352452979;0,296981737757132;35,9;33,7;2,2;188;188;0;0,75;0,454545454545455;0,75;0,454545454545455;0,295454545454545;11;8;5;6;6;2;6;2;4;0;0;1
"749385";"2017-560";"US Open";"Hard";"128";"Grand Slams";192;134;"Dominic Thiem";"R";185;"AUT";23,9;47;"Taylor Fritz";"R";193;"USA";19,8;"6-4 6-4 4-6 7-5";5;"R64";170;5;6;145;89;61;34;21;16;18;7;3;133;80;58;29;21;5;9;8;4030;108;519;6;6;4;7;NA;4;4;6;5;NA;2017-08-28;2017;"2017-560:192";803;0;5;1,24511249783653;47;"Taylor Fritz";134;"Dominic Thiem";1,24511249783653;5;-3,75488750216347;19,8;23,9;-4,1;193;185;8;0,888888888888889;0,555555555555556;0,555555555555556;0,888888888888889;-0,333333333333333;9;18;5;16;4;2;2;4;-2;0;0;1
"749389";"2017-560";"US Open";"Hard";"128";"Grand Slams";196;64;"John Isner";"R";206;"USA";32,3;21;"Hyeon Chung";"R";188;"KOR";21,2;"6-3 6-4 7-5";5;"R64";106;30;2;77;56;49;15;16;0;0;4;5;93;51;33;26;15;1;4;15;2425;47;992;6;6;7;NA;NA;3;4;5;NA;NA;2017-08-28;2017;"2017-560:196";804;0;4,09310940439148;2,44541114832236;21;"Hyeon Chung";64;"John Isner";2,44541114832236;4,09310940439148;-1,64769825606912;21,2;32,3;-11,1;188;206;-18;1,5;0,25;0,25;1,5;-1,25;4;0;1;0;3;0;0;3;-3;0;0;1
"749390";"2017-560";"US Open";"Hard";"128";"Grand Slams";197;43;"Thomas Fabbiano";"R";173;"ITA";28,2;135;"Jordan Thompson";"R";183;"AUS";23,3;"2-6 6-2 3-6 6-4 6-2";5;"R64";177;3;6;117;77;48;20;22;5;12;1;15;137;91;56;17;21;8;17;82;646;73;691;2;6;3;6;6;6;2;6;4;2;2017-08-28;2017;"2017-560:197";805;1;1,64244799538192;1,81017544111998;43;"Thomas Fabbiano";135;"Jordan Thompson";1,64244799538192;1,81017544111998;-0,167727445738066;28,2;23,3;4,9;173;183;-10;0,416666666666667;0,470588235294118;0,416666666666667;0,470588235294118;-0,053921568627451;17;12;8;5;9;7;9;7;2;0;0;1
"749393";"2017-560";"US Open";"Hard";"128";"Grand Slams";200;23;"Borna Coric";"R";188;"CRO";20,7;148;"Alexander Zverev";"R";198;"GER";20,3;"3-6 7-5 7-6(1) 7-6(4)";5;"R64";206;5;3;150;102;78;27;23;10;11;22;7;149;100;76;27;22;6;7;61;796;6;4470;3;7;7;7;NA;6;5;6;6;NA;2017-08-28;2017;"2017-560:200";806;1;2,06926266243711;5,41503749927884;23;"Borna Coric";148;"Alexander Zverev";2,06926266243711;5,41503749927884;-3,34577483684173;20,7;20,3;0,399999999999999;188;198;-10;0,909090909090909;0,857142857142857;0,909090909090909;0,857142857142857;0,051948051948052;7;11;6;10;1;1;1;1;0;0;0;1
"749394";"2017-560";"US Open";"Hard";"128";"Grand Slams";201;124;"Denis Shapovalov";"L";185;"CAN";18,3;141;"Jo-Wilfried Tsonga";"R";188;"FRA";32,3;"6-4 6-4 7-6(3)";5;"R64";132;2;3;97;65;50;18;16;3;4;4;5;96;49;36;25;16;2;5;69;721;12;2690;6;6;7;NA;NA;4;4;6;NA;NA;2017-08-28;2017;"2017-560:201";807;1;1,89147554322183;4,41503749927884;124;"Denis Shapovalov";141;"Jo-Wilfried Tsonga";1,89147554322183;4,41503749927884;-2,52356195605701;18,3;32,3;-14;185;188;-3;0,75;0,4;0,75;0,4;0,35;5;4;2;3;3;1;3;1;2;0;0;1
"749395";"2017-560";"US Open";"Hard";"128";"Grand Slams";202;40;"Kyle Edmund";"R";188;"GBR";22,6;68;"Steve Johnson";"R";188;"USA";27,6;"7-5 6-2 7-6(4)";5;"R64";137;2;2;104;65;47;23;16;5;7;9;8;102;66;48;11;16;6;11;42;1082;46;1000;7;6;7;NA;NA;5;2;6;NA;NA;2017-08-28;2017;"2017-560:202";808;1;2,60768257722124;2,47643804394299;40;"Kyle Edmund";68;"Steve Johnson";2,60768257722124;2,47643804394299;0,131244533278252;22,6;27,6;-5;188;188;0;0,714285714285714;0,545454545454545;0,714285714285714;0,545454545454545;0,168831168831169;11;7;6;5;5;2;5;2;3;0;0;1
"749396";"2017-560";"US Open";"Hard";"128";"Grand Slams";203;86;"Nicolas Mahut";"R";190;"FRA";35,6;115;"Albert Ramos";"L";188;"ESP";29,6;"4-6 6-4 4-6 6-3 6-0";5;"R64";207;14;7;141;95;71;23;23;9;13;5;7;158;102;62;27;22;17;24;115;491;24;1815;4;6;4;6;6;6;4;6;3;0;2017-08-28;2017;"2017-560:203";809;1;1,15450994905563;3,41503749927884;86;"Nicolas Mahut";115;"Albert Ramos";1,15450994905563;3,41503749927884;-2,26052755022322;35,6;29,6;6;190;188;2;0,692307692307692;0,708333333333333;0,692307692307692;0,708333333333333;-0,0160256410256411;24;13;17;9;7;4;7;4;3;0;0;1
"749397";"2017-560";"US Open";"Hard";"128";"Grand Slams";204;18;"Pablo Carreno Busta";"R";188;"ESP";26,1;105;"Cameron Norrie";"L";188;"GBR";22;"6-2 6-4 6-3";5;"R64";103;3;0;88;66;47;12;14;6;7;4;9;88;44;28;20;13;4;10;19;2225;225;229;6;6;6;NA;NA;2;4;3;NA;NA;2017-08-28;2017;"2017-560:204";810;1;3,75207248655641;0,186218808782963;18;"Pablo Carreno Busta";105;"Cameron Norrie";3,75207248655641;0,186218808782963;3,56585367777345;26,1;22;4,1;188;188;0;0,857142857142857;0,4;0,857142857142857;0,4;0,457142857142857;10;7;4;6;6;1;6;1;5;0;0;1
"749400";"2017-560";"US Open";"Hard";"128";"Grand Slams";207;122;"Diego Schwartzman";"R";170;"ARG";25;137;"Janko Tipsarevic";"R";180;"SRB";33,1;"6-2 6-4 7-5";5;"R64";140;0;4;103;53;37;28;15;8;11;4;2;98;46;28;21;15;7;14;33;1280;67;736;6;6;7;NA;NA;2;4;5;NA;NA;2017-08-28;2017;"2017-560:207";811;1;2,95560588064155;1,93391080954223;122;"Diego Schwartzman";137;"Janko Tipsarevic";2,95560588064155;1,93391080954223;1,02169507109932;25;33,1;-8,1;170;180;-10;0,727272727272727;0,5;0,727272727272727;0,5;0,227272727272727;14;11;7;8;7;3;7;3;4;0;0;1
"749401";"2017-560";"US Open";"Hard";"128";"Grand Slams";208;22;"Marin Cilic";"R";198;"CRO";28,9;89;"Florian Mayer";"R";190;"GER";33,8;"6-3 6-3 6-3";5;"R64";100;18;6;83;40;35;24;14;4;5;2;3;70;42;26;11;13;5;10;7;4155;74;688;6;6;6;NA;NA;3;3;3;NA;NA;2017-08-28;2017;"2017-560:208";812;1;5,1926450779424;1,79054663437105;22;"Marin Cilic";89;"Florian Mayer";5,1926450779424;1,79054663437105;3,40209844357135;28,9;33,8;-4,9;198;190;8;0,8;0,5;0,8;0,5;0,3;10;5;5;4;5;1;5;1;4;0;0;1
"749402";"2017-560";"US Open";"Hard";"128";"Grand Slams";209;101;"Rafael Nadal";"L";185;"ESP";31,2;90;"Leonardo Mayer";"R";188;"ARG";30,2;"6-7(3) 6-3 6-1 6-4";5;"R32";195;4;3;109;74;54;24;19;2;3;12;5;151;95;57;32;19;19;25;1;7645;59;815;6;6;6;6;NA;7;3;1;4;NA;2017-08-28;2017;"2017-560:209";813;0;8;2,11735695063816;90;"Leonardo Mayer";101;"Rafael Nadal";2,11735695063816;8;-5,88264304936184;30,2;31,2;-1;188;185;3;0,666666666666667;0,76;0,76;0,666666666666667;0,0933333333333334;25;3;19;2;6;1;1;6;-5;0;0;1
"749405";"2017-560";"US Open";"Hard";"128";"Grand Slams";212;119;"Andrey Rublev";"R";188;"RUS";19,8;39;"Damir Dzumhur";"R";172;"BIH";25,2;"6-4 6-4 5-7 6-4";5;"R32";166;7;4;148;91;55;28;21;13;20;5;4;126;83;50;18;21;6;15;53;890;56;855;6;6;5;6;NA;4;4;7;4;NA;2017-08-28;2017;"2017-560:212";814;0;2,2720795454368;2,1926450779424;39;"Damir Dzumhur";119;"Andrey Rublev";2,1926450779424;2,2720795454368;-0,079434467494405;25,2;19,8;5,4;172;188;-16;0,65;0,4;0,4;0,65;-0,25;15;20;6;13;9;7;7;9;-2;0;0;1
"749406";"2017-560";"US Open";"Hard";"128";"Grand Slams";213;44;"Roger Federer";"R";185;"SUI";36;84;"Feliciano Lopez";"L";188;"ESP";35,9;"6-3 6-3 7-5";5;"R32";106;13;1;84;46;39;22;15;5;6;9;3;91;49;38;16;15;7;12;3;7145;35;1250;6;6;7;NA;NA;3;3;5;NA;NA;2017-08-28;2017;"2017-560:213";815;1;6,41503749927884;2,87071698305503;44;"Roger Federer";84;"Feliciano Lopez";6,41503749927884;2,87071698305503;3,54432051622381;36;35,9;0,100000000000001;185;188;-3;0,833333333333333;0,583333333333333;0,833333333333333;0,583333333333333;0,25;12;6;7;5;5;1;5;1;4;0;0;1
"749407";"2017-560";"US Open";"Hard";"128";"Grand Slams";214;74;"Philipp Kohlschreiber";"R";178;"GER";33,8;94;"John Millman";"R";183;"AUS";28,2;"7-5 6-2 6-4";5;"R32";140;5;4;97;54;45;21;15;5;6;2;1;111;68;43;20;15;8;13;37;1135;235;220;7;6;6;NA;NA;5;2;4;NA;NA;2017-08-28;2017;"2017-560:214";816;1;2,79054663437105;0,123483053435001;74;"Philipp Kohlschreiber";94;"John Millman";2,79054663437105;0,123483053435001;2,66706358093605;33,8;28,2;5,6;178;183;-5;0,833333333333333;0,615384615384615;0,833333333333333;0,615384615384615;0,217948717948718;13;6;8;5;5;1;5;1;4;0;0;1
"749408";"2017-560";"US Open";"Hard";"128";"Grand Slams";215;31;"Juan Martin del Potro";"R";198;"ARG";28,9;9;"Roberto Bautista Agut";"R";183;"ESP";29,3;"6-3 6-3 6-4";5;"R32";130;14;4;77;49;38;17;14;2;3;0;1;92;57;37;16;14;8;13;28;1460;13;2525;6;6;6;NA;NA;3;3;4;NA;NA;2017-08-28;2017;"2017-560:215";817;0;3,1926450779424;4,29956028185891;9;"Roberto Bautista Agut";31;"Juan Martin del Potro";4,29956028185891;3,1926450779424;1,10691520391651;29,3;28,9;0,400000000000002;183;198;-15;0,666666666666667;0,615384615384615;0,615384615384615;0,666666666666667;-0,0512820512820512;13;3;8;2;5;1;1;5;-4;0;0;1
"749409";"2017-560";"US Open";"Hard";"128";"Grand Slams";216;134;"Dominic Thiem";"R";185;"AUT";23,9;87;"Adrian Mannarino";"L";183;"FRA";29,1;"7-5 6-3 6-4";5;"R32";133;5;1;104;70;54;17;16;9;10;0;2;89;55;34;19;15;2;6;8;4030;34;1255;7;6;6;NA;NA;5;3;4;NA;NA;2017-08-28;2017;"2017-560:216";818;0;5;2,91253715874966;87;"Adrian Mannarino";134;"Dominic Thiem";2,91253715874966;5;-2,08746284125034;29,1;23,9;5,2;183;185;-2;0,9;0,333333333333333;0,333333333333333;0,9;-0,566666666666667;6;10;2;9;4;1;1;4;-3;0;0;1
"749410";"2017-560";"US Open";"Hard";"128";"Grand Slams";217;114;"Sam Querrey";"R";198;"USA";29,8;1;"Radu Albot";"R";175;"MDA";27,7;"4-6 6-2 6-4 6-4";5;"R32";128;19;3;103;59;47;29;19;1;2;5;4;106;78;54;15;19;5;9;21;2095;138;405;4;6;6;6;NA;6;2;4;4;NA;2017-08-28;2017;"2017-560:217";819;0;3,60768257722124;0,891475543221831;1;"Radu Albot";114;"Sam Querrey";0,891475543221831;3,60768257722124;-2,71620703399941;27,7;29,8;-2,1;175;198;-23;0,5;0,555555555555556;0,555555555555556;0,5;0,0555555555555556;9;2;5;1;4;1;1;4;-3;0;0;1
"749413";"2017-560";"US Open";"Hard";"128";"Grand Slams";220;4;"Kevin Anderson";"R";203;"RSA";31,2;23;"Borna Coric";"R";188;"CRO";20,7;"6-4 6-3 6-2";5;"R32";110;12;3;85;55;43;18;14;5;5;2;3;74;48;29;16;13;4;8;32;1360;61;796;6;6;6;NA;NA;4;3;2;NA;NA;2017-08-28;2017;"2017-560:220";820;1;3;2,06926266243711;4;"Kevin Anderson";23;"Borna Coric";3;2,06926266243711;0,930737337562887;31,2;20,7;10,5;203;188;15;1;0,5;1;0,5;0,5;8;5;4;5;4;0;4;0;4;0;0;1
"749415";"2017-560";"US Open";"Hard";"128";"Grand Slams";222;18;"Pablo Carreno Busta";"R";188;"ESP";26,1;86;"Nicolas Mahut";"R";190;"FRA";35,6;"6-3 6-4 6-3";5;"R32";108;4;1;74;58;44;9;14;2;4;5;4;91;54;32;17;14;4;10;19;2225;115;491;6;6;6;NA;NA;3;4;3;NA;NA;2017-08-28;2017;"2017-560:222";821;1;3,75207248655641;1,15450994905563;18;"Pablo Carreno Busta";86;"Nicolas Mahut";3,75207248655641;1,15450994905563;2,59756253750079;26,1;35,6;-9,5;188;190;-2;0,5;0,4;0,5;0,4;0,1;10;4;4;2;6;2;6;2;4;0;0;1
"749417";"2017-560";"US Open";"Hard";"128";"Grand Slams";224;122;"Diego Schwartzman";"R";170;"ARG";25;22;"Marin Cilic";"R";198;"CRO";28,9;"4-6 7-5 7-5 6-4";5;"R32";204;6;4;145;101;62;22;22;14;21;14;9;139;77;56;20;22;11;20;33;1280;7;4155;4;7;7;6;NA;6;5;5;4;NA;2017-08-28;2017;"2017-560:224";822;0;2,95560588064155;5,1926450779424;22;"Marin Cilic";122;"Diego Schwartzman";5,1926450779424;2,95560588064155;2,23703919730085;28,9;25;3,9;198;170;28;0,666666666666667;0,55;0,55;0,666666666666667;-0,116666666666667;20;21;11;14;9;7;7;9;-2;0;0;1
"749418";"2017-560";"US Open";"Hard";"128";"Grand Slams";225;101;"Rafael Nadal";"L";185;"ESP";31,2;36;"Alexandr Dolgopolov";"R";180;"UKR";28,8;"6-2 6-4 6-1";5;"R16";101;4;2;63;44;36;15;13;2;2;7;2;86;51;33;15;12;7;13;1;7645;64;751;6;6;6;NA;NA;2;4;1;NA;NA;2017-08-28;2017;"2017-560:225";823;0;8;2;36;"Alexandr Dolgopolov";101;"Rafael Nadal";2;8;-6;28,8;31,2;-2,4;180;185;-5;1;0,538461538461538;0,538461538461538;1;-0,461538461538462;13;2;7;2;6;0;0;6;-6;0;0;1
"749419";"2017-560";"US Open";"Hard";"128";"Grand Slams";226;119;"Andrey Rublev";"R";188;"RUS";19,8;54;"David Goffin";"R";180;"BEL";26,7;"7-5 7-6(5) 6-3";5;"R16";125;12;4;98;56;46;20;17;1;3;8;8;120;66;45;25;16;3;8;53;890;14;2525;7;7;6;NA;NA;5;6;3;NA;NA;2017-08-28;2017;"2017-560:226";824;0;2,2720795454368;4,1926450779424;54;"David Goffin";119;"Andrey Rublev";4,1926450779424;2,2720795454368;1,9205655325056;26,7;19,8;6,9;180;188;-8;0,333333333333333;0,375;0,375;0,333333333333333;0,0416666666666667;8;3;3;1;5;2;2;5;-3;0;0;1
"749420";"2017-560";"US Open";"Hard";"128";"Grand Slams";227;44;"Roger Federer";"R";185;"SUI";36;74;"Philipp Kohlschreiber";"R";178;"GER";33,8;"6-4 6-2 7-5";5;"R16";109;11;2;75;49;43;19;15;0;0;4;2;96;55;37;20;15;3;7;3;7145;37;1135;6;6;7;NA;NA;4;2;5;NA;NA;2017-08-28;2017;"2017-560:227";825;1;6,41503749927884;2,79054663437105;44;"Roger Federer";74;"Philipp Kohlschreiber";6,41503749927884;2,79054663437105;3,62449086490779;36;33,8;2,2;185;178;7;1,5;0,428571428571429;1,5;0,428571428571429;1,07142857142857;7;0;3;0;4;0;4;0;4;0;0;1
"749421";"2017-560";"US Open";"Hard";"128";"Grand Slams";228;31;"Juan Martin del Potro";"R";198;"ARG";28,9;134;"Dominic Thiem";"R";185;"AUT";23,9;"1-6 2-6 6-1 7-6(1) 6-4";5;"R16";215;9;4;136;78;50;33;22;6;12;5;5;144;91;57;31;22;11;16;28;1460;8;4030;1;2;6;7;6;6;6;1;6;4;2017-08-28;2017;"2017-560:228";826;1;3,1926450779424;5;31;"Juan Martin del Potro";134;"Dominic Thiem";3,1926450779424;5;-1,8073549220576;28,9;23,9;5;198;185;13;0,5;0,6875;0,5;0,6875;-0,1875;16;12;11;6;5;6;5;6;-1;0;0;1
"749423";"2017-560";"US Open";"Hard";"128";"Grand Slams";230;4;"Kevin Anderson";"R";203;"RSA";31,2;85;"Paolo Lorenzi";"R";183;"ITA";35,7;"6-4 6-3 6-7(4) 6-4";5;"R16";177;18;3;107;70;59;23;21;0;2;6;9;126;65;48;32;20;4;9;32;1360;40;1100;6;6;6;6;NA;4;3;7;4;NA;2017-08-28;2017;"2017-560:230";827;1;3;2,67807190511264;4;"Kevin Anderson";85;"Paolo Lorenzi";3;2,67807190511264;0,321928094887363;31,2;35,7;-4,5;203;183;20;0;0,444444444444444;0;0,444444444444444;-0,444444444444444;9;2;4;0;5;2;5;2;3;0;0;1
"749424";"2017-560";"US Open";"Hard";"128";"Grand Slams";231;18;"Pablo Carreno Busta";"R";188;"ESP";26,1;124;"Denis Shapovalov";"L";185;"CAN";18,3;"7-6(2) 7-6(4) 7-6(3)";5;"R16";174;1;4;133;83;57;30;18;10;13;8;4;119;71;58;20;18;6;9;19;2225;69;721;7;7;7;NA;NA;6;6;6;NA;NA;2017-08-28;2017;"2017-560:231";828;1;3,75207248655641;1,89147554322183;18;"Pablo Carreno Busta";124;"Denis Shapovalov";3,75207248655641;1,89147554322183;1,86059694333458;26,1;18,3;7,8;188;185;3;0,769230769230769;0,666666666666667;0,769230769230769;0,666666666666667;0,102564102564103;9;13;6;10;3;3;3;3;0;0;0;1
"749425";"2017-560";"US Open";"Hard";"128";"Grand Slams";232;122;"Diego Schwartzman";"R";170;"ARG";25;113;"Lucas Pouille";"R";185;"FRA";23,5;"7-6(3) 7-5 2-6 6-2";5;"R16";155;9;4;136;85;54;27;20;8;14;15;8;111;70;48;17;20;2;9;33;1280;20;2210;7;7;2;6;NA;6;5;6;2;NA;2017-08-28;2017;"2017-560:232";829;0;2,95560588064155;3,67807190511264;113;"Lucas Pouille";122;"Diego Schwartzman";3,67807190511264;2,95560588064155;0,722466024471091;23,5;25;-1,5;185;170;15;0,571428571428571;0,222222222222222;0,222222222222222;0,571428571428571;-0,349206349206349;9;14;2;8;7;6;6;7;-1;0;0;1
"749426";"2017-560";"US Open";"Hard";"128";"Grand Slams";233;101;"Rafael Nadal";"L";185;"ESP";31,2;119;"Andrey Rublev";"R";188;"RUS";19,8;"6-1 6-2 6-2";5;"QF";96;4;3;63;43;36;11;12;3;4;1;7;82;51;28;9;11;11;18;1;7645;53;890;6;6;6;NA;NA;1;2;2;NA;NA;2017-08-28;2017;"2017-560:233";830;1;8;2,2720795454368;101;"Rafael Nadal";119;"Andrey Rublev";8;2,2720795454368;5,7279204545632;31,2;19,8;11,4;185;188;-3;0,75;0,611111111111111;0,75;0,611111111111111;0,138888888888889;18;4;11;3;7;1;7;1;6;0;0;1
"749428";"2017-560";"US Open";"Hard";"128";"Grand Slams";235;4;"Kevin Anderson";"R";203;"RSA";31,2;114;"Sam Querrey";"R";198;"USA";29,8;"7-6(5) 6-7(9) 6-3 7-6(7)";5;"QF";206;22;3;147;99;81;29;23;1;2;20;7;153;84;68;38;22;4;6;32;1360;21;2095;7;6;6;7;NA;6;7;3;6;NA;2017-08-28;2017;"2017-560:235";831;1;3;3,60768257722124;4;"Kevin Anderson";114;"Sam Querrey";3;3,60768257722124;-0,607682577221239;31,2;29,8;1,4;203;198;5;0,5;0,666666666666667;0,5;0,666666666666667;-0,166666666666667;6;2;4;1;2;1;2;1;1;0;0;1
"749429";"2017-560";"US Open";"Hard";"128";"Grand Slams";236;18;"Pablo Carreno Busta";"R";188;"ESP";26,1;122;"Diego Schwartzman";"R";170;"ARG";25;"6-4 6-4 6-2";5;"QF";119;7;3;97;62;40;22;14;8;10;4;3;72;45;28;9;14;2;8;19;2225;33;1280;6;6;6;NA;NA;4;4;2;NA;NA;2017-08-28;2017;"2017-560:236";832;1;3,75207248655641;2,95560588064155;18;"Pablo Carreno Busta";122;"Diego Schwartzman";3,75207248655641;2,95560588064155;0,796466605914868;26,1;25;1,1;188;170;18;0,8;0,25;0,8;0,25;0,55;8;10;2;8;6;2;6;2;4;0;0;1
"749430";"2017-560";"US Open";"Hard";"128";"Grand Slams";237;101;"Rafael Nadal";"L";185;"ESP";31,2;31;"Juan Martin del Potro";"R";198;"ARG";28,9;"4-6 6-0 6-3 6-2";5;"SF";150;5;2;90;65;50;18;17;1;2;7;4;95;63;45;9;16;7;13;1;7645;28;1460;4;6;6;6;NA;6;0;3;2;NA;2017-08-28;2017;"2017-560:237";833;0;8;3,1926450779424;31;"Juan Martin del Potro";101;"Rafael Nadal";3,1926450779424;8;-4,8073549220576;28,9;31,2;-2,3;198;185;13;0,5;0,538461538461538;0,538461538461538;0,5;0,0384615384615384;13;2;7;1;6;1;1;6;-5;0;0;1
"749431";"2017-560";"US Open";"Hard";"128";"Grand Slams";238;4;"Kevin Anderson";"R";203;"RSA";31,2;18;"Pablo Carreno Busta";"R";188;"ESP";26,1;"4-6 7-5 6-3 6-4";5;"SF";175;22;1;103;71;59;21;21;2;4;1;2;144;102;65;22;20;10;14;32;1360;19;2225;4;7;6;6;NA;6;5;3;4;NA;2017-08-28;2017;"2017-560:238";834;1;3;3,75207248655641;4;"Kevin Anderson";18;"Pablo Carreno Busta";3;3,75207248655641;-0,752072486556415;31,2;26,1;5,1;203;188;15;0,5;0,714285714285714;0,5;0,714285714285714;-0,214285714285714;14;4;10;2;4;2;4;2;2;0;0;1
"749432";"2017-560";"US Open";"Hard";"128";"Grand Slams";239;101;"Rafael Nadal";"L";185;"ESP";31,2;4;"Kevin Anderson";"R";203;"RSA";31,2;"6-3 6-3 6-4";5;"F";147;1;1;72;45;38;19;14;0;0;10;4;108;64;47;16;14;5;9;1;7645;32;1360;6;6;6;NA;NA;3;3;4;NA;NA;2017-08-28;2017;"2017-560:239";835;0;8;3;4;"Kevin Anderson";101;"Rafael Nadal";3;8;-5;31,2;31,2;0;203;185;18;1,5;0,555555555555556;0,555555555555556;1,5;-0,944444444444444;9;0;5;0;4;0;0;4;-4;0;0;1
"758931";"2018-580";"Australian Open";"Hard";"128";"Grand Slams";115;94;"John Millman";"R";183;"AUS";28,5;23;"Borna Coric";"R";188;"CRO";21,1;"7-5 6-4 6-1";5;"R128";139;10;2;108;69;51;17;15;5;7;2;4;79;48;27;14;14;2;8;122;476;46;1036;7;6;6;NA;NA;5;4;1;NA;NA;2018-01-15;2018;"2018-580:115";836;0;1,06926266243711;2,47643804394299;23;"Borna Coric";94;"John Millman";2,47643804394299;1,06926266243711;1,40717538150587;21,1;28,5;-7,4;188;183;5;0,714285714285714;0,25;0,25;0,714285714285714;-0,464285714285714;8;7;2;5;6;2;2;6;-4;0;0;1
"758933";"2018-580";"Australian Open";"Hard";"128";"Grand Slams";117;122;"Diego Schwartzman";"R";170;"ARG";25,4;83;"Dusan Lajovic";"R";180;"SRB";27,5;"2-6 6-3 5-7 6-4 11-9";5;"R128";239;14;7;189;109;68;40;30;14;25;6;8;183;126;78;24;29;13;24;26;1675;75;687;2;6;5;6;11;6;3;7;4;9;2018-01-15;2018;"2018-580:117";837;0;3,29956028185891;1,77118130950412;83;"Dusan Lajovic";122;"Diego Schwartzman";1,77118130950412;3,29956028185891;-1,52837897235479;27,5;25,4;2,1;180;170;10;0,56;0,541666666666667;0,541666666666667;0,56;-0,0183333333333334;24;25;13;14;11;11;11;11;0;0;0;1
"758941";"2018-580";"Australian Open";"Hard";"128";"Grand Slams";125;25;"Pablo Cuevas";"R";180;"URU";32;147;"Mikhail Youzhny";"R";183;"RUS";35,5;"7-6(7) 6-3 7-5";5;"R128";143;12;2;108;68;47;27;17;1;4;9;1;103;63;39;21;16;3;8;34;1345;90;604;7;6;7;NA;NA;6;3;5;NA;NA;2018-01-15;2018;"2018-580:125";838;1;2,91253715874966;1,50814690367033;25;"Pablo Cuevas";147;"Mikhail Youzhny";2,91253715874966;1,50814690367033;1,40439025507934;32;35,5;-3,5;180;183;-3;0,25;0,375;0,25;0,375;-0,125;8;4;3;1;5;3;5;3;2;0;0;1
"758944";"2018-580";"Australian Open";"Hard";"128";"Grand Slams";128;22;"Marin Cilic";"R";198;"CRO";29,2;112;"Vasek Pospisil";"R";193;"CAN";27,5;"6-2 6-2 4-6 7-6(5)";5;"R128";197;20;3;118;71;55;26;19;3;5;12;6;153;80;59;30;19;13;18;6;3805;105;541;6;6;4;7;NA;2;2;6;6;NA;2018-01-15;2018;"2018-580:128";839;1;5,41503749927884;1,28575448233388;22;"Marin Cilic";112;"Vasek Pospisil";5,41503749927884;1,28575448233388;4,12928301694497;29,2;27,5;1,7;198;193;5;0,6;0,722222222222222;0,6;0,722222222222222;-0,122222222222222;18;5;13;3;5;2;5;2;3;0;0;1
"758948";"2018-580";"Australian Open";"Hard";"128";"Grand Slams";132;119;"Andrey Rublev";"R";188;"RUS";20,2;45;"David Ferrer";"R";175;"ESP";35,7;"7-5 6-7(6) 6-2 6-7(6) 6-2";5;"R128";230;13;15;179;96;68;34;26;9;17;3;10;165;102;56;28;26;8;21;32;1373;33;1360;7;6;6;6;6;5;7;2;7;2;2018-01-15;2018;"2018-580:132";840;0;3;2,95560588064155;45;"David Ferrer";119;"Andrey Rublev";2,95560588064155;3;-0,0443941193584534;35,7;20,2;15,5;175;188;-13;0,529411764705882;0,380952380952381;0,380952380952381;0,529411764705882;-0,148459383753501;21;17;8;9;13;8;8;13;-5;0;0;1
"758950";"2018-580";"Australian Open";"Hard";"128";"Grand Slams";134;139;"Viktor Troicki";"R";193;"SRB";31,9;15;"Alex Bolt";"L";183;"AUS";25;"6-7(2) 4-6 6-2 6-3 6-4";5;"R128";169;22;5;151;107;81;20;25;7;10;12;5;141;83;61;28;24;6;12;65;800;188;274;6;4;6;6;6;7;6;2;3;4;2018-01-15;2018;"2018-580:134";841;0;1,97763218697155;0,445411148322362;15;"Alex Bolt";139;"Viktor Troicki";0,445411148322362;1,97763218697155;-1,53222103864918;25;31,9;-6,9;183;193;-10;0,7;0,5;0,5;0,7;-0,2;12;10;6;7;6;3;3;6;-3;0;0;1
"758951";"2018-580";"Australian Open";"Hard";"128";"Grand Slams";135;124;"Denis Shapovalov";"L";185;"CAN";18,7;140;"Stefanos Tsitsipas";"R";193;"GRE";19,4;"6-1 6-3 7-6(5)";5;"R128";116;9;6;81;46;38;24;14;1;2;6;6;91;46;30;23;14;3;8;50;986;82;655;6;6;7;NA;NA;1;3;6;NA;NA;2018-01-15;2018;"2018-580:135";842;1;2,35614381022528;1,64244799538192;124;"Denis Shapovalov";140;"Stefanos Tsitsipas";2,35614381022528;1,64244799538192;0,713695814843359;18,7;19,4;-0,699999999999999;185;193;-8;0,5;0,375;0,5;0,375;0,125;8;2;3;1;5;1;5;1;4;0;0;1
"758953";"2018-580";"Australian Open";"Hard";"128";"Grand Slams";137;40;"Kyle Edmund";"R";188;"GBR";23;4;"Kevin Anderson";"R";203;"RSA";31,6;"6-7(4) 6-3 3-6 6-3 6-4";5;"R128";239;11;5;170;108;84;31;25;9;11;35;2;139;93;77;22;24;7;11;49;992;12;2610;6;6;3;6;6;7;3;6;3;4;2018-01-15;2018;"2018-580:137";843;0;2,38529015588479;4,41503749927884;4;"Kevin Anderson";40;"Kyle Edmund";4,41503749927884;2,38529015588479;2,02974734339405;31,6;23;8,6;203;188;15;0,818181818181818;0,636363636363636;0,636363636363636;0,818181818181818;-0,181818181818182;11;11;7;9;4;2;2;4;-2;0;0;1
"758957";"2018-580";"Australian Open";"Hard";"128";"Grand Slams";141;104;"Yoshihito Nishioka";"L";170;"JPN";22,3;74;"Philipp Kohlschreiber";"R";178;"GER";34,2;"6-3 2-6 6-0 1-6 6-2";5;"R128";159;3;2;116;79;50;17;19;11;17;8;4;122;68;42;22;19;11;19;168;318;29;1415;6;2;6;1;6;3;6;0;6;2;2018-01-15;2018;"2018-580:141";844;0;0,607682577221239;3,14201900487243;74;"Philipp Kohlschreiber";104;"Yoshihito Nishioka";3,14201900487243;0,607682577221239;2,53433642765119;34,2;22,3;11,9;178;170;8;0,647058823529412;0,578947368421053;0,578947368421053;0,647058823529412;-0,0681114551083591;19;17;11;11;8;6;6;8;-2;0;0;1
"758958";"2018-580";"Australian Open";"Hard";"128";"Grand Slams";142;123;"Andreas Seppi";"R";190;"ITA";33,9;98;"Corentin Moutet";"L";178;"FRA";18,7;"3-6 6-4 6-2 6-2";5;"R128";153;2;2;121;68;48;24;18;6;11;5;5;101;62;35;17;17;7;15;76;686;155;361;3;6;6;6;NA;6;4;2;2;NA;2018-01-15;2018;"2018-580:142";845;0;1,75207248655641;0,723875594725762;98;"Corentin Moutet";123;"Andreas Seppi";0,723875594725762;1,75207248655641;-1,02819689183065;18,7;33,9;-15,2;178;190;-12;0,545454545454545;0,466666666666667;0,466666666666667;0,545454545454545;-0,0787878787878787;15;11;7;6;8;5;5;8;-3;0;0;1
"758959";"2018-580";"Australian Open";"Hard";"128";"Grand Slams";143;70;"Ivo Karlovic";"R";208;"CRO";38,8;34;"Laslo Djere";"R";188;"SRB";22,6;"7-6(3) 6-3 7-6(2)";5;"R128";141;21;9;118;74;64;21;17;7;8;9;1;107;73;54;19;16;7;9;89;615;85;624;7;6;7;NA;NA;6;3;6;NA;NA;2018-01-15;2018;"2018-580:143";846;0;1,5242665690336;1,5906090638623;34;"Laslo Djere";70;"Ivo Karlovic";1,5906090638623;1,5242665690336;0,0663424948286959;22,6;38,8;-16,2;188;208;-20;0,875;0,777777777777778;0,777777777777778;0,875;-0,0972222222222222;9;8;7;7;2;1;1;2;-1;0;0;1
"758961";"2018-580";"Australian Open";"Hard";"128";"Grand Slams";145;134;"Dominic Thiem";"R";185;"AUT";24,3;110;"Guido Pella";"L";185;"ARG";27,6;"6-4 6-4 6-4";5;"R128";136;15;5;111;69;54;21;15;6;6;3;1;90;55;39;20;15;5;8;5;4060;56;864;6;6;6;NA;NA;4;4;4;NA;NA;2018-01-15;2018;"2018-580:145";847;0;5,67807190511264;2,1926450779424;110;"Guido Pella";134;"Dominic Thiem";2,1926450779424;5,67807190511264;-3,48542682717024;27,6;24,3;3,3;185;185;0;1;0,625;0,625;1;-0,375;8;6;5;6;3;0;0;3;-3;0;0;1
"758962";"2018-580";"Australian Open";"Hard";"128";"Grand Slams";146;77;"Denis Kudla";"R";180;"USA";25,4;68;"Steve Johnson";"R";188;"USA";28;"6-7(5) 6-3 7-6(3) 6-2";5;"R128";169;9;5;130;74;55;36;21;2;4;13;9;137;65;46;37;20;6;11;190;272;48;1010;6;6;7;6;NA;7;3;6;2;NA;2018-01-15;2018;"2018-580:146";848;0;0,430144391669052;2,41503749927884;68;"Steve Johnson";77;"Denis Kudla";2,41503749927884;0,430144391669052;1,98489310760979;28;25,4;2,6;188;180;8;0,5;0,545454545454545;0,545454545454545;0,5;0,0454545454545454;11;4;6;2;5;2;2;5;-3;0;0;1
"758964";"2018-580";"Australian Open";"Hard";"128";"Grand Slams";148;87;"Adrian Mannarino";"L";183;"FRA";29,5;14;"Matteo Berrettini";"R";196;"ITA";21,7;"6-4 6-4 6-4";5;"R128";107;1;2;78;47;40;21;15;1;1;12;2;79;48;37;17;15;1;4;27;1625;130;442;6;6;6;NA;NA;4;4;4;NA;NA;2018-01-15;2018;"2018-580:148";849;0;3,24511249783653;0,977632186971546;14;"Matteo Berrettini";87;"Adrian Mannarino";0,977632186971546;3,24511249783653;-2,26748031086499;21,7;29,5;-7,8;196;183;13;1;0,25;0,25;1;-0,75;4;1;1;1;3;0;0;3;-3;0;0;1
"758965";"2018-580";"Australian Open";"Hard";"128";"Grand Slams";149;143;"Fernando Verdasco";"L";188;"ESP";34,1;9;"Roberto Bautista Agut";"R";183;"ESP";29,7;"6-1 7-5 7-5";5;"R128";127;10;5;77;54;45;11;15;2;4;1;1;107;80;46;11;16;4;11;40;1225;21;2015;6;7;7;NA;NA;1;5;5;NA;NA;2018-01-15;2018;"2018-580:149";850;0;2,67807190511264;3,60768257722124;9;"Roberto Bautista Agut";143;"Fernando Verdasco";3,60768257722124;2,67807190511264;0,929610672108602;29,7;34,1;-4,4;183;188;-5;0,5;0,363636363636364;0,363636363636364;0,5;-0,136363636363636;11;4;4;2;7;2;2;7;-5;0;0;1
"758968";"2018-580";"Australian Open";"Hard";"128";"Grand Slams";152;145;"Stan Wawrinka";"R";183;"SUI";32,8;12;"Ricardas Berankis";"R";175;"LTU";27,5;"6-3 6-4 2-6 7-6(2)";5;"R128";167;15;5;134;67;48;36;20;5;9;11;1;116;72;50;27;19;8;12;8;3060;136;433;6;6;2;7;NA;3;4;6;6;NA;2018-01-15;2018;"2018-580:152";851;0;5;0,912537158749661;12;"Ricardas Berankis";145;"Stan Wawrinka";0,912537158749661;5;-4,08746284125034;27,5;32,8;-5,3;175;183;-8;0,555555555555556;0,666666666666667;0,666666666666667;0,555555555555556;0,111111111111111;12;9;8;5;4;4;4;4;0;0;0;1
"758969";"2018-580";"Australian Open";"Hard";"128";"Grand Slams";153;35;"Novak Djokovic";"R";188;"SRB";30,6;146;"Donald Young";"L";183;"USA";28,4;"6-1 6-2 6-4";5;"R128";111;4;1;66;38;30;20;13;1;2;2;2;103;59;28;24;12;19;25;14;2335;63;816;6;6;6;NA;NA;1;2;4;NA;NA;2018-01-15;2018;"2018-580:153";852;1;4,1926450779424;2,02272007650008;35;"Novak Djokovic";146;"Donald Young";4,1926450779424;2,02272007650008;2,16992500144231;30,6;28,4;2,2;188;183;5;0,5;0,76;0,5;0,76;-0,26;25;2;19;1;6;1;6;1;5;0;0;1
"758971";"2018-580";"Australian Open";"Hard";"128";"Grand Slams";155;127;"Tim Smyczek";"R";175;"USA";30;111;"Alexei Popyrin";"R";196;"AUS";18,4;"6-3 6-7(14) 6-3 6-3";5;"R128";177;16;5;143;85;62;34;20;10;12;17;11;151;79;57;31;19;8;14;131;441;550;55;6;6;6;6;NA;3;7;3;3;NA;2018-01-15;2018;"2018-580:155";853;0;0,96657699846255;-1,10328780841202;111;"Alexei Popyrin";127;"Tim Smyczek";-1,10328780841202;0,96657699846255;-2,06986480687457;18,4;30;-11,6;196;175;21;0,833333333333333;0,571428571428571;0,571428571428571;0,833333333333333;-0,261904761904762;14;12;8;10;6;2;2;6;-4;0;0;1
"758974";"2018-580";"Australian Open";"Hard";"128";"Grand Slams";158;92;"Daniil Medvedev";"R";198;"RUS";21,9;75;"Thanasi Kokkinakis";"R";196;"AUS";21,7;"6-2 6-7(6) 7-6(8) 6-4";5;"R128";209;11;7;142;98;78;22;21;8;9;6;9;142;85;59;31;21;3;7;53;884;216;245;6;6;7;6;NA;2;7;6;4;NA;2018-01-15;2018;"2018-580:158";854;0;2,2720795454368;0,245112497836532;75;"Thanasi Kokkinakis";92;"Daniil Medvedev";0,245112497836532;2,2720795454368;-2,02696704760027;21,7;21,9;-0,199999999999999;196;198;-2;0,888888888888889;0,428571428571429;0,428571428571429;0,888888888888889;-0,46031746031746;7;9;3;8;4;1;1;4;-3;0;0;1
"758975";"2018-580";"Australian Open";"Hard";"128";"Grand Slams";159;55;"Peter Gojowczyk";"R";185;"GER";28,5;78;"Mikhail Kukushkin";"R";183;"KAZ";30;"6-3 6-3 6-1";5;"R128";104;6;2;91;61;44;15;13;7;8;1;2;86;55;31;10;12;6;12;62;827;69;730;6;6;6;NA;NA;3;3;1;NA;NA;2018-01-15;2018;"2018-580:159";855;1;2,04580368961313;1,89147554322183;55;"Peter Gojowczyk";78;"Mikhail Kukushkin";2,04580368961313;1,89147554322183;0,154328146391294;28,5;30;-1,5;185;183;2;0,875;0,5;0,875;0,5;0,375;12;8;6;7;6;1;6;1;5;0;0;1
"758976";"2018-580";"Australian Open";"Hard";"128";"Grand Slams";160;148;"Alexander Zverev";"R";198;"GER";20,7;43;"Thomas Fabbiano";"R";173;"ITA";28,6;"6-1 7-6(5) 7-5";5;"R128";142;17;5;115;76;54;20;16;12;14;5;6;103;51;35;21;15;5;10;4;4610;73;701;6;7;7;NA;NA;1;6;5;NA;NA;2018-01-15;2018;"2018-580:160";856;0;6;1,81017544111998;43;"Thomas Fabbiano";148;"Alexander Zverev";1,81017544111998;6;-4,18982455888002;28,6;20,7;7,9;173;198;-25;0,857142857142857;0,5;0,5;0,857142857142857;-0,357142857142857;10;14;5;12;5;2;2;5;-3;0;0;1
"758978";"2018-580";"Australian Open";"Hard";"128";"Grand Slams";162;11;"Julien Benneteau";"R";185;"FRA";36;26;"Taro Daniel";"R";191;"JPN";24,9;"6-7(6) 7-6(0) 6-4 6-1";5;"R128";207;8;5;132;90;68;17;20;5;9;14;2;160;104;59;29;21;10;18;59;855;96;585;6;7;6;6;NA;7;6;4;1;NA;2018-01-15;2018;"2018-580:162";857;1;2,11735695063816;1,41503749927884;11;"Julien Benneteau";26;"Taro Daniel";2,11735695063816;1,41503749927884;0,702319451359315;36;24,9;11,1;185;191;-6;0,555555555555556;0,555555555555556;0,555555555555556;0,555555555555556;0;18;9;10;5;8;4;8;4;4;0;0;1
"758981";"2018-580";"Australian Open";"Hard";"128";"Grand Slams";165;13;"Tomas Berdych";"R";196;"CZE";32,3;30;"Alex De Minaur";"R";183;"AUS";18,9;"6-3 3-6 6-0 6-1";5;"R128";125;5;4;87;56;47;14;16;1;3;4;4;102;75;43;9;15;8;15;20;2050;127;453;6;3;6;6;NA;3;6;0;1;NA;2018-01-15;2018;"2018-580:165";858;1;3,67807190511264;1,01131531322783;13;"Tomas Berdych";30;"Alex De Minaur";3,67807190511264;1,01131531322783;2,6667565918848;32,3;18,9;13,4;196;183;13;0,333333333333333;0,533333333333333;0,333333333333333;0,533333333333333;-0,2;15;3;8;1;7;2;7;2;5;0;0;1
"758982";"2018-580";"Australian Open";"Hard";"128";"Grand Slams";166;49;"Guillermo Garcia Lopez";"R";188;"ESP";34,6;108;"Benoit Paire";"R";196;"FRA";28,6;"6-0 6-7(4) 6-1 6-4";5;"R128";148;4;2;110;69;50;27;17;2;2;12;10;140;75;48;26;18;10;17;71;720;42;1190;6;6;6;6;NA;0;7;1;4;NA;2018-01-15;2018;"2018-580:166";859;1;1,85025288049532;2,60768257722124;49;"Guillermo Garcia Lopez";108;"Benoit Paire";1,85025288049532;2,60768257722124;-0,757429696725922;34,6;28,6;6;188;196;-8;1;0,588235294117647;1;0,588235294117647;0,411764705882353;17;2;10;2;7;0;7;0;7;0;0;1
"758984";"2018-580";"Australian Open";"Hard";"128";"Grand Slams";168;31;"Juan Martin del Potro";"R";198;"ARG";29,3;136;"Frances Tiafoe";"R";188;"USA";19,9;"6-3 6-4 6-3";5;"R128";134;14;1;86;61;51;10;14;4;4;9;2;91;46;32;21;14;3;7;10;2725;81;656;6;6;6;NA;NA;3;4;3;NA;NA;2018-01-15;2018;"2018-580:168";860;1;4,67807190511264;1,66014999711538;31;"Juan Martin del Potro";136;"Frances Tiafoe";4,67807190511264;1,66014999711538;3,01792190799726;29,3;19,9;9,4;198;188;10;1;0,428571428571429;1;0,428571428571429;0,571428571428571;7;4;3;4;4;0;4;0;4;0;0;1
"758985";"2018-580";"Australian Open";"Hard";"128";"Grand Slams";169;114;"Sam Querrey";"R";198;"USA";30,2;84;"Feliciano Lopez";"L";188;"ESP";36,3;"6-3 6-4 6-2";5;"R128";91;28;4;78;46;39;21;14;0;0;13;2;89;65;40;12;13;9;13;13;2535;38;1295;6;6;6;NA;NA;3;4;2;NA;NA;2018-01-15;2018;"2018-580:169";861;0;4,29956028185891;2,75207248655641;84;"Feliciano Lopez";114;"Sam Querrey";2,75207248655641;4,29956028185891;-1,54748779530249;36,3;30,2;6,1;188;198;-10;1,5;0,692307692307692;0,692307692307692;1,5;-0,807692307692308;13;0;9;0;4;0;0;4;-4;0;0;1
"758986";"2018-580";"Australian Open";"Hard";"128";"Grand Slams";170;48;"Marton Fucsovics";"R";188;"HUN";25,9;1;"Radu Albot";"R";175;"MDA";28,1;"6-2 6-3 4-6 7-5";5;"R128";196;6;6;122;63;48;26;19;11;16;0;5;145;102;56;17;20;12;21;80;674;87;618;6;6;4;7;NA;2;3;6;5;NA;2018-01-15;2018;"2018-580:170";862;0;1,67807190511264;1,55705650415127;1;"Radu Albot";48;"Marton Fucsovics";1,55705650415127;1,67807190511264;-0,121015400961365;28,1;25,9;2,2;175;188;-13;0,6875;0,571428571428571;0,571428571428571;0,6875;-0,116071428571429;21;16;12;11;9;5;5;9;-4;0;0;1
"758988";"2018-580";"Australian Open";"Hard";"128";"Grand Slams";172;82;"Lukas Lacko";"R";185;"SVK";30,2;116;"Milos Raonic";"R";196;"CAN";27;"6-7(5) 7-5 6-4 7-6(4)";5;"R128";202;19;7;151;91;73;32;23;4;5;36;6;156;91;77;29;23;6;9;86;621;23;1750;6;7;6;7;NA;7;5;4;6;NA;2018-01-15;2018;"2018-580:172";863;1;1,5737352452979;3,47643804394299;82;"Lukas Lacko";116;"Milos Raonic";1,5737352452979;3,47643804394299;-1,90270279864508;30,2;27;3,2;185;196;-11;0,8;0,666666666666667;0,8;0,666666666666667;0,133333333333333;9;5;6;4;3;1;3;1;2;0;0;1
"758990";"2018-580";"Australian Open";"Hard";"128";"Grand Slams";174;129;"Lorenzo Sonego";"R";191;"ITA";22,6;57;"Robin Haase";"R";190;"NED";30,7;"6-3 7-5 6-7(6) 7-5";5;"R128";183;13;4;147;89;68;33;23;3;5;8;3;136;88;63;25;22;7;12;219;243;43;1175;6;7;6;7;NA;3;5;7;5;NA;2018-01-15;2018;"2018-580:174";864;0;0,225212940398826;2,5737352452979;57;"Robin Haase";129;"Lorenzo Sonego";2,5737352452979;0,225212940398826;2,34852230489908;30,7;22,6;8,1;190;191;-1;0,6;0,583333333333333;0,583333333333333;0,6;-0,0166666666666666;12;5;7;3;5;2;2;5;-3;0;0;1
"758991";"2018-580";"Australian Open";"Hard";"128";"Grand Slams";175;133;"Jan Lennard Struff";"R";193;"GER";27,7;79;"Soon Woo Kwon";"R";180;"KOR";20,1;"6-1 6-2 6-4";5;"R128";77;19;3;70;39;34;18;13;2;3;9;8;71;29;17;20;12;2;8;55;870;174;301;6;6;6;NA;NA;1;2;4;NA;NA;2018-01-15;2018;"2018-580:175";865;0;2,21864028647534;0,557056504151272;79;"Soon Woo Kwon";133;"Jan Lennard Struff";0,557056504151272;2,21864028647534;-1,66158378232407;20,1;27,7;-7,6;180;193;-13;0,666666666666667;0,25;0,25;0,666666666666667;-0,416666666666667;8;3;2;2;6;1;1;6;-5;0;0;1
"758993";"2018-580";"Australian Open";"Hard";"128";"Grand Slams";177;101;"Rafael Nadal";"L";185;"ESP";31,6;90;"Leonardo Mayer";"R";188;"ARG";30,6;"6-3 6-4 7-6(4)";5;"R64";158;4;1;94;69;55;15;16;4;5;15;6;109;71;49;17;15;9;12;1;10600;52;929;6;6;7;NA;NA;3;4;6;NA;NA;2018-01-15;2018;"2018-580:177";866;0;8;2,29956028185891;90;"Leonardo Mayer";101;"Rafael Nadal";2,29956028185891;8;-5,70043971814109;30,6;31,6;-1;188;185;3;0,8;0,75;0,75;0,8;-0,05;12;5;9;4;3;1;1;3;-2;0;0;1
"758994";"2018-580";"Australian Open";"Hard";"128";"Grand Slams";178;39;"Damir Dzumhur";"R";172;"BIH";25,6;94;"John Millman";"R";183;"AUS";28,5;"7-5 3-6 6-4 6-1";5;"R64";159;7;5;117;65;45;28;19;4;8;13;3;121;81;51;19;19;8;15;30;1391;122;476;7;3;6;6;NA;5;6;4;1;NA;2018-01-15;2018;"2018-580:178";867;1;3,09310940439148;1,06926266243711;39;"Damir Dzumhur";94;"John Millman";3,09310940439148;1,06926266243711;2,02384674195437;25,6;28,5;-2,9;172;183;-11;0,5;0,533333333333333;0,5;0,533333333333333;-0,0333333333333333;15;8;8;4;7;4;7;4;3;0;0;1
"758995";"2018-580";"Australian Open";"Hard";"128";"Grand Slams";179;122;"Diego Schwartzman";"R";170;"ARG";25,4;120;"Casper Ruud";"R";183;"NOR";19;"6-4 6-2 6-3";5;"R64";118;6;4;80;38;34;20;13;1;2;9;2;96;60;36;15;14;5;11;26;1675;138;422;6;6;6;NA;NA;4;2;3;NA;NA;2018-01-15;2018;"2018-580:179";868;0;3,29956028185891;0,891475543221831;120;"Casper Ruud";122;"Diego Schwartzman";0,891475543221831;3,29956028185891;-2,40808473863708;19;25,4;-6,4;183;170;13;0,5;0,454545454545455;0,454545454545455;0,5;-0,0454545454545455;11;2;5;1;6;1;1;6;-5;0;0;1
"758999";"2018-580";"Australian Open";"Hard";"128";"Grand Slams";183;59;"Ryan Harrison";"R";183;"USA";25,6;25;"Pablo Cuevas";"R";180;"URU";32;"6-4 7-6(5) 6-4";5;"R64";116;14;3;93;58;51;18;16;0;0;7;7;102;56;43;22;16;3;5;45;1115;34;1345;6;7;6;NA;NA;4;6;4;NA;NA;2018-01-15;2018;"2018-580:183";869;0;2,50814690367033;2,91253715874966;25;"Pablo Cuevas";59;"Ryan Harrison";2,91253715874966;2,50814690367033;0,404390255079336;32;25,6;6,4;180;183;-3;1,5;0,6;0,6;1,5;-0,9;5;0;3;0;2;0;0;2;-2;0;0;1
"759000";"2018-580";"Australian Open";"Hard";"128";"Grand Slams";184;22;"Marin Cilic";"R";198;"CRO";29,2;130;"Joao Sousa";"R";185;"POR";28,7;"6-1 7-5 6-2";5;"R64";105;20;0;61;41;38;18;14;0;0;6;2;87;52;36;12;13;5;10;6;3805;70;720;6;7;6;NA;NA;1;5;2;NA;NA;2018-01-15;2018;"2018-580:184";870;1;5,41503749927884;1,87071698305503;22;"Marin Cilic";130;"Joao Sousa";5,41503749927884;1,87071698305503;3,54432051622381;29,2;28,7;0,5;198;185;13;1,5;0,5;1,5;0,5;1;10;0;5;0;5;0;5;0;5;0;0;1
"759001";"2018-580";"Australian Open";"Hard";"128";"Grand Slams";185;33;"Grigor Dimitrov";"R";188;"BUL";26,6;91;"Mackenzie Mcdonald";"R";178;"USA";22,7;"4-6 6-2 6-4 0-6 8-6";5;"R64";205;8;9;147;101;78;13;24;6;11;4;6;151;85;63;31;24;7;12;3;4990;186;277;4;6;6;0;8;6;2;4;6;6;2018-01-15;2018;"2018-580:185";871;1;6,41503749927884;0,460841188891969;33;"Grigor Dimitrov";91;"Mackenzie Mcdonald";6,41503749927884;0,460841188891969;5,95419631038687;26,6;22,7;3,9;188;178;10;0,545454545454545;0,583333333333333;0,545454545454545;0,583333333333333;-0,037878787878788;12;11;7;6;5;5;5;5;0;0;0;1
"759002";"2018-580";"Australian Open";"Hard";"128";"Grand Slams";186;119;"Andrey Rublev";"R";188;"RUS";20,2;7;"Marcos Baghdatis";"R";183;"CYP";32,5;"6-4 6-7(5) 6-4 6-2";5;"R64";182;5;14;122;60;50;25;20;3;8;23;6;150;81;57;25;20;15;24;32;1373;123;474;6;6;6;6;NA;4;7;4;2;NA;2018-01-15;2018;"2018-580:186";872;0;3;1,05748549466076;7;"Marcos Baghdatis";119;"Andrey Rublev";1,05748549466076;3;-1,94251450533924;32,5;20,2;12,3;183;188;-5;0,375;0,625;0,625;0,375;0,25;24;8;15;3;9;5;5;9;-4;0;0;1
"759003";"2018-580";"Australian Open";"Hard";"128";"Grand Slams";187;80;"Nick Kyrgios";"R";193;"AUS";22,7;139;"Viktor Troicki";"R";193;"SRB";31,9;"7-5 6-4 7-6(2)";5;"R64";132;17;3;97;69;58;14;17;1;2;16;6;115;75;55;16;17;8;11;17;2260;65;800;7;6;7;NA;NA;5;4;6;NA;NA;2018-01-15;2018;"2018-580:187";873;1;3,91253715874966;1,97763218697155;80;"Nick Kyrgios";139;"Viktor Troicki";3,91253715874966;1,97763218697155;1,93490497177812;22,7;31,9;-9,2;193;193;0;0,5;0,727272727272727;0,5;0,727272727272727;-0,227272727272727;11;2;8;1;3;1;3;1;2;0;0;1
"759004";"2018-580";"Australian Open";"Hard";"128";"Grand Slams";188;141;"Jo-Wilfried Tsonga";"R";188;"FRA";32,7;124;"Denis Shapovalov";"L";185;"CAN";18,7;"3-6 6-3 1-6 7-6(4) 7-5";5;"R64";217;9;8;158;78;66;36;24;7;11;11;8;155;88;65;39;25;5;8;15;2320;50;986;3;6;1;7;7;6;3;6;6;5;2018-01-15;2018;"2018-580:188";874;0;4,09310940439148;2,35614381022528;124;"Denis Shapovalov";141;"Jo-Wilfried Tsonga";2,35614381022528;4,09310940439148;-1,73696559416621;18,7;32,7;-14;185;188;-3;0,636363636363636;0,625;0,625;0,636363636363636;-0,0113636363636364;8;11;5;7;3;4;4;3;1;0;0;1
"759007";"2018-580";"Australian Open";"Hard";"128";"Grand Slams";191;123;"Andreas Seppi";"R";190;"ITA";33,9;104;"Yoshihito Nishioka";"L";170;"JPN";22,3;"6-1 6-3 6-4";5;"R64";111;9;3;91;48;40;22;13;5;5;1;3;80;51;30;14;13;3;8;76;686;168;318;6;6;6;NA;NA;1;3;4;NA;NA;2018-01-15;2018;"2018-580:191";875;0;1,75207248655641;0,607682577221239;104;"Yoshihito Nishioka";123;"Andreas Seppi";0,607682577221239;1,75207248655641;-1,14438990933518;22,3;33,9;-11,6;170;190;-20;1;0,375;0,375;1;-0,625;8;5;3;5;5;0;0;5;-5;0;0;1
"759009";"2018-580";"Australian Open";"Hard";"128";"Grand Slams";193;134;"Dominic Thiem";"R";185;"AUT";24,3;77;"Denis Kudla";"R";180;"USA";25,4;"6-7(6) 3-6 6-3 6-2 6-3";5;"R64";228;21;8;149;86;72;24;23;4;8;12;9;181;102;64;36;24;10;18;5;4060;190;272;6;3;6;6;6;7;6;3;2;3;2018-01-15;2018;"2018-580:193";876;0;5,67807190511264;0,430144391669052;77;"Denis Kudla";134;"Dominic Thiem";0,430144391669052;5,67807190511264;-5,24792751344359;25,4;24,3;1,1;180;185;-5;0,5;0,555555555555556;0,555555555555556;0,5;0,0555555555555556;18;8;10;4;8;4;4;8;-4;0;0;1
"759010";"2018-580";"Australian Open";"Hard";"128";"Grand Slams";194;87;"Adrian Mannarino";"L";183;"FRA";29,5;144;"Jiri Vesely";"L";198;"CZE";24,5;"6-3 7-6(4) 5-7 6-3";5;"R64";188;19;8;132;80;62;26;22;7;12;13;11;135;86;59;19;20;5;11;27;1625;64;815;6;7;5;6;NA;3;6;7;3;NA;2018-01-15;2018;"2018-580:194";877;1;3,24511249783653;2;87;"Adrian Mannarino";144;"Jiri Vesely";3,24511249783653;2;1,24511249783653;29,5;24,5;5;183;198;-15;0,583333333333333;0,454545454545455;0,583333333333333;0,454545454545455;0,128787878787879;11;12;5;7;6;5;6;5;1;0;0;1
"759012";"2018-580";"Australian Open";"Hard";"128";"Grand Slams";196;121;"Tennys Sandgren";"R";188;"USA";26,4;145;"Stan Wawrinka";"R";183;"SUI";32,8;"6-2 6-1 6-4";5;"R64";88;11;1;66;47;38;15;13;2;2;4;2;83;55;32;14;12;8;13;97;583;8;3060;6;6;6;NA;NA;2;1;4;NA;NA;2018-01-15;2018;"2018-580:196";878;1;1,40008715781287;5;121;"Tennys Sandgren";145;"Stan Wawrinka";1,40008715781287;5;-3,59991284218713;26,4;32,8;-6,4;188;183;5;1;0,615384615384615;1;0,615384615384615;0,384615384615385;13;2;8;2;5;0;5;0;5;0;0;1
"759013";"2018-580";"Australian Open";"Hard";"128";"Grand Slams";197;35;"Novak Djokovic";"R";188;"SRB";30,6;96;"Gael Monfils";"R";193;"FRA";31,3;"4-6 6-3 6-1 6-3";5;"R64";165;5;11;117;77;56;18;18;5;8;5;15;114;60;38;22;17;8;15;14;2335;39;1265;4;6;6;6;NA;6;3;1;3;NA;2018-01-15;2018;"2018-580:197";879;1;4,1926450779424;2,71459778113775;35;"Novak Djokovic";96;"Gael Monfils";4,1926450779424;2,71459778113775;1,47804729680464;30,6;31,3;-0,699999999999999;188;193;-5;0,625;0,533333333333333;0,625;0,533333333333333;0,0916666666666667;15;8;8;5;7;3;7;3;4;0;0;1
"759014";"2018-580";"Australian Open";"Hard";"128";"Grand Slams";198;115;"Albert Ramos";"L";188;"ESP";29,9;127;"Tim Smyczek";"R";175;"USA";30;"6-4 6-2 7-6(2)";5;"R64";128;6;4;83;49;45;21;15;3;3;8;0;99;64;44;17;15;8;11;22;1845;131;441;6;6;7;NA;NA;4;2;6;NA;NA;2018-01-15;2018;"2018-580:198";880;1;3,5405683813627;0,96657699846255;115;"Albert Ramos";127;"Tim Smyczek";3,5405683813627;0,96657699846255;2,57399138290015;29,9;30;-0,100000000000001;188;175;13;1;0,727272727272727;1;0,727272727272727;0,272727272727273;11;3;8;3;3;0;3;0;3;0;0;1
"759015";"2018-580";"Australian Open";"Hard";"128";"Grand Slams";199;21;"Hyeon Chung";"R";188;"KOR";21,6;92;"Daniil Medvedev";"R";198;"RUS";21,9;"7-6(4) 6-1 6-1";5;"R64";116;3;4;77;46;39;20;13;2;3;12;2;97;63;38;13;13;6;12;58;857;53;884;7;6;6;NA;NA;6;1;1;NA;NA;2018-01-15;2018;"2018-580:199";881;1;2,14201900487243;2,2720795454368;21;"Hyeon Chung";92;"Daniil Medvedev";2,14201900487243;2,2720795454368;-0,130060540564373;21,6;21,9;-0,299999999999997;188;198;-10;0,666666666666667;0,5;0,666666666666667;0,5;0,166666666666667;12;3;6;2;6;1;6;1;5;0;0;1
"759016";"2018-580";"Australian Open";"Hard";"128";"Grand Slams";200;148;"Alexander Zverev";"R";198;"GER";20,7;55;"Peter Gojowczyk";"R";185;"GER";28,5;"6-1 6-3 4-6 6-3";5;"R64";119;25;1;103;70;55;19;18;1;2;9;5;111;68;47;17;17;12;17;4;4610;62;827;6;6;4;6;NA;1;3;6;3;NA;2018-01-15;2018;"2018-580:200";882;0;6;2,04580368961313;55;"Peter Gojowczyk";148;"Alexander Zverev";2,04580368961313;6;-3,95419631038687;28,5;20,7;7,8;185;198;-13;0,5;0,705882352941177;0,705882352941177;0,5;0,205882352941177;17;2;12;1;5;1;1;5;-4;0;0;1
"759018";"2018-580";"Australian Open";"Hard";"128";"Grand Slams";202;46;"Fabio Fognini";"R";178;"ITA";30,6;37;"Evgeny Donskoy";"R";185;"RUS";27,6;"2-6 6-3 6-4 6-1";5;"R64";140;6;5;117;61;42;35;17;2;4;3;4;106;63;46;17;17;9;14;25;1715;72;710;2;6;6;6;NA;6;3;4;1;NA;2018-01-15;2018;"2018-580:202";883;0;3,35614381022528;1,83007499855769;37;"Evgeny Donskoy";46;"Fabio Fognini";1,83007499855769;3,35614381022528;-1,52606881166759;27,6;30,6;-3;185;178;7;0,5;0,642857142857143;0,642857142857143;0,5;0,142857142857143;14;4;9;2;5;2;2;5;-3;0;0;1
"759020";"2018-580";"Australian Open";"Hard";"128";"Grand Slams";204;31;"Juan Martin del Potro";"R";198;"ARG";29,3;72;"Karen Khachanov";"R";198;"RUS";21,6;"6-4 7-6(4) 6-7(0) 6-4";5;"R64";225;13;3;142;90;73;25;22;2;3;28;3;152;102;78;25;22;12;15;10;2725;47;1030;6;7;6;6;NA;4;6;7;4;NA;2018-01-15;2018;"2018-580:204";884;1;4,67807190511264;2,44541114832236;31;"Juan Martin del Potro";72;"Karen Khachanov";4,67807190511264;2,44541114832236;2,23266075679028;29,3;21,6;7,7;198;198;0;0,666666666666667;0,8;0,666666666666667;0,8;-0,133333333333333;15;3;12;2;3;1;3;1;2;0;0;1
"759021";"2018-580";"Australian Open";"Hard";"128";"Grand Slams";205;48;"Marton Fucsovics";"R";188;"HUN";25,9;114;"Sam Querrey";"R";198;"USA";30,2;"6-4 7-6(6) 4-6 6-2";5;"R64";163;14;7;130;73;60;30;20;10;12;19;5;144;84;63;29;20;12;16;80;674;13;2535;6;7;4;6;NA;4;6;6;2;NA;2018-01-15;2018;"2018-580:205";885;1;1,67807190511264;4,29956028185891;48;"Marton Fucsovics";114;"Sam Querrey";1,67807190511264;4,29956028185891;-2,62148837674627;25,9;30,2;-4,3;188;198;-10;0,833333333333333;0,75;0,833333333333333;0,75;0,0833333333333334;16;12;12;10;4;2;4;2;2;0;0;1
"759023";"2018-580";"Australian Open";"Hard";"128";"Grand Slams";207;51;"Richard Gasquet";"R";185;"FRA";31,5;129;"Lorenzo Sonego";"R";191;"ITA";22,6;"6-2 6-2 6-3";5;"R64";113;7;4;69;48;42;10;12;1;1;9;3;109;65;39;18;13;10;16;31;1375;219;243;6;6;6;NA;NA;2;2;3;NA;NA;2018-01-15;2018;"2018-580:207";886;1;3,04580368961313;0,225212940398826;51;"Richard Gasquet";129;"Lorenzo Sonego";3,04580368961313;0,225212940398826;2,8205907492143;31,5;22,6;8,9;185;191;-6;1;0,625;1;0,625;0,375;16;1;10;1;6;0;6;0;6;0;0;1
"759025";"2018-580";"Australian Open";"Hard";"128";"Grand Slams";209;101;"Rafael Nadal";"L";185;"ESP";31,6;39;"Damir Dzumhur";"R";172;"BIH";25,6;"6-1 6-3 6-1";5;"R32";110;4;0;79;51;34;19;12;1;2;5;6;75;40;22;11;11;9;16;1;10600;30;1391;6;6;6;NA;NA;1;3;1;NA;NA;2018-01-15;2018;"2018-580:209";887;0;8;3,09310940439148;39;"Damir Dzumhur";101;"Rafael Nadal";3,09310940439148;8;-4,90689059560852;25,6;31,6;-6;172;185;-13;0,5;0,5625;0,5625;0,5;0,0625;16;2;9;1;7;1;1;7;-6;0;0;1
"759026";"2018-580";"Australian Open";"Hard";"128";"Grand Slams";210;122;"Diego Schwartzman";"R";170;"ARG";25,4;36;"Alexandr Dolgopolov";"R";180;"UKR";29,1;"6-7(1) 6-2 6-3 6-3";5;"R32";158;13;4;118;69;49;28;19;7;10;5;6;123;67;42;25;19;4;12;26;1675;37;1296;6;6;6;6;NA;7;2;3;3;NA;2018-01-15;2018;"2018-580:210";888;0;3,29956028185891;2,79054663437105;36;"Alexandr Dolgopolov";122;"Diego Schwartzman";2,79054663437105;3,29956028185891;-0,509013647487858;29,1;25,4;3,7;180;170;10;0,7;0,333333333333333;0,333333333333333;0,7;-0,366666666666667;12;10;4;7;8;3;3;8;-5;0;0;1
"759027";"2018-580";"Australian Open";"Hard";"128";"Grand Slams";211;18;"Pablo Carreno Busta";"R";188;"ESP";26,5;99;"Gilles Muller";"L";193;"LUX";34,6;"7-6(4) 4-6 7-5 7-5";5;"R32";198;14;4;142;105;81;21;23;3;4;40;5;138;88;74;22;23;2;4;11;2615;28;1490;7;4;7;7;NA;6;6;5;5;NA;2018-01-15;2018;"2018-580:211";889;1;4,5405683813627;3,1926450779424;18;"Pablo Carreno Busta";99;"Gilles Muller";4,5405683813627;3,1926450779424;1,34792330342031;26,5;34,6;-8,1;188;193;-5;0,75;0,5;0,75;0,5;0,25;4;4;2;3;2;1;2;1;1;0;0;1
"759028";"2018-580";"Australian Open";"Hard";"128";"Grand Slams";212;22;"Marin Cilic";"R";198;"CRO";29,2;59;"Ryan Harrison";"R";183;"USA";25,6;"7-6(4) 6-3 7-6(4)";5;"R32";149;16;2;103;70;58;20;17;5;6;10;1;111;72;49;23;16;2;4;6;3805;45;1115;7;6;7;NA;NA;6;3;6;NA;NA;2018-01-15;2018;"2018-580:212";890;1;5,41503749927884;2,50814690367033;22;"Marin Cilic";59;"Ryan Harrison";5,41503749927884;2,50814690367033;2,90689059560852;29,2;25,6;3,6;198;183;15;0,833333333333333;0,5;0,833333333333333;0,5;0,333333333333333;4;6;2;5;2;1;2;1;1;0;0;1
"759029";"2018-580";"Australian Open";"Hard";"128";"Grand Slams";213;33;"Grigor Dimitrov";"R";188;"BUL";26,6;119;"Andrey Rublev";"R";188;"RUS";20,2;"6-3 4-6 6-4 6-4";5;"R32";184;13;15;142;89;68;20;20;11;15;4;13;136;84;56;23;19;13;19;3;4990;32;1373;6;4;6;6;NA;3;6;4;4;NA;2018-01-15;2018;"2018-580:213";891;1;6,41503749927884;3;33;"Grigor Dimitrov";119;"Andrey Rublev";6,41503749927884;3;3,41503749927884;26,6;20,2;6,4;188;188;0;0,733333333333333;0,68421052631579;0,733333333333333;0,68421052631579;0,0491228070175438;19;15;13;11;6;4;6;4;2;0;0;1
"759030";"2018-580";"Australian Open";"Hard";"128";"Grand Slams";214;80;"Nick Kyrgios";"R";193;"AUS";22,7;141;"Jo-Wilfried Tsonga";"R";188;"FRA";32,7;"7-6(5) 4-6 7-6(6) 7-6(5)";5;"R32";197;28;3;146;96;76;32;23;3;5;28;4;140;97;84;22;23;3;4;17;2260;15;2320;7;4;7;7;NA;6;6;6;6;NA;2018-01-15;2018;"2018-580:214";892;1;3,91253715874966;4,09310940439148;80;"Nick Kyrgios";141;"Jo-Wilfried Tsonga";3,91253715874966;4,09310940439148;-0,18057224564182;22,7;32,7;-10;193;188;5;0,6;0,75;0,6;0,75;-0,15;4;5;3;3;1;2;1;2;-1;0;0;1
"759031";"2018-580";"Australian Open";"Hard";"128";"Grand Slams";215;40;"Kyle Edmund";"R";188;"GBR";23;8;"Nikoloz Basilashvili";"R";185;"GEO";25,8;"7-6(0) 3-6 4-6 6-0 7-5";5;"R32";214;20;2;133;82;58;32;24;2;7;12;17;203;122;79;33;25;20;27;49;992;61;836;7;3;4;6;7;6;6;6;0;5;2018-01-15;2018;"2018-580:215";893;0;2,38529015588479;2,06926266243711;8;"Nikoloz Basilashvili";40;"Kyle Edmund";2,06926266243711;2,38529015588479;-0,316027493447678;25,8;23;2,8;185;188;-3;0,285714285714286;0,740740740740741;0,740740740740741;0,285714285714286;0,455026455026455;27;7;20;2;7;5;5;7;-2;0;0;1
"759032";"2018-580";"Australian Open";"Hard";"128";"Grand Slams";216;123;"Andreas Seppi";"R";190;"ITA";33,9;70;"Ivo Karlovic";"R";208;"CRO";38,8;"6-3 7-6(4) 6-7(3) 6-7(5) 9-7";5;"R32";231;23;7;175;101;86;52;31;2;2;52;6;182;129;104;31;30;7;9;76;686;89;615;6;7;6;6;9;3;6;7;7;7;2018-01-15;2018;"2018-580:216";894;0;1,75207248655641;1,5242665690336;70;"Ivo Karlovic";123;"Andreas Seppi";1,5242665690336;1,75207248655641;-0,227805917522812;38,8;33,9;4,9;208;190;18;1;0,777777777777778;0,777777777777778;1;-0,222222222222222;9;2;7;2;2;0;0;2;-2;0;0;1
"759033";"2018-580";"Australian Open";"Hard";"128";"Grand Slams";217;134;"Dominic Thiem";"R";185;"AUT";24,3;87;"Adrian Mannarino";"L";183;"FRA";29,5;"6-4 6-2 7-5";5;"R32";128;9;2;87;52;37;21;15;1;3;3;3;92;56;30;17;15;6;12;5;4060;27;1625;6;6;7;NA;NA;4;2;5;NA;NA;2018-01-15;2018;"2018-580:217";895;0;5,67807190511264;3,24511249783653;87;"Adrian Mannarino";134;"Dominic Thiem";3,24511249783653;5,67807190511264;-2,43295940727611;29,5;24,3;5,2;183;185;-2;0,333333333333333;0,5;0,5;0,333333333333333;0,166666666666667;12;3;6;1;6;2;2;6;-4;0;0;1
"759035";"2018-580";"Australian Open";"Hard";"128";"Grand Slams";219;35;"Novak Djokovic";"R";188;"SRB";30,6;115;"Albert Ramos";"L";188;"ESP";29,9;"6-2 6-3 6-3";5;"R32";141;2;3;87;55;44;16;13;6;6;3;3;96;57;34;20;13;7;12;14;2335;22;1845;6;6;6;NA;NA;2;3;3;NA;NA;2018-01-15;2018;"2018-580:219";896;1;4,1926450779424;3,5405683813627;35;"Novak Djokovic";115;"Albert Ramos";4,1926450779424;3,5405683813627;0,652076696579694;30,6;29,9;0,700000000000003;188;188;0;1;0,583333333333333;1;0,583333333333333;0,416666666666667;12;6;7;6;5;0;5;0;5;0;0;1
"759036";"2018-580";"Australian Open";"Hard";"128";"Grand Slams";220;21;"Hyeon Chung";"R";188;"KOR";21,6;148;"Alexander Zverev";"R";198;"GER";20,7;"5-7 7-6(3) 2-6 6-3 6-0";5;"R32";202;5;3;142;107;83;17;24;3;6;21;5;136;84;60;28;23;6;10;58;857;4;4610;5;7;2;6;6;7;6;6;3;0;2018-01-15;2018;"2018-580:220";897;1;2,14201900487243;6;21;"Hyeon Chung";148;"Alexander Zverev";2,14201900487243;6;-3,85798099512757;21,6;20,7;0,900000000000002;188;198;-10;0,5;0,6;0,5;0,6;-0,1;10;6;6;3;4;3;4;3;1;0;0;1
"759037";"2018-580";"Australian Open";"Hard";"128";"Grand Slams";221;46;"Fabio Fognini";"R";178;"ITA";30,6;11;"Julien Benneteau";"R";185;"FRA";36;"3-6 6-2 6-1 4-6 6-3";5;"R32";180;3;6;142;92;65;24;21;11;14;10;6;126;83;53;20;22;5;12;25;1715;59;855;3;6;6;4;6;6;2;1;6;3;2018-01-15;2018;"2018-580:221";898;0;3,35614381022528;2,11735695063816;11;"Julien Benneteau";46;"Fabio Fognini";2,11735695063816;3,35614381022528;-1,23878685958712;36;30,6;5,4;185;178;7;0,785714285714286;0,416666666666667;0,416666666666667;0,785714285714286;-0,369047619047619;12;14;5;11;7;3;3;7;-4;0;0;1
"759040";"2018-580";"Australian Open";"Hard";"128";"Grand Slams";224;44;"Roger Federer";"R";185;"SUI";36,4;51;"Richard Gasquet";"R";185;"FRA";31,5;"6-2 7-5 6-4";5;"R32";119;12;1;94;61;49;14;15;1;2;3;3;90;61;41;12;15;3;8;2;9605;31;1375;6;7;6;NA;NA;2;5;4;NA;NA;2018-01-15;2018;"2018-580:224";899;1;7;3,04580368961313;44;"Roger Federer";51;"Richard Gasquet";7;3,04580368961313;3,95419631038687;36,4;31,5;4,9;185;185;0;0,5;0,375;0,5;0,375;0,125;8;2;3;1;5;1;5;1;4;0;0;1
"759041";"2018-580";"Australian Open";"Hard";"128";"Grand Slams";225;101;"Rafael Nadal";"L";185;"ESP";31,6;122;"Diego Schwartzman";"R";170;"ARG";25,4;"6-3 6-7(4) 6-3 6-3";5;"R16";231;7;4;146;100;63;28;20;15;18;12;3;147;79;53;30;19;11;18;1;10600;26;1675;6;6;6;6;NA;3;7;3;3;NA;2018-01-15;2018;"2018-580:225";900;1;8;3,29956028185891;101;"Rafael Nadal";122;"Diego Schwartzman";8;3,29956028185891;4,70043971814109;31,6;25,4;6,2;185;170;15;0,833333333333333;0,611111111111111;0,833333333333333;0,611111111111111;0,222222222222222;18;18;11;15;7;3;7;3;4;0;0;1
"759042";"2018-580";"Australian Open";"Hard";"128";"Grand Slams";226;22;"Marin Cilic";"R";198;"CRO";29,2;18;"Pablo Carreno Busta";"R";188;"ESP";26,5;"6-7(2) 6-3 7-6(0) 7-6(3)";5;"R16";207;20;4;133;83;67;25;22;2;6;9;3;152;107;67;25;23;8;14;6;3805;11;2615;6;6;7;7;NA;7;3;6;6;NA;2018-01-15;2018;"2018-580:226";901;0;5,41503749927884;4,5405683813627;18;"Pablo Carreno Busta";22;"Marin Cilic";4,5405683813627;5,41503749927884;-0,874469117916141;26,5;29,2;-2,7;188;198;-10;0,333333333333333;0,571428571428571;0,571428571428571;0,333333333333333;0,238095238095238;14;6;8;2;6;4;4;6;-2;0;0;1
"759043";"2018-580";"Australian Open";"Hard";"128";"Grand Slams";227;33;"Grigor Dimitrov";"R";188;"BUL";26,6;80;"Nick Kyrgios";"R";193;"AUS";22,7;"7-6(3) 7-6(4) 4-6 7-6(4)";5;"R16";206;16;7;158;111;90;19;23;2;5;36;7;155;101;80;27;23;7;9;3;4990;17;2260;7;7;4;7;NA;6;6;6;6;NA;2018-01-15;2018;"2018-580:227";902;1;6,41503749927884;3,91253715874966;33;"Grigor Dimitrov";80;"Nick Kyrgios";6,41503749927884;3,91253715874966;2,50250034052918;26,6;22,7;3,9;188;193;-5;0,4;0,777777777777778;0,4;0,777777777777778;-0,377777777777778;9;5;7;2;2;3;2;3;-1;0;0;1
"759044";"2018-580";"Australian Open";"Hard";"128";"Grand Slams";228;40;"Kyle Edmund";"R";188;"GBR";23;123;"Andreas Seppi";"R";190;"ITA";33,9;"6-7(4) 7-5 6-2 6-3";5;"R16";177;25;3;128;80;64;28;21;5;6;12;2;126;80;56;24;20;10;15;49;992;76;686;6;7;6;6;NA;7;5;2;3;NA;2018-01-15;2018;"2018-580:228";903;1;2,38529015588479;1,75207248655641;40;"Kyle Edmund";123;"Andreas Seppi";2,38529015588479;1,75207248655641;0,633217669328377;23;33,9;-10,9;188;190;-2;0,833333333333333;0,666666666666667;0,833333333333333;0,666666666666667;0,166666666666667;15;6;10;5;5;1;5;1;4;0;0;1
"759045";"2018-580";"Australian Open";"Hard";"128";"Grand Slams";229;121;"Tennys Sandgren";"R";188;"USA";26,4;134;"Dominic Thiem";"R";185;"AUT";24,3;"6-2 4-6 7-6(4) 6-7(7) 6-3";5;"R16";234;20;4;186;138;101;26;26;10;12;20;4;161;104;79;30;25;4;8;97;583;5;4060;6;4;7;6;6;2;6;6;7;3;2018-01-15;2018;"2018-580:229";904;1;1,40008715781287;5,67807190511264;121;"Tennys Sandgren";134;"Dominic Thiem";1,40008715781287;5,67807190511264;-4,27798474729977;26,4;24,3;2,1;188;185;3;0,833333333333333;0,5;0,833333333333333;0,5;0,333333333333333;8;12;4;10;4;2;4;2;2;0;0;1
"759046";"2018-580";"Australian Open";"Hard";"128";"Grand Slams";230;21;"Hyeon Chung";"R";188;"KOR";21,6;35;"Novak Djokovic";"R";188;"SRB";30,6;"7-6(4) 7-5 7-6(3)";5;"R16";201;1;2;136;91;59;21;18;14;19;2;9;130;81;53;19;18;4;10;58;857;14;2335;7;7;7;NA;NA;6;5;6;NA;NA;2018-01-15;2018;"2018-580:230";905;1;2,14201900487243;4,1926450779424;21;"Hyeon Chung";35;"Novak Djokovic";2,14201900487243;4,1926450779424;-2,05062607306997;21,6;30,6;-9;188;188;0;0,736842105263158;0,4;0,736842105263158;0,4;0,336842105263158;10;19;4;14;6;5;6;5;1;0;0;1
"759047";"2018-580";"Australian Open";"Hard";"128";"Grand Slams";231;13;"Tomas Berdych";"R";196;"CZE";32,3;46;"Fabio Fognini";"R";178;"ITA";30,6;"6-1 6-4 6-4";5;"R16";128;10;1;89;42;32;27;14;7;9;3;4;83;47;23;20;13;5;11;20;2050;25;1715;6;6;6;NA;NA;1;4;4;NA;NA;2018-01-15;2018;"2018-580:231";906;1;3,67807190511264;3,35614381022528;13;"Tomas Berdych";46;"Fabio Fognini";3,67807190511264;3,35614381022528;0,321928094887362;32,3;30,6;1,7;196;178;18;0,777777777777778;0,454545454545455;0,777777777777778;0,454545454545455;0,323232323232323;11;9;5;7;6;2;6;2;4;0;0;1
"759048";"2018-580";"Australian Open";"Hard";"128";"Grand Slams";232;44;"Roger Federer";"R";185;"SUI";36,4;48;"Marton Fucsovics";"R";188;"HUN";25,9;"6-4 7-6(3) 6-2";5;"R16";121;6;2;81;48;40;25;15;0;0;5;6;108;57;38;27;15;7;10;2;9605;80;674;6;7;6;NA;NA;4;6;2;NA;NA;2018-01-15;2018;"2018-580:232";907;1;7;1,67807190511264;44;"Roger Federer";48;"Marton Fucsovics";7;1,67807190511264;5,32192809488736;36,4;25,9;10,5;185;188;-3;1,5;0,7;1,5;0,7;0,8;10;0;7;0;3;0;3;0;3;0;0;1
"759050";"2018-580";"Australian Open";"Hard";"128";"Grand Slams";234;40;"Kyle Edmund";"R";188;"GBR";23;33;"Grigor Dimitrov";"R";188;"BUL";26,6;"6-4 3-6 6-3 6-4";5;"QF";169;13;4;124;80;60;19;19;6;9;7;7;116;73;50;23;19;10;15;49;992;3;4990;6;3;6;6;NA;4;6;3;4;NA;2018-01-15;2018;"2018-580:234";908;0;2,38529015588479;6,41503749927884;33;"Grigor Dimitrov";40;"Kyle Edmund";6,41503749927884;2,38529015588479;4,02974734339405;26,6;23;3,6;188;188;0;0,666666666666667;0,666666666666667;0,666666666666667;0,666666666666667;0;15;9;10;6;5;3;3;5;-2;0;0;1
"759053";"2018-580";"Australian Open";"Hard";"128";"Grand Slams";237;22;"Marin Cilic";"R";198;"CRO";29,2;40;"Kyle Edmund";"R";188;"GBR";23;"6-2 7-6(4) 6-2";5;"SF";138;11;1;89;50;45;22;14;2;2;7;3;101;68;44;16;14;4;8;6;3805;49;992;6;7;6;NA;NA;2;6;2;NA;NA;2018-01-15;2018;"2018-580:237";909;1;5,41503749927884;2,38529015588479;22;"Marin Cilic";40;"Kyle Edmund";5,41503749927884;2,38529015588479;3,02974734339405;29,2;23;6,2;198;188;10;1;0,5;1;0,5;0,5;8;2;4;2;4;0;4;0;4;0;0;1
"759055";"2018-580";"Australian Open";"Hard";"128";"Grand Slams";239;44;"Roger Federer";"R";185;"SUI";36,4;22;"Marin Cilic";"R";198;"CRO";29,2;"6-2 6-7(5) 6-3 3-6 6-1";5;"F";183;24;4;139;84;67;32;23;7;9;16;5;141;88;61;27;22;7;13;2;9605;6;3805;6;6;6;3;6;2;7;3;6;1;2018-01-15;2018;"2018-580:239";910;0;7;5,41503749927884;22;"Marin Cilic";44;"Roger Federer";5,41503749927884;7;-1,58496250072116;29,2;36,4;-7,2;198;185;13;0,777777777777778;0,538461538461538;0,538461538461538;0,777777777777778;-0,239316239316239;13;9;7;7;6;2;2;6;-4;0;0;1
"779511";"2018-560";"US Open";"Hard";"128";"Grand Slams";114;112;"Vasek Pospisil";"R";193;"CAN";28,1;82;"Lukas Lacko";"R";185;"SVK";30,8;"7-5 6-3 6-2";5;"R128";123;13;3;89;54;44;15;15;4;6;4;4;92;54;34;14;14;3;10;88;642;77;736;7;6;6;NA;NA;5;3;2;NA;NA;2018-08-27;2018;"2018-560:114";911;0;1,5405683813627;1,7332134593051;82;"Lukas Lacko";112;"Vasek Pospisil";1,7332134593051;1,5405683813627;0,192645077942396;30,8;28,1;2,7;185;193;-8;0,666666666666667;0,3;0,3;0,666666666666667;-0,366666666666667;10;6;3;4;7;2;2;7;-5;0;0;1
"779512";"2018-560";"US Open";"Hard";"128";"Grand Slams";115;129;"Lorenzo Sonego";"R";191;"ITA";23,2;99;"Gilles Muller";"L";193;"LUX";35,3;"7-6(2) 6-7(9) 5-7 7-6(6) 6-2";5;"R128";256;27;4;171;106;86;37;28;4;7;18;18;181;96;77;44;28;6;10;121;460;127;448;7;6;5;7;6;6;7;7;6;2;2018-08-27;2018;"2018-560:115";912;0;1,08113676272541;1,01131531322783;99;"Gilles Muller";129;"Lorenzo Sonego";1,01131531322783;1,08113676272541;-0,0698214494975709;35,3;23,2;12,1;193;191;2;0,571428571428571;0,6;0,6;0,571428571428571;0,0285714285714286;10;7;6;4;4;3;3;4;-1;0;0;1
"779513";"2018-560";"US Open";"Hard";"128";"Grand Slams";116;72;"Karen Khachanov";"R";198;"RUS";22,2;115;"Albert Ramos";"L";188;"ESP";30,6;"6-3 6-2 6-3";5;"R128";106;7;1;66;42;37;15;13;0;0;4;2;87;51;29;16;13;7;12;26;1525;52;985;6;6;6;NA;NA;3;2;3;NA;NA;2018-08-27;2018;"2018-560:116";913;1;3,29956028185891;2,29956028185891;72;"Karen Khachanov";115;"Albert Ramos";3,29956028185891;2,29956028185891;1;22,2;30,6;-8,4;198;188;10;1,5;0,583333333333333;1,5;0,583333333333333;0,916666666666667;12;0;7;0;5;0;5;0;5;0;0;1
"779515";"2018-560";"US Open";"Hard";"128";"Grand Slams";118;8;"Nikoloz Basilashvili";"R";185;"GEO";26,5;10;"Aljaz Bedene";"R";181;"SLO";29,1;"6-2 4-6 6-2 2-6 6-4";5;"R128";195;4;7;140;85;57;27;22;9;14;22;8;148;74;56;31;22;10;17;37;1152;78;725;6;4;6;2;6;2;6;2;6;4;2018-08-27;2018;"2018-560:118";914;1;2,79054663437105;1,71459778113775;8;"Nikoloz Basilashvili";10;"Aljaz Bedene";2,79054663437105;1,71459778113775;1,0759488532333;26,5;29,1;-2,6;185;181;4;0,642857142857143;0,588235294117647;0,642857142857143;0,588235294117647;0,0546218487394958;17;14;10;9;7;5;7;5;2;0;0;1
"779516";"2018-560";"US Open";"Hard";"128";"Grand Slams";119;110;"Guido Pella";"L";185;"ARG";28,2;120;"Casper Ruud";"R";183;"NOR";19,6;"6-4 6-4 6-1";5;"R128";128;9;2;74;51;43;13;14;1;1;7;5;98;56;39;16;13;3;8;66;825;143;401;6;6;6;NA;NA;4;4;1;NA;NA;2018-08-27;2018;"2018-560:119";915;1;1,95560588064155;0,840128663221611;110;"Guido Pella";120;"Casper Ruud";1,95560588064155;0,840128663221611;1,11547721741994;28,2;19,6;8,6;185;183;2;1;0,375;1;0,375;0,625;8;1;3;1;5;0;5;0;5;0;0;1
"779519";"2018-560";"US Open";"Hard";"128";"Grand Slams";122;68;"Steve Johnson";"R";188;"USA";28,6;65;"Denis Istomin";"R";188;"UZB";31,9;"6-3 7-6(6) 6-3";5;"R128";130;16;2;90;54;49;21;15;1;1;11;2;88;52;42;17;15;5;7;31;1340;76;759;6;7;6;NA;NA;3;6;3;NA;NA;2018-08-27;2018;"2018-560:122";916;0;3,04580368961313;1,75207248655641;65;"Denis Istomin";68;"Steve Johnson";1,75207248655641;3,04580368961313;-1,29373120305671;31,9;28,6;3,3;188;188;0;1;0,714285714285714;0,714285714285714;1;-0,285714285714286;7;1;5;1;2;0;0;2;-2;0;0;1
"779524";"2018-560";"US Open";"Hard";"128";"Grand Slams";127;20;"Jeremy Chardy";"R";188;"FRA";31,5;119;"Andrey Rublev";"R";188;"RUS";20,8;"6-2 4-6 6-4 6-1";5;"R128";148;12;13;118;70;55;21;18;8;11;5;13;112;57;41;18;17;7;14;46;1040;38;1145;6;4;6;6;NA;2;6;4;1;NA;2018-08-27;2018;"2018-560:127";917;1;2,47643804394299;2,75207248655641;20;"Jeremy Chardy";119;"Andrey Rublev";2,47643804394299;2,75207248655641;-0,275634442613428;31,5;20,8;10,7;188;188;0;0,727272727272727;0,5;0,727272727272727;0,5;0,227272727272727;14;11;7;8;7;3;7;3;4;0;0;1
"779525";"2018-560";"US Open";"Hard";"128";"Grand Slams";128;4;"Kevin Anderson";"R";203;"RSA";32,2;59;"Ryan Harrison";"R";183;"USA";26,3;"7-6(4) 5-7 4-6 6-3 6-4";5;"R128";254;28;7;185;108;83;43;28;9;11;15;6;149;85;68;42;26;9;11;5;4615;53;980;7;5;4;6;6;6;7;6;3;4;2018-08-27;2018;"2018-560:128";918;1;5,67807190511264;2,2720795454368;4;"Kevin Anderson";59;"Ryan Harrison";5,67807190511264;2,2720795454368;3,40599235967584;32,2;26,3;5,9;203;183;20;0,818181818181818;0,818181818181818;0,818181818181818;0,818181818181818;0;11;11;9;9;2;2;2;2;0;0;0;1
"779527";"2018-560";"US Open";"Hard";"128";"Grand Slams";130;77;"Denis Kudla";"R";180;"USA";26;14;"Matteo Berrettini";"R";196;"ITA";22,3;"6-4 7-5 6-2";5;"R128";137;14;5;113;66;50;24;15;6;7;12;4;107;73;49;12;15;11;16;72;785;57;909;6;7;6;NA;NA;4;5;2;NA;NA;2018-08-27;2018;"2018-560:130";919;0;1,83007499855769;2,16710998583526;14;"Matteo Berrettini";77;"Denis Kudla";2,16710998583526;1,83007499855769;0,337034987277571;22,3;26;-3,7;196;180;16;0,857142857142857;0,6875;0,6875;0,857142857142857;-0,169642857142857;16;7;11;6;5;1;1;5;-4;0;0;1
"779528";"2018-560";"US Open";"Hard";"128";"Grand Slams";131;100;"Andy Murray";"R";190;"GBR";31,2;38;"James Duckworth";"R";183;"AUS";26,5;"6-7(5) 6-3 7-5 6-3";5;"R128";197;8;6;123;70;53;34;22;3;5;9;12;144;65;47;38;21;9;15;382;110;448;83;6;6;7;6;NA;7;3;5;3;NA;2018-08-27;2018;"2018-560:131";920;0;-0,57742882803575;-0,807354922057604;38;"James Duckworth";100;"Andy Murray";-0,807354922057604;-0,57742882803575;-0,229926094021854;26,5;31,2;-4,7;183;190;-7;0,6;0,6;0,6;0,6;0;15;5;9;3;6;2;2;6;-4;0;0;1
"779529";"2018-560";"US Open";"Hard";"128";"Grand Slams";132;143;"Fernando Verdasco";"L";188;"ESP";34,7;84;"Feliciano Lopez";"L";188;"ESP";36,9;"6-2 7-5 6-4";5;"R128";134;8;9;93;61;47;17;15;10;12;10;13;97;55;41;11;15;2;8;32;1330;63;850;6;7;6;NA;NA;2;5;4;NA;NA;2018-08-27;2018;"2018-560:132";921;0;3;2,02272007650008;84;"Feliciano Lopez";143;"Fernando Verdasco";2,02272007650008;3;-0,977279923499917;36,9;34,7;2,2;188;188;0;0,833333333333333;0,25;0,25;0,833333333333333;-0,583333333333333;8;12;2;10;6;2;2;6;-4;0;0;1
"779530";"2018-560";"US Open";"Hard";"128";"Grand Slams";133;23;"Borna Coric";"R";188;"CRO";21,7;89;"Florian Mayer";"R";190;"GER";34,8;"6-2 6-2 5-7 6-4";5;"R128";146;17;2;118;76;61;21;19;8;10;6;0;105;71;43;18;19;4;10;20;1735;193;288;6;6;5;6;NA;2;2;7;4;NA;2018-08-27;2018;"2018-560:133";922;1;3,67807190511264;0,407542962731919;23;"Borna Coric";89;"Florian Mayer";3,67807190511264;0,407542962731919;3,27052894238072;21,7;34,8;-13,1;188;190;-2;0,8;0,4;0,8;0,4;0,4;10;10;4;8;6;2;6;2;4;0;0;1
"779532";"2018-560";"US Open";"Hard";"128";"Grand Slams";135;92;"Daniil Medvedev";"R";198;"RUS";22,5;37;"Evgeny Donskoy";"R";185;"RUS";28,3;"7-5 6-4 6-2";5;"R128";122;17;3;79;56;50;12;15;0;0;0;4;97;61;42;18;15;9;13;36;1182;80;718;7;6;6;NA;NA;5;4;2;NA;NA;2018-08-27;2018;"2018-560:135";923;0;2,83007499855769;1,67807190511264;37;"Evgeny Donskoy";92;"Daniil Medvedev";1,67807190511264;2,83007499855769;-1,15200309344505;28,3;22,5;5,8;185;198;-13;1,5;0,692307692307692;0,692307692307692;1,5;-0,807692307692308;13;0;9;0;4;0;0;4;-4;0;0;1
"779533";"2018-560";"US Open";"Hard";"128";"Grand Slams";136;140;"Stefanos Tsitsipas";"R";193;"GRE";20;117;"Tommy Robredo";"R";180;"ESP";36,3;"6-3 7-6(1) 6-4";5;"R128";153;8;2;117;58;43;33;16;6;7;0;4;84;54;35;16;15;1;4;15;2042;214;260;6;7;6;NA;NA;3;6;4;NA;NA;2018-08-27;2018;"2018-560:136";924;0;4,09310940439148;0,258533013598853;117;"Tommy Robredo";140;"Stefanos Tsitsipas";0,258533013598853;4,09310940439148;-3,83457639079263;36,3;20;16,3;180;193;-13;0,857142857142857;0,25;0,25;0,857142857142857;-0,607142857142857;4;7;1;6;3;1;1;3;-2;0;0;1
"779536";"2018-560";"US Open";"Hard";"128";"Grand Slams";139;105;"Cameron Norrie";"L";188;"GBR";23;135;"Jordan Thompson";"R";183;"AUS";24,3;"7-5 4-6 6-4 6-3";5;"R128";199;18;11;128;81;60;23;20;6;9;8;3;138;96;63;15;21;6;12;67;824;108;520;7;4;6;6;NA;5;6;4;3;NA;2018-08-27;2018;"2018-560:139";925;1;1,93391080954223;1,24511249783653;105;"Cameron Norrie";135;"Jordan Thompson";1,93391080954223;1,24511249783653;0,688798311705696;23;24,3;-1,3;188;183;5;0,666666666666667;0,5;0,666666666666667;0,5;0,166666666666667;12;9;6;6;6;3;6;3;3;0;0;1
"779537";"2018-560";"US Open";"Hard";"128";"Grand Slams";140;83;"Dusan Lajovic";"R";180;"SRB";28,1;39;"Damir Dzumhur";"R";172;"BIH";26,2;"3-6 6-1 6-3 6-4";5;"R128";144;10;5;115;71;49;21;18;9;13;1;7;110;72;45;13;17;6;13;62;865;27;1475;3;6;6;6;NA;6;1;3;4;NA;2018-08-27;2018;"2018-560:140";926;0;2,04580368961313;3,24511249783653;39;"Damir Dzumhur";83;"Dusan Lajovic";3,24511249783653;2,04580368961313;1,19930880822341;26,2;28,1;-1,9;172;180;-8;0,692307692307692;0,461538461538462;0,461538461538462;0,692307692307692;-0,230769230769231;13;13;6;9;7;4;4;7;-3;0;0;1
"779539";"2018-560";"US Open";"Hard";"128";"Grand Slams";142;125;"Gilles Simon";"R";183;"FRA";33,6;58;"Lloyd Harris";"R";193;"RSA";21,5;"6-2 6-2 6-3";5;"R128";138;5;3;78;42;29;25;13;2;3;12;7;118;63;40;19;12;17;23;40;1080;145;401;6;6;6;NA;NA;2;2;3;NA;NA;2018-08-27;2018;"2018-560:142";927;0;2,67807190511264;0,820090909985066;58;"Lloyd Harris";125;"Gilles Simon";0,820090909985066;2,67807190511264;-1,85798099512757;21,5;33,6;-12,1;193;183;10;0,666666666666667;0,739130434782609;0,739130434782609;0,666666666666667;0,072463768115942;23;3;17;2;6;1;1;6;-5;0;0;1
"779541";"2018-560";"US Open";"Hard";"128";"Grand Slams";144;145;"Stan Wawrinka";"R";183;"SUI";33,4;33;"Grigor Dimitrov";"R";188;"BUL";27,2;"6-3 6-2 7-5";5;"R128";144;6;3;111;68;46;25;15;7;8;6;7;90;47;36;18;14;9;14;101;560;8;3790;6;6;7;NA;NA;3;2;5;NA;NA;2018-08-27;2018;"2018-560:144";928;0;1,34178851724821;5;33;"Grigor Dimitrov";145;"Stan Wawrinka";5;1,34178851724821;3,65821148275179;27,2;33,4;-6,2;188;183;5;0,875;0,642857142857143;0,642857142857143;0,875;-0,232142857142857;14;8;9;7;5;1;1;5;-4;0;0;1
"779544";"2018-560";"US Open";"Hard";"128";"Grand Slams";147;30;"Alex De Minaur";"R";183;"AUS";19,5;26;"Taro Daniel";"R";191;"JPN";25,5;"6-0 6-1 6-2";5;"R128";89;8;1;58;37;30;16;11;1;1;1;5;66;28;14;13;10;3;10;45;1043;64;834;6;6;6;NA;NA;0;1;2;NA;NA;2018-08-27;2018;"2018-560:147";929;0;2,50814690367033;2;26;"Taro Daniel";30;"Alex De Minaur";2;2,50814690367033;-0,508146903670325;25,5;19,5;6;191;183;8;1;0,3;0,3;1;-0,7;10;1;3;1;7;0;0;7;-7;0;0;1
"779545";"2018-560";"US Open";"Hard";"128";"Grand Slams";148;136;"Frances Tiafoe";"R";188;"USA";20,5;87;"Adrian Mannarino";"L";183;"FRA";30,1;"6-1 6-4 4-6 6-4";5;"R128";157;10;3;121;73;54;26;19;5;7;9;4;112;67;43;25;18;7;12;44;1055;29;1365;6;6;4;6;NA;1;4;6;4;NA;2018-08-27;2018;"2018-560:148";930;0;2,5405683813627;3,14201900487243;87;"Adrian Mannarino";136;"Frances Tiafoe";3,14201900487243;2,5405683813627;0,601450623509725;30,1;20,5;9,6;183;188;-5;0,714285714285714;0,583333333333333;0,583333333333333;0,714285714285714;-0,130952380952381;12;7;7;5;5;2;2;5;-3;0;0;1
"779546";"2018-560";"US Open";"Hard";"128";"Grand Slams";149;11;"Julien Benneteau";"R";185;"FRA";36,6;19;"Marco Cecchinato";"R";185;"ITA";25,9;"2-6 7-6(5) 6-3 6-4";5;"R128";200;24;9;154;80;61;37;20;14;17;23;8;128;77;58;24;20;5;8;60;891;21;1734;2;7;6;6;NA;6;6;3;4;NA;2018-08-27;2018;"2018-560:149";931;1;2,09310940439148;3,60768257722124;11;"Julien Benneteau";19;"Marco Cecchinato";2,09310940439148;3,60768257722124;-1,51457317282976;36,6;25,9;10,7;185;185;0;0,823529411764706;0,625;0,823529411764706;0,625;0,198529411764706;8;17;5;14;3;3;3;3;0;0;0;1
"779548";"2018-560";"US Open";"Hard";"128";"Grand Slams";151;57;"Robin Haase";"R";190;"NED";31,3;91;"Mackenzie Mcdonald";"R";178;"USA";23,3;"4-6 4-6 6-3 6-1 6-3";5;"R128";182;14;8;134;76;67;29;23;2;4;13;8;135;80;56;30;22;5;10;49;1010;79;719;4;4;6;6;6;6;6;3;1;3;2018-08-27;2018;"2018-560:151";932;1;2,38529015588479;1,6962192518229;57;"Robin Haase";91;"Mackenzie Mcdonald";2,38529015588479;1,6962192518229;0,689070904061895;31,3;23,3;8;190;178;12;0,5;0,5;0,5;0,5;0;10;4;5;2;5;2;5;2;3;0;0;1
"779550";"2018-560";"US Open";"Hard";"128";"Grand Slams";153;122;"Diego Schwartzman";"R";170;"ARG";26;32;"Federico Delbonis";"L";190;"ARG";27,8;"6-2 7-6(6) 6-2";5;"R128";161;1;3;99;52;37;27;15;3;5;3;4;105;59;31;23;14;7;13;13;2380;111;510;6;7;6;NA;NA;2;6;2;NA;NA;2018-08-27;2018;"2018-560:153";933;0;4,29956028185891;1,20558413364989;32;"Federico Delbonis";122;"Diego Schwartzman";1,20558413364989;4,29956028185891;-3,09397614820901;27,8;26;1,8;190;170;20;0,6;0,538461538461538;0,538461538461538;0,6;-0,0615384615384615;13;5;7;3;6;2;2;6;-4;0;0;1
"779556";"2018-560";"US Open";"Hard";"128";"Grand Slams";159;86;"Nicolas Mahut";"R";190;"FRA";36,5;98;"Corentin Moutet";"L";178;"FRA";19,3;"6-2 7-5 5-7 6-4";5;"R128";203;6;5;126;73;47;29;21;9;14;5;14;130;82;57;16;21;4;12;131;433;112;502;6;7;5;6;NA;2;5;7;4;NA;2018-08-27;2018;"2018-560:159";934;1;0,96657699846255;1,1926450779424;86;"Nicolas Mahut";98;"Corentin Moutet";0,96657699846255;1,1926450779424;-0,226068079479846;36,5;19,3;17,2;190;178;12;0,642857142857143;0,333333333333333;0,642857142857143;0,333333333333333;0,30952380952381;12;14;4;9;8;5;8;5;3;0;0;1
"779558";"2018-560";"US Open";"Hard";"128";"Grand Slams";161;35;"Novak Djokovic";"R";188;"SRB";31,2;48;"Marton Fucsovics";"R";188;"HUN";26,5;"6-3 3-6 6-4 6-0";5;"R128";179;4;3;105;62;46;24;17;3;5;3;5;106;65;43;17;17;7;13;6;4445;41;1072;6;3;6;6;NA;3;6;4;0;NA;2018-08-27;2018;"2018-560:161";935;1;5,41503749927884;2,64244799538192;35;"Novak Djokovic";48;"Marton Fucsovics";5,41503749927884;2,64244799538192;2,77258950389693;31,2;26,5;4,7;188;188;0;0,6;0,538461538461538;0,6;0,538461538461538;0,0615384615384615;13;5;7;3;6;2;6;2;4;0;0;1
"779564";"2018-560";"US Open";"Hard";"128";"Grand Slams";167;130;"Joao Sousa";"R";185;"POR";29,4;56;"Marcel Granollers";"R";190;"ESP";32,3;"6-2 6-2 6-3";5;"R128";114;4;2;85;47;33;24;13;8;10;10;12;74;35;23;14;12;5;12;68;816;107;521;6;6;6;NA;NA;2;2;3;NA;NA;2018-08-27;2018;"2018-560:167";936;0;1,91253715874966;1,25853301359885;56;"Marcel Granollers";130;"Joao Sousa";1,25853301359885;1,91253715874966;-0,654004145150808;32,3;29,4;2,9;190;185;5;0,8;0,416666666666667;0,416666666666667;0,8;-0,383333333333333;12;10;5;8;7;2;2;7;-5;0;0;1
"779566";"2018-560";"US Open";"Hard";"128";"Grand Slams";169;46;"Fabio Fognini";"R";178;"ITA";31,2;95;"Michael Mmoh";"R";188;"USA";20,6;"4-6 6-2 6-4 7-6(4)";5;"R128";193;10;7;123;62;49;33;21;5;8;8;4;130;85;59;17;20;5;10;14;2190;120;464;4;6;6;7;NA;6;2;4;6;NA;2018-08-27;2018;"2018-560:169";937;1;4,1926450779424;1,09310940439148;46;"Fabio Fognini";95;"Michael Mmoh";4,1926450779424;1,09310940439148;3,09953567355091;31,2;20,6;10,6;178;188;-10;0,625;0,5;0,625;0,5;0,125;10;8;5;5;5;3;5;3;2;0;0;1
"779570";"2018-560";"US Open";"Hard";"128";"Grand Slams";173;80;"Nick Kyrgios";"R";193;"AUS";23,3;1;"Radu Albot";"R";175;"MDA";28,7;"7-5 2-6 6-4 6-2";5;"R128";140;25;14;129;74;55;26;19;12;15;8;8;105;71;50;16;19;3;8;30;1345;95;598;7;2;6;6;NA;5;6;4;2;NA;2018-08-27;2018;"2018-560:173";938;0;3,09310940439148;1,43014439166905;1;"Radu Albot";80;"Nick Kyrgios";1,43014439166905;3,09310940439148;-1,66296501272243;28,7;23,3;5,4;175;193;-18;0,8;0,375;0,375;0,8;-0,425;8;15;3;12;5;3;3;5;-2;0;0;1
"779574";"2018-560";"US Open";"Hard";"128";"Grand Slams";177;101;"Rafael Nadal";"L";185;"ESP";32,2;112;"Vasek Pospisil";"R";193;"CAN";28,1;"6-3 6-4 6-2";5;"R64";120;5;2;75;55;46;10;14;4;5;12;3;70;38;23;16;13;2;7;1;10040;88;642;6;6;6;NA;NA;3;4;2;NA;NA;2018-08-27;2018;"2018-560:177";939;1;8;1,5405683813627;101;"Rafael Nadal";112;"Vasek Pospisil";8;1,5405683813627;6,4594316186373;32,2;28,1;4,1;185;193;-8;0,8;0,285714285714286;0,8;0,285714285714286;0,514285714285714;7;5;2;4;5;1;5;1;4;0;0;1
"779575";"2018-560";"US Open";"Hard";"128";"Grand Slams";178;72;"Karen Khachanov";"R";198;"RUS";22,2;129;"Lorenzo Sonego";"R";191;"ITA";23,2;"7-5 6-3 6-3";5;"R64";126;12;4;83;48;43;20;15;4;4;7;3;96;59;42;18;15;8;12;26;1525;121;460;7;6;6;NA;NA;5;3;3;NA;NA;2018-08-27;2018;"2018-560:178";940;1;3,29956028185891;1,08113676272541;72;"Karen Khachanov";129;"Lorenzo Sonego";3,29956028185891;1,08113676272541;2,2184235191335;22,2;23,2;-1;198;191;7;1;0,666666666666667;1;0,666666666666667;0,333333333333333;12;4;8;4;4;0;4;0;4;0;0;1
"779576";"2018-560";"US Open";"Hard";"128";"Grand Slams";179;8;"Nikoloz Basilashvili";"R";185;"GEO";26,5;128;"Jack Sock";"R";185;"USA";25,9;"4-6 6-3 6-2 7-6(3)";5;"R64";172;11;7;119;54;44;41;21;2;4;7;3;113;76;54;17;19;4;8;37;1152;18;1815;4;6;6;7;NA;6;3;2;6;NA;2018-08-27;2018;"2018-560:179";941;1;2,79054663437105;3,83007499855769;8;"Nikoloz Basilashvili";128;"Jack Sock";2,79054663437105;3,83007499855769;-1,03952836418664;26,5;25,9;0,600000000000001;185;185;0;0,5;0,5;0,5;0,5;0;8;4;4;2;4;2;4;2;2;0;0;1
"779577";"2018-560";"US Open";"Hard";"128";"Grand Slams";180;110;"Guido Pella";"L";185;"ARG";28,2;85;"Paolo Lorenzi";"R";183;"ITA";36,6;"7-5 6-0 6-2";5;"R64";128;8;4;77;48;34;21;13;6;7;2;6;87;45;24;15;13;3;10;66;825;94;603;7;6;6;NA;NA;5;0;2;NA;NA;2018-08-27;2018;"2018-560:180";942;0;1,95560588064155;1,44541114832236;85;"Paolo Lorenzi";110;"Guido Pella";1,44541114832236;1,95560588064155;-0,510194732319184;36,6;28,2;8,4;183;185;-2;0,857142857142857;0,3;0,3;0,857142857142857;-0,557142857142857;10;7;3;6;7;1;1;7;-6;0;0;1
"779578";"2018-560";"US Open";"Hard";"128";"Grand Slams";181;134;"Dominic Thiem";"R";185;"AUT";24,9;68;"Steve Johnson";"R";188;"USA";28,6;"6-7(5) 6-3 5-7 6-4 6-1";5;"R64";214;15;6;143;76;61;43;25;5;6;12;7;151;92;72;28;26;5;10;9;3485;31;1340;6;6;5;6;6;7;3;7;4;1;2018-08-27;2018;"2018-560:181";943;0;4,83007499855769;3,04580368961313;68;"Steve Johnson";134;"Dominic Thiem";3,04580368961313;4,83007499855769;-1,78427130894456;28,6;24,9;3,7;188;185;3;0,833333333333333;0,5;0,5;0,833333333333333;-0,333333333333333;10;6;5;5;5;1;1;5;-4;0;0;1
"779580";"2018-560";"US Open";"Hard";"128";"Grand Slams";183;124;"Denis Shapovalov";"L";185;"CAN";19,3;123;"Andreas Seppi";"R";190;"ITA";34,5;"6-4 4-6 5-7 7-6(2) 6-4";5;"R64";227;18;12;174;98;75;40;28;15;20;7;8;181;95;72;42;27;13;18;28;1385;51;986;6;4;5;7;6;4;6;7;6;4;2018-08-27;2018;"2018-560:183";944;0;3,1926450779424;2,3275746580285;123;"Andreas Seppi";124;"Denis Shapovalov";2,3275746580285;3,1926450779424;-0,865070419913891;34,5;19,3;15,2;190;185;5;0,75;0,722222222222222;0,722222222222222;0,75;-0,0277777777777778;18;20;13;15;5;5;5;5;0;0;0;1
"779581";"2018-560";"US Open";"Hard";"128";"Grand Slams";184;4;"Kevin Anderson";"R";203;"RSA";32,2;20;"Jeremy Chardy";"R";188;"FRA";31,5;"6-2 6-4 6-4";5;"R64";117;18;5;86;51;43;18;14;0;0;9;3;75;41;29;22;14;5;9;5;4615;46;1040;6;6;6;NA;NA;2;4;4;NA;NA;2018-08-27;2018;"2018-560:184";945;1;5,67807190511264;2,47643804394299;4;"Kevin Anderson";20;"Jeremy Chardy";5,67807190511264;2,47643804394299;3,20163386116965;32,2;31,5;0,700000000000003;203;188;15;1,5;0,555555555555556;1,5;0,555555555555556;0,944444444444444;9;0;5;0;4;0;4;0;4;0;0;1
"779582";"2018-560";"US Open";"Hard";"128";"Grand Slams";185;31;"Juan Martin del Potro";"R";198;"ARG";29,9;77;"Denis Kudla";"R";180;"USA";26;"6-3 6-1 7-6(4)";5;"R64";116;20;1;75;55;47;13;15;0;0;11;6;86;44;32;19;14;5;9;3;5500;72;785;6;6;7;NA;NA;3;1;6;NA;NA;2018-08-27;2018;"2018-560:185";946;1;6,41503749927884;1,83007499855769;31;"Juan Martin del Potro";77;"Denis Kudla";6,41503749927884;1,83007499855769;4,58496250072116;29,9;26;3,9;198;180;18;1,5;0,555555555555556;1,5;0,555555555555556;0,944444444444444;9;0;5;0;4;0;4;0;4;0;0;1
"779583";"2018-560";"US Open";"Hard";"128";"Grand Slams";186;143;"Fernando Verdasco";"L";188;"ESP";34,7;100;"Andy Murray";"R";190;"GBR";31,2;"7-5 2-6 6-4 6-4";5;"R64";203;9;9;133;84;55;22;20;9;15;5;6;112;62;43;21;20;3;10;32;1330;382;110;7;2;6;6;NA;5;6;4;4;NA;2018-08-27;2018;"2018-560:186";947;0;3;-0,57742882803575;100;"Andy Murray";143;"Fernando Verdasco";-0,57742882803575;3;-3,57742882803575;31,2;34,7;-3,5;190;188;2;0,6;0,3;0,3;0,6;-0,3;10;15;3;9;7;6;6;7;-1;0;0;1
"779584";"2018-560";"US Open";"Hard";"128";"Grand Slams";187;23;"Borna Coric";"R";188;"CRO";21,7;17;"Roberto Carballes Baena";"R";183;"ESP";25,4;"7-6(4) 6-2 6-3";5;"R64";150;5;1;99;48;37;31;15;2;3;4;5;76;46;35;13;14;1;5;20;1735;97;580;7;6;6;NA;NA;6;2;3;NA;NA;2018-08-27;2018;"2018-560:187";948;0;3,67807190511264;1,40008715781287;17;"Roberto Carballes Baena";23;"Borna Coric";1,40008715781287;3,67807190511264;-2,27798474729977;25,4;21,7;3,7;183;188;-5;0,666666666666667;0,2;0,2;0,666666666666667;-0,466666666666667;5;3;1;2;4;1;1;4;-3;0;0;1
"779585";"2018-560";"US Open";"Hard";"128";"Grand Slams";188;92;"Daniil Medvedev";"R";198;"RUS";22,5;140;"Stefanos Tsitsipas";"R";193;"GRE";20;"6-4 6-3 4-6 6-3";5;"R64";168;8;2;94;53;45;25;19;5;8;4;6;112;55;40;27;19;6;12;36;1182;15;2042;6;6;4;6;NA;4;3;6;3;NA;2018-08-27;2018;"2018-560:188";949;1;2,83007499855769;4,09310940439148;92;"Daniil Medvedev";140;"Stefanos Tsitsipas";2,83007499855769;4,09310940439148;-1,26303440583379;22,5;20;2,5;198;193;5;0,625;0,5;0,625;0,5;0,125;12;8;6;5;6;3;6;3;3;0;0;1
"779587";"2018-560";"US Open";"Hard";"128";"Grand Slams";190;83;"Dusan Lajovic";"R";180;"SRB";28,1;105;"Cameron Norrie";"L";188;"GBR";23;"6-2 2-6 6-4 6-4";5;"R64";178;3;4;123;70;51;26;18;11;14;8;5;116;75;50;20;18;7;12;62;865;67;824;6;2;6;6;NA;2;6;4;4;NA;2018-08-27;2018;"2018-560:190";950;1;2,04580368961313;1,93391080954223;83;"Dusan Lajovic";105;"Cameron Norrie";2,04580368961313;1,93391080954223;0,111892880070897;28,1;23;5,1;180;188;-8;0,785714285714286;0,583333333333333;0,785714285714286;0,583333333333333;0,202380952380952;12;14;7;11;5;3;5;3;2;0;0;1
"779588";"2018-560";"US Open";"Hard";"128";"Grand Slams";191;116;"Milos Raonic";"R";196;"CAN";27,6;125;"Gilles Simon";"R";183;"FRA";33,6;"6-3 6-4 6-4";5;"R64";126;17;5;85;49;40;23;15;2;2;0;2;86;68;44;11;14;3;6;24;1575;40;1080;6;6;6;NA;NA;3;4;4;NA;NA;2018-08-27;2018;"2018-560:191";951;1;3,41503749927884;2,67807190511264;116;"Milos Raonic";125;"Gilles Simon";3,41503749927884;2,67807190511264;0,736965594166207;27,6;33,6;-6;196;183;13;1;0,5;1;0,5;0,5;6;2;3;2;3;0;3;0;3;0;0;1
"779589";"2018-560";"US Open";"Hard";"128";"Grand Slams";192;145;"Stan Wawrinka";"R";183;"SUI";33,4;62;"Ugo Humbert";"L";188;"FRA";20,1;"7-6(5) 4-6 6-3 7-5";5;"R64";201;6;4;136;69;50;38;22;7;11;11;7;133;70;46;35;22;7;12;101;560;139;411;7;4;6;7;NA;6;6;3;5;NA;2018-08-27;2018;"2018-560:192";952;0;1,34178851724821;0,881058927276492;62;"Ugo Humbert";145;"Stan Wawrinka";0,881058927276492;1,34178851724821;-0,460729589971713;20,1;33,4;-13,3;188;183;5;0,636363636363636;0,583333333333333;0,583333333333333;0,636363636363636;-0,053030303030303;12;11;7;7;5;4;4;5;-1;0;0;1
"779590";"2018-560";"US Open";"Hard";"128";"Grand Slams";193;22;"Marin Cilic";"R";198;"CRO";29,9;63;"Hubert Hurkacz";"R";196;"POL";21,5;"6-2 6-0 6-0";5;"R64";79;13;1;57;38;31;11;10;2;2;3;6;70;35;15;14;10;6;14;7;4445;109;515;6;6;6;NA;NA;2;0;0;NA;NA;2018-08-27;2018;"2018-560:193";953;1;5,1926450779424;1,23181567522307;22;"Marin Cilic";63;"Hubert Hurkacz";5,1926450779424;1,23181567522307;3,96082940271932;29,9;21,5;8,4;198;196;2;1;0,428571428571429;1;0,428571428571429;0,571428571428571;14;2;6;2;8;0;8;0;8;0;0;1
"779591";"2018-560";"US Open";"Hard";"128";"Grand Slams";194;30;"Alex De Minaur";"R";183;"AUS";19,5;136;"Frances Tiafoe";"R";188;"USA";20,5;"6-4 6-0 5-7 6-2";5;"R64";159;11;4;109;61;45;26;18;6;9;10;9;110;68;46;12;18;6;14;45;1043;44;1055;6;6;5;6;NA;4;0;7;2;NA;2018-08-27;2018;"2018-560:194";954;1;2,50814690367033;2,5405683813627;30;"Alex De Minaur";136;"Frances Tiafoe";2,50814690367033;2,5405683813627;-0,0324214776923775;19,5;20,5;-1;183;188;-5;0,666666666666667;0,428571428571429;0,666666666666667;0,428571428571429;0,238095238095238;14;9;6;6;8;3;8;3;5;0;0;1
"779597";"2018-560";"US Open";"Hard";"128";"Grand Slams";200;148;"Alexander Zverev";"R";198;"GER";21,3;86;"Nicolas Mahut";"R";190;"FRA";36,5;"6-4 6-4 6-2";5;"R64";109;10;3;73;41;33;22;14;1;2;5;2;79;47;34;12;14;0;5;4;4845;131;433;6;6;6;NA;NA;4;4;2;NA;NA;2018-08-27;2018;"2018-560:200";955;0;6;0,96657699846255;86;"Nicolas Mahut";148;"Alexander Zverev";0,96657699846255;6;-5,03342300153745;36,5;21,3;15,2;190;198;-8;0,5;0;0;0,5;-0,5;5;2;0;1;5;1;1;5;-4;0;0;1
"779598";"2018-560";"US Open";"Hard";"128";"Grand Slams";201;35;"Novak Djokovic";"R";188;"SRB";31,2;121;"Tennys Sandgren";"R";188;"USA";27;"6-1 6-3 6-7(2) 6-2";5;"R64";166;6;3;114;81;57;19;19;2;3;11;4;129;79;51;21;18;9;16;6;4445;61;876;6;6;6;6;NA;1;3;7;2;NA;2018-08-27;2018;"2018-560:201";956;1;5,41503749927884;2,06926266243711;35;"Novak Djokovic";121;"Tennys Sandgren";5,41503749927884;2,06926266243711;3,34577483684173;31,2;27;4,2;188;188;0;0,666666666666667;0,5625;0,666666666666667;0,5625;0,104166666666667;16;3;9;2;7;1;7;1;6;0;0;1
"779599";"2018-560";"US Open";"Hard";"128";"Grand Slams";202;51;"Richard Gasquet";"R";185;"FRA";32,1;34;"Laslo Djere";"R";188;"SRB";23,2;"6-3 7-6(5) 6-3";5;"R64";148;8;5;127;85;66;21;16;12;12;4;1;88;56;41;19;15;3;5;25;1535;89;636;6;7;6;NA;NA;3;6;3;NA;NA;2018-08-27;2018;"2018-560:202";957;0;3,35614381022528;1,5242665690336;34;"Laslo Djere";51;"Richard Gasquet";1,5242665690336;3,35614381022528;-1,83187724119167;23,2;32,1;-8,9;188;185;3;1;0,6;0,6;1;-0,4;5;12;3;12;2;0;0;2;-2;0;0;1
"779602";"2018-560";"US Open";"Hard";"128";"Grand Slams";205;94;"John Millman";"R";183;"AUS";29,2;46;"Fabio Fognini";"R";178;"ITA";31,2;"6-1 4-6 6-4 6-1";5;"R64";160;4;5;101;63;42;24;17;1;5;5;6;97;55;34;15;17;2;11;55;963;14;2190;6;4;6;6;NA;1;6;4;1;NA;2018-08-27;2018;"2018-560:205";958;0;2,21864028647534;4,1926450779424;46;"Fabio Fognini";94;"John Millman";4,1926450779424;2,21864028647534;1,97400479146706;31,2;29,2;2;178;183;-5;0,2;0,181818181818182;0,181818181818182;0,2;-0,0181818181818182;11;5;2;1;9;4;4;9;-5;0;0;1
"779604";"2018-560";"US Open";"Hard";"128";"Grand Slams";207;80;"Nick Kyrgios";"R";193;"AUS";23,3;60;"Pierre Hugues Herbert";"R";188;"FRA";27,4;"4-6 7-6(6) 6-3 6-0";5;"R64";167;14;12;122;70;57;29;20;4;6;16;8;126;77;51;25;18;9;14;30;1345;75;764;4;7;6;6;NA;6;6;3;0;NA;2018-08-27;2018;"2018-560:207";959;0;3,09310940439148;1,77118130950412;60;"Pierre Hugues Herbert";80;"Nick Kyrgios";1,77118130950412;3,09310940439148;-1,32192809488736;27,4;23,3;4,1;188;193;-5;0,666666666666667;0,642857142857143;0,642857142857143;0,666666666666667;-0,0238095238095237;14;6;9;4;5;2;2;5;-3;0;0;1
"779605";"2018-560";"US Open";"Hard";"128";"Grand Slams";208;44;"Roger Federer";"R";185;"SUI";37;108;"Benoit Paire";"R";196;"FRA";29,3;"7-5 6-4 6-4";5;"R64";117;5;5;95;55;41;25;16;4;6;6;11;102;57;36;22;16;4;9;2;7080;56;955;7;6;6;NA;NA;5;4;4;NA;NA;2018-08-27;2018;"2018-560:208";960;1;7;2,1926450779424;44;"Roger Federer";108;"Benoit Paire";7;2,1926450779424;4,8073549220576;37;29,3;7,7;185;196;-11;0,666666666666667;0,444444444444444;0,666666666666667;0,444444444444444;0,222222222222222;9;6;4;4;5;2;5;2;3;0;0;1
"779606";"2018-560";"US Open";"Hard";"128";"Grand Slams";209;101;"Rafael Nadal";"L";185;"ESP";32,2;72;"Karen Khachanov";"R";198;"RUS";22,2;"5-7 7-5 7-6(7) 7-6(3)";5;"R32";263;0;3;144;89;63;34;26;6;11;22;9;174;116;81;28;24;8;13;1;10040;26;1525;5;7;7;7;NA;7;5;6;6;NA;2018-08-27;2018;"2018-560:209";961;0;8;3,29956028185891;72;"Karen Khachanov";101;"Rafael Nadal";3,29956028185891;8;-4,70043971814109;22,2;32,2;-10;198;185;13;0,545454545454545;0,615384615384615;0,615384615384615;0,545454545454545;0,06993006993007;13;11;8;6;5;5;5;5;0;0;0;1
"779607";"2018-560";"US Open";"Hard";"128";"Grand Slams";210;8;"Nikoloz Basilashvili";"R";185;"GEO";26,5;110;"Guido Pella";"L";185;"ARG";28,2;"6-3 6-4 1-6 7-6(4)";5;"R32";166;3;4;124;78;54;24;19;6;10;18;5;119;76;57;20;21;4;8;37;1152;66;825;6;6;1;7;NA;3;4;6;6;NA;2018-08-27;2018;"2018-560:210";962;1;2,79054663437105;1,95560588064155;8;"Nikoloz Basilashvili";110;"Guido Pella";2,79054663437105;1,95560588064155;0,834940753729503;26,5;28,2;-1,7;185;185;0;0,6;0,5;0,6;0,5;0,1;8;10;4;6;4;4;4;4;0;0;0;1
"779608";"2018-560";"US Open";"Hard";"128";"Grand Slams";211;134;"Dominic Thiem";"R";185;"AUT";24,9;47;"Taylor Fritz";"R";193;"USA";20,8;"3-6 6-3 7-6(5) 6-4";5;"R32";199;18;6;132;74;56;28;20;6;10;13;7;138;69;54;32;21;9;14;9;3485;74;780;3;6;7;6;NA;6;3;6;4;NA;2018-08-27;2018;"2018-560:211";963;0;4,83007499855769;1,79054663437105;47;"Taylor Fritz";134;"Dominic Thiem";1,79054663437105;4,83007499855769;-3,03952836418664;20,8;24,9;-4,1;193;185;8;0,6;0,642857142857143;0,642857142857143;0,6;0,0428571428571429;14;10;9;6;5;4;4;5;-1;0;0;1
"779609";"2018-560";"US Open";"Hard";"128";"Grand Slams";212;4;"Kevin Anderson";"R";203;"RSA";32,2;124;"Denis Shapovalov";"L";185;"CAN";19,3;"4-6 6-3 6-4 4-6 6-4";5;"R32";223;11;1;146;103;77;26;25;7;9;13;8;142;84;64;31;24;4;7;5;4615;28;1385;4;6;6;4;6;6;3;4;6;4;2018-08-27;2018;"2018-560:212";964;1;5,67807190511264;3,1926450779424;4;"Kevin Anderson";124;"Denis Shapovalov";5,67807190511264;3,1926450779424;2,48542682717024;32,2;19,3;12,9;203;185;18;0,777777777777778;0,571428571428571;0,777777777777778;0,571428571428571;0,206349206349206;7;9;4;7;3;2;3;2;1;0;0;1
"779611";"2018-560";"US Open";"Hard";"128";"Grand Slams";214;23;"Borna Coric";"R";188;"CRO";21,7;92;"Daniil Medvedev";"R";198;"RUS";22,5;"6-3 7-5 6-2";5;"R32";128;7;2;90;55;40;20;15;4;6;8;8;94;46;27;24;14;7;13;20;1735;36;1182;6;7;6;NA;NA;3;5;2;NA;NA;2018-08-27;2018;"2018-560:214";965;1;3,67807190511264;2,83007499855769;23;"Borna Coric";92;"Daniil Medvedev";3,67807190511264;2,83007499855769;0,84799690655495;21,7;22,5;-0,800000000000001;188;198;-10;0,666666666666667;0,538461538461538;0,666666666666667;0,538461538461538;0,128205128205128;13;6;7;4;6;2;6;2;4;0;0;1
"779612";"2018-560";"US Open";"Hard";"128";"Grand Slams";215;64;"John Isner";"R";206;"USA";33,3;83;"Dusan Lajovic";"R";180;"SRB";28,1;"7-6(8) 6-7(6) 6-3 7-5";5;"R32";206;34;5;144;108;90;18;24;3;3;4;0;153;104;72;31;23;11;13;11;3200;62;865;7;6;6;7;NA;6;7;3;5;NA;2018-08-27;2018;"2018-560:215";966;1;4,5405683813627;2,04580368961313;64;"John Isner";83;"Dusan Lajovic";4,5405683813627;2,04580368961313;2,49476469174958;33,3;28,1;5,2;206;180;26;1;0,846153846153846;1;0,846153846153846;0,153846153846154;13;3;11;3;2;0;2;0;2;0;0;1
"779613";"2018-560";"US Open";"Hard";"128";"Grand Slams";216;116;"Milos Raonic";"R";196;"CAN";27,6;145;"Stan Wawrinka";"R";183;"SUI";33,4;"7-6(6) 6-4 6-3";5;"R32";129;14;4;88;53;46;21;15;1;1;6;1;95;60;43;22;17;2;5;24;1575;101;560;7;6;6;NA;NA;6;4;3;NA;NA;2018-08-27;2018;"2018-560:216";967;1;3,41503749927884;1,34178851724821;116;"Milos Raonic";145;"Stan Wawrinka";3,41503749927884;1,34178851724821;2,07324898203064;27,6;33,4;-5,8;196;183;13;1;0,4;1;0,4;0,6;5;1;2;1;3;0;3;0;3;0;0;1
"779614";"2018-560";"US Open";"Hard";"128";"Grand Slams";217;22;"Marin Cilic";"R";198;"CRO";29,9;30;"Alex De Minaur";"R";183;"AUS";19,5;"4-6 3-6 6-3 6-4 7-5";5;"R32";240;14;9;161;97;71;25;25;6;13;4;9;172;96;65;36;25;20;28;7;4445;45;1043;4;3;6;6;7;6;6;3;4;5;2018-08-27;2018;"2018-560:217";968;1;5,1926450779424;2,50814690367033;22;"Marin Cilic";30;"Alex De Minaur";5,1926450779424;2,50814690367033;2,68449817427207;29,9;19,5;10,4;198;183;15;0,461538461538462;0,714285714285714;0,461538461538462;0,714285714285714;-0,252747252747253;28;13;20;6;8;7;8;7;1;0;0;1
"779616";"2018-560";"US Open";"Hard";"128";"Grand Slams";219;103;"Kei Nishikori";"R";178;"JPN";28,6;122;"Diego Schwartzman";"R";170;"ARG";26;"6-4 6-4 5-7 6-1";5;"R32";198;6;5;119;72;53;20;19;7;11;0;9;149;88;49;31;20;13;21;19;1755;13;2380;6;6;5;6;NA;4;4;7;1;NA;2018-08-27;2018;"2018-560:219";969;1;3,75207248655641;4,29956028185891;103;"Kei Nishikori";122;"Diego Schwartzman";3,75207248655641;4,29956028185891;-0,547487795302493;28,6;26;2,6;178;170;8;0,636363636363636;0,619047619047619;0,636363636363636;0,619047619047619;0,0173160173160173;21;11;13;7;8;4;8;4;4;0;0;1
"779617";"2018-560";"US Open";"Hard";"128";"Grand Slams";220;74;"Philipp Kohlschreiber";"R";178;"GER";34,8;148;"Alexander Zverev";"R";198;"GER";21,3;"6-7(1) 6-4 6-1 6-3";5;"R32";189;5;3;135;92;62;22;19;10;13;9;7;117;75;45;19;20;4;12;34;1235;4;4845;6;6;6;6;NA;7;4;1;3;NA;2018-08-27;2018;"2018-560:220";970;1;2,91253715874966;6;74;"Philipp Kohlschreiber";148;"Alexander Zverev";2,91253715874966;6;-3,08746284125034;34,8;21,3;13,5;178;198;-20;0,769230769230769;0,333333333333333;0,769230769230769;0,333333333333333;0,435897435897436;12;13;4;10;8;3;8;3;5;0;0;1
"779618";"2018-560";"US Open";"Hard";"128";"Grand Slams";221;35;"Novak Djokovic";"R";188;"SRB";31,2;51;"Richard Gasquet";"R";185;"FRA";32,1;"6-2 6-3 6-3";5;"R32";131;3;2;83;52;39;20;13;5;5;10;4;97;66;40;11;13;7;12;6;4445;25;1535;6;6;6;NA;NA;2;3;3;NA;NA;2018-08-27;2018;"2018-560:221";971;1;5,41503749927884;3,35614381022528;35;"Novak Djokovic";51;"Richard Gasquet";5,41503749927884;3,35614381022528;2,05889368905357;31,2;32,1;-0,900000000000002;188;185;3;1;0,583333333333333;1;0,583333333333333;0,416666666666667;12;5;7;5;5;0;5;0;5;0;0;1
"779619";"2018-560";"US Open";"Hard";"128";"Grand Slams";222;130;"Joao Sousa";"R";185;"POR";29,4;113;"Lucas Pouille";"R";185;"FRA";24,5;"7-6(5) 4-6 7-6(4) 7-6(5)";5;"R32";218;12;3;160;105;74;30;26;4;9;16;8;158;84;61;42;23;4;8;68;816;17;1915;7;4;7;7;NA;6;6;6;6;NA;2018-08-27;2018;"2018-560:222";972;0;1,91253715874966;3,91253715874966;113;"Lucas Pouille";130;"Joao Sousa";3,91253715874966;1,91253715874966;2;24,5;29,4;-4,9;185;185;0;0,444444444444444;0,5;0,5;0,444444444444444;0,0555555555555556;8;9;4;4;4;5;5;4;1;0;0;1
"779620";"2018-560";"US Open";"Hard";"128";"Grand Slams";223;94;"John Millman";"R";183;"AUS";29,2;78;"Mikhail Kukushkin";"R";183;"KAZ";30,6;"6-4 4-6 6-1 6-3";5;"R32";168;6;2;104;72;41;19;18;4;9;3;4;131;75;52;18;18;15;24;55;963;84;681;6;4;6;6;NA;4;6;1;3;NA;2018-08-27;2018;"2018-560:223";973;0;2,21864028647534;1,60768257722124;78;"Mikhail Kukushkin";94;"John Millman";1,60768257722124;2,21864028647534;-0,610957709254101;30,6;29,2;1,4;183;183;0;0,444444444444444;0,625;0,625;0,444444444444444;0,180555555555556;24;9;15;4;9;5;5;9;-4;0;0;1
"779621";"2018-560";"US Open";"Hard";"128";"Grand Slams";224;44;"Roger Federer";"R";185;"SUI";37;80;"Nick Kyrgios";"R";193;"AUS";23,3;"6-4 6-1 7-5";5;"R32";104;16;1;92;61;53;15;15;4;4;13;2;94;57;36;22;14;6;10;2;7080;30;1345;6;6;7;NA;NA;4;1;5;NA;NA;2018-08-27;2018;"2018-560:224";974;1;7;3,09310940439148;44;"Roger Federer";80;"Nick Kyrgios";7;3,09310940439148;3,90689059560852;37;23,3;13,7;185;193;-8;1;0,6;1;0,6;0,4;10;4;6;4;4;0;4;0;4;0;0;1
"779622";"2018-560";"US Open";"Hard";"128";"Grand Slams";225;101;"Rafael Nadal";"L";185;"ESP";32,2;8;"Nikoloz Basilashvili";"R";185;"GEO";26,5;"6-3 6-3 6-7(6) 6-4";5;"R16";199;7;3;118;77;58;25;20;5;7;8;8;128;72;50;28;21;10;16;1;10040;37;1152;6;6;6;6;NA;3;3;7;4;NA;2018-08-27;2018;"2018-560:225";975;0;8;2,79054663437105;8;"Nikoloz Basilashvili";101;"Rafael Nadal";2,79054663437105;8;-5,20945336562895;26,5;32,2;-5,7;185;185;0;0,714285714285714;0,625;0,625;0,714285714285714;-0,0892857142857143;16;7;10;5;6;2;2;6;-4;0;0;1
"779623";"2018-560";"US Open";"Hard";"128";"Grand Slams";226;134;"Dominic Thiem";"R";185;"AUT";24,9;4;"Kevin Anderson";"R";203;"RSA";32,2;"7-5 6-2 7-6(2)";5;"R16";157;7;4;91;45;41;30;16;0;0;7;2;108;74;53;15;17;6;9;9;3485;5;4615;7;6;7;NA;NA;5;2;6;NA;NA;2018-08-27;2018;"2018-560:226";976;0;4,83007499855769;5,67807190511264;4;"Kevin Anderson";134;"Dominic Thiem";5,67807190511264;4,83007499855769;0,84799690655495;32,2;24,9;7,3;203;185;18;1,5;0,666666666666667;0,666666666666667;1,5;-0,833333333333333;9;0;6;0;3;0;0;3;-3;0;0;1
"779624";"2018-560";"US Open";"Hard";"128";"Grand Slams";227;31;"Juan Martin del Potro";"R";198;"ARG";29,9;23;"Borna Coric";"R";188;"CRO";21,7;"6-4 6-3 6-1";5;"R16";125;9;1;69;55;44;7;13;0;1;6;1;78;51;29;14;13;9;15;3;5500;20;1735;6;6;6;NA;NA;4;3;1;NA;NA;2018-08-27;2018;"2018-560:227";977;0;6,41503749927884;3,67807190511264;23;"Borna Coric";31;"Juan Martin del Potro";3,67807190511264;6,41503749927884;-2,73696559416621;21,7;29,9;-8,2;188;198;-10;0;0,6;0,6;0;0,6;15;1;9;0;6;1;1;6;-5;0;0;1
"779625";"2018-560";"US Open";"Hard";"128";"Grand Slams";228;64;"John Isner";"R";206;"USA";33,3;116;"Milos Raonic";"R";196;"CAN";27,6;"3-6 6-3 6-4 3-6 6-2";5;"R16";188;20;1;113;66;57;27;22;4;6;18;5;128;84;66;22;23;11;15;11;3200;24;1575;3;6;6;3;6;6;3;4;6;2;2018-08-27;2018;"2018-560:228";978;1;4,5405683813627;3,41503749927884;64;"John Isner";116;"Milos Raonic";4,5405683813627;3,41503749927884;1,12553088208386;33,3;27,6;5,7;206;196;10;0,666666666666667;0,733333333333333;0,666666666666667;0,733333333333333;-0,0666666666666667;15;6;11;4;4;2;4;2;2;0;0;1
"779626";"2018-560";"US Open";"Hard";"128";"Grand Slams";229;22;"Marin Cilic";"R";198;"CRO";29,9;54;"David Goffin";"R";180;"BEL";27,7;"7-6(6) 6-2 6-4";5;"R16";144;12;6;101;46;38;26;15;5;7;4;2;94;63;38;17;16;3;8;7;4445;10;3435;7;6;6;NA;NA;6;2;4;NA;NA;2018-08-27;2018;"2018-560:229";979;1;5,1926450779424;4,67807190511264;22;"Marin Cilic";54;"David Goffin";5,1926450779424;4,67807190511264;0,514573172829758;29,9;27,7;2,2;198;180;18;0,714285714285714;0,375;0,714285714285714;0,375;0,339285714285714;8;7;3;5;5;2;5;2;3;0;0;1
"779627";"2018-560";"US Open";"Hard";"128";"Grand Slams";230;103;"Kei Nishikori";"R";178;"JPN";28,6;74;"Philipp Kohlschreiber";"R";178;"GER";34,8;"6-3 6-2 7-5";5;"R16";136;5;5;88;51;40;20;15;3;5;7;3;87;56;36;13;14;5;11;19;1755;34;1235;6;6;7;NA;NA;3;2;5;NA;NA;2018-08-27;2018;"2018-560:230";980;0;3,75207248655641;2,91253715874966;74;"Philipp Kohlschreiber";103;"Kei Nishikori";2,91253715874966;3,75207248655641;-0,839535327806754;34,8;28,6;6,2;178;178;0;0,6;0,454545454545455;0,454545454545455;0,6;-0,145454545454545;11;5;5;3;6;2;2;6;-4;0;0;1
"779628";"2018-560";"US Open";"Hard";"128";"Grand Slams";231;35;"Novak Djokovic";"R";188;"SRB";31,2;130;"Joao Sousa";"R";185;"POR";29,4;"6-3 6-4 6-3";5;"R16";120;9;1;75;50;39;14;14;0;1;4;5;80;43;30;15;14;1;6;6;4445;68;816;6;6;6;NA;NA;3;4;3;NA;NA;2018-08-27;2018;"2018-560:231";981;1;5,41503749927884;1,91253715874966;35;"Novak Djokovic";130;"Joao Sousa";5,41503749927884;1,91253715874966;3,50250034052918;31,2;29,4;1,8;188;185;3;0;0,166666666666667;0;0,166666666666667;-0,166666666666667;6;1;1;0;5;1;5;1;4;0;0;1
"779629";"2018-560";"US Open";"Hard";"128";"Grand Slams";232;94;"John Millman";"R";183;"AUS";29,2;44;"Roger Federer";"R";185;"SUI";37;"3-6 7-5 7-6(7) 7-6(3)";5;"R16";215;8;1;144;91;68;32;24;8;11;13;10;173;84;68;42;23;8;11;55;963;2;7080;3;7;7;7;NA;6;5;6;6;NA;2018-08-27;2018;"2018-560:232";982;0;2,21864028647534;7;44;"Roger Federer";94;"John Millman";7;2,21864028647534;4,78135971352466;37;29,2;7,8;185;183;2;0,727272727272727;0,727272727272727;0,727272727272727;0,727272727272727;0;11;11;8;8;3;3;3;3;0;0;0;1
"779630";"2018-560";"US Open";"Hard";"128";"Grand Slams";233;101;"Rafael Nadal";"L";185;"ESP";32,2;134;"Dominic Thiem";"R";185;"AUT";24,9;"0-6 6-4 7-5 6-7(4) 7-6(5)";5;"QF";289;3;4;167;110;74;32;26;7;13;18;4;170;98;70;40;28;12;17;1;10040;9;3485;0;6;7;6;7;6;4;5;7;6;2018-08-27;2018;"2018-560:233";983;1;8;4,83007499855769;101;"Rafael Nadal";134;"Dominic Thiem";8;4,83007499855769;3,16992500144231;32,2;24,9;7,3;185;185;0;0,538461538461538;0,705882352941177;0,538461538461538;0,705882352941177;-0,167420814479638;17;13;12;7;5;6;5;6;-1;0;0;1
"779631";"2018-560";"US Open";"Hard";"128";"Grand Slams";234;31;"Juan Martin del Potro";"R";198;"ARG";29,9;64;"John Isner";"R";206;"USA";33,3;"6-7(5) 6-3 7-6(4) 6-2";5;"QF";211;14;4;121;76;68;29;22;3;3;26;4;145;89;63;31;21;8;11;3;5500;11;3200;6;6;7;6;NA;7;3;6;2;NA;2018-08-27;2018;"2018-560:234";984;1;6,41503749927884;4,5405683813627;31;"Juan Martin del Potro";64;"John Isner";6,41503749927884;4,5405683813627;1,87446911791614;29,9;33,3;-3,4;198;206;-8;1;0,727272727272727;1;0,727272727272727;0,272727272727273;11;3;8;3;3;0;3;0;3;0;0;1
"779632";"2018-560";"US Open";"Hard";"128";"Grand Slams";235;103;"Kei Nishikori";"R";178;"JPN";28,6;22;"Marin Cilic";"R";198;"CRO";29,9;"2-6 6-4 7-6(5) 4-6 6-4";5;"QF";248;6;4;159;88;62;37;25;7;13;19;7;137;80;58;34;26;4;9;19;1755;7;4445;2;6;7;4;6;6;4;6;6;4;2018-08-27;2018;"2018-560:235";985;0;3,75207248655641;5,1926450779424;22;"Marin Cilic";103;"Kei Nishikori";5,1926450779424;3,75207248655641;1,44057259138598;29,9;28,6;1,3;198;178;20;0,538461538461538;0,444444444444444;0,444444444444444;0,538461538461538;-0,094017094017094;9;13;4;7;5;6;6;5;1;0;0;1
"779633";"2018-560";"US Open";"Hard";"128";"Grand Slams";236;35;"Novak Djokovic";"R";188;"SRB";31,2;94;"John Millman";"R";183;"AUS";29,2;"6-3 6-4 6-4";5;"QF";169;1;4;86;57;42;19;15;1;2;3;4;115;79;51;15;14;16;20;6;4445;55;963;6;6;6;NA;NA;3;4;4;NA;NA;2018-08-27;2018;"2018-560:236";986;1;5,41503749927884;2,21864028647534;35;"Novak Djokovic";94;"John Millman";5,41503749927884;2,21864028647534;3,1963972128035;31,2;29,2;2;188;183;5;0,5;0,8;0,5;0,8;-0,3;20;2;16;1;4;1;4;1;3;0;0;1
"779635";"2018-560";"US Open";"Hard";"128";"Grand Slams";238;35;"Novak Djokovic";"R";188;"SRB";31,2;103;"Kei Nishikori";"R";178;"JPN";28,6;"6-3 6-4 6-2";5;"SF";143;3;2;78;50;40;20;14;2;2;2;2;101;62;37;20;13;13;17;6;4445;19;1755;6;6;6;NA;NA;3;4;2;NA;NA;2018-08-27;2018;"2018-560:238";987;1;5,41503749927884;3,75207248655641;35;"Novak Djokovic";103;"Kei Nishikori";5,41503749927884;3,75207248655641;1,66296501272243;31,2;28,6;2,6;188;178;10;1;0,764705882352941;1;0,764705882352941;0,235294117647059;17;2;13;2;4;0;4;0;4;0;0;1
"779636";"2018-560";"US Open";"Hard";"128";"Grand Slams";239;35;"Novak Djokovic";"R";188;"SRB";31,2;31;"Juan Martin del Potro";"R";198;"ARG";29,9;"6-3 7-6(4) 6-3";5;"F";196;1;2;118;74;50;26;17;4;6;6;1;89;57;38;16;14;3;7;6;4445;3;5500;6;7;6;NA;NA;3;6;3;NA;NA;2018-08-27;2018;"2018-560:239";988;0;5,41503749927884;6,41503749927884;31;"Juan Martin del Potro";35;"Novak Djokovic";6,41503749927884;5,41503749927884;1;29,9;31,2;-1,3;198;188;10;0,666666666666667;0,428571428571429;0,428571428571429;0,666666666666667;-0,238095238095238;7;6;3;4;4;2;2;4;-2;0;0;1
"788721";"2019-580";"Australian Open";"Hard";"128";"Grand Slams";113;107;"Reilly Opelka";"R";211;"USA";21,3;64;"John Isner";"R";206;"USA";33,7;"7-6(4) 7-6(6) 6-7(4) 7-6(5)";5;"R128";178;40;6;151;87;74;42;24;1;2;47;2;138;107;93;19;24;2;3;97;593;10;3155;7;7;6;7;NA;6;6;7;6;NA;2019-01-14;2019;"2019-580:113";989;0;1,40008715781287;4,67807190511264;64;"John Isner";107;"Reilly Opelka";4,67807190511264;1,40008715781287;3,27798474729977;33,7;21,3;12,4;206;211;-5;0,5;0,666666666666667;0,666666666666667;0,5;0,166666666666667;3;2;2;1;1;1;1;1;0;0;0;1
"788723";"2019-580";"Australian Open";"Hard";"128";"Grand Slams";115;76;"Filip Krajinovic";"R";185;"SRB";26,8;19;"Marco Cecchinato";"R";185;"ITA";26,2;"4-6 0-6 6-1 7-6(8) 6-4";5;"R128";164;20;3;130;77;63;21;23;1;7;10;3;136;90;60;28;22;7;13;93;620;18;1889;4;0;6;7;6;6;6;1;6;4;2019-01-14;2019;"2019-580:115";990;0;1,46084118889197;3,83007499855769;19;"Marco Cecchinato";76;"Filip Krajinovic";3,83007499855769;1,46084118889197;2,36923380966572;26,2;26,8;-0,600000000000001;185;185;0;0,142857142857143;0,538461538461538;0,538461538461538;0,142857142857143;0,395604395604396;13;7;7;1;6;6;6;6;0;0;0;1
"788724";"2019-580";"Australian Open";"Hard";"128";"Grand Slams";116;123;"Andreas Seppi";"R";190;"ITA";34,8;68;"Steve Johnson";"R";188;"USA";29;"6-4 4-6 6-4 6-3";5;"R128";141;12;5;108;62;50;28;20;5;6;11;3;105;52;42;30;19;1;5;35;1170;34;1190;6;4;6;6;NA;4;6;4;3;NA;2019-01-14;2019;"2019-580:116";991;0;2,87071698305503;2,91253715874966;68;"Steve Johnson";123;"Andreas Seppi";2,91253715874966;2,87071698305503;0,0418201756946273;29;34,8;-5,8;188;190;-2;0,833333333333333;0,2;0,2;0,833333333333333;-0,633333333333333;5;6;1;5;4;1;1;4;-3;0;0;1
"788727";"2019-580";"Australian Open";"Hard";"128";"Grand Slams";119;92;"Daniil Medvedev";"R";198;"RUS";22,9;58;"Lloyd Harris";"R";193;"RSA";21,8;"6-1 6-2 6-1";5;"R128";107;7;4;72;43;34;18;11;4;4;6;4;74;46;27;7;11;10;17;19;1865;119;472;6;6;6;NA;NA;1;2;1;NA;NA;2019-01-14;2019;"2019-580:119";992;0;3,75207248655641;1,10518223669206;58;"Lloyd Harris";92;"Daniil Medvedev";1,10518223669206;3,75207248655641;-2,64689024986436;21,8;22,9;-1,1;193;198;-5;1;0,588235294117647;0,588235294117647;1;-0,411764705882353;17;4;10;4;7;0;0;7;-7;0;0;1
"788731";"2019-580";"Australian Open";"Hard";"128";"Grand Slams";123;143;"Fernando Verdasco";"L";188;"ESP";35,1;71;"Miomir Kecmanovic";"R";183;"SRB";19,3;"7-6(5) 6-3 6-3";5;"R128";131;21;6;87;58;46;17;15;1;2;2;2;111;69;40;24;15;12;16;28;1410;125;458;7;6;6;NA;NA;6;3;3;NA;NA;2019-01-14;2019;"2019-580:123";993;0;3,1926450779424;1,03421571533791;71;"Miomir Kecmanovic";143;"Fernando Verdasco";1,03421571533791;3,1926450779424;-2,15842936260448;19,3;35,1;-15,8;183;188;-5;0,5;0,75;0,75;0,5;0,25;16;2;12;1;4;1;1;4;-3;0;0;1
"788737";"2019-580";"Australian Open";"Hard";"128";"Grand Slams";129;101;"Rafael Nadal";"L";185;"ESP";32,6;38;"James Duckworth";"R";183;"AUS";26,9;"6-4 6-3 7-5";5;"R128";135;6;2;81;54;40;16;16;1;3;12;11;111;62;40;20;15;6;12;2;7480;237;206;6;6;7;NA;NA;4;3;5;NA;NA;2019-01-14;2019;"2019-580:129";994;0;7;0,111256751101741;38;"James Duckworth";101;"Rafael Nadal";0,111256751101741;7;-6,88874324889826;26,9;32,6;-5,7;183;185;-2;0,333333333333333;0,5;0,5;0,333333333333333;0,166666666666667;12;3;6;1;6;2;2;6;-4;0;0;1
"788739";"2019-580";"Australian Open";"Hard";"128";"Grand Slams";131;15;"Alex Bolt";"L";183;"AUS";26;128;"Jack Sock";"R";185;"USA";26,3;"4-6 6-3 6-2 6-2";5;"R128";133;22;3;102;63;52;23;18;2;4;13;5;111;75;46;17;17;7;13;155;343;105;540;4;6;6;6;NA;6;3;2;2;NA;2019-01-14;2019;"2019-580:131";995;1;0,723875594725762;1,28575448233388;15;"Alex Bolt";128;"Jack Sock";0,723875594725762;1,28575448233388;-0,561878887608115;26;26,3;-0,300000000000001;183;185;-2;0,5;0,538461538461538;0,5;0,538461538461538;-0,0384615384615384;13;4;7;2;6;2;6;2;4;0;0;1
"788743";"2019-580";"Australian Open";"Hard";"128";"Grand Slams";135;148;"Alexander Zverev";"R";198;"GER";21,7;10;"Aljaz Bedene";"R";181;"SLO";29,4;"6-4 6-1 6-4";5;"R128";115;11;6;77;46;38;14;14;1;3;7;2;84;51;34;8;13;2;8;4;6385;67;760;6;6;6;NA;NA;4;1;4;NA;NA;2019-01-14;2019;"2019-580:135";996;0;6;1,93391080954223;10;"Aljaz Bedene";148;"Alexander Zverev";1,93391080954223;6;-4,06608919045777;29,4;21,7;7,7;181;198;-17;0,333333333333333;0,25;0,25;0,333333333333333;-0,0833333333333333;8;3;2;1;6;2;2;6;-4;0;0;1
"788744";"2019-580";"Australian Open";"Hard";"128";"Grand Slams";136;4;"Kevin Anderson";"R";203;"RSA";32,6;87;"Adrian Mannarino";"L";183;"FRA";30,5;"6-3 5-7 6-2 6-1";5;"R128";173;14;5;110;71;53;20;18;5;7;5;1;112;78;49;12;18;8;15;6;4810;42;1045;6;5;6;6;NA;3;7;2;1;NA;2019-01-14;2019;"2019-580:136";997;1;5,41503749927884;2,60768257722124;4;"Kevin Anderson";87;"Adrian Mannarino";5,41503749927884;2,60768257722124;2,8073549220576;32,6;30,5;2,1;203;183;20;0,714285714285714;0,533333333333333;0,714285714285714;0,533333333333333;0,180952380952381;15;7;8;5;7;2;7;2;5;0;0;1
"788745";"2019-580";"Australian Open";"Hard";"128";"Grand Slams";137;22;"Marin Cilic";"R";198;"CRO";30,2;138;"Bernard Tomic";"R";193;"AUS";26,2;"6-2 6-4 7-6(3)";5;"R128";123;24;2;93;63;49;19;15;5;6;12;1;104;73;47;15;15;11;15;7;4160;88;655;6;6;7;NA;NA;2;4;6;NA;NA;2019-01-14;2019;"2019-580:137";998;1;5,1926450779424;1,5405683813627;22;"Marin Cilic";138;"Bernard Tomic";5,1926450779424;1,5405683813627;3,65207669657969;30,2;26,2;4;198;193;5;0,833333333333333;0,733333333333333;0,833333333333333;0,733333333333333;0,1;15;6;11;5;4;1;4;1;3;0;0;1
"788746";"2019-580";"Australian Open";"Hard";"128";"Grand Slams";138;134;"Dominic Thiem";"R";185;"AUT";25,3;108;"Benoit Paire";"R";196;"FRA";29,6;"6-4 6-3 5-7 1-6 6-3";5;"R128";222;9;13;179;104;69;37;24;9;14;21;5;153;78;59;34;23;11;16;8;4095;61;820;6;6;5;1;6;4;3;7;6;3;2019-01-14;2019;"2019-580:138";999;0;5;2,06926266243711;108;"Benoit Paire";134;"Dominic Thiem";2,06926266243711;5;-2,93073733756289;29,6;25,3;4,3;196;185;11;0,642857142857143;0,6875;0,6875;0,642857142857143;0,0446428571428571;16;14;11;9;5;5;5;5;0;0;0;1
"788747";"2019-580";"Australian Open";"Hard";"128";"Grand Slams";139;72;"Karen Khachanov";"R";198;"RUS";22,6;55;"Peter Gojowczyk";"R";185;"GER";29,5;"3-6 6-3 6-4 6-3";5;"R128";151;15;4;99;59;50;17;19;1;3;6;5;129;63;43;33;18;10;15;11;2835;63;805;3;6;6;6;NA;6;3;4;3;NA;2019-01-14;2019;"2019-580:139";1000;0;4,5405683813627;2,02272007650008;55;"Peter Gojowczyk";72;"Karen Khachanov";2,02272007650008;4,5405683813627;-2,51784830486262;29,5;22,6;6,9;185;198;-13;0,333333333333333;0,666666666666667;0,666666666666667;0,333333333333333;0,333333333333333;15;3;10;1;5;2;2;5;-3;0;0;1
"788748";"2019-580";"Australian Open";"Hard";"128";"Grand Slams";140;23;"Borna Coric";"R";188;"CRO";22,1;27;"Steve Darcis";"R";178;"BEL";34,8;"6-1 6-4 6-4";5;"R128";121;16;3;79;50;42;16;14;3;3;11;1;84;59;37;10;13;5;9;12;2435;321;90;6;6;6;NA;NA;1;4;4;NA;NA;2019-01-14;2019;"2019-580:140";1001;1;4,41503749927884;-0,326429487122303;23;"Borna Coric";27;"Steve Darcis";4,41503749927884;-0,326429487122303;4,74146698640115;22,1;34,8;-12,7;188;178;10;1;0,555555555555556;1;0,555555555555556;0,444444444444444;9;3;5;3;4;0;4;0;4;0;0;1
"788750";"2019-580";"Australian Open";"Hard";"128";"Grand Slams";142;140;"Stefanos Tsitsipas";"R";193;"GRE";20,4;14;"Matteo Berrettini";"R";196;"ITA";22,7;"6-7(3) 6-4 6-3 7-6(4)";5;"R128";177;15;4;128;88;71;25;22;2;2;9;8;133;82;66;28;21;4;7;15;2095;54;920;6;6;6;7;NA;7;4;3;6;NA;2019-01-14;2019;"2019-580:142";1002;0;4,09310940439148;2,24511249783653;14;"Matteo Berrettini";140;"Stefanos Tsitsipas";2,24511249783653;4,09310940439148;-1,84799690655495;22,7;20,4;2,3;196;193;3;1;0,571428571428571;0,571428571428571;1;-0,428571428571429;7;2;4;2;3;0;0;3;-3;0;0;1
"788751";"2019-580";"Australian Open";"Hard";"128";"Grand Slams";143;116;"Milos Raonic";"R";196;"CAN";28;80;"Nick Kyrgios";"R";193;"AUS";23,7;"6-4 7-6(5) 6-4";5;"R128";116;30;1;80;58;52;17;16;0;0;15;2;91;68;51;16;16;5;7;17;1900;52;920;6;7;6;NA;NA;4;6;4;NA;NA;2019-01-14;2019;"2019-580:143";1003;0;3,91253715874966;2,29956028185891;80;"Nick Kyrgios";116;"Milos Raonic";2,29956028185891;3,91253715874966;-1,61297687689075;23,7;28;-4,3;193;196;-3;1,5;0,714285714285714;0,714285714285714;1,5;-0,785714285714286;7;0;5;0;2;0;0;2;-2;0;0;1
"788753";"2019-580";"Australian Open";"Hard";"128";"Grand Slams";145;54;"David Goffin";"R";180;"BEL";28,1;50;"Cristian Garin";"R";185;"CHI";22,6;"6-0 6-2 6-2";5;"R128";88;9;3;62;39;30;13;11;1;2;3;3;83;51;26;12;11;10;18;22;1785;89;650;6;6;6;NA;NA;0;2;2;NA;NA;2019-01-14;2019;"2019-580:145";1004;0;3,5405683813627;1,5242665690336;50;"Cristian Garin";54;"David Goffin";1,5242665690336;3,5405683813627;-2,0163018123291;22,6;28,1;-5,5;185;180;5;0,5;0,555555555555556;0,555555555555556;0,5;0,0555555555555556;18;2;10;1;8;1;1;8;-7;0;0;1
"788754";"2019-580";"Australian Open";"Hard";"128";"Grand Slams";146;9;"Roberto Bautista Agut";"R";183;"ESP";30,7;100;"Andy Murray";"R";190;"GBR";31,6;"6-4 6-4 6-7(5) 6-7(4) 6-2";5;"R128";249;7;0;147;107;89;24;26;4;5;19;2;156;93;74;31;26;5;10;24;1605;229;220;6;6;6;6;6;4;4;7;7;2;2019-01-14;2019;"2019-580:146";1005;1;3,41503749927884;0,160796211903056;9;"Roberto Bautista Agut";100;"Andy Murray";3,41503749927884;0,160796211903056;3,25424128737579;30,7;31,6;-0,900000000000002;183;190;-7;0,8;0,5;0,8;0,5;0,3;10;5;5;4;5;1;5;1;4;0;0;1
"788756";"2019-580";"Australian Open";"Hard";"128";"Grand Slams";148;124;"Denis Shapovalov";"L";185;"CAN";19,7;5;"Pablo Andujar";"R";180;"ESP";32,9;"6-2 6-3 7-6(3)";5;"R128";115;15;3;89;58;49;17;15;2;3;1;7;88;55;40;12;14;4;8;27;1440;85;658;6;6;7;NA;NA;2;3;6;NA;NA;2019-01-14;2019;"2019-580:148";1006;0;3,24511249783653;1,5906090638623;5;"Pablo Andujar";124;"Denis Shapovalov";1,5906090638623;3,24511249783653;-1,65450343397423;32,9;19,7;13,2;180;185;-5;0,666666666666667;0,5;0,5;0,666666666666667;-0,166666666666667;8;3;4;2;4;1;1;4;-3;0;0;1
"788759";"2019-580";"Australian Open";"Hard";"128";"Grand Slams";151;96;"Gael Monfils";"R";193;"FRA";32,3;39;"Damir Dzumhur";"R";172;"BIH";26,6;"6-0 6-4 6-0";5;"R128";85;10;3;75;45;34;17;11;4;5;2;4;70;43;18;10;11;10;18;33;1195;47;985;6;6;6;NA;NA;0;4;0;NA;NA;2019-01-14;2019;"2019-580:151";1007;0;2,95560588064155;2,44541114832236;39;"Damir Dzumhur";96;"Gael Monfils";2,44541114832236;2,95560588064155;-0,510194732319184;26,6;32,3;-5,7;172;193;-21;0,8;0,555555555555556;0,555555555555556;0,8;-0,244444444444444;18;5;10;4;8;1;1;8;-7;0;0;1
"788760";"2019-580";"Australian Open";"Hard";"128";"Grand Slams";152;139;"Viktor Troicki";"R";193;"SRB";32,9;17;"Roberto Carballes Baena";"R";183;"ESP";25,8;"6-1 1-6 2-6 6-1 6-4";5;"R128";154;12;0;127;78;55;24;20;2;6;7;3;103;74;53;13;19;1;6;200;252;75;714;6;1;2;6;6;1;6;6;1;4;2019-01-14;2019;"2019-580:152";1008;0;0,356143810225276;1,77118130950412;17;"Roberto Carballes Baena";139;"Viktor Troicki";1,77118130950412;0,356143810225276;1,41503749927884;25,8;32,9;-7,1;183;193;-10;0,333333333333333;0,166666666666667;0,166666666666667;0,333333333333333;-0,166666666666667;6;6;1;2;5;4;4;5;-1;0;0;1
"788766";"2019-580";"Australian Open";"Hard";"128";"Grand Slams";158;59;"Ryan Harrison";"R";183;"USA";26,6;144;"Jiri Vesely";"L";198;"CZE";25,5;"6-0 7-5 6-3";5;"R128";99;20;0;66;42;40;16;14;0;0;10;6;86;51;33;16;13;6;11;83;660;90;633;6;7;6;NA;NA;0;5;3;NA;NA;2019-01-14;2019;"2019-580:158";1009;1;1,62496056865308;1,50814690367033;59;"Ryan Harrison";144;"Jiri Vesely";1,62496056865308;1,50814690367033;0,11681366498275;26,6;25,5;1,1;183;198;-15;1,5;0,545454545454545;1,5;0,545454545454545;0,954545454545455;11;0;6;0;5;0;5;0;5;0;0;1
"788769";"2019-580";"Australian Open";"Hard";"128";"Grand Slams";161;130;"Joao Sousa";"R";185;"POR";29,7;110;"Guido Pella";"L";185;"ARG";28,6;"7-6(2) 4-6 7-6(5) 4-6 6-2";5;"R128";241;19;1;177;119;84;33;26;9;13;18;5;170;113;78;33;26;10;14;44;1017;65;790;7;4;7;4;6;6;6;6;6;2;2019-01-14;2019;"2019-580:161";1010;0;2,5405683813627;1,97763218697155;110;"Guido Pella";130;"Joao Sousa";1,97763218697155;2,5405683813627;-0,562936194391157;28,6;29,7;-1,1;185;185;0;0,692307692307692;0,714285714285714;0,714285714285714;0,692307692307692;0,021978021978022;14;13;10;9;4;4;4;4;0;0;0;1
"788770";"2019-580";"Australian Open";"Hard";"128";"Grand Slams";162;70;"Ivo Karlovic";"R";208;"CRO";39,8;63;"Hubert Hurkacz";"R";196;"POL";21,9;"6-7(5) 7-6(5) 7-6(3) 7-6(5)";5;"R128";186;39;5;158;111;95;26;24;3;4;14;4;145;110;90;24;24;2;3;73;739;76;708;6;7;7;7;NA;7;6;6;6;NA;2019-01-14;2019;"2019-580:162";1011;0;1,81017544111998;1,75207248655641;63;"Hubert Hurkacz";70;"Ivo Karlovic";1,75207248655641;1,81017544111998;-0,0581029545635676;21,9;39,8;-17,9;196;208;-12;0,75;0,666666666666667;0,666666666666667;0,75;-0,0833333333333334;3;4;2;3;1;1;1;1;0;0;0;1
"788771";"2019-580";"Australian Open";"Hard";"128";"Grand Slams";163;20;"Jeremy Chardy";"R";188;"FRA";31,9;62;"Ugo Humbert";"L";188;"FRA";20,5;"3-6 7-6(6) 6-4 6-7(4) 7-6(6)";5;"R128";244;29;8;187;126;98;30;28;3;6;20;7;187;117;94;36;27;9;12;36;1120;95;613;3;7;6;6;7;6;6;4;7;6;2019-01-14;2019;"2019-580:163";1012;1;2,83007499855769;1,43014439166905;20;"Jeremy Chardy";62;"Ugo Humbert";2,83007499855769;1,43014439166905;1,39993060688864;31,9;20,5;11,4;188;188;0;0,5;0,75;0,5;0,75;-0,25;12;6;9;3;3;3;3;3;0;0;0;1
"788774";"2019-580";"Australian Open";"Hard";"128";"Grand Slams";166;48;"Marton Fucsovics";"R";188;"HUN";26,9;115;"Albert Ramos";"L";188;"ESP";30,9;"6-3 6-4 6-7(5) 6-3";5;"R128";193;14;4;139;85;66;27;20;5;7;4;2;125;81;53;26;20;11;16;38;1094;64;790;6;6;6;6;NA;3;4;7;3;NA;2019-01-14;2019;"2019-580:166";1013;1;2,75207248655641;2;48;"Marton Fucsovics";115;"Albert Ramos";2,75207248655641;2;0,752072486556415;26,9;30,9;-4;188;188;0;0,714285714285714;0,6875;0,714285714285714;0,6875;0,0267857142857143;16;7;11;5;5;2;5;2;3;0;0;1
"788775";"2019-580";"Australian Open";"Hard";"128";"Grand Slams";167;37;"Evgeny Donskoy";"R";185;"RUS";28,6;34;"Laslo Djere";"R";188;"SRB";23,6;"6-7(5) 6-4 6-1 7-6(5)";5;"R128";177;13;3;141;81;63;34;21;8;10;15;2;130;79;56;26;20;0;5;96;599;92;627;6;6;6;7;NA;7;4;1;6;NA;2019-01-14;2019;"2019-580:167";1014;0;1,41503749927884;1,47643804394299;34;"Laslo Djere";37;"Evgeny Donskoy";1,47643804394299;1,41503749927884;0,061400544664143;23,6;28,6;-5;188;185;3;0,8;0;0;0,8;-0,8;5;10;0;8;5;2;2;5;-3;0;0;1
"788776";"2019-580";"Australian Open";"Hard";"128";"Grand Slams";168;91;"Mackenzie Mcdonald";"R";178;"USA";23,7;119;"Andrey Rublev";"R";188;"RUS";21,2;"6-4 6-4 2-6 6-4";5;"R128";150;8;4;114;63;45;29;19;7;11;6;9;128;66;46;32;19;8;13;81;692;87;655;6;6;2;6;NA;4;4;6;4;NA;2019-01-14;2019;"2019-580:168";1015;1;1,66014999711538;1,55705650415127;91;"Mackenzie Mcdonald";119;"Andrey Rublev";1,66014999711538;1,55705650415127;0,103093492964104;23,7;21,2;2,5;178;188;-10;0,636363636363636;0,615384615384615;0,636363636363636;0,615384615384615;0,0209790209790209;13;11;8;7;5;4;5;4;1;0;0;1
"788777";"2019-580";"Australian Open";"Hard";"128";"Grand Slams";169;1;"Radu Albot";"R";175;"MDA";29,1;95;"Michael Mmoh";"R";188;"USA";21;"3-6 6-3 6-4 6-2";5;"R128";175;10;1;125;90;54;19;18;8;13;4;12;123;70;43;21;18;9;17;98;585;107;526;3;6;6;6;NA;6;3;4;2;NA;2019-01-14;2019;"2019-580:169";1016;1;1,38529015588479;1,25853301359885;1;"Radu Albot";95;"Michael Mmoh";1,38529015588479;1,25853301359885;0,126757142285939;29,1;21;8,1;175;188;-13;0,615384615384615;0,529411764705882;0,615384615384615;0,529411764705882;0,0859728506787331;17;13;9;8;8;5;8;5;3;0;0;1
"788778";"2019-580";"Australian Open";"Hard";"128";"Grand Slams";170;94;"John Millman";"R";183;"AUS";29,5;32;"Federico Delbonis";"L";190;"ARG";28,2;"6-3 3-6 7-6(3) 6-2";5;"R128";157;11;3;115;80;65;15;19;8;11;6;2;119;72;46;26;19;4;9;37;1108;80;696;6;3;7;6;NA;3;6;6;2;NA;2019-01-14;2019;"2019-580:170";1017;0;2,79054663437105;1,67807190511264;32;"Federico Delbonis";94;"John Millman";1,67807190511264;2,79054663437105;-1,11247472925841;28,2;29,5;-1,3;190;183;7;0,727272727272727;0,444444444444444;0,444444444444444;0,727272727272727;-0,282828282828283;9;11;4;8;5;3;3;5;-2;0;0;1
"788780";"2019-580";"Australian Open";"Hard";"128";"Grand Slams";172;47;"Taylor Fritz";"R";193;"USA";21,2;105;"Cameron Norrie";"L";188;"GBR";23,3;"6-3 7-6(6) 6-2";5;"R128";124;15;1;102;66;50;23;15;5;6;8;1;109;70;49;16;14;8;12;50;964;68;760;6;7;6;NA;NA;3;6;2;NA;NA;2019-01-14;2019;"2019-580:172";1018;1;2,35614381022528;1,91253715874966;47;"Taylor Fritz";105;"Cameron Norrie";2,35614381022528;1,91253715874966;0,443606651475615;21,2;23,3;-2,1;193;188;5;0,833333333333333;0,666666666666667;0,833333333333333;0,666666666666667;0,166666666666667;12;6;8;5;4;1;4;1;3;0;0;1
"788781";"2019-580";"Australian Open";"Hard";"128";"Grand Slams";173;135;"Jordan Thompson";"R";183;"AUS";24,7;84;"Feliciano Lopez";"L";188;"ESP";37,3;"6-1 7-6(0) 6-3";5;"R128";112;9;1;81;60;49;15;14;0;0;9;3;80;51;35;11;14;5;8;72;740;66;770;6;7;6;NA;NA;1;6;3;NA;NA;2019-01-14;2019;"2019-580:173";1019;0;1,83007499855769;1,95560588064155;84;"Feliciano Lopez";135;"Jordan Thompson";1,95560588064155;1,83007499855769;0,125530882083859;37,3;24,7;12,6;188;183;5;1,5;0,625;0,625;1,5;-0,875;8;0;5;0;3;0;0;3;-3;0;0;1
"788782";"2019-580";"Australian Open";"Hard";"128";"Grand Slams";174;25;"Pablo Cuevas";"R";180;"URU";33;83;"Dusan Lajovic";"R";180;"SRB";28,5;"6-4 7-5 6-1";5;"R128";121;5;0;80;46;32;22;15;3;5;5;4;103;69;46;8;14;8;15;94;616;46;1010;6;7;6;NA;NA;4;5;1;NA;NA;2019-01-14;2019;"2019-580:174";1020;1;1,44541114832236;2,47643804394299;25;"Pablo Cuevas";83;"Dusan Lajovic";1,44541114832236;2,47643804394299;-1,03102689562062;33;28,5;4,5;180;180;0;0,6;0,533333333333333;0,6;0,533333333333333;0,0666666666666667;15;5;8;3;7;2;7;2;5;0;0;1
"788785";"2019-580";"Australian Open";"Hard";"128";"Grand Slams";177;136;"Frances Tiafoe";"R";188;"USA";20,9;4;"Kevin Anderson";"R";203;"RSA";32,6;"4-6 6-4 6-4 7-5";5;"R64";179;10;2;114;80;64;19;21;4;6;13;4;134;87;64;23;21;10;14;39;1080;6;4810;4;6;6;7;NA;6;4;4;5;NA;2019-01-14;2019;"2019-580:177";1021;0;2,71459778113775;5,41503749927884;4;"Kevin Anderson";136;"Frances Tiafoe";5,41503749927884;2,71459778113775;2,70043971814109;32,6;20,9;11,7;203;188;15;0,666666666666667;0,714285714285714;0,714285714285714;0,666666666666667;0,0476190476190477;14;6;10;4;4;2;2;4;-2;0;0;1
"788788";"2019-580";"Australian Open";"Hard";"128";"Grand Slams";180;15;"Alex Bolt";"L";183;"AUS";26;125;"Gilles Simon";"R";183;"FRA";34;"2-6 6-4 4-6 7-6(8) 6-4";5;"R64";244;11;3;152;85;58;38;25;6;12;14;9;195;124;86;31;25;13;18;155;343;30;1280;2;6;4;7;6;6;4;6;6;4;2019-01-14;2019;"2019-580:180";1022;1;0,723875594725762;3,09310940439148;15;"Alex Bolt";125;"Gilles Simon";0,723875594725762;3,09310940439148;-2,36923380966572;26;34;-8;183;183;0;0,5;0,722222222222222;0,5;0,722222222222222;-0,222222222222222;18;12;13;6;5;6;5;6;-1;0;0;1
"788789";"2019-580";"Australian Open";"Hard";"128";"Grand Slams";181;47;"Taylor Fritz";"R";193;"USA";21,2;96;"Gael Monfils";"R";193;"FRA";32,3;"6-3 6-7(8) 7-6(6) 7-6(5)";5;"R64";204;15;2;177;121;88;31;23;12;13;22;6;168;114;82;30;22;12;15;50;964;33;1195;6;6;7;7;NA;3;7;6;6;NA;2019-01-14;2019;"2019-580:181";1023;1;2,35614381022528;2,95560588064155;47;"Taylor Fritz";96;"Gael Monfils";2,35614381022528;2,95560588064155;-0,599462070416271;21,2;32,3;-11,1;193;193;0;0,923076923076923;0,8;0,923076923076923;0,8;0,123076923076923;15;13;12;12;3;1;3;1;2;0;0;1
"788790";"2019-580";"Australian Open";"Hard";"128";"Grand Slams";182;130;"Joao Sousa";"R";185;"POR";29,7;74;"Philipp Kohlschreiber";"R";178;"GER";35,2;"7-5 4-6 7-6(4) 5-7 6-4";5;"R64";258;28;1;181;130;99;26;28;14;16;20;6;189;113;83;42;28;12;14;44;1017;32;1215;7;4;7;5;6;5;6;6;7;4;2019-01-14;2019;"2019-580:182";1024;0;2,5405683813627;3;74;"Philipp Kohlschreiber";130;"Joao Sousa";3;2,5405683813627;0,459431618637297;35,2;29,7;5,5;178;185;-7;0,875;0,857142857142857;0,857142857142857;0,875;-0,0178571428571429;14;16;12;14;2;2;2;2;0;0;0;1
"788791";"2019-580";"Australian Open";"Hard";"128";"Grand Slams";183;44;"Roger Federer";"R";185;"SUI";37,4;42;"Daniel Evans";"R";175;"GBR";28,6;"7-6(5) 7-6(3) 6-3";5;"R64";155;11;1;99;62;52;24;17;2;3;4;0;115;70;51;21;16;3;5;3;6420;189;266;7;7;6;NA;NA;6;6;3;NA;NA;2019-01-14;2019;"2019-580:183";1025;0;6,41503749927884;0,437757575778927;42;"Daniel Evans";44;"Roger Federer";0,437757575778927;6,41503749927884;-5,97727992349992;28,6;37,4;-8,8;175;185;-10;0,666666666666667;0,6;0,6;0,666666666666667;-0,0666666666666667;5;3;3;2;2;1;1;2;-1;0;0;1
"788792";"2019-580";"Australian Open";"Hard";"128";"Grand Slams";184;140;"Stefanos Tsitsipas";"R";193;"GRE";20,4;139;"Viktor Troicki";"R";193;"SRB";32,9;"6-3 2-6 6-2 7-5";5;"R64";160;14;2;99;64;50;24;19;2;4;8;3;131;89;57;19;18;15;19;15;2095;200;252;6;2;6;7;NA;3;6;2;5;NA;2019-01-14;2019;"2019-580:184";1026;0;4,09310940439148;0,356143810225276;139;"Viktor Troicki";140;"Stefanos Tsitsipas";0,356143810225276;4,09310940439148;-3,73696559416621;32,9;20,4;12,5;193;193;0;0,5;0,789473684210526;0,789473684210526;0,5;0,289473684210526;19;4;15;2;4;2;2;4;-2;0;0;1
"788794";"2019-580";"Australian Open";"Hard";"128";"Grand Slams";186;30;"Alex De Minaur";"R";183;"AUS";19,9;81;"Henri Laaksonen";"R";185;"SUI";26,7;"6-4 6-2 6-7(7) 4-6 6-3";5;"R64";232;5;7;172;107;72;35;25;9;13;6;1;157;95;62;32;24;3;10;29;1353;166;319;6;6;6;4;6;4;2;7;6;3;2019-01-14;2019;"2019-580:186";1027;1;3,14201900487243;0,624960568653075;30;"Alex De Minaur";81;"Henri Laaksonen";3,14201900487243;0,624960568653075;2,51705843621935;19,9;26,7;-6,8;183;185;-2;0,692307692307692;0,3;0,692307692307692;0,3;0,392307692307692;10;13;3;9;7;4;7;4;3;0;0;1
"788795";"2019-580";"Australian Open";"Hard";"128";"Grand Slams";187;35;"Novak Djokovic";"R";188;"SRB";31,6;141;"Jo-Wilfried Tsonga";"R";188;"FRA";33,7;"6-3 7-5 6-4";5;"R64";124;12;1;87;61;45;18;16;3;5;10;1;92;50;36;19;15;4;9;1;9135;177;290;6;7;6;NA;NA;3;5;4;NA;NA;2019-01-14;2019;"2019-580:187";1028;1;8;0,532394449917002;35;"Novak Djokovic";141;"Jo-Wilfried Tsonga";8;0,532394449917002;7,467605550083;31,6;33,7;-2,1;188;188;0;0,6;0,444444444444444;0,6;0,444444444444444;0,155555555555556;9;5;4;3;5;2;5;2;3;0;0;1
"788797";"2019-580";"Australian Open";"Hard";"128";"Grand Slams";189;148;"Alexander Zverev";"R";198;"GER";21,7;20;"Jeremy Chardy";"R";188;"FRA";31,9;"7-6(5) 6-4 5-7 6-7(6) 6-1";5;"R64";226;29;13;167;116;94;25;27;10;13;14;3;173;118;86;29;26;12;17;4;6385;36;1120;7;6;5;6;6;6;4;7;7;1;2019-01-14;2019;"2019-580:189";1029;0;6;2,83007499855769;20;"Jeremy Chardy";148;"Alexander Zverev";2,83007499855769;6;-3,16992500144231;31,9;21,7;10,2;188;198;-10;0,769230769230769;0,705882352941177;0,705882352941177;0,769230769230769;-0,0633484162895928;17;13;12;10;5;3;3;5;-2;0;0;1
"788798";"2019-580";"Australian Open";"Hard";"128";"Grand Slams";190;22;"Marin Cilic";"R";198;"CRO";30,2;91;"Mackenzie Mcdonald";"R";178;"USA";23,7;"7-5 6-7(9) 6-4 6-4";5;"R64";217;25;6;135;82;63;26;22;4;7;9;2;151;110;70;18;22;9;15;7;4160;81;692;7;6;6;6;NA;5;7;4;4;NA;2019-01-14;2019;"2019-580:190";1030;1;5,1926450779424;1,66014999711538;22;"Marin Cilic";91;"Mackenzie Mcdonald";5,1926450779424;1,66014999711538;3,53249508082702;30,2;23,7;6,5;198;178;20;0,571428571428571;0,6;0,571428571428571;0,6;-0,0285714285714286;15;7;9;4;6;3;6;3;3;0;0;1
"788799";"2019-580";"Australian Open";"Hard";"128";"Grand Slams";191;103;"Kei Nishikori";"R";178;"JPN";29;70;"Ivo Karlovic";"R";208;"CRO";39,8;"6-3 7-6(6) 5-7 5-7 7-6(7)";5;"R64";228;9;2;158;121;96;26;29;3;5;59;3;170;128;100;26;28;5;6;9;3750;73;739;6;7;5;5;7;3;6;7;7;6;2019-01-14;2019;"2019-580:191";1031;0;4,83007499855769;1,81017544111998;70;"Ivo Karlovic";103;"Kei Nishikori";1,81017544111998;4,83007499855769;-3,01989955743771;39,8;29;10,8;208;178;30;0,6;0,833333333333333;0,833333333333333;0,6;0,233333333333333;6;5;5;3;1;2;2;1;1;0;0;1
"788800";"2019-580";"Australian Open";"Hard";"128";"Grand Slams";192;72;"Karen Khachanov";"R";198;"RUS";22,6;104;"Yoshihito Nishioka";"L";170;"JPN";23,2;"6-3 6-3 6-3";5;"R64";122;16;4;100;64;41;18;14;5;7;4;2;93;66;33;12;13;8;15;11;2835;69;758;6;6;6;NA;NA;3;3;3;NA;NA;2019-01-14;2019;"2019-580:192";1032;1;4,5405683813627;1,89147554322183;72;"Karen Khachanov";104;"Yoshihito Nishioka";4,5405683813627;1,89147554322183;2,64909283814087;22,6;23,2;-0,599999999999998;198;170;28;0,714285714285714;0,533333333333333;0,714285714285714;0,533333333333333;0,180952380952381;15;7;8;5;7;2;7;2;5;0;0;1
"788801";"2019-580";"Australian Open";"Hard";"128";"Grand Slams";193;23;"Borna Coric";"R";188;"CRO";22,1;48;"Marton Fucsovics";"R";188;"HUN";26,9;"6-4 6-3 6-4";5;"R64";136;13;5;94;52;41;25;15;4;5;11;4;83;55;38;13;14;0;4;12;2435;38;1094;6;6;6;NA;NA;4;3;4;NA;NA;2019-01-14;2019;"2019-580:193";1033;1;4,41503749927884;2,75207248655641;23;"Borna Coric";48;"Marton Fucsovics";4,41503749927884;2,75207248655641;1,66296501272243;22,1;26,9;-4,8;188;188;0;0,8;0;0,8;0;0,8;4;5;0;4;4;1;4;1;3;0;0;1
"788802";"2019-580";"Australian Open";"Hard";"128";"Grand Slams";194;46;"Fabio Fognini";"R";178;"ITA";31,6;90;"Leonardo Mayer";"R";188;"ARG";31,6;"7-6(3) 6-3 7-6(5)";5;"R64";143;5;3;102;71;59;18;17;1;2;13;2;104;60;46;22;16;3;5;13;2315;53;920;7;6;7;NA;NA;6;3;6;NA;NA;2019-01-14;2019;"2019-580:194";1034;1;4,29956028185891;2,2720795454368;46;"Fabio Fognini";90;"Leonardo Mayer";4,29956028185891;2,2720795454368;2,02748073642211;31,6;31,6;0;178;188;-10;0,5;0,6;0,5;0,6;-0,1;5;2;3;1;2;1;2;1;1;0;0;1
"788803";"2019-580";"Australian Open";"Hard";"128";"Grand Slams";195;92;"Daniil Medvedev";"R";198;"RUS";22,9;59;"Ryan Harrison";"R";183;"USA";26,6;"6-3 6-3 6-3";5;"R64";91;10;1;65;40;35;18;14;0;0;4;4;77;41;28;14;13;2;7;19;1865;83;660;6;6;6;NA;NA;3;3;3;NA;NA;2019-01-14;2019;"2019-580:195";1035;0;3,75207248655641;1,62496056865308;59;"Ryan Harrison";92;"Daniil Medvedev";1,62496056865308;3,75207248655641;-2,12711191790334;26,6;22,9;3,7;183;198;-15;1,5;0,285714285714286;0,285714285714286;1,5;-1,21428571428571;7;0;2;0;5;0;0;5;-5;0;0;1
"788804";"2019-580";"Australian Open";"Hard";"128";"Grand Slams";196;116;"Milos Raonic";"R";196;"CAN";28;145;"Stan Wawrinka";"R";183;"SUI";33,7;"6-7(4) 7-6(6) 7-6(11) 7-6(5)";5;"R64";241;39;6;154;104;87;28;24;1;3;28;2;170;102;84;38;24;5;7;17;1900;59;830;6;7;7;7;NA;7;6;6;6;NA;2019-01-14;2019;"2019-580:196";1036;1;3,91253715874966;2,11735695063816;116;"Milos Raonic";145;"Stan Wawrinka";3,91253715874966;2,11735695063816;1,7951802081115;28;33,7;-5,7;196;183;13;0,333333333333333;0,714285714285714;0,333333333333333;0,714285714285714;-0,380952380952381;7;3;5;1;2;2;2;2;0;0;0;1
"788805";"2019-580";"Australian Open";"Hard";"128";"Grand Slams";197;122;"Diego Schwartzman";"R";170;"ARG";26,4;77;"Denis Kudla";"R";180;"USA";26,4;"6-4 7-5 3-6 6-7(6) 6-4";5;"R64";230;11;5;176;119;82;24;27;7;14;17;6;177;108;73;29;26;10;19;16;1925;62;818;6;7;3;6;6;4;5;6;7;4;2019-01-14;2019;"2019-580:197";1037;0;4;2,04580368961313;77;"Denis Kudla";122;"Diego Schwartzman";2,04580368961313;4;-1,95419631038687;26,4;26,4;0;180;170;10;0,5;0,526315789473684;0,526315789473684;0,5;0,0263157894736842;19;14;10;7;9;7;7;9;-2;0;0;1
"788806";"2019-580";"Australian Open";"Hard";"128";"Grand Slams";198;33;"Grigor Dimitrov";"R";188;"BUL";27,6;25;"Pablo Cuevas";"R";180;"URU";33;"6-3 6-7(5) 6-3 7-5";5;"R64";169;8;2;133;97;80;21;21;3;3;15;8;152;101;74;22;21;8;11;21;1790;94;616;6;6;6;7;NA;3;7;3;5;NA;2019-01-14;2019;"2019-580:198";1038;0;3,60768257722124;1,44541114832236;25;"Pablo Cuevas";33;"Grigor Dimitrov";1,44541114832236;3,60768257722124;-2,16227142889888;33;27,6;5,4;180;188;-8;1;0,727272727272727;0,727272727272727;1;-0,272727272727273;11;3;8;3;3;0;0;3;-3;0;0;1
"788808";"2019-580";"Australian Open";"Hard";"128";"Grand Slams";200;9;"Roberto Bautista Agut";"R";183;"ESP";30,7;94;"John Millman";"R";183;"AUS";29,5;"6-3 6-1 3-6 6-7(6) 6-4";5;"R64";228;10;2;148;105;74;24;24;6;9;12;4;169;110;71;29;23;10;17;24;1605;37;1108;6;6;3;6;6;3;1;6;7;4;2019-01-14;2019;"2019-580:200";1039;1;3,41503749927884;2,79054663437105;9;"Roberto Bautista Agut";94;"John Millman";3,41503749927884;2,79054663437105;0,624490864907794;30,7;29,5;1,2;183;183;0;0,666666666666667;0,588235294117647;0,666666666666667;0,588235294117647;0,0784313725490196;17;9;10;6;7;3;7;3;4;0;0;1
"788809";"2019-580";"Australian Open";"Hard";"128";"Grand Slams";201;18;"Pablo Carreno Busta";"R";188;"ESP";27,5;66;"Ilya Ivashka";"R";193;"BLR";24,8;"6-2 6-3 7-6(7)";5;"R64";136;5;3;82;47;39;18;15;3;5;11;10;106;56;41;20;14;9;15;23;1705;84;658;6;6;7;NA;NA;2;3;6;NA;NA;2019-01-14;2019;"2019-580:201";1040;1;3,47643804394299;1,60768257722124;18;"Pablo Carreno Busta";66;"Ilya Ivashka";3,47643804394299;1,60768257722124;1,86875546672175;27,5;24,8;2,7;188;193;-5;0,6;0,6;0,6;0,6;0;15;5;9;3;6;2;6;2;4;0;0;1
"788810";"2019-580";"Australian Open";"Hard";"128";"Grand Slams";202;124;"Denis Shapovalov";"L";185;"CAN";19,7;26;"Taro Daniel";"R";191;"JPN";25,9;"6-3 7-6(2) 6-3";5;"R64";128;16;4;99;67;56;17;15;7;7;6;5;78;49;41;11;15;0;2;27;1440;82;691;6;7;6;NA;NA;3;6;3;NA;NA;2019-01-14;2019;"2019-580:202";1041;0;3,24511249783653;1,64244799538192;26;"Taro Daniel";124;"Denis Shapovalov";1,64244799538192;3,24511249783653;-1,60266450245462;25,9;19,7;6,2;191;185;6;1;0;0;1;-1;2;7;0;7;2;0;0;2;-2;0;0;1
"788811";"2019-580";"Australian Open";"Hard";"128";"Grand Slams";203;143;"Fernando Verdasco";"L";188;"ESP";35,1;1;"Radu Albot";"R";175;"MDA";29,1;"6-1 7-6(2) 6-3";5;"R64";148;4;3;101;62;47;21;14;7;9;2;1;83;51;29;17;14;5;10;28;1410;98;585;6;7;6;NA;NA;1;6;3;NA;NA;2019-01-14;2019;"2019-580:203";1042;0;3,1926450779424;1,38529015588479;1;"Radu Albot";143;"Fernando Verdasco";1,38529015588479;3,1926450779424;-1,8073549220576;29,1;35,1;-6;175;188;-13;0,777777777777778;0,5;0,5;0,777777777777778;-0,277777777777778;10;9;5;7;5;2;2;5;-3;0;0;1
"788813";"2019-580";"Australian Open";"Hard";"128";"Grand Slams";205;76;"Filip Krajinovic";"R";185;"SRB";26,8;37;"Evgeny Donskoy";"R";185;"RUS";28,6;"6-4 7-6(8) 7-6(2)";5;"R64";172;15;2;122;78;54;26;17;7;10;11;3;146;93;61;23;17;7;11;93;620;96;599;6;7;7;NA;NA;4;6;6;NA;NA;2019-01-14;2019;"2019-580:205";1043;0;1,46084118889197;1,41503749927884;37;"Evgeny Donskoy";76;"Filip Krajinovic";1,41503749927884;1,46084118889197;-0,0458036896131251;28,6;26,8;1,8;185;185;0;0,7;0,636363636363636;0,636363636363636;0,7;-0,0636363636363636;11;10;7;7;4;3;3;4;-1;0;0;1
"788814";"2019-580";"Australian Open";"Hard";"128";"Grand Slams";206;123;"Andreas Seppi";"R";190;"ITA";34,8;135;"Jordan Thompson";"R";183;"AUS";24,7;"6-3 6-4 6-4";5;"R64";114;14;3;77;53;40;13;15;1;3;11;3;100;67;44;10;14;7;13;35;1170;72;740;6;6;6;NA;NA;3;4;4;NA;NA;2019-01-14;2019;"2019-580:206";1044;1;2,87071698305503;1,83007499855769;123;"Andreas Seppi";135;"Jordan Thompson";2,87071698305503;1,83007499855769;1,04064198449735;34,8;24,7;10,1;190;183;7;0,333333333333333;0,538461538461538;0,333333333333333;0,538461538461538;-0,205128205128205;13;3;7;1;6;2;6;2;4;0;0;1
"788815";"2019-580";"Australian Open";"Hard";"128";"Grand Slams";207;43;"Thomas Fabbiano";"R";173;"ITA";29,6;107;"Reilly Opelka";"R";211;"USA";21,3;"6-7(15) 6-2 6-4 3-6 7-6(5)";5;"R64";212;2;4;166;133;106;16;26;4;5;67;8;168;108;92;26;25;2;5;102;573;97;593;6;6;6;3;7;7;2;4;6;6;2019-01-14;2019;"2019-580:207";1045;1;1,3275746580285;1,40008715781287;43;"Thomas Fabbiano";107;"Reilly Opelka";1,3275746580285;1,40008715781287;-0,0725124997843674;29,6;21,3;8,3;173;211;-38;0,8;0,4;0,8;0,4;0,4;5;5;2;4;3;1;3;1;2;0;0;1
"788817";"2019-580";"Australian Open";"Hard";"128";"Grand Slams";209;9;"Roberto Bautista Agut";"R";183;"ESP";30,7;72;"Karen Khachanov";"R";198;"RUS";22,6;"6-4 7-5 6-4";5;"R32";128;5;2;86;56;46;15;16;0;2;8;5;100;52;34;22;16;9;14;24;1605;11;2835;6;7;6;NA;NA;4;5;4;NA;NA;2019-01-14;2019;"2019-580:209";1046;1;3,41503749927884;4,5405683813627;9;"Roberto Bautista Agut";72;"Karen Khachanov";3,41503749927884;4,5405683813627;-1,12553088208386;30,7;22,6;8,1;183;198;-15;0;0,642857142857143;0;0,642857142857143;-0,642857142857143;14;2;9;0;5;2;5;2;3;0;0;1
"788818";"2019-580";"Australian Open";"Hard";"128";"Grand Slams";210;18;"Pablo Carreno Busta";"R";188;"ESP";27,5;46;"Fabio Fognini";"R";178;"ITA";31,6;"6-2 6-4 2-6 6-4";5;"R32";150;10;3;107;75;48;16;18;8;14;8;7;116;74;52;9;18;9;17;23;1705;13;2315;6;6;2;6;NA;2;4;6;4;NA;2019-01-14;2019;"2019-580:210";1047;1;3,47643804394299;4,29956028185891;18;"Pablo Carreno Busta";46;"Fabio Fognini";3,47643804394299;4,29956028185891;-0,82312223791592;27,5;31,6;-4,1;188;178;10;0,571428571428571;0,529411764705882;0,571428571428571;0,529411764705882;0,042016806722689;17;14;9;8;8;6;8;6;2;0;0;1
"788819";"2019-580";"Australian Open";"Hard";"128";"Grand Slams";211;13;"Tomas Berdych";"R";196;"CZE";33,3;122;"Diego Schwartzman";"R";170;"ARG";26,4;"5-7 6-3 7-5 6-4";5;"R32";180;19;1;143;83;69;29;22;7;8;8;2;126;76;59;26;21;4;7;57;865;16;1925;5;6;7;6;NA;7;3;5;4;NA;2019-01-14;2019;"2019-580:211";1048;1;2,16710998583526;4;13;"Tomas Berdych";122;"Diego Schwartzman";2,16710998583526;4;-1,83289001416474;33,3;26,4;6,9;196;170;26;0,875;0,571428571428571;0,875;0,571428571428571;0,303571428571429;7;8;4;7;3;1;3;1;2;0;0;1
"788820";"2019-580";"Australian Open";"Hard";"128";"Grand Slams";212;140;"Stefanos Tsitsipas";"R";193;"GRE";20,4;8;"Nikoloz Basilashvili";"R";185;"GEO";26,8;"6-3 3-6 7-6(7) 6-4";5;"R32";174;18;1;131;83;65;26;20;2;4;14;6;130;78;55;30;20;3;6;15;2095;20;1820;6;3;7;6;NA;3;6;6;4;NA;2019-01-14;2019;"2019-580:212";1049;0;4,09310940439148;3,67807190511264;8;"Nikoloz Basilashvili";140;"Stefanos Tsitsipas";3,67807190511264;4,09310940439148;-0,415037499278844;26,8;20,4;6,4;185;193;-8;0,5;0,5;0,5;0,5;0;6;4;3;2;3;2;2;3;-1;0;0;1
"788821";"2019-580";"Australian Open";"Hard";"128";"Grand Slams";213;92;"Daniil Medvedev";"R";198;"RUS";22,9;54;"David Goffin";"R";180;"BEL";28,1;"6-2 7-6(3) 6-3";5;"R32";121;7;2;85;56;48;10;15;1;4;4;2;92;56;32;15;14;5;11;19;1865;22;1785;6;7;6;NA;NA;2;6;3;NA;NA;2019-01-14;2019;"2019-580:213";1050;0;3,75207248655641;3,5405683813627;54;"David Goffin";92;"Daniil Medvedev";3,5405683813627;3,75207248655641;-0,211504105193712;28,1;22,9;5,2;180;198;-18;0,25;0,454545454545455;0,454545454545455;0,25;0,204545454545455;11;4;5;1;6;3;3;6;-3;0;0;1
"788822";"2019-580";"Australian Open";"Hard";"128";"Grand Slams";214;35;"Novak Djokovic";"R";188;"SRB";31,6;124;"Denis Shapovalov";"L";185;"CAN";19,7;"6-3 6-4 4-6 6-0";5;"R32";142;5;4;90;55;41;22;18;2;5;6;5;108;61;43;15;17;5;13;1;9135;27;1440;6;6;4;6;NA;3;4;6;0;NA;2019-01-14;2019;"2019-580:214";1051;1;8;3,24511249783653;35;"Novak Djokovic";124;"Denis Shapovalov";8;3,24511249783653;4,75488750216347;31,6;19,7;11,9;188;185;3;0,4;0,384615384615385;0,4;0,384615384615385;0,0153846153846154;13;5;5;2;8;3;8;3;5;0;0;1
"788823";"2019-580";"Australian Open";"Hard";"128";"Grand Slams";215;22;"Marin Cilic";"R";198;"CRO";30,2;143;"Fernando Verdasco";"L";188;"ESP";35,1;"4-6 3-6 6-1 7-6(8) 6-3";5;"R32";258;8;5;153;89;73;33;24;6;9;27;5;165;113;77;28;23;15;19;7;4160;28;1410;4;3;6;7;6;6;6;1;6;3;2019-01-14;2019;"2019-580:215";1052;1;5,1926450779424;3,1926450779424;22;"Marin Cilic";143;"Fernando Verdasco";5,1926450779424;3,1926450779424;2;30,2;35,1;-4,9;198;188;10;0,666666666666667;0,789473684210526;0,666666666666667;0,789473684210526;-0,12280701754386;19;9;15;6;4;3;4;3;1;0;0;1
"788824";"2019-580";"Australian Open";"Hard";"128";"Grand Slams";216;101;"Rafael Nadal";"L";185;"ESP";32,6;30;"Alex De Minaur";"R";183;"AUS";19,9;"6-1 6-2 6-4";5;"R32";142;6;6;87;65;53;8;13;4;4;3;2;94;54;34;16;12;8;13;2;7480;29;1353;6;6;6;NA;NA;1;2;4;NA;NA;2019-01-14;2019;"2019-580:216";1053;0;7;3,14201900487243;30;"Alex De Minaur";101;"Rafael Nadal";3,14201900487243;7;-3,85798099512757;19,9;32,6;-12,7;183;185;-2;1;0,615384615384615;0,615384615384615;1;-0,384615384615385;13;4;8;4;5;0;0;5;-5;0;0;1
"788825";"2019-580";"Australian Open";"Hard";"128";"Grand Slams";217;148;"Alexander Zverev";"R";198;"GER";21,7;15;"Alex Bolt";"L";183;"AUS";26;"6-3 6-3 6-2";5;"R32";112;14;4;85;55;39;19;13;5;6;5;1;90;58;37;12;13;6;12;4;6385;155;343;6;6;6;NA;NA;3;3;2;NA;NA;2019-01-14;2019;"2019-580:217";1054;0;6;0,723875594725762;15;"Alex Bolt";148;"Alexander Zverev";0,723875594725762;6;-5,27612440527424;26;21,7;4,3;183;198;-15;0,833333333333333;0,5;0,5;0,833333333333333;-0,333333333333333;12;6;6;5;6;1;1;6;-5;0;0;1
"788826";"2019-580";"Australian Open";"Hard";"128";"Grand Slams";218;113;"Lucas Pouille";"R";185;"FRA";24,8;111;"Alexei Popyrin";"R";196;"AUS";19,4;"7-6(3) 6-3 6-7(10) 4-6 6-3";5;"R32";223;16;8;171;103;77;45;26;5;7;16;9;179;111;84;35;26;10;13;31;1245;149;360;7;6;6;4;6;6;3;7;6;3;2019-01-14;2019;"2019-580:218";1055;0;3,04580368961313;0,780831479537839;111;"Alexei Popyrin";113;"Lucas Pouille";0,780831479537839;3,04580368961313;-2,26497221007529;19,4;24,8;-5,4;196;185;11;0,714285714285714;0,769230769230769;0,769230769230769;0,714285714285714;0,054945054945055;13;7;10;5;3;2;2;3;-1;0;0;1
"788827";"2019-580";"Australian Open";"Hard";"128";"Grand Slams";219;44;"Roger Federer";"R";185;"SUI";37,4;47;"Taylor Fritz";"R";193;"USA";21,2;"6-2 7-5 6-2";5;"R32";88;10;3;70;43;40;17;14;0;0;8;0;78;45;28;20;14;4;9;3;6420;50;964;6;7;6;NA;NA;2;5;2;NA;NA;2019-01-14;2019;"2019-580:219";1056;1;6,41503749927884;2,35614381022528;44;"Roger Federer";47;"Taylor Fritz";6,41503749927884;2,35614381022528;4,05889368905357;37,4;21,2;16,2;185;193;-8;1,5;0,444444444444444;1,5;0,444444444444444;1,05555555555556;9;0;4;0;5;0;5;0;5;0;0;1
"788828";"2019-580";"Australian Open";"Hard";"128";"Grand Slams";220;103;"Kei Nishikori";"R";178;"JPN";29;130;"Joao Sousa";"R";185;"POR";29,7;"7-6(6) 6-1 6-2";5;"R32";126;3;3;80;52;40;20;14;1;2;9;1;88;49;36;15;13;2;7;9;3750;44;1017;7;6;6;NA;NA;6;1;2;NA;NA;2019-01-14;2019;"2019-580:220";1057;1;4,83007499855769;2,5405683813627;103;"Kei Nishikori";130;"Joao Sousa";4,83007499855769;2,5405683813627;2,28950661719499;29;29,7;-0,699999999999999;178;185;-7;0,5;0,285714285714286;0,5;0,285714285714286;0,214285714285714;7;2;2;1;5;1;5;1;4;0;0;1
"788829";"2019-580";"Australian Open";"Hard";"128";"Grand Slams";221;23;"Borna Coric";"R";188;"CRO";22,1;76;"Filip Krajinovic";"R";185;"SRB";26,8;"2-6 6-3 6-4 6-3";5;"R32";163;14;7;117;75;55;18;18;6;9;12;2;112;77;56;13;18;9;14;12;2435;93;620;2;6;6;6;NA;6;3;4;3;NA;2019-01-14;2019;"2019-580:221";1058;1;4,41503749927884;1,46084118889197;23;"Borna Coric";76;"Filip Krajinovic";4,41503749927884;1,46084118889197;2,95419631038687;22,1;26,8;-4,7;188;185;3;0,666666666666667;0,642857142857143;0,666666666666667;0,642857142857143;0,0238095238095237;14;9;9;6;5;3;5;3;2;0;0;1
"788830";"2019-580";"Australian Open";"Hard";"128";"Grand Slams";222;116;"Milos Raonic";"R";196;"CAN";28;60;"Pierre Hugues Herbert";"R";188;"FRA";27,8;"6-4 6-4 7-6(6)";5;"R32";121;23;2;86;60;51;16;16;0;1;8;2;93;73;51;11;16;1;4;17;1900;55;903;6;6;7;NA;NA;4;4;6;NA;NA;2019-01-14;2019;"2019-580:222";1059;0;3,91253715874966;2,21864028647534;60;"Pierre Hugues Herbert";116;"Milos Raonic";2,21864028647534;3,91253715874966;-1,69389687227432;27,8;28;-0,199999999999999;188;196;-8;0;0,25;0,25;0;0,25;4;1;1;0;3;1;1;3;-2;0;0;1
"788831";"2019-580";"Australian Open";"Hard";"128";"Grand Slams";223;33;"Grigor Dimitrov";"R";188;"BUL";27,6;43;"Thomas Fabbiano";"R";173;"ITA";29,6;"7-6(5) 6-4 6-4";5;"R32";127;13;3;84;53;45;19;16;2;4;4;2;98;58;38;23;16;1;5;21;1790;102;573;7;6;6;NA;NA;6;4;4;NA;NA;2019-01-14;2019;"2019-580:223";1060;1;3,60768257722124;1,3275746580285;33;"Grigor Dimitrov";43;"Thomas Fabbiano";3,60768257722124;1,3275746580285;2,28010791919273;27,6;29,6;-2;188;173;15;0,5;0,2;0,5;0,2;0,3;5;4;1;2;4;2;4;2;2;0;0;1
"788832";"2019-580";"Australian Open";"Hard";"128";"Grand Slams";224;136;"Frances Tiafoe";"R";188;"USA";20,9;123;"Andreas Seppi";"R";190;"ITA";34,8;"6-7(3) 6-3 4-6 6-4 6-3";5;"R32";197;16;5;138;85;68;31;25;4;6;19;4;149;97;72;28;25;5;10;39;1080;35;1170;6;6;4;6;6;7;3;6;4;3;2019-01-14;2019;"2019-580:224";1061;0;2,71459778113775;2,87071698305503;123;"Andreas Seppi";136;"Frances Tiafoe";2,87071698305503;2,71459778113775;0,156119201917282;34,8;20,9;13,9;190;188;2;0,666666666666667;0,5;0,5;0,666666666666667;-0,166666666666667;10;6;5;4;5;2;2;5;-3;0;0;1
"788833";"2019-580";"Australian Open";"Hard";"128";"Grand Slams";225;140;"Stefanos Tsitsipas";"R";193;"GRE";20,4;44;"Roger Federer";"R";185;"SUI";37,4;"6-7(11) 7-6(3) 7-5 7-6(5)";5;"R16";225;20;1;188;112;87;49;24;12;12;12;0;156;105;83;31;24;2;3;15;2095;3;6420;6;7;7;7;NA;7;6;5;6;NA;2019-01-14;2019;"2019-580:225";1062;0;4,09310940439148;6,41503749927884;44;"Roger Federer";140;"Stefanos Tsitsipas";6,41503749927884;4,09310940439148;2,32192809488736;37,4;20,4;17;185;193;-8;1;0,666666666666667;0,666666666666667;1;-0,333333333333333;3;12;2;12;1;0;0;1;-1;0;0;1
"788834";"2019-580";"Australian Open";"Hard";"128";"Grand Slams";226;116;"Milos Raonic";"R";196;"CAN";28;148;"Alexander Zverev";"R";198;"GER";21,7;"6-1 6-1 7-6(5)";5;"R16";119;15;1;78;54;43;13;13;0;1;6;10;90;56;38;12;13;14;20;17;1900;4;6385;6;6;7;NA;NA;1;1;6;NA;NA;2019-01-14;2019;"2019-580:226";1063;1;3,91253715874966;6;116;"Milos Raonic";148;"Alexander Zverev";3,91253715874966;6;-2,08746284125034;28;21,7;6,3;196;198;-2;0;0,7;0;0,7;-0,7;20;1;14;0;6;1;6;1;5;0;0;1
"788835";"2019-580";"Australian Open";"Hard";"128";"Grand Slams";227;9;"Roberto Bautista Agut";"R";183;"ESP";30,7;22;"Marin Cilic";"R";198;"CRO";30,2;"6-7(6) 6-3 6-2 4-6 6-4";5;"R16";238;10;3;154;106;74;33;25;3;5;17;6;167;102;77;28;24;8;13;24;1605;7;4160;6;6;6;4;6;7;3;2;6;4;2019-01-14;2019;"2019-580:227";1064;1;3,41503749927884;5,1926450779424;9;"Roberto Bautista Agut";22;"Marin Cilic";3,41503749927884;5,1926450779424;-1,77760757866355;30,7;30,2;0,5;183;198;-15;0,6;0,615384615384615;0,6;0,615384615384615;-0,0153846153846154;13;5;8;3;5;2;5;2;3;0;0;1
"788836";"2019-580";"Australian Open";"Hard";"128";"Grand Slams";228;113;"Lucas Pouille";"R";185;"FRA";24,8;23;"Borna Coric";"R";188;"CRO";22,1;"6-7(4) 6-4 7-5 7-6(2)";5;"R16";195;19;2;135;88;73;26;23;4;6;24;5;155;120;90;12;23;8;12;31;1245;12;2435;6;6;7;7;NA;7;4;5;6;NA;2019-01-14;2019;"2019-580:228";1065;0;3,04580368961313;4,41503749927884;23;"Borna Coric";113;"Lucas Pouille";4,41503749927884;3,04580368961313;1,36923380966572;22,1;24,8;-2,7;188;185;3;0,666666666666667;0,666666666666667;0,666666666666667;0,666666666666667;0;12;6;8;4;4;2;2;4;-2;0;0;1
"788837";"2019-580";"Australian Open";"Hard";"128";"Grand Slams";229;35;"Novak Djokovic";"R";188;"SRB";31,6;92;"Daniil Medvedev";"R";198;"RUS";22,9;"6-4 6-7(5) 6-2 6-3";5;"R16";195;6;5;126;84;61;21;20;7;9;18;6;142;93;65;17;19;11;18;1;9135;19;1865;6;6;6;6;NA;4;7;2;3;NA;2019-01-14;2019;"2019-580:229";1066;1;8;3,75207248655641;35;"Novak Djokovic";92;"Daniil Medvedev";8;3,75207248655641;4,24792751344359;31,6;22,9;8,7;188;198;-10;0,777777777777778;0,611111111111111;0,777777777777778;0,611111111111111;0,166666666666667;18;9;11;7;7;2;7;2;5;0;0;1
"788838";"2019-580";"Australian Open";"Hard";"128";"Grand Slams";230;136;"Frances Tiafoe";"R";188;"USA";20,9;33;"Grigor Dimitrov";"R";188;"BUL";27,6;"7-5 7-6(6) 6-7(1) 7-5";5;"R16";219;10;4;190;123;82;33;24;15;18;21;6;147;95;70;26;24;8;13;39;1080;21;1790;7;7;6;7;NA;5;6;7;5;NA;2019-01-14;2019;"2019-580:230";1067;0;2,71459778113775;3,60768257722124;33;"Grigor Dimitrov";136;"Frances Tiafoe";3,60768257722124;2,71459778113775;0,893084796083488;27,6;20,9;6,7;188;188;0;0,833333333333333;0,615384615384615;0,615384615384615;0,833333333333333;-0,217948717948718;13;18;8;15;5;3;3;5;-2;0;0;1
"788839";"2019-580";"Australian Open";"Hard";"128";"Grand Slams";231;103;"Kei Nishikori";"R";178;"JPN";29;18;"Pablo Carreno Busta";"R";188;"ESP";27,5;"6-7(8) 4-6 7-6(4) 6-4 7-6(8)";5;"R16";305;15;2;207;127;93;34;28;8;14;5;2;219;153;95;34;28;15;21;9;3750;23;1705;6;4;7;6;7;7;6;6;4;6;2019-01-14;2019;"2019-580:231";1068;0;4,83007499855769;3,47643804394299;18;"Pablo Carreno Busta";103;"Kei Nishikori";3,47643804394299;4,83007499855769;-1,3536369546147;27,5;29;-1,5;188;178;10;0,571428571428571;0,714285714285714;0,714285714285714;0,571428571428571;0,142857142857143;21;14;15;8;6;6;6;6;0;0;0;1
"788840";"2019-580";"Australian Open";"Hard";"128";"Grand Slams";232;101;"Rafael Nadal";"L";185;"ESP";32,6;13;"Tomas Berdych";"R";196;"CZE";33,3;"6-0 6-1 7-6(4)";5;"R16";125;5;1;81;56;45;16;13;2;2;5;3;78;37;26;18;12;8;13;2;7480;57;865;6;6;7;NA;NA;0;1;6;NA;NA;2019-01-14;2019;"2019-580:232";1069;0;7;2,16710998583526;13;"Tomas Berdych";101;"Rafael Nadal";2,16710998583526;7;-4,83289001416474;33,3;32,6;0,699999999999996;196;185;11;1;0,615384615384615;0,615384615384615;1;-0,384615384615385;13;2;8;2;5;0;0;5;-5;0;0;1
"788842";"2019-580";"Australian Open";"Hard";"128";"Grand Slams";234;113;"Lucas Pouille";"R";185;"FRA";24,8;116;"Milos Raonic";"R";196;"CAN";28;"7-6(4) 6-3 6-7(2) 6-4";5;"QF";182;14;4;122;80;67;24;22;0;1;25;6;149;87;62;35;21;11;14;31;1245;17;1900;7;6;6;6;NA;6;3;7;4;NA;2019-01-14;2019;"2019-580:234";1070;1;3,04580368961313;3,91253715874966;113;"Lucas Pouille";116;"Milos Raonic";3,04580368961313;3,91253715874966;-0,866733469136536;24,8;28;-3,2;185;196;-11;0;0,785714285714286;0;0,785714285714286;-0,785714285714286;14;1;11;0;3;1;3;1;2;0;0;1
"788843";"2019-580";"Australian Open";"Hard";"128";"Grand Slams";235;140;"Stefanos Tsitsipas";"R";193;"GRE";20,4;9;"Roberto Bautista Agut";"R";183;"ESP";30,7;"7-5 4-6 6-4 7-6(2)";5;"QF";195;22;3;129;74;62;27;22;1;4;6;2;128;88;64;22;22;7;11;15;2095;24;1605;7;4;6;7;NA;5;6;4;6;NA;2019-01-14;2019;"2019-580:235";1071;0;4,09310940439148;3,41503749927884;9;"Roberto Bautista Agut";140;"Stefanos Tsitsipas";3,41503749927884;4,09310940439148;-0,678071905112637;30,7;20,4;10,3;183;193;-10;0,25;0,636363636363636;0,636363636363636;0,25;0,386363636363636;11;4;7;1;4;3;3;4;-1;0;0;1
"788844";"2019-580";"Australian Open";"Hard";"128";"Grand Slams";236;101;"Rafael Nadal";"L";185;"ESP";32,6;136;"Frances Tiafoe";"R";188;"USA";20,9;"6-3 6-4 6-2";5;"QF";107;11;0;77;57;48;12;14;2;2;13;0;72;54;38;6;13;4;8;2;7480;39;1080;6;6;6;NA;NA;3;4;2;NA;NA;2019-01-14;2019;"2019-580:236";1072;1;7;2,71459778113775;101;"Rafael Nadal";136;"Frances Tiafoe";7;2,71459778113775;4,28540221886225;32,6;20,9;11,7;185;188;-3;1;0,5;1;0,5;0,5;8;2;4;2;4;0;4;0;4;0;0;1
"788845";"2019-580";"Australian Open";"Hard";"128";"Grand Slams";237;101;"Rafael Nadal";"L";185;"ESP";32,6;140;"Stefanos Tsitsipas";"R";193;"GRE";20,4;"6-2 6-4 6-0";5;"SF";106;5;0;61;40;34;15;12;1;1;5;2;65;45;29;6;12;5;11;2;7480;15;2095;6;6;6;NA;NA;2;4;0;NA;NA;2019-01-14;2019;"2019-580:237";1073;1;7;4,09310940439148;101;"Rafael Nadal";140;"Stefanos Tsitsipas";7;4,09310940439148;2,90689059560852;32,6;20,4;12,2;185;193;-8;1;0,454545454545455;1;0,454545454545455;0,545454545454545;11;1;5;1;6;0;6;0;6;0;0;1
"788846";"2019-580";"Australian Open";"Hard";"128";"Grand Slams";238;35;"Novak Djokovic";"R";188;"SRB";31,6;113;"Lucas Pouille";"R";185;"FRA";24,8;"6-0 6-2 6-2";5;"SF";83;6;0;53;38;32;13;11;0;0;4;3;74;40;27;9;11;5;12;1;9135;31;1245;6;6;6;NA;NA;0;2;2;NA;NA;2019-01-14;2019;"2019-580:238";1074;1;8;3,04580368961313;35;"Novak Djokovic";113;"Lucas Pouille";8;3,04580368961313;4,95419631038687;31,6;24,8;6,8;188;185;3;1,5;0,416666666666667;1,5;0,416666666666667;1,08333333333333;12;0;5;0;7;0;7;0;7;0;0;1
"788847";"2019-580";"Australian Open";"Hard";"128";"Grand Slams";239;35;"Novak Djokovic";"R";188;"SRB";31,6;101;"Rafael Nadal";"L";185;"ESP";32,6;"6-3 6-2 6-3";5;"F";124;8;0;69;50;40;16;13;1;1;3;2;73;47;24;16;13;3;8;1;9135;2;7480;6;6;6;NA;NA;3;2;3;NA;NA;2019-01-14;2019;"2019-580:239";1075;1;8;7;35;"Novak Djokovic";101;"Rafael Nadal";8;7;1;31,6;32,6;-1;188;185;3;1;0,375;1;0,375;0,625;8;1;3;1;5;0;5;0;5;0;0;1
"807719";"2019-560";"US Open";"Hard";"128";"Grand Slams";113;35;"Novak Djokovic";"R";188;"SRB";32,2;17;"Roberto Carballes Baena";"R";183;"ESP";26,4;"6-4 6-1 6-4";5;"R128";112;4;3;73;44;37;19;14;0;0;5;5;91;53;32;21;13;7;11;1;11685;76;787;6;6;6;NA;NA;4;1;4;NA;NA;2019-08-26;2019;"2019-560:113";1076;0;8;1,75207248655641;17;"Roberto Carballes Baena";35;"Novak Djokovic";1,75207248655641;8;-6,24792751344359;26,4;32,2;-5,8;183;188;-5;1,5;0,636363636363636;0,636363636363636;1,5;-0,863636363636364;11;0;7;0;4;0;0;4;-4;0;0;1
"807721";"2019-560";"US Open";"Hard";"128";"Grand Slams";115;77;"Denis Kudla";"R";180;"USA";27;137;"Janko Tipsarevic";"R";180;"SRB";35,1;"3-6 6-1 7-6(5) 6-1";5;"R128";165;9;3;103;63;51;22;18;4;7;10;2;130;79;50;24;18;12;18;111;491;260;170;3;6;7;6;NA;6;1;6;1;NA;2019-08-26;2019;"2019-560:115";1077;1;1,20558413364989;-0,0223678130284544;77;"Denis Kudla";137;"Janko Tipsarevic";1,20558413364989;-0,0223678130284544;1,22795194667835;27;35,1;-8,1;180;180;0;0,571428571428571;0,666666666666667;0,571428571428571;0,666666666666667;-0,0952380952380952;18;7;12;4;6;3;6;3;3;0;0;1
"807722";"2019-560";"US Open";"Hard";"128";"Grand Slams";116;83;"Dusan Lajovic";"R";180;"SRB";29,1;27;"Steve Darcis";"R";178;"BEL";35,4;"7-5 6-3 6-3";5;"R128";111;4;1;82;62;45;11;15;0;2;2;5;85;39;29;17;15;8;14;29;1441;186;266;7;6;6;NA;NA;5;3;3;NA;NA;2019-08-26;2019;"2019-560:116";1078;0;3,14201900487243;0,460841188891969;27;"Steve Darcis";83;"Dusan Lajovic";0,460841188891969;3,14201900487243;-2,68117781598046;35,4;29,1;6,3;178;180;-2;0;0,571428571428571;0,571428571428571;0;0,571428571428571;14;2;8;0;6;2;2;6;-4;0;0;1
"807723";"2019-560";"US Open";"Hard";"128";"Grand Slams";117;145;"Stan Wawrinka";"R";183;"SUI";34,4;126;"Jannik Sinner";"R";188;"ITA";18;"6-3 7-6(4) 4-6 6-3";5;"R128";169;15;6;148;92;66;29;22;10;14;2;5;122;73;45;30;19;5;10;24;1535;137;395;6;7;4;6;NA;3;6;6;3;NA;2019-08-26;2019;"2019-560:117";1079;0;3,41503749927884;0,901967917039474;126;"Jannik Sinner";145;"Stan Wawrinka";0,901967917039474;3,41503749927884;-2,51306958223937;18;34,4;-16,4;188;183;5;0,714285714285714;0,5;0,5;0,714285714285714;-0,214285714285714;10;14;5;10;5;4;4;5;-1;0;0;1
"807724";"2019-560";"US Open";"Hard";"128";"Grand Slams";118;20;"Jeremy Chardy";"R";188;"FRA";32,5;63;"Hubert Hurkacz";"R";196;"POL";22,5;"3-6 6-3 6-7(6) 6-1 6-4";5;"R128";193;15;6;161;106;79;26;25;4;7;16;7;152;116;78;15;23;11;17;74;815;35;1308;3;6;6;6;6;6;3;7;1;4;2019-08-26;2019;"2019-560:118";1080;1;1,79054663437105;2,87071698305503;20;"Jeremy Chardy";63;"Hubert Hurkacz";1,79054663437105;2,87071698305503;-1,08017034868398;32,5;22,5;10;188;196;-8;0,571428571428571;0,647058823529412;0,571428571428571;0,647058823529412;-0,0756302521008404;17;7;11;4;6;3;6;3;3;0;0;1
"807725";"2019-560";"US Open";"Hard";"128";"Grand Slams";119;71;"Miomir Kecmanovic";"R";183;"SRB";19,9;34;"Laslo Djere";"R";188;"SRB";24,2;"6-2 6-1 7-5";5;"R128";118;3;3;82;48;36;20;13;0;1;10;7;106;54;32;20;14;10;17;50;1026;39;1245;6;6;7;NA;NA;2;1;5;NA;NA;2019-08-26;2019;"2019-560:119";1081;0;2,35614381022528;2,71459778113775;34;"Laslo Djere";71;"Miomir Kecmanovic";2,71459778113775;2,35614381022528;0,358453970912476;24,2;19,9;4,3;188;183;5;0;0,588235294117647;0,588235294117647;0;0,588235294117647;17;1;10;0;7;1;1;7;-6;0;0;1
"807727";"2019-560";"US Open";"Hard";"128";"Grand Slams";121;107;"Reilly Opelka";"R";211;"USA";21,9;46;"Fabio Fognini";"R";178;"ITA";32,2;"6-3 6-4 6-7(6) 6-3";5;"R128";171;26;4;124;71;56;31;22;5;7;16;6;110;61;48;24;19;10;15;42;1076;11;2510;6;6;6;6;NA;3;4;7;3;NA;2019-08-26;2019;"2019-560:121";1082;0;2,60768257722124;4,5405683813627;46;"Fabio Fognini";107;"Reilly Opelka";4,5405683813627;2,60768257722124;1,93288580414146;32,2;21,9;10,3;178;211;-33;0,714285714285714;0,666666666666667;0,666666666666667;0,714285714285714;-0,0476190476190477;15;7;10;5;5;2;2;5;-3;0;0;1
"807730";"2019-560";"US Open";"Hard";"128";"Grand Slams";124;8;"Nikoloz Basilashvili";"R";185;"GEO";27,5;48;"Marton Fucsovics";"R";188;"HUN";27,5;"3-6 6-4 6-2 3-6 6-3";5;"R128";221;1;7;157;82;49;39;23;11;19;3;7;136;64;38;33;22;4;13;18;1985;64;885;3;6;6;3;6;6;4;2;6;3;2019-08-26;2019;"2019-560:124";1083;1;3,83007499855769;2;8;"Nikoloz Basilashvili";48;"Marton Fucsovics";3,83007499855769;2;1,83007499855769;27,5;27,5;0;185;188;-3;0,578947368421053;0,307692307692308;0,578947368421053;0,307692307692308;0,271255060728745;13;19;4;11;9;8;9;8;1;0;0;1
"807731";"2019-560";"US Open";"Hard";"128";"Grand Slams";125;84;"Feliciano Lopez";"L";188;"ESP";37,9;47;"Taylor Fritz";"R";193;"USA";21,8;"3-6 6-4 6-3 6-4";5;"R128";138;22;4;106;68;56;20;19;2;3;13;4;113;66;49;24;19;2;5;61;923;28;1465;3;6;6;6;NA;6;4;3;4;NA;2019-08-26;2019;"2019-560:125";1084;0;2,06926266243711;3,1926450779424;47;"Taylor Fritz";84;"Feliciano Lopez";3,1926450779424;2,06926266243711;1,12338241550528;21,8;37,9;-16,1;193;188;5;0,666666666666667;0,4;0,4;0,666666666666667;-0,266666666666667;5;3;2;2;3;1;1;3;-2;0;0;1
"807732";"2019-560";"US Open";"Hard";"128";"Grand Slams";126;104;"Yoshihito Nishioka";"L";170;"JPN";23,9;53;"Marcos Giron";"R";180;"USA";26;"3-6 6-4 6-4 6-4";5;"R128";164;1;0;114;72;49;25;20;2;5;11;1;124;73;53;22;19;8;12;59;946;151;361;3;6;6;6;NA;6;4;4;4;NA;2019-08-26;2019;"2019-560:126";1085;0;2,11735695063816;0,761595260674921;53;"Marcos Giron";104;"Yoshihito Nishioka";0,761595260674921;2,11735695063816;-1,35576168996324;26;23,9;2,1;180;170;10;0,4;0,666666666666667;0,666666666666667;0,4;0,266666666666667;12;5;8;2;4;3;3;4;-1;0;0;1
"807737";"2019-560";"US Open";"Hard";"128";"Grand Slams";131;42;"Daniel Evans";"R";175;"GBR";29,2;87;"Adrian Mannarino";"L";183;"FRA";31,1;"6-4 6-3 2-6 6-3";5;"R128";182;4;6;123;72;49;27;18;12;15;12;4;124;59;45;29;18;8;13;58;955;57;961;6;6;2;6;NA;4;3;6;3;NA;2019-08-26;2019;"2019-560:131";1086;1;2,14201900487243;2,16710998583526;42;"Daniel Evans";87;"Adrian Mannarino";2,14201900487243;2,16710998583526;-0,0250909809628306;29,2;31,1;-1,9;175;183;-8;0,8;0,615384615384615;0,8;0,615384615384615;0,184615384615385;13;15;8;12;5;3;5;3;2;0;0;1
"807738";"2019-560";"US Open";"Hard";"128";"Grand Slams";132;113;"Lucas Pouille";"R";185;"FRA";25,5;74;"Philipp Kohlschreiber";"R";178;"GER";35,8;"6-3 4-6 6-4 6-4";5;"R128";164;16;5;141;71;55;35;20;8;11;10;5;109;59;44;23;19;5;10;27;1475;71;831;6;4;6;6;NA;3;6;4;4;NA;2019-08-26;2019;"2019-560:132";1087;0;3,24511249783653;1,85025288049532;74;"Philipp Kohlschreiber";113;"Lucas Pouille";1,85025288049532;3,24511249783653;-1,39485961734121;35,8;25,5;10,3;178;185;-7;0,727272727272727;0,5;0,5;0,727272727272727;-0,227272727272727;10;11;5;8;5;3;3;5;-2;0;0;1
"807739";"2019-560";"US Open";"Hard";"128";"Grand Slams";133;18;"Pablo Carreno Busta";"R";188;"ESP";28,1;110;"Guido Pella";"L";185;"ARG";29,2;"6-3 4-6 7-6(2) 6-3";5;"R128";193;5;3;129;85;58;26;20;7;10;5;5;134;81;53;28;21;8;14;69;852;20;1735;6;4;7;6;NA;3;6;6;3;NA;2019-08-26;2019;"2019-560:133";1088;1;1,89147554322183;3,67807190511264;18;"Pablo Carreno Busta";110;"Guido Pella";1,89147554322183;3,67807190511264;-1,78659636189081;28,1;29,2;-1,1;188;185;3;0,7;0,571428571428571;0,7;0,571428571428571;0,128571428571429;14;10;8;7;6;3;6;3;3;0;0;1
"807740";"2019-560";"US Open";"Hard";"128";"Grand Slams";134;12;"Ricardas Berankis";"R";175;"LTU";29,1;144;"Jiri Vesely";"L";198;"CZE";26,1;"4-6 7-6(4) 3-6 7-6(4) 6-4";5;"R128";256;13;3;165;97;68;41;26;5;9;16;5;193;129;91;31;29;8;11;68;857;140;385;4;7;3;7;6;6;6;6;6;4;2019-08-26;2019;"2019-560:134";1089;1;1,91253715874966;0,870716983055034;12;"Ricardas Berankis";144;"Jiri Vesely";1,91253715874966;0,870716983055034;1,04182017569463;29,1;26,1;3;175;198;-23;0,555555555555556;0,727272727272727;0,555555555555556;0,727272727272727;-0,171717171717172;11;9;8;5;3;4;3;4;-1;0;0;1
"807742";"2019-560";"US Open";"Hard";"128";"Grand Slams";136;54;"David Goffin";"R";180;"BEL";28,7;98;"Corentin Moutet";"L";178;"FRA";20,3;"6-3 3-6 6-4 6-0";5;"R128";168;4;6;112;62;41;27;17;2;6;0;10;108;66;36;19;17;5;13;15;2055;82;650;6;3;6;6;NA;3;6;4;0;NA;2019-08-26;2019;"2019-560:136";1090;1;4,09310940439148;1,64244799538192;54;"David Goffin";98;"Corentin Moutet";4,09310940439148;1,64244799538192;2,45066140900957;28,7;20,3;8,4;180;178;2;0,333333333333333;0,384615384615385;0,333333333333333;0,384615384615385;-0,0512820512820513;13;6;5;2;8;4;8;4;4;0;0;1
"807743";"2019-560";"US Open";"Hard";"128";"Grand Slams";137;23;"Borna Coric";"R";188;"CRO";22,7;37;"Evgeny Donskoy";"R";185;"RUS";29,2;"7-6(7) 6-3 6-0";5;"R128";115;10;3;72;43;40;23;14;0;0;10;5;95;56;42;16;14;3;7;12;2160;122;443;7;6;6;NA;NA;6;3;0;NA;NA;2019-08-26;2019;"2019-560:137";1091;1;4,41503749927884;1,06926266243711;23;"Borna Coric";37;"Evgeny Donskoy";4,41503749927884;1,06926266243711;3,34577483684173;22,7;29,2;-6,5;188;185;3;1,5;0,428571428571429;1,5;0,428571428571429;1,07142857142857;7;0;3;0;4;0;4;0;4;0;0;1
"807744";"2019-560";"US Open";"Hard";"128";"Grand Slams";138;33;"Grigor Dimitrov";"R";188;"BUL";28,2;123;"Andreas Seppi";"R";190;"ITA";35,5;"6-1 6-7(2) 6-4 6-3";5;"R128";162;13;3;115;67;49;29;20;4;7;6;3;129;81;45;30;19;14;21;78;722;77;735;6;6;6;6;NA;1;7;4;3;NA;2019-08-26;2019;"2019-560:138";1092;1;1,71459778113775;1,7332134593051;33;"Grigor Dimitrov";123;"Andreas Seppi";1,71459778113775;1,7332134593051;-0,0186156781673477;28,2;35,5;-7,3;188;190;-2;0,571428571428571;0,666666666666667;0,571428571428571;0,666666666666667;-0,0952380952380952;21;7;14;4;7;3;7;3;4;0;0;1
"807745";"2019-560";"US Open";"Hard";"128";"Grand Slams";139;25;"Pablo Cuevas";"R";180;"URU";33,6;128;"Jack Sock";"R";185;"USA";26,9;"6-4 7-5 7-6(5)";5;"R128";138;13;3;102;65;54;20;17;1;2;10;2;98;67;51;15;18;2;5;53;1013;178;280;6;7;7;NA;NA;4;5;6;NA;NA;2019-08-26;2019;"2019-560:139";1093;1;2,2720795454368;0,524266569033602;25;"Pablo Cuevas";128;"Jack Sock";2,2720795454368;0,524266569033602;1,7478129764032;33,6;26,9;6,7;180;185;-5;0,5;0,4;0,5;0,4;0,1;5;2;2;1;3;1;3;1;2;0;0;1
"807748";"2019-560";"US Open";"Hard";"128";"Grand Slams";142;30;"Alex De Minaur";"R";183;"AUS";20,5;60;"Pierre Hugues Herbert";"R";188;"FRA";28,4;"6-4 6-2 6-7(6) 7-5";5;"R128";185;11;9;143;82;64;25;22;4;8;7;5;132;72;45;29;21;5;13;38;1270;48;1038;6;6;6;7;NA;4;2;7;5;NA;2019-08-26;2019;"2019-560:142";1094;1;2,75207248655641;2,41503749927884;30;"Alex De Minaur";60;"Pierre Hugues Herbert";2,75207248655641;2,41503749927884;0,337034987277571;20,5;28,4;-7,9;183;188;-5;0,5;0,384615384615385;0,5;0,384615384615385;0,115384615384615;13;8;5;4;8;4;8;4;4;0;0;1
"807751";"2019-560";"US Open";"Hard";"128";"Grand Slams";145;119;"Andrey Rublev";"R";188;"RUS";21,8;140;"Stefanos Tsitsipas";"R";193;"GRE";21;"6-4 6-7(5) 7-6(7) 7-5";5;"R128";234;14;6;157;92;68;34;24;10;13;20;7;186;102;70;42;24;15;20;43;1066;8;3455;6;6;7;7;NA;4;7;6;5;NA;2019-08-26;2019;"2019-560:145";1095;1;2,5737352452979;5;119;"Andrey Rublev";140;"Stefanos Tsitsipas";2,5737352452979;5;-2,4262647547021;21,8;21;0,800000000000001;188;193;-5;0,769230769230769;0,75;0,769230769230769;0,75;0,0192307692307693;20;13;15;10;5;3;5;3;2;0;0;1
"807754";"2019-560";"US Open";"Hard";"128";"Grand Slams";148;80;"Nick Kyrgios";"R";193;"AUS";24,3;68;"Steve Johnson";"R";188;"USA";29,6;"6-3 7-6(1) 6-4";5;"R128";122;24;8;84;50;44;19;16;3;4;4;4;100;56;37;21;16;3;7;30;1430;86;610;6;7;6;NA;NA;3;6;4;NA;NA;2019-08-26;2019;"2019-560:148";1096;0;3,09310940439148;1,5737352452979;68;"Steve Johnson";80;"Nick Kyrgios";1,5737352452979;3,09310940439148;-1,51937415909358;29,6;24,3;5,3;188;193;-5;0,75;0,428571428571429;0,428571428571429;0,75;-0,321428571428571;7;4;3;3;4;1;1;4;-3;0;0;1
"807755";"2019-560";"US Open";"Hard";"128";"Grand Slams";149;14;"Matteo Berrettini";"R";196;"ITA";23,3;51;"Richard Gasquet";"R";185;"FRA";33,1;"6-4 6-3 2-6 6-2";5;"R128";163;18;8;119;72;55;22;18;9;11;6;6;108;67;50;17;17;4;8;25;1535;36;1280;6;6;2;6;NA;4;3;6;2;NA;2019-08-26;2019;"2019-560:149";1097;1;3,35614381022528;2,83007499855769;14;"Matteo Berrettini";51;"Richard Gasquet";3,35614381022528;2,83007499855769;0,526068811667588;23,3;33,1;-9,8;196;185;11;0,818181818181818;0,5;0,818181818181818;0,5;0,318181818181818;8;11;4;9;4;2;4;2;2;0;0;1
"807756";"2019-560";"US Open";"Hard";"128";"Grand Slams";150;135;"Jordan Thompson";"R";183;"AUS";25,3;130;"Joao Sousa";"R";185;"POR";30,4;"6-3 6-2 6-4";5;"R128";125;3;3;78;57;45;13;14;1;1;5;0;108;74;48;14;13;10;14;55;976;44;1061;6;6;6;NA;NA;3;2;4;NA;NA;2019-08-26;2019;"2019-560:150";1098;0;2,21864028647534;2,5405683813627;130;"Joao Sousa";135;"Jordan Thompson";2,5405683813627;2,21864028647534;0,321928094887363;30,4;25,3;5,1;185;183;2;1;0,714285714285714;0,714285714285714;1;-0,285714285714286;14;1;10;1;4;0;0;4;-4;0;0;1
"807757";"2019-560";"US Open";"Hard";"128";"Grand Slams";151;111;"Alexei Popyrin";"R";196;"AUS";20;32;"Federico Delbonis";"L";190;"ARG";28,8;"6-1 7-5 7-6(5)";5;"R128";124;9;7;104;65;52;17;16;4;6;6;4;96;58;38;17;16;4;10;105;521;67;869;6;7;7;NA;NA;1;5;6;NA;NA;2019-08-26;2019;"2019-560:151";1099;0;1,28575448233388;1,93391080954223;32;"Federico Delbonis";111;"Alexei Popyrin";1,93391080954223;1,28575448233388;0,64815632720835;28,8;20;8,8;190;196;-6;0,666666666666667;0,4;0,4;0,666666666666667;-0,266666666666667;10;6;4;4;6;2;2;6;-4;0;0;1
"807758";"2019-560";"US Open";"Hard";"128";"Grand Slams";152;78;"Mikhail Kukushkin";"R";183;"KAZ";31,6;9;"Roberto Bautista Agut";"R";183;"ESP";31,3;"3-6 6-1 6-4 3-6 6-3";5;"R128";199;6;2;152;97;62;27;22;5;10;10;4;119;65;42;31;22;3;10;47;1041;10;2575;3;6;6;3;6;6;1;4;6;3;2019-08-26;2019;"2019-560:152";1100;0;2,44541114832236;4,67807190511264;9;"Roberto Bautista Agut";78;"Mikhail Kukushkin";4,67807190511264;2,44541114832236;2,23266075679028;31,3;31,6;-0,300000000000001;183;183;0;0,5;0,3;0,3;0,5;-0,2;10;10;3;5;7;5;5;7;-2;0;0;1
"807759";"2019-560";"US Open";"Hard";"128";"Grand Slams";153;96;"Gael Monfils";"R";193;"FRA";32,9;115;"Albert Ramos";"L";188;"ESP";31,6;"7-6(2) 6-4 6-3";5;"R128";133;8;0;97;55;41;22;16;4;6;1;7;102;56;37;21;16;10;15;13;2140;51;1019;7;6;6;NA;NA;6;4;3;NA;NA;2019-08-26;2019;"2019-560:153";1101;1;4,29956028185891;2,3275746580285;96;"Gael Monfils";115;"Albert Ramos";4,29956028185891;2,3275746580285;1,9719856238304;32,9;31,6;1,3;193;188;5;0,666666666666667;0,666666666666667;0,666666666666667;0,666666666666667;0;15;6;10;4;5;2;5;2;3;0;0;1
"807761";"2019-560";"US Open";"Hard";"128";"Grand Slams";155;81;"Henri Laaksonen";"R";185;"SUI";27,4;19;"Marco Cecchinato";"R";185;"ITA";26,9;"7-6(3) 7-6(6) 2-6 3-6 7-6(2)";5;"R128";232;20;7;200;114;81;46;28;7;12;13;6;183;114;85;36;28;9;11;119;462;66;880;7;7;2;3;7;6;6;6;6;6;2019-08-26;2019;"2019-560:155";1102;0;1,10518223669206;1,95560588064155;19;"Marco Cecchinato";81;"Henri Laaksonen";1,95560588064155;1,10518223669206;0,85042364394949;26,9;27,4;-0,5;185;185;0;0,583333333333333;0,818181818181818;0,818181818181818;0,583333333333333;0,234848484848485;11;12;9;7;2;5;5;2;3;0;0;1
"807762";"2019-560";"US Open";"Hard";"128";"Grand Slams";156;124;"Denis Shapovalov";"L";185;"CAN";20,3;6;"Felix Auger Aliassime";"R";193;"CAN";19;"6-1 6-1 6-4";5;"R128";98;3;8;73;40;34;18;12;5;5;0;6;73;47;31;7;12;4;10;33;1310;19;1750;6;6;6;NA;NA;1;1;4;NA;NA;2019-08-26;2019;"2019-560:156";1103;0;2,95560588064155;3,75207248655641;6;"Felix Auger Aliassime";124;"Denis Shapovalov";3,75207248655641;2,95560588064155;0,796466605914868;19;20,3;-1,3;193;185;8;1;0,4;0,4;1;-0,6;10;5;4;5;6;0;0;6;-6;0;0;1
"807763";"2019-560";"US Open";"Hard";"128";"Grand Slams";157;5;"Pablo Andujar";"R";180;"ESP";33,5;40;"Kyle Edmund";"R";188;"GBR";24,6;"3-6 7-6(1) 7-5 5-7 6-2";5;"R128";261;7;9;170;101;72;32;27;11;17;12;6;173;99;63;40;27;9;16;70;850;31;1325;3;7;7;5;6;6;6;5;7;2;2019-08-26;2019;"2019-560:157";1104;1;1,87071698305503;3,04580368961313;5;"Pablo Andujar";40;"Kyle Edmund";1,87071698305503;3,04580368961313;-1,17508670655809;33,5;24,6;8,9;180;188;-8;0,647058823529412;0,5625;0,647058823529412;0,5625;0,0845588235294118;16;17;9;11;7;6;7;6;1;0;0;1
"807764";"2019-560";"US Open";"Hard";"128";"Grand Slams";158;129;"Lorenzo Sonego";"R";191;"ITA";24,2;56;"Marcel Granollers";"R";190;"ESP";33,3;"6-3 6-4 6-4";5;"R128";141;10;3;89;57;44;17;15;3;5;3;2;85;46;27;19;14;5;10;49;1029;91;576;6;6;6;NA;NA;3;4;4;NA;NA;2019-08-26;2019;"2019-560:158";1105;0;2,38529015588479;1,4922053598013;56;"Marcel Granollers";129;"Lorenzo Sonego";1,4922053598013;2,38529015588479;-0,893084796083488;33,3;24,2;9,1;190;191;-1;0,6;0,5;0,5;0,6;-0,1;10;5;5;3;5;2;2;5;-3;0;0;1
"807766";"2019-560";"US Open";"Hard";"128";"Grand Slams";160;43;"Thomas Fabbiano";"R";173;"ITA";30,2;134;"Dominic Thiem";"R";185;"AUT";25,9;"6-4 3-6 6-3 6-2";5;"R128";143;10;5;112;78;59;19;18;9;10;14;3;99;57;43;20;18;4;8;87;610;4;4925;6;3;6;6;NA;4;6;3;2;NA;2019-08-26;2019;"2019-560:160";1106;1;1,55705650415127;6;43;"Thomas Fabbiano";134;"Dominic Thiem";1,55705650415127;6;-4,44294349584873;30,2;25,9;4,3;173;185;-12;0,9;0,5;0,9;0,5;0,4;8;10;4;9;4;1;4;1;3;0;0;1
"807767";"2019-560";"US Open";"Hard";"128";"Grand Slams";161;148;"Alexander Zverev";"R";198;"GER";22,3;1;"Radu Albot";"R";175;"MDA";29,7;"6-1 6-3 3-6 4-6 6-2";5;"R128";190;9;8;119;79;55;19;21;2;7;3;9;155;88;54;26;22;10;19;6;4005;41;1137;6;6;3;4;6;1;3;6;6;2;2019-08-26;2019;"2019-560:161";1107;0;5,41503749927884;2,64244799538192;1;"Radu Albot";148;"Alexander Zverev";2,64244799538192;5,41503749927884;-2,77258950389693;29,7;22,3;7,4;175;198;-23;0,285714285714286;0,526315789473684;0,526315789473684;0,285714285714286;0,240601503759398;19;7;10;2;9;5;5;9;-4;0;0;1
"807771";"2019-560";"US Open";"Hard";"128";"Grand Slams";165;122;"Diego Schwartzman";"R";170;"ARG";27;57;"Robin Haase";"R";190;"NED";32,3;"6-3 7-6(6) 6-0";5;"R128";119;2;2;87;50;38;22;13;4;6;6;4;92;49;33;18;15;10;17;21;1725;143;376;6;7;6;NA;NA;3;6;0;NA;NA;2019-08-26;2019;"2019-560:165";1108;0;3,60768257722124;0,840128663221611;57;"Robin Haase";122;"Diego Schwartzman";0,840128663221611;3,60768257722124;-2,76755391399963;32,3;27;5,3;190;170;20;0,666666666666667;0,588235294117647;0,588235294117647;0,666666666666667;-0,0784313725490196;17;6;10;4;7;2;2;7;-5;0;0;1
"807772";"2019-560";"US Open";"Hard";"128";"Grand Slams";166;52;"Egor Gerasimov";"R";196;"BLR";26,7;58;"Lloyd Harris";"R";193;"RSA";22,4;"7-5 7-6(5) 7-6(3)";5;"R128";160;13;6;123;73;58;28;20;4;5;14;8;131;85;67;16;18;8;10;129;406;100;535;7;7;7;NA;NA;5;6;6;NA;NA;2019-08-26;2019;"2019-560:166";1109;1;0,988772744576746;1,35614381022528;52;"Egor Gerasimov";58;"Lloyd Harris";0,988772744576746;1,35614381022528;-0,36737106564853;26,7;22,4;4,3;196;193;3;0,8;0,8;0,8;0,8;0;10;5;8;4;2;1;2;1;1;0;0;1
"807774";"2019-560";"US Open";"Hard";"128";"Grand Slams";168;112;"Vasek Pospisil";"R";193;"CAN";29,1;72;"Karen Khachanov";"R";198;"RUS";23,2;"4-6 7-5 7-5 4-6 6-3";5;"R128";231;15;7;185;104;80;39;27;9;12;7;10;135;71;56;42;26;2;6;216;214;9;2890;4;7;7;4;6;6;5;5;6;3;2019-08-26;2019;"2019-560:168";1110;0;0,245112497836532;4,83007499855769;72;"Karen Khachanov";112;"Vasek Pospisil";4,83007499855769;0,245112497836532;4,58496250072116;23,2;29,1;-5,9;198;193;5;0,75;0,333333333333333;0,333333333333333;0,75;-0,416666666666667;6;12;2;9;4;3;3;4;-1;0;0;1
"807775";"2019-560";"US Open";"Hard";"128";"Grand Slams";169;64;"John Isner";"R";206;"USA";34,3;49;"Guillermo Garcia Lopez";"R";188;"ESP";36,2;"6-3 6-4 6-4";5;"R128";118;29;1;74;57;50;11;14;1;1;5;2;101;54;34;28;15;10;14;14;2075;165;326;6;6;6;NA;NA;3;4;4;NA;NA;2019-08-26;2019;"2019-560:169";1111;0;4,1926450779424;0,633677785754184;49;"Guillermo Garcia Lopez";64;"John Isner";0,633677785754184;4,1926450779424;-3,55896729218821;36,2;34,3;1,90000000000001;188;206;-18;1;0,714285714285714;0,714285714285714;1;-0,285714285714286;14;1;10;1;4;0;0;4;-4;0;0;1
"807776";"2019-560";"US Open";"Hard";"128";"Grand Slams";170;133;"Jan Lennard Struff";"R";193;"GER";29,3;120;"Casper Ruud";"R";183;"NOR";20,6;"6-4 6-4 6-2";5;"R128";125;20;4;77;36;33;26;14;1;1;4;8;114;66;43;20;14;10;14;37;1280;54;980;6;6;6;NA;NA;4;4;2;NA;NA;2019-08-26;2019;"2019-560:170";1112;0;2,79054663437105;2,24511249783653;120;"Casper Ruud";133;"Jan Lennard Struff";2,24511249783653;2,79054663437105;-0,545434136534518;20,6;29,3;-8,7;183;193;-10;1;0,714285714285714;0,714285714285714;1;-0,285714285714286;14;1;10;1;4;0;0;4;-4;0;0;1
"807780";"2019-560";"US Open";"Hard";"128";"Grand Slams";174;21;"Hyeon Chung";"R";188;"KOR";23,2;41;"Ernesto Escobedo";"R";185;"USA";23,1;"3-6 6-4 6-7(5) 6-4 6-2";5;"R128";217;17;4;155;103;78;26;25;12;15;19;4;156;83;58;42;25;7;13;170;313;206;237;3;6;6;6;6;6;4;7;4;2;2019-08-26;2019;"2019-560:174";1113;1;0,590609063862298;0,313499472816781;21;"Hyeon Chung";41;"Ernesto Escobedo";0,590609063862298;0,313499472816781;0,277109591045517;23,2;23,1;0,0999999999999979;188;185;3;0,8;0,538461538461538;0,8;0,538461538461538;0,261538461538462;13;15;7;12;6;3;6;3;3;0;0;1
"807781";"2019-560";"US Open";"Hard";"128";"Grand Slams";175;75;"Thanasi Kokkinakis";"R";196;"AUS";23,3;66;"Ilya Ivashka";"R";193;"BLR";25,5;"6-3 7-6(8) 6-7(4) 6-2";5;"R128";228;14;8;140;74;66;26;21;8;10;5;4;135;79;57;26;22;3;9;203;239;144;376;6;7;6;6;NA;3;6;7;2;NA;2019-08-26;2019;"2019-560:175";1114;0;0,334664082814824;0,830074998557688;66;"Ilya Ivashka";75;"Thanasi Kokkinakis";0,830074998557688;0,334664082814824;0,495410915742864;25,5;23,3;2,2;193;196;-3;0,8;0,333333333333333;0,333333333333333;0,8;-0,466666666666667;9;10;3;8;6;2;2;6;-4;0;0;1
"807782";"2019-560";"US Open";"Hard";"128";"Grand Slams";176;101;"Rafael Nadal";"L";185;"ESP";33,2;94;"John Millman";"R";183;"AUS";30,1;"6-3 6-2 6-2";5;"R128";128;6;3;77;44;35;19;13;3;3;4;0;87;59;37;10;12;10;15;2;7945;60;936;6;6;6;NA;NA;3;2;2;NA;NA;2019-08-26;2019;"2019-560:176";1115;0;7;2,09310940439148;94;"John Millman";101;"Rafael Nadal";2,09310940439148;7;-4,90689059560852;30,1;33,2;-3,1;183;185;-2;1;0,666666666666667;0,666666666666667;1;-0,333333333333333;15;3;10;3;5;0;0;5;-5;0;0;1
"807784";"2019-560";"US Open";"Hard";"128";"Grand Slams";178;77;"Denis Kudla";"R";180;"USA";27;83;"Dusan Lajovic";"R";180;"SRB";29,1;"7-5 7-5 0-6 6-3";5;"R64";161;10;8;129;68;50;30;20;5;10;8;1;121;87;58;15;19;7;12;111;491;29;1441;7;7;0;6;NA;5;5;6;3;NA;2019-08-26;2019;"2019-560:178";1116;1;1,20558413364989;3,14201900487243;77;"Denis Kudla";83;"Dusan Lajovic";1,20558413364989;3,14201900487243;-1,93643487122253;27;29,1;-2,1;180;180;0;0,5;0,583333333333333;0,5;0,583333333333333;-0,0833333333333334;12;10;7;5;5;5;5;5;0;0;0;1
"807785";"2019-560";"US Open";"Hard";"128";"Grand Slams";179;145;"Stan Wawrinka";"R";183;"SUI";34,4;20;"Jeremy Chardy";"R";188;"FRA";32,5;"6-4 6-3 6-7(3) 6-3";5;"R64";164;19;2;118;62;50;40;22;2;2;9;3;125;76;55;28;19;10;13;24;1535;74;815;6;6;6;6;NA;4;3;7;3;NA;2019-08-26;2019;"2019-560:179";1117;0;3,41503749927884;1,79054663437105;20;"Jeremy Chardy";145;"Stan Wawrinka";1,79054663437105;3,41503749927884;-1,62449086490779;32,5;34,4;-1,9;188;183;5;1;0,769230769230769;0,769230769230769;1;-0,230769230769231;13;2;10;2;3;0;0;3;-3;0;0;1
"807786";"2019-560";"US Open";"Hard";"128";"Grand Slams";180;85;"Paolo Lorenzi";"R";183;"ITA";37,6;71;"Miomir Kecmanovic";"R";183;"SRB";19,9;"7-6(11) 6-7(2) 7-6(2) 3-6 6-3";5;"R64";288;21;14;202;106;83;45;29;4;9;13;8;196;114;82;45;28;7;12;135;396;50;1026;7;6;7;3;6;6;7;6;6;3;2019-08-26;2019;"2019-560:180";1118;0;0,923184402949169;2,35614381022528;71;"Miomir Kecmanovic";85;"Paolo Lorenzi";2,35614381022528;0,923184402949169;1,43295940727611;19,9;37,6;-17,7;183;183;0;0,444444444444444;0,583333333333333;0,583333333333333;0,444444444444444;0,138888888888889;12;9;7;4;5;5;5;5;0;0;0;1
"807787";"2019-560";"US Open";"Hard";"128";"Grand Slams";181;73;"Dominik Koepfer";"L";180;"GER";25,3;107;"Reilly Opelka";"R";211;"USA";21,9;"6-4 6-4 7-6(2)";5;"R64";147;8;6;116;69;52;26;16;7;8;24;1;107;66;50;15;16;3;6;118;474;42;1076;6;6;7;NA;NA;4;4;6;NA;NA;2019-08-26;2019;"2019-560:181";1119;1;1,11735695063816;2,60768257722124;73;"Dominik Koepfer";107;"Reilly Opelka";1,11735695063816;2,60768257722124;-1,49032562658308;25,3;21,9;3,4;180;211;-31;0,875;0,5;0,875;0,5;0,375;6;8;3;7;3;1;3;1;2;0;0;1
"807789";"2019-560";"US Open";"Hard";"128";"Grand Slams";183;84;"Feliciano Lopez";"L";188;"ESP";37,9;104;"Yoshihito Nishioka";"L";170;"JPN";23,9;"6-7(7) 6-0 6-4 6-4";5;"R64";185;28;9;107;50;43;36;20;3;4;6;6;166;107;61;30;19;23;29;61;923;59;946;6;6;6;6;NA;7;0;4;4;NA;2019-08-26;2019;"2019-560:183";1120;1;2,06926266243711;2,11735695063816;84;"Feliciano Lopez";104;"Yoshihito Nishioka";2,06926266243711;2,11735695063816;-0,0480942882010451;37,9;23,9;14;188;170;18;0,75;0,793103448275862;0,75;0,793103448275862;-0,0431034482758621;29;4;23;3;6;1;6;1;5;0;0;1
"807792";"2019-560";"US Open";"Hard";"128";"Grand Slams";186;42;"Daniel Evans";"R";175;"GBR";29,2;113;"Lucas Pouille";"R";185;"FRA";25,5;"6-4 6-3 6-7(4) 6-4";5;"R64";190;5;3;128;80;56;26;20;5;9;13;8;150;72;48;35;22;12;20;58;955;27;1475;6;6;6;6;NA;4;3;7;4;NA;2019-08-26;2019;"2019-560:186";1121;1;2,14201900487243;3,24511249783653;42;"Daniel Evans";113;"Lucas Pouille";2,14201900487243;3,24511249783653;-1,1030934929641;29,2;25,5;3,7;175;185;-10;0,555555555555556;0,6;0,555555555555556;0,6;-0,0444444444444444;20;9;12;5;8;4;8;4;4;0;0;1
"807793";"2019-560";"US Open";"Hard";"128";"Grand Slams";187;18;"Pablo Carreno Busta";"R";188;"ESP";28,1;12;"Ricardas Berankis";"R";175;"LTU";29,1;"6-4 6-7(3) 6-2 6-0";5;"R64";162;5;7;127;83;60;22;18;11;13;5;8;121;65;43;21;19;4;12;69;852;68;857;6;6;6;6;NA;4;7;2;0;NA;2019-08-26;2019;"2019-560:187";1122;0;1,89147554322183;1,91253715874966;12;"Ricardas Berankis";18;"Pablo Carreno Busta";1,91253715874966;1,89147554322183;0,02106161552783;29,1;28,1;1;175;188;-13;0,846153846153846;0,333333333333333;0,333333333333333;0,846153846153846;-0,512820512820513;12;13;4;11;8;2;2;8;-6;0;0;1
"807797";"2019-560";"US Open";"Hard";"128";"Grand Slams";191;30;"Alex De Minaur";"R";183;"AUS";20,5;50;"Cristian Garin";"R";185;"CHI";23,2;"6-3 7-5 6-3";5;"R64";141;6;3;99;58;46;23;15;5;6;5;8;107;56;36;24;15;9;14;38;1270;32;1321;6;7;6;NA;NA;3;5;3;NA;NA;2019-08-26;2019;"2019-560:191";1123;1;2,75207248655641;3;30;"Alex De Minaur";50;"Cristian Garin";2,75207248655641;3;-0,247927513443585;20,5;23,2;-2,7;183;185;-2;0,833333333333333;0,642857142857143;0,833333333333333;0,642857142857143;0,19047619047619;14;6;9;5;5;1;5;1;4;0;0;1
"807801";"2019-560";"US Open";"Hard";"128";"Grand Slams";195;14;"Matteo Berrettini";"R";196;"ITA";23,3;135;"Jordan Thompson";"R";183;"AUS";25,3;"7-5 7-6(5) 4-6 6-1";5;"R64";177;13;5;117;66;57;29;21;2;5;4;2;131;84;61;21;21;5;10;25;1535;55;976;7;7;4;6;NA;5;6;6;1;NA;2019-08-26;2019;"2019-560:195";1124;1;3,35614381022528;2,21864028647534;14;"Matteo Berrettini";135;"Jordan Thompson";3,35614381022528;2,21864028647534;1,13750352374994;23,3;25,3;-2;196;183;13;0,4;0,5;0,4;0,5;-0,1;10;5;5;2;5;3;5;3;2;0;0;1
"807802";"2019-560";"US Open";"Hard";"128";"Grand Slams";196;111;"Alexei Popyrin";"R";196;"AUS";20;78;"Mikhail Kukushkin";"R";183;"KAZ";31,6;"2-6 7-5 6-3 6-2";5;"R64";155;15;6;127;71;48;29;19;11;16;3;2;103;65;36;21;18;3;10;105;521;47;1041;2;7;6;6;NA;6;5;3;2;NA;2019-08-26;2019;"2019-560:196";1125;0;1,28575448233388;2,44541114832236;78;"Mikhail Kukushkin";111;"Alexei Popyrin";2,44541114832236;1,28575448233388;1,15965666598848;31,6;20;11,6;183;196;-13;0,6875;0,3;0,3;0,6875;-0,3875;10;16;3;11;7;5;5;7;-2;0;0;1
"807804";"2019-560";"US Open";"Hard";"128";"Grand Slams";198;124;"Denis Shapovalov";"L";185;"CAN";20,3;81;"Henri Laaksonen";"R";185;"SUI";27,4;"6-4 7-6(2) 6-2";5;"R64";111;14;6;86;45;38;28;16;0;0;1;11;100;57;40;22;15;6;9;33;1310;119;462;6;7;6;NA;NA;4;6;2;NA;NA;2019-08-26;2019;"2019-560:198";1126;0;2,95560588064155;1,10518223669206;81;"Henri Laaksonen";124;"Denis Shapovalov";1,10518223669206;2,95560588064155;-1,85042364394949;27,4;20,3;7,1;185;185;0;1,5;0,666666666666667;0,666666666666667;1,5;-0,833333333333333;9;0;6;0;3;0;0;3;-3;0;0;1
"807805";"2019-560";"US Open";"Hard";"128";"Grand Slams";199;5;"Pablo Andujar";"R";180;"ESP";33,5;129;"Lorenzo Sonego";"R";191;"ITA";24,2;"6-2 6-4 6-2";5;"R64";115;1;3;69;41;31;22;13;1;1;8;5;81;54;34;8;13;4;9;70;850;49;1029;6;6;6;NA;NA;2;4;2;NA;NA;2019-08-26;2019;"2019-560:199";1127;1;1,87071698305503;2,38529015588479;5;"Pablo Andujar";129;"Lorenzo Sonego";1,87071698305503;2,38529015588479;-0,514573172829758;33,5;24,2;9,3;180;191;-11;1;0,444444444444444;1;0,444444444444444;0,555555555555556;9;1;4;1;5;0;5;0;5;0;0;1
"807806";"2019-560";"US Open";"Hard";"128";"Grand Slams";200;16;"Alexander Bublik";"R";196;"KAZ";22,1;43;"Thomas Fabbiano";"R";173;"ITA";30,2;"6-7(3) 5-7 6-4 6-3 6-3";5;"R64";220;48;26;196;95;78;44;27;10;12;3;8;161;105;70;35;26;8;13;75;808;87;610;6;5;6;6;6;7;7;4;3;3;2019-08-26;2019;"2019-560:200";1128;1;1,77118130950412;1,55705650415127;16;"Alexander Bublik";43;"Thomas Fabbiano";1,77118130950412;1,55705650415127;0,214124805352848;22,1;30,2;-8,1;196;173;23;0,833333333333333;0,615384615384615;0,833333333333333;0,615384615384615;0,217948717948718;13;12;8;10;5;2;5;2;3;0;0;1
"807807";"2019-560";"US Open";"Hard";"128";"Grand Slams";201;148;"Alexander Zverev";"R";198;"GER";22,3;136;"Frances Tiafoe";"R";188;"USA";21,5;"6-3 3-6 6-2 2-6 6-3";5;"R64";189;22;11;153;96;72;26;22;8;11;6;2;127;89;63;20;21;8;12;6;4005;45;1060;6;3;6;2;6;3;6;2;6;3;2019-08-26;2019;"2019-560:201";1129;0;5,41503749927884;2,50814690367033;136;"Frances Tiafoe";148;"Alexander Zverev";2,50814690367033;5,41503749927884;-2,90689059560852;21,5;22,3;-0,800000000000001;188;198;-10;0,727272727272727;0,666666666666667;0,666666666666667;0,727272727272727;-0,0606060606060607;12;11;8;8;4;3;3;4;-1;0;0;1
"807808";"2019-560";"US Open";"Hard";"128";"Grand Slams";202;10;"Aljaz Bedene";"R";181;"SLO";30,1;108;"Benoit Paire";"R";196;"FRA";30,2;"4-6 6-7(3) 6-2 7-5 7-6(4)";5;"R64";243;15;13;202;119;84;44;28;12;16;16;21;183;101;78;34;28;8;14;80;685;26;1508;4;6;6;7;7;6;7;2;5;6;2019-08-26;2019;"2019-560:202";1130;1;1,67807190511264;3,29956028185891;10;"Aljaz Bedene";108;"Benoit Paire";1,67807190511264;3,29956028185891;-1,62148837674627;30,1;30,2;-0,0999999999999979;181;196;-15;0,75;0,571428571428571;0,75;0,571428571428571;0,178571428571429;14;16;8;12;6;4;6;4;2;0;0;1
"807809";"2019-560";"US Open";"Hard";"128";"Grand Slams";203;122;"Diego Schwartzman";"R";170;"ARG";27;52;"Egor Gerasimov";"R";196;"BLR";26,7;"6-4 6-2 6-0";5;"R64";98;1;4;69;41;33;12;12;2;4;5;7;86;55;31;8;12;9;17;21;1725;129;406;6;6;6;NA;NA;4;2;0;NA;NA;2019-08-26;2019;"2019-560:203";1131;0;3,60768257722124;0,988772744576746;52;"Egor Gerasimov";122;"Diego Schwartzman";0,988772744576746;3,60768257722124;-2,61890983264449;26,7;27;-0,300000000000001;196;170;26;0,5;0,529411764705882;0,529411764705882;0,5;0,0294117647058824;17;4;9;2;8;2;2;8;-6;0;0;1
"807810";"2019-560";"US Open";"Hard";"128";"Grand Slams";204;121;"Tennys Sandgren";"R";188;"USA";28;112;"Vasek Pospisil";"R";193;"CAN";29,1;"6-3 6-7(4) 6-3 6-4";5;"R64";169;6;5;129;69;54;36;22;3;4;9;2;109;60;49;26;19;0;4;72;826;216;214;6;6;6;6;NA;3;7;3;4;NA;2019-08-26;2019;"2019-560:204";1132;0;1,83007499855769;0,245112497836532;112;"Vasek Pospisil";121;"Tennys Sandgren";0,245112497836532;1,83007499855769;-1,58496250072116;29,1;28;1,1;193;188;5;0,75;0;0;0,75;-0,75;4;4;0;3;4;1;1;4;-3;0;0;1
"807811";"2019-560";"US Open";"Hard";"128";"Grand Slams";205;64;"John Isner";"R";206;"USA";34,3;133;"Jan Lennard Struff";"R";193;"GER";29,3;"6-3 7-6(4) 7-6(5)";5;"R64";135;22;1;102;72;60;15;19;2;3;18;6;102;46;36;32;16;4;6;14;2075;37;1280;6;7;7;NA;NA;3;6;6;NA;NA;2019-08-26;2019;"2019-560:205";1133;1;4,1926450779424;2,79054663437105;64;"John Isner";133;"Jan Lennard Struff";4,1926450779424;2,79054663437105;1,40209844357135;34,3;29,3;5;206;193;13;0,666666666666667;0,666666666666667;0,666666666666667;0,666666666666667;0;6;3;4;2;2;1;2;1;1;0;0;1
"807815";"2019-560";"US Open";"Hard";"128";"Grand Slams";209;35;"Novak Djokovic";"R";188;"SRB";32,2;77;"Denis Kudla";"R";180;"USA";27;"6-3 6-4 6-2";5;"R32";123;6;8;93;58;47;21;14;7;7;6;3;90;47;33;20;13;5;9;1;11685;111;491;6;6;6;NA;NA;3;4;2;NA;NA;2019-08-26;2019;"2019-560:209";1134;1;8;1,20558413364989;35;"Novak Djokovic";77;"Denis Kudla";8;1,20558413364989;6,79441586635011;32,2;27;5,2;188;180;8;1;0,555555555555556;1;0,555555555555556;0,444444444444444;9;7;5;7;4;0;4;0;4;0;0;1
"807816";"2019-560";"US Open";"Hard";"128";"Grand Slams";210;145;"Stan Wawrinka";"R";183;"SUI";34,4;85;"Paolo Lorenzi";"R";183;"ITA";37,6;"6-4 7-6(9) 7-6(4)";5;"R32";178;24;3;126;67;54;32;19;11;13;5;3;121;75;56;20;17;6;9;24;1535;135;396;6;7;7;NA;NA;4;6;6;NA;NA;2019-08-26;2019;"2019-560:210";1135;0;3,41503749927884;0,923184402949169;85;"Paolo Lorenzi";145;"Stan Wawrinka";0,923184402949169;3,41503749927884;-2,49185309632967;37,6;34,4;3,2;183;183;0;0,846153846153846;0,666666666666667;0,666666666666667;0,846153846153846;-0,17948717948718;9;13;6;11;3;2;2;3;-1;0;0;1
"807817";"2019-560";"US Open";"Hard";"128";"Grand Slams";211;73;"Dominik Koepfer";"L";180;"GER";25,3;8;"Nikoloz Basilashvili";"R";185;"GEO";27,5;"6-3 7-6(5) 4-6 6-1";5;"R32";160;13;1;125;82;56;21;20;3;7;6;14;121;61;40;29;19;8;14;118;474;18;1985;6;7;4;6;NA;3;6;6;1;NA;2019-08-26;2019;"2019-560:211";1136;0;1,11735695063816;3,83007499855769;8;"Nikoloz Basilashvili";73;"Dominik Koepfer";3,83007499855769;1,11735695063816;2,71271804791953;27,5;25,3;2,2;185;180;5;0,428571428571429;0,571428571428571;0,571428571428571;0,428571428571429;0,142857142857143;14;7;8;3;6;4;4;6;-2;0;0;1
"807818";"2019-560";"US Open";"Hard";"128";"Grand Slams";212;92;"Daniil Medvedev";"R";198;"RUS";23,5;84;"Feliciano Lopez";"L";188;"ESP";37,9;"7-6(1) 4-6 7-6(7) 6-4";5;"R32";199;27;8;129;80;67;31;23;3;5;14;7;165;85;64;40;23;5;7;5;4125;61;923;7;4;7;6;NA;6;6;6;4;NA;2019-08-26;2019;"2019-560:212";1137;0;5,67807190511264;2,06926266243711;84;"Feliciano Lopez";92;"Daniil Medvedev";2,06926266243711;5,67807190511264;-3,60880924267552;37,9;23,5;14,4;188;198;-10;0,6;0,714285714285714;0,714285714285714;0,6;0,114285714285714;7;5;5;3;2;2;2;2;0;0;0;1
"807819";"2019-560";"US Open";"Hard";"128";"Grand Slams";213;44;"Roger Federer";"R";185;"SUI";38;42;"Daniel Evans";"R";175;"GBR";29,2;"6-2 6-2 6-1";5;"R32";80;10;1;61;40;32;15;12;1;2;0;4;67;34;14;13;11;7;14;3;6950;58;955;6;6;6;NA;NA;2;2;1;NA;NA;2019-08-26;2019;"2019-560:213";1138;0;6,41503749927884;2,14201900487243;42;"Daniel Evans";44;"Roger Federer";2,14201900487243;6,41503749927884;-4,27301849440642;29,2;38;-8,8;175;185;-10;0,5;0,5;0,5;0,5;0;14;2;7;1;7;1;1;7;-6;0;0;1
"807820";"2019-560";"US Open";"Hard";"128";"Grand Slams";214;54;"David Goffin";"R";180;"BEL";28,7;18;"Pablo Carreno Busta";"R";188;"ESP";28,1;"7-6(5) 7-6(9) 7-5";5;"R32";193;17;2;130;75;58;34;19;8;9;9;3;131;84;64;23;19;8;10;15;2055;69;852;7;7;7;NA;NA;6;6;5;NA;NA;2019-08-26;2019;"2019-560:214";1139;0;4,09310940439148;1,89147554322183;18;"Pablo Carreno Busta";54;"David Goffin";1,89147554322183;4,09310940439148;-2,20163386116965;28,1;28,7;-0,599999999999998;188;180;8;0,888888888888889;0,8;0,8;0,888888888888889;-0,0888888888888888;10;9;8;8;2;1;1;2;-1;0;0;1
"807822";"2019-560";"US Open";"Hard";"128";"Grand Slams";216;30;"Alex De Minaur";"R";183;"AUS";20,5;103;"Kei Nishikori";"R";178;"JPN";29,6;"6-2 6-4 2-6 6-3";5;"R32";170;5;7;107;59;42;22;17;4;9;3;7;127;71;38;28;18;8;16;38;1270;7;4005;6;6;2;6;NA;2;4;6;3;NA;2019-08-26;2019;"2019-560:216";1140;1;2,75207248655641;5,1926450779424;30;"Alex De Minaur";103;"Kei Nishikori";2,75207248655641;5,1926450779424;-2,44057259138598;20,5;29,6;-9,1;183;178;5;0,444444444444444;0,5;0,444444444444444;0,5;-0,0555555555555556;16;9;8;4;8;5;8;5;3;0;0;1
"807823";"2019-560";"US Open";"Hard";"128";"Grand Slams";217;119;"Andrey Rublev";"R";188;"RUS";21,8;80;"Nick Kyrgios";"R";193;"AUS";24,3;"7-6(5) 7-6(5) 6-3";5;"R32";111;12;1;99;56;47;32;18;2;2;30;4;105;68;59;15;17;3;4;43;1066;30;1430;7;7;6;NA;NA;6;6;3;NA;NA;2019-08-26;2019;"2019-560:217";1141;0;2,5737352452979;3,09310940439148;80;"Nick Kyrgios";119;"Andrey Rublev";3,09310940439148;2,5737352452979;0,519374159093579;24,3;21,8;2,5;193;188;5;1;0,75;0,75;1;-0,25;4;2;3;2;1;0;0;1;-1;0;0;1
"807824";"2019-560";"US Open";"Hard";"128";"Grand Slams";218;14;"Matteo Berrettini";"R";196;"ITA";23,3;111;"Alexei Popyrin";"R";196;"AUS";20;"6-4 6-4 6-7(3) 7-6(2)";5;"R32";215;13;4;151;81;64;40;24;9;10;2;8;170;105;74;32;22;12;15;25;1535;105;521;6;6;6;7;NA;4;4;7;6;NA;2019-08-26;2019;"2019-560:218";1142;1;3,35614381022528;1,28575448233388;14;"Matteo Berrettini";111;"Alexei Popyrin";3,35614381022528;1,28575448233388;2,0703893278914;23,3;20;3,3;196;196;0;0,9;0,8;0,9;0,8;0,1;15;10;12;9;3;1;3;1;2;0;0;1
"807825";"2019-560";"US Open";"Hard";"128";"Grand Slams";219;96;"Gael Monfils";"R";193;"FRA";32,9;124;"Denis Shapovalov";"L";185;"CAN";20,3;"6-7(5) 7-6(4) 6-4 6-7(6) 6-3";5;"R32";214;12;5;177;124;92;26;29;6;11;6;11;180;114;80;33;29;14;21;13;2140;33;1310;6;7;6;6;6;7;6;4;7;3;2019-08-26;2019;"2019-560:219";1143;1;4,29956028185891;2,95560588064155;96;"Gael Monfils";124;"Denis Shapovalov";4,29956028185891;2,95560588064155;1,34395440121736;32,9;20,3;12,6;193;185;8;0,545454545454545;0,666666666666667;0,545454545454545;0,666666666666667;-0,121212121212121;21;11;14;6;7;5;7;5;2;0;0;1
"807826";"2019-560";"US Open";"Hard";"128";"Grand Slams";220;5;"Pablo Andujar";"R";180;"ESP";33,5;16;"Alexander Bublik";"R";196;"KAZ";22,1;"6-4 6-3 6-2";5;"R32";119;3;3;90;57;42;18;14;1;2;7;6;93;47;31;18;13;5;10;70;850;75;808;6;6;6;NA;NA;4;3;2;NA;NA;2019-08-26;2019;"2019-560:220";1144;1;1,87071698305503;1,77118130950412;5;"Pablo Andujar";16;"Alexander Bublik";1,87071698305503;1,77118130950412;0,0995356735509141;33,5;22,1;11,4;180;196;-16;0,5;0,5;0,5;0,5;0;10;2;5;1;5;1;5;1;4;0;0;1
"807827";"2019-560";"US Open";"Hard";"128";"Grand Slams";221;148;"Alexander Zverev";"R";198;"GER";22,3;10;"Aljaz Bedene";"R";181;"SLO";30,1;"6-7(4) 7-6(4) 6-3 7-6(3)";5;"R32";216;25;7;147;105;84;21;25;4;6;16;3;156;92;65;34;23;5;8;6;4005;80;685;6;7;6;7;NA;7;6;3;6;NA;2019-08-26;2019;"2019-560:221";1145;0;5,41503749927884;1,67807190511264;10;"Aljaz Bedene";148;"Alexander Zverev";1,67807190511264;5,41503749927884;-3,73696559416621;30,1;22,3;7,8;181;198;-17;0,666666666666667;0,625;0,625;0,666666666666667;-0,0416666666666666;8;6;5;4;3;2;2;3;-1;0;0;1
"807828";"2019-560";"US Open";"Hard";"128";"Grand Slams";222;122;"Diego Schwartzman";"R";170;"ARG";27;121;"Tennys Sandgren";"R";188;"USA";28;"6-4 6-1 6-3";5;"R32";115;2;3;80;51;39;17;13;4;4;8;2;88;55;38;9;13;5;10;21;1725;72;826;6;6;6;NA;NA;4;1;3;NA;NA;2019-08-26;2019;"2019-560:222";1146;0;3,60768257722124;1,83007499855769;121;"Tennys Sandgren";122;"Diego Schwartzman";1,83007499855769;3,60768257722124;-1,77760757866355;28;27;1;188;170;18;1;0,5;0,5;1;-0,5;10;4;5;4;5;0;0;5;-5;0;0;1
"807829";"2019-560";"US Open";"Hard";"128";"Grand Slams";223;22;"Marin Cilic";"R";198;"CRO";30,9;64;"John Isner";"R";206;"USA";34,3;"7-5 3-6 7-6(6) 6-4";5;"R32";199;21;17;156;81;65;39;21;13;14;40;4;133;95;74;20;23;2;4;23;1590;14;2075;7;3;7;6;NA;5;6;6;4;NA;2019-08-26;2019;"2019-560:223";1147;1;3,47643804394299;4,1926450779424;22;"Marin Cilic";64;"John Isner";3,47643804394299;4,1926450779424;-0,716207033999409;30,9;34,3;-3,4;198;206;-8;0,928571428571429;0,5;0,928571428571429;0,5;0,428571428571429;4;14;2;13;2;1;2;1;1;0;0;1
"807830";"2019-560";"US Open";"Hard";"128";"Grand Slams";224;101;"Rafael Nadal";"L";185;"ESP";33,2;21;"Hyeon Chung";"R";188;"KOR";23,2;"6-3 6-4 6-2";5;"R32";119;4;1;71;36;32;24;14;0;0;5;2;80;54;31;17;13;4;8;2;7945;170;313;6;6;6;NA;NA;3;4;2;NA;NA;2019-08-26;2019;"2019-560:224";1148;0;7;0,590609063862298;21;"Hyeon Chung";101;"Rafael Nadal";0,590609063862298;7;-6,4093909361377;23,2;33,2;-10;188;185;3;1,5;0,5;0,5;1,5;-1;8;0;4;0;4;0;0;4;-4;0;0;1
"807832";"2019-560";"US Open";"Hard";"128";"Grand Slams";226;92;"Daniil Medvedev";"R";198;"RUS";23,5;73;"Dominik Koepfer";"L";180;"GER";25,3;"3-6 6-3 6-2 7-6(2)";5;"R16";152;15;5;117;65;49;29;19;10;14;2;5;116;68;45;24;20;4;10;5;4125;118;474;3;6;6;7;NA;6;3;2;6;NA;2019-08-26;2019;"2019-560:226";1149;0;5,67807190511264;1,11735695063816;73;"Dominik Koepfer";92;"Daniil Medvedev";1,11735695063816;5,67807190511264;-4,56071495447448;25,3;23,5;1,8;180;198;-18;0,714285714285714;0,4;0,4;0,714285714285714;-0,314285714285714;10;14;4;10;6;4;4;6;-2;0;0;1
"807834";"2019-560";"US Open";"Hard";"128";"Grand Slams";228;33;"Grigor Dimitrov";"R";188;"BUL";28,2;30;"Alex De Minaur";"R";183;"AUS";20,5;"7-5 6-3 6-4";5;"R16";125;5;4;96;57;45;23;16;1;1;3;4;95;60;41;20;15;3;6;78;722;38;1270;7;6;6;NA;NA;5;3;4;NA;NA;2019-08-26;2019;"2019-560:228";1150;0;1,71459778113775;2,75207248655641;30;"Alex De Minaur";33;"Grigor Dimitrov";2,75207248655641;1,71459778113775;1,03747470541866;20,5;28,2;-7,7;183;188;-5;1;0,5;0,5;1;-0,5;6;1;3;1;3;0;0;3;-3;0;0;1
"807835";"2019-560";"US Open";"Hard";"128";"Grand Slams";229;14;"Matteo Berrettini";"R";196;"ITA";23,3;119;"Andrey Rublev";"R";188;"RUS";21,8;"6-1 6-4 7-6(6)";5;"R16";131;7;1;93;58;49;17;16;2;3;8;2;104;58;39;21;14;6;10;25;1535;43;1066;6;6;7;NA;NA;1;4;6;NA;NA;2019-08-26;2019;"2019-560:229";1151;1;3,35614381022528;2,5737352452979;14;"Matteo Berrettini";119;"Andrey Rublev";3,35614381022528;2,5737352452979;0,782408564927374;23,3;21,8;1,5;196;188;8;0,666666666666667;0,6;0,666666666666667;0,6;0,0666666666666667;10;3;6;2;4;1;4;1;3;0;0;1
"807836";"2019-560";"US Open";"Hard";"128";"Grand Slams";230;96;"Gael Monfils";"R";193;"FRA";32,9;5;"Pablo Andujar";"R";180;"ESP";33,5;"6-1 6-2 6-2";5;"R16";86;8;0;65;49;36;13;12;0;0;1;3;65;43;22;9;11;4;10;13;2140;70;850;6;6;6;NA;NA;1;2;2;NA;NA;2019-08-26;2019;"2019-560:230";1152;0;4,29956028185891;1,87071698305503;5;"Pablo Andujar";96;"Gael Monfils";1,87071698305503;4,29956028185891;-2,42884329880387;33,5;32,9;0,600000000000001;180;193;-13;1,5;0,4;0,4;1,5;-1,1;10;0;4;0;6;0;0;6;-6;0;0;1
"807837";"2019-560";"US Open";"Hard";"128";"Grand Slams";231;122;"Diego Schwartzman";"R";170;"ARG";27;148;"Alexander Zverev";"R";198;"GER";22,3;"3-6 6-2 6-4 6-3";5;"R16";188;0;1;129;79;51;26;18;11;16;11;17;128;81;50;15;18;10;18;21;1725;6;4005;3;6;6;6;NA;6;2;4;3;NA;2019-08-26;2019;"2019-560:231";1153;1;3,60768257722124;5,41503749927884;122;"Diego Schwartzman";148;"Alexander Zverev";3,60768257722124;5,41503749927884;-1,8073549220576;27;22,3;4,7;170;198;-28;0,6875;0,555555555555556;0,6875;0,555555555555556;0,131944444444444;18;16;10;11;8;5;8;5;3;0;0;1
"807838";"2019-560";"US Open";"Hard";"128";"Grand Slams";232;101;"Rafael Nadal";"L";185;"ESP";33,2;22;"Marin Cilic";"R";198;"CRO";30,9;"6-3 3-6 6-1 6-2";5;"R16";169;11;6;93;53;44;19;17;1;3;10;5;103;68;40;16;16;5;11;2;7945;23;1590;6;3;6;6;NA;3;6;1;2;NA;2019-08-26;2019;"2019-560:232";1154;0;7;3,47643804394299;22;"Marin Cilic";101;"Rafael Nadal";3,47643804394299;7;-3,52356195605701;30,9;33,2;-2,3;198;185;13;0,333333333333333;0,454545454545455;0,454545454545455;0,333333333333333;0,121212121212121;11;3;5;1;6;2;2;6;-4;0;0;1
"807839";"2019-560";"US Open";"Hard";"128";"Grand Slams";233;92;"Daniil Medvedev";"R";198;"RUS";23,5;145;"Stan Wawrinka";"R";183;"SUI";34,4;"7-6(6) 6-3 3-6 6-1";5;"QF";154;11;12;129;77;56;30;20;6;8;10;4;111;72;56;15;18;4;8;5;4125;24;1535;7;6;3;6;NA;6;3;6;1;NA;2019-08-26;2019;"2019-560:233";1155;1;5,67807190511264;3,41503749927884;92;"Daniil Medvedev";145;"Stan Wawrinka";5,67807190511264;3,41503749927884;2,26303440583379;23,5;34,4;-10,9;198;183;15;0,75;0,5;0,75;0,5;0,25;8;8;4;6;4;2;4;2;2;0;0;1
"807840";"2019-560";"US Open";"Hard";"128";"Grand Slams";234;33;"Grigor Dimitrov";"R";188;"BUL";28,2;44;"Roger Federer";"R";185;"SUI";38;"3-6 6-4 3-6 6-4 6-2";5;"QF";192;6;7;131;91;68;21;23;10;14;6;1;144;88;65;28;23;10;15;78;722;3;6950;3;6;3;6;6;6;4;6;4;2;2019-08-26;2019;"2019-560:234";1156;1;1,71459778113775;6,41503749927884;33;"Grigor Dimitrov";44;"Roger Federer";1,71459778113775;6,41503749927884;-4,70043971814109;28,2;38;-9,8;188;185;3;0,714285714285714;0,666666666666667;0,714285714285714;0,666666666666667;0,0476190476190477;15;14;10;10;5;4;5;4;1;0;0;1
"807841";"2019-560";"US Open";"Hard";"128";"Grand Slams";235;14;"Matteo Berrettini";"R";196;"ITA";23,3;96;"Gael Monfils";"R";193;"FRA";32,9;"3-6 6-3 6-2 3-6 7-6(5)";5;"QF";237;15;6;162;88;61;41;24;10;15;10;17;162;98;70;29;24;11;17;25;1535;13;2140;3;6;6;3;7;6;3;2;6;6;2019-08-26;2019;"2019-560:235";1157;1;3,35614381022528;4,29956028185891;14;"Matteo Berrettini";96;"Gael Monfils";3,35614381022528;4,29956028185891;-0,943416471633632;23,3;32,9;-9,6;196;193;3;0,666666666666667;0,647058823529412;0,666666666666667;0,647058823529412;0,0196078431372548;17;15;11;10;6;5;6;5;1;0;0;1
"807842";"2019-560";"US Open";"Hard";"128";"Grand Slams";236;101;"Rafael Nadal";"L";185;"ESP";33,2;122;"Diego Schwartzman";"R";170;"ARG";27;"6-4 7-5 6-2";5;"QF";167;5;1;91;57;40;17;15;6;10;4;3;93;56;32;17;15;6;14;2;7945;21;1725;6;7;6;NA;NA;4;5;2;NA;NA;2019-08-26;2019;"2019-560:236";1158;1;7;3,60768257722124;101;"Rafael Nadal";122;"Diego Schwartzman";7;3,60768257722124;3,39231742277876;33,2;27;6,2;185;170;15;0,6;0,428571428571429;0,6;0,428571428571429;0,171428571428571;14;10;6;6;8;4;8;4;4;0;0;1
"807843";"2019-560";"US Open";"Hard";"128";"Grand Slams";237;92;"Daniil Medvedev";"R";198;"RUS";23,5;33;"Grigor Dimitrov";"R";188;"BUL";28,2;"7-6(5) 6-4 6-3";5;"SF";158;10;8;117;55;41;30;16;6;9;2;2;97;59;37;18;16;4;9;5;4125;78;722;7;6;6;NA;NA;6;4;3;NA;NA;2019-08-26;2019;"2019-560:237";1159;0;5,67807190511264;1,71459778113775;33;"Grigor Dimitrov";92;"Daniil Medvedev";1,71459778113775;5,67807190511264;-3,96347412397489;28,2;23,5;4,7;188;198;-10;0,666666666666667;0,444444444444444;0,444444444444444;0,666666666666667;-0,222222222222222;9;9;4;6;5;3;3;5;-2;0;0;1
"807844";"2019-560";"US Open";"Hard";"128";"Grand Slams";238;101;"Rafael Nadal";"L";185;"ESP";33,2;14;"Matteo Berrettini";"R";196;"ITA";23,3;"7-6(6) 6-4 6-1";5;"SF";155;4;4;75;41;37;25;14;0;0;9;2;118;79;52;17;16;12;16;2;7945;25;1535;7;6;6;NA;NA;6;4;1;NA;NA;2019-08-26;2019;"2019-560:238";1160;0;7;3,35614381022528;14;"Matteo Berrettini";101;"Rafael Nadal";3,35614381022528;7;-3,64385618977472;23,3;33,2;-9,9;196;185;11;1,5;0,75;0,75;1,5;-0,75;16;0;12;0;4;0;0;4;-4;0;0;1
"807845";"2019-560";"US Open";"Hard";"128";"Grand Slams";239;101;"Rafael Nadal";"L";185;"ESP";33,2;92;"Daniil Medvedev";"R";198;"RUS";23,5;"7-5 6-3 5-7 4-6 6-4";5;"F";290;5;5;159;93;72;34;27;10;15;14;4;182;117;76;35;26;15;21;2;7945;5;4125;7;6;5;4;6;5;3;7;6;4;2019-08-26;2019;"2019-560:239";1161;0;7;5,67807190511264;92;"Daniil Medvedev";101;"Rafael Nadal";5,67807190511264;7;-1,32192809488736;23,5;33,2;-9,7;198;185;13;0,666666666666667;0,714285714285714;0,714285714285714;0,666666666666667;0,0476190476190477;21;15;15;10;6;5;5;6;-1;0;0;1
"817205";"2020-580";"Australian Open";"Hard";"128";"Grand Slams";114;32;"Federico Delbonis";"L";190;"ARG";29,2;130;"Joao Sousa";"R";185;"POR";30,8;"6-3 6-4 7-6(3)";5;"R128";139;11;4;103;68;52;21;16;3;3;4;5;108;60;43;24;15;8;10;76;711;59;891;6;6;7;NA;NA;3;4;6;NA;NA;2020-01-20;2020;"2020-580:114";1162;1;1,75207248655641;2,11735695063816;32;"Federico Delbonis";130;"Joao Sousa";1,75207248655641;2,11735695063816;-0,365284464081744;29,2;30,8;-1,6;190;185;5;1;0,8;1;0,8;0,2;10;3;8;3;2;0;2;0;2;0;0;1
"817208";"2020-580";"Australian Open";"Hard";"128";"Grand Slams";117;80;"Nick Kyrgios";"R";193;"AUS";24,7;129;"Lorenzo Sonego";"R";191;"ITA";24,6;"6-2 7-6(3) 7-6(1)";5;"R128";133;14;1;87;65;59;12;16;0;0;12;3;99;66;50;17;16;4;6;26;1520;53;990;6;7;7;NA;NA;2;6;6;NA;NA;2020-01-20;2020;"2020-580:117";1163;1;3,29956028185891;2,2720795454368;80;"Nick Kyrgios";129;"Lorenzo Sonego";3,29956028185891;2,2720795454368;1,02748073642211;24,7;24,6;0,0999999999999979;193;191;2;1,5;0,666666666666667;1,5;0,666666666666667;0,833333333333333;6;0;4;0;2;0;2;0;2;0;0;1
"817209";"2020-580";"Australian Open";"Hard";"128";"Grand Slams";118;125;"Gilles Simon";"R";183;"FRA";35;25;"Pablo Cuevas";"R";180;"URU";34;"6-1 6-3 6-3";5;"R128";109;9;2;86;47;38;19;13;7;8;1;0;73;49;27;10;12;3;9;61;890;46;1097;6;6;6;NA;NA;1;3;3;NA;NA;2020-01-20;2020;"2020-580:118";1164;0;2,06926266243711;2,47643804394299;25;"Pablo Cuevas";125;"Gilles Simon";2,47643804394299;2,06926266243711;0,407175381505874;34;35;-1;180;183;-3;0,875;0,333333333333333;0,333333333333333;0,875;-0,541666666666667;9;8;3;7;6;1;1;6;-5;0;0;1
"817213";"2020-580";"Australian Open";"Hard";"128";"Grand Slams";122;70;"Ivo Karlovic";"R";208;"CRO";40,8;112;"Vasek Pospisil";"R";193;"CAN";29,5;"7-6(4) 6-4 7-5";5;"R128";121;13;3;94;65;58;18;17;1;1;14;7;99;58;48;23;17;3;5;124;436;138;392;7;6;7;NA;NA;6;4;5;NA;NA;2020-01-20;2020;"2020-580:122";1165;1;1,04580368961313;0,891475543221831;70;"Ivo Karlovic";112;"Vasek Pospisil";1,04580368961313;0,891475543221831;0,154328146391294;40,8;29,5;11,3;208;193;15;1;0,6;1;0,6;0,4;5;1;3;1;2;0;2;0;2;0;0;1
"817214";"2020-580";"Australian Open";"Hard";"128";"Grand Slams";123;10;"Aljaz Bedene";"R";181;"SLO";30,5;38;"James Duckworth";"R";183;"AUS";27,9;"6-4 6-7(5) 6-7(5) 6-2 6-4";5;"R128";236;28;4;157;92;80;40;26;6;6;21;15;191;101;80;41;26;5;9;55;950;94;588;6;6;6;6;6;4;7;7;2;4;2020-01-20;2020;"2020-580:123";1166;1;2,21864028647534;1,44541114832236;10;"Aljaz Bedene";38;"James Duckworth";2,21864028647534;1,44541114832236;0,773229138152978;30,5;27,9;2,6;181;183;-2;1;0,555555555555556;1;0,555555555555556;0,444444444444444;9;6;5;6;4;0;4;0;4;0;0;1
"817217";"2020-580";"Australian Open";"Hard";"128";"Grand Slams";126;4;"Kevin Anderson";"R";203;"RSA";33,6;66;"Ilya Ivashka";"R";193;"BLR";25,9;"6-4 2-6 4-6 6-4 7-6(8)";5;"R128";234;16;3;161;105;78;25;25;8;13;11;6;155;103;76;27;25;4;8;122;445;149;354;6;2;4;6;7;4;6;6;4;6;2020-01-20;2020;"2020-580:126";1167;1;1,06926266243711;0,780831479537839;4;"Kevin Anderson";66;"Ilya Ivashka";1,06926266243711;0,780831479537839;0,288431182899274;33,6;25,9;7,7;203;193;10;0,615384615384615;0,5;0,615384615384615;0,5;0,115384615384615;8;13;4;8;4;5;4;5;-1;0;0;1
"817218";"2020-580";"Australian Open";"Hard";"128";"Grand Slams";127;15;"Alex Bolt";"L";183;"AUS";27;115;"Albert Ramos";"L";188;"ESP";32;"7-6(1) 1-6 6-7(5) 6-1 6-4";5;"R128";204;11;3;133;80;57;30;24;4;9;9;4;165;111;76;25;24;6;13;140;377;42;1130;7;1;6;6;6;6;6;7;1;4;2020-01-20;2020;"2020-580:127";1168;1;0,870716983055034;2,60768257722124;15;"Alex Bolt";115;"Albert Ramos";0,870716983055034;2,60768257722124;-1,73696559416621;27;32;-5;183;188;-5;0,444444444444444;0,461538461538462;0,444444444444444;0,461538461538462;-0,0170940170940171;13;9;6;4;7;5;7;5;2;0;0;1
"817219";"2020-580";"Australian Open";"Hard";"128";"Grand Slams";128;134;"Dominic Thiem";"R";185;"AUT";26,3;87;"Adrian Mannarino";"L";183;"FRA";31,5;"6-3 7-5 6-2";5;"R128";141;7;4;96;57;44;21;15;6;7;5;3;86;49;28;19;14;5;10;5;5890;44;1111;6;7;6;NA;NA;3;5;2;NA;NA;2020-01-20;2020;"2020-580:128";1169;0;5,67807190511264;2,5405683813627;87;"Adrian Mannarino";134;"Dominic Thiem";2,5405683813627;5,67807190511264;-3,13750352374994;31,5;26,3;5,2;183;185;-2;0,857142857142857;0,5;0,5;0,857142857142857;-0,357142857142857;10;7;5;6;5;1;1;5;-4;0;0;1
"817220";"2020-580";"Australian Open";"Hard";"128";"Grand Slams";129;92;"Daniil Medvedev";"R";198;"RUS";23,9;136;"Frances Tiafoe";"R";188;"USA";21,9;"6-3 4-6 6-4 6-2";5;"R128";156;13;12;120;63;45;26;19;6;11;3;2;115;75;45;17;18;5;14;4;5960;50;1050;6;4;6;6;NA;3;6;4;2;NA;2020-01-20;2020;"2020-580:129";1170;1;6;2,35614381022528;92;"Daniil Medvedev";136;"Frances Tiafoe";6;2,35614381022528;3,64385618977472;23,9;21,9;2;198;188;10;0,545454545454545;0,357142857142857;0,545454545454545;0,357142857142857;0,188311688311688;14;11;5;6;9;5;9;5;4;0;0;1
"817221";"2020-580";"Australian Open";"Hard";"128";"Grand Slams";130;88;"Pedro Martinez";"R";185;"ESP";22,7;73;"Dominik Koepfer";"L";180;"GER";25,7;"6-3 6-4 7-5";5;"R128";129;1;3;93;60;44;20;16;6;7;10;1;99;72;50;11;15;6;10;168;300;89;609;6;6;7;NA;NA;3;4;5;NA;NA;2020-01-20;2020;"2020-580:130";1171;0;0,607682577221239;1,5242665690336;73;"Dominik Koepfer";88;"Pedro Martinez";1,5242665690336;0,607682577221239;0,916583991812363;25,7;22,7;3;180;185;-5;0,857142857142857;0,6;0,6;0,857142857142857;-0,257142857142857;10;7;6;6;4;1;1;4;-3;0;0;1
"817224";"2020-580";"Australian Open";"Hard";"128";"Grand Slams";133;64;"John Isner";"R";206;"USA";34,7;97;"Thiago Monteiro";"L";183;"BRA";25,6;"6-7(5) 7-6(4) 7-6(7) 7-6(5)";5;"R128";207;46;4;159;121;99;23;24;3;3;18;4;155;120;102;18;24;2;2;19;1860;86;640;6;7;7;7;NA;7;6;6;6;NA;2020-01-20;2020;"2020-580:133";1172;1;3,75207248655641;1,5737352452979;64;"John Isner";97;"Thiago Monteiro";3,75207248655641;1,5737352452979;2,17833724125851;34,7;25,6;9,1;206;183;23;1;1;1;1;0;2;3;2;3;0;0;0;0;0;0;0;1
"817226";"2020-580";"Australian Open";"Hard";"128";"Grand Slams";135;123;"Andreas Seppi";"R";190;"ITA";35,9;71;"Miomir Kecmanovic";"R";183;"SRB";20,3;"6-4 6-4 7-6(3)";5;"R128";121;10;1;91;55;43;22;16;0;1;7;1;109;65;43;22;16;5;8;85;646;54;959;6;6;7;NA;NA;4;4;6;NA;NA;2020-01-20;2020;"2020-580:135";1173;0;1,5906090638623;2,24511249783653;71;"Miomir Kecmanovic";123;"Andreas Seppi";2,24511249783653;1,5906090638623;0,654503433974233;20,3;35,9;-15,6;183;190;-7;0;0,625;0,625;0;0,625;8;1;5;0;3;1;1;3;-2;0;0;1
"817227";"2020-580";"Australian Open";"Hard";"128";"Grand Slams";136;145;"Stan Wawrinka";"R";183;"SUI";34,8;39;"Damir Dzumhur";"R";172;"BIH";27,6;"7-5 6-7(4) 6-4 6-4";5;"R128";176;21;1;119;70;57;36;22;2;2;1;3;135;94;65;24;22;4;7;15;2045;92;594;7;6;6;6;NA;5;7;4;4;NA;2020-01-20;2020;"2020-580:136";1174;0;4,09310940439148;1,47643804394299;39;"Damir Dzumhur";145;"Stan Wawrinka";1,47643804394299;4,09310940439148;-2,61667136044849;27,6;34,8;-7,2;172;183;-11;1;0,571428571428571;0,571428571428571;1;-0,428571428571429;7;2;4;2;3;0;0;3;-3;0;0;1
"817229";"2020-580";"Australian Open";"Hard";"128";"Grand Slams";138;60;"Pierre Hugues Herbert";"R";188;"FRA";28,8;105;"Cameron Norrie";"L";188;"GBR";24,4;"7-5 3-6 3-6 7-5 6-4";5;"R128";222;14;5;171;88;61;44;26;11;16;8;5;152;111;77;23;26;7;12;64;865;62;885;7;3;3;7;6;5;6;6;5;4;2020-01-20;2020;"2020-580:138";1175;1;2;2,04580368961313;60;"Pierre Hugues Herbert";105;"Cameron Norrie";2;2,04580368961313;-0,0458036896131251;28,8;24,4;4,4;188;188;0;0,6875;0,583333333333333;0,6875;0,583333333333333;0,104166666666667;12;16;7;11;5;5;5;5;0;0;0;1
"817231";"2020-580";"Australian Open";"Hard";"128";"Grand Slams";140;119;"Andrey Rublev";"R";188;"RUS";22,2;106;"Christopher Oconnell";"R";183;"AUS";25,6;"6-3 0-6 6-4 7-6(5)";5;"R128";135;8;2;101;61;46;23;19;1;6;15;3;134;85;63;22;18;11;15;16;2004;115;481;6;0;6;7;NA;3;6;4;6;NA;2020-01-20;2020;"2020-580:140";1176;0;4;1,15450994905563;106;"Christopher Oconnell";119;"Andrey Rublev";1,15450994905563;4;-2,84549005094437;25,6;22,2;3,4;183;188;-5;0,166666666666667;0,733333333333333;0,733333333333333;0,166666666666667;0,566666666666667;15;6;11;1;4;5;5;4;1;0;0;1
"817232";"2020-580";"Australian Open";"Hard";"128";"Grand Slams";141;8;"Nikoloz Basilashvili";"R";185;"GEO";27,9;79;"Soon Woo Kwon";"R";180;"KOR";22,1;"6-7(5) 6-4 7-5 3-6 6-3";5;"R128";235;22;4;193;109;80;37;26;11;16;14;4;173;116;75;28;26;11;18;29;1485;87;637;6;6;7;3;6;7;4;5;6;3;2020-01-20;2020;"2020-580:141";1177;1;3,14201900487243;1,55705650415127;8;"Nikoloz Basilashvili";79;"Soon Woo Kwon";3,14201900487243;1,55705650415127;1,58496250072116;27,9;22,1;5,8;185;180;5;0,6875;0,611111111111111;0,6875;0,611111111111111;0,0763888888888888;18;16;11;11;7;5;7;5;2;0;0;1
"817234";"2020-580";"Australian Open";"Hard";"128";"Grand Slams";143;52;"Egor Gerasimov";"R";196;"BLR";27,1;120;"Casper Ruud";"R";183;"NOR";21;"6-3 7-6(6) 1-6 4-6 7-6(6)";5;"R128";214;21;3;159;112;80;26;25;4;8;13;5;168;121;86;27;25;10;13;98;575;48;1079;6;7;1;4;7;3;6;6;6;6;2020-01-20;2020;"2020-580:143";1178;1;1,38529015588479;2,41503749927884;52;"Egor Gerasimov";120;"Casper Ruud";1,38529015588479;2,41503749927884;-1,02974734339405;27,1;21;6,1;196;183;13;0,5;0,769230769230769;0,5;0,769230769230769;-0,269230769230769;13;8;10;4;3;4;3;4;-1;0;0;1
"817235";"2020-580";"Australian Open";"Hard";"128";"Grand Slams";144;148;"Alexander Zverev";"R";198;"GER";22,7;19;"Marco Cecchinato";"R";185;"ITA";27,3;"6-4 7-6(4) 6-3";5;"R128";143;8;4;109;92;66;8;16;8;11;3;1;115;73;44;20;15;7;12;7;3345;77;710;6;7;6;NA;NA;4;6;3;NA;NA;2020-01-20;2020;"2020-580:144";1179;0;5,1926450779424;1,7332134593051;19;"Marco Cecchinato";148;"Alexander Zverev";1,7332134593051;5,1926450779424;-3,4594316186373;27,3;22,7;4,6;185;198;-13;0,727272727272727;0,583333333333333;0,583333333333333;0,727272727272727;-0,143939393939394;12;11;7;8;5;3;3;5;-2;0;0;1
"817238";"2020-580";"Australian Open";"Hard";"128";"Grand Slams";147;12;"Ricardas Berankis";"R";175;"LTU";29,5;17;"Roberto Carballes Baena";"R";183;"ESP";26,8;"6-4 6-2 6-2";5;"R128";118;4;2;81;44;33;21;13;3;5;2;2;78;43;27;11;13;4;11;69;804;83;664;6;6;6;NA;NA;4;2;2;NA;NA;2020-01-20;2020;"2020-580:147";1180;1;1,89147554322183;1,62496056865308;12;"Ricardas Berankis";17;"Roberto Carballes Baena";1,89147554322183;1,62496056865308;0,266514974568755;29,5;26,8;2,7;175;183;-8;0,6;0,363636363636364;0,6;0,363636363636364;0,236363636363636;11;5;4;3;7;2;7;2;5;0;0;1
"817239";"2020-580";"Australian Open";"Hard";"128";"Grand Slams";148;114;"Sam Querrey";"R";198;"USA";32,2;23;"Borna Coric";"R";188;"CRO";23,1;"6-3 6-4 6-4";5;"R128";104;18;1;76;50;41;17;15;1;2;7;4;84;47;33;20;14;7;11;45;1100;28;1490;6;6;6;NA;NA;3;4;4;NA;NA;2020-01-20;2020;"2020-580:148";1181;0;2,50814690367033;3,1926450779424;23;"Borna Coric";114;"Sam Querrey";3,1926450779424;2,50814690367033;0,684498174272071;23,1;32,2;-9,1;188;198;-10;0,5;0,636363636363636;0,636363636363636;0,5;0,136363636363636;11;2;7;1;4;1;1;4;-3;0;0;1
"817242";"2020-580";"Australian Open";"Hard";"128";"Grand Slams";151;135;"Jordan Thompson";"R";183;"AUS";25,7;16;"Alexander Bublik";"R";196;"KAZ";22,5;"6-4 6-3 6-2";5;"R128";138;5;1;110;69;45;23;14;11;12;7;12;86;46;32;14;13;10;16;66;843;56;948;6;6;6;NA;NA;4;3;2;NA;NA;2020-01-20;2020;"2020-580:151";1182;0;1,95560588064155;2,1926450779424;16;"Alexander Bublik";135;"Jordan Thompson";2,1926450779424;1,95560588064155;0,23703919730085;22,5;25,7;-3,2;196;183;13;0,916666666666667;0,625;0,625;0,916666666666667;-0,291666666666667;16;12;10;11;6;1;1;6;-5;0;0;1
"817243";"2020-580";"Australian Open";"Hard";"128";"Grand Slams";152;46;"Fabio Fognini";"R";178;"ITA";32,6;107;"Reilly Opelka";"R";211;"USA";22,3;"3-6 6-7(3) 6-4 6-3 7-6(5)";5;"R128";218;11;6;146;87;66;43;26;4;5;35;4;168;118;88;27;26;3;6;12;2310;38;1227;3;6;6;6;7;6;7;4;3;6;2020-01-20;2020;"2020-580:152";1183;1;4,41503749927884;2,75207248655641;46;"Fabio Fognini";107;"Reilly Opelka";4,41503749927884;2,75207248655641;1,66296501272243;32,6;22,3;10,3;178;211;-33;0,8;0,5;0,8;0,5;0,3;6;5;3;4;3;1;3;1;2;0;0;1
"817244";"2020-580";"Australian Open";"Hard";"128";"Grand Slams";153;48;"Marton Fucsovics";"R";188;"HUN";27,9;124;"Denis Shapovalov";"L";185;"CAN";20,7;"6-3 6-7(7) 6-1 7-6(3)";5;"R128";193;3;5;126;80;65;25;20;6;7;7;8;142;86;65;22;20;5;11;67;827;13;2200;6;6;6;7;NA;3;7;1;6;NA;2020-01-20;2020;"2020-580:153";1184;1;1,93391080954223;4,29956028185891;48;"Marton Fucsovics";124;"Denis Shapovalov";1,93391080954223;4,29956028185891;-2,36564947231668;27,9;20,7;7,2;188;185;3;0,857142857142857;0,454545454545455;0,857142857142857;0,454545454545455;0,402597402597403;11;7;5;6;6;1;6;1;5;0;0;1
"817246";"2020-580";"Australian Open";"Hard";"128";"Grand Slams";155;109;"Tommy Paul";"R";185;"USA";22,6;90;"Leonardo Mayer";"R";188;"ARG";32,6;"4-6 6-4 6-4 6-4";5;"R128";159;5;1;100;67;47;25;20;3;7;6;5;124;75;52;22;20;5;11;80;696;101;564;4;6;6;6;NA;6;4;4;4;NA;2020-01-20;2020;"2020-580:155";1185;0;1,67807190511264;1,34178851724821;90;"Leonardo Mayer";109;"Tommy Paul";1,34178851724821;1,67807190511264;-0,336283387864432;32,6;22,6;10;188;185;3;0,428571428571429;0,454545454545455;0,454545454545455;0,428571428571429;0,025974025974026;11;7;5;3;6;4;4;6;-2;0;0;1
"817249";"2020-580";"Australian Open";"Hard";"128";"Grand Slams";158;94;"John Millman";"R";183;"AUS";30,6;62;"Ugo Humbert";"L";188;"FRA";21,5;"7-6(3) 6-3 1-6 7-5";5;"R128";204;5;2;142;94;62;25;20;8;12;6;11;125;74;54;25;20;6;10;47;1096;43;1130;7;6;1;7;NA;6;3;6;5;NA;2020-01-20;2020;"2020-580:158";1186;0;2,44541114832236;2,5737352452979;62;"Ugo Humbert";94;"John Millman";2,5737352452979;2,44541114832236;0,12832409697554;21,5;30,6;-9,1;188;183;5;0,666666666666667;0,6;0,6;0,666666666666667;-0,0666666666666667;10;12;6;8;4;4;4;4;0;0;0;1
"817251";"2020-580";"Australian Open";"Hard";"128";"Grand Slams";160;44;"Roger Federer";"R";185;"SUI";38,4;68;"Steve Johnson";"R";188;"USA";30;"6-3 6-2 6-2";5;"R128";81;11;1;66;49;40;13;13;1;1;3;2;73;46;26;13;12;4;9;3;6590;75;720;6;6;6;NA;NA;3;2;2;NA;NA;2020-01-20;2020;"2020-580:160";1187;1;6,41503749927884;1,77118130950412;44;"Roger Federer";68;"Steve Johnson";6,41503749927884;1,77118130950412;4,64385618977472;38,4;30;8,4;185;188;-3;1;0,444444444444444;1;0,444444444444444;0,555555555555556;9;1;4;1;5;0;5;0;5;0;0;1
"817253";"2020-580";"Australian Open";"Hard";"128";"Grand Slams";162;74;"Philipp Kohlschreiber";"R";178;"GER";36,2;53;"Marcos Giron";"R";180;"USA";26,4;"7-5 6-1 6-2";5;"R128";116;6;0;85;53;43;17;14;4;5;5;1;95;65;38;13;13;9;15;79;700;107;521;7;6;6;NA;NA;5;1;2;NA;NA;2020-01-20;2020;"2020-580:162";1188;0;1,6962192518229;1,25853301359885;53;"Marcos Giron";74;"Philipp Kohlschreiber";1,25853301359885;1,6962192518229;-0,437686238224044;26,4;36,2;-9,8;180;178;2;0,8;0,6;0,6;0,8;-0,2;15;5;9;4;6;1;1;6;-5;0;0;1
"817257";"2020-580";"Australian Open";"Hard";"128";"Grand Slams";166;22;"Marin Cilic";"R";198;"CRO";31,3;98;"Corentin Moutet";"L";178;"FRA";20,7;"6-3 6-2 6-4";5;"R128";106;9;1;68;42;35;20;14;3;4;4;6;74;48;30;12;13;4;9;39;1205;70;800;6;6;6;NA;NA;3;2;4;NA;NA;2020-01-20;2020;"2020-580:166";1189;1;2,71459778113775;1,87071698305503;22;"Marin Cilic";98;"Corentin Moutet";2,71459778113775;1,87071698305503;0,843880798082718;31,3;20,7;10,6;198;178;20;0,75;0,444444444444444;0,75;0,444444444444444;0,305555555555556;9;4;4;3;5;1;5;1;4;0;0;1
"817258";"2020-580";"Australian Open";"Hard";"128";"Grand Slams";167;95;"Michael Mmoh";"R";188;"USA";22;5;"Pablo Andujar";"R";180;"ESP";33,9;"6-1 6-4 6-4";5;"R128";119;8;0;91;72;46;11;14;2;5;2;4;81;46;25;16;13;6;13;217;219;63;867;6;6;6;NA;NA;1;4;4;NA;NA;2020-01-20;2020;"2020-580:167";1190;0;0,23844876755552;2,02272007650008;5;"Pablo Andujar";95;"Michael Mmoh";2,02272007650008;0,23844876755552;1,78427130894456;33,9;22;11,9;180;188;-8;0,4;0,461538461538462;0,461538461538462;0,4;0,0615384615384615;13;5;6;2;7;3;3;7;-4;0;0;1
"817259";"2020-580";"Australian Open";"Hard";"128";"Grand Slams";168;9;"Roberto Bautista Agut";"R";183;"ESP";31,7;84;"Feliciano Lopez";"L";188;"ESP";38,3;"6-2 6-2 7-5";5;"R128";130;2;1;76;56;42;14;14;4;5;12;3;89;54;37;10;14;4;10;9;2630;57;933;6;6;7;NA;NA;2;2;5;NA;NA;2020-01-20;2020;"2020-580:168";1191;1;4,83007499855769;2,16710998583526;9;"Roberto Bautista Agut";84;"Feliciano Lopez";4,83007499855769;2,16710998583526;2,66296501272243;31,7;38,3;-6,6;183;188;-5;0,8;0,4;0,8;0,4;0,4;10;5;4;4;6;1;6;1;5;0;0;1
"817260";"2020-580";"Australian Open";"Hard";"128";"Grand Slams";169;122;"Diego Schwartzman";"R";170;"ARG";27,4;58;"Lloyd Harris";"R";193;"RSA";22,9;"6-4 6-2 6-2";5;"R128";105;4;2;76;46;33;20;13;2;3;8;2;79;49;31;12;13;6;12;14;2130;72;746;6;6;6;NA;NA;4;2;2;NA;NA;2020-01-20;2020;"2020-580:169";1192;0;4,1926450779424;1,83007499855769;58;"Lloyd Harris";122;"Diego Schwartzman";1,83007499855769;4,1926450779424;-2,36257007938471;22,9;27,4;-4,5;193;170;23;0,666666666666667;0,5;0,5;0,666666666666667;-0,166666666666667;12;3;6;2;6;1;1;6;-5;0;0;1
"817263";"2020-580";"Australian Open";"Hard";"128";"Grand Slams";172;83;"Dusan Lajovic";"R";180;"SRB";29,5;40;"Kyle Edmund";"R";188;"GBR";25;"7-6(7) 6-3 7-6(4)";5;"R128";166;9;1;108;73;59;19;17;1;3;4;0;112;67;46;25;16;8;11;27;1516;65;845;7;6;7;NA;NA;6;3;6;NA;NA;2020-01-20;2020;"2020-580:172";1193;0;3,24511249783653;1,97763218697155;40;"Kyle Edmund";83;"Dusan Lajovic";1,97763218697155;3,24511249783653;-1,26748031086499;25;29,5;-4,5;188;180;8;0,333333333333333;0,727272727272727;0,727272727272727;0,333333333333333;0,393939393939394;11;3;8;1;3;2;2;3;-1;0;0;1
"817264";"2020-580";"Australian Open";"Hard";"128";"Grand Slams";173;42;"Daniel Evans";"R";175;"GBR";29,6;91;"Mackenzie Mcdonald";"R";178;"USA";24,7;"3-6 4-6 6-1 6-2 6-3";5;"R128";201;2;3;128;68;44;37;22;6;11;6;6;157;109;61;21;21;7;16;32;1349;129;419;3;4;6;6;6;6;6;1;2;3;2020-01-20;2020;"2020-580:173";1194;1;3;0,988772744576746;42;"Daniel Evans";91;"Mackenzie Mcdonald";3;0,988772744576746;2,01122725542325;29,6;24,7;4,9;175;178;-3;0,545454545454545;0,4375;0,545454545454545;0,4375;0,107954545454545;16;11;7;6;9;5;9;5;4;0;0;1
"817265";"2020-580";"Australian Open";"Hard";"128";"Grand Slams";174;104;"Yoshihito Nishioka";"L";170;"JPN";24,3;34;"Laslo Djere";"R";188;"SRB";24,6;"6-4 3-6 6-2 7-6(1)";5;"R128";174;2;2;124;74;45;28;20;5;11;7;5;128;75;48;22;19;6;14;71;797;40;1185;6;3;6;7;NA;4;6;2;6;NA;2020-01-20;2020;"2020-580:174";1195;0;1,85025288049532;2,67807190511264;34;"Laslo Djere";104;"Yoshihito Nishioka";2,67807190511264;1,85025288049532;0,82781902461732;24,6;24,3;0,300000000000001;188;170;18;0,454545454545455;0,428571428571429;0,428571428571429;0,454545454545455;-0,025974025974026;14;11;6;5;8;6;6;8;-2;0;0;1
"817267";"2020-580";"Australian Open";"Hard";"128";"Grand Slams";176;35;"Novak Djokovic";"R";188;"SRB";32,6;133;"Jan Lennard Struff";"R";193;"GER";29,7;"7-6(5) 6-2 2-6 6-1";5;"R128";136;14;3;92;60;46;16;18;1;5;13;7;112;63;41;20;17;4;11;2;9720;37;1270;7;6;2;6;NA;6;2;6;1;NA;2020-01-20;2020;"2020-580:176";1196;1;7;2,79054663437105;35;"Novak Djokovic";133;"Jan Lennard Struff";7;2,79054663437105;4,20945336562895;32,6;29,7;2,9;188;193;-5;0,2;0,363636363636364;0,2;0,363636363636364;-0,163636363636364;11;5;4;1;7;4;7;4;3;0;0;1
"817268";"2020-580";"Australian Open";"Hard";"128";"Grand Slams";177;101;"Rafael Nadal";"L";185;"ESP";33,6;32;"Federico Delbonis";"L";190;"ARG";29,2;"6-3 7-6(4) 6-1";5;"R64";150;8;1;89;61;52;17;14;0;0;2;8;110;69;45;18;14;17;20;1;10235;76;711;6;7;6;NA;NA;3;6;1;NA;NA;2020-01-20;2020;"2020-580:177";1197;0;8;1,75207248655641;32;"Federico Delbonis";101;"Rafael Nadal";1,75207248655641;8;-6,24792751344359;29,2;33,6;-4,4;190;185;5;1,5;0,85;0,85;1,5;-0,65;20;0;17;0;3;0;0;3;-3;0;0;1
"817269";"2020-580";"Australian Open";"Hard";"128";"Grand Slams";178;18;"Pablo Carreno Busta";"R";188;"ESP";28,5;55;"Peter Gojowczyk";"R";185;"GER";30,5;"6-4 6-1 1-6 6-4";5;"R64";128;11;2;94;61;44;21;17;6;9;12;4;121;73;52;19;17;12;17;30;1422;120;463;6;6;1;6;NA;4;1;6;4;NA;2020-01-20;2020;"2020-580:178";1198;1;3,09310940439148;1,09310940439148;18;"Pablo Carreno Busta";55;"Peter Gojowczyk";3,09310940439148;1,09310940439148;2;28,5;30,5;-2;188;185;3;0,666666666666667;0,705882352941177;0,666666666666667;0,705882352941177;-0,0392156862745099;17;9;12;6;5;3;5;3;2;0;0;1
"817270";"2020-580";"Australian Open";"Hard";"128";"Grand Slams";179;80;"Nick Kyrgios";"R";193;"AUS";24,7;125;"Gilles Simon";"R";183;"FRA";35;"6-2 6-4 4-6 7-5";5;"R64";169;28;4;110;76;59;19;20;1;3;8;3;116;76;55;18;20;6;11;26;1520;61;890;6;6;4;7;NA;2;4;6;5;NA;2020-01-20;2020;"2020-580:179";1199;1;3,29956028185891;2,06926266243711;80;"Nick Kyrgios";125;"Gilles Simon";3,29956028185891;2,06926266243711;1,2302976194218;24,7;35;-10,3;193;183;10;0,333333333333333;0,545454545454545;0,333333333333333;0,545454545454545;-0,212121212121212;11;3;6;1;5;2;5;2;3;0;0;1
"817272";"2020-580";"Australian Open";"Hard";"128";"Grand Slams";181;96;"Gael Monfils";"R";193;"FRA";33,3;70;"Ivo Karlovic";"R";208;"CRO";40,8;"4-6 7-6(8) 6-4 7-5";5;"R64";152;5;7;127;92;79;15;22;1;2;17;8;138;85;71;25;22;4;6;10;2565;124;436;4;7;6;7;NA;6;6;4;5;NA;2020-01-20;2020;"2020-580:181";1200;0;4,67807190511264;1,04580368961313;70;"Ivo Karlovic";96;"Gael Monfils";1,04580368961313;4,67807190511264;-3,63226821549951;40,8;33,3;7,5;208;193;15;0,5;0,666666666666667;0,666666666666667;0,5;0,166666666666667;6;2;4;1;2;1;1;2;-1;0;0;1
"817274";"2020-580";"Australian Open";"Hard";"128";"Grand Slams";183;47;"Taylor Fritz";"R";193;"USA";22,2;4;"Kevin Anderson";"R";203;"RSA";33,6;"4-6 6-7(5) 7-6(4) 6-2 6-2";5;"R64";201;20;5;136;85;68;36;25;1;3;21;6;163;109;83;21;25;9;14;34;1335;122;445;4;6;7;6;6;6;7;6;2;2;2020-01-20;2020;"2020-580:183";1201;0;2,91253715874966;1,06926266243711;4;"Kevin Anderson";47;"Taylor Fritz";1,06926266243711;2,91253715874966;-1,84327449631255;33,6;22,2;11,4;203;193;10;0,333333333333333;0,642857142857143;0,642857142857143;0,333333333333333;0,30952380952381;14;3;9;1;5;2;2;5;-3;0;0;1
"817275";"2020-580";"Australian Open";"Hard";"128";"Grand Slams";184;134;"Dominic Thiem";"R";185;"AUT";26,3;15;"Alex Bolt";"L";183;"AUS";27;"6-2 5-7 6-7(5) 6-1 6-2";5;"R64";202;12;3;137;92;76;24;24;5;7;14;5;166;110;67;30;23;17;24;5;5890;140;377;6;5;6;6;6;2;7;7;1;2;2020-01-20;2020;"2020-580:184";1202;0;5,67807190511264;0,870716983055034;15;"Alex Bolt";134;"Dominic Thiem";0,870716983055034;5,67807190511264;-4,8073549220576;27;26,3;0,699999999999999;183;185;-2;0,714285714285714;0,708333333333333;0,708333333333333;0,714285714285714;-0,00595238095238093;24;7;17;5;7;2;2;7;-5;0;0;1
"817276";"2020-580";"Australian Open";"Hard";"128";"Grand Slams";185;92;"Daniil Medvedev";"R";198;"RUS";23,9;88;"Pedro Martinez";"R";185;"ESP";22,7;"7-5 6-1 6-3";5;"R64";129;19;2;84;48;39;23;14;3;4;4;1;93;63;38;10;14;6;12;4;5960;168;300;7;6;6;NA;NA;5;1;3;NA;NA;2020-01-20;2020;"2020-580:185";1203;0;6;0,607682577221239;88;"Pedro Martinez";92;"Daniil Medvedev";0,607682577221239;6;-5,39231742277876;22,7;23,9;-1,2;185;198;-13;0,75;0,5;0,5;0,75;-0,25;12;4;6;3;6;1;1;6;-5;0;0;1
"817279";"2020-580";"Australian Open";"Hard";"128";"Grand Slams";188;145;"Stan Wawrinka";"R";183;"SUI";34,8;123;"Andreas Seppi";"R";190;"ITA";35,9;"4-6 7-5 6-3 3-6 6-4";5;"R64";218;19;4;138;83;66;29;25;0;5;5;2;155;94;63;34;25;10;16;15;2045;85;646;4;7;6;3;6;6;5;3;6;4;2020-01-20;2020;"2020-580:188";1204;0;4,09310940439148;1,5906090638623;123;"Andreas Seppi";145;"Stan Wawrinka";1,5906090638623;4,09310940439148;-2,50250034052918;35,9;34,8;1,1;190;183;7;0;0,625;0,625;0;0,625;16;5;10;0;6;5;5;6;-1;0;0;1
"817282";"2020-580";"Australian Open";"Hard";"128";"Grand Slams";191;143;"Fernando Verdasco";"L";188;"ESP";36,1;8;"Nikoloz Basilashvili";"R";185;"GEO";27,9;"4-6 7-6(5) 6-4 6-4";5;"R64";169;13;3;128;88;68;22;21;8;11;4;8;139;86;64;25;21;7;11;51;1050;29;1485;4;7;6;6;NA;6;6;4;4;NA;2020-01-20;2020;"2020-580:191";1205;0;2,3275746580285;3,14201900487243;8;"Nikoloz Basilashvili";143;"Fernando Verdasco";3,14201900487243;2,3275746580285;0,814444346843923;27,9;36,1;-8,2;185;188;-3;0,727272727272727;0,636363636363636;0,636363636363636;0,727272727272727;-0,0909090909090909;11;11;7;8;4;3;3;4;-1;0;0;1
"817283";"2020-580";"Australian Open";"Hard";"128";"Grand Slams";192;148;"Alexander Zverev";"R";198;"GER";22,7;52;"Egor Gerasimov";"R";196;"BLR";27,1;"7-6(5) 6-4 7-5";5;"R64";139;9;0;85;66;57;13;17;1;2;8;4;128;86;60;21;17;11;14;7;3345;98;575;7;6;7;NA;NA;6;4;5;NA;NA;2020-01-20;2020;"2020-580:192";1206;0;5,1926450779424;1,38529015588479;52;"Egor Gerasimov";148;"Alexander Zverev";1,38529015588479;5,1926450779424;-3,8073549220576;27,1;22,7;4,4;196;198;-2;0,5;0,785714285714286;0,785714285714286;0,5;0,285714285714286;14;2;11;1;3;1;1;3;-2;0;0;1
"817284";"2020-580";"Australian Open";"Hard";"128";"Grand Slams";193;121;"Tennys Sandgren";"R";188;"USA";28,4;14;"Matteo Berrettini";"R";196;"ITA";23,7;"7-6(7) 6-4 4-6 2-6 7-5";5;"R64";203;22;2;146;105;84;23;26;8;11;16;3;154;100;82;31;26;3;5;100;573;8;2870;7;6;4;2;7;6;4;6;6;5;2020-01-20;2020;"2020-580:193";1207;0;1,35614381022528;5;14;"Matteo Berrettini";121;"Tennys Sandgren";5;1,35614381022528;3,64385618977472;23,7;28,4;-4,7;196;188;8;0,727272727272727;0,6;0,6;0,727272727272727;-0,127272727272727;5;11;3;8;2;3;3;2;1;0;0;1
"817285";"2020-580";"Australian Open";"Hard";"128";"Grand Slams";194;114;"Sam Querrey";"R";198;"USA";32,2;12;"Ricardas Berankis";"R";175;"LTU";29,5;"7-6(2) 4-6 6-4 6-4";5;"R64";155;26;4;112;68;59;23;21;3;6;7;8;136;74;53;33;21;6;10;45;1100;69;804;7;4;6;6;NA;6;6;4;4;NA;2020-01-20;2020;"2020-580:194";1208;0;2,50814690367033;1,89147554322183;12;"Ricardas Berankis";114;"Sam Querrey";1,89147554322183;2,50814690367033;-0,616671360448494;29,5;32,2;-2,7;175;198;-23;0,5;0,6;0,6;0,5;0,1;10;6;6;3;4;3;3;4;-1;0;0;1
"817287";"2020-580";"Australian Open";"Hard";"128";"Grand Slams";196;46;"Fabio Fognini";"R";178;"ITA";32,6;135;"Jordan Thompson";"R";183;"AUS";25,7;"7-6(4) 6-1 3-6 4-6 7-6(4)";5;"R64";245;10;6;164;93;68;42;25;8;11;12;4;169;101;74;34;25;8;11;12;2310;66;843;7;6;3;4;7;6;1;6;6;6;2020-01-20;2020;"2020-580:196";1209;1;4,41503749927884;1,95560588064155;46;"Fabio Fognini";135;"Jordan Thompson";4,41503749927884;1,95560588064155;2,4594316186373;32,6;25,7;6,9;178;183;-5;0,727272727272727;0,727272727272727;0,727272727272727;0,727272727272727;0;11;11;8;8;3;3;3;3;0;0;0;1
"817288";"2020-580";"Australian Open";"Hard";"128";"Grand Slams";197;48;"Marton Fucsovics";"R";188;"HUN";27,9;126;"Jannik Sinner";"R";188;"ITA";18,4;"6-4 6-4 6-3";5;"R64";136;6;3;88;55;38;16;15;1;4;0;4;101;55;36;17;14;5;12;67;827;82;671;6;6;6;NA;NA;4;4;3;NA;NA;2020-01-20;2020;"2020-580:197";1210;1;1,93391080954223;1,64244799538192;48;"Marton Fucsovics";126;"Jannik Sinner";1,93391080954223;1,64244799538192;0,291462814160312;27,9;18,4;9,5;188;188;0;0,25;0,416666666666667;0,25;0,416666666666667;-0,166666666666667;12;4;5;1;7;3;7;3;4;0;0;1
"817289";"2020-580";"Australian Open";"Hard";"128";"Grand Slams";198;109;"Tommy Paul";"R";185;"USA";22,6;33;"Grigor Dimitrov";"R";188;"BUL";28,6;"6-4 7-6(6) 3-6 6-7(3) 7-6(3)";5;"R64";259;11;5;214;123;86;44;28;9;15;21;8;189;125;85;34;27;11;16;80;696;20;1772;6;7;3;6;7;4;6;6;7;6;2020-01-20;2020;"2020-580:198";1211;0;1,67807190511264;3,67807190511264;33;"Grigor Dimitrov";109;"Tommy Paul";3,67807190511264;1,67807190511264;2;28,6;22,6;6;188;185;3;0,6;0,6875;0,6875;0,6;0,0875;16;15;11;9;5;6;6;5;1;0;0;1
"817290";"2020-580";"Australian Open";"Hard";"128";"Grand Slams";199;94;"John Millman";"R";183;"AUS";30,6;63;"Hubert Hurkacz";"R";196;"POL";22,9;"6-4 7-5 6-3";5;"R64";148;5;5;117;65;42;23;16;5;10;9;8;81;45;29;11;15;2;10;47;1096;31;1398;6;7;6;NA;NA;4;5;3;NA;NA;2020-01-20;2020;"2020-580:199";1212;0;2,44541114832236;3,04580368961313;63;"Hubert Hurkacz";94;"John Millman";3,04580368961313;2,44541114832236;0,600392541290763;22,9;30,6;-7,7;196;183;13;0,5;0,2;0,2;0,5;-0,3;10;10;2;5;8;5;5;8;-3;0;0;1
"817291";"2020-580";"Australian Open";"Hard";"128";"Grand Slams";200;44;"Roger Federer";"R";185;"SUI";38,4;76;"Filip Krajinovic";"R";185;"SRB";27,8;"6-1 6-4 6-1";5;"R64";92;14;0;68;47;36;13;12;2;3;4;2;77;57;33;4;12;7;14;3;6590;41;1158;6;6;6;NA;NA;1;4;1;NA;NA;2020-01-20;2020;"2020-580:200";1213;1;6,41503749927884;2,64244799538192;44;"Roger Federer";76;"Filip Krajinovic";6,41503749927884;2,64244799538192;3,77258950389693;38,4;27,8;10,6;185;185;0;0,666666666666667;0,5;0,666666666666667;0,5;0,166666666666667;14;3;7;2;7;1;7;1;6;0;0;1
"817293";"2020-580";"Australian Open";"Hard";"128";"Grand Slams";202;116;"Milos Raonic";"R";196;"CAN";29;50;"Cristian Garin";"R";185;"CHI";23,6;"6-3 6-4 6-2";5;"R64";97;19;6;74;39;36;22;14;3;3;2;3;70;54;35;7;13;0;4;35;1305;36;1285;6;6;6;NA;NA;3;4;2;NA;NA;2020-01-20;2020;"2020-580:202";1214;0;2,87071698305503;2,83007499855769;50;"Cristian Garin";116;"Milos Raonic";2,83007499855769;2,87071698305503;-0,0406419844973458;23,6;29;-5,4;185;196;-11;1;0;0;1;-1;4;3;0;3;4;0;0;4;-4;0;0;1
"817294";"2020-580";"Australian Open";"Hard";"128";"Grand Slams";203;22;"Marin Cilic";"R";198;"CRO";31,3;108;"Benoit Paire";"R";196;"FRA";30,7;"6-2 6-7(6) 3-6 6-1 7-6(3)";5;"R64";213;17;6;160;107;85;26;24;6;9;30;10;153;88;73;24;24;4;10;39;1205;21;1703;6;6;3;6;7;2;7;6;1;6;2020-01-20;2020;"2020-580:203";1215;1;2,71459778113775;3,60768257722124;22;"Marin Cilic";108;"Benoit Paire";2,71459778113775;3,60768257722124;-0,893084796083488;31,3;30,7;0,600000000000001;198;196;2;0,666666666666667;0,4;0,666666666666667;0,4;0,266666666666667;10;9;4;6;6;3;6;3;3;0;0;1
"817295";"2020-580";"Australian Open";"Hard";"128";"Grand Slams";204;9;"Roberto Bautista Agut";"R";183;"ESP";31,7;95;"Michael Mmoh";"R";188;"USA";22;"5-7 6-2 6-4 6-1";5;"R64";164;3;1;100;72;57;16;19;1;2;14;6;134;100;65;11;18;11;17;9;2630;217;219;5;6;6;6;NA;7;2;4;1;NA;2020-01-20;2020;"2020-580:204";1216;1;4,83007499855769;0,23844876755552;9;"Roberto Bautista Agut";95;"Michael Mmoh";4,83007499855769;0,23844876755552;4,59162623100217;31,7;22;9,7;183;188;-5;0,5;0,647058823529412;0,5;0,647058823529412;-0,147058823529412;17;2;11;1;6;1;6;1;5;0;0;1
"817296";"2020-580";"Australian Open";"Hard";"128";"Grand Slams";205;122;"Diego Schwartzman";"R";170;"ARG";27,4;28;"Alejandro Davidovich Fokina";"R";183;"ESP";20,6;"6-1 6-4 6-2";5;"R64";116;4;5;87;48;33;22;13;3;5;1;3;84;58;30;9;12;7;14;14;2130;88;627;6;6;6;NA;NA;1;4;2;NA;NA;2020-01-20;2020;"2020-580:205";1217;0;4,1926450779424;1,5405683813627;28;"Alejandro Davidovich Fokina";122;"Diego Schwartzman";1,5405683813627;4,1926450779424;-2,65207669657969;20,6;27,4;-6,8;183;170;13;0,6;0,5;0,5;0,6;-0,1;14;5;7;3;7;2;2;7;-5;0;0;1
"817298";"2020-580";"Australian Open";"Hard";"128";"Grand Slams";207;104;"Yoshihito Nishioka";"L";170;"JPN";24,3;42;"Daniel Evans";"R";175;"GBR";29,6;"6-4 6-3 6-4";5;"R64";119;2;1;87;65;49;12;15;2;2;7;1;87;52;37;19;14;3;7;71;797;32;1349;6;6;6;NA;NA;4;3;4;NA;NA;2020-01-20;2020;"2020-580:207";1218;0;1,85025288049532;3;42;"Daniel Evans";104;"Yoshihito Nishioka";3;1,85025288049532;1,14974711950468;29,6;24,3;5,3;175;170;5;1;0,428571428571429;0,428571428571429;1;-0,571428571428571;7;2;3;2;4;0;0;4;-4;0;0;1
"817300";"2020-580";"Australian Open";"Hard";"128";"Grand Slams";209;101;"Rafael Nadal";"L";185;"ESP";33,6;18;"Pablo Carreno Busta";"R";188;"ESP";28,5;"6-1 6-2 6-4";5;"R32";98;9;0;62;39;34;18;13;0;0;6;1;63;41;29;7;12;5;10;1;10235;30;1422;6;6;6;NA;NA;1;2;4;NA;NA;2020-01-20;2020;"2020-580:209";1219;0;8;3,09310940439148;18;"Pablo Carreno Busta";101;"Rafael Nadal";3,09310940439148;8;-4,90689059560852;28,5;33,6;-5,1;188;185;3;1,5;0,5;0,5;1,5;-1;10;0;5;0;5;0;0;5;-5;0;0;1
"817301";"2020-580";"Australian Open";"Hard";"128";"Grand Slams";210;80;"Nick Kyrgios";"R";193;"AUS";24,7;72;"Karen Khachanov";"R";198;"RUS";23,6;"6-2 7-6(5) 6-7(6) 6-7(7) 7-6(8)";5;"R32";266;33;4;186;125;102;32;28;3;4;21;5;190;129;104;29;28;3;6;26;1520;17;1995;6;7;6;6;7;2;6;7;7;6;2020-01-20;2020;"2020-580:210";1220;0;3,29956028185891;3,91253715874966;72;"Karen Khachanov";80;"Nick Kyrgios";3,91253715874966;3,29956028185891;0,612976876890753;23,6;24,7;-1,1;198;193;5;0,75;0,5;0,5;0,75;-0,25;6;4;3;3;3;1;1;3;-2;0;0;1
"817303";"2020-580";"Australian Open";"Hard";"128";"Grand Slams";212;134;"Dominic Thiem";"R";185;"AUT";26,3;47;"Taylor Fritz";"R";193;"USA";22,2;"6-2 6-4 6-7(5) 6-4";5;"R32";170;12;5;134;90;69;24;20;6;7;20;4;122;85;60;17;20;4;9;5;5890;34;1335;6;6;6;6;NA;2;4;7;4;NA;2020-01-20;2020;"2020-580:212";1221;0;5,67807190511264;2,91253715874966;47;"Taylor Fritz";134;"Dominic Thiem";2,91253715874966;5,67807190511264;-2,76553474636298;22,2;26,3;-4,1;193;185;8;0,857142857142857;0,444444444444444;0,444444444444444;0,857142857142857;-0,412698412698413;9;7;4;6;5;1;1;5;-4;0;0;1
"817304";"2020-580";"Australian Open";"Hard";"128";"Grand Slams";213;92;"Daniil Medvedev";"R";198;"RUS";23,9;111;"Alexei Popyrin";"R";196;"AUS";20,4;"6-4 6-3 6-2";5;"R32";107;6;3;76;43;33;22;14;1;1;8;7;86;55;37;10;13;3;8;4;5960;96;585;6;6;6;NA;NA;4;3;2;NA;NA;2020-01-20;2020;"2020-580:213";1222;1;6;1,41503749927884;92;"Daniil Medvedev";111;"Alexei Popyrin";6;1,41503749927884;4,58496250072116;23,9;20,4;3,5;198;196;2;1;0,375;1;0,375;0,625;8;1;3;1;5;0;5;0;5;0;0;1
"817306";"2020-580";"Australian Open";"Hard";"128";"Grand Slams";215;119;"Andrey Rublev";"R";188;"RUS";22,2;54;"David Goffin";"R";180;"BEL";29,1;"2-6 7-6(3) 6-4 7-6(4)";5;"R32";180;14;3;132;82;64;22;21;1;6;11;1;134;80;56;25;21;2;6;16;2004;11;2555;2;7;6;7;NA;6;6;4;6;NA;2020-01-20;2020;"2020-580:215";1223;0;4;4,5405683813627;54;"David Goffin";119;"Andrey Rublev";4,5405683813627;4;0,540568381362703;29,1;22,2;6,9;180;188;-8;0,166666666666667;0,333333333333333;0,333333333333333;0,166666666666667;0,166666666666667;6;6;2;1;4;5;5;4;1;0;0;1
"817307";"2020-580";"Australian Open";"Hard";"128";"Grand Slams";216;148;"Alexander Zverev";"R";198;"GER";22,7;143;"Fernando Verdasco";"L";188;"ESP";36,1;"6-2 6-2 6-4";5;"R32";116;15;3;82;61;47;8;13;4;5;3;2;84;49;27;16;13;4;10;7;3345;51;1050;6;6;6;NA;NA;2;2;4;NA;NA;2020-01-20;2020;"2020-580:216";1224;0;5,1926450779424;2,3275746580285;143;"Fernando Verdasco";148;"Alexander Zverev";2,3275746580285;5,1926450779424;-2,86507041991389;36,1;22,7;13,4;188;198;-10;0,8;0,4;0,4;0,8;-0,4;10;5;4;4;6;1;1;6;-5;0;0;1
"817309";"2020-580";"Australian Open";"Hard";"128";"Grand Slams";218;46;"Fabio Fognini";"R";178;"ITA";32,6;110;"Guido Pella";"L";185;"ARG";29,6;"7-6(0) 6-2 6-3";5;"R32";129;11;5;95;61;47;19;15;6;8;7;1;87;60;37;13;14;1;6;12;2310;25;1585;7;6;6;NA;NA;6;2;3;NA;NA;2020-01-20;2020;"2020-580:218";1225;1;4,41503749927884;3,35614381022528;46;"Fabio Fognini";110;"Guido Pella";4,41503749927884;3,35614381022528;1,05889368905357;32,6;29,6;3;178;185;-7;0,75;0,166666666666667;0,75;0,166666666666667;0,583333333333333;6;8;1;6;5;2;5;2;3;0;0;1
"817310";"2020-580";"Australian Open";"Hard";"128";"Grand Slams";219;48;"Marton Fucsovics";"R";188;"HUN";27,9;109;"Tommy Paul";"R";185;"USA";22,6;"6-1 6-1 6-4";5;"R32";106;6;1;72;47;36;17;12;4;4;3;3;71;40;25;12;12;8;14;67;827;80;696;6;6;6;NA;NA;1;1;4;NA;NA;2020-01-20;2020;"2020-580:219";1226;1;1,93391080954223;1,67807190511264;48;"Marton Fucsovics";109;"Tommy Paul";1,93391080954223;1,67807190511264;0,255838904429591;27,9;22,6;5,3;188;185;3;1;0,571428571428571;1;0,571428571428571;0,428571428571429;14;4;8;4;6;0;6;0;6;0;0;1
"817311";"2020-580";"Australian Open";"Hard";"128";"Grand Slams";220;44;"Roger Federer";"R";185;"SUI";38,4;94;"John Millman";"R";183;"AUS";30,6;"4-6 7-6(2) 6-4 4-6 7-6(8)";5;"R32";243;16;6;170;111;85;30;27;4;8;11;4;189;118;80;43;27;7;10;3;6590;47;1096;4;7;6;4;7;6;6;4;6;6;2020-01-20;2020;"2020-580:220";1227;1;6,41503749927884;2,44541114832236;44;"Roger Federer";94;"John Millman";6,41503749927884;2,44541114832236;3,96962635095648;38,4;30,6;7,8;185;183;2;0,5;0,7;0,5;0,7;-0,2;10;8;7;4;3;4;3;4;-1;0;0;1
"817312";"2020-580";"Australian Open";"Hard";"128";"Grand Slams";221;116;"Milos Raonic";"R";196;"CAN";29;140;"Stefanos Tsitsipas";"R";193;"GRE";21,4;"7-5 6-4 7-6(2)";5;"R32";150;19;1;97;63;56;20;17;0;0;9;3;106;70;52;18;17;4;6;35;1305;6;5375;7;6;7;NA;NA;5;4;6;NA;NA;2020-01-20;2020;"2020-580:221";1228;1;2,87071698305503;5,41503749927884;116;"Milos Raonic";140;"Stefanos Tsitsipas";2,87071698305503;5,41503749927884;-2,54432051622381;29;21,4;7,6;196;193;3;1,5;0,666666666666667;1,5;0,666666666666667;0,833333333333333;6;0;4;0;2;0;2;0;2;0;0;1
"817313";"2020-580";"Australian Open";"Hard";"128";"Grand Slams";222;22;"Marin Cilic";"R";198;"CRO";31,3;9;"Roberto Bautista Agut";"R";183;"ESP";31,7;"6-7(3) 6-4 6-0 5-7 6-3";5;"R32";250;24;2;149;97;75;28;25;8;10;9;2;168;116;76;27;24;12;19;39;1205;9;2630;6;6;6;5;6;7;4;0;7;3;2020-01-20;2020;"2020-580:222";1229;0;2,71459778113775;4,83007499855769;9;"Roberto Bautista Agut";22;"Marin Cilic";4,83007499855769;2,71459778113775;2,11547721741994;31,7;31,3;0,399999999999999;183;198;-15;0,8;0,631578947368421;0,631578947368421;0,8;-0,168421052631579;19;10;12;8;7;2;2;7;-5;0;0;1
"817314";"2020-580";"Australian Open";"Hard";"128";"Grand Slams";223;122;"Diego Schwartzman";"R";170;"ARG";27,4;83;"Dusan Lajovic";"R";180;"SRB";29,5;"6-2 6-3 7-6(7)";5;"R32";133;3;2;95;60;43;17;15;2;6;5;2;86;57;32;12;14;4;11;14;2130;27;1516;6;6;7;NA;NA;2;3;6;NA;NA;2020-01-20;2020;"2020-580:223";1230;0;4,1926450779424;3,24511249783653;83;"Dusan Lajovic";122;"Diego Schwartzman";3,24511249783653;4,1926450779424;-0,947532580105864;29,5;27,4;2,1;180;170;10;0,333333333333333;0,363636363636364;0,363636363636364;0,333333333333333;0,0303030303030303;11;6;4;2;7;4;4;7;-3;0;0;1
"817315";"2020-580";"Australian Open";"Hard";"128";"Grand Slams";224;35;"Novak Djokovic";"R";188;"SRB";32,6;104;"Yoshihito Nishioka";"L";170;"JPN";24,3;"6-3 6-2 6-2";5;"R32";85;17;2;62;46;43;11;13;1;1;1;4;74;43;29;12;12;1;6;2;9720;71;797;6;6;6;NA;NA;3;2;2;NA;NA;2020-01-20;2020;"2020-580:224";1231;1;7;1,85025288049532;35;"Novak Djokovic";104;"Yoshihito Nishioka";7;1,85025288049532;5,14974711950468;32,6;24,3;8,3;188;170;18;1;0,166666666666667;1;0,166666666666667;0,833333333333333;6;1;1;1;5;0;5;0;5;0;0;1
"817316";"2020-580";"Australian Open";"Hard";"128";"Grand Slams";225;101;"Rafael Nadal";"L";185;"ESP";33,6;80;"Nick Kyrgios";"R";193;"AUS";24,7;"6-3 3-6 7-6(6) 7-6(4)";5;"R16";218;12;4;120;78;66;27;21;1;3;25;5;151;113;83;14;21;7;9;1;10235;26;1520;6;3;7;7;NA;3;6;6;6;NA;2020-01-20;2020;"2020-580:225";1232;0;8;3,29956028185891;80;"Nick Kyrgios";101;"Rafael Nadal";3,29956028185891;8;-4,70043971814109;24,7;33,6;-8,9;193;185;8;0,333333333333333;0,777777777777778;0,777777777777778;0,333333333333333;0,444444444444444;9;3;7;1;2;2;2;2;0;0;0;1
"817317";"2020-580";"Australian Open";"Hard";"128";"Grand Slams";226;134;"Dominic Thiem";"R";185;"AUT";26,3;96;"Gael Monfils";"R";193;"FRA";33,3;"6-2 6-4 6-4";5;"R16";110;2;1;70;46;39;18;14;0;0;9;0;104;79;48;12;14;10;14;5;5890;10;2565;6;6;6;NA;NA;2;4;4;NA;NA;2020-01-20;2020;"2020-580:226";1233;0;5,67807190511264;4,67807190511264;96;"Gael Monfils";134;"Dominic Thiem";4,67807190511264;5,67807190511264;-1;33,3;26,3;7;193;185;8;1,5;0,714285714285714;0,714285714285714;1,5;-0,785714285714286;14;0;10;0;4;0;0;4;-4;0;0;1
"817318";"2020-580";"Australian Open";"Hard";"128";"Grand Slams";227;145;"Stan Wawrinka";"R";183;"SUI";34,8;92;"Daniil Medvedev";"R";198;"RUS";23,9;"6-2 2-6 4-6 7-6(2) 6-2";5;"R16";205;18;1;138;95;72;22;23;5;8;19;2;143;98;67;25;23;7;11;15;2045;4;5960;6;2;4;7;6;2;6;6;6;2;2020-01-20;2020;"2020-580:227";1234;0;4,09310940439148;6;92;"Daniil Medvedev";145;"Stan Wawrinka";6;4,09310940439148;1,90689059560852;23,9;34,8;-10,9;198;183;15;0,625;0,636363636363636;0,636363636363636;0,625;0,0113636363636364;11;8;7;5;4;3;3;4;-1;0;0;1
"817319";"2020-580";"Australian Open";"Hard";"128";"Grand Slams";228;148;"Alexander Zverev";"R";198;"GER";22,7;119;"Andrey Rublev";"R";188;"RUS";22,2;"6-4 6-4 6-4";5;"R16";97;11;3;72;54;49;11;15;0;0;5;5;81;53;41;14;15;4;7;7;3345;16;2004;6;6;6;NA;NA;4;4;4;NA;NA;2020-01-20;2020;"2020-580:228";1235;0;5,1926450779424;4;119;"Andrey Rublev";148;"Alexander Zverev";4;5,1926450779424;-1,1926450779424;22,2;22,7;-0,5;188;198;-10;1,5;0,571428571428571;0,571428571428571;1,5;-0,928571428571429;7;0;4;0;3;0;0;3;-3;0;0;1
"817320";"2020-580";"Australian Open";"Hard";"128";"Grand Slams";229;121;"Tennys Sandgren";"R";188;"USA";28,4;46;"Fabio Fognini";"R";178;"ITA";32,6;"7-6(5) 7-5 6-7(2) 6-4";5;"R16";207;21;2;141;95;69;24;23;5;8;8;3;132;67;52;33;23;0;5;100;573;12;2310;7;7;6;6;NA;6;5;7;4;NA;2020-01-20;2020;"2020-580:229";1236;0;1,35614381022528;4,41503749927884;46;"Fabio Fognini";121;"Tennys Sandgren";4,41503749927884;1,35614381022528;3,05889368905357;32,6;28,4;4,2;178;188;-10;0,625;0;0;0,625;-0,625;5;8;0;5;5;3;3;5;-2;0;0;1
"817321";"2020-580";"Australian Open";"Hard";"128";"Grand Slams";230;44;"Roger Federer";"R";185;"SUI";38,4;48;"Marton Fucsovics";"R";188;"HUN";27,9;"4-6 6-1 6-2 6-2";5;"R16";131;5;0;103;63;48;21;17;7;9;1;1;89;42;24;25;16;5;12;3;6590;67;827;4;6;6;6;NA;6;1;2;2;NA;2020-01-20;2020;"2020-580:230";1237;1;6,41503749927884;1,93391080954223;44;"Roger Federer";48;"Marton Fucsovics";6,41503749927884;1,93391080954223;4,48112668973662;38,4;27,9;10,5;185;188;-3;0,777777777777778;0,416666666666667;0,777777777777778;0,416666666666667;0,361111111111111;12;9;5;7;7;2;7;2;5;0;0;1
"817322";"2020-580";"Australian Open";"Hard";"128";"Grand Slams";231;116;"Milos Raonic";"R";196;"CAN";29;22;"Marin Cilic";"R";198;"CRO";31,3;"6-4 6-3 7-5";5;"R16";139;35;3;94;69;55;14;16;4;4;5;3;84;50;38;18;15;5;8;35;1305;39;1205;6;6;7;NA;NA;4;3;5;NA;NA;2020-01-20;2020;"2020-580:231";1238;0;2,87071698305503;2,71459778113775;22;"Marin Cilic";116;"Milos Raonic";2,71459778113775;2,87071698305503;-0,156119201917282;31,3;29;2,3;198;196;2;1;0,625;0,625;1;-0,375;8;4;5;4;3;0;0;3;-3;0;0;1
"817323";"2020-580";"Australian Open";"Hard";"128";"Grand Slams";232;35;"Novak Djokovic";"R";188;"SRB";32,6;122;"Diego Schwartzman";"R";170;"ARG";27,4;"6-3 6-4 6-4";5;"R16";126;8;1;86;55;41;21;15;2;3;1;4;89;50;31;19;14;4;8;2;9720;14;2130;6;6;6;NA;NA;3;4;4;NA;NA;2020-01-20;2020;"2020-580:232";1239;1;7;4,1926450779424;35;"Novak Djokovic";122;"Diego Schwartzman";7;4,1926450779424;2,8073549220576;32,6;27,4;5,2;188;170;18;0,666666666666667;0,5;0,666666666666667;0,5;0,166666666666667;8;3;4;2;4;1;4;1;3;0;0;1
"817324";"2020-580";"Australian Open";"Hard";"128";"Grand Slams";233;134;"Dominic Thiem";"R";185;"AUT";26,3;101;"Rafael Nadal";"L";185;"ESP";33,6;"7-6(3) 7-6(4) 4-6 7-6(6)";5;"QF";250;14;4;140;83;65;28;23;5;9;11;3;151;105;72;24;23;5;8;5;5890;1;10235;7;7;4;7;NA;6;6;6;6;NA;2020-01-20;2020;"2020-580:233";1240;0;5,67807190511264;8;101;"Rafael Nadal";134;"Dominic Thiem";8;5,67807190511264;2,32192809488736;33,6;26,3;7,3;185;185;0;0,555555555555556;0,625;0,625;0,555555555555556;0,0694444444444444;8;9;5;5;3;4;4;3;1;0;0;1
"817325";"2020-580";"Australian Open";"Hard";"128";"Grand Slams";234;148;"Alexander Zverev";"R";198;"GER";22,7;145;"Stan Wawrinka";"R";183;"SUI";34,8;"1-6 6-3 6-4 6-2";5;"QF";139;13;1;93;74;56;8;17;3;6;4;5;105;59;41;24;17;8;13;7;3345;15;2045;1;6;6;6;NA;6;3;4;2;NA;2020-01-20;2020;"2020-580:234";1241;0;5,1926450779424;4,09310940439148;145;"Stan Wawrinka";148;"Alexander Zverev";4,09310940439148;5,1926450779424;-1,09953567355091;34,8;22,7;12,1;183;198;-15;0,5;0,615384615384615;0,615384615384615;0,5;0,115384615384615;13;6;8;3;5;3;3;5;-2;0;0;1
"817327";"2020-580";"Australian Open";"Hard";"128";"Grand Slams";236;35;"Novak Djokovic";"R";188;"SRB";32,6;116;"Milos Raonic";"R";196;"CAN";29;"6-4 6-3 7-6(1)";5;"QF";169;4;1;101;70;60;15;16;2;2;18;6;128;81;58;20;15;14;16;2;9720;35;1305;6;6;7;NA;NA;4;3;6;NA;NA;2020-01-20;2020;"2020-580:236";1242;1;7;2,87071698305503;35;"Novak Djokovic";116;"Milos Raonic";7;2,87071698305503;4,12928301694497;32,6;29;3,6;188;196;-8;1;0,875;1;0,875;0,125;16;2;14;2;2;0;2;0;2;0;0;1
"817328";"2020-580";"Australian Open";"Hard";"128";"Grand Slams";237;134;"Dominic Thiem";"R";185;"AUT";26,3;148;"Alexander Zverev";"R";198;"GER";22,7;"3-6 6-4 7-6(3) 7-6(4)";5;"SF";222;10;4;144;96;74;19;22;9;14;16;3;127;103;70;12;21;5;9;5;5890;7;3345;3;6;7;7;NA;6;4;6;6;NA;2020-01-20;2020;"2020-580:237";1243;1;5,67807190511264;5,1926450779424;134;"Dominic Thiem";148;"Alexander Zverev";5,67807190511264;5,1926450779424;0,485426827170242;26,3;22,7;3,6;185;198;-13;0,642857142857143;0,555555555555556;0,642857142857143;0,555555555555556;0,0873015873015873;9;14;5;9;4;5;4;5;-1;0;0;1
"817329";"2020-580";"Australian Open";"Hard";"128";"Grand Slams";238;35;"Novak Djokovic";"R";188;"SRB";32,6;44;"Roger Federer";"R";185;"SUI";38,4;"7-6(1) 6-4 6-3";5;"SF";138;11;1;102;74;54;15;16;5;7;15;3;104;68;45;15;15;7;11;2;9720;3;6590;7;6;6;NA;NA;6;4;3;NA;NA;2020-01-20;2020;"2020-580:238";1244;1;7;6,41503749927884;35;"Novak Djokovic";44;"Roger Federer";7;6,41503749927884;0,584962500721156;32,6;38,4;-5,8;188;185;3;0,714285714285714;0,636363636363636;0,714285714285714;0,636363636363636;0,077922077922078;11;7;7;5;4;2;4;2;2;0;0;1
"817330";"2020-580";"Australian Open";"Hard";"128";"Grand Slams";239;35;"Novak Djokovic";"R";188;"SRB";32,6;134;"Dominic Thiem";"R";185;"AUT";26,3;"6-4 4-6 2-6 6-3 6-4";5;"F";239;9;5;134;87;66;24;24;7;12;13;5;170;108;75;28;23;7;12;2;9720;5;5890;6;4;2;6;6;4;6;6;3;4;2020-01-20;2020;"2020-580:239";1245;1;7;5,67807190511264;35;"Novak Djokovic";134;"Dominic Thiem";7;5,67807190511264;1,32192809488736;32,6;26,3;6,3;188;185;3;0,583333333333333;0,583333333333333;0,583333333333333;0,583333333333333;0;12;12;7;7;5;5;5;5;0;0;0;1
"821663";"2020-560";"US Open";"Hard";"128";"Grand Slams";1;35;"Novak Djokovic";"R";188;"SRB";33,2;39;"Damir Dzumhur";"R";172;"BIH";28,2;"6-1 6-4 6-1";5;"R128";118;5;5;82;49;36;18;12;6;7;2;8;95;53;29;15;12;12;19;1;10860;109;524;6;6;6;NA;NA;1;4;1;NA;NA;2020-08-31;2020;"2020-560:1";1246;1;8;1,23181567522307;35;"Novak Djokovic";39;"Damir Dzumhur";8;1,23181567522307;6,76818432477693;33,2;28,2;5;188;172;16;0,857142857142857;0,631578947368421;0,857142857142857;0,631578947368421;0,225563909774436;19;7;12;6;7;1;7;1;6;0;0;1
"821664";"2020-560";"US Open";"Hard";"128";"Grand Slams";2;40;"Kyle Edmund";"R";188;"GBR";25,6;16;"Alexander Bublik";"R";196;"KAZ";23,2;"2-6 7-5 7-5 6-0";5;"R128";167;2;4;109;70;53;22;19;4;7;18;10;124;72;56;18;19;10;16;44;1050;54;965;2;7;7;6;NA;6;5;5;0;NA;2020-08-31;2020;"2020-560:2";1247;0;2,5405683813627;2,24511249783653;16;"Alexander Bublik";40;"Kyle Edmund";2,24511249783653;2,5405683813627;-0,295455883526171;23,2;25,6;-2,4;196;188;8;0,571428571428571;0,625;0,625;0,571428571428571;0,0535714285714286;16;7;10;4;6;3;3;6;-3;0;0;1
"821665";"2020-560";"US Open";"Hard";"128";"Grand Slams";3;95;"Michael Mmoh";"R";188;"USA";22,6;130;"Joao Sousa";"R";185;"POR";31,4;"6-2 7-5 2-6 6-1";5;"R128";154;8;4;116;79;58;19;18;7;10;7;2;94;56;32;25;17;4;10;186;281;68;776;6;7;2;6;NA;2;5;6;1;NA;2020-08-31;2020;"2020-560:3";1248;1;0,460841188891969;1,91253715874966;95;"Michael Mmoh";130;"Joao Sousa";0,460841188891969;1,91253715874966;-1,45169596985769;22,6;31,4;-8,8;188;185;3;0,7;0,4;0,7;0,4;0,3;10;10;4;7;6;3;6;3;3;0;0;1
"821666";"2020-560";"US Open";"Hard";"128";"Grand Slams";4;133;"Jan Lennard Struff";"R";193;"GER";30,3;88;"Pedro Martinez";"R";185;"ESP";23,3;"6-0 7-5 6-4";5;"R128";131;13;2;85;41;36;20;14;4;7;3;6;110;66;37;14;14;10;18;29;1405;106;546;6;7;6;NA;NA;0;5;4;NA;NA;2020-08-31;2020;"2020-560:4";1249;0;3,14201900487243;1,2720795454368;88;"Pedro Martinez";133;"Jan Lennard Struff";1,2720795454368;3,14201900487243;-1,86993945943563;23,3;30,3;-7;185;193;-8;0,571428571428571;0,555555555555556;0,555555555555556;0,571428571428571;-0,0158730158730158;18;7;10;4;8;3;3;8;-5;0;0;1
"821670";"2020-560";"US Open";"Hard";"128";"Grand Slams";8;68;"Steve Johnson";"R";188;"USA";30,6;64;"John Isner";"R";206;"USA";35,3;"6-7(5) 6-3 6-7(5) 6-3 7-6(3)";5;"R128";230;22;4;185;113;96;40;29;5;5;52;4;171;134;99;23;28;9;11;64;825;22;1805;6;6;6;6;7;7;3;7;3;6;2020-08-31;2020;"2020-560:8";1250;0;2;3,5405683813627;64;"John Isner";68;"Steve Johnson";3,5405683813627;2;1,5405683813627;35,3;30,6;4,7;206;188;18;1;0,818181818181818;0,818181818181818;1;-0,181818181818182;11;5;9;5;2;0;0;2;-2;0;0;1
"821674";"2020-560";"US Open";"Hard";"128";"Grand Slams";12;47;"Taylor Fritz";"R";193;"USA";22,8;73;"Dominik Koepfer";"L";180;"GER";26,3;"6-7(7) 6-3 6-2 6-4";5;"R128";165;15;4;118;63;52;31;20;6;8;5;10;126;71;47;27;20;7;14;25;1545;91;652;6;6;6;6;NA;7;3;2;4;NA;2020-08-31;2020;"2020-560:12";1251;1;3,35614381022528;1,4922053598013;47;"Taylor Fritz";73;"Dominik Koepfer";3,35614381022528;1,4922053598013;1,86393845042397;22,8;26,3;-3,5;193;180;13;0,75;0,5;0,75;0,5;0,25;14;8;7;6;7;2;7;2;5;0;0;1
"821677";"2020-560";"US Open";"Hard";"128";"Grand Slams";15;58;"Lloyd Harris";"R";193;"RSA";23,5;19;"Marco Cecchinato";"R";185;"ITA";27,9;"6-4 7-5 6-2";5;"R128";114;12;4;88;57;46;14;15;8;10;3;8;95;59;36;17;15;3;9;95;641;108;526;6;7;6;NA;NA;4;5;2;NA;NA;2020-08-31;2020;"2020-560:15";1252;0;1,43014439166905;1,24511249783653;19;"Marco Cecchinato";58;"Lloyd Harris";1,24511249783653;1,43014439166905;-0,18503189383252;27,9;23,5;4,4;185;193;-8;0,8;0,333333333333333;0,333333333333333;0,8;-0,466666666666667;9;10;3;8;6;2;2;6;-4;0;0;1
"821678";"2020-560";"US Open";"Hard";"128";"Grand Slams";16;54;"David Goffin";"R";180;"BEL";29,7;107;"Reilly Opelka";"R";211;"USA";23;"7-6(2) 3-6 6-1 6-4";5;"R128";147;3;7;117;65;53;30;19;6;8;18;4;125;77;59;19;20;3;7;10;2555;35;1312;7;3;6;6;NA;6;6;1;4;NA;2020-08-31;2020;"2020-560:16";1253;1;4,67807190511264;2,87071698305503;54;"David Goffin";107;"Reilly Opelka";4,67807190511264;2,87071698305503;1,8073549220576;29,7;23;6,7;180;211;-31;0,75;0,428571428571429;0,75;0,428571428571429;0,321428571428571;7;8;3;6;4;2;4;2;2;0;0;1
"821679";"2020-560";"US Open";"Hard";"128";"Grand Slams";17;140;"Stefanos Tsitsipas";"R";193;"GRE";22;115;"Albert Ramos";"L";188;"ESP";32,6;"6-2 6-1 6-1";5;"R128";98;13;5;64;39;35;11;11;0;0;0;7;77;37;20;16;11;7;14;6;5095;41;1130;6;6;6;NA;NA;2;1;1;NA;NA;2020-08-31;2020;"2020-560:17";1254;0;5,41503749927884;2,64244799538192;115;"Albert Ramos";140;"Stefanos Tsitsipas";2,64244799538192;5,41503749927884;-2,77258950389693;32,6;22;10,6;188;193;-5;1,5;0,5;0,5;1,5;-1;14;0;7;0;7;0;0;7;-7;0;0;1
"821682";"2020-560";"US Open";"Hard";"128";"Grand Slams";20;23;"Borna Coric";"R";188;"CRO";23,7;5;"Pablo Andujar";"R";180;"ESP";34,6;"7-5 6-3 6-1";5;"R128";141;12;2;99;61;46;21;14;8;9;0;3;82;54;34;10;14;2;8;32;1355;56;942;7;6;6;NA;NA;5;3;1;NA;NA;2020-08-31;2020;"2020-560:20";1255;0;3;2,1926450779424;5;"Pablo Andujar";23;"Borna Coric";2,1926450779424;3;-0,807354922057604;34,6;23,7;10,9;180;188;-8;0,888888888888889;0,25;0,25;0,888888888888889;-0,638888888888889;8;9;2;8;6;1;1;6;-5;0;0;1
"821683";"2020-560";"US Open";"Hard";"128";"Grand Slams";21;52;"Egor Gerasimov";"R";196;"BLR";27,8;83;"Dusan Lajovic";"R";180;"SRB";30,1;"6-1 4-6 6-4 6-4";5;"R128";146;11;4;111;68;54;21;19;3;5;7;2;112;77;49;20;18;10;15;72;744;24;1695;6;4;6;6;NA;1;6;4;4;NA;2020-08-31;2020;"2020-560:21";1256;1;1,83007499855769;3,41503749927884;52;"Egor Gerasimov";83;"Dusan Lajovic";1,83007499855769;3,41503749927884;-1,58496250072116;27,8;30,1;-2,3;196;180;16;0,6;0,666666666666667;0,6;0,666666666666667;-0,0666666666666667;15;5;10;3;5;2;5;2;3;0;0;1
"821687";"2020-560";"US Open";"Hard";"128";"Grand Slams";25;105;"Cameron Norrie";"L";188;"GBR";25;122;"Diego Schwartzman";"R";170;"ARG";28;"3-6 4-6 6-2 6-1 7-5";5;"R128";239;11;5;171;107;66;30;23;19;27;1;8;175;119;63;26;23;20;31;76;727;13;2265;3;4;6;6;7;6;6;2;1;5;2020-08-31;2020;"2020-560:25";1257;1;1,75207248655641;4,29956028185891;105;"Cameron Norrie";122;"Diego Schwartzman";1,75207248655641;4,29956028185891;-2,54748779530249;25;28;-3;188;170;18;0,703703703703704;0,645161290322581;0,703703703703704;0,645161290322581;0,0585424133811231;31;27;20;19;11;8;11;8;3;0;0;1
"821690";"2020-560";"US Open";"Hard";"128";"Grand Slams";28;63;"Hubert Hurkacz";"R";196;"POL";23,5;55;"Peter Gojowczyk";"R";185;"GER";31,1;"6-3 6-4 6-4";5;"R128";110;14;2;90;54;39;22;15;3;5;3;10;91;47;33;19;14;6;11;33;1353;127;444;6;6;6;NA;NA;3;4;4;NA;NA;2020-08-31;2020;"2020-560:28";1258;0;2,95560588064155;1,01131531322783;55;"Peter Gojowczyk";63;"Hubert Hurkacz";1,01131531322783;2,95560588064155;-1,94429056741371;31,1;23,5;7,6;185;196;-11;0,6;0,545454545454545;0,545454545454545;0,6;-0,0545454545454546;11;5;6;3;5;2;2;5;-3;0;0;1
"821691";"2020-560";"US Open";"Hard";"128";"Grand Slams";29;87;"Adrian Mannarino";"L";183;"FRA";32,1;129;"Lorenzo Sonego";"R";191;"ITA";25,3;"6-1 6-4 2-6 6-3";5;"R128";161;1;2;99;66;43;18;17;4;8;9;2;99;66;44;11;17;7;14;39;1191;46;1030;6;6;2;6;NA;1;4;6;3;NA;2020-08-31;2020;"2020-560:29";1259;1;2,71459778113775;2,47643804394299;87;"Adrian Mannarino";129;"Lorenzo Sonego";2,71459778113775;2,47643804394299;0,238159737194764;32,1;25,3;6,8;183;191;-8;0,5;0,5;0,5;0,5;0;14;8;7;4;7;4;7;4;3;0;0;1
"821692";"2020-560";"US Open";"Hard";"128";"Grand Slams";30;128;"Jack Sock";"R";185;"USA";27,9;25;"Pablo Cuevas";"R";180;"URU";34,6;"3-6 6-4 6-2 4-6 7-6(2)";5;"R128";195;10;10;144;84;66;34;25;4;7;12;5;150;101;76;24;25;2;6;389;95;61;857;3;6;6;4;7;6;4;2;6;6;2020-08-31;2020;"2020-560:30";1260;0;-0,603626344986193;2,06926266243711;25;"Pablo Cuevas";128;"Jack Sock";2,06926266243711;-0,603626344986193;2,67288900742331;34,6;27,9;6,7;180;185;-5;0,571428571428571;0,333333333333333;0,333333333333333;0,571428571428571;-0,238095238095238;6;7;2;4;4;3;3;4;-1;0;0;1
"821694";"2020-560";"US Open";"Hard";"128";"Grand Slams";32;148;"Alexander Zverev";"R";198;"GER";23,3;4;"Kevin Anderson";"R";203;"RSA";34,2;"7-6(2) 5-7 6-3 7-5";5;"R128";187;18;6;135;91;78;20;23;3;5;20;7;131;77;62;27;23;1;4;7;3630;117;490;7;5;6;7;NA;6;7;3;5;NA;2020-08-31;2020;"2020-560:32";1261;0;5,1926450779424;1,1296352804166;4;"Kevin Anderson";148;"Alexander Zverev";1,1296352804166;5,1926450779424;-4,0630097975258;34,2;23,3;10,9;203;198;5;0,6;0,25;0,25;0,6;-0,35;4;5;1;3;3;2;2;3;-1;0;0;1
"821698";"2020-560";"US Open";"Hard";"128";"Grand Slams";36;120;"Casper Ruud";"R";183;"NOR";21,6;91;"Mackenzie Mcdonald";"R";178;"USA";25,3;"4-6 4-6 6-4 6-3 6-2";5;"R128";222;11;3;147;99;67;26;24;5;9;9;5;169;98;63;37;23;18;24;37;1279;243;207;4;4;6;6;6;6;6;4;3;2;2020-08-31;2020;"2020-560:36";1262;0;2,79054663437105;0,0751874963942187;91;"Mackenzie Mcdonald";120;"Casper Ruud";0,0751874963942187;2,79054663437105;-2,71535913797683;25,3;21,6;3,7;178;183;-5;0,555555555555556;0,75;0,75;0,555555555555556;0,194444444444444;24;9;18;5;6;4;4;6;-2;0;0;1
"821702";"2020-560";"US Open";"Hard";"128";"Grand Slams";40;119;"Andrey Rublev";"R";188;"RUS";22,8;20;"Jeremy Chardy";"R";188;"FRA";33,5;"6-4 6-4 6-3";5;"R128";127;11;3;89;47;40;22;14;7;8;21;11;126;83;58;14;15;17;22;14;2234;60;860;6;6;6;NA;NA;4;4;3;NA;NA;2020-08-31;2020;"2020-560:40";1263;0;4,1926450779424;2,09310940439148;20;"Jeremy Chardy";119;"Andrey Rublev";2,09310940439148;4,1926450779424;-2,09953567355091;33,5;22,8;10,7;188;188;0;0,875;0,772727272727273;0,772727272727273;0,875;-0,102272727272727;22;8;17;7;5;1;1;5;-4;0;0;1
"821703";"2020-560";"US Open";"Hard";"128";"Grand Slams";41;33;"Grigor Dimitrov";"R";188;"BUL";29,2;109;"Tommy Paul";"R";185;"USA";23,2;"6-4 6-3 6-1";5;"R128";111;1;4;77;50;42;15;13;7;7;3;3;82;51;29;14;13;7;12;20;1885;58;894;6;6;6;NA;NA;4;3;1;NA;NA;2020-08-31;2020;"2020-560:41";1264;1;3,67807190511264;2,14201900487243;33;"Grigor Dimitrov";109;"Tommy Paul";3,67807190511264;2,14201900487243;1,53605290024021;29,2;23,2;6;188;185;3;1;0,583333333333333;1;0,583333333333333;0,416666666666667;12;7;7;7;5;0;5;0;5;0;0;1
"821705";"2020-560";"US Open";"Hard";"128";"Grand Slams";43;136;"Frances Tiafoe";"R";188;"USA";22,6;123;"Andreas Seppi";"R";190;"ITA";36,5;"4-6 6-3 6-4 7-5";5;"R128";182;12;5;135;80;64;30;21;8;9;13;4;125;80;58;23;20;7;10;82;700;89;671;4;6;6;7;NA;6;3;4;5;NA;2020-08-31;2020;"2020-560:43";1265;0;1,64244799538192;1,5242665690336;123;"Andreas Seppi";136;"Frances Tiafoe";1,5242665690336;1,64244799538192;-0,118181426348314;36,5;22,6;13,9;190;188;2;0,888888888888889;0,7;0,7;0,888888888888889;-0,188888888888889;10;9;7;8;3;1;1;3;-2;0;0;1
"821706";"2020-560";"US Open";"Hard";"128";"Grand Slams";44;94;"John Millman";"R";183;"AUS";31,2;8;"Nikoloz Basilashvili";"R";185;"GEO";28,5;"6-1 6-4 6-4";5;"R128";119;6;0;93;54;43;23;14;7;7;4;2;82;47;30;18;13;4;8;43;1096;30;1395;6;6;6;NA;NA;1;4;4;NA;NA;2020-08-31;2020;"2020-560:44";1266;0;2,5737352452979;3,09310940439148;8;"Nikoloz Basilashvili";94;"John Millman";3,09310940439148;2,5737352452979;0,519374159093579;28,5;31,2;-2,7;185;183;2;1;0,5;0,5;1;-0,5;8;7;4;7;4;0;0;4;-4;0;0;1
"821708";"2020-560";"US Open";"Hard";"128";"Grand Slams";46;17;"Roberto Carballes Baena";"R";183;"ESP";27,4;84;"Feliciano Lopez";"L";188;"ESP";38,9;"3-6 7-6(5) 6-4 6-3";5;"R128";180;3;5;110;71;54;24;20;2;4;17;11;139;66;53;34;21;10;14;101;614;57;908;3;7;6;6;NA;6;6;4;3;NA;2020-08-31;2020;"2020-560:46";1267;1;1,34178851724821;2,16710998583526;17;"Roberto Carballes Baena";84;"Feliciano Lopez";1,34178851724821;2,16710998583526;-0,825321468587053;27,4;38,9;-11,5;183;188;-5;0,5;0,714285714285714;0,5;0,714285714285714;-0,214285714285714;14;4;10;2;4;2;4;2;2;0;0;1
"821709";"2020-560";"US Open";"Hard";"128";"Grand Slams";47;106;"Christopher Oconnell";"R";183;"AUS";26,2;34;"Laslo Djere";"R";188;"SRB";25,2;"4-6 6-4 7-6(2) 6-4";5;"R128";189;4;1;139;85;61;29;22;8;12;6;10;131;74;57;23;21;6;11;116;498;81;705;4;6;7;6;NA;6;4;6;4;NA;2020-08-31;2020;"2020-560:47";1268;0;1,14201900487243;1,66014999711538;34;"Laslo Djere";106;"Christopher Oconnell";1,66014999711538;1,14201900487243;0,518130992242948;25,2;26,2;-1;188;183;5;0,666666666666667;0,545454545454545;0,545454545454545;0,666666666666667;-0,121212121212121;11;12;6;8;5;4;4;5;-1;0;0;1
"821710";"2020-560";"US Open";"Hard";"128";"Grand Slams";48;92;"Daniil Medvedev";"R";198;"RUS";24,5;32;"Federico Delbonis";"L";190;"ARG";29,9;"6-1 6-2 6-4";5;"R128";106;4;4;66;43;37;16;13;2;2;1;3;84;54;32;13;12;4;9;5;5890;79;711;6;6;6;NA;NA;1;2;4;NA;NA;2020-08-31;2020;"2020-560:48";1269;0;5,67807190511264;1,6962192518229;32;"Federico Delbonis";92;"Daniil Medvedev";1,6962192518229;5,67807190511264;-3,98185265328974;29,9;24,5;5,4;190;198;-8;1;0,444444444444444;0,444444444444444;1;-0,555555555555556;9;2;4;2;5;0;0;5;-5;0;0;1
"821711";"2020-560";"US Open";"Hard";"128";"Grand Slams";49;9;"Roberto Bautista Agut";"R";183;"ESP";32,3;121;"Tennys Sandgren";"R";188;"USA";29,1;"6-4 6-4 7-6(3)";5;"R128";166;4;2;113;78;51;23;17;17;19;14;5;111;59;45;21;16;7;11;11;2540;48;1013;6;6;7;NA;NA;4;4;6;NA;NA;2020-08-31;2020;"2020-560:49";1270;1;4,5405683813627;2,41503749927884;9;"Roberto Bautista Agut";121;"Tennys Sandgren";4,5405683813627;2,41503749927884;2,12553088208386;32,3;29,1;3,2;183;188;-5;0,894736842105263;0,636363636363636;0,894736842105263;0,636363636363636;0,258373205741627;11;19;7;17;4;2;4;2;2;0;0;1
"821713";"2020-560";"US Open";"Hard";"128";"Grand Slams";51;112;"Vasek Pospisil";"R";193;"CAN";30,1;74;"Philipp Kohlschreiber";"R";178;"GER";36,8;"7-6(4) 7-5 7-6(3)";5;"R128";174;23;7;120;68;58;28;19;2;4;9;4;128;65;50;31;19;8;11;94;642;75;729;7;7;7;NA;NA;6;5;6;NA;NA;2020-08-31;2020;"2020-560:51";1271;0;1,44541114832236;1,77118130950412;74;"Philipp Kohlschreiber";112;"Vasek Pospisil";1,77118130950412;1,44541114832236;0,325770161181757;36,8;30,1;6,7;178;193;-15;0,5;0,727272727272727;0,727272727272727;0,5;0,227272727272727;11;4;8;2;3;2;2;3;-1;0;0;1
"821714";"2020-560";"US Open";"Hard";"128";"Grand Slams";52;116;"Milos Raonic";"R";196;"CAN";29,6;90;"Leonardo Mayer";"R";188;"ARG";33,2;"6-3 6-2 6-3";5;"R128";109;14;5;65;38;34;18;13;0;0;5;7;83;45;28;18;13;4;9;18;1950;120;464;6;6;6;NA;NA;3;2;3;NA;NA;2020-08-31;2020;"2020-560:52";1272;0;3,83007499855769;1,09310940439148;90;"Leonardo Mayer";116;"Milos Raonic";1,09310940439148;3,83007499855769;-2,73696559416621;33,2;29,6;3,6;188;196;-8;1,5;0,444444444444444;0,444444444444444;1,5;-1,05555555555556;9;0;4;0;5;0;0;5;-5;0;0;1
"821716";"2020-560";"US Open";"Hard";"128";"Grand Slams";54;51;"Richard Gasquet";"R";185;"FRA";34,2;70;"Ivo Karlovic";"R";208;"CRO";41,5;"7-6(0) 7-6(4) 6-1";5;"R128";113;8;3;98;68;56;21;17;5;6;20;4;94;54;36;25;16;5;8;51;985;126;444;7;7;6;NA;NA;6;6;1;NA;NA;2020-08-31;2020;"2020-560:54";1273;1;2,3275746580285;1,02272007650008;51;"Richard Gasquet";70;"Ivo Karlovic";2,3275746580285;1,02272007650008;1,30485458152842;34,2;41,5;-7,3;185;208;-23;0,833333333333333;0,625;0,833333333333333;0,625;0,208333333333333;8;6;5;5;3;1;3;1;2;0;0;1
"821718";"2020-560";"US Open";"Hard";"128";"Grand Slams";56;72;"Karen Khachanov";"R";198;"RUS";24,2;126;"Jannik Sinner";"R";188;"ITA";19;"3-6 6-7(7) 6-2 6-0 7-6(4)";5;"R128";224;18;8;159;99;77;35;25;6;7;12;5;191;108;80;37;24;17;22;16;2120;74;733;3;6;6;6;7;6;7;2;0;6;2020-08-31;2020;"2020-560:56";1274;1;4;1,79054663437105;72;"Karen Khachanov";126;"Jannik Sinner";4;1,79054663437105;2,20945336562895;24,2;19;5,2;198;188;10;0,857142857142857;0,772727272727273;0,857142857142857;0,772727272727273;0,0844155844155844;22;7;17;6;5;1;5;1;4;0;0;1
"821719";"2020-560";"US Open";"Hard";"128";"Grand Slams";57;6;"Felix Auger Aliassime";"R";193;"CAN";20;97;"Thiago Monteiro";"L";183;"BRA";26,2;"6-3 6-7(7) 7-6(6) 7-6(6)";5;"R128";231;18;8;150;94;79;31;24;2;2;8;4;145;113;85;22;24;7;8;21;1806;83;700;6;6;7;7;NA;3;7;6;6;NA;2020-08-31;2020;"2020-560:57";1275;1;3,60768257722124;1,62496056865308;6;"Felix Auger Aliassime";97;"Thiago Monteiro";3,60768257722124;1,62496056865308;1,98272200856816;20;26,2;-6,2;193;183;10;1;0,875;1;0,875;0,125;8;2;7;2;1;0;1;0;1;0;0;1
"821720";"2020-560";"US Open";"Hard";"128";"Grand Slams";58;100;"Andy Murray";"R";190;"GBR";33,2;104;"Yoshihito Nishioka";"L";170;"JPN";24,9;"4-6 4-6 7-6(5) 7-6(4) 6-4";5;"R128";279;14;13;193;110;85;39;29;11;16;8;5;162;109;77;30;27;2;6;115;502;49;1007;4;4;7;7;6;6;6;6;6;4;2020-08-31;2020;"2020-560:58";1276;1;1,15450994905563;2,38529015588479;100;"Andy Murray";104;"Yoshihito Nishioka";1,15450994905563;2,38529015588479;-1,23078020682917;33,2;24,9;8,3;190;170;20;0,6875;0,333333333333333;0,6875;0,333333333333333;0,354166666666667;6;16;2;11;4;5;4;5;-1;0;0;1
"821721";"2020-560";"US Open";"Hard";"128";"Grand Slams";59;98;"Corentin Moutet";"L";178;"FRA";21,3;144;"Jiri Vesely";"L";198;"CZE";27,1;"6-4 6-4 7-5";5;"R128";144;4;4;101;65;48;22;16;8;9;14;2;103;65;46;16;16;9;13;77;722;67;785;6;6;7;NA;NA;4;4;5;NA;NA;2020-08-31;2020;"2020-560:59";1277;1;1,7332134593051;1,93391080954223;98;"Corentin Moutet";144;"Jiri Vesely";1,7332134593051;1,93391080954223;-0,200697350237129;21,3;27,1;-5,8;178;198;-20;0,888888888888889;0,692307692307692;0,888888888888889;0,692307692307692;0,196581196581197;13;9;9;8;4;1;4;1;3;0;0;1
"821723";"2020-560";"US Open";"Hard";"128";"Grand Slams";61;22;"Marin Cilic";"R";198;"CRO";31,9;77;"Denis Kudla";"R";180;"USA";28;"6-7(3) 3-6 7-5 7-5 6-3";5;"R128";213;26;8;150;90;75;29;27;1;4;19;7;168;104;77;33;28;7;12;38;1225;111;521;6;3;7;7;6;7;6;5;5;3;2020-08-31;2020;"2020-560:61";1278;1;2,75207248655641;1,20558413364989;22;"Marin Cilic";77;"Denis Kudla";2,75207248655641;1,20558413364989;1,54648835290652;31,9;28;3,9;198;180;18;0,25;0,583333333333333;0,25;0,583333333333333;-0,333333333333333;12;4;7;1;5;3;5;3;2;0;0;1
"821727";"2020-560";"US Open";"Hard";"128";"Grand Slams";65;35;"Novak Djokovic";"R";188;"SRB";33,2;40;"Kyle Edmund";"R";188;"GBR";25,6;"6-7(5) 6-3 6-4 6-2";5;"R64";193;16;3;108;72;60;21;20;3;5;7;6;139;82;53;27;20;6;12;1;10860;44;1050;6;6;6;6;NA;7;3;4;2;NA;2020-08-31;2020;"2020-560:65";1279;1;8;2,5405683813627;35;"Novak Djokovic";40;"Kyle Edmund";8;2,5405683813627;5,4594316186373;33,2;25,6;7,6;188;188;0;0,6;0,5;0,6;0,5;0,1;12;5;6;3;6;2;6;2;4;0;0;1
"821728";"2020-560";"US Open";"Hard";"128";"Grand Slams";66;133;"Jan Lennard Struff";"R";193;"GER";30,3;95;"Michael Mmoh";"R";188;"USA";22,6;"6-2 6-2 7-5";5;"R64";100;14;1;72;43;39;20;14;1;1;3;1;81;51;35;12;14;4;9;29;1405;186;281;6;6;7;NA;NA;2;2;5;NA;NA;2020-08-31;2020;"2020-560:66";1280;0;3,14201900487243;0,460841188891969;95;"Michael Mmoh";133;"Jan Lennard Struff";0,460841188891969;3,14201900487243;-2,68117781598046;22,6;30,3;-7,7;188;193;-5;1;0,444444444444444;0,444444444444444;1;-0,555555555555556;9;1;4;1;5;0;0;5;-5;0;0;1
"821730";"2020-560";"US Open";"Hard";"128";"Grand Slams";68;12;"Ricardas Berankis";"R";175;"LTU";30,1;68;"Steve Johnson";"R";188;"USA";30,6;"7-5 6-2 1-6 7-6(1)";5;"R64";162;13;3;110;65;57;25;20;3;5;13;10;130;77;62;22;20;5;8;65;809;64;825;7;6;1;7;NA;5;2;6;6;NA;2020-08-31;2020;"2020-560:68";1281;1;1,97763218697155;2;12;"Ricardas Berankis";68;"Steve Johnson";1,97763218697155;2;-0,0223678130284544;30,1;30,6;-0,5;175;188;-13;0,6;0,625;0,6;0,625;-0,025;8;5;5;3;3;2;3;2;1;0;0;1
"821731";"2020-560";"US Open";"Hard";"128";"Grand Slams";69;124;"Denis Shapovalov";"L";185;"CAN";21,3;79;"Soon Woo Kwon";"R";180;"KOR";22,7;"6-7(5) 6-4 6-4 6-2";5;"R64";222;20;6;123;73;58;27;21;6;7;2;4;134;83;56;25;20;4;9;17;2075;73;742;6;6;6;6;NA;7;4;4;2;NA;2020-08-31;2020;"2020-560:69";1282;0;3,91253715874966;1,81017544111998;79;"Soon Woo Kwon";124;"Denis Shapovalov";1,81017544111998;3,91253715874966;-2,10236171762968;22,7;21,3;1,4;180;185;-5;0,857142857142857;0,444444444444444;0,444444444444444;0,857142857142857;-0,412698412698413;9;7;4;6;5;1;1;5;-4;0;0;1
"821732";"2020-560";"US Open";"Hard";"128";"Grand Slams";70;47;"Taylor Fritz";"R";193;"USA";22,8;125;"Gilles Simon";"R";183;"FRA";35,6;"7-5 6-3 6-2";5;"R64";120;16;2;94;51;39;27;15;8;9;4;2;75;44;31;15;14;3;8;25;1545;52;970;7;6;6;NA;NA;5;3;2;NA;NA;2020-08-31;2020;"2020-560:70";1283;1;3,35614381022528;2,29956028185891;47;"Taylor Fritz";125;"Gilles Simon";3,35614381022528;2,29956028185891;1,05658352836637;22,8;35,6;-12,8;193;183;10;0,888888888888889;0,375;0,888888888888889;0,375;0,513888888888889;8;9;3;8;5;1;5;1;4;0;0;1
"821733";"2020-560";"US Open";"Hard";"128";"Grand Slams";71;76;"Filip Krajinovic";"R";185;"SRB";28,5;53;"Marcos Giron";"R";180;"USA";27,1;"6-4 6-1 6-3";5;"R64";113;6;3;79;50;41;16;13;7;8;6;3;84;52;30;12;13;6;12;26;1503;96;639;6;6;6;NA;NA;4;1;3;NA;NA;2020-08-31;2020;"2020-560:71";1284;0;3,29956028185891;1,41503749927884;53;"Marcos Giron";76;"Filip Krajinovic";1,41503749927884;3,29956028185891;-1,88452278258006;27,1;28,5;-1,4;180;185;-5;0,875;0,5;0,5;0,875;-0,375;12;8;6;7;6;1;1;6;-5;0;0;1
"821734";"2020-560";"US Open";"Hard";"128";"Grand Slams";72;54;"David Goffin";"R";180;"BEL";29,7;58;"Lloyd Harris";"R";193;"RSA";23,5;"7-6(6) 4-6 6-1 6-4";5;"R64";174;12;7;150;90;69;24;21;11;15;11;3;106;78;55;11;19;3;9;10;2555;95;641;7;4;6;6;NA;6;6;1;4;NA;2020-08-31;2020;"2020-560:72";1285;1;4,67807190511264;1,43014439166905;54;"David Goffin";58;"Lloyd Harris";4,67807190511264;1,43014439166905;3,24792751344359;29,7;23,5;6,2;180;193;-13;0,733333333333333;0,333333333333333;0,733333333333333;0,333333333333333;0,4;9;15;3;11;6;4;6;4;2;0;0;1
"821735";"2020-560";"US Open";"Hard";"128";"Grand Slams";73;140;"Stefanos Tsitsipas";"R";193;"GRE";22;24;"Maxime Cressy";"R";198;"USA";23,3;"7-6(2) 6-3 6-4";5;"R64";144;9;6;107;62;52;22;16;4;4;21;10;112;72;50;21;16;8;10;6;5095;168;320;7;6;6;NA;NA;6;3;4;NA;NA;2020-08-31;2020;"2020-560:73";1286;0;5,41503749927884;0,607682577221239;24;"Maxime Cressy";140;"Stefanos Tsitsipas";0,607682577221239;5,41503749927884;-4,8073549220576;23,3;22;1,3;198;193;5;1;0,8;0,8;1;-0,2;10;4;8;4;2;0;0;2;-2;0;0;1
"821737";"2020-560";"US Open";"Hard";"128";"Grand Slams";75;135;"Jordan Thompson";"R";183;"AUS";26,3;52;"Egor Gerasimov";"R";196;"BLR";27,8;"6-1 6-4 3-6 6-3";5;"R64";165;8;0;111;71;51;23;18;5;7;2;6;109;78;52;11;17;9;14;63;829;72;744;6;6;3;6;NA;1;4;6;3;NA;2020-08-31;2020;"2020-560:75";1287;0;2,02272007650008;1,83007499855769;52;"Egor Gerasimov";135;"Jordan Thompson";1,83007499855769;2,02272007650008;-0,192645077942395;27,8;26,3;1,5;196;183;13;0,714285714285714;0,642857142857143;0,642857142857143;0,714285714285714;-0,0714285714285714;14;7;9;5;5;2;2;5;-3;0;0;1
"821738";"2020-560";"US Open";"Hard";"128";"Grand Slams";76;78;"Mikhail Kukushkin";"R";183;"KAZ";32,6;50;"Cristian Garin";"R";185;"CHI";24,2;"6-2 6-1 3-6 4-6 7-5";5;"R64";239;6;7;155;91;64;30;23;10;16;12;7;145;79;52;26;23;4;13;90;661;19;1900;6;6;3;4;7;2;1;6;6;5;2020-08-31;2020;"2020-560:76";1288;0;1,50814690367033;3,75207248655641;50;"Cristian Garin";78;"Mikhail Kukushkin";3,75207248655641;1,50814690367033;2,24392558288609;24,2;32,6;-8,4;185;183;2;0,625;0,307692307692308;0,307692307692308;0,625;-0,317307692307692;13;16;4;10;9;6;6;9;-3;0;0;1
"821740";"2020-560";"US Open";"Hard";"128";"Grand Slams";78;28;"Alejandro Davidovich Fokina";"R";183;"ESP";21,2;63;"Hubert Hurkacz";"R";196;"POL";23,5;"6-4 1-6 6-2 6-2";5;"R64";167;2;2;105;71;48;20;16;4;6;17;4;127;73;52;22;17;13;18;99;627;33;1353;6;1;6;6;NA;4;6;2;2;NA;2020-08-31;2020;"2020-560:78";1289;1;1,37064337992039;2,95560588064155;28;"Alejandro Davidovich Fokina";63;"Hubert Hurkacz";1,37064337992039;2,95560588064155;-1,58496250072116;21,2;23,5;-2,3;183;196;-13;0,666666666666667;0,722222222222222;0,666666666666667;0,722222222222222;-0,0555555555555556;18;6;13;4;5;2;5;2;3;0;0;1
"821741";"2020-560";"US Open";"Hard";"128";"Grand Slams";79;87;"Adrian Mannarino";"L";183;"FRA";32,1;128;"Jack Sock";"R";185;"USA";27,9;"7-6(5) 7-5 6-2";5;"R64";151;13;1;100;62;48;18;16;6;9;8;7;96;51;36;18;17;5;11;39;1191;389;95;7;7;6;NA;NA;6;5;2;NA;NA;2020-08-31;2020;"2020-560:79";1290;1;2,71459778113775;-0,603626344986193;87;"Adrian Mannarino";128;"Jack Sock";2,71459778113775;-0,603626344986193;3,31822412612394;32,1;27,9;4,2;183;185;-2;0,666666666666667;0,454545454545455;0,666666666666667;0,454545454545455;0,212121212121212;11;9;5;6;6;3;6;3;3;0;0;1
"821743";"2020-560";"US Open";"Hard";"128";"Grand Slams";81;14;"Matteo Berrettini";"R";196;"ITA";24,3;62;"Ugo Humbert";"L";188;"FRA";22,1;"6-4 6-4 7-6(6)";5;"R64";127;17;1;87;59;51;19;17;1;1;5;6;100;63;45;19;16;4;6;8;2940;42;1111;6;6;7;NA;NA;4;4;6;NA;NA;2020-08-31;2020;"2020-560:81";1291;1;5;2,60768257722124;14;"Matteo Berrettini";62;"Ugo Humbert";5;2,60768257722124;2,39231742277876;24,3;22,1;2,2;196;188;8;1;0,666666666666667;1;0,666666666666667;0,333333333333333;6;1;4;1;2;0;2;0;2;0;0;1
"821747";"2020-560";"US Open";"Hard";"128";"Grand Slams";85;48;"Marton Fucsovics";"R";188;"HUN";28,5;33;"Grigor Dimitrov";"R";188;"BUL";29,2;"6-7(5) 7-6(4) 3-6 6-4 6-1";5;"R64";290;5;3;168;103;69;38;25;8;14;6;9;213;137;89;34;27;27;35;66;787;20;1885;6;7;3;6;6;7;6;6;4;1;2020-08-31;2020;"2020-560:85";1292;0;1,95560588064155;3,67807190511264;33;"Grigor Dimitrov";48;"Marton Fucsovics";3,67807190511264;1,95560588064155;1,72246602447109;29,2;28,5;0,699999999999999;188;188;0;0,571428571428571;0,771428571428571;0,771428571428571;0,571428571428571;0,2;35;14;27;8;8;6;6;8;-2;0;0;1
"821748";"2020-560";"US Open";"Hard";"128";"Grand Slams";86;136;"Frances Tiafoe";"R";188;"USA";22,6;94;"John Millman";"R";183;"AUS";31,2;"7-6(6) 3-6 1-6 6-3 6-3";5;"R64";237;12;6;172;107;68;33;24;16;23;14;5;155;90;63;35;23;9;15;82;700;43;1096;7;3;1;6;6;6;6;6;3;3;2020-08-31;2020;"2020-560:86";1293;0;1,64244799538192;2,5737352452979;94;"John Millman";136;"Frances Tiafoe";2,5737352452979;1,64244799538192;0,931287249915986;31,2;22,6;8,6;183;188;-5;0,695652173913043;0,6;0,6;0,695652173913043;-0,0956521739130435;15;23;9;16;6;7;7;6;1;0;0;1
"821750";"2020-560";"US Open";"Hard";"128";"Grand Slams";88;92;"Daniil Medvedev";"R";198;"RUS";24,5;106;"Christopher Oconnell";"R";183;"AUS";26,2;"6-3 6-2 6-4";5;"R64";136;9;1;82;49;41;18;14;2;2;4;2;103;69;41;17;13;13;17;5;5890;116;498;6;6;6;NA;NA;3;2;4;NA;NA;2020-08-31;2020;"2020-560:88";1294;1;5,67807190511264;1,14201900487243;92;"Daniil Medvedev";106;"Christopher Oconnell";5,67807190511264;1,14201900487243;4,53605290024021;24,5;26,2;-1,7;198;183;15;1;0,764705882352941;1;0,764705882352941;0,235294117647059;17;2;13;2;4;0;4;0;4;0;0;1
"821751";"2020-560";"US Open";"Hard";"128";"Grand Slams";89;9;"Roberto Bautista Agut";"R";183;"ESP";32,3;71;"Miomir Kecmanovic";"R";183;"SRB";21;"6-3 3-6 6-3 6-4";5;"R64";158;7;4;123;72;54;33;10;5;6;12;1;120;81;57;18;10;14;17;11;2540;47;1028;6;3;6;6;NA;3;6;3;4;NA;2020-08-31;2020;"2020-560:89";1295;1;4,5405683813627;2,44541114832236;9;"Roberto Bautista Agut";71;"Miomir Kecmanovic";4,5405683813627;2,44541114832236;2,09515723304034;32,3;21;11,3;183;183;0;0,833333333333333;0,823529411764706;0,833333333333333;0,823529411764706;0,00980392156862753;17;6;14;5;3;1;3;1;2;0;0;1
"821752";"2020-560";"US Open";"Hard";"128";"Grand Slams";90;112;"Vasek Pospisil";"R";193;"CAN";30,1;116;"Milos Raonic";"R";196;"CAN";29,6;"6-7(1) 6-3 7-6(4) 6-3";5;"R64";198;20;5;132;88;72;27;23;5;5;29;11;133;91;75;19;21;8;10;94;642;18;1950;6;6;7;6;NA;7;3;6;3;NA;2020-08-31;2020;"2020-560:90";1296;1;1,44541114832236;3,83007499855769;112;"Vasek Pospisil";116;"Milos Raonic";1,44541114832236;3,83007499855769;-2,38466385023533;30,1;29,6;0,5;193;196;-3;1;0,8;1;0,8;0,2;10;5;8;5;2;0;2;0;2;0;0;1
"821753";"2020-560";"US Open";"Hard";"128";"Grand Slams";91;30;"Alex De Minaur";"R";183;"AUS";21,5;51;"Richard Gasquet";"R";185;"FRA";34,2;"6-4 6-3 6-7(6) 7-5";5;"R64";182;11;8;137;80;64;27;10;6;9;8;3;135;83;52;26;9;6;12;28;1485;51;985;6;6;6;7;NA;4;3;7;5;NA;2020-08-31;2020;"2020-560:91";1297;1;3,1926450779424;2,3275746580285;30;"Alex De Minaur";51;"Richard Gasquet";3,1926450779424;2,3275746580285;0,865070419913891;21,5;34,2;-12,7;183;185;-2;0,666666666666667;0,5;0,666666666666667;0,5;0,166666666666667;12;9;6;6;6;3;6;3;3;0;0;1
"821755";"2020-560";"US Open";"Hard";"128";"Grand Slams";93;6;"Felix Auger Aliassime";"R";193;"CAN";20;100;"Andy Murray";"R";190;"GBR";33,2;"6-2 6-3 6-4";5;"R64";128;24;2;70;46;41;15;14;0;0;2;2;95;52;29;25;13;5;9;21;1806;115;502;6;6;6;NA;NA;2;3;4;NA;NA;2020-08-31;2020;"2020-560:93";1298;1;3,60768257722124;1,15450994905563;6;"Felix Auger Aliassime";100;"Andy Murray";3,60768257722124;1,15450994905563;2,45317262816561;20;33,2;-13,2;193;190;3;1,5;0,555555555555556;1,5;0,555555555555556;0,944444444444444;9;0;5;0;4;0;4;0;4;0;0;1
"821756";"2020-560";"US Open";"Hard";"128";"Grand Slams";94;98;"Corentin Moutet";"L";178;"FRA";21,3;42;"Daniel Evans";"R";175;"GBR";30,2;"4-6 6-3 7-6(5) 7-6(1)";5;"R64";255;6;6;150;97;67;26;22;6;11;5;12;163;88;59;35;23;12;18;77;722;31;1384;4;6;7;7;NA;6;3;6;6;NA;2020-08-31;2020;"2020-560:94";1299;0;1,7332134593051;3,04580368961313;42;"Daniel Evans";98;"Corentin Moutet";3,04580368961313;1,7332134593051;1,31259023030803;30,2;21,3;8,9;175;178;-3;0,545454545454545;0,666666666666667;0,666666666666667;0,545454545454545;0,121212121212121;18;11;12;6;6;5;5;6;-1;0;0;1
"821759";"2020-560";"US Open";"Hard";"128";"Grand Slams";97;35;"Novak Djokovic";"R";188;"SRB";33,2;133;"Jan Lennard Struff";"R";193;"GER";30,3;"6-3 6-3 6-1";5;"R32";103;4;5;81;51;41;17;13;4;4;8;3;76;44;27;14;12;6;11;1;10860;29;1405;6;6;6;NA;NA;3;3;1;NA;NA;2020-08-31;2020;"2020-560:97";1300;1;8;3,14201900487243;35;"Novak Djokovic";133;"Jan Lennard Struff";8;3,14201900487243;4,85798099512757;33,2;30,3;2,9;188;193;-5;1;0,545454545454545;1;0,545454545454545;0,454545454545455;11;4;6;4;5;0;5;0;5;0;0;1
"821760";"2020-560";"US Open";"Hard";"128";"Grand Slams";98;18;"Pablo Carreno Busta";"R";188;"ESP";29,1;12;"Ricardas Berankis";"R";175;"LTU";30,1;"6-4 6-3 6-2";5;"R32";114;2;2;77;51;37;15;14;3;6;3;3;86;48;29;15;13;11;18;27;1500;65;809;6;6;6;NA;NA;4;3;2;NA;NA;2020-08-31;2020;"2020-560:98";1301;0;3,24511249783653;1,97763218697155;12;"Ricardas Berankis";18;"Pablo Carreno Busta";1,97763218697155;3,24511249783653;-1,26748031086499;30,1;29,1;1;175;188;-13;0,5;0,611111111111111;0,611111111111111;0,5;0,111111111111111;18;6;11;3;7;3;3;7;-4;0;0;1
"821761";"2020-560";"US Open";"Hard";"128";"Grand Slams";99;124;"Denis Shapovalov";"L";185;"CAN";21,3;47;"Taylor Fritz";"R";193;"USA";22,8;"3-6 6-3 4-6 7-6(5) 6-2";5;"R32";206;22;10;150;102;78;23;24;10;15;18;5;143;84;67;27;25;3;9;17;2075;25;1545;3;6;4;7;6;6;3;6;6;2;2020-08-31;2020;"2020-560:99";1302;0;3,91253715874966;3,35614381022528;47;"Taylor Fritz";124;"Denis Shapovalov";3,35614381022528;3,91253715874966;-0,556393348524385;22,8;21,3;1,5;193;185;8;0,666666666666667;0,333333333333333;0,333333333333333;0,666666666666667;-0,333333333333333;9;15;3;10;6;5;5;6;-1;0;0;1
"821762";"2020-560";"US Open";"Hard";"128";"Grand Slams";100;54;"David Goffin";"R";180;"BEL";29,7;76;"Filip Krajinovic";"R";185;"SRB";28,5;"6-1 7-6(5) 6-4";5;"R32";124;8;7;97;63;46;13;15;4;8;7;3;88;51;31;14;15;6;13;10;2555;26;1503;6;7;6;NA;NA;1;6;4;NA;NA;2020-08-31;2020;"2020-560:100";1303;1;4,67807190511264;3,29956028185891;54;"David Goffin";76;"Filip Krajinovic";4,67807190511264;3,29956028185891;1,37851162325373;29,7;28,5;1,2;180;185;-5;0,5;0,461538461538462;0,5;0,461538461538462;0,0384615384615384;13;8;6;4;7;4;7;4;3;0;0;1
"821763";"2020-560";"US Open";"Hard";"128";"Grand Slams";101;23;"Borna Coric";"R";188;"CRO";23,7;140;"Stefanos Tsitsipas";"R";193;"GRE";22;"6-7(2) 6-4 4-6 7-5 7-6(4)";5;"R32";276;4;2;171;112;77;35;28;10;15;16;3;179;121;81;37;30;7;13;32;1355;6;5095;6;6;4;7;7;7;4;6;5;6;2020-08-31;2020;"2020-560:101";1304;1;3;5,41503749927884;23;"Borna Coric";140;"Stefanos Tsitsipas";3;5,41503749927884;-2,41503749927884;23,7;22;1,7;188;193;-5;0,666666666666667;0,538461538461538;0,666666666666667;0,538461538461538;0,128205128205128;13;15;7;10;6;5;6;5;1;0;0;1
"821764";"2020-560";"US Open";"Hard";"128";"Grand Slams";102;135;"Jordan Thompson";"R";183;"AUS";26,3;78;"Mikhail Kukushkin";"R";183;"KAZ";32,6;"7-5 6-4 6-1";5;"R32";143;11;2;86;56;43;15;15;3;5;2;2;97;48;24;25;14;7;13;63;829;90;661;7;6;6;NA;NA;5;4;1;NA;NA;2020-08-31;2020;"2020-560:102";1305;0;2,02272007650008;1,50814690367033;78;"Mikhail Kukushkin";135;"Jordan Thompson";1,50814690367033;2,02272007650008;-0,514573172829758;32,6;26,3;6,3;183;183;0;0,6;0,538461538461538;0,538461538461538;0,6;-0,0615384615384615;13;5;7;3;6;2;2;6;-4;0;0;1
"821765";"2020-560";"US Open";"Hard";"128";"Grand Slams";103;28;"Alejandro Davidovich Fokina";"R";183;"ESP";21,2;105;"Cameron Norrie";"L";188;"GBR";25;"7-6(2) 4-6 6-2 6-1";5;"R32";163;4;3;114;78;53;25;19;5;8;8;6;118;76;49;19;19;12;18;99;627;76;727;7;4;6;6;NA;6;6;2;1;NA;2020-08-31;2020;"2020-560:103";1306;1;1,37064337992039;1,75207248655641;28;"Alejandro Davidovich Fokina";105;"Cameron Norrie";1,37064337992039;1,75207248655641;-0,381429106636024;21,2;25;-3,8;183;188;-5;0,625;0,666666666666667;0,625;0,666666666666667;-0,0416666666666666;18;8;12;5;6;3;6;3;3;0;0;1
"821766";"2020-560";"US Open";"Hard";"128";"Grand Slams";104;148;"Alexander Zverev";"R";198;"GER";23,3;87;"Adrian Mannarino";"L";183;"FRA";32,1;"6-7(4) 6-4 6-2 6-2";5;"R32";172;14;11;116;73;58;22;20;6;8;4;2;121;75;47;23;19;2;9;7;3630;39;1191;6;6;6;6;NA;7;4;2;2;NA;2020-08-31;2020;"2020-560:104";1307;0;5,1926450779424;2,71459778113775;87;"Adrian Mannarino";148;"Alexander Zverev";2,71459778113775;5,1926450779424;-2,47804729680464;32,1;23,3;8,8;183;198;-15;0,75;0,222222222222222;0,222222222222222;0,75;-0,527777777777778;9;8;2;6;7;2;2;7;-5;0;0;1
"821767";"2020-560";"US Open";"Hard";"128";"Grand Slams";105;14;"Matteo Berrettini";"R";196;"ITA";24,3;120;"Casper Ruud";"R";183;"NOR";21,6;"6-4 6-4 6-2";5;"R32";123;13;4;88;53;45;19;14;5;5;2;3;86;54;37;16;14;6;10;8;2940;37;1279;6;6;6;NA;NA;4;4;2;NA;NA;2020-08-31;2020;"2020-560:105";1308;1;5;2,79054663437105;14;"Matteo Berrettini";120;"Casper Ruud";5;2,79054663437105;2,20945336562895;24,3;21,6;2,7;196;183;13;1;0,6;1;0,6;0,4;10;5;6;5;4;0;4;0;4;0;0;1
"821769";"2020-560";"US Open";"Hard";"128";"Grand Slams";107;136;"Frances Tiafoe";"R";188;"USA";22,6;48;"Marton Fucsovics";"R";188;"HUN";28,5;"6-2 6-3 6-2";5;"R32";104;4;1;81;47;39;18;13;5;6;4;2;65;38;20;12;12;3;9;82;700;66;787;6;6;6;NA;NA;2;3;2;NA;NA;2020-08-31;2020;"2020-560:107";1309;0;1,64244799538192;1,95560588064155;48;"Marton Fucsovics";136;"Frances Tiafoe";1,95560588064155;1,64244799538192;0,31315788525963;28,5;22,6;5,9;188;188;0;0,833333333333333;0,333333333333333;0,333333333333333;0,833333333333333;-0,5;9;6;3;5;6;1;1;6;-5;0;0;1
"821771";"2020-560";"US Open";"Hard";"128";"Grand Slams";109;112;"Vasek Pospisil";"R";193;"CAN";30,1;9;"Roberto Bautista Agut";"R";183;"ESP";32,3;"7-5 2-6 4-6 6-3 6-2";5;"R32";220;19;7;162;100;75;30;24;12;15;2;3;130;85;62;23;23;4;8;94;642;11;2540;7;2;4;6;6;5;6;6;3;2;2020-08-31;2020;"2020-560:109";1310;0;1,44541114832236;4,5405683813627;9;"Roberto Bautista Agut";112;"Vasek Pospisil";4,5405683813627;1,44541114832236;3,09515723304034;32,3;30,1;2,2;183;193;-10;0,8;0,5;0,5;0,8;-0,3;8;15;4;12;4;3;3;4;-1;0;0;1
"821772";"2020-560";"US Open";"Hard";"128";"Grand Slams";110;30;"Alex De Minaur";"R";183;"AUS";21,5;72;"Karen Khachanov";"R";198;"RUS";24,2;"6-4 0-6 4-6 6-3 6-1";5;"R32";182;8;6;141;81;56;27;21;5;10;6;5;137;90;52;28;21;7;13;28;1485;16;2120;6;0;4;6;6;4;6;6;3;1;2020-08-31;2020;"2020-560:110";1311;1;3,1926450779424;4;30;"Alex De Minaur";72;"Karen Khachanov";3,1926450779424;4;-0,807354922057604;21,5;24,2;-2,7;183;198;-15;0,5;0,538461538461538;0,5;0,538461538461538;-0,0384615384615384;13;10;7;5;6;5;6;5;1;0;0;1
"821773";"2020-560";"US Open";"Hard";"128";"Grand Slams";111;6;"Felix Auger Aliassime";"R";193;"CAN";20;98;"Corentin Moutet";"L";178;"FRA";21,3;"6-1 6-0 6-4";5;"R32";117;5;4;76;49;36;17;12;3;4;2;3;76;45;22;12;11;7;14;21;1806;77;722;6;6;6;NA;NA;1;0;4;NA;NA;2020-08-31;2020;"2020-560:111";1312;1;3,60768257722124;1,7332134593051;6;"Felix Auger Aliassime";98;"Corentin Moutet";3,60768257722124;1,7332134593051;1,87446911791614;20;21,3;-1,3;193;178;15;0,75;0,5;0,75;0,5;0,25;14;4;7;3;7;1;7;1;6;0;0;1
"821774";"2020-560";"US Open";"Hard";"128";"Grand Slams";112;134;"Dominic Thiem";"R";185;"AUT";26,9;22;"Marin Cilic";"R";198;"CRO";31,9;"6-2 6-2 3-6 6-3";5;"R32";147;9;2;104;61;53;20;17;7;8;5;3;98;61;45;16;17;5;10;3;7135;38;1225;6;6;3;6;NA;2;2;6;3;NA;2020-08-31;2020;"2020-560:112";1313;0;6,41503749927884;2,75207248655641;22;"Marin Cilic";134;"Dominic Thiem";2,75207248655641;6,41503749927884;-3,66296501272243;31,9;26,9;5;198;185;13;0,875;0,5;0,5;0,875;-0,375;10;8;5;7;5;1;1;5;-4;0;0;1
"821776";"2020-560";"US Open";"Hard";"128";"Grand Slams";114;124;"Denis Shapovalov";"L";185;"CAN";21,3;54;"David Goffin";"R";180;"BEL";29,7;"6-7(0) 6-3 6-4 6-3";5;"R16";210;13;5;130;83;63;25;21;6;7;3;5;157;95;65;27;20;11;16;17;2075;10;2555;6;6;6;6;NA;7;3;4;3;NA;2020-08-31;2020;"2020-560:114";1314;0;3,91253715874966;4,67807190511264;54;"David Goffin";124;"Denis Shapovalov";4,67807190511264;3,91253715874966;0,765534746362977;29,7;21,3;8,4;180;185;-5;0,857142857142857;0,6875;0,6875;0,857142857142857;-0,169642857142857;16;7;11;6;5;1;1;5;-4;0;0;1
"821777";"2020-560";"US Open";"Hard";"128";"Grand Slams";115;23;"Borna Coric";"R";188;"CRO";23,7;135;"Jordan Thompson";"R";183;"AUS";26,3;"7-5 6-1 6-3";5;"R16";128;4;0;87;62;47;12;14;1;2;2;4;80;44;28;14;14;5;11;32;1355;63;829;7;6;6;NA;NA;5;1;3;NA;NA;2020-08-31;2020;"2020-560:115";1315;1;3;2,02272007650008;23;"Borna Coric";135;"Jordan Thompson";3;2,02272007650008;0,977279923499917;23,7;26,3;-2,6;188;183;5;0,5;0,454545454545455;0,5;0,454545454545455;0,0454545454545455;11;2;5;1;6;1;6;1;5;0;0;1
"821778";"2020-560";"US Open";"Hard";"128";"Grand Slams";116;148;"Alexander Zverev";"R";198;"GER";23,3;28;"Alejandro Davidovich Fokina";"R";183;"ESP";21,2;"6-2 6-2 6-1";5;"R16";94;18;2;77;51;38;13;11;6;7;2;4;75;53;23;9;12;3;11;7;3630;99;627;6;6;6;NA;NA;2;2;1;NA;NA;2020-08-31;2020;"2020-560:116";1316;0;5,1926450779424;1,37064337992039;28;"Alejandro Davidovich Fokina";148;"Alexander Zverev";1,37064337992039;5,1926450779424;-3,82200169802201;21,2;23,3;-2,1;183;198;-15;0,857142857142857;0,272727272727273;0,272727272727273;0,857142857142857;-0,584415584415584;11;7;3;6;8;1;1;8;-7;0;0;1
"821779";"2020-560";"US Open";"Hard";"128";"Grand Slams";117;119;"Andrey Rublev";"R";188;"RUS";22,8;14;"Matteo Berrettini";"R";196;"ITA";24,3;"4-6 6-3 6-3 6-3";5;"R16";162;9;4;117;68;58;24;19;7;8;5;3;110;62;44;25;18;5;9;14;2234;8;2940;4;6;6;6;NA;6;3;3;3;NA;2020-08-31;2020;"2020-560:117";1317;0;4,1926450779424;5;14;"Matteo Berrettini";119;"Andrey Rublev";5;4,1926450779424;0,807354922057604;24,3;22,8;1,5;196;188;8;0,875;0,555555555555556;0,555555555555556;0,875;-0,319444444444444;9;8;5;7;4;1;1;4;-3;0;0;1
"821780";"2020-560";"US Open";"Hard";"128";"Grand Slams";118;92;"Daniil Medvedev";"R";198;"RUS";24,5;136;"Frances Tiafoe";"R";188;"USA";22,6;"6-4 6-1 6-0";5;"R16";98;7;1;60;31;22;20;11;0;1;1;1;70;44;24;6;12;3;11;5;5890;82;700;6;6;6;NA;NA;4;1;0;NA;NA;2020-08-31;2020;"2020-560:118";1318;1;5,67807190511264;1,64244799538192;92;"Daniil Medvedev";136;"Frances Tiafoe";5,67807190511264;1,64244799538192;4,03562390973072;24,5;22,6;1,9;198;188;10;0;0,272727272727273;0;0,272727272727273;-0,272727272727273;11;1;3;0;8;1;8;1;7;0;0;1
"821781";"2020-560";"US Open";"Hard";"128";"Grand Slams";119;30;"Alex De Minaur";"R";183;"AUS";21,5;112;"Vasek Pospisil";"R";193;"CAN";30,1;"7-6(6) 6-3 6-2";5;"R16";137;2;2;85;50;40;22;16;1;2;9;6;110;66;48;14;14;3;7;28;1485;94;642;7;6;6;NA;NA;6;3;2;NA;NA;2020-08-31;2020;"2020-560:119";1319;1;3,1926450779424;1,44541114832236;30;"Alex De Minaur";112;"Vasek Pospisil";3,1926450779424;1,44541114832236;1,74723392962003;21,5;30,1;-8,6;183;193;-10;0,5;0,428571428571429;0,5;0,428571428571429;0,0714285714285715;7;2;3;1;4;1;4;1;3;0;0;1
"821782";"2020-560";"US Open";"Hard";"128";"Grand Slams";120;134;"Dominic Thiem";"R";185;"AUT";26,9;6;"Felix Auger Aliassime";"R";193;"CAN";20;"7-6(4) 6-1 6-1";5;"R16";127;3;2;80;54;40;18;14;2;3;12;2;88;53;32;14;13;8;14;3;7135;21;1806;7;6;6;NA;NA;6;1;1;NA;NA;2020-08-31;2020;"2020-560:120";1320;0;6,41503749927884;3,60768257722124;6;"Felix Auger Aliassime";134;"Dominic Thiem";3,60768257722124;6,41503749927884;-2,8073549220576;20;26,9;-6,9;193;185;8;0,666666666666667;0,571428571428571;0,571428571428571;0,666666666666667;-0,0952380952380952;14;3;8;2;6;1;1;6;-5;0;0;1
"821783";"2020-560";"US Open";"Hard";"128";"Grand Slams";121;18;"Pablo Carreno Busta";"R";188;"ESP";29,1;124;"Denis Shapovalov";"L";185;"CAN";21,3;"3-6 7-6(5) 7-6(4) 0-6 6-3";5;"QF";248;5;1;144;102;69;23;26;8;16;26;11;169;104;82;26;24;16;21;27;1500;17;2075;3;7;7;0;6;6;6;6;6;3;2020-08-31;2020;"2020-560:121";1321;1;3,24511249783653;3,91253715874966;18;"Pablo Carreno Busta";124;"Denis Shapovalov";3,24511249783653;3,91253715874966;-0,667424660913129;29,1;21,3;7,8;188;185;3;0,5;0,761904761904762;0,5;0,761904761904762;-0,261904761904762;21;16;16;8;5;8;5;8;-3;0;0;1
"821784";"2020-560";"US Open";"Hard";"128";"Grand Slams";122;148;"Alexander Zverev";"R";198;"GER";23,3;23;"Borna Coric";"R";188;"CRO";23,7;"1-6 7-6(5) 7-6(1) 6-3";5;"QF";205;18;12;141;100;76;17;21;11;15;5;2;127;92;64;20;21;5;8;7;3630;32;1355;1;7;7;6;NA;6;6;6;3;NA;2020-08-31;2020;"2020-560:122";1322;0;5,1926450779424;3;23;"Borna Coric";148;"Alexander Zverev";3;5,1926450779424;-2,1926450779424;23,7;23,3;0,399999999999999;188;198;-10;0,733333333333333;0,625;0,625;0,733333333333333;-0,108333333333333;8;15;5;11;3;4;4;3;1;0;0;1
"821785";"2020-560";"US Open";"Hard";"128";"Grand Slams";123;92;"Daniil Medvedev";"R";198;"RUS";24,5;119;"Andrey Rublev";"R";188;"RUS";22,8;"7-6(6) 6-3 7-6(5)";5;"QF";147;16;3;97;57;51;26;18;0;0;10;1;100;51;40;30;17;0;1;5;5890;14;2234;7;6;7;NA;NA;6;3;6;NA;NA;2020-08-31;2020;"2020-560:123";1323;1;5,67807190511264;4,1926450779424;92;"Daniil Medvedev";119;"Andrey Rublev";5,67807190511264;4,1926450779424;1,48542682717024;24,5;22,8;1,7;198;188;10;1,5;0;1,5;0;1,5;1;0;0;0;1;0;1;0;1;0;0;1
"821786";"2020-560";"US Open";"Hard";"128";"Grand Slams";124;134;"Dominic Thiem";"R";185;"AUT";26,9;30;"Alex De Minaur";"R";183;"AUS";21,5;"6-1 6-2 6-4";5;"QF";124;11;3;89;53;44;14;13;5;7;1;3;76;43;21;17;12;6;13;3;7135;28;1485;6;6;6;NA;NA;1;2;4;NA;NA;2020-08-31;2020;"2020-560:124";1324;0;6,41503749927884;3,1926450779424;30;"Alex De Minaur";134;"Dominic Thiem";3,1926450779424;6,41503749927884;-3,22239242133645;21,5;26,9;-5,4;183;185;-2;0,714285714285714;0,461538461538462;0,461538461538462;0,714285714285714;-0,252747252747253;13;7;6;5;7;2;2;7;-5;0;0;1
"821787";"2020-560";"US Open";"Hard";"128";"Grand Slams";125;148;"Alexander Zverev";"R";198;"GER";23,3;18;"Pablo Carreno Busta";"R";188;"ESP";29,1;"3-6 2-6 6-3 6-4 6-3";5;"SF";203;24;8;138;86;67;19;22;9;16;4;1;149;106;68;18;23;14;22;7;3630;27;1500;3;2;6;6;6;6;6;3;4;3;2020-08-31;2020;"2020-560:125";1325;0;5,1926450779424;3,24511249783653;18;"Pablo Carreno Busta";148;"Alexander Zverev";3,24511249783653;5,1926450779424;-1,94753258010586;29,1;23,3;5,8;188;198;-10;0,5625;0,636363636363636;0,636363636363636;0,5625;0,0738636363636364;22;16;14;9;8;7;7;8;-1;0;0;1
"821788";"2020-560";"US Open";"Hard";"128";"Grand Slams";126;134;"Dominic Thiem";"R";185;"AUT";26,9;92;"Daniil Medvedev";"R";198;"RUS";24,5;"6-2 7-6(7) 7-6(5)";5;"SF";176;2;3;114;67;53;26;17;6;8;12;4;126;74;56;21;17;6;10;3;7135;5;5890;6;7;7;NA;NA;2;6;6;NA;NA;2020-08-31;2020;"2020-560:126";1326;0;6,41503749927884;5,67807190511264;92;"Daniil Medvedev";134;"Dominic Thiem";5,67807190511264;6,41503749927884;-0,736965594166206;24,5;26,9;-2,4;198;185;13;0,75;0,6;0,6;0,75;-0,15;10;8;6;6;4;2;2;4;-2;0;0;1
"821789";"2020-560";"US Open";"Hard";"128";"Grand Slams";127;134;"Dominic Thiem";"R";185;"AUT";26,9;148;"Alexander Zverev";"R";198;"GER";23,3;"2-6 4-6 6-4 6-3 7-6(6)";5;"F";242;8;8;165;103;70;30;26;10;18;15;15;157;101;71;23;24;6;13;3;7135;7;3630;2;4;6;6;7;6;6;4;3;6;2020-08-31;2020;"2020-560:127";1327;1;6,41503749927884;5,1926450779424;134;"Dominic Thiem";148;"Alexander Zverev";6,41503749927884;5,1926450779424;1,22239242133645;26,9;23,3;3,6;185;198;-13;0,555555555555556;0,461538461538462;0,555555555555556;0,461538461538462;0,094017094017094;13;18;6;10;7;8;7;8;-1;0;0;1
"826846";"2021-580";"Australian Open";"Hard";"128";"Grand Slams";1;35;"Novak Djokovic";"R";188;"SRB";33,7;20;"Jeremy Chardy";"R";188;"FRA";33,9;"6-3 6-1 6-2";5;"R128";91;9;1;57;43;37;11;12;0;0;3;3;86;51;30;13;12;7;13;1;12030;61;1020;6;6;6;NA;NA;3;1;2;NA;NA;2021-02-08;2021;"2021-580:1";1328;0;8;2,06926266243711;20;"Jeremy Chardy";35;"Novak Djokovic";2,06926266243711;8;-5,93073733756289;33,9;33,7;0,199999999999996;188;188;0;1,5;0,538461538461538;0,538461538461538;1,5;-0,961538461538462;13;0;7;0;6;0;0;6;-6;0;0;1
"826849";"2021-580";"Australian Open";"Hard";"128";"Grand Slams";4;47;"Taylor Fritz";"R";193;"USA";23,2;115;"Albert Ramos";"L";188;"ESP";33;"7-6(6) 3-6 6-2 7-6(6)";5;"R128";203;11;4;143;81;59;32;21;11;14;6;4;142;94;61;26;20;6;10;31;1695;46;1210;7;3;6;7;NA;6;6;2;6;NA;2021-02-08;2021;"2021-580:4";1329;1;3,04580368961313;2,47643804394299;47;"Taylor Fritz";115;"Albert Ramos";3,04580368961313;2,47643804394299;0,569365645670138;23,2;33;-9,8;193;188;5;0,785714285714286;0,6;0,785714285714286;0,6;0,185714285714286;10;14;6;11;4;3;4;3;1;0;0;1
"826852";"2021-580";"Australian Open";"Hard";"128";"Grand Slams";7;98;"Corentin Moutet";"L";178;"FRA";21,8;94;"John Millman";"R";183;"AUS";31,6;"6-4 6-7(4) 3-6 6-2 6-3";5;"R128";225;1;0;148;117;73;19;24;3;7;3;0;154;98;64;27;24;6;13;71;928;39;1421;6;6;3;6;6;4;7;6;2;3;2021-02-08;2021;"2021-580:7";1330;0;1,85025288049532;2,71459778113775;94;"John Millman";98;"Corentin Moutet";2,71459778113775;1,85025288049532;0,864344900642434;31,6;21,8;9,8;183;178;5;0,428571428571429;0,461538461538462;0,461538461538462;0,428571428571429;0,032967032967033;13;7;6;3;7;4;4;7;-3;0;0;1
"826855";"2021-580";"Australian Open";"Hard";"128";"Grand Slams";10;88;"Pedro Martinez";"R";185;"ESP";23,7;104;"Yoshihito Nishioka";"L";170;"JPN";25,3;"6-7(3) 6-1 6-1 6-1";5;"R128";159;7;1;101;70;49;16;17;8;11;4;1;116;65;32;23;16;10;21;87;810;58;1062;6;6;6;6;NA;7;1;1;1;NA;2021-02-08;2021;"2021-580:10";1331;1;1,55705650415127;2,14201900487243;88;"Pedro Martinez";104;"Yoshihito Nishioka";1,55705650415127;2,14201900487243;-0,584962500721156;23,7;25,3;-1,6;185;170;15;0,727272727272727;0,476190476190476;0,727272727272727;0,476190476190476;0,251082251082251;21;11;10;8;11;3;11;3;8;0;0;1
"826856";"2021-580";"Australian Open";"Hard";"128";"Grand Slams";11;16;"Alexander Bublik";"R";196;"KAZ";23,6;10;"Aljaz Bedene";"R";181;"SLO";31,5;"6-4 7-5 5-7 6-4";5;"R128";156;41;10;136;89;66;24;22;6;9;15;3;117;74;55;26;22;4;9;45;1220;57;1065;6;7;5;6;NA;4;5;7;4;NA;2021-02-08;2021;"2021-580:11";1332;0;2,50814690367033;2,16710998583526;10;"Aljaz Bedene";16;"Alexander Bublik";2,16710998583526;2,50814690367033;-0,341036917835067;31,5;23,6;7,9;181;196;-15;0,666666666666667;0,444444444444444;0,444444444444444;0,666666666666667;-0,222222222222222;9;9;4;6;5;3;3;5;-2;0;0;1
"826857";"2021-580";"Australian Open";"Hard";"128";"Grand Slams";12;83;"Dusan Lajovic";"R";180;"SRB";30,6;131;"Sergiy Stakhovsky";"R";193;"UKR";35;"5-7 6-4 6-3 5-7 6-4";5;"R128";204;6;5;148;106;71;25;27;6;11;11;5;168;97;66;38;26;10;17;27;1785;200;332;5;6;6;5;6;7;4;3;7;4;2021-02-08;2021;"2021-580:12";1333;1;3,24511249783653;0,356143810225276;83;"Dusan Lajovic";131;"Sergiy Stakhovsky";3,24511249783653;0,356143810225276;2,88896868761126;30,6;35;-4,4;180;193;-13;0,545454545454545;0,588235294117647;0,545454545454545;0,588235294117647;-0,0427807486631017;17;11;10;6;7;5;7;5;2;0;0;1
"826860";"2021-580";"Australian Open";"Hard";"128";"Grand Slams";15;24;"Maxime Cressy";"R";198;"USA";23,7;26;"Taro Daniel";"R";191;"JPN";28;"7-6(1) 7-6(3) 6-4";5;"R128";147;26;4;91;59;52;21;17;0;1;4;4;129;83;62;18;17;6;8;172;389;118;591;7;7;6;NA;NA;6;6;4;NA;NA;2021-02-08;2021;"2021-580:15";1334;1;0,573735245297902;1,11735695063816;24;"Maxime Cressy";26;"Taro Daniel";0,573735245297902;1,11735695063816;-0,543621705340256;23,7;28;-4,3;198;191;7;0;0,75;0;0,75;-0,75;8;1;6;0;2;1;2;1;1;0;0;1
"826861";"2021-580";"Australian Open";"Hard";"128";"Grand Slams";16;148;"Alexander Zverev";"R";198;"GER";23,8;53;"Marcos Giron";"R";180;"USA";27,5;"6-7(8) 7-6(5) 6-3 6-2";5;"R128";162;16;4;111;77;67;20;21;2;4;6;8;138;81;63;22;20;9;15;7;5615;75;889;6;7;6;6;NA;7;6;3;2;NA;2021-02-08;2021;"2021-580:16";1335;0;5,1926450779424;1,77118130950412;53;"Marcos Giron";148;"Alexander Zverev";1,77118130950412;5,1926450779424;-3,42146376843828;27,5;23,8;3,7;180;198;-18;0,5;0,6;0,6;0,5;0,1;15;4;9;2;6;2;2;6;-4;0;0;1
"826862";"2021-580";"Australian Open";"Hard";"128";"Grand Slams";17;134;"Dominic Thiem";"R";185;"AUT";27,4;78;"Mikhail Kukushkin";"R";183;"KAZ";33,1;"7-6(2) 6-2 6-3";5;"R128";160;1;2;75;47;35;17;15;1;4;4;4;127;75;41;21;14;13;20;3;9125;90;796;7;6;6;NA;NA;6;2;3;NA;NA;2021-02-08;2021;"2021-580:17";1336;0;6,41503749927884;1,50814690367033;78;"Mikhail Kukushkin";134;"Dominic Thiem";1,50814690367033;6,41503749927884;-4,90689059560852;33,1;27,4;5,7;183;185;-2;0,25;0,65;0,65;0,25;0,4;20;4;13;1;7;3;3;7;-4;0;0;1
"826866";"2021-580";"Australian Open";"Hard";"128";"Grand Slams";21;33;"Grigor Dimitrov";"R";188;"BUL";29,7;22;"Marin Cilic";"R";198;"CRO";32,3;"6-4 6-2 7-6(5)";5;"R128";128;19;2;91;63;52;15;15;3;4;4;2;93;54;42;18;15;6;10;21;2260;43;1325;6;6;7;NA;NA;4;2;6;NA;NA;2021-02-08;2021;"2021-580:21";1337;0;3,60768257722124;2,5737352452979;22;"Marin Cilic";33;"Grigor Dimitrov";2,5737352452979;3,60768257722124;-1,03394733192334;32,3;29,7;2,6;198;188;10;0,75;0,6;0,6;0,75;-0,15;10;4;6;3;4;1;1;4;-3;0;0;1
"826869";"2021-580";"Australian Open";"Hard";"128";"Grand Slams";24;18;"Pablo Carreno Busta";"R";188;"ESP";29,5;103;"Kei Nishikori";"R";178;"JPN";31,1;"7-5 7-6(4) 6-2";5;"R128";143;12;2;109;78;57;15;16;8;11;3;1;102;68;43;18;16;5;11;16;2585;42;1345;7;7;6;NA;NA;5;6;2;NA;NA;2021-02-08;2021;"2021-580:24";1338;1;4;2,60768257722124;18;"Pablo Carreno Busta";103;"Kei Nishikori";4;2,60768257722124;1,39231742277876;29,5;31,1;-1,6;188;178;10;0,727272727272727;0,454545454545455;0,727272727272727;0,454545454545455;0,272727272727273;11;11;5;8;6;3;6;3;3;0;0;1
"826870";"2021-580";"Australian Open";"Hard";"128";"Grand Slams";25;124;"Denis Shapovalov";"L";185;"CAN";21,8;126;"Jannik Sinner";"R";188;"ITA";19,4;"3-6 6-3 6-2 4-6 6-4";5;"R128";235;12;9;157;99;74;28;23;17;20;4;4;145;102;68;24;23;5;10;12;2830;32;1694;3;6;6;4;6;6;3;2;6;4;2021-02-08;2021;"2021-580:25";1339;1;4,41503749927884;3;124;"Denis Shapovalov";126;"Jannik Sinner";4,41503749927884;3;1,41503749927884;21,8;19,4;2,4;185;188;-3;0,85;0,5;0,85;0,5;0,35;10;20;5;17;5;3;5;3;2;0;0;1
"826872";"2021-580";"Australian Open";"Hard";"128";"Grand Slams";27;38;"James Duckworth";"R";183;"AUS";29;39;"Damir Dzumhur";"R";172;"BIH";28,7;"6-3 6-2 6-4";5;"R128";100;6;1;81;48;34;20;14;1;3;3;6;89;56;38;9;13;9;15;105;721;120;572;6;6;6;NA;NA;3;2;4;NA;NA;2021-02-08;2021;"2021-580:27";1340;1;1,28575448233388;1,09310940439148;38;"James Duckworth";39;"Damir Dzumhur";1,28575448233388;1,09310940439148;0,192645077942396;29;28,7;0,300000000000001;183;172;11;0,333333333333333;0,6;0,333333333333333;0,6;-0,266666666666667;15;3;9;1;6;2;6;2;4;0;0;1
"826874";"2021-580";"Australian Open";"Hard";"128";"Grand Slams";29;52;"Egor Gerasimov";"R";196;"BLR";28,2;108;"Benoit Paire";"R";196;"FRA";31,7;"6-2 2-6 7-6(5) 7-5";5;"R128";192;5;5;160;96;59;30;20;14;21;21;23;152;82;54;26;20;15;23;79;854;29;1738;6;2;7;7;NA;2;6;6;5;NA;2021-02-08;2021;"2021-580:29";1341;1;1,6962192518229;3,14201900487243;52;"Egor Gerasimov";108;"Benoit Paire";1,6962192518229;3,14201900487243;-1,44579975304953;28,2;31,7;-3,5;196;196;0;0,666666666666667;0,652173913043478;0,666666666666667;0,652173913043478;0,0144927536231884;23;21;15;14;8;7;8;7;1;0;0;1
"826881";"2021-580";"Australian Open";"Hard";"128";"Grand Slams";36;129;"Lorenzo Sonego";"R";191;"ITA";25,7;114;"Sam Querrey";"R";198;"USA";33,3;"7-5 6-4 6-4";5;"R128";131;11;4;101;59;46;26;16;2;2;10;6;97;51;40;22;16;7;10;35;1588;52;1085;7;6;6;NA;NA;5;4;4;NA;NA;2021-02-08;2021;"2021-580:36";1342;0;2,87071698305503;2,29956028185891;114;"Sam Querrey";129;"Lorenzo Sonego";2,29956028185891;2,87071698305503;-0,571156701196125;33,3;25,7;7,6;198;191;7;1;0,7;0,7;1;-0,3;10;2;7;2;3;0;0;3;-3;0;0;1
"826883";"2021-580";"Australian Open";"Hard";"128";"Grand Slams";38;109;"Tommy Paul";"R";185;"USA";23,7;8;"Nikoloz Basilashvili";"R";185;"GEO";28,9;"6-4 7-6(0) 6-4";5;"R128";130;11;1;102;73;52;15;16;7;10;3;5;106;61;38;21;16;9;14;53;1080;40;1405;6;7;6;NA;NA;4;6;4;NA;NA;2021-02-08;2021;"2021-580:38";1343;0;2,2720795454368;2,67807190511264;8;"Nikoloz Basilashvili";109;"Tommy Paul";2,67807190511264;2,2720795454368;0,405992359675836;28,9;23,7;5,2;185;185;0;0,7;0,642857142857143;0,642857142857143;0,7;-0,057142857142857;14;10;9;7;5;3;3;5;-2;0;0;1
"826884";"2021-580";"Australian Open";"Hard";"128";"Grand Slams";39;106;"Christopher Oconnell";"R";183;"AUS";26,6;133;"Jan Lennard Struff";"R";193;"GER";30,7;"7-6(2) 7-6(5) 6-1";5;"R128";122;10;3;108;63;55;23;16;6;6;14;3;100;60;49;17;15;2;4;121;568;37;1495;7;7;6;NA;NA;6;6;1;NA;NA;2021-02-08;2021;"2021-580:39";1344;1;1,08113676272541;2,79054663437105;106;"Christopher Oconnell";133;"Jan Lennard Struff";1,08113676272541;2,79054663437105;-1,70940987164564;26,6;30,7;-4,1;183;193;-10;1;0,5;1;0,5;0,5;4;6;2;6;2;0;2;0;2;0;0;1
"826885";"2021-580";"Australian Open";"Hard";"128";"Grand Slams";40;1;"Radu Albot";"R";175;"MDA";31,2;9;"Roberto Bautista Agut";"R";183;"ESP";32,8;"6-7(1) 6-0 6-4 7-6(5)";5;"R128";195;11;4;129;78;59;24;20;4;8;7;7;136;90;53;20;20;6;14;85;817;13;2710;6;6;6;7;NA;7;0;4;6;NA;2021-02-08;2021;"2021-580:40";1345;1;1,5906090638623;4,29956028185891;1;"Radu Albot";9;"Roberto Bautista Agut";1,5906090638623;4,29956028185891;-2,70895121799661;31,2;32,8;-1,6;175;183;-8;0,5;0,428571428571429;0,5;0,428571428571429;0,0714285714285715;14;8;6;4;8;4;8;4;4;0;0;1
"826886";"2021-580";"Australian Open";"Hard";"128";"Grand Slams";41;111;"Alexei Popyrin";"R";196;"AUS";21,5;54;"David Goffin";"R";180;"BEL";30,1;"3-6 6-4 6-7(4) 7-6(6) 6-3";5;"R128";223;12;7;159;94;67;37;26;4;9;8;11;180;107;76;35;26;7;13;113;643;15;2600;3;6;6;7;6;6;4;7;6;3;2021-02-08;2021;"2021-580:41";1346;0;1,17982103758481;4,09310940439148;54;"David Goffin";111;"Alexei Popyrin";4,09310940439148;1,17982103758481;2,91328836680667;30,1;21,5;8,6;180;196;-16;0,444444444444444;0,538461538461538;0,538461538461538;0,444444444444444;0,094017094017094;13;9;7;4;6;5;5;6;-1;0;0;1
"826888";"2021-580";"Australian Open";"Hard";"128";"Grand Slams";43;91;"Mackenzie Mcdonald";"R";178;"USA";25,8;19;"Marco Cecchinato";"R";185;"ITA";28,3;"3-6 6-3 6-2 6-2";5;"R128";132;14;3;95;62;49;18;17;5;7;3;8;114;74;51;15;17;5;11;192;345;82;838;3;6;6;6;NA;6;3;2;2;NA;2021-02-08;2021;"2021-580:43";1347;0;0,415037499278844;1,64244799538192;19;"Marco Cecchinato";91;"Mackenzie Mcdonald";1,64244799538192;0,415037499278844;1,22741049610307;28,3;25,8;2,5;185;178;7;0,714285714285714;0,454545454545455;0,454545454545455;0,714285714285714;-0,25974025974026;11;7;5;5;6;2;2;6;-4;0;0;1
"826889";"2021-580";"Australian Open";"Hard";"128";"Grand Slams";44;23;"Borna Coric";"R";188;"CRO";24,2;110;"Guido Pella";"L";185;"ARG";30,7;"6-3 7-6(5) 7-5";5;"R128";143;23;2;94;66;52;18;17;1;3;4;2;108;67;47;19;16;7;11;25;1855;44;1310;6;7;7;NA;NA;3;6;5;NA;NA;2021-02-08;2021;"2021-580:44";1348;1;3,35614381022528;2,5405683813627;23;"Borna Coric";110;"Guido Pella";3,35614381022528;2,5405683813627;0,815575428862573;24,2;30,7;-6,5;188;185;3;0,333333333333333;0,636363636363636;0,333333333333333;0,636363636363636;-0,303030303030303;11;3;7;1;4;2;4;2;2;0;0;1
"826890";"2021-580";"Australian Open";"Hard";"128";"Grand Slams";45;76;"Filip Krajinovic";"R";185;"SRB";28,9;57;"Robin Haase";"R";190;"NED";33,8;"7-6(4) 6-3 4-6 6-2";5;"R128";134;14;2;112;74;61;21;20;0;2;15;3;106;64;45;25;19;3;7;33;1673;197;340;7;6;4;6;NA;6;3;6;2;NA;2021-02-08;2021;"2021-580:45";1349;0;2,95560588064155;0,377948180543624;57;"Robin Haase";76;"Filip Krajinovic";0,377948180543624;2,95560588064155;-2,57765770009792;33,8;28,9;4,9;190;185;5;0;0,428571428571429;0,428571428571429;0;0,428571428571429;7;2;3;0;4;2;2;4;-2;0;0;1
"826893";"2021-580";"Australian Open";"Hard";"128";"Grand Slams";48;92;"Daniil Medvedev";"R";198;"RUS";24,9;112;"Vasek Pospisil";"R";193;"CAN";30,6;"6-2 6-2 6-4";5;"R128";107;8;2;74;50;39;16;13;1;1;6;3;78;45;32;12;13;4;9;4;8715;63;1013;6;6;6;NA;NA;2;2;4;NA;NA;2021-02-08;2021;"2021-580:48";1350;1;6;2,02272007650008;92;"Daniil Medvedev";112;"Vasek Pospisil";6;2,02272007650008;3,97727992349992;24,9;30,6;-5,7;198;193;5;1;0,444444444444444;1;0,444444444444444;0,555555555555556;9;1;4;1;5;0;5;0;5;0;0;1
"826894";"2021-580";"Australian Open";"Hard";"128";"Grand Slams";49;140;"Stefanos Tsitsipas";"R";193;"GRE";22,4;125;"Gilles Simon";"R";183;"FRA";36,1;"6-1 6-2 6-1";5;"R128";92;1;1;56;33;27;17;11;0;0;0;6;68;45;26;4;11;3;10;6;5965;66;990;6;6;6;NA;NA;1;2;1;NA;NA;2021-02-08;2021;"2021-580:49";1351;0;5,41503749927884;1,95560588064155;125;"Gilles Simon";140;"Stefanos Tsitsipas";1,95560588064155;5,41503749927884;-3,4594316186373;36,1;22,4;13,7;183;193;-10;1,5;0,3;0,3;1,5;-1,2;10;0;3;0;7;0;0;7;-7;0;0;1
"826895";"2021-580";"Australian Open";"Hard";"128";"Grand Slams";50;75;"Thanasi Kokkinakis";"R";196;"AUS";24,8;79;"Soon Woo Kwon";"R";180;"KOR";23,1;"6-4 6-1 6-1";5;"R128";93;19;2;62;41;34;15;12;1;1;2;3;63;35;21;13;12;1;7;267;209;97;768;6;6;6;NA;NA;4;1;1;NA;NA;2021-02-08;2021;"2021-580:50";1352;1;-0,0606959316875546;1,40008715781287;75;"Thanasi Kokkinakis";79;"Soon Woo Kwon";-0,0606959316875546;1,40008715781287;-1,46078308950043;24,8;23,1;1,7;196;180;16;1;0,142857142857143;1;0,142857142857143;0,857142857142857;7;1;1;1;6;0;6;0;6;0;0;1
"826896";"2021-580";"Australian Open";"Hard";"128";"Grand Slams";51;2;"Carlos Alcaraz";"R";185;"ESP";17,7;142;"Botic Van De Zandschulp";"R";188;"NED";25,3;"6-1 6-4 6-4";5;"R128";114;2;1;84;48;37;23;14;3;4;4;6;90;49;35;16;13;7;12;141;484;151;461;6;6;6;NA;NA;1;4;4;NA;NA;2021-02-08;2021;"2021-580:51";1353;1;0,860448647601206;0,761595260674921;2;"Carlos Alcaraz";142;"Botic Van De Zandschulp";0,860448647601206;0,761595260674921;0,0988533869262849;17,7;25,3;-7,6;185;188;-3;0,75;0,583333333333333;0,75;0,583333333333333;0,166666666666667;12;4;7;3;5;1;5;1;4;0;0;1
"826901";"2021-580";"Australian Open";"Hard";"128";"Grand Slams";56;14;"Matteo Berrettini";"R";196;"ITA";24,8;4;"Kevin Anderson";"R";203;"RSA";34,7;"7-6(9) 7-5 6-3";5;"R128";143;14;1;95;72;64;15;17;3;3;18;2;112;85;61;16;16;5;7;10;3345;81;845;7;7;6;NA;NA;6;5;3;NA;NA;2021-02-08;2021;"2021-580:56";1354;0;4,67807190511264;1,66014999711538;4;"Kevin Anderson";14;"Matteo Berrettini";1,66014999711538;4,67807190511264;-3,01792190799726;34,7;24,8;9,9;203;196;7;1;0,714285714285714;0,714285714285714;1;-0,285714285714286;7;3;5;3;2;0;0;2;-2;0;0;1
"826902";"2021-580";"Australian Open";"Hard";"128";"Grand Slams";57;46;"Fabio Fognini";"R";178;"ITA";33,7;60;"Pierre Hugues Herbert";"R";188;"FRA";29,8;"6-4 6-2 6-3";5;"R128";114;2;8;78;43;34;21;14;0;0;9;3;84;39;28;22;13;6;11;17;2535;84;822;6;6;6;NA;NA;4;2;3;NA;NA;2021-02-08;2021;"2021-580:57";1355;1;3,91253715874966;1,60768257722124;46;"Fabio Fognini";60;"Pierre Hugues Herbert";3,91253715874966;1,60768257722124;2,30485458152842;33,7;29,8;3,9;178;188;-10;1,5;0,545454545454545;1,5;0,545454545454545;0,954545454545455;11;0;6;0;5;0;5;0;5;0;0;1
"826904";"2021-580";"Australian Open";"Hard";"128";"Grand Slams";59;25;"Pablo Cuevas";"R";180;"URU";35,1;123;"Andreas Seppi";"R";190;"ITA";36,9;"6-4 4-6 6-2 6-2";5;"R128";140;10;1;101;62;49;23;18;1;3;7;3;104;53;35;28;18;0;6;72;927;108;699;6;4;6;6;NA;4;6;2;2;NA;2021-02-08;2021;"2021-580:59";1356;1;1,83007499855769;1,24511249783653;25;"Pablo Cuevas";123;"Andreas Seppi";1,83007499855769;1,24511249783653;0,584962500721156;35,1;36,9;-1,8;180;190;-10;0,333333333333333;0;0,333333333333333;0;0,333333333333333;6;3;0;1;6;2;6;2;4;0;0;1
"826905";"2021-580";"Australian Open";"Hard";"128";"Grand Slams";60;30;"Alex De Minaur";"R";183;"AUS";21,9;121;"Tennys Sandgren";"R";188;"USA";29,5;"7-5 6-1 6-1";5;"R128";108;4;1;64;43;37;15;13;0;0;12;5;99;53;34;18;13;6;12;23;2065;51;1091;7;6;6;NA;NA;5;1;1;NA;NA;2021-02-08;2021;"2021-580:60";1357;1;3,47643804394299;2,3275746580285;30;"Alex De Minaur";121;"Tennys Sandgren";3,47643804394299;2,3275746580285;1,14886338591448;21,9;29,5;-7,6;183;188;-5;1,5;0,5;1,5;0,5;1;12;0;6;0;6;0;6;0;6;0;0;1
"826906";"2021-580";"Australian Open";"Hard";"128";"Grand Slams";61;105;"Cameron Norrie";"L";188;"GBR";25,4;42;"Daniel Evans";"R";175;"GBR";30,7;"6-4 4-6 6-4 7-5";5;"R128";207;8;4;117;80;57;22;21;3;6;9;7;151;95;62;26;21;11;16;69;935;26;1794;6;4;6;7;NA;4;6;4;5;NA;2021-02-08;2021;"2021-580:61";1358;0;1,89147554322183;3,29956028185891;42;"Daniel Evans";105;"Cameron Norrie";3,29956028185891;1,89147554322183;1,40808473863708;30,7;25,4;5,3;175;188;-13;0,5;0,6875;0,6875;0,5;0,1875;16;6;11;3;5;3;3;5;-2;0;0;1
"826908";"2021-580";"Australian Open";"Hard";"128";"Grand Slams";63;95;"Michael Mmoh";"R";188;"USA";23;139;"Viktor Troicki";"R";193;"SRB";34,9;"7-6(3) 6-7(3) 3-6 7-6(3) 7-5";5;"R128";246;9;8;184;122;85;25;29;7;13;16;3;178;122;79;32;28;5;11;177;368;202;326;7;6;3;7;7;6;7;6;6;5;2021-02-08;2021;"2021-580:63";1359;1;0,532394449917002;0,341788517248205;95;"Michael Mmoh";139;"Viktor Troicki";0,532394449917002;0,341788517248205;0,190605932668797;23;34,9;-11,9;188;193;-5;0,538461538461538;0,454545454545455;0,538461538461538;0,454545454545455;0,0839160839160839;11;13;5;7;6;6;6;6;0;0;0;1
"826909";"2021-580";"Australian Open";"Hard";"128";"Grand Slams";64;101;"Rafael Nadal";"L";185;"ESP";34,6;34;"Laslo Djere";"R";188;"SRB";25,6;"6-3 6-4 6-1";5;"R128";112;5;1;72;48;40;11;13;4;5;4;5;75;41;26;13;13;5;11;2;9850;56;1068;6;6;6;NA;NA;3;4;1;NA;NA;2021-02-08;2021;"2021-580:64";1360;0;7;2,1926450779424;34;"Laslo Djere";101;"Rafael Nadal";2,1926450779424;7;-4,8073549220576;25,6;34,6;-9;188;185;3;0,8;0,454545454545455;0,454545454545455;0,8;-0,345454545454546;11;5;5;4;6;1;1;6;-5;0;0;1
"826910";"2021-580";"Australian Open";"Hard";"128";"Grand Slams";65;35;"Novak Djokovic";"R";188;"SRB";33,7;136;"Frances Tiafoe";"R";188;"USA";23;"6-3 6-7(3) 7-6(2) 6-3";5;"R64";210;26;5;120;74;62;27;21;1;3;23;8;148;78;58;34;21;9;14;1;12030;64;1005;6;6;7;6;NA;3;7;6;3;NA;2021-02-08;2021;"2021-580:65";1361;1;8;2;35;"Novak Djokovic";136;"Frances Tiafoe";8;2;6;33,7;23;10,7;188;188;0;0,333333333333333;0,642857142857143;0,333333333333333;0,642857142857143;-0,30952380952381;14;3;9;1;5;2;5;2;3;0;0;1
"826911";"2021-580";"Australian Open";"Hard";"128";"Grand Slams";66;47;"Taylor Fritz";"R";193;"USA";23,2;107;"Reilly Opelka";"R";211;"USA";23,4;"4-6 7-6(6) 6-7(4) 7-6(5) 6-2";5;"R64";247;18;7;199;122;92;42;27;14;16;43;7;185;122;92;32;27;10;13;31;1695;38;1422;4;7;6;7;6;6;6;7;6;2;2021-02-08;2021;"2021-580:66";1362;1;3,04580368961313;2,75207248655641;47;"Taylor Fritz";107;"Reilly Opelka";3,04580368961313;2,75207248655641;0,29373120305671;23,2;23,4;-0,199999999999999;193;211;-18;0,875;0,769230769230769;0,875;0,769230769230769;0,105769230769231;13;16;10;14;3;2;3;2;1;0;0;1
"826912";"2021-580";"Australian Open";"Hard";"128";"Grand Slams";67;48;"Marton Fucsovics";"R";188;"HUN";29;145;"Stan Wawrinka";"R";183;"SUI";35,8;"7-5 6-1 4-6 2-6 7-6(9)";5;"R64";239;2;5;134;76;50;38;25;1;6;9;2;170;99;64;38;24;11;17;55;1072;18;2365;7;6;4;2;7;5;1;6;6;6;2021-02-08;2021;"2021-580:67";1363;1;2,21864028647534;3,83007499855769;48;"Marton Fucsovics";145;"Stan Wawrinka";2,21864028647534;3,83007499855769;-1,61143471208235;29;35,8;-6,8;188;183;5;0,166666666666667;0,647058823529412;0,166666666666667;0,647058823529412;-0,480392156862745;17;6;11;1;6;5;6;5;1;0;0;1
"826913";"2021-580";"Australian Open";"Hard";"128";"Grand Slams";68;116;"Milos Raonic";"R";196;"CAN";30,1;98;"Corentin Moutet";"L";178;"FRA";21,8;"6-7(1) 6-1 6-1 6-4";5;"R64";145;26;6;87;56;52;20;18;0;0;3;3;113;68;42;24;18;10;16;14;2630;71;928;6;6;6;6;NA;7;1;1;4;NA;2021-02-08;2021;"2021-580:68";1364;0;4,1926450779424;1,85025288049532;98;"Corentin Moutet";116;"Milos Raonic";1,85025288049532;4,1926450779424;-2,34239219744708;21,8;30,1;-8,3;178;196;-18;1,5;0,625;0,625;1,5;-0,875;16;0;10;0;6;0;0;6;-6;0;0;1
"826915";"2021-580";"Australian Open";"Hard";"128";"Grand Slams";70;83;"Dusan Lajovic";"R";180;"SRB";30,6;16;"Alexander Bublik";"R";196;"KAZ";23,6;"6-4 7-6(4) 4-6 6-3";5;"R64";185;6;3;147;103;72;22;21;17;20;25;10;129;71;57;24;20;5;9;27;1785;45;1220;6;7;4;6;NA;4;6;6;3;NA;2021-02-08;2021;"2021-580:70";1365;0;3,24511249783653;2,50814690367033;16;"Alexander Bublik";83;"Dusan Lajovic";2,50814690367033;3,24511249783653;-0,736965594166207;23,6;30,6;-7;196;180;16;0,85;0,555555555555556;0,555555555555556;0,85;-0,294444444444444;9;20;5;17;4;3;3;4;-1;0;0;1
"826916";"2021-580";"Australian Open";"Hard";"128";"Grand Slams";71;87;"Adrian Mannarino";"L";183;"FRA";32,6;71;"Miomir Kecmanovic";"R";183;"SRB";21,4;"6-1 6-2 6-4";5;"R64";110;10;2;75;49;40;13;13;2;3;5;2;84;53;30;12;12;10;16;36;1561;41;1353;6;6;6;NA;NA;1;2;4;NA;NA;2021-02-08;2021;"2021-580:71";1366;0;2,83007499855769;2,64244799538192;71;"Miomir Kecmanovic";87;"Adrian Mannarino";2,64244799538192;2,83007499855769;-0,187627003175772;21,4;32,6;-11,2;183;183;0;0,666666666666667;0,625;0,625;0,666666666666667;-0,0416666666666666;16;3;10;2;6;1;1;6;-5;0;0;1
"826917";"2021-580";"Australian Open";"Hard";"128";"Grand Slams";72;148;"Alexander Zverev";"R";198;"GER";23,8;24;"Maxime Cressy";"R";198;"USA";23,7;"7-5 6-4 6-3";5;"R64";124;15;3;87;62;51;15;16;4;4;10;9;104;64;41;24;15;6;10;7;5615;172;389;7;6;6;NA;NA;5;4;3;NA;NA;2021-02-08;2021;"2021-580:72";1367;0;5,1926450779424;0,573735245297902;24;"Maxime Cressy";148;"Alexander Zverev";0,573735245297902;5,1926450779424;-4,61890983264449;23,7;23,8;-0,100000000000001;198;198;0;1;0,6;0,6;1;-0,4;10;4;6;4;4;0;0;4;-4;0;0;1
"826918";"2021-580";"Australian Open";"Hard";"128";"Grand Slams";73;134;"Dominic Thiem";"R";185;"AUT";27,4;73;"Dominik Koepfer";"L";180;"GER";26,7;"6-4 6-0 6-2";5;"R64";99;7;2;67;47;38;13;12;2;2;1;3;74;43;26;11;12;6;12;3;9125;70;931;6;6;6;NA;NA;4;0;2;NA;NA;2021-02-08;2021;"2021-580:73";1368;0;6,41503749927884;1,87071698305503;73;"Dominik Koepfer";134;"Dominic Thiem";1,87071698305503;6,41503749927884;-4,54432051622381;26,7;27,4;-0,699999999999999;180;185;-5;1;0,5;0,5;1;-0,5;12;2;6;2;6;0;0;6;-6;0;0;1
"826919";"2021-580";"Australian Open";"Hard";"128";"Grand Slams";74;80;"Nick Kyrgios";"R";193;"AUS";25,7;62;"Ugo Humbert";"L";188;"FRA";22,6;"5-7 6-4 3-6 7-6(2) 6-4";5;"R64";205;30;5;152;104;83;24;27;2;5;27;4;169;117;91;23;26;6;9;47;1190;34;1671;5;6;3;7;6;7;4;6;6;4;2021-02-08;2021;"2021-580:74";1369;0;2,44541114832236;2,91253715874966;62;"Ugo Humbert";80;"Nick Kyrgios";2,91253715874966;2,44541114832236;0,467126010427299;22,6;25,7;-3,1;188;193;-5;0,4;0,666666666666667;0,666666666666667;0,4;0,266666666666667;9;5;6;2;3;3;3;3;0;0;0;1
"826920";"2021-580";"Australian Open";"Hard";"128";"Grand Slams";75;33;"Grigor Dimitrov";"R";188;"BUL";29,7;15;"Alex Bolt";"L";183;"AUS";28;"7-6(1) 6-1 6-2";5;"R64";110;10;4;85;58;47;17;14;4;4;6;3;87;60;33;14;13;5;9;21;2260;166;400;7;6;6;NA;NA;6;1;2;NA;NA;2021-02-08;2021;"2021-580:75";1370;0;3,60768257722124;0,624960568653075;15;"Alex Bolt";33;"Grigor Dimitrov";0,624960568653075;3,60768257722124;-2,98272200856816;28;29,7;-1,7;183;188;-5;1;0,555555555555556;0,555555555555556;1;-0,444444444444444;9;4;5;4;4;0;0;4;-4;0;0;1
"826921";"2021-580";"Australian Open";"Hard";"128";"Grand Slams";76;18;"Pablo Carreno Busta";"R";188;"ESP";29,5;144;"Jiri Vesely";"L";198;"CZE";27,5;"6-3 7-6(3) 2-6 6-4";5;"R64";153;3;4;125;77;62;27;20;6;8;36;4;107;75;60;15;19;1;3;16;2585;68;958;6;7;2;6;NA;3;6;6;4;NA;2021-02-08;2021;"2021-580:76";1371;1;4;1,91253715874966;18;"Pablo Carreno Busta";144;"Jiri Vesely";4;1,91253715874966;2,08746284125034;29,5;27,5;2;188;198;-10;0,75;0,333333333333333;0,75;0,333333333333333;0,416666666666667;3;8;1;6;2;2;2;2;0;0;0;1
"826922";"2021-580";"Australian Open";"Hard";"128";"Grand Slams";77;124;"Denis Shapovalov";"L";185;"CAN";21,8;138;"Bernard Tomic";"R";193;"AUS";28,3;"6-1 6-3 6-2";5;"R64";107;16;7;83;50;42;18;12;7;7;6;5;95;51;29;18;12;5;11;12;2830;233;253;6;6;6;NA;NA;1;3;2;NA;NA;2021-02-08;2021;"2021-580:77";1372;1;4,41503749927884;0,135813855345719;124;"Denis Shapovalov";138;"Bernard Tomic";4,41503749927884;0,135813855345719;4,27922364393312;21,8;28,3;-6,5;185;193;-8;1;0,454545454545455;1;0,454545454545455;0,545454545454545;11;7;5;7;6;0;6;0;6;0;0;1
"826923";"2021-580";"Australian Open";"Hard";"128";"Grand Slams";78;6;"Felix Auger Aliassime";"R";193;"CAN";20,5;38;"James Duckworth";"R";183;"AUS";29;"6-4 6-1 6-2";5;"R64";105;19;3;69;43;35;15;13;0;0;3;1;74;50;28;12;12;4;10;19;2346;105;721;6;6;6;NA;NA;4;1;2;NA;NA;2021-02-08;2021;"2021-580:78";1373;1;3,75207248655641;1,28575448233388;6;"Felix Auger Aliassime";38;"James Duckworth";3,75207248655641;1,28575448233388;2,46631800422254;20,5;29;-8,5;193;183;10;1,5;0,4;1,5;0,4;1,1;10;0;4;0;6;0;6;0;6;0;0;1
"826924";"2021-580";"Australian Open";"Hard";"128";"Grand Slams";79;69;"Aslan Karatsev";"R";185;"RUS";27,4;52;"Egor Gerasimov";"R";196;"BLR";28,2;"6-0 6-1 6-0";5;"R64";93;10;2;68;40;29;16;10;5;5;5;5;74;51;20;7;9;8;17;114;642;79;854;6;6;6;NA;NA;0;1;0;NA;NA;2021-02-08;2021;"2021-580:79";1374;0;1,16710998583526;1,6962192518229;52;"Egor Gerasimov";69;"Aslan Karatsev";1,6962192518229;1,16710998583526;0,529109265987638;28,2;27,4;0,800000000000001;196;185;11;1;0,470588235294118;0,470588235294118;1;-0,529411764705882;17;5;8;5;9;0;0;9;-9;0;0;1
"826926";"2021-580";"Australian Open";"Hard";"128";"Grand Slams";81;119;"Andrey Rublev";"R";188;"RUS";23,3;97;"Thiago Monteiro";"L";183;"BRA";26,6;"6-4 6-4 7-6(8)";5;"R64";128;16;0;93;59;49;25;16;4;4;10;2;110;74;53;22;16;7;9;8;4429;74;894;6;6;7;NA;NA;4;4;6;NA;NA;2021-02-08;2021;"2021-580:81";1375;0;5;1,79054663437105;97;"Thiago Monteiro";119;"Andrey Rublev";1,79054663437105;5;-3,20945336562895;26,6;23,3;3,3;183;188;-5;1;0,777777777777778;0,777777777777778;1;-0,222222222222222;9;4;7;4;2;0;0;2;-2;0;0;1
"826927";"2021-580";"Australian Open";"Hard";"128";"Grand Slams";82;84;"Feliciano Lopez";"L";188;"ESP";39,3;129;"Lorenzo Sonego";"R";191;"ITA";25,7;"5-7 3-6 6-3 7-5 6-4";5;"R64";198;16;4;154;94;75;34;26;9;11;15;3;141;106;80;21;26;0;3;65;998;35;1588;5;3;6;7;6;7;6;3;5;4;2021-02-08;2021;"2021-580:82";1376;1;1,97763218697155;2,87071698305503;84;"Feliciano Lopez";129;"Lorenzo Sonego";1,97763218697155;2,87071698305503;-0,893084796083488;39,3;25,7;13,6;188;191;-3;0,818181818181818;0;0,818181818181818;0;0,818181818181818;3;11;0;9;3;2;3;2;1;0;0;1
"826928";"2021-580";"Australian Open";"Hard";"128";"Grand Slams";83;120;"Casper Ruud";"R";183;"NOR";22,1;109;"Tommy Paul";"R";185;"USA";23,7;"3-6 6-2 6-4 7-5";5;"R64";163;11;4;132;89;59;26;20;10;13;4;4;116;71;48;22;19;6;11;28;1739;53;1080;3;6;6;7;NA;6;2;4;5;NA;2021-02-08;2021;"2021-580:83";1377;0;3,1926450779424;2,2720795454368;109;"Tommy Paul";120;"Casper Ruud";2,2720795454368;3,1926450779424;-0,920565532505595;23,7;22,1;1,6;185;183;2;0,769230769230769;0,545454545454545;0,545454545454545;0,769230769230769;-0,223776223776224;11;13;6;10;5;3;3;5;-2;0;0;1
"826929";"2021-580";"Australian Open";"Hard";"128";"Grand Slams";84;1;"Radu Albot";"R";175;"MDA";31,2;106;"Christopher Oconnell";"R";183;"AUS";26,6;"6-2 7-5 7-6(8)";5;"R64";140;5;3;103;76;58;15;16;2;3;12;1;104;66;46;18;16;6;10;85;817;121;568;6;7;7;NA;NA;2;5;6;NA;NA;2021-02-08;2021;"2021-580:84";1378;1;1,5906090638623;1,08113676272541;1;"Radu Albot";106;"Christopher Oconnell";1,5906090638623;1,08113676272541;0,509472301136893;31,2;26,6;4,6;175;183;-8;0,666666666666667;0,6;0,666666666666667;0,6;0,0666666666666667;10;3;6;2;4;1;4;1;3;0;0;1
"826930";"2021-580";"Australian Open";"Hard";"128";"Grand Slams";85;58;"Lloyd Harris";"R";193;"RSA";23,9;111;"Alexei Popyrin";"R";196;"AUS";21,5;"6-2 1-6 6-3 6-7(5) 6-3";5;"R64";180;25;5;127;82;71;23;23;2;4;21;7;141;82;64;29;22;4;8;91;793;113;643;6;1;6;6;6;2;6;3;7;3;2021-02-08;2021;"2021-580:85";1379;1;1,4922053598013;1,17982103758481;58;"Lloyd Harris";111;"Alexei Popyrin";1,4922053598013;1,17982103758481;0,312384322216491;23,9;21,5;2,4;193;196;-3;0,5;0,5;0,5;0,5;0;8;4;4;2;4;2;4;2;2;0;0;1
"826931";"2021-580";"Australian Open";"Hard";"128";"Grand Slams";86;91;"Mackenzie Mcdonald";"R";178;"USA";25,8;23;"Borna Coric";"R";188;"CRO";24,2;"6-4 6-2 4-6 6-4";5;"R64";149;13;0;115;82;59;23;19;4;5;18;5;106;70;55;16;19;6;10;192;345;25;1855;6;6;4;6;NA;4;2;6;4;NA;2021-02-08;2021;"2021-580:86";1380;0;0,415037499278844;3,35614381022528;23;"Borna Coric";91;"Mackenzie Mcdonald";3,35614381022528;0,415037499278844;2,94110631094643;24,2;25,8;-1,6;188;178;10;0,8;0,6;0,6;0,8;-0,2;10;5;6;4;4;1;1;4;-3;0;0;1
"826932";"2021-580";"Australian Open";"Hard";"128";"Grand Slams";87;76;"Filip Krajinovic";"R";185;"SRB";28,9;5;"Pablo Andujar";"R";180;"ESP";35;"6-2 5-7 6-1 6-4";5;"R64";177;10;6;125;66;53;27;19;10;13;7;8;118;81;49;14;18;9;16;33;1673;59;1044;6;5;6;6;NA;2;7;1;4;NA;2021-02-08;2021;"2021-580:87";1381;0;2,95560588064155;2,11735695063816;5;"Pablo Andujar";76;"Filip Krajinovic";2,11735695063816;2,95560588064155;-0,838248930003388;35;28,9;6,1;180;185;-5;0,769230769230769;0,5625;0,5625;0,769230769230769;-0,206730769230769;16;13;9;10;7;3;3;7;-4;0;0;1
"826933";"2021-580";"Australian Open";"Hard";"128";"Grand Slams";88;92;"Daniil Medvedev";"R";198;"RUS";24,9;17;"Roberto Carballes Baena";"R";183;"ESP";27,8;"6-2 7-5 6-1";5;"R64";104;13;3;76;49;42;13;14;2;4;0;3;72;40;19;13;13;1;8;4;8715;99;751;6;7;6;NA;NA;2;5;1;NA;NA;2021-02-08;2021;"2021-580:88";1382;0;6;1,37064337992039;17;"Roberto Carballes Baena";92;"Daniil Medvedev";1,37064337992039;6;-4,62935662007961;27,8;24,9;2,9;183;198;-15;0,5;0,125;0,125;0,5;-0,375;8;4;1;2;7;2;2;7;-5;0;0;1
"826934";"2021-580";"Australian Open";"Hard";"128";"Grand Slams";89;140;"Stefanos Tsitsipas";"R";193;"GRE";22,4;75;"Thanasi Kokkinakis";"R";196;"AUS";24,8;"6-7(5) 6-4 6-1 6-7(5) 6-4";5;"R64";272;17;10;147;93;80;30;26;3;3;23;8;207;129;93;36;25;17;22;6;5965;267;209;6;6;6;6;6;7;4;1;7;4;2021-02-08;2021;"2021-580:89";1383;0;5,41503749927884;-0,0606959316875546;75;"Thanasi Kokkinakis";140;"Stefanos Tsitsipas";-0,0606959316875546;5,41503749927884;-5,4757334309664;24,8;22,4;2,4;196;193;3;1;0,772727272727273;0,772727272727273;1;-0,227272727272727;22;3;17;3;5;0;0;5;-5;0;0;1
"826936";"2021-580";"Australian Open";"Hard";"128";"Grand Slams";91;72;"Karen Khachanov";"R";198;"RUS";24,7;12;"Ricardas Berankis";"R";175;"LTU";30,6;"6-2 6-4 6-4";5;"R64";117;12;2;77;51;39;20;14;2;2;4;4;109;68;43;19;14;10;14;20;2290;73;909;6;6;6;NA;NA;2;4;4;NA;NA;2021-02-08;2021;"2021-580:91";1384;0;3,67807190511264;1,81017544111998;12;"Ricardas Berankis";72;"Karen Khachanov";1,81017544111998;3,67807190511264;-1,86789646399265;30,6;24,7;5,9;175;198;-23;1;0,714285714285714;0,714285714285714;1;-0,285714285714286;14;2;10;2;4;0;0;4;-4;0;0;1
"826939";"2021-580";"Australian Open";"Hard";"128";"Grand Slams";94;30;"Alex De Minaur";"R";183;"AUS";21,9;25;"Pablo Cuevas";"R";180;"URU";35,1;"6-3 6-3 7-5";5;"R64";119;1;0;86;51;44;18;15;2;3;9;2;101;68;45;12;15;9;14;23;2065;72;927;6;6;7;NA;NA;3;3;5;NA;NA;2021-02-08;2021;"2021-580:94";1385;0;3,47643804394299;1,83007499855769;25;"Pablo Cuevas";30;"Alex De Minaur";1,83007499855769;3,47643804394299;-1,6463630453853;35,1;21,9;13,2;180;183;-3;0,666666666666667;0,642857142857143;0,642857142857143;0,666666666666667;-0,0238095238095237;14;3;9;2;5;1;1;5;-4;0;0;1
"826941";"2021-580";"Australian Open";"Hard";"128";"Grand Slams";96;101;"Rafael Nadal";"L";185;"ESP";34,6;95;"Michael Mmoh";"R";188;"USA";23;"6-1 6-4 6-2";5;"R64";107;7;3;67;51;43;9;13;0;0;8;4;73;46;27;12;12;6;11;2;9850;177;368;6;6;6;NA;NA;1;4;2;NA;NA;2021-02-08;2021;"2021-580:96";1386;0;7;0,532394449917002;95;"Michael Mmoh";101;"Rafael Nadal";0,532394449917002;7;-6,467605550083;23;34,6;-11,6;188;185;3;1,5;0,545454545454545;0,545454545454545;1,5;-0,954545454545455;11;0;6;0;5;0;0;5;-5;0;0;1
"826942";"2021-580";"Australian Open";"Hard";"128";"Grand Slams";97;35;"Novak Djokovic";"R";188;"SRB";33,7;47;"Taylor Fritz";"R";193;"USA";23,2;"7-6(1) 6-4 3-6 4-6 6-2";5;"R32";205;15;5;159;105;79;27;25;9;12;24;1;153;98;69;33;24;5;9;1;12030;31;1695;7;6;3;4;6;6;4;6;6;2;2021-02-08;2021;"2021-580:97";1387;1;8;3,04580368961313;35;"Novak Djokovic";47;"Taylor Fritz";8;3,04580368961313;4,95419631038687;33,7;23,2;10,5;188;193;-5;0,75;0,555555555555556;0,75;0,555555555555556;0,194444444444444;9;12;5;9;4;3;4;3;1;0;0;1
"826943";"2021-580";"Australian Open";"Hard";"128";"Grand Slams";98;116;"Milos Raonic";"R";196;"CAN";30,1;48;"Marton Fucsovics";"R";188;"HUN";29;"7-6(2) 5-7 6-2 6-2";5;"R32";193;13;5;109;61;51;30;20;1;3;2;7;146;72;49;36;20;7;12;14;2630;55;1072;7;5;6;6;NA;6;7;2;2;NA;2021-02-08;2021;"2021-580:98";1388;0;4,1926450779424;2,21864028647534;48;"Marton Fucsovics";116;"Milos Raonic";2,21864028647534;4,1926450779424;-1,97400479146706;29;30,1;-1,1;188;196;-8;0,333333333333333;0,583333333333333;0,583333333333333;0,333333333333333;0,25;12;3;7;1;5;2;2;5;-3;0;0;1
"826944";"2021-580";"Australian Open";"Hard";"128";"Grand Slams";99;83;"Dusan Lajovic";"R";180;"SRB";30,6;88;"Pedro Martinez";"R";185;"ESP";23,7;"6-7(6) 7-5 6-1 6-4";5;"R32";193;10;3;120;87;65;18;21;4;6;2;3;151;109;68;18;20;9;16;27;1785;87;810;6;7;6;6;NA;7;5;1;4;NA;2021-02-08;2021;"2021-580:99";1389;1;3,24511249783653;1,55705650415127;83;"Dusan Lajovic";88;"Pedro Martinez";3,24511249783653;1,55705650415127;1,68805599368526;30,6;23,7;6,9;180;185;-5;0,666666666666667;0,5625;0,666666666666667;0,5625;0,104166666666667;16;6;9;4;7;2;7;2;5;0;0;1
"826945";"2021-580";"Australian Open";"Hard";"128";"Grand Slams";100;148;"Alexander Zverev";"R";198;"GER";23,8;87;"Adrian Mannarino";"L";183;"FRA";32,6;"6-3 6-3 6-1";5;"R32";103;19;6;75;51;45;12;13;3;3;4;3;80;41;25;19;12;7;12;7;5615;36;1561;6;6;6;NA;NA;3;3;1;NA;NA;2021-02-08;2021;"2021-580:100";1390;0;5,1926450779424;2,83007499855769;87;"Adrian Mannarino";148;"Alexander Zverev";2,83007499855769;5,1926450779424;-2,36257007938471;32,6;23,8;8,8;183;198;-15;1;0,583333333333333;0,583333333333333;1;-0,416666666666667;12;3;7;3;5;0;0;5;-5;0;0;1
"826946";"2021-580";"Australian Open";"Hard";"128";"Grand Slams";101;134;"Dominic Thiem";"R";185;"AUT";27,4;80;"Nick Kyrgios";"R";193;"AUS";25,7;"4-6 4-6 6-3 6-4 6-4";5;"R32";201;14;1;136;86;67;36;25;6;8;25;2;149;108;88;17;24;7;10;3;9125;47;1190;4;4;6;6;6;6;6;3;4;4;2021-02-08;2021;"2021-580:101";1391;0;6,41503749927884;2,44541114832236;80;"Nick Kyrgios";134;"Dominic Thiem";2,44541114832236;6,41503749927884;-3,96962635095648;25,7;27,4;-1,7;193;185;8;0,75;0,7;0,7;0,75;-0,05;10;8;7;6;3;2;2;3;-1;0;0;1
"826948";"2021-580";"Australian Open";"Hard";"128";"Grand Slams";103;6;"Felix Auger Aliassime";"R";193;"CAN";20,5;124;"Denis Shapovalov";"L";185;"CAN";21,8;"7-5 7-5 6-3";5;"R32";148;8;2;95;61;47;20;17;3;5;4;5;98;56;34;21;16;6;11;19;2346;12;2830;7;7;6;NA;NA;5;5;3;NA;NA;2021-02-08;2021;"2021-580:103";1392;1;3,75207248655641;4,41503749927884;6;"Felix Auger Aliassime";124;"Denis Shapovalov";3,75207248655641;4,41503749927884;-0,662965012722429;20,5;21,8;-1,3;193;185;8;0,6;0,545454545454545;0,6;0,545454545454545;0,0545454545454546;11;5;6;3;5;2;5;2;3;0;0;1
"826949";"2021-580";"Australian Open";"Hard";"128";"Grand Slams";104;69;"Aslan Karatsev";"R";185;"RUS";27,4;122;"Diego Schwartzman";"R";170;"ARG";28,4;"6-3 6-3 6-3";5;"R32";112;9;1;90;64;46;16;14;10;11;0;1;64;48;27;8;13;1;6;114;642;9;3480;6;6;6;NA;NA;3;3;3;NA;NA;2021-02-08;2021;"2021-580:104";1393;1;1,16710998583526;4,83007499855769;69;"Aslan Karatsev";122;"Diego Schwartzman";1,16710998583526;4,83007499855769;-3,66296501272243;27,4;28,4;-1;185;170;15;0,909090909090909;0,166666666666667;0,909090909090909;0,166666666666667;0,742424242424242;6;11;1;10;5;1;5;1;4;0;0;1
"826950";"2021-580";"Australian Open";"Hard";"128";"Grand Slams";105;119;"Andrey Rublev";"R";188;"RUS";23,3;84;"Feliciano Lopez";"L";188;"ESP";39,3;"7-5 6-2 6-3";5;"R32";92;12;3;81;42;39;24;15;3;3;11;7;78;44;32;17;14;5;9;8;4429;65;998;7;6;6;NA;NA;5;2;3;NA;NA;2021-02-08;2021;"2021-580:105";1394;0;5;1,97763218697155;84;"Feliciano Lopez";119;"Andrey Rublev";1,97763218697155;5;-3,02236781302845;39,3;23,3;16;188;188;0;1;0,555555555555556;0,555555555555556;1;-0,444444444444444;9;3;5;3;4;0;0;4;-4;0;0;1
"826951";"2021-580";"Australian Open";"Hard";"128";"Grand Slams";106;120;"Casper Ruud";"R";183;"NOR";22,1;1;"Radu Albot";"R";175;"MDA";31,2;"6-1 5-7 6-4 6-4";5;"R32";178;9;4;101;58;50;27;20;3;5;3;6;129;76;48;28;19;7;12;28;1739;85;817;6;5;6;6;NA;1;7;4;4;NA;2021-02-08;2021;"2021-580:106";1395;0;3,1926450779424;1,5906090638623;1;"Radu Albot";120;"Casper Ruud";1,5906090638623;3,1926450779424;-1,6020360140801;31,2;22,1;9,1;175;183;-8;0,6;0,583333333333333;0,583333333333333;0,6;-0,0166666666666666;12;5;7;3;5;2;2;5;-3;0;0;1
"826952";"2021-580";"Australian Open";"Hard";"128";"Grand Slams";107;91;"Mackenzie Mcdonald";"R";178;"USA";25,8;58;"Lloyd Harris";"R";193;"RSA";23,9;"7-6(7) 6-1 6-4";5;"R32";121;12;3;88;58;47;16;15;2;4;9;4;109;75;51;10;14;4;9;192;345;91;793;7;6;6;NA;NA;6;1;4;NA;NA;2021-02-08;2021;"2021-580:107";1396;0;0,415037499278844;1,4922053598013;58;"Lloyd Harris";91;"Mackenzie Mcdonald";1,4922053598013;0,415037499278844;1,07716786052246;23,9;25,8;-1,9;193;178;15;0,5;0,444444444444444;0,444444444444444;0,5;-0,0555555555555556;9;4;4;2;5;2;2;5;-3;0;0;1
"826953";"2021-580";"Australian Open";"Hard";"128";"Grand Slams";108;92;"Daniil Medvedev";"R";198;"RUS";24,9;76;"Filip Krajinovic";"R";185;"SRB";28,9;"6-3 6-3 4-6 3-6 6-0";5;"R32";186;15;4;130;70;54;31;22;8;11;2;3;142;92;59;24;21;11;18;4;8715;33;1673;6;6;4;3;6;3;3;6;6;0;2021-02-08;2021;"2021-580:108";1397;0;6;2,95560588064155;76;"Filip Krajinovic";92;"Daniil Medvedev";2,95560588064155;6;-3,04439411935845;28,9;24,9;4;185;198;-13;0,727272727272727;0,611111111111111;0,611111111111111;0,727272727272727;-0,116161616161616;18;11;11;8;7;3;3;7;-4;0;0;1
"826955";"2021-580";"Australian Open";"Hard";"128";"Grand Slams";110;14;"Matteo Berrettini";"R";196;"ITA";24,8;72;"Karen Khachanov";"R";198;"RUS";24,7;"7-6(1) 7-6(5) 7-6(5)";5;"R32";179;18;1;122;76;64;23;18;2;4;12;3;122;77;56;24;18;4;6;10;3345;20;2290;7;7;7;NA;NA;6;6;6;NA;NA;2021-02-08;2021;"2021-580:110";1398;1;4,67807190511264;3,67807190511264;14;"Matteo Berrettini";72;"Karen Khachanov";4,67807190511264;3,67807190511264;1;24,8;24,7;0,100000000000001;196;198;-2;0,5;0,666666666666667;0,5;0,666666666666667;-0,166666666666667;6;4;4;2;2;2;2;2;0;0;0;1
"826956";"2021-580";"Australian Open";"Hard";"128";"Grand Slams";111;46;"Fabio Fognini";"R";178;"ITA";33,7;30;"Alex De Minaur";"R";183;"AUS";21,9;"6-4 6-3 6-4";5;"R32";128;3;3;89;47;35;23;15;1;3;4;3;84;43;27;22;14;3;8;17;2535;23;2065;6;6;6;NA;NA;4;3;4;NA;NA;2021-02-08;2021;"2021-580:111";1399;0;3,91253715874966;3,47643804394299;30;"Alex De Minaur";46;"Fabio Fognini";3,47643804394299;3,91253715874966;-0,436099114806674;21,9;33,7;-11,8;183;178;5;0,333333333333333;0,375;0,375;0,333333333333333;0,0416666666666667;8;3;3;1;5;2;2;5;-3;0;0;1
"826957";"2021-580";"Australian Open";"Hard";"128";"Grand Slams";112;101;"Rafael Nadal";"L";185;"ESP";34,6;105;"Cameron Norrie";"L";188;"GBR";25,4;"7-5 6-2 7-5";5;"R32";134;7;1;82;56;43;18;16;0;1;9;4;104;74;51;7;16;7;12;2;9850;69;935;7;6;7;NA;NA;5;2;5;NA;NA;2021-02-08;2021;"2021-580:112";1400;1;7;1,89147554322183;101;"Rafael Nadal";105;"Cameron Norrie";7;1,89147554322183;5,10852445677817;34,6;25,4;9,2;185;188;-3;0;0,583333333333333;0;0,583333333333333;-0,583333333333333;12;1;7;0;5;1;5;1;4;0;0;1
"826958";"2021-580";"Australian Open";"Hard";"128";"Grand Slams";113;35;"Novak Djokovic";"R";188;"SRB";33,7;116;"Milos Raonic";"R";196;"CAN";30,1;"7-6(4) 4-6 6-1 6-4";5;"R16";176;10;3;121;82;64;23;20;2;3;26;3;123;75;57;23;19;8;11;1;12030;14;2630;7;4;6;6;NA;6;6;1;4;NA;2021-02-08;2021;"2021-580:113";1401;1;8;4,1926450779424;35;"Novak Djokovic";116;"Milos Raonic";8;4,1926450779424;3,8073549220576;33,7;30,1;3,6;188;196;-8;0,666666666666667;0,727272727272727;0,666666666666667;0,727272727272727;-0,0606060606060607;11;3;8;2;3;1;3;1;2;0;0;1
"826959";"2021-580";"Australian Open";"Hard";"128";"Grand Slams";114;148;"Alexander Zverev";"R";198;"GER";23,8;83;"Dusan Lajovic";"R";180;"SRB";30,6;"6-4 7-6(5) 6-3";5;"R16";141;15;3;97;70;53;14;16;1;3;1;2;114;80;49;18;15;10;14;7;5615;27;1785;6;7;6;NA;NA;4;6;3;NA;NA;2021-02-08;2021;"2021-580:114";1402;0;5,1926450779424;3,24511249783653;83;"Dusan Lajovic";148;"Alexander Zverev";3,24511249783653;5,1926450779424;-1,94753258010586;30,6;23,8;6,8;180;198;-18;0,333333333333333;0,714285714285714;0,714285714285714;0,333333333333333;0,380952380952381;14;3;10;1;4;2;2;4;-2;0;0;1
"826960";"2021-580";"Australian Open";"Hard";"128";"Grand Slams";115;33;"Grigor Dimitrov";"R";188;"BUL";29,7;134;"Dominic Thiem";"R";185;"AUT";27,4;"6-4 6-4 6-0";5;"R16";121;10;1;76;52;37;14;13;5;7;2;2;103;75;41;9;13;8;15;21;2260;3;9125;6;6;6;NA;NA;4;4;0;NA;NA;2021-02-08;2021;"2021-580:115";1403;1;3,60768257722124;6,41503749927884;33;"Grigor Dimitrov";134;"Dominic Thiem";3,60768257722124;6,41503749927884;-2,8073549220576;29,7;27,4;2,3;188;185;3;0,714285714285714;0,533333333333333;0,714285714285714;0,533333333333333;0,180952380952381;15;7;8;5;7;2;7;2;5;0;0;1
"826961";"2021-580";"Australian Open";"Hard";"128";"Grand Slams";116;69;"Aslan Karatsev";"R";185;"RUS";27,4;6;"Felix Auger Aliassime";"R";193;"CAN";20,5;"3-6 1-6 6-3 6-3 6-4";5;"R16";205;9;6;123;77;59;22;22;1;6;11;3;125;72;53;27;22;9;14;114;642;19;2346;3;1;6;6;6;6;6;3;3;4;2021-02-08;2021;"2021-580:116";1404;0;1,16710998583526;3,75207248655641;6;"Felix Auger Aliassime";69;"Aslan Karatsev";3,75207248655641;1,16710998583526;2,58496250072116;20,5;27,4;-6,9;193;185;8;0,166666666666667;0,642857142857143;0,642857142857143;0,166666666666667;0,476190476190476;14;6;9;1;5;5;5;5;0;0;0;1
"826963";"2021-580";"Australian Open";"Hard";"128";"Grand Slams";118;92;"Daniil Medvedev";"R";198;"RUS";24,9;91;"Mackenzie Mcdonald";"R";178;"USA";25,8;"6-4 6-2 6-3";5;"R16";89;7;2;71;46;36;15;14;0;1;1;2;70;42;28;12;13;1;7;4;8715;192;345;6;6;6;NA;NA;4;2;3;NA;NA;2021-02-08;2021;"2021-580:118";1405;0;6;0,415037499278844;91;"Mackenzie Mcdonald";92;"Daniil Medvedev";0,415037499278844;6;-5,58496250072116;25,8;24,9;0,900000000000002;178;198;-20;0;0,142857142857143;0,142857142857143;0;0,142857142857143;7;1;1;0;6;1;1;6;-5;0;0;1
"826965";"2021-580";"Australian Open";"Hard";"128";"Grand Slams";120;101;"Rafael Nadal";"L";185;"ESP";34,6;46;"Fabio Fognini";"R";178;"ITA";33,7;"6-3 6-4 6-2";5;"R16";136;6;3;72;43;33;20;14;4;6;7;3;100;56;36;18;13;13;19;2;9850;17;2535;6;6;6;NA;NA;3;4;2;NA;NA;2021-02-08;2021;"2021-580:120";1406;0;7;3,91253715874966;46;"Fabio Fognini";101;"Rafael Nadal";3,91253715874966;7;-3,08746284125034;33,7;34,6;-0,899999999999999;178;185;-7;0,666666666666667;0,68421052631579;0,68421052631579;0,666666666666667;0,0175438596491229;19;6;13;4;6;2;2;6;-4;0;0;1
"826966";"2021-580";"Australian Open";"Hard";"128";"Grand Slams";121;35;"Novak Djokovic";"R";188;"SRB";33,7;148;"Alexander Zverev";"R";198;"GER";23,8;"6-7(6) 6-2 6-4 7-6(6)";5;"QF";210;23;5;162;119;86;19;21;9;12;21;5;126;81;60;22;21;3;9;1;12030;7;5615;6;6;6;7;NA;7;2;4;6;NA;2021-02-08;2021;"2021-580:121";1407;1;8;5,1926450779424;35;"Novak Djokovic";148;"Alexander Zverev";8;5,1926450779424;2,8073549220576;33,7;23,8;9,9;188;198;-10;0,75;0,333333333333333;0,75;0,333333333333333;0,416666666666667;9;12;3;9;6;3;6;3;3;0;0;1
"826967";"2021-580";"Australian Open";"Hard";"128";"Grand Slams";122;69;"Aslan Karatsev";"R";185;"RUS";27,4;33;"Grigor Dimitrov";"R";188;"BUL";29,7;"2-6 6-4 6-1 6-2";5;"QF";152;9;6;105;58;39;26;17;10;14;9;7;98;63;38;15;16;3;11;114;642;21;2260;2;6;6;6;NA;6;4;1;2;NA;2021-02-08;2021;"2021-580:122";1408;0;1,16710998583526;3,60768257722124;33;"Grigor Dimitrov";69;"Aslan Karatsev";3,60768257722124;1,16710998583526;2,44057259138598;29,7;27,4;2,3;188;185;3;0,714285714285714;0,272727272727273;0,272727272727273;0,714285714285714;-0,441558441558442;11;14;3;10;8;4;4;8;-4;0;0;1
"826968";"2021-580";"Australian Open";"Hard";"128";"Grand Slams";123;92;"Daniil Medvedev";"R";198;"RUS";24,9;119;"Andrey Rublev";"R";188;"RUS";23,3;"7-5 6-3 6-2";5;"QF";125;14;4;90;54;43;19;15;4;5;8;3;85;40;25;25;14;6;11;4;8715;8;4429;7;6;6;NA;NA;5;3;2;NA;NA;2021-02-08;2021;"2021-580:123";1409;1;6;5;92;"Daniil Medvedev";119;"Andrey Rublev";6;5;1;24,9;23,3;1,6;198;188;10;0,8;0,545454545454545;0,8;0,545454545454545;0,254545454545455;11;5;6;4;5;1;5;1;4;0;0;1
"826969";"2021-580";"Australian Open";"Hard";"128";"Grand Slams";124;140;"Stefanos Tsitsipas";"R";193;"GRE";22,4;101;"Rafael Nadal";"L";185;"ESP";34,6;"3-6 2-6 7-6(4) 6-4 7-5";5;"QF";245;17;0;136;84;66;36;26;1;4;15;2;151;103;80;28;25;3;5;6;5965;2;9850;3;2;7;6;7;6;6;6;4;5;2021-02-08;2021;"2021-580:124";1410;0;5,41503749927884;7;101;"Rafael Nadal";140;"Stefanos Tsitsipas";7;5,41503749927884;1,58496250072116;34,6;22,4;12,2;185;193;-8;0,25;0,6;0,6;0,25;0,35;5;4;3;1;2;3;3;2;1;0;0;1
"826970";"2021-580";"Australian Open";"Hard";"128";"Grand Slams";125;35;"Novak Djokovic";"R";188;"SRB";33,7;69;"Aslan Karatsev";"R";185;"RUS";27,4;"6-3 6-4 6-2";5;"SF";113;17;2;81;55;39;16;14;3;5;6;2;66;34;22;11;13;1;7;1;12030;114;642;6;6;6;NA;NA;3;4;2;NA;NA;2021-02-08;2021;"2021-580:125";1411;1;8;1,16710998583526;35;"Novak Djokovic";69;"Aslan Karatsev";8;1,16710998583526;6,83289001416474;33,7;27,4;6,3;188;185;3;0,6;0,142857142857143;0,6;0,142857142857143;0,457142857142857;7;5;1;3;6;2;6;2;4;0;0;1
"826971";"2021-580";"Australian Open";"Hard";"128";"Grand Slams";126;92;"Daniil Medvedev";"R";198;"RUS";24,9;140;"Stefanos Tsitsipas";"R";193;"GRE";22,4;"6-4 6-2 7-5";5;"SF";129;17;2;82;56;49;12;15;2;3;3;3;101;70;43;13;15;4;9;4;8715;6;5965;6;6;7;NA;NA;4;2;5;NA;NA;2021-02-08;2021;"2021-580:126";1412;1;6;5,41503749927884;92;"Daniil Medvedev";140;"Stefanos Tsitsipas";6;5,41503749927884;0,584962500721156;24,9;22,4;2,5;198;193;5;0,666666666666667;0,444444444444444;0,666666666666667;0,444444444444444;0,222222222222222;9;3;4;2;5;1;5;1;4;0;0;1
"826972";"2021-580";"Australian Open";"Hard";"128";"Grand Slams";127;35;"Novak Djokovic";"R";188;"SRB";33,7;92;"Daniil Medvedev";"R";198;"RUS";24,9;"7-5 6-2 6-2";5;"F";113;3;2;78;52;38;15;14;2;4;6;4;77;49;34;9;14;4;11;1;12030;4;8715;7;6;6;NA;NA;5;2;2;NA;NA;2021-02-08;2021;"2021-580:127";1413;1;8;6;35;"Novak Djokovic";92;"Daniil Medvedev";8;6;2;33,7;24,9;8,8;188;198;-10;0,5;0,363636363636364;0,5;0,363636363636364;0,136363636363636;11;4;4;2;7;2;7;2;5;0;0;1
"839617";"2021-560";"US Open";"Hard";"128";"Grand Slams";116;91;"Mackenzie Mcdonald";"R";178;"USA";26,3;54;"David Goffin";"R";180;"BEL";30,7;"6-2 7-5 6-3";5;"R128";128;14;3;107;76;50;18;15;5;6;6;5;95;53;34;20;14;7;12;61;1070;30;1933;6;7;6;NA;NA;2;5;3;NA;NA;2021-08-30;2021;"2021-560:116";1414;0;2,06926266243711;3,09310940439148;54;"David Goffin";91;"Mackenzie Mcdonald";3,09310940439148;2,06926266243711;1,02384674195437;30,7;26,3;4,4;180;178;2;0,833333333333333;0,583333333333333;0,583333333333333;0,833333333333333;-0,25;12;6;7;5;5;1;1;5;-4;0;0;1
"839621";"2021-560";"US Open";"Hard";"128";"Grand Slams";120;47;"Taylor Fritz";"R";193;"USA";23,8;30;"Alex De Minaur";"R";183;"AUS";22,5;"7-6(4) 6-2 1-6 6-4";5;"R128";182;10;6;122;70;46;28;18;9;13;3;2;132;77;50;29;20;9;14;42;1540;17;2555;7;6;1;6;NA;6;2;6;4;NA;2021-08-30;2021;"2021-560:120";1415;0;2,60768257722124;3,91253715874966;30;"Alex De Minaur";47;"Taylor Fritz";3,91253715874966;2,60768257722124;1,30485458152842;22,5;23,8;-1,3;183;193;-10;0,692307692307692;0,642857142857143;0,642857142857143;0,692307692307692;-0,0494505494505494;14;13;9;9;5;4;4;5;-1;0;0;1
"839622";"2021-560";"US Open";"Hard";"128";"Grand Slams";121;63;"Hubert Hurkacz";"R";196;"POL";24,5;52;"Egor Gerasimov";"R";196;"BLR";28,7;"6-3 6-4 6-3";5;"R128";103;14;0;68;43;37;19;14;0;0;6;7;102;63;44;15;14;6;10;13;3128;82;910;6;6;6;NA;NA;3;4;3;NA;NA;2021-08-30;2021;"2021-560:121";1416;0;4,29956028185891;1,64244799538192;52;"Egor Gerasimov";63;"Hubert Hurkacz";1,64244799538192;4,29956028185891;-2,65711228647699;28,7;24,5;4,2;196;196;0;1,5;0,6;0,6;1,5;-0,9;10;0;6;0;4;0;0;4;-4;0;0;1
"839623";"2021-560";"US Open";"Hard";"128";"Grand Slams";122;123;"Andreas Seppi";"R";190;"ITA";37,5;48;"Marton Fucsovics";"R";188;"HUN";29,5;"2-6 7-5 6-4 2-6 7-6(13)";5;"R128";244;9;5;163;92;70;33;26;4;9;9;9;157;88;69;39;25;3;6;89;873;41;1549;2;7;6;2;7;6;5;4;6;6;2021-08-30;2021;"2021-560:122";1417;0;1,5242665690336;2,64244799538192;48;"Marton Fucsovics";123;"Andreas Seppi";2,64244799538192;1,5242665690336;1,11818142634831;29,5;37,5;-8;188;190;-2;0,444444444444444;0,5;0,5;0,444444444444444;0,0555555555555556;6;9;3;4;3;5;5;3;2;0;0;1
"839624";"2021-560";"US Open";"Hard";"128";"Grand Slams";123;77;"Denis Kudla";"R";180;"USA";29;34;"Laslo Djere";"R";188;"SRB";26,2;"4-6 6-3 7-5 7-6(4)";5;"R128";205;15;9;142;73;59;42;23;8;9;24;8;142;80;64;32;21;10;12;92;833;51;1307;4;6;7;7;NA;6;3;5;6;NA;2021-08-30;2021;"2021-560:123";1418;0;1,47643804394299;2,3275746580285;34;"Laslo Djere";77;"Denis Kudla";2,3275746580285;1,47643804394299;0,851136614085518;26,2;29;-2,8;188;180;8;0,888888888888889;0,833333333333333;0,833333333333333;0,888888888888889;-0,0555555555555555;12;9;10;8;2;1;1;2;-1;0;0;1
"839626";"2021-560";"US Open";"Hard";"128";"Grand Slams";125;112;"Vasek Pospisil";"R";193;"CAN";31,1;46;"Fabio Fognini";"R";178;"ITA";34,2;"2-6 3-6 6-1 6-3 7-6(4)";5;"R128";198;24;9;144;80;63;31;24;6;11;8;6;132;79;58;25;22;5;10;58;1125;31;1734;2;3;6;6;7;6;6;1;3;6;2021-08-30;2021;"2021-560:125";1419;0;2,14201900487243;3,04580368961313;46;"Fabio Fognini";112;"Vasek Pospisil";3,04580368961313;2,14201900487243;0,903784684740697;34,2;31,1;3,1;178;193;-15;0,545454545454545;0,5;0,5;0,545454545454545;-0,0454545454545454;10;11;5;6;5;5;5;5;0;0;0;1
"839627";"2021-560";"US Open";"Hard";"128";"Grand Slams";126;66;"Ilya Ivashka";"R";193;"BLR";27,5;121;"Tennys Sandgren";"R";188;"USA";30,1;"7-6(3) 6-3 6-4";5;"R128";147;14;2;97;55;44;29;17;4;4;15;4;107;78;56;9;15;7;9;53;1250;91;833;7;6;6;NA;NA;6;3;4;NA;NA;2021-08-30;2021;"2021-560:126";1420;1;2,2720795454368;1,4922053598013;66;"Ilya Ivashka";121;"Tennys Sandgren";2,2720795454368;1,4922053598013;0,779874185635498;27,5;30,1;-2,6;193;188;5;1;0,777777777777778;1;0,777777777777778;0,222222222222222;9;4;7;4;2;0;2;0;2;0;0;1
"839629";"2021-560";"US Open";"Hard";"128";"Grand Slams";128;14;"Matteo Berrettini";"R";196;"ITA";25,3;20;"Jeremy Chardy";"R";188;"FRA";34,5;"7-6(5) 7-6(7) 6-3";5;"R128";151;17;1;100;67;54;23;17;2;3;12;3;120;77;55;24;18;7;10;8;5533;70;994;7;7;6;NA;NA;6;6;3;NA;NA;2021-08-30;2021;"2021-560:128";1421;1;5;1,87071698305503;14;"Matteo Berrettini";20;"Jeremy Chardy";5;1,87071698305503;3,12928301694497;25,3;34,5;-9,2;196;188;8;0,666666666666667;0,7;0,666666666666667;0,7;-0,0333333333333333;10;3;7;2;3;1;3;1;2;0;0;1
"839630";"2021-560";"US Open";"Hard";"128";"Grand Slams";129;148;"Alexander Zverev";"R";198;"GER";24,3;114;"Sam Querrey";"R";198;"USA";33,8;"6-4 7-5 6-2";5;"R128";100;18;1;74;51;46;14;15;0;0;17;5;96;54;38;18;15;6;10;4;8240;78;943;6;7;6;NA;NA;4;5;2;NA;NA;2021-08-30;2021;"2021-560:129";1422;0;6;1,71459778113775;114;"Sam Querrey";148;"Alexander Zverev";1,71459778113775;6;-4,28540221886225;33,8;24,3;9,5;198;198;0;1,5;0,6;0,6;1,5;-0,9;10;0;6;0;4;0;0;4;-4;0;0;1
"839631";"2021-560";"US Open";"Hard";"128";"Grand Slams";130;115;"Albert Ramos";"L";188;"ESP";33,6;113;"Lucas Pouille";"R";185;"FRA";27,5;"6-1 5-7 5-7 7-5 6-4";5;"R128";221;7;7;144;100;75;25;26;4;7;18;15;182;87;70;43;27;13;19;48;1400;133;605;6;5;5;7;6;1;7;7;5;4;2021-08-30;2021;"2021-560:130";1423;0;2,41503749927884;0,94471756449881;113;"Lucas Pouille";115;"Albert Ramos";0,94471756449881;2,41503749927884;-1,47031993478003;27,5;33,6;-6,1;185;188;-3;0,571428571428571;0,68421052631579;0,68421052631579;0,571428571428571;0,112781954887218;19;7;13;4;6;3;3;6;-3;0;0;1
"839632";"2021-560";"US Open";"Hard";"128";"Grand Slams";131;128;"Jack Sock";"R";185;"USA";28,9;104;"Yoshihito Nishioka";"L";170;"JPN";25,9;"6-7(5) 6-2 6-4 6-2";5;"R128";172;15;5;112;70;58;25;20;4;4;7;1;129;89;63;16;19;7;12;184;393;69;1000;6;6;6;6;NA;7;2;4;2;NA;2021-08-30;2021;"2021-560:131";1424;0;0,476438043942987;1,89147554322183;104;"Yoshihito Nishioka";128;"Jack Sock";1,89147554322183;0,476438043942987;1,41503749927884;25,9;28,9;-3;170;185;-15;1;0,583333333333333;0,583333333333333;1;-0,416666666666667;12;4;7;4;5;0;0;5;-5;0;0;1
"839638";"2021-560";"US Open";"Hard";"128";"Grand Slams";137;24;"Maxime Cressy";"R";198;"USA";24,3;18;"Pablo Carreno Busta";"R";188;"ESP";30,1;"5-7 4-6 6-1 6-4 7-6(7)";5;"R128";213;44;10;141;91;79;28;26;2;4;7;4;162;126;94;15;26;10;13;151;504;12;3325;5;4;6;6;7;7;6;1;4;6;2021-08-30;2021;"2021-560:137";1425;0;0,761595260674921;4,41503749927884;18;"Pablo Carreno Busta";24;"Maxime Cressy";4,41503749927884;0,761595260674921;3,65344223860392;30,1;24,3;5,8;188;198;-10;0,5;0,769230769230769;0,769230769230769;0,5;0,269230769230769;13;4;10;2;3;2;2;3;-1;0;0;1
"839641";"2021-560";"US Open";"Hard";"128";"Grand Slams";140;107;"Reilly Opelka";"R";211;"USA";24;79;"Soon Woo Kwon";"R";180;"KOR";23,7;"7-6(3) 6-4 6-4";5;"R128";133;33;6;101;71;59;15;16;2;2;13;9;103;62;49;17;17;2;4;24;2206;76;949;7;6;6;NA;NA;6;4;4;NA;NA;2021-08-30;2021;"2021-560:140";1426;0;3,41503749927884;1,75207248655641;79;"Soon Woo Kwon";107;"Reilly Opelka";1,75207248655641;3,41503749927884;-1,66296501272243;23,7;24;-0,300000000000001;180;211;-31;1;0,5;0,5;1;-0,5;4;2;2;2;2;0;0;2;-2;0;0;1
"839642";"2021-560";"US Open";"Hard";"128";"Grand Slams";141;58;"Lloyd Harris";"R";193;"RSA";24,5;72;"Karen Khachanov";"R";198;"RUS";25,2;"6-4 1-6 4-6 6-3 6-2";5;"R128";187;20;2;122;76;61;19;22;3;7;13;4;125;71;51;31;22;9;14;46;1443;28;2010;6;1;4;6;6;4;6;6;3;2;2021-08-30;2021;"2021-560:141";1427;1;2,47643804394299;3,1926450779424;58;"Lloyd Harris";72;"Karen Khachanov";2,47643804394299;3,1926450779424;-0,716207033999409;24,5;25,2;-0,699999999999999;193;198;-5;0,428571428571429;0,642857142857143;0,428571428571429;0,642857142857143;-0,214285714285714;14;7;9;3;5;4;5;4;1;0;0;1
"839643";"2021-560";"US Open";"Hard";"128";"Grand Slams";142;41;"Ernesto Escobedo";"R";185;"USA";25,1;25;"Pablo Cuevas";"R";180;"URU";35,6;"6-1 6-3 6-1";5;"R128";89;5;2;68;49;40;11;12;2;2;6;4;77;56;30;6;11;4;10;178;410;101;807;6;6;6;NA;NA;1;3;1;NA;NA;2021-08-30;2021;"2021-560:142";1428;0;0,524266569033602;1,34178851724821;25;"Pablo Cuevas";41;"Ernesto Escobedo";1,34178851724821;0,524266569033602;0,817521948214603;35,6;25,1;10,5;180;185;-5;1;0,4;0,4;1;-0,6;10;2;4;2;6;0;0;6;-6;0;0;1
"839644";"2021-560";"US Open";"Hard";"128";"Grand Slams";143;17;"Roberto Carballes Baena";"R";183;"ESP";28,4;109;"Tommy Paul";"R";185;"USA";24,2;"7-6(5) 6-2 1-6 6-3";5;"R128";185;10;6;126;77;53;23;19;3;7;6;3;123;82;55;19;18;6;11;95;819;54;1243;7;6;1;6;NA;6;2;6;3;NA;2021-08-30;2021;"2021-560:143";1429;1;1,43014439166905;2,24511249783653;17;"Roberto Carballes Baena";109;"Tommy Paul";1,43014439166905;2,24511249783653;-0,81496810616748;28,4;24,2;4,2;183;185;-2;0,428571428571429;0,545454545454545;0,428571428571429;0,545454545454545;-0,116883116883117;11;7;6;3;5;4;5;4;1;0;0;1
"839645";"2021-560";"US Open";"Hard";"128";"Grand Slams";144;124;"Denis Shapovalov";"L";185;"CAN";22,3;32;"Federico Delbonis";"L";190;"ARG";30,9;"6-2 6-2 6-3";5;"R128";109;14;6;68;41;37;12;12;0;0;1;2;82;51;30;13;13;6;12;10;3580;47;1407;6;6;6;NA;NA;2;2;3;NA;NA;2021-08-30;2021;"2021-560:144";1430;0;4,67807190511264;2,44541114832236;32;"Federico Delbonis";124;"Denis Shapovalov";2,44541114832236;4,67807190511264;-2,23266075679028;30,9;22,3;8,6;190;185;5;1,5;0,5;0,5;1,5;-1;12;0;6;0;6;0;0;6;-6;0;0;1
"839646";"2021-560";"US Open";"Hard";"128";"Grand Slams";145;119;"Andrey Rublev";"R";188;"RUS";23,8;70;"Ivo Karlovic";"R";208;"CRO";42,5;"6-3 7-6(3) 6-3";5;"R128";96;8;1;87;68;58;13;17;4;4;19;3;80;56;46;11;14;0;2;7;6400;221;309;6;7;6;NA;NA;3;6;3;NA;NA;2021-08-30;2021;"2021-560:145";1431;0;5,1926450779424;0,212097440608568;70;"Ivo Karlovic";119;"Andrey Rublev";0,212097440608568;5,1926450779424;-4,98054763733383;42,5;23,8;18,7;208;188;20;1;0;0;1;-1;2;4;0;4;2;0;0;2;-2;0;0;1
"839647";"2021-560";"US Open";"Hard";"128";"Grand Slams";146;88;"Pedro Martinez";"R";185;"ESP";24,3;38;"James Duckworth";"R";183;"AUS";29,6;"4-6 4-6 7-6(7) 6-2 6-2";5;"R128";261;15;6;163;112;79;27;24;4;7;17;4;151;92;63;32;25;7;12;75;950;68;1004;4;4;7;6;6;6;6;6;2;2;2021-08-30;2021;"2021-560:146";1432;0;1,77118130950412;1,91253715874966;38;"James Duckworth";88;"Pedro Martinez";1,91253715874966;1,77118130950412;0,141355849245541;29,6;24,3;5,3;183;185;-2;0,571428571428571;0,583333333333333;0,583333333333333;0,571428571428571;0,011904761904762;12;7;7;4;5;3;3;5;-2;0;0;1
"839649";"2021-560";"US Open";"Hard";"128";"Grand Slams";148;110;"Guido Pella";"L";185;"ARG";31,2;76;"Filip Krajinovic";"R";185;"SRB";29,5;"6-7(2) 6-3 6-2 6-2";5;"R128";198;28;5;119;79;57;22;19;7;9;12;9;141;85;63;16;19;10;17;85;879;38;1589;6;6;6;6;NA;7;3;2;2;NA;2021-08-30;2021;"2021-560:148";1433;0;1,5906090638623;2,75207248655641;76;"Filip Krajinovic";110;"Guido Pella";2,75207248655641;1,5906090638623;1,16146342269412;29,5;31,2;-1,7;185;185;0;0,777777777777778;0,588235294117647;0,588235294117647;0,777777777777778;-0,189542483660131;17;9;10;7;7;2;2;7;-5;0;0;1
"839650";"2021-560";"US Open";"Hard";"128";"Grand Slams";149;9;"Roberto Bautista Agut";"R";183;"ESP";33,3;80;"Nick Kyrgios";"R";193;"AUS";26,3;"6-3 6-4 6-0";5;"R128";108;14;2;81;51;41;16;13;1;1;12;2;66;34;20;16;12;1;6;21;2405;86;878;6;6;6;NA;NA;3;4;0;NA;NA;2021-08-30;2021;"2021-560:149";1434;1;3,60768257722124;1,5737352452979;9;"Roberto Bautista Agut";80;"Nick Kyrgios";3,60768257722124;1,5737352452979;2,03394733192334;33,3;26,3;7;183;193;-10;1;0,166666666666667;1;0,166666666666667;0,833333333333333;6;1;1;1;5;0;5;0;5;0;0;1
"839653";"2021-560";"US Open";"Hard";"128";"Grand Slams";152;6;"Felix Auger Aliassime";"R";193;"CAN";21;37;"Evgeny Donskoy";"R";185;"RUS";31,3;"7-6(0) 3-6 7-6(1) 7-6(8)";5;"R128";240;14;7;129;76;63;30;24;1;3;8;1;168;99;65;42;24;4;5;15;2828;152;498;7;3;7;7;NA;6;6;6;6;NA;2021-08-30;2021;"2021-560:152";1435;1;4,09310940439148;0,752072486556415;6;"Felix Auger Aliassime";37;"Evgeny Donskoy";4,09310940439148;0,752072486556415;3,34103691783507;21;31,3;-10,3;193;185;8;0,333333333333333;0,8;0,333333333333333;0,8;-0,466666666666667;5;3;4;1;1;2;1;2;-1;0;0;1
"839655";"2021-560";"US Open";"Hard";"128";"Grand Slams";154;81;"Henri Laaksonen";"R";185;"SUI";29,4;94;"John Millman";"R";183;"AUS";32,2;"7-6(6) 7-6(2) 6-1";5;"R128";148;16;4;100;57;46;26;17;1;2;3;3;100;59;42;25;16;3;7;130;613;43;1480;7;7;6;NA;NA;6;6;1;NA;NA;2021-08-30;2021;"2021-560:154";1436;1;0,977632186971546;2,5737352452979;81;"Henri Laaksonen";94;"John Millman";0,977632186971546;2,5737352452979;-1,59610305832636;29,4;32,2;-2,8;185;183;2;0,5;0,428571428571429;0,5;0,428571428571429;0,0714285714285715;7;2;3;1;4;1;4;1;3;0;0;1
"839656";"2021-560";"US Open";"Hard";"128";"Grand Slams";155;83;"Dusan Lajovic";"R";180;"SRB";31,1;108;"Benoit Paire";"R";196;"FRA";32,3;"6-3 7-5 2-6 6-4";5;"R128";153;3;6;117;78;53;21;20;4;9;15;14;133;66;53;24;19;9;15;40;1565;49;1384;6;7;2;6;NA;3;5;6;4;NA;2021-08-30;2021;"2021-560:155";1437;1;2,67807190511264;2,38529015588479;83;"Dusan Lajovic";108;"Benoit Paire";2,67807190511264;2,38529015588479;0,292781749227846;31,1;32,3;-1,2;180;196;-16;0,444444444444444;0,6;0,444444444444444;0,6;-0,155555555555556;15;9;9;4;6;5;6;5;1;0;0;1
"839657";"2021-560";"US Open";"Hard";"128";"Grand Slams";156;55;"Peter Gojowczyk";"R";185;"GER";32,1;62;"Ugo Humbert";"L";188;"FRA";23,1;"1-6 6-1 6-2 5-7 6-4";5;"R128";177;9;8;134;78;63;25;22;10;14;15;6;127;75;48;27;22;4;10;141;563;26;2090;1;6;6;5;6;6;1;2;7;4;2021-08-30;2021;"2021-560:156";1438;1;0,860448647601206;3,29956028185891;55;"Peter Gojowczyk";62;"Ugo Humbert";0,860448647601206;3,29956028185891;-2,4391116342577;32,1;23,1;9;185;188;-3;0,714285714285714;0,4;0,714285714285714;0,4;0,314285714285714;10;14;4;10;6;4;6;4;2;0;0;1
"839658";"2021-560";"US Open";"Hard";"128";"Grand Slams";157;2;"Carlos Alcaraz";"R";185;"ESP";18,3;105;"Cameron Norrie";"L";188;"GBR";26;"6-4 6-4 6-3";5;"R128";114;6;2;74;49;38;14;14;1;3;6;3;96;57;40;14;15;4;10;55;1209;29;1975;6;6;6;NA;NA;4;4;3;NA;NA;2021-08-30;2021;"2021-560:157";1439;1;2,21864028647534;3,14201900487243;2;"Carlos Alcaraz";105;"Cameron Norrie";2,21864028647534;3,14201900487243;-0,923378718397088;18,3;26;-7,7;185;188;-3;0,333333333333333;0,4;0,333333333333333;0,4;-0,0666666666666667;10;3;4;1;6;2;6;2;4;0;0;1
"839660";"2021-560";"US Open";"Hard";"128";"Grand Slams";159;87;"Adrian Mannarino";"L";183;"FRA";33,1;60;"Pierre Hugues Herbert";"R";188;"FRA";30,4;"3-6 4-6 6-4 6-3 6-3";5;"R128";228;8;4;146;82;62;33;23;10;14;16;15;168;95;68;34;24;6;12;44;1469;104;773;3;4;6;6;6;6;6;4;3;3;2021-08-30;2021;"2021-560:159";1440;0;2,5405683813627;1,29956028185891;60;"Pierre Hugues Herbert";87;"Adrian Mannarino";1,29956028185891;2,5405683813627;-1,24100809950379;30,4;33,1;-2,7;188;183;5;0,714285714285714;0,5;0,5;0,714285714285714;-0,214285714285714;12;14;6;10;6;4;4;6;-2;0;0;1
"839661";"2021-560";"US Open";"Hard";"128";"Grand Slams";160;140;"Stefanos Tsitsipas";"R";193;"GRE";23;100;"Andy Murray";"R";190;"GBR";34,2;"2-6 7-6(7) 3-6 6-3 6-4";5;"R128";289;19;5;146;82;63;38;25;7;11;9;3;163;102;71;34;24;7;10;3;8350;112;740;2;7;3;6;6;6;6;6;3;4;2021-08-30;2021;"2021-560:160";1441;0;6,41503749927884;1,1926450779424;100;"Andy Murray";140;"Stefanos Tsitsipas";1,1926450779424;6,41503749927884;-5,22239242133645;34,2;23;11,2;190;193;-3;0,636363636363636;0,7;0,7;0,636363636363636;0,0636363636363636;10;11;7;7;3;4;4;3;1;0;0;1
"839668";"2021-560";"US Open";"Hard";"128";"Grand Slams";167;4;"Kevin Anderson";"R";203;"RSA";35,2;144;"Jiri Vesely";"L";198;"CZE";28,1;"7-6(1) 4-6 3-6 7-6(5) 7-6(4)";5;"R128";262;49;6;155;101;87;32;30;2;4;27;17;175;108;96;31;28;3;3;77;948;90;865;7;4;3;7;7;6;6;6;6;6;2021-08-30;2021;"2021-560:167";1442;1;1,7332134593051;1,50814690367033;4;"Kevin Anderson";144;"Jiri Vesely";1,7332134593051;1,50814690367033;0,225066555634774;35,2;28,1;7,1;203;198;5;0,5;1;0,5;1;-0,5;3;4;3;2;0;2;0;2;-2;0;0;1
"839669";"2021-560";"US Open";"Hard";"128";"Grand Slams";168;122;"Diego Schwartzman";"R";170;"ARG";29;12;"Ricardas Berankis";"R";175;"LTU";31,1;"7-5 6-3 6-3";5;"R128";142;3;6;100;62;51;16;15;7;8;7;2;92;61;41;12;15;4;9;14;2980;96;818;7;6;6;NA;NA;5;3;3;NA;NA;2021-08-30;2021;"2021-560:168";1443;0;4,1926450779424;1,41503749927884;12;"Ricardas Berankis";122;"Diego Schwartzman";1,41503749927884;4,1926450779424;-2,77760757866355;31,1;29;2,1;175;170;5;0,875;0,444444444444444;0,444444444444444;0,875;-0,430555555555556;9;8;4;7;5;1;1;5;-4;0;0;1
"839671";"2021-560";"US Open";"Hard";"128";"Grand Slams";170;111;"Alexei Popyrin";"R";196;"AUS";22;1;"Radu Albot";"R";175;"MDA";31,8;"6-3 6-7(3) 6-3 6-3";5;"R128";157;13;8;119;69;56;32;21;1;1;5;5;111;71;53;22;19;3;7;73;970;108;744;6;6;6;6;NA;3;7;3;3;NA;2021-08-30;2021;"2021-560:170";1444;0;1,81017544111998;1,24511249783653;1;"Radu Albot";111;"Alexei Popyrin";1,24511249783653;1,81017544111998;-0,565062943283451;31,8;22;9,8;175;196;-21;1;0,428571428571429;0,428571428571429;1;-0,571428571428571;7;1;3;1;4;0;0;4;-4;0;0;1
"839673";"2021-560";"US Open";"Hard";"128";"Grand Slams";172;42;"Daniel Evans";"R";175;"GBR";31,2;97;"Thiago Monteiro";"L";183;"BRA";27,2;"6-3 6-7(6) 6-4 6-1";5;"R128";214;8;3;119;70;56;32;21;4;5;9;4;127;91;63;15;18;12;17;27;2074;93;831;6;6;6;6;NA;3;7;4;1;NA;2021-08-30;2021;"2021-560:172";1445;1;3,24511249783653;1,46084118889197;42;"Daniel Evans";97;"Thiago Monteiro";3,24511249783653;1,46084118889197;1,78427130894456;31,2;27,2;4;175;183;-8;0,8;0,705882352941177;0,8;0,705882352941177;0,0941176470588235;17;5;12;4;5;1;5;1;4;0;0;1
"839675";"2021-560";"US Open";"Hard";"128";"Grand Slams";174;5;"Pablo Andujar";"R";180;"ESP";35,6;78;"Mikhail Kukushkin";"R";183;"KAZ";33,6;"3-6 4-6 6-4 6-4 6-2";5;"R128";254;10;10;154;87;64;34;23;14;18;12;4;144;88;66;26;24;6;12;74;970;129;614;3;4;6;6;6;6;6;4;4;2;2021-08-30;2021;"2021-560:174";1446;1;1,79054663437105;0,988772744576746;5;"Pablo Andujar";78;"Mikhail Kukushkin";1,79054663437105;0,988772744576746;0,801773889794304;35,6;33,6;2;180;183;-3;0,777777777777778;0,5;0,777777777777778;0,5;0,277777777777778;12;18;6;14;6;4;6;4;2;0;0;1
"839677";"2021-560";"US Open";"Hard";"128";"Grand Slams";176;92;"Daniil Medvedev";"R";198;"RUS";25,5;51;"Richard Gasquet";"R";185;"FRA";35,2;"6-4 6-3 6-1";5;"R128";117;15;4;68;41;36;18;13;2;2;1;6;105;58;36;20;13;8;13;2;9980;79;918;6;6;6;NA;NA;4;3;1;NA;NA;2021-08-30;2021;"2021-560:176";1447;0;7;1,6962192518229;51;"Richard Gasquet";92;"Daniil Medvedev";1,6962192518229;7;-5,3037807481771;35,2;25,5;9,7;185;198;-13;1;0,615384615384615;0,615384615384615;1;-0,384615384615385;13;2;8;2;5;0;0;5;-5;0;0;1
"839679";"2021-560";"US Open";"Hard";"128";"Grand Slams";178;103;"Kei Nishikori";"R";178;"JPN";31,6;91;"Mackenzie Mcdonald";"R";178;"USA";26,3;"7-6(3) 6-3 6-7(5) 2-6 6-3";5;"R64";237;2;6;182;128;78;28;27;14;22;13;7;156;109;68;26;25;10;18;56;1208;61;1070;7;6;6;2;6;6;3;7;6;3;2021-08-30;2021;"2021-560:178";1448;0;2,1926450779424;2,06926266243711;91;"Mackenzie Mcdonald";103;"Kei Nishikori";2,06926266243711;2,1926450779424;-0,123382415505283;26,3;31,6;-5,3;178;178;0;0,636363636363636;0,555555555555556;0,555555555555556;0,636363636363636;-0,0808080808080808;18;22;10;14;8;8;8;8;0;0;0;1
"839680";"2021-560";"US Open";"Hard";"128";"Grand Slams";179;69;"Aslan Karatsev";"R";185;"RUS";27,9;135;"Jordan Thompson";"R";183;"AUS";27,3;"3-6 3-6 7-5 7-6(9) 6-1";5;"R64";280;11;8;166;95;69;37;25;12;18;15;6;181;106;75;34;25;13;19;25;2109;59;1090;3;3;7;7;6;6;6;5;6;1;2021-08-30;2021;"2021-560:179";1449;1;3,35614381022528;2,11735695063816;69;"Aslan Karatsev";135;"Jordan Thompson";3,35614381022528;2,11735695063816;1,23878685958712;27,9;27,3;0,599999999999998;185;183;2;0,666666666666667;0,68421052631579;0,666666666666667;0,68421052631579;-0,0175438596491229;19;18;13;12;6;6;6;6;0;0;0;1
"839682";"2021-560";"US Open";"Hard";"128";"Grand Slams";181;123;"Andreas Seppi";"R";190;"ITA";37,5;63;"Hubert Hurkacz";"R";196;"POL";24,5;"2-6 6-4 6-4 7-6(6)";5;"R64";170;12;3;121;72;59;21;21;8;12;27;5;126;77;61;19;20;5;9;89;873;13;3128;2;6;6;7;NA;6;4;4;6;NA;2021-08-30;2021;"2021-560:181";1450;0;1,5242665690336;4,29956028185891;63;"Hubert Hurkacz";123;"Andreas Seppi";4,29956028185891;1,5242665690336;2,7752937128253;24,5;37,5;-13;196;190;6;0,666666666666667;0,555555555555556;0,555555555555556;0,666666666666667;-0,111111111111111;9;12;5;8;4;4;4;4;0;0;0;1
"839684";"2021-560";"US Open";"Hard";"128";"Grand Slams";183;66;"Ilya Ivashka";"R";193;"BLR";27,5;112;"Vasek Pospisil";"R";193;"CAN";31,1;"6-3 6-4 7-6(5)";5;"R64";142;7;1;89;53;41;25;16;3;5;12;5;104;59;46;17;16;3;8;53;1250;58;1125;6;6;7;NA;NA;3;4;6;NA;NA;2021-08-30;2021;"2021-560:183";1451;1;2,2720795454368;2,14201900487243;66;"Ilya Ivashka";112;"Vasek Pospisil";2,2720795454368;2,14201900487243;0,130060540564373;27,5;31,1;-3,6;193;193;0;0,6;0,375;0,6;0,375;0,225;8;5;3;3;5;2;5;2;3;0;0;1
"839685";"2021-560";"US Open";"Hard";"128";"Grand Slams";184;14;"Matteo Berrettini";"R";196;"ITA";25,3;98;"Corentin Moutet";"L";178;"FRA";22,3;"7-6(2) 4-6 6-4 6-3";5;"R64";201;17;6;128;90;69;19;21;7;10;4;4;133;84;50;32;21;5;10;8;5533;88;873;7;4;6;6;NA;6;6;4;3;NA;2021-08-30;2021;"2021-560:184";1452;1;5;1,5405683813627;14;"Matteo Berrettini";98;"Corentin Moutet";5;1,5405683813627;3,4594316186373;25,3;22,3;3;196;178;18;0,7;0,5;0,7;0,5;0,2;10;10;5;7;5;3;5;3;2;0;0;1
"839686";"2021-560";"US Open";"Hard";"128";"Grand Slams";185;148;"Alexander Zverev";"R";198;"GER";24,3;115;"Albert Ramos";"L";188;"ESP";33,6;"6-1 6-0 6-3";5;"R64";74;11;3;53;43;40;4;11;0;0;3;2;64;43;22;9;11;8;15;4;8240;48;1400;6;6;6;NA;NA;1;0;3;NA;NA;2021-08-30;2021;"2021-560:185";1453;0;6;2,41503749927884;115;"Albert Ramos";148;"Alexander Zverev";2,41503749927884;6;-3,58496250072116;33,6;24,3;9,3;188;198;-10;1,5;0,533333333333333;0,533333333333333;1,5;-0,966666666666667;15;0;8;0;7;0;0;7;-7;0;0;1
"839687";"2021-560";"US Open";"Hard";"128";"Grand Slams";186;128;"Jack Sock";"R";185;"USA";28,9;16;"Alexander Bublik";"R";196;"KAZ";24,2;"7-6(3) 6-7(2) 6-4 4-6 6-3";5;"R64";212;9;6;163;96;71;33;27;8;14;40;11;165;101;81;23;28;10;17;184;393;37;1633;7;6;6;4;6;6;7;4;6;3;2021-08-30;2021;"2021-560:186";1454;0;0,476438043942987;2,79054663437105;16;"Alexander Bublik";128;"Jack Sock";2,79054663437105;0,476438043942987;2,31410859042806;24,2;28,9;-4,7;196;185;11;0,571428571428571;0,588235294117647;0,588235294117647;0,571428571428571;0,0168067226890757;17;14;10;8;7;6;6;7;-1;0;0;1
"839688";"2021-560";"US Open";"Hard";"128";"Grand Slams";187;96;"Gael Monfils";"R";193;"FRA";34,9;68;"Steve Johnson";"R";188;"USA";31,6;"7-5 4-6 6-4 6-4";5;"R64";173;15;6;116;67;54;32;21;4;6;7;1;141;76;52;38;21;11;15;20;2503;87;876;7;4;6;6;NA;5;6;4;4;NA;2021-08-30;2021;"2021-560:187";1455;0;3,67807190511264;1,55705650415127;68;"Steve Johnson";96;"Gael Monfils";1,55705650415127;3,67807190511264;-2,12101540096137;31,6;34,9;-3,3;188;193;-5;0,666666666666667;0,733333333333333;0,733333333333333;0,666666666666667;0,0666666666666667;15;6;11;4;4;2;2;4;-2;0;0;1
"839690";"2021-560";"US Open";"Hard";"128";"Grand Slams";189;8;"Nikoloz Basilashvili";"R";185;"GEO";29,5;24;"Maxime Cressy";"R";198;"USA";24,3;"7-6(3) 6-3 7-5";5;"R64";131;9;5;101;64;51;21;18;2;4;20;8;99;56;40;21;16;2;6;39;1578;151;504;7;6;7;NA;NA;6;3;5;NA;NA;2021-08-30;2021;"2021-560:189";1456;1;2,71459778113775;0,761595260674921;8;"Nikoloz Basilashvili";24;"Maxime Cressy";2,71459778113775;0,761595260674921;1,95300252046283;29,5;24,3;5,2;185;198;-13;0,5;0,333333333333333;0,5;0,333333333333333;0,166666666666667;6;4;2;2;4;2;4;2;2;0;0;1
"839692";"2021-560";"US Open";"Hard";"128";"Grand Slams";191;58;"Lloyd Harris";"R";193;"RSA";24,5;41;"Ernesto Escobedo";"R";185;"USA";25,1;"6-4 6-4 6-2";5;"R64";119;21;1;85;55;46;14;14;3;4;7;2;91;58;37;15;14;10;15;46;1443;178;410;6;6;6;NA;NA;4;4;2;NA;NA;2021-08-30;2021;"2021-560:191";1457;0;2,47643804394299;0,524266569033602;41;"Ernesto Escobedo";58;"Lloyd Harris";0,524266569033602;2,47643804394299;-1,95217147490938;25,1;24,5;0,600000000000001;185;193;-8;0,75;0,666666666666667;0,666666666666667;0,75;-0,0833333333333334;15;4;10;3;5;1;1;5;-4;0;0;1
"839693";"2021-560";"US Open";"Hard";"128";"Grand Slams";192;124;"Denis Shapovalov";"L";185;"CAN";22,3;17;"Roberto Carballes Baena";"R";183;"ESP";28,4;"7-6(7) 6-3 6-0";5;"R64";127;9;8;84;53;45;16;14;1;2;3;4;82;43;29;16;14;3;8;10;3580;95;819;7;6;6;NA;NA;6;3;0;NA;NA;2021-08-30;2021;"2021-560:192";1458;0;4,67807190511264;1,43014439166905;17;"Roberto Carballes Baena";124;"Denis Shapovalov";1,43014439166905;4,67807190511264;-3,24792751344359;28,4;22,3;6,1;183;185;-2;0,5;0,375;0,375;0,5;-0,125;8;2;3;1;5;1;1;5;-4;0;0;1
"839694";"2021-560";"US Open";"Hard";"128";"Grand Slams";193;119;"Andrey Rublev";"R";188;"RUS";23,8;88;"Pedro Martinez";"R";185;"ESP";24,3;"7-6(2) 6-7(5) 6-1 6-1";5;"R64";172;18;1;118;70;58;27;20;5;6;7;6;132;71;45;28;20;9;15;7;6400;75;950;7;6;6;6;NA;6;7;1;1;NA;2021-08-30;2021;"2021-560:193";1459;0;5,1926450779424;1,77118130950412;88;"Pedro Martinez";119;"Andrey Rublev";1,77118130950412;5,1926450779424;-3,42146376843828;24,3;23,8;0,5;185;188;-3;0,833333333333333;0,6;0,6;0,833333333333333;-0,233333333333333;15;6;9;5;6;1;1;6;-5;0;0;1
"839695";"2021-560";"US Open";"Hard";"128";"Grand Slams";194;136;"Frances Tiafoe";"R";188;"USA";23,6;110;"Guido Pella";"L";185;"ARG";31,2;"6-1 6-2 7-5";5;"R64";112;11;0;73;52;41;8;13;0;2;5;3;84;59;35;5;14;6;14;50;1312;85;879;6;6;7;NA;NA;1;2;5;NA;NA;2021-08-30;2021;"2021-560:194";1460;0;2,35614381022528;1,5906090638623;110;"Guido Pella";136;"Frances Tiafoe";1,5906090638623;2,35614381022528;-0,765534746362977;31,2;23,6;7,6;185;188;-3;0;0,428571428571429;0,428571428571429;0;0,428571428571429;14;2;6;0;8;2;2;8;-6;0;0;1
"839698";"2021-560";"US Open";"Hard";"128";"Grand Slams";197;81;"Henri Laaksonen";"R";185;"SUI";29,4;50;"Cristian Garin";"R";185;"CHI";25,2;"3-6 7-6(5) 6-2 6-4";5;"R64";188;4;4;125;74;53;27;21;2;6;5;1;132;86;57;22;20;4;10;130;613;19;2510;3;7;6;6;NA;6;6;2;4;NA;2021-08-30;2021;"2021-560:197";1461;0;0,977632186971546;3,75207248655641;50;"Cristian Garin";81;"Henri Laaksonen";3,75207248655641;0,977632186971546;2,77444029958487;25,2;29,4;-4,2;185;185;0;0,333333333333333;0,4;0,4;0,333333333333333;0,0666666666666667;10;6;4;2;6;4;4;6;-2;0;0;1
"839699";"2021-560";"US Open";"Hard";"128";"Grand Slams";198;55;"Peter Gojowczyk";"R";185;"GER";32,1;83;"Dusan Lajovic";"R";180;"SRB";31,1;"2-6 6-4 2-6 7-5 6-4";5;"R64";189;11;10;162;95;62;33;24;14;21;16;1;157;115;75;21;24;8;14;141;563;40;1565;2;6;2;7;6;6;4;6;5;4;2021-08-30;2021;"2021-560:198";1462;1;0,860448647601206;2,67807190511264;55;"Peter Gojowczyk";83;"Dusan Lajovic";0,860448647601206;2,67807190511264;-1,81762325751143;32,1;31,1;1;185;180;5;0,666666666666667;0,571428571428571;0,666666666666667;0,571428571428571;0,0952380952380952;14;21;8;14;6;7;6;7;-1;0;0;1
"839701";"2021-560";"US Open";"Hard";"128";"Grand Slams";200;140;"Stefanos Tsitsipas";"R";193;"GRE";23;87;"Adrian Mannarino";"L";183;"FRA";33,1;"6-3 6-4 6-7(4) 6-0";5;"R64";161;27;3;108;73;62;20;20;1;1;6;2;113;66;46;23;18;2;7;3;8350;44;1469;6;6;6;6;NA;3;4;7;0;NA;2021-08-30;2021;"2021-560:200";1463;0;6,41503749927884;2,5405683813627;87;"Adrian Mannarino";140;"Stefanos Tsitsipas";2,5405683813627;6,41503749927884;-3,87446911791614;33,1;23;10,1;183;193;-10;1;0,285714285714286;0,285714285714286;1;-0,714285714285714;7;1;2;1;5;0;0;5;-5;0;0;1
"839702";"2021-560";"US Open";"Hard";"128";"Grand Slams";201;142;"Botic Van De Zandschulp";"R";188;"NED";25,9;120;"Casper Ruud";"R";183;"NOR";22,6;"3-6 6-4 6-3 6-4";5;"R64";185;9;5;124;70;52;30;19;10;12;4;3;115;75;47;25;19;5;9;117;698;11;3455;3;6;6;6;NA;6;4;3;4;NA;2021-08-30;2021;"2021-560:201";1464;0;1,1296352804166;4,5405683813627;120;"Casper Ruud";142;"Botic Van De Zandschulp";4,5405683813627;1,1296352804166;3,41093310094611;22,6;25,9;-3,3;183;188;-5;0,833333333333333;0,555555555555556;0,555555555555556;0,833333333333333;-0,277777777777778;9;12;5;10;4;2;2;4;-2;0;0;1
"839705";"2021-560";"US Open";"Hard";"128";"Grand Slams";204;122;"Diego Schwartzman";"R";170;"ARG";29;4;"Kevin Anderson";"R";203;"RSA";35,2;"7-6(4) 6-3 6-4";5;"R64";192;1;4;98;70;53;17;17;3;4;24;1;116;79;55;16;15;7;10;14;2980;77;948;7;6;6;NA;NA;6;3;4;NA;NA;2021-08-30;2021;"2021-560:204";1465;0;4,1926450779424;1,7332134593051;4;"Kevin Anderson";122;"Diego Schwartzman";1,7332134593051;4,1926450779424;-2,4594316186373;35,2;29;6,2;203;170;33;0,75;0,7;0,7;0,75;-0,05;10;4;7;3;3;1;1;3;-2;0;0;1
"839707";"2021-560";"US Open";"Hard";"128";"Grand Slams";206;42;"Daniel Evans";"R";175;"GBR";31,2;53;"Marcos Giron";"R";180;"USA";28,1;"6-4 7-6(3) 2-6 6-3";5;"R64";165;6;4;111;72;60;20;21;2;5;10;5;111;70;48;26;19;3;6;27;2074;64;1037;6;7;2;6;NA;4;6;6;3;NA;2021-08-30;2021;"2021-560:206";1466;1;3,24511249783653;2;42;"Daniel Evans";53;"Marcos Giron";3,24511249783653;2;1,24511249783653;31,2;28,1;3,1;175;180;-5;0,4;0,5;0,4;0,5;-0,1;6;5;3;2;3;3;3;3;0;0;0;1
"839708";"2021-560";"US Open";"Hard";"128";"Grand Slams";207;5;"Pablo Andujar";"R";180;"ESP";35,6;74;"Philipp Kohlschreiber";"R";178;"GER";37,8;"6-4 6-3 6-1";5;"R64";125;4;2;86;59;45;12;13;5;6;5;1;89;52;30;17;13;8;14;74;970;115;716;6;6;6;NA;NA;4;3;1;NA;NA;2021-08-30;2021;"2021-560:207";1467;1;1,79054663437105;1,15450994905563;5;"Pablo Andujar";74;"Philipp Kohlschreiber";1,79054663437105;1,15450994905563;0,636036685315425;35,6;37,8;-2,2;180;178;2;0,833333333333333;0,571428571428571;0,833333333333333;0,571428571428571;0,261904761904762;14;6;8;5;6;1;6;1;5;0;0;1
"839709";"2021-560";"US Open";"Hard";"128";"Grand Slams";208;92;"Daniil Medvedev";"R";198;"RUS";25,5;73;"Dominik Koepfer";"L";180;"GER";27,3;"6-4 6-1 6-2";5;"R64";108;8;2;59;41;33;11;12;0;1;1;3;89;51;29;16;13;10;17;2;9980;57;1175;6;6;6;NA;NA;4;1;2;NA;NA;2021-08-30;2021;"2021-560:208";1468;0;7;2,16710998583526;73;"Dominik Koepfer";92;"Daniil Medvedev";2,16710998583526;7;-4,83289001416474;27,3;25,5;1,8;180;198;-18;0;0,588235294117647;0,588235294117647;0;0,588235294117647;17;1;10;0;7;1;1;7;-6;0;0;1
"839710";"2021-560";"US Open";"Hard";"128";"Grand Slams";209;35;"Novak Djokovic";"R";188;"SRB";34,2;103;"Kei Nishikori";"R";178;"JPN";31,6;"6-7(4) 6-3 6-3 6-2";5;"R32";212;15;7;131;82;63;25;19;11;13;6;3;143;93;59;22;20;9;16;1;11113;56;1208;6;6;6;6;NA;7;3;3;2;NA;2021-08-30;2021;"2021-560:209";1469;1;8;2,1926450779424;35;"Novak Djokovic";103;"Kei Nishikori";8;2,1926450779424;5,8073549220576;34,2;31,6;2,6;188;178;10;0,846153846153846;0,5625;0,846153846153846;0,5625;0,283653846153846;16;13;9;11;7;2;7;2;5;0;0;1
"839713";"2021-560";"US Open";"Hard";"128";"Grand Slams";212;14;"Matteo Berrettini";"R";196;"ITA";25,3;66;"Ilya Ivashka";"R";193;"BLR";27,5;"6-7(5) 6-2 6-4 2-6 6-3";5;"R32";226;27;5;159;95;80;30;24;10;12;11;4;139;85;60;36;24;4;8;8;5533;53;1250;6;6;6;2;6;7;2;4;6;3;2021-08-30;2021;"2021-560:212";1470;1;5;2,2720795454368;14;"Matteo Berrettini";66;"Ilya Ivashka";5;2,2720795454368;2,7279204545632;25,3;27,5;-2,2;196;193;3;0,833333333333333;0,5;0,833333333333333;0,5;0,333333333333333;8;12;4;10;4;2;4;2;2;0;0;1
"839715";"2021-560";"US Open";"Hard";"128";"Grand Slams";214;126;"Jannik Sinner";"R";188;"ITA";20;96;"Gael Monfils";"R";193;"FRA";34,9;"7-6(1) 6-2 4-6 4-6 6-4";5;"R32";222;5;5;166;93;64;40;26;12;18;21;10;170;100;73;26;25;7;14;16;2750;20;2503;7;6;4;4;6;6;2;6;6;4;2021-08-30;2021;"2021-560:214";1471;0;4;3,67807190511264;96;"Gael Monfils";126;"Jannik Sinner";3,67807190511264;4;-0,321928094887363;34,9;20;14,9;193;188;5;0,666666666666667;0,5;0,5;0,666666666666667;-0,166666666666667;14;18;7;12;7;6;6;7;-1;0;0;1
"839716";"2021-560";"US Open";"Hard";"128";"Grand Slams";215;107;"Reilly Opelka";"R";211;"USA";24;8;"Nikoloz Basilashvili";"R";185;"GEO";29,5;"7-6(5) 6-3 6-4";5;"R32";135;21;2;102;69;51;18;16;3;5;7;6;95;43;31;27;16;5;10;24;2206;39;1578;7;6;6;NA;NA;6;3;4;NA;NA;2021-08-30;2021;"2021-560:215";1472;0;3,41503749927884;2,71459778113775;8;"Nikoloz Basilashvili";107;"Reilly Opelka";2,71459778113775;3,41503749927884;-0,700439718141093;29,5;24;5,5;185;211;-26;0,6;0,5;0,5;0,6;-0,1;10;5;5;3;5;2;2;5;-3;0;0;1
"839717";"2021-560";"US Open";"Hard";"128";"Grand Slams";216;58;"Lloyd Harris";"R";193;"RSA";24,5;124;"Denis Shapovalov";"L";185;"CAN";22,3;"6-4 6-4 6-4";5;"R32";132;10;5;89;64;48;13;15;6;8;7;9;93;63;43;10;15;4;9;46;1443;10;3580;6;6;6;NA;NA;4;4;4;NA;NA;2021-08-30;2021;"2021-560:216";1473;1;2,47643804394299;4,67807190511264;58;"Lloyd Harris";124;"Denis Shapovalov";2,47643804394299;4,67807190511264;-2,20163386116965;24,5;22,3;2,2;193;185;8;0,75;0,444444444444444;0,75;0,444444444444444;0,305555555555556;9;8;4;6;5;2;5;2;3;0;0;1
"839718";"2021-560";"US Open";"Hard";"128";"Grand Slams";217;136;"Frances Tiafoe";"R";188;"USA";23,6;119;"Andrey Rublev";"R";188;"RUS";23,8;"4-6 6-3 7-6(6) 4-6 6-1";5;"R32";225;24;8;194;110;82;36;26;10;14;25;7;144;88;68;24;23;9;14;50;1312;7;6400;4;6;7;4;6;6;3;6;6;1;2021-08-30;2021;"2021-560:217";1474;0;2,35614381022528;5,1926450779424;119;"Andrey Rublev";136;"Frances Tiafoe";5,1926450779424;2,35614381022528;2,83650126771712;23,8;23,6;0,199999999999999;188;188;0;0,714285714285714;0,642857142857143;0,642857142857143;0,714285714285714;-0,0714285714285714;14;14;9;10;5;4;4;5;-1;0;0;1
"839719";"2021-560";"US Open";"Hard";"128";"Grand Slams";218;6;"Felix Auger Aliassime";"R";193;"CAN";21;9;"Roberto Bautista Agut";"R";183;"ESP";33,3;"6-3 6-4 4-6 3-6 6-3";5;"R32";235;27;8;144;90;74;24;24;7;10;2;3;161;104;77;23;23;11;15;15;2828;21;2405;6;6;4;3;6;3;4;6;6;3;2021-08-30;2021;"2021-560:218";1475;1;4,09310940439148;3,60768257722124;6;"Felix Auger Aliassime";9;"Roberto Bautista Agut";4,09310940439148;3,60768257722124;0,485426827170242;21;33,3;-12,3;193;183;10;0,7;0,733333333333333;0,7;0,733333333333333;-0,0333333333333333;15;10;11;7;4;3;4;3;1;0;0;1
"839720";"2021-560";"US Open";"Hard";"128";"Grand Slams";219;55;"Peter Gojowczyk";"R";185;"GER";32,1;81;"Henri Laaksonen";"R";185;"SUI";29,4;"3-6 6-3 6-1 6-4";5;"R32";128;8;9;109;56;44;29;18;5;7;10;5;105;53;37;25;17;6;11;141;563;130;613;3;6;6;6;NA;6;3;1;4;NA;2021-08-30;2021;"2021-560:219";1476;1;0,860448647601206;0,977632186971546;55;"Peter Gojowczyk";81;"Henri Laaksonen";0,860448647601206;0,977632186971546;-0,117183539370339;32,1;29,4;2,7;185;185;0;0,714285714285714;0,545454545454545;0,714285714285714;0,545454545454545;0,168831168831169;11;7;6;5;5;2;5;2;3;0;0;1
"839721";"2021-560";"US Open";"Hard";"128";"Grand Slams";220;2;"Carlos Alcaraz";"R";185;"ESP";18,3;140;"Stefanos Tsitsipas";"R";193;"GRE";23;"6-3 4-6 7-6(2) 0-6 7-6(5)";5;"R32";247;2;2;170;108;65;37;25;9;17;15;5;156;93;69;30;26;7;13;55;1209;3;8350;6;4;7;0;7;3;6;6;6;6;2021-08-30;2021;"2021-560:220";1477;1;2,21864028647534;6,41503749927884;2;"Carlos Alcaraz";140;"Stefanos Tsitsipas";2,21864028647534;6,41503749927884;-4,1963972128035;18,3;23;-4,7;185;193;-8;0,529411764705882;0,538461538461538;0,529411764705882;0,538461538461538;-0,00904977375565608;13;17;7;9;6;8;6;8;-2;0;0;1
"839724";"2021-560";"US Open";"Hard";"128";"Grand Slams";223;42;"Daniel Evans";"R";175;"GBR";31,2;111;"Alexei Popyrin";"R";196;"AUS";22;"4-6 3-6 6-3 6-4 7-6(1)";5;"R32";243;6;1;146;90;65;32;25;6;11;18;14;165;90;74;27;26;10;15;27;2074;73;970;4;3;6;6;7;6;6;3;4;6;2021-08-30;2021;"2021-560:223";1478;1;3,24511249783653;1,81017544111998;42;"Daniel Evans";111;"Alexei Popyrin";3,24511249783653;1,81017544111998;1,43493705671655;31,2;22;9,2;175;196;-21;0,545454545454545;0,666666666666667;0,545454545454545;0,666666666666667;-0,121212121212121;15;11;10;6;5;5;5;5;0;0;0;1
"839725";"2021-560";"US Open";"Hard";"128";"Grand Slams";224;92;"Daniil Medvedev";"R";198;"RUS";25,5;5;"Pablo Andujar";"R";180;"ESP";35,6;"6-0 6-4 6-3";5;"R32";116;9;1;71;42;32;16;12;3;4;0;8;95;60;38;6;13;6;13;2;9980;74;970;6;6;6;NA;NA;0;4;3;NA;NA;2021-08-30;2021;"2021-560:224";1479;0;7;1,79054663437105;5;"Pablo Andujar";92;"Daniil Medvedev";1,79054663437105;7;-5,20945336562895;35,6;25,5;10,1;180;198;-18;0,75;0,461538461538462;0,461538461538462;0,75;-0,288461538461538;13;4;6;3;7;1;1;7;-6;0;0;1
"839728";"2021-560";"US Open";"Hard";"128";"Grand Slams";227;148;"Alexander Zverev";"R";198;"GER";24,3;126;"Jannik Sinner";"R";188;"ITA";20;"6-4 6-4 7-6(7)";5;"R16";145;17;3;107;73;53;20;16;6;7;5;2;106;64;47;21;17;8;11;4;8240;16;2750;6;6;7;NA;NA;4;4;6;NA;NA;2021-08-30;2021;"2021-560:227";1480;0;6;4;126;"Jannik Sinner";148;"Alexander Zverev";4;6;-2;20;24,3;-4,3;188;198;-10;0,857142857142857;0,727272727272727;0,727272727272727;0,857142857142857;-0,12987012987013;11;7;8;6;3;1;1;3;-2;0;0;1
"839729";"2021-560";"US Open";"Hard";"128";"Grand Slams";228;58;"Lloyd Harris";"R";193;"RSA";24,5;107;"Reilly Opelka";"R";211;"USA";24;"6-7(6) 6-4 6-1 6-3";5;"R16";151;36;4;100;76;70;9;20;1;2;24;2;138;90;65;16;19;11;17;46;1443;24;2206;6;6;6;6;NA;7;4;1;3;NA;2021-08-30;2021;"2021-560:228";1481;1;2,47643804394299;3,41503749927884;58;"Lloyd Harris";107;"Reilly Opelka";2,47643804394299;3,41503749927884;-0,938599455335857;24,5;24;0,5;193;211;-18;0,5;0,647058823529412;0,5;0,647058823529412;-0,147058823529412;17;2;11;1;6;1;6;1;5;0;0;1
"839730";"2021-560";"US Open";"Hard";"128";"Grand Slams";229;6;"Felix Auger Aliassime";"R";193;"CAN";21;136;"Frances Tiafoe";"R";188;"USA";23,6;"4-6 6-2 7-6(6) 6-4";5;"R16";204;24;8;127;79;66;25;20;4;5;10;3;136;82;58;30;21;12;15;15;2828;50;1312;4;6;7;6;NA;6;2;6;4;NA;2021-08-30;2021;"2021-560:229";1482;1;4,09310940439148;2,35614381022528;6;"Felix Auger Aliassime";136;"Frances Tiafoe";4,09310940439148;2,35614381022528;1,73696559416621;21;23,6;-2,6;193;188;5;0,8;0,8;0,8;0,8;0;15;5;12;4;3;1;3;1;2;0;0;1
"839731";"2021-560";"US Open";"Hard";"128";"Grand Slams";230;2;"Carlos Alcaraz";"R";185;"ESP";18,3;55;"Peter Gojowczyk";"R";185;"GER";32,1;"5-7 6-1 5-7 6-2 6-0";5;"R16";211;7;4;142;93;56;26;22;11;18;3;12;149;80;40;30;23;13;26;55;1209;141;563;5;6;5;6;6;7;1;7;2;0;2021-08-30;2021;"2021-560:230";1483;1;2,21864028647534;0,860448647601206;2;"Carlos Alcaraz";55;"Peter Gojowczyk";2,21864028647534;0,860448647601206;1,35819163887413;18,3;32,1;-13,8;185;185;0;0,611111111111111;0,5;0,611111111111111;0,5;0,111111111111111;26;18;13;11;13;7;13;7;6;0;0;1
"839732";"2021-560";"US Open";"Hard";"128";"Grand Slams";231;142;"Botic Van De Zandschulp";"R";188;"NED";25,9;122;"Diego Schwartzman";"R";170;"ARG";29;"6-3 6-4 5-7 5-7 6-1";5;"R16";260;15;10;165;109;84;23;25;9;13;1;6;147;99;66;23;25;12;19;117;698;14;2980;6;6;5;5;6;3;4;7;7;1;2021-08-30;2021;"2021-560:231";1484;0;1,1296352804166;4,1926450779424;122;"Diego Schwartzman";142;"Botic Van De Zandschulp";4,1926450779424;1,1296352804166;3,0630097975258;29;25,9;3,1;170;188;-18;0,692307692307692;0,631578947368421;0,631578947368421;0,692307692307692;-0,0607287449392713;19;13;12;9;7;4;4;7;-3;0;0;1
"839733";"2021-560";"US Open";"Hard";"128";"Grand Slams";232;92;"Daniil Medvedev";"R";198;"RUS";25,5;42;"Daniel Evans";"R";175;"GBR";31,2;"6-3 6-4 6-3";5;"R16";103;13;2;78;56;47;11;14;1;2;0;3;77;51;32;9;14;3;8;2;9980;27;2074;6;6;6;NA;NA;3;4;3;NA;NA;2021-08-30;2021;"2021-560:232";1485;0;7;3,24511249783653;42;"Daniel Evans";92;"Daniil Medvedev";3,24511249783653;7;-3,75488750216347;31,2;25,5;5,7;175;198;-23;0,5;0,375;0,375;0,5;-0,125;8;2;3;1;5;1;1;5;-4;0;0;1
"839734";"2021-560";"US Open";"Hard";"128";"Grand Slams";233;35;"Novak Djokovic";"R";188;"SRB";34,2;14;"Matteo Berrettini";"R";196;"ITA";25,3;"5-7 6-2 6-2 6-3";5;"QF";207;12;4;117;72;53;30;19;4;5;17;2;147;91;55;28;18;11;16;1;11113;8;5533;5;6;6;6;NA;7;2;2;3;NA;2021-08-30;2021;"2021-560:233";1486;0;8;5;14;"Matteo Berrettini";35;"Novak Djokovic";5;8;-3;25,3;34,2;-8,9;196;188;8;0,8;0,6875;0,6875;0,8;-0,1125;16;5;11;4;5;1;1;5;-4;0;0;1
"839735";"2021-560";"US Open";"Hard";"128";"Grand Slams";234;148;"Alexander Zverev";"R";198;"GER";24,3;58;"Lloyd Harris";"R";193;"RSA";24,5;"7-6(6) 6-3 6-4";5;"QF";126;21;5;95;65;53;14;17;1;3;13;1;92;63;47;10;15;5;9;4;8240;46;1443;7;6;6;NA;NA;6;3;4;NA;NA;2021-08-30;2021;"2021-560:234";1487;0;6;2,47643804394299;58;"Lloyd Harris";148;"Alexander Zverev";2,47643804394299;6;-3,52356195605701;24,5;24,3;0,199999999999999;193;198;-5;0,333333333333333;0,555555555555556;0,555555555555556;0,333333333333333;0,222222222222222;9;3;5;1;4;2;2;4;-2;0;0;1
"839737";"2021-560";"US Open";"Hard";"128";"Grand Slams";236;92;"Daniil Medvedev";"R";198;"RUS";25,5;142;"Botic Van De Zandschulp";"R";188;"NED";25,9;"6-3 6-0 4-6 7-5";5;"QF";143;13;1;99;65;54;19;18;3;5;4;4;114;76;46;20;19;5;12;2;9980;117;698;6;6;4;7;NA;3;0;6;5;NA;2021-08-30;2021;"2021-560:236";1488;1;7;1,1296352804166;92;"Daniil Medvedev";142;"Botic Van De Zandschulp";7;1,1296352804166;5,8703647195834;25,5;25,9;-0,399999999999999;198;188;10;0,6;0,416666666666667;0,6;0,416666666666667;0,183333333333333;12;5;5;3;7;2;7;2;5;0;0;1
"839738";"2021-560";"US Open";"Hard";"128";"Grand Slams";237;35;"Novak Djokovic";"R";188;"SRB";34,2;148;"Alexander Zverev";"R";198;"GER";24,3;"4-6 6-2 6-4 4-6 6-2";5;"SF";214;12;2;150;99;76;22;23;9;12;16;8;124;77;58;23;23;3;9;1;11113;4;8240;4;6;6;4;6;6;2;4;6;2;2021-08-30;2021;"2021-560:237";1489;1;8;6;35;"Novak Djokovic";148;"Alexander Zverev";8;6;2;34,2;24,3;9,9;188;198;-10;0,75;0,333333333333333;0,75;0,333333333333333;0,416666666666667;9;12;3;9;6;3;6;3;3;0;0;1
"839739";"2021-560";"US Open";"Hard";"128";"Grand Slams";238;92;"Daniil Medvedev";"R";198;"RUS";25,5;6;"Felix Auger Aliassime";"R";193;"CAN";21;"6-4 7-5 6-2";5;"SF";124;12;4;86;59;48;14;15;2;3;4;10;91;57;37;12;15;0;5;2;9980;15;2828;6;7;6;NA;NA;4;5;2;NA;NA;2021-08-30;2021;"2021-560:238";1490;0;7;4,09310940439148;6;"Felix Auger Aliassime";92;"Daniil Medvedev";4,09310940439148;7;-2,90689059560852;21;25,5;-4,5;193;198;-5;0,666666666666667;0;0;0,666666666666667;-0,666666666666667;5;3;0;2;5;1;1;5;-4;0;0;1
"839740";"2021-560";"US Open";"Hard";"128";"Grand Slams";239;92;"Daniil Medvedev";"R";198;"RUS";25,5;35;"Novak Djokovic";"R";188;"SRB";34,2;"6-4 6-4 6-4";5;"F";136;16;9;90;52;42;22;15;5;6;6;3;92;50;40;17;15;4;8;2;9980;1;11113;6;6;6;NA;NA;4;4;4;NA;NA;2021-08-30;2021;"2021-560:239";1491;0;7;8;35;"Novak Djokovic";92;"Daniil Medvedev";8;7;1;34,2;25,5;8,7;188;198;-10;0,833333333333333;0,5;0,5;0,833333333333333;-0,333333333333333;8;6;4;5;4;1;1;4;-3;0;0;1
"848584";"2022-580";"Australian Open";"Hard";"128";"Grand Slams";114;109;"Tommy Paul";"R";185;"USA";24,6;78;"Mikhail Kukushkin";"R";183;"KAZ";34;"6-3 6-4 6-2";5;"R128";99;9;5;84;50;42;17;14;2;3;3;2;79;56;33;12;13;5;10;41;1317;180;362;6;6;6;NA;NA;3;4;2;NA;NA;2022-01-17;2022;"2022-580:114";1492;0;2,64244799538192;0,508146903670325;78;"Mikhail Kukushkin";109;"Tommy Paul";0,508146903670325;2,64244799538192;-2,13430109171159;34;24,6;9,4;183;185;-2;0,666666666666667;0,5;0,5;0,666666666666667;-0,166666666666667;10;3;5;2;5;1;1;5;-4;0;0;1
"848586";"2022-580";"Australian Open";"Hard";"128";"Grand Slams";116;129;"Lorenzo Sonego";"R";191;"ITA";26,6;114;"Sam Querrey";"R";198;"USA";34,2;"7-5 6-3 6-3";5;"R128";134;10;3;107;81;58;16;15;9;9;2;2;108;69;51;13;15;8;12;26;1860;110;685;7;6;6;NA;NA;5;3;3;NA;NA;2022-01-17;2022;"2022-580:116";1493;0;3,29956028185891;1,21864028647534;114;"Sam Querrey";129;"Lorenzo Sonego";1,21864028647534;3,29956028185891;-2,08091999538357;34,2;26,6;7,6;198;191;7;1;0,666666666666667;0,666666666666667;1;-0,333333333333333;12;9;8;9;4;0;0;4;-4;0;0;1
"848588";"2022-580";"Australian Open";"Hard";"128";"Grand Slams";118;16;"Alexander Bublik";"R";196;"KAZ";24,5;41;"Ernesto Escobedo";"R";185;"USA";25,5;"3-6 7-6(5) 6-3 6-3";5;"R128";152;30;11;130;80;69;18;20;7;9;3;5;130;85;60;23;19;7;11;37;1411;141;497;3;7;6;6;NA;6;6;3;3;NA;2022-01-17;2022;"2022-580:118";1494;1;2,79054663437105;0,860448647601206;16;"Alexander Bublik";41;"Ernesto Escobedo";2,79054663437105;0,860448647601206;1,93009798676984;24,5;25,5;-1;196;185;11;0,777777777777778;0,636363636363636;0,777777777777778;0,636363636363636;0,141414141414141;11;9;7;7;4;2;4;2;2;0;0;1
"848589";"2022-580";"Australian Open";"Hard";"128";"Grand Slams";119;88;"Pedro Martinez";"R";185;"ESP";24,7;32;"Federico Delbonis";"L";190;"ARG";31,2;"7-6(15) 3-6 6-4 6-2";5;"R128";238;7;5;142;94;57;28;20;6;11;3;4;144;106;70;11;19;7;13;61;1001;38;1347;7;3;6;6;NA;6;6;4;2;NA;2022-01-17;2022;"2022-580:119";1495;0;2,06926266243711;2,75207248655641;32;"Federico Delbonis";88;"Pedro Martinez";2,75207248655641;2,06926266243711;0,682809824119301;31,2;24,7;6,5;190;185;5;0,545454545454545;0,538461538461538;0,538461538461538;0,545454545454545;-0,00699300699300698;13;11;7;6;6;5;5;6;-1;0;0;1
"848592";"2022-580";"Australian Open";"Hard";"128";"Grand Slams";122;98;"Corentin Moutet";"L";178;"FRA";22,7;113;"Lucas Pouille";"R";185;"FRA";27,8;"3-6 6-3 6-4 6-3";5;"R128";171;5;2;122;71;51;26;19;8;11;4;4;114;64;45;23;18;4;10;100;737;160;440;3;6;6;6;NA;6;3;4;3;NA;2022-01-17;2022;"2022-580:122";1496;1;1,35614381022528;0,678071905112637;98;"Corentin Moutet";113;"Lucas Pouille";1,35614381022528;0,678071905112637;0,678071905112638;22,7;27,8;-5,1;178;185;-7;0,727272727272727;0,4;0,727272727272727;0,4;0,327272727272727;10;11;4;8;6;3;6;3;3;0;0;1
"848596";"2022-580";"Australian Open";"Hard";"128";"Grand Slams";126;83;"Dusan Lajovic";"R";180;"SRB";31,5;48;"Marton Fucsovics";"R";188;"HUN";29,9;"6-3 4-6 6-1 6-7(6) 6-1";5;"R128";203;9;2;133;100;78;15;23;2;4;10;8;155;98;62;29;22;7;14;39;1346;35;1457;6;4;6;6;6;3;6;1;7;1;2022-01-17;2022;"2022-580:126";1497;0;2,71459778113775;2,87071698305503;48;"Marton Fucsovics";83;"Dusan Lajovic";2,87071698305503;2,71459778113775;0,156119201917282;29,9;31,5;-1,6;188;180;8;0,5;0,5;0,5;0,5;0;14;4;7;2;7;2;2;7;-5;0;0;1
"848600";"2022-580";"Australian Open";"Hard";"128";"Grand Slams";130;94;"John Millman";"R";183;"AUS";32,5;84;"Feliciano Lopez";"L";188;"ESP";40,3;"6-1 6-3 4-6 7-5";5;"R128";172;6;0;121;77;55;25;19;5;7;26;5;132;78;57;18;19;15;21;89;788;109;696;6;6;4;7;NA;1;3;6;5;NA;2022-01-17;2022;"2022-580:130";1498;0;1,5242665690336;1,23181567522307;84;"Feliciano Lopez";94;"John Millman";1,23181567522307;1,5242665690336;-0,292450893810528;40,3;32,5;7,8;188;183;5;0,714285714285714;0,714285714285714;0,714285714285714;0,714285714285714;0;21;7;15;5;6;2;2;6;-4;0;0;1
"848601";"2022-580";"Australian Open";"Hard";"128";"Grand Slams";131;1;"Radu Albot";"R";175;"MDA";32,1;104;"Yoshihito Nishioka";"L";170;"JPN";26,3;"6-3 6-4 4-6 6-2";5;"R128";154;7;5;103;66;52;20;19;1;4;3;2;109;66;42;23;18;2;8;124;587;119;610;6;6;4;6;NA;3;4;6;2;NA;2022-01-17;2022;"2022-580:131";1499;1;1,04580368961313;1,10518223669206;1;"Radu Albot";104;"Yoshihito Nishioka";1,04580368961313;1,10518223669206;-0,0593785470789312;32,1;26,3;5,8;175;170;5;0,25;0,25;0,25;0,25;0;8;4;2;1;6;3;6;3;3;0;0;1
"848603";"2022-580";"Australian Open";"Hard";"128";"Grand Slams";133;107;"Reilly Opelka";"R";211;"USA";24,3;4;"Kevin Anderson";"R";203;"RSA";35,6;"6-3 6-4 7-6(3)";5;"R128";104;23;0;76;56;51;18;16;0;0;11;3;83;53;44;16;15;1;3;29;1776;97;744;6;6;7;NA;NA;3;4;6;NA;NA;2022-01-17;2022;"2022-580:133";1500;0;3,14201900487243;1,40008715781287;4;"Kevin Anderson";107;"Reilly Opelka";1,40008715781287;3,14201900487243;-1,74193184705956;35,6;24,3;11,3;203;211;-8;1,5;0,333333333333333;0,333333333333333;1,5;-1,16666666666667;3;0;1;0;2;0;0;2;-2;0;0;1
"848606";"2022-580";"Australian Open";"Hard";"128";"Grand Slams";136;124;"Denis Shapovalov";"L";185;"CAN";22,7;34;"Laslo Djere";"R";188;"SRB";26,6;"7-6(3) 6-4 3-6 7-6(3)";5;"R128";203;13;5;126;71;58;28;22;2;6;6;4;149;91;65;28;21;6;10;14;2593;51;1156;7;6;3;7;NA;6;4;6;6;NA;2022-01-17;2022;"2022-580:136";1501;0;4,1926450779424;2,3275746580285;34;"Laslo Djere";124;"Denis Shapovalov";2,3275746580285;4,1926450779424;-1,86507041991389;26,6;22,7;3,9;188;185;3;0,333333333333333;0,6;0,6;0,333333333333333;0,266666666666667;10;6;6;2;4;4;4;4;0;0;0;1
"848607";"2022-580";"Australian Open";"Hard";"128";"Grand Slams";137;63;"Hubert Hurkacz";"R";196;"POL";24,9;52;"Egor Gerasimov";"R";196;"BLR";29,1;"6-2 7-6(3) 6-7(5) 6-3";5;"R128";192;16;2;152;101;72;24;21;8;12;5;5;137;83;60;21;20;7;14;11;3336;106;714;6;7;6;6;NA;2;6;7;3;NA;2022-01-17;2022;"2022-580:137";1502;0;4,5405683813627;1,2720795454368;52;"Egor Gerasimov";63;"Hubert Hurkacz";1,2720795454368;4,5405683813627;-3,2684888359259;29,1;24,9;4,2;196;196;0;0,666666666666667;0,5;0,5;0,666666666666667;-0,166666666666667;14;12;7;8;7;4;4;7;-3;0;0;1
"848608";"2022-580";"Australian Open";"Hard";"128";"Grand Slams";138;87;"Adrian Mannarino";"L";183;"FRA";33,5;38;"James Duckworth";"R";183;"AUS";29,9;"6-4 2-6 3-6 6-2 6-1";5;"R128";188;18;3;129;79;55;24;21;11;17;14;6;137;71;45;30;21;7;15;69;879;49;1166;6;2;3;6;6;4;6;6;2;1;2022-01-17;2022;"2022-580:138";1503;0;1,89147554322183;2,38529015588479;38;"James Duckworth";87;"Adrian Mannarino";2,38529015588479;1,89147554322183;0,493814612662961;29,9;33,5;-3,6;183;183;0;0,647058823529412;0,466666666666667;0,466666666666667;0,647058823529412;-0,180392156862745;15;17;7;11;8;6;6;8;-2;0;0;1
"848611";"2022-580";"Australian Open";"Hard";"128";"Grand Slams";141;72;"Karen Khachanov";"R";198;"RUS";25,6;77;"Denis Kudla";"R";180;"USA";29,4;"3-6 6-3 6-2 7-6(2)";5;"R128";149;17;2;106;71;62;17;19;4;6;5;2;108;65;44;26;19;7;11;30;1748;105;714;3;6;6;7;NA;6;3;2;6;NA;2022-01-17;2022;"2022-580:141";1504;1;3,09310940439148;1,28575448233388;72;"Karen Khachanov";77;"Denis Kudla";3,09310940439148;1,28575448233388;1,8073549220576;25,6;29,4;-3,8;198;180;18;0,666666666666667;0,636363636363636;0,666666666666667;0,636363636363636;0,0303030303030303;11;6;7;4;4;2;4;2;2;0;0;1
"848614";"2022-580";"Australian Open";"Hard";"128";"Grand Slams";144;101;"Rafael Nadal";"L";185;"ESP";35,6;53;"Marcos Giron";"R";180;"USA";28,4;"6-1 6-4 6-2";5;"R128";109;7;2;72;51;43;13;13;2;2;2;2;74;49;26;13;12;4;9;5;4875;66;920;6;6;6;NA;NA;1;4;2;NA;NA;2022-01-17;2022;"2022-580:144";1505;0;5,67807190511264;1,95560588064155;53;"Marcos Giron";101;"Rafael Nadal";1,95560588064155;5,67807190511264;-3,72246602447109;28,4;35,6;-7,2;180;185;-5;1;0,444444444444444;0,444444444444444;1;-0,555555555555556;9;2;4;2;5;0;0;5;-5;0;0;1
"848616";"2022-580";"Australian Open";"Hard";"128";"Grand Slams";146;5;"Pablo Andujar";"R";180;"ESP";35,9;39;"Damir Dzumhur";"R";172;"BIH";29,6;"6-1 7-5 6-1";5;"R128";109;0;0;73;62;48;7;13;3;3;1;2;80;55;29;13;13;1;7;83;800;161;429;6;7;6;NA;NA;1;5;1;NA;NA;2022-01-17;2022;"2022-580:146";1506;1;1,62496056865308;0,669083121885383;5;"Pablo Andujar";39;"Damir Dzumhur";1,62496056865308;0,669083121885383;0,955877446767692;35,9;29,6;6,3;180;172;8;1;0,142857142857143;1;0,142857142857143;0,857142857142857;7;3;1;3;6;0;6;0;6;0;0;1
"848619";"2022-580";"Australian Open";"Hard";"128";"Grand Slams";149;100;"Andy Murray";"R";190;"GBR";34,6;8;"Nikoloz Basilashvili";"R";185;"GEO";29,9;"6-1 3-6 6-4 6-7(5) 6-4";5;"R128";232;13;1;144;89;63;30;24;4;10;13;7;158;94;56;31;24;10;19;113;671;23;2051;6;3;6;6;6;1;6;4;7;4;2022-01-17;2022;"2022-580:149";1507;0;1,17982103758481;3,47643804394299;8;"Nikoloz Basilashvili";100;"Andy Murray";3,47643804394299;1,17982103758481;2,29661700635817;29,9;34,6;-4,7;185;190;-5;0,4;0,526315789473684;0,526315789473684;0,4;0,126315789473684;19;10;10;4;9;6;6;9;-3;0;0;1
"848621";"2022-580";"Australian Open";"Hard";"128";"Grand Slams";151;68;"Steve Johnson";"R";188;"USA";32;135;"Jordan Thompson";"R";183;"AUS";27,7;"7-6(5) 6-7(6) 4-6 6-3 6-3";5;"R128";222;15;5;158;90;72;39;26;2;5;19;3;159;110;82;23;26;10;15;104;724;73;860;7;6;4;6;6;6;7;6;3;3;2022-01-17;2022;"2022-580:151";1508;1;1,29956028185891;1,81017544111998;68;"Steve Johnson";135;"Jordan Thompson";1,29956028185891;1,81017544111998;-0,510615159261074;32;27,7;4,3;188;183;5;0,4;0,666666666666667;0,4;0,666666666666667;-0,266666666666667;15;5;10;2;5;3;5;3;2;0;0;1
"848622";"2022-580";"Australian Open";"Hard";"128";"Grand Slams";152;126;"Jannik Sinner";"R";188;"ITA";20,4;130;"Joao Sousa";"R";185;"POR";32,8;"6-4 7-5 6-1";5;"R128";127;3;2;88;57;42;18;15;0;2;1;3;92;57;31;16;14;5;11;10;3390;140;500;6;7;6;NA;NA;4;5;1;NA;NA;2022-01-17;2022;"2022-580:152";1509;1;4,67807190511264;0,870716983055034;126;"Jannik Sinner";130;"Joao Sousa";4,67807190511264;0,870716983055034;3,8073549220576;20,4;32,8;-12,4;188;185;3;0;0,454545454545455;0;0,454545454545455;-0,454545454545455;11;2;5;0;6;2;6;2;4;0;0;1
"848624";"2022-580";"Australian Open";"Hard";"128";"Grand Slams";154;74;"Philipp Kohlschreiber";"R";178;"GER";38,2;19;"Marco Cecchinato";"R";185;"ITA";29,2;"6-4 7-5 7-6(0)";5;"R128";128;10;3;93;65;58;16;17;1;1;7;2;106;66;45;23;17;5;7;134;533;95;759;6;7;7;NA;NA;4;5;6;NA;NA;2022-01-17;2022;"2022-580:154";1510;0;0,933910809542228;1,43014439166905;19;"Marco Cecchinato";74;"Philipp Kohlschreiber";1,43014439166905;0,933910809542228;0,496233582126824;29,2;38,2;-9;185;178;7;1;0,714285714285714;0,714285714285714;1;-0,285714285714286;7;1;5;1;2;0;0;2;-2;0;0;1
"848628";"2022-580";"Australian Open";"Hard";"128";"Grand Slams";158;108;"Benoit Paire";"R";196;"FRA";32,6;97;"Thiago Monteiro";"L";183;"BRA";27,6;"6-4 3-6 7-5 2-6 7-5";5;"R128";218;30;13;156;82;70;35;26;8;12;13;3;158;109;77;26;25;10;14;56;1075;79;824;6;3;7;2;7;4;6;5;6;5;2022-01-17;2022;"2022-580:158";1511;0;2,1926450779424;1,6962192518229;97;"Thiago Monteiro";108;"Benoit Paire";1,6962192518229;2,1926450779424;-0,496425826119499;27,6;32,6;-5;183;196;-13;0,666666666666667;0,714285714285714;0,714285714285714;0,666666666666667;0,0476190476190477;14;12;10;8;4;4;4;4;0;0;0;1
"848632";"2022-580";"Australian Open";"Hard";"128";"Grand Slams";162;12;"Ricardas Berankis";"R";175;"LTU";31,5;17;"Roberto Carballes Baena";"R";183;"ESP";28,8;"6-1 3-6 2-6 6-3 6-4";5;"R128";220;3;3;131;77;55;28;22;3;7;10;5;147;80;57;32;21;10;15;93;761;75;837;6;3;2;6;6;1;6;6;3;4;2022-01-17;2022;"2022-580:162";1512;1;1,46084118889197;1,77118130950412;12;"Ricardas Berankis";17;"Roberto Carballes Baena";1,46084118889197;1,77118130950412;-0,310340120612151;31,5;28,8;2,7;175;183;-8;0,428571428571429;0,666666666666667;0,428571428571429;0,666666666666667;-0,238095238095238;15;7;10;3;5;4;5;4;1;0;0;1
"848635";"2022-580";"Australian Open";"Hard";"128";"Grand Slams";165;42;"Daniel Evans";"R";175;"GBR";31,6;54;"David Goffin";"R";180;"BEL";31,1;"6-4 6-3 6-0";5;"R128";108;10;2;67;42;34;15;13;0;1;1;2;76;43;24;15;12;5;11;24;1957;45;1216;6;6;6;NA;NA;4;3;0;NA;NA;2022-01-17;2022;"2022-580:165";1513;1;3,41503749927884;2,50814690367033;42;"Daniel Evans";54;"David Goffin";3,41503749927884;2,50814690367033;0,906890595608519;31,6;31,1;0,5;175;180;-5;0;0,454545454545455;0;0,454545454545455;-0,454545454545455;11;1;5;0;6;1;6;1;5;0;0;1
"848637";"2022-580";"Australian Open";"Hard";"128";"Grand Slams";167;28;"Alejandro Davidovich Fokina";"R";183;"ESP";22,6;15;"Alex Bolt";"L";183;"AUS";29;"6-3 6-3 6-4";5;"R128";118;3;1;95;65;41;22;14;4;5;5;3;86;52;35;14;14;6;11;50;1160;152;451;6;6;6;NA;NA;3;3;4;NA;NA;2022-01-17;2022;"2022-580:167";1514;0;2,35614381022528;0,752072486556415;15;"Alex Bolt";28;"Alejandro Davidovich Fokina";0,752072486556415;2,35614381022528;-1,60407132366886;29;22,6;6,4;183;183;0;0,8;0,545454545454545;0,545454545454545;0,8;-0,254545454545455;11;5;6;4;5;1;1;5;-4;0;0;1
"848639";"2022-580";"Australian Open";"Hard";"128";"Grand Slams";169;122;"Diego Schwartzman";"R";170;"ARG";29,4;76;"Filip Krajinovic";"R";185;"SRB";29,8;"6-3 6-4 7-5";5;"R128";148;3;5;90;57;38;17;16;6;10;3;3;95;66;35;13;15;9;17;13;2730;36;1427;6;6;7;NA;NA;3;4;5;NA;NA;2022-01-17;2022;"2022-580:169";1515;0;4,29956028185891;2,83007499855769;76;"Filip Krajinovic";122;"Diego Schwartzman";2,83007499855769;4,29956028185891;-1,46948528330122;29,8;29,4;0,400000000000002;185;170;15;0,6;0,529411764705882;0,529411764705882;0,6;-0,0705882352941176;17;10;9;6;8;4;4;8;-4;0;0;1
"848642";"2022-580";"Australian Open";"Hard";"128";"Grand Slams";172;24;"Maxime Cressy";"R";198;"USA";24,6;64;"John Isner";"R";206;"USA";36,7;"7-6(2) 7-5 6-7(4) 6-7(4) 6-4";5;"R128";250;31;20;185;110;90;46;29;9;9;39;2;169;114;91;35;29;5;7;70;875;25;1881;7;7;6;6;6;6;5;7;7;4;2022-01-17;2022;"2022-580:172";1516;1;1,87071698305503;3,35614381022528;24;"Maxime Cressy";64;"John Isner";1,87071698305503;3,35614381022528;-1,48542682717024;24,6;36,7;-12,1;198;206;-8;1;0,714285714285714;1;0,714285714285714;0,285714285714286;7;9;5;9;2;0;2;0;2;0;0;1
"848643";"2022-580";"Australian Open";"Hard";"128";"Grand Slams";173;51;"Richard Gasquet";"R";185;"FRA";35,5;62;"Ugo Humbert";"L";188;"FRA";23,5;"3-6 7-6(4) 7-6(3) 6-3";5;"R128";198;12;6;129;82;65;27;21;1;4;9;4;159;103;71;31;21;7;10;81;807;40;1318;3;7;7;6;NA;6;6;6;3;NA;2022-01-17;2022;"2022-580:173";1517;1;1,66014999711538;2,67807190511264;51;"Richard Gasquet";62;"Ugo Humbert";1,66014999711538;2,67807190511264;-1,01792190799726;35,5;23,5;12;185;188;-3;0,25;0,7;0,25;0,7;-0,45;10;4;7;1;3;3;3;3;0;0;0;1
"848644";"2022-580";"Australian Open";"Hard";"128";"Grand Slams";174;142;"Botic Van De Zandschulp";"R";188;"NED";26,2;133;"Jan Lennard Struff";"R";193;"GER";31,7;"6-4 6-3 6-2";5;"R128";109;8;1;81;57;48;12;14;2;3;5;2;91;59;38;13;13;5;10;57;1069;52;1149;6;6;6;NA;NA;4;3;2;NA;NA;2022-01-17;2022;"2022-580:174";1518;0;2,16710998583526;2,29956028185891;133;"Jan Lennard Struff";142;"Botic Van De Zandschulp";2,29956028185891;2,16710998583526;0,13245029602365;31,7;26,2;5,5;193;188;5;0,666666666666667;0,5;0,5;0,666666666666667;-0,166666666666667;10;3;5;2;5;1;1;5;-4;0;0;1
"848646";"2022-580";"Australian Open";"Hard";"128";"Grand Slams";176;92;"Daniil Medvedev";"R";198;"RUS";25,9;81;"Henri Laaksonen";"R";185;"SUI";29,7;"6-1 6-4 7-6(3)";5;"R128";114;10;3;92;61;48;18;15;4;5;1;0;90;57;35;14;14;2;6;2;8935;91;781;6;6;7;NA;NA;1;4;6;NA;NA;2022-01-17;2022;"2022-580:176";1519;0;7;1,4922053598013;81;"Henri Laaksonen";92;"Daniil Medvedev";1,4922053598013;7;-5,5077946401987;29,7;25,9;3,8;185;198;-13;0,8;0,333333333333333;0,333333333333333;0,8;-0,466666666666667;6;5;2;4;4;1;1;4;-3;0;0;1
"848647";"2022-580";"Australian Open";"Hard";"128";"Grand Slams";177;71;"Miomir Kecmanovic";"R";183;"SRB";22,3;109;"Tommy Paul";"R";185;"USA";24,6;"7-6(7) 7-5 7-6(8)";5;"R64";178;7;0;135;84;64;31;18;8;10;9;3;130;84;60;28;18;4;7;77;836;41;1317;7;7;7;NA;NA;6;5;6;NA;NA;2022-01-17;2022;"2022-580:177";1520;1;1,7332134593051;2,64244799538192;71;"Miomir Kecmanovic";109;"Tommy Paul";1,7332134593051;2,64244799538192;-0,909234536076817;22,3;24,6;-2,3;183;185;-2;0,8;0,571428571428571;0,8;0,571428571428571;0,228571428571429;7;10;4;8;3;2;3;2;1;0;0;1
"848649";"2022-580";"Australian Open";"Hard";"128";"Grand Slams";179;96;"Gael Monfils";"R";193;"FRA";35,3;16;"Alexander Bublik";"R";196;"KAZ";24,5;"6-1 6-0 6-4";5;"R64";89;11;1;73;47;35;18;12;4;4;4;8;88;54;32;12;11;9;15;20;2373;37;1411;6;6;6;NA;NA;1;0;4;NA;NA;2022-01-17;2022;"2022-580:179";1521;0;3,67807190511264;2,79054663437105;16;"Alexander Bublik";96;"Gael Monfils";2,79054663437105;3,67807190511264;-0,887525270741587;24,5;35,3;-10,8;196;193;3;1;0,6;0,6;1;-0,4;15;4;9;4;6;0;0;6;-6;0;0;1
"848650";"2022-580";"Australian Open";"Hard";"128";"Grand Slams";180;50;"Cristian Garin";"R";185;"CHI";25,6;88;"Pedro Martinez";"R";185;"ESP";24,7;"6-7(1) 7-6(4) 2-6 6-2 6-2";5;"R64";275;11;8;180;111;74;34;24;13;18;7;11;165;99;72;30;24;4;11;19;2375;61;1001;6;7;2;6;6;7;6;6;2;2;2022-01-17;2022;"2022-580:180";1522;1;3,75207248655641;2,06926266243711;50;"Cristian Garin";88;"Pedro Martinez";3,75207248655641;2,06926266243711;1,6828098241193;25,6;24,7;0,900000000000002;185;185;0;0,722222222222222;0,363636363636364;0,722222222222222;0,363636363636364;0,358585858585859;11;18;4;13;7;5;7;5;2;0;0;1
"848653";"2022-580";"Australian Open";"Hard";"128";"Grand Slams";183;2;"Carlos Alcaraz";"R";185;"ESP";18,7;83;"Dusan Lajovic";"R";180;"SRB";31,5;"6-2 6-1 7-5";5;"R64";116;3;3;83;61;45;13;14;0;1;0;2;88;64;36;10;13;5;11;31;1609;39;1346;6;6;7;NA;NA;2;1;5;NA;NA;2022-01-17;2022;"2022-580:183";1523;1;3,04580368961313;2,71459778113775;2;"Carlos Alcaraz";83;"Dusan Lajovic";3,04580368961313;2,71459778113775;0,331205908475374;18,7;31,5;-12,8;185;180;5;0;0,454545454545455;0;0,454545454545455;-0,454545454545455;11;1;5;0;6;1;6;1;5;0;0;1
"848655";"2022-580";"Australian Open";"Hard";"128";"Grand Slams";185;148;"Alexander Zverev";"R";198;"GER";24,7;94;"John Millman";"R";183;"AUS";32,5;"6-4 6-4 6-0";5;"R64";119;14;7;74;55;47;5;13;2;3;0;0;69;39;18;21;13;3;9;3;7970;89;788;6;6;6;NA;NA;4;4;0;NA;NA;2022-01-17;2022;"2022-580:185";1524;0;6,41503749927884;1,5242665690336;94;"John Millman";148;"Alexander Zverev";1,5242665690336;6,41503749927884;-4,89077093024524;32,5;24,7;7,8;183;198;-15;0,666666666666667;0,333333333333333;0,333333333333333;0,666666666666667;-0,333333333333333;9;3;3;2;6;1;1;6;-5;0;0;1
"848657";"2022-580";"Australian Open";"Hard";"128";"Grand Slams";187;107;"Reilly Opelka";"R";211;"USA";24,3;73;"Dominik Koepfer";"L";180;"GER";27,7;"6-4 6-3 7-6(4)";5;"R64";133;18;5;106;65;57;20;16;7;8;5;4;94;67;48;16;15;7;10;29;1776;53;1096;6;6;7;NA;NA;4;3;6;NA;NA;2022-01-17;2022;"2022-580:187";1525;0;3,14201900487243;2,2720795454368;73;"Dominik Koepfer";107;"Reilly Opelka";2,2720795454368;3,14201900487243;-0,869939459435627;27,7;24,3;3,4;180;211;-31;0,875;0,7;0,7;0,875;-0,175;10;8;7;7;3;1;1;3;-2;0;0;1
"848658";"2022-580";"Australian Open";"Hard";"128";"Grand Slams";188;124;"Denis Shapovalov";"L";185;"CAN";22,7;79;"Soon Woo Kwon";"R";180;"KOR";24,1;"7-6(6) 6-7(3) 6-7(6) 7-5 6-2";5;"R64";265;29;10;181;120;97;26;28;3;7;3;6;198;122;82;39;28;12;19;14;2593;54;1085;7;6;6;7;6;6;7;7;5;2;2022-01-17;2022;"2022-580:188";1526;0;4,1926450779424;2,24511249783653;79;"Soon Woo Kwon";124;"Denis Shapovalov";2,24511249783653;4,1926450779424;-1,94753258010586;24,1;22,7;1,4;180;185;-5;0,428571428571429;0,631578947368421;0,631578947368421;0,428571428571429;0,203007518796992;19;7;12;3;7;4;4;7;-3;0;0;1
"848659";"2022-580";"Australian Open";"Hard";"128";"Grand Slams";189;87;"Adrian Mannarino";"L";183;"FRA";33,5;63;"Hubert Hurkacz";"R";196;"POL";24,9;"6-4 6-2 6-3";5;"R64";123;6;0;89;59;42;17;14;9;10;11;2;92;60;34;14;13;8;14;69;879;11;3336;6;6;6;NA;NA;4;2;3;NA;NA;2022-01-17;2022;"2022-580:189";1527;0;1,89147554322183;4,5405683813627;63;"Hubert Hurkacz";87;"Adrian Mannarino";4,5405683813627;1,89147554322183;2,64909283814087;24,9;33,5;-8,6;196;183;13;0,9;0,571428571428571;0,571428571428571;0,9;-0,328571428571429;14;10;8;9;6;1;1;6;-5;0;0;1
"848660";"2022-580";"Australian Open";"Hard";"128";"Grand Slams";190;69;"Aslan Karatsev";"R";185;"RUS";28,3;91;"Mackenzie Mcdonald";"R";178;"USA";26,7;"3-6 6-2 6-2 6-3";5;"R64";153;6;3;100;65;47;17;17;2;5;6;3;112;70;48;17;17;10;17;15;2553;55;1084;3;6;6;6;NA;6;2;2;3;NA;2022-01-17;2022;"2022-580:190";1528;1;4,09310940439148;2,21864028647534;69;"Aslan Karatsev";91;"Mackenzie Mcdonald";4,09310940439148;2,21864028647534;1,87446911791614;28,3;26,7;1,6;185;178;7;0,4;0,588235294117647;0,4;0,588235294117647;-0,188235294117647;17;5;10;2;7;3;7;3;4;0;0;1
"848665";"2022-580";"Australian Open";"Hard";"128";"Grand Slams";195;26;"Taro Daniel";"R";191;"JPN";28,9;100;"Andy Murray";"R";190;"GBR";34,6;"6-4 6-4 6-4";5;"R64";168;12;2;98;57;45;21;15;9;11;7;3;108;67;44;16;15;5;10;120;606;113;671;6;6;6;NA;NA;4;4;4;NA;NA;2022-01-17;2022;"2022-580:195";1529;1;1,09310940439148;1,17982103758481;26;"Taro Daniel";100;"Andy Murray";1,09310940439148;1,17982103758481;-0,0867116331933309;28,9;34,6;-5,7;191;190;1;0,818181818181818;0,5;0,818181818181818;0,5;0,318181818181818;10;11;5;9;5;2;5;2;3;0;0;1
"848666";"2022-580";"Australian Open";"Hard";"128";"Grand Slams";196;126;"Jannik Sinner";"R";188;"ITA";20,4;68;"Steve Johnson";"R";188;"USA";32;"6-2 6-4 6-3";5;"R64";101;11;2;71;45;37;18;14;1;1;5;1;84;47;33;15;13;3;8;10;3390;104;724;6;6;6;NA;NA;2;4;3;NA;NA;2022-01-17;2022;"2022-580:196";1530;0;4,67807190511264;1,29956028185891;68;"Steve Johnson";126;"Jannik Sinner";1,29956028185891;4,67807190511264;-3,37851162325373;32;20,4;11,6;188;188;0;1;0,375;0,375;1;-0,625;8;1;3;1;5;0;0;5;-5;0;0;1
"848667";"2022-580";"Australian Open";"Hard";"128";"Grand Slams";197;9;"Roberto Bautista Agut";"R";183;"ESP";33,7;74;"Philipp Kohlschreiber";"R";178;"GER";38,2;"6-1 6-0 6-3";5;"R64";88;5;1;60;34;28;18;11;1;1;3;5;71;43;22;10;11;9;16;18;2385;134;533;6;6;6;NA;NA;1;0;3;NA;NA;2022-01-17;2022;"2022-580:197";1531;1;3,83007499855769;0,933910809542228;9;"Roberto Bautista Agut";74;"Philipp Kohlschreiber";3,83007499855769;0,933910809542228;2,89616418901546;33,7;38,2;-4,5;183;178;5;1;0,5625;1;0,5625;0,4375;16;1;9;1;7;0;7;0;7;0;0;1
"848668";"2022-580";"Australian Open";"Hard";"128";"Grand Slams";198;47;"Taylor Fritz";"R";193;"USA";24,2;136;"Frances Tiafoe";"R";188;"USA";23,9;"6-4 6-3 7-6(5)";5;"R64";159;21;6;120;76;55;23;16;6;8;6;3;116;63;41;26;15;10;14;22;2175;34;1467;6;6;7;NA;NA;4;3;6;NA;NA;2022-01-17;2022;"2022-580:198";1532;1;3,5405683813627;2,91253715874966;47;"Taylor Fritz";136;"Frances Tiafoe";3,5405683813627;2,91253715874966;0,628031222613042;24,2;23,9;0,300000000000001;193;188;5;0,75;0,714285714285714;0,75;0,714285714285714;0,0357142857142857;14;8;10;6;4;2;4;2;2;0;0;1
"848669";"2022-580";"Australian Open";"Hard";"128";"Grand Slams";199;108;"Benoit Paire";"R";196;"FRA";32,6;33;"Grigor Dimitrov";"R";188;"BUL";30,6;"6-4 6-4 6-7(4) 7-6(2)";5;"R64";198;14;9;152;77;63;39;22;5;7;7;6;149;97;65;28;22;8;12;56;1075;28;1821;6;6;6;7;NA;4;4;7;6;NA;2022-01-17;2022;"2022-580:199";1533;0;2,1926450779424;3,1926450779424;33;"Grigor Dimitrov";108;"Benoit Paire";3,1926450779424;2,1926450779424;1;30,6;32,6;-2;188;196;-8;0,714285714285714;0,666666666666667;0,666666666666667;0,714285714285714;-0,0476190476190477;12;7;8;5;4;2;2;4;-2;0;0;1
"848671";"2022-580";"Australian Open";"Hard";"128";"Grand Slams";201;119;"Andrey Rublev";"R";188;"RUS";24,2;12;"Ricardas Berankis";"R";175;"LTU";31,5;"6-4 6-2 6-0";5;"R64";107;13;3;80;40;34;21;12;4;4;2;5;95;50;31;16;12;9;15;6;4785;93;761;6;6;6;NA;NA;4;2;0;NA;NA;2022-01-17;2022;"2022-580:201";1534;0;5,41503749927884;1,46084118889197;12;"Ricardas Berankis";119;"Andrey Rublev";1,46084118889197;5,41503749927884;-3,95419631038687;31,5;24,2;7,3;175;188;-13;1;0,6;0,6;1;-0,4;15;4;9;4;6;0;0;6;-6;0;0;1
"848674";"2022-580";"Australian Open";"Hard";"128";"Grand Slams";204;6;"Felix Auger Aliassime";"R";193;"CAN";21,4;28;"Alejandro Davidovich Fokina";"R";183;"ESP";22,6;"7-6(4) 6-7(4) 7-6(5) 7-6(4)";5;"R64";259;28;6;177;122;89;28;24;7;9;6;2;153;104;77;31;24;3;5;9;3608;50;1160;7;6;7;7;NA;6;7;6;6;NA;2022-01-17;2022;"2022-580:204";1535;1;4,83007499855769;2,35614381022528;6;"Felix Auger Aliassime";28;"Alejandro Davidovich Fokina";4,83007499855769;2,35614381022528;2,47393118833241;21,4;22,6;-1,2;193;183;10;0,777777777777778;0,6;0,777777777777778;0,6;0,177777777777778;5;9;3;7;2;2;2;2;0;0;0;1
"848675";"2022-580";"Australian Open";"Hard";"128";"Grand Slams";205;106;"Christopher Oconnell";"R";183;"AUS";27,6;122;"Diego Schwartzman";"R";170;"ARG";29,4;"7-6(6) 6-4 6-4";5;"R64";187;7;3;122;72;54;22;16;6;8;5;7;116;70;48;18;16;7;11;175;383;13;2730;7;6;6;NA;NA;6;4;4;NA;NA;2022-01-17;2022;"2022-580:205";1536;1;0,548788888167671;4,29956028185891;106;"Christopher Oconnell";122;"Diego Schwartzman";0,548788888167671;4,29956028185891;-3,75077139369124;27,6;29,4;-1,8;183;170;13;0,75;0,636363636363636;0,75;0,636363636363636;0,113636363636364;11;8;7;6;4;2;4;2;2;0;0;1
"848678";"2022-580";"Australian Open";"Hard";"128";"Grand Slams";208;92;"Daniil Medvedev";"R";198;"RUS";25,9;80;"Nick Kyrgios";"R";193;"AUS";26,7;"7-6(1) 6-4 4-6 6-2";5;"R64";178;31;5;119;79;67;20;20;7;9;17;2;128;91;67;14;20;7;11;2;8935;115;648;7;6;4;6;NA;6;4;6;2;NA;2022-01-17;2022;"2022-580:208";1537;0;7;1,15450994905563;80;"Nick Kyrgios";92;"Daniil Medvedev";1,15450994905563;7;-5,84549005094437;26,7;25,9;0,800000000000001;193;198;-5;0,777777777777778;0,636363636363636;0,636363636363636;0,777777777777778;-0,141414141414141;11;9;7;7;4;2;2;4;-2;0;0;1
"848679";"2022-580";"Australian Open";"Hard";"128";"Grand Slams";209;71;"Miomir Kecmanovic";"R";183;"SRB";22,3;129;"Lorenzo Sonego";"R";191;"ITA";26,6;"6-4 6-7(8) 6-2 7-5";5;"R32";202;2;3;142;76;55;40;21;11;13;13;8;121;87;59;17;21;7;13;77;836;26;1860;6;6;6;7;NA;4;7;2;5;NA;2022-01-17;2022;"2022-580:209";1538;1;1,7332134593051;3,29956028185891;71;"Miomir Kecmanovic";129;"Lorenzo Sonego";1,7332134593051;3,29956028185891;-1,56634682255381;22,3;26,6;-4,3;183;191;-8;0,846153846153846;0,538461538461538;0,846153846153846;0,538461538461538;0,307692307692308;13;13;7;11;6;2;6;2;4;0;0;1
"848680";"2022-580";"Australian Open";"Hard";"128";"Grand Slams";210;96;"Gael Monfils";"R";193;"FRA";35,3;50;"Cristian Garin";"R";185;"CHI";25,6;"7-6(4) 6-1 6-3";5;"R32";121;14;4;90;53;38;20;14;1;4;4;6;93;59;35;13;14;4;11;20;2373;19;2375;7;6;6;NA;NA;6;1;3;NA;NA;2022-01-17;2022;"2022-580:210";1539;0;3,67807190511264;3,75207248655641;50;"Cristian Garin";96;"Gael Monfils";3,75207248655641;3,67807190511264;0,0740005814437774;25,6;35,3;-9,7;185;193;-8;0,25;0,363636363636364;0,363636363636364;0,25;0,113636363636364;11;4;4;1;7;3;3;7;-4;0;0;1
"848682";"2022-580";"Australian Open";"Hard";"128";"Grand Slams";212;14;"Matteo Berrettini";"R";196;"ITA";25,7;2;"Carlos Alcaraz";"R";185;"ESP";18,7;"6-2 7-6(3) 4-6 2-6 7-6(5)";5;"R32";250;10;2;163;115;90;21;25;9;13;12;8;155;96;71;36;25;5;8;7;4568;31;1609;6;7;4;2;7;2;6;6;6;6;2022-01-17;2022;"2022-580:212";1540;0;5,1926450779424;3,04580368961313;2;"Carlos Alcaraz";14;"Matteo Berrettini";3,04580368961313;5,1926450779424;-2,14684138832927;18,7;25,7;-7;185;196;-11;0,692307692307692;0,625;0,625;0,692307692307692;-0,0673076923076923;8;13;5;9;3;4;4;3;1;0;0;1
"848683";"2022-580";"Australian Open";"Hard";"128";"Grand Slams";213;148;"Alexander Zverev";"R";198;"GER";24,7;1;"Radu Albot";"R";175;"MDA";32,1;"6-3 6-4 6-4";5;"R32";117;16;7;89;69;57;7;15;5;5;5;1;79;49;34;16;14;3;6;3;7970;124;587;6;6;6;NA;NA;3;4;4;NA;NA;2022-01-17;2022;"2022-580:213";1541;0;6,41503749927884;1,04580368961313;1;"Radu Albot";148;"Alexander Zverev";1,04580368961313;6,41503749927884;-5,36923380966572;32,1;24,7;7,4;175;198;-23;1;0,5;0,5;1;-0,5;6;5;3;5;3;0;0;3;-3;0;0;1
"848684";"2022-580";"Australian Open";"Hard";"128";"Grand Slams";214;124;"Denis Shapovalov";"L";185;"CAN";22,7;107;"Reilly Opelka";"R";211;"USA";24,3;"7-6(4) 4-6 6-3 6-4";5;"R32";182;10;5;123;71;59;31;21;3;5;17;3;142;87;63;28;20;9;12;14;2593;29;1776;7;4;6;6;NA;6;6;3;4;NA;2022-01-17;2022;"2022-580:214";1542;0;4,1926450779424;3,14201900487243;107;"Reilly Opelka";124;"Denis Shapovalov";3,14201900487243;4,1926450779424;-1,05062607306997;24,3;22,7;1,6;211;185;26;0,6;0,75;0,75;0,6;0,15;12;5;9;3;3;2;2;3;-1;0;0;1
"848685";"2022-580";"Australian Open";"Hard";"128";"Grand Slams";215;87;"Adrian Mannarino";"L";183;"FRA";33,5;69;"Aslan Karatsev";"R";185;"RUS";28,3;"7-6(4) 6-7(4) 7-5 6-4";5;"R32";278;11;2;155;93;66;38;23;6;9;16;6;187;116;86;31;23;19;24;69;879;15;2553;7;6;7;6;NA;6;7;5;4;NA;2022-01-17;2022;"2022-580:215";1543;0;1,89147554322183;4,09310940439148;69;"Aslan Karatsev";87;"Adrian Mannarino";4,09310940439148;1,89147554322183;2,20163386116965;28,3;33,5;-5,2;185;183;2;0,666666666666667;0,791666666666667;0,791666666666667;0,666666666666667;0,125;24;9;19;6;5;3;3;5;-2;0;0;1
"848686";"2022-580";"Australian Open";"Hard";"128";"Grand Slams";216;101;"Rafael Nadal";"L";185;"ESP";35,6;72;"Karen Khachanov";"R";198;"RUS";25,6;"6-3 6-2 3-6 6-1";5;"R32";170;4;6;98;66;55;18;17;4;5;14;3;109;73;50;14;16;10;15;5;4875;30;1748;6;6;3;6;NA;3;2;6;1;NA;2022-01-17;2022;"2022-580:216";1544;0;5,67807190511264;3,09310940439148;72;"Karen Khachanov";101;"Rafael Nadal";3,09310940439148;5,67807190511264;-2,58496250072116;25,6;35,6;-10;198;185;13;0,8;0,666666666666667;0,666666666666667;0,8;-0,133333333333333;15;5;10;4;5;1;1;5;-4;0;0;1
"848687";"2022-580";"Australian Open";"Hard";"128";"Grand Slams";217;30;"Alex De Minaur";"R";183;"AUS";22,9;5;"Pablo Andujar";"R";180;"ESP";35,9;"6-4 6-4 6-2";5;"R32";127;8;2;70;43;36;17;14;0;1;1;3;98;77;46;8;14;8;13;42;1316;83;800;6;6;6;NA;NA;4;4;2;NA;NA;2022-01-17;2022;"2022-580:217";1545;0;2,60768257722124;1,62496056865308;5;"Pablo Andujar";30;"Alex De Minaur";1,62496056865308;2,60768257722124;-0,982722008568164;35,9;22,9;13;180;183;-3;0;0,615384615384615;0,615384615384615;0;0,615384615384615;13;1;8;0;5;1;1;5;-4;0;0;1
"848688";"2022-580";"Australian Open";"Hard";"128";"Grand Slams";218;126;"Jannik Sinner";"R";188;"ITA";20,4;26;"Taro Daniel";"R";191;"JPN";28,9;"6-4 1-6 6-3 6-1";5;"R32";161;10;2;95;70;52;8;17;2;6;11;8;108;61;41;18;16;10;17;10;3390;120;606;6;1;6;6;NA;4;6;3;1;NA;2022-01-17;2022;"2022-580:218";1546;0;4,67807190511264;1,09310940439148;26;"Taro Daniel";126;"Jannik Sinner";1,09310940439148;4,67807190511264;-3,58496250072116;28,9;20,4;8,5;191;188;3;0,333333333333333;0,588235294117647;0,588235294117647;0,333333333333333;0,254901960784314;17;6;10;2;7;4;4;7;-3;0;0;1
"848689";"2022-580";"Australian Open";"Hard";"128";"Grand Slams";219;47;"Taylor Fritz";"R";193;"USA";24,2;9;"Roberto Bautista Agut";"R";183;"ESP";33,7;"6-0 3-6 3-6 6-4 6-3";5;"R32";194;19;6;122;66;49;23;22;6;13;10;6;143;94;53;21;21;9;19;22;2175;18;2385;6;3;3;6;6;0;6;6;4;3;2022-01-17;2022;"2022-580:219";1547;0;3,5405683813627;3,83007499855769;9;"Roberto Bautista Agut";47;"Taylor Fritz";3,83007499855769;3,5405683813627;0,289506617194985;33,7;24,2;9,5;183;193;-10;0,461538461538462;0,473684210526316;0,473684210526316;0,461538461538462;0,0121457489878542;19;13;9;6;10;7;7;10;-3;0;0;1
"848690";"2022-580";"Australian Open";"Hard";"128";"Grand Slams";220;140;"Stefanos Tsitsipas";"R";193;"GRE";23,4;108;"Benoit Paire";"R";196;"FRA";32,6;"6-3 7-5 6-7(2) 6-4";5;"R32";162;21;2;117;66;59;33;22;2;2;11;9;140;75;58;33;21;8;11;4;6540;56;1075;6;7;6;6;NA;3;5;7;4;NA;2022-01-17;2022;"2022-580:220";1548;0;6;2,1926450779424;108;"Benoit Paire";140;"Stefanos Tsitsipas";2,1926450779424;6;-3,8073549220576;32,6;23,4;9,2;196;193;3;1;0,727272727272727;0,727272727272727;1;-0,272727272727273;11;2;8;2;3;0;0;3;-3;0;0;1
"848691";"2022-580";"Australian Open";"Hard";"128";"Grand Slams";221;22;"Marin Cilic";"R";198;"CRO";33,3;119;"Andrey Rublev";"R";188;"RUS";24,2;"7-5 7-6(3) 3-6 6-3";5;"R32";156;24;3;113;61;52;29;21;0;3;17;2;125;85;63;20;21;4;8;27;1840;6;4785;7;7;3;6;NA;5;6;6;3;NA;2022-01-17;2022;"2022-580:221";1549;1;3,24511249783653;5,41503749927884;22;"Marin Cilic";119;"Andrey Rublev";3,24511249783653;5,41503749927884;-2,16992500144231;33,3;24,2;9,1;198;188;10;0;0,5;0;0,5;-0,5;8;3;4;0;4;3;4;3;1;0;0;1
"848692";"2022-580";"Australian Open";"Hard";"128";"Grand Slams";222;6;"Felix Auger Aliassime";"R";193;"CAN";21,4;42;"Daniel Evans";"R";175;"GBR";31,6;"6-4 6-1 6-1";5;"R32";113;16;3;66;43;39;13;12;3;3;1;3;75;43;25;14;12;1;7;9;3608;24;1957;6;6;6;NA;NA;4;1;1;NA;NA;2022-01-17;2022;"2022-580:222";1550;1;4,83007499855769;3,41503749927884;6;"Felix Auger Aliassime";42;"Daniel Evans";4,83007499855769;3,41503749927884;1,41503749927884;21,4;31,6;-10,2;193;175;18;1;0,142857142857143;1;0,142857142857143;0,857142857142857;7;3;1;3;6;0;6;0;6;0;0;1
"848693";"2022-580";"Australian Open";"Hard";"128";"Grand Slams";223;24;"Maxime Cressy";"R";198;"USA";24,6;106;"Christopher Oconnell";"R";183;"AUS";27,6;"6-2 6-7(6) 6-3 6-2";5;"R32";161;28;4;108;64;54;30;19;3;3;17;2;113;77;52;17;18;5;10;70;875;175;383;6;6;6;6;NA;2;7;3;2;NA;2022-01-17;2022;"2022-580:223";1551;1;1,87071698305503;0,548788888167671;24;"Maxime Cressy";106;"Christopher Oconnell";1,87071698305503;0,548788888167671;1,32192809488736;24,6;27,6;-3;198;183;15;1;0,5;1;0,5;0,5;10;3;5;3;5;0;5;0;5;0;0;1
"848694";"2022-580";"Australian Open";"Hard";"128";"Grand Slams";224;92;"Daniil Medvedev";"R";198;"RUS";25,9;142;"Botic Van De Zandschulp";"R";188;"NED";26,2;"6-4 6-4 6-2";5;"R32";115;10;6;86;57;47;15;14;3;3;3;0;86;56;33;19;14;7;11;2;8935;57;1069;6;6;6;NA;NA;4;4;2;NA;NA;2022-01-17;2022;"2022-580:224";1552;1;7;2,16710998583526;92;"Daniil Medvedev";142;"Botic Van De Zandschulp";7;2,16710998583526;4,83289001416474;25,9;26,2;-0,300000000000001;198;188;10;1;0,636363636363636;1;0,636363636363636;0,363636363636364;11;3;7;3;4;0;4;0;4;0;0;1
"848695";"2022-580";"Australian Open";"Hard";"128";"Grand Slams";225;96;"Gael Monfils";"R";193;"FRA";35,3;71;"Miomir Kecmanovic";"R";183;"SRB";22,3;"7-5 7-6(4) 6-3";5;"R16";154;17;4;100;59;48;21;17;5;6;4;4;129;73;48;28;16;7;11;20;2373;77;836;7;7;6;NA;NA;5;6;3;NA;NA;2022-01-17;2022;"2022-580:225";1553;0;3,67807190511264;1,7332134593051;71;"Miomir Kecmanovic";96;"Gael Monfils";1,7332134593051;3,67807190511264;-1,94485844580754;22,3;35,3;-13;183;193;-10;0,833333333333333;0,636363636363636;0,636363636363636;0,833333333333333;-0,196969696969697;11;6;7;5;4;1;1;4;-3;0;0;1
"848696";"2022-580";"Australian Open";"Hard";"128";"Grand Slams";226;14;"Matteo Berrettini";"R";196;"ITA";25,7;18;"Pablo Carreno Busta";"R";188;"ESP";30,5;"7-5 7-6(4) 6-4";5;"R16";142;28;1;92;71;62;12;17;1;1;2;2;115;81;57;17;17;5;7;7;4568;21;2305;7;7;6;NA;NA;5;6;4;NA;NA;2022-01-17;2022;"2022-580:226";1554;1;5,1926450779424;3,60768257722124;14;"Matteo Berrettini";18;"Pablo Carreno Busta";5,1926450779424;3,60768257722124;1,58496250072116;25,7;30,5;-4,8;196;188;8;1;0,714285714285714;1;0,714285714285714;0,285714285714286;7;1;5;1;2;0;2;0;2;0;0;1
"848697";"2022-580";"Australian Open";"Hard";"128";"Grand Slams";227;124;"Denis Shapovalov";"L";185;"CAN";22,7;148;"Alexander Zverev";"R";198;"GER";24,7;"6-3 7-6(5) 6-3";5;"R16";141;3;11;104;65;50;18;15;3;5;3;8;88;67;46;6;15;2;6;14;2593;3;7970;6;7;6;NA;NA;3;6;3;NA;NA;2022-01-17;2022;"2022-580:227";1555;1;4,1926450779424;6,41503749927884;124;"Denis Shapovalov";148;"Alexander Zverev";4,1926450779424;6,41503749927884;-2,22239242133645;22,7;24,7;-2;185;198;-13;0,6;0,333333333333333;0,6;0,333333333333333;0,266666666666667;6;5;2;3;4;2;4;2;2;0;0;1
"848698";"2022-580";"Australian Open";"Hard";"128";"Grand Slams";228;101;"Rafael Nadal";"L";185;"ESP";35,6;87;"Adrian Mannarino";"L";183;"FRA";33,5;"7-6(14) 6-2 6-2";5;"R16";160;16;6;88;48;42;24;14;1;2;7;4;104;55;40;23;14;12;17;5;4875;69;879;7;6;6;NA;NA;6;2;2;NA;NA;2022-01-17;2022;"2022-580:228";1556;0;5,67807190511264;1,89147554322183;87;"Adrian Mannarino";101;"Rafael Nadal";1,89147554322183;5,67807190511264;-3,78659636189081;33,5;35,6;-2,1;183;185;-2;0,5;0,705882352941177;0,705882352941177;0,5;0,205882352941177;17;2;12;1;5;1;1;5;-4;0;0;1
"848699";"2022-580";"Australian Open";"Hard";"128";"Grand Slams";229;126;"Jannik Sinner";"R";188;"ITA";20,4;30;"Alex De Minaur";"R";183;"AUS";22,9;"7-6(3) 6-3 6-4";5;"R16";155;9;0;111;69;52;26;16;7;8;7;2;91;60;44;14;15;3;6;10;3390;42;1316;7;6;6;NA;NA;6;3;4;NA;NA;2022-01-17;2022;"2022-580:229";1557;0;4,67807190511264;2,60768257722124;30;"Alex De Minaur";126;"Jannik Sinner";2,60768257722124;4,67807190511264;-2,0703893278914;22,9;20,4;2,5;183;188;-5;0,875;0,5;0,5;0,875;-0,375;6;8;3;7;3;1;1;3;-2;0;0;1
"848700";"2022-580";"Australian Open";"Hard";"128";"Grand Slams";230;140;"Stefanos Tsitsipas";"R";193;"GRE";23,4;47;"Taylor Fritz";"R";193;"USA";24,2;"4-6 6-4 4-6 6-3 6-4";5;"R16";203;19;1;159;107;85;25;25;13;15;13;4;136;84;66;29;24;2;5;4;6540;22;2175;4;6;4;6;6;6;4;6;3;4;2022-01-17;2022;"2022-580:230";1558;0;6;3,5405683813627;47;"Taylor Fritz";140;"Stefanos Tsitsipas";3,5405683813627;6;-2,4594316186373;24,2;23,4;0,800000000000001;193;193;0;0,866666666666667;0,4;0,4;0,866666666666667;-0,466666666666667;5;15;2;13;3;2;2;3;-1;0;0;1
"848701";"2022-580";"Australian Open";"Hard";"128";"Grand Slams";231;6;"Felix Auger Aliassime";"R";193;"CAN";21,4;22;"Marin Cilic";"R";198;"CRO";33,3;"2-6 7-6(7) 6-2 7-6(4)";5;"R16";215;22;4;117;72;62;26;20;0;2;24;8;142;77;66;29;20;13;15;9;3608;27;1840;2;7;6;7;NA;6;6;2;6;NA;2022-01-17;2022;"2022-580:231";1559;1;4,83007499855769;3,24511249783653;6;"Felix Auger Aliassime";22;"Marin Cilic";4,83007499855769;3,24511249783653;1,58496250072116;21,4;33,3;-11,9;193;198;-5;0;0,866666666666667;0;0,866666666666667;-0,866666666666667;15;2;13;0;2;2;2;2;0;0;0;1
"848702";"2022-580";"Australian Open";"Hard";"128";"Grand Slams";232;92;"Daniil Medvedev";"R";198;"RUS";25,9;24;"Maxime Cressy";"R";198;"USA";24,6;"6-2 7-6(4) 6-7(4) 7-5";5;"R16";210;15;6;129;84;71;29;22;1;1;18;18;165;104;77;32;22;9;12;2;8935;70;875;6;7;6;7;NA;2;6;7;5;NA;2022-01-17;2022;"2022-580:232";1560;0;7;1,87071698305503;24;"Maxime Cressy";92;"Daniil Medvedev";1,87071698305503;7;-5,12928301694497;24,6;25,9;-1,3;198;198;0;1;0,75;0,75;1;-0,25;12;1;9;1;3;0;0;3;-3;0;0;1
"848703";"2022-580";"Australian Open";"Hard";"128";"Grand Slams";233;14;"Matteo Berrettini";"R";196;"ITA";25,7;96;"Gael Monfils";"R";193;"FRA";35,3;"6-4 6-4 3-6 3-6 6-2";5;"QF";229;12;2;170;103;76;34;23;11;14;15;7;136;76;58;32;23;7;11;7;4568;20;2373;6;6;3;3;6;4;4;6;6;2;2022-01-17;2022;"2022-580:233";1561;1;5,1926450779424;3,67807190511264;14;"Matteo Berrettini";96;"Gael Monfils";5,1926450779424;3,67807190511264;1,51457317282976;25,7;35,3;-9,6;196;193;3;0,785714285714286;0,636363636363636;0,785714285714286;0,636363636363636;0,149350649350649;11;14;7;11;4;3;4;3;1;0;0;1
"848704";"2022-580";"Australian Open";"Hard";"128";"Grand Slams";234;101;"Rafael Nadal";"L";185;"ESP";35,6;124;"Denis Shapovalov";"L";185;"CAN";22,7;"6-3 6-4 4-6 3-6 6-3";5;"QF";248;8;11;146;100;79;21;24;6;8;20;5;137;80;58;31;23;4;7;5;4875;14;2593;6;6;4;3;6;3;4;6;6;3;2022-01-17;2022;"2022-580:234";1562;1;5,67807190511264;4,1926450779424;101;"Rafael Nadal";124;"Denis Shapovalov";5,67807190511264;4,1926450779424;1,48542682717024;35,6;22,7;12,9;185;185;0;0,75;0,571428571428571;0,75;0,571428571428571;0,178571428571429;7;8;4;6;3;2;3;2;1;0;0;1
"848705";"2022-580";"Australian Open";"Hard";"128";"Grand Slams";235;140;"Stefanos Tsitsipas";"R";193;"GRE";23,4;126;"Jannik Sinner";"R";188;"ITA";20,4;"6-3 6-4 6-2";5;"QF";126;4;2;78;53;42;15;14;0;0;4;1;66;42;30;13;13;0;4;4;6540;10;3390;6;6;6;NA;NA;3;4;2;NA;NA;2022-01-17;2022;"2022-580:235";1563;0;6;4,67807190511264;126;"Jannik Sinner";140;"Stefanos Tsitsipas";4,67807190511264;6;-1,32192809488736;20,4;23,4;-3;188;193;-5;1,5;0;0;1,5;-1,5;4;0;0;0;4;0;0;4;-4;0;0;1
"848706";"2022-580";"Australian Open";"Hard";"128";"Grand Slams";236;92;"Daniil Medvedev";"R";198;"RUS";25,9;6;"Felix Auger Aliassime";"R";193;"CAN";21,4;"6-7(4) 3-6 7-6(2) 7-5 6-4";5;"QF";282;15;9;196;126;94;36;28;9;11;18;4;168;116;91;25;27;2;5;2;8935;9;3608;6;3;7;7;6;7;6;6;5;4;2022-01-17;2022;"2022-580:236";1564;0;7;4,83007499855769;6;"Felix Auger Aliassime";92;"Daniil Medvedev";4,83007499855769;7;-2,16992500144231;21,4;25,9;-4,5;193;198;-5;0,818181818181818;0,4;0,4;0,818181818181818;-0,418181818181818;5;11;2;9;3;2;2;3;-1;0;0;1
"848707";"2022-580";"Australian Open";"Hard";"128";"Grand Slams";237;101;"Rafael Nadal";"L";185;"ESP";35,6;14;"Matteo Berrettini";"R";196;"ITA";25,7;"6-3 6-2 3-6 6-3";5;"SF";175;5;2;102;70;51;20;18;1;2;14;2;102;68;50;15;17;4;8;5;4875;7;4568;6;6;3;6;NA;3;2;6;3;NA;2022-01-17;2022;"2022-580:237";1565;0;5,67807190511264;5,1926450779424;14;"Matteo Berrettini";101;"Rafael Nadal";5,1926450779424;5,67807190511264;-0,485426827170242;25,7;35,6;-9,9;196;185;11;0,5;0,5;0,5;0,5;0;8;2;4;1;4;1;1;4;-3;0;0;1
"848708";"2022-580";"Australian Open";"Hard";"128";"Grand Slams";238;92;"Daniil Medvedev";"R";198;"RUS";25,9;140;"Stefanos Tsitsipas";"R";193;"GRE";23,4;"7-6(5) 4-6 6-4 6-1";5;"SF";150;13;4;100;71;61;21;20;2;4;5;1;120;83;56;23;19;8;12;2;8935;4;6540;7;4;6;6;NA;6;6;4;1;NA;2022-01-17;2022;"2022-580:238";1566;1;7;6;92;"Daniil Medvedev";140;"Stefanos Tsitsipas";7;6;1;25,9;23,4;2,5;198;193;5;0,5;0,666666666666667;0,5;0,666666666666667;-0,166666666666667;12;4;8;2;4;2;4;2;2;0;0;1
"848709";"2022-580";"Australian Open";"Hard";"128";"Grand Slams";239;101;"Rafael Nadal";"L";185;"ESP";35,6;92;"Daniil Medvedev";"R";198;"RUS";25,9;"2-6 6-7(5) 6-4 6-4 7-5";5;"F";324;3;5;189;117;78;34;26;16;22;23;5;182;126;89;23;26;15;22;5;4875;2;8935;2;6;6;6;7;6;7;4;4;5;2022-01-17;2022;"2022-580:239";1567;0;5,67807190511264;7;92;"Daniil Medvedev";101;"Rafael Nadal";7;5,67807190511264;1,32192809488736;25,9;35,6;-9,7;198;185;13;0,727272727272727;0,681818181818182;0,681818181818182;0,727272727272727;-0,0454545454545455;22;22;15;16;7;6;6;7;-1;0;0;1
"868101";"2022-560";"US Open";"Hard";"128";"Grand Slams";117;80;"Nick Kyrgios";"R";193;"AUS";27,3;75;"Thanasi Kokkinakis";"R";196;"AUS";26,3;"6-3 6-4 7-6(4)";5;"R128";121;13;3;83;59;51;19;17;0;0;14;4;91;63;47;14;15;3;5;25;1430;70;697;6;6;7;NA;NA;3;4;6;NA;NA;2022-08-29;2022;"2022-560:117";1568;0;3,35614381022528;1,87071698305503;75;"Thanasi Kokkinakis";80;"Nick Kyrgios";1,87071698305503;3,35614381022528;-1,48542682717024;26,3;27,3;-1;196;193;3;1,5;0,6;0,6;1,5;-0,9;5;0;3;0;2;0;0;2;-2;0;0;1
"868105";"2022-560";"US Open";"Hard";"128";"Grand Slams";121;18;"Pablo Carreno Busta";"R";188;"ESP";31,1;134;"Dominic Thiem";"R";185;"AUT";28,9;"7-5 6-1 5-7 6-3";5;"R128";198;8;1;116;78;51;26;20;5;9;12;5;135;79;46;29;20;11;19;15;2340;211;241;7;6;5;6;NA;5;1;7;3;NA;2022-08-29;2022;"2022-560:121";1569;1;4,09310940439148;0,278900811292815;18;"Pablo Carreno Busta";134;"Dominic Thiem";4,09310940439148;0,278900811292815;3,81420859309867;31,1;28,9;2,2;188;185;3;0,555555555555556;0,578947368421053;0,555555555555556;0,578947368421053;-0,0233918128654971;19;9;11;5;8;4;8;4;4;0;0;1
"868108";"2022-560";"US Open";"Hard";"128";"Grand Slams";124;30;"Alex De Minaur";"R";183;"AUS";23,5;76;"Filip Krajinovic";"R";185;"SRB";30,5;"7-5 6-2 6-3";5;"R128";120;6;6;79;35;25;23;15;4;8;0;2;84;45;27;13;14;6;14;20;1665;44;1010;7;6;6;NA;NA;5;2;3;NA;NA;2022-08-29;2022;"2022-560:124";1570;1;3,67807190511264;2,5405683813627;30;"Alex De Minaur";76;"Filip Krajinovic";3,67807190511264;2,5405683813627;1,13750352374993;23,5;30,5;-7;183;185;-2;0,5;0,428571428571429;0,5;0,428571428571429;0,0714285714285715;14;8;6;4;8;4;8;4;4;0;0;1
"868109";"2022-560";"US Open";"Hard";"128";"Grand Slams";125;72;"Karen Khachanov";"R";198;"RUS";26,2;77;"Denis Kudla";"R";180;"USA";30;"3-6 6-1 6-2 6-2";5;"R128";129;16;4;95;56;46;23;16;7;8;10;4;99;57;37;18;16;2;8;31;1315;96;550;3;6;6;6;NA;6;1;2;2;NA;2022-08-29;2022;"2022-560:125";1571;1;3,04580368961313;1,41503749927884;72;"Karen Khachanov";77;"Denis Kudla";3,04580368961313;1,41503749927884;1,63076619033428;26,2;30;-3,8;198;180;18;0,875;0,25;0,875;0,25;0,625;8;8;2;7;6;1;6;1;5;0;0;1
"868114";"2022-560";"US Open";"Hard";"128";"Grand Slams";130;135;"Jordan Thompson";"R";183;"AUS";28,3;129;"Lorenzo Sonego";"R";191;"ITA";27,3;"2-6 1-6 6-2 6-4 6-4";5;"R128";195;9;1;128;75;57;27;22;4;9;13;3;121;80;60;18;21;7;11;102;527;63;765;2;1;6;6;6;6;6;2;4;4;2022-08-29;2022;"2022-560:130";1572;0;1,3275746580285;2,02272007650008;129;"Lorenzo Sonego";135;"Jordan Thompson";2,02272007650008;1,3275746580285;0,695145418471578;27,3;28,3;-1;191;183;8;0,444444444444444;0,636363636363636;0,636363636363636;0,444444444444444;0,191919191919192;11;9;7;4;4;5;5;4;1;0;0;1
"868115";"2022-560";"US Open";"Hard";"128";"Grand Slams";131;28;"Alejandro Davidovich Fokina";"R";183;"ESP";23,2;104;"Yoshihito Nishioka";"L";170;"JPN";26,9;"6-3 7-5 6-3";5;"R128";133;9;7;86;47;38;16;15;4;8;0;3;94;49;28;20;15;4;12;39;1210;55;827;6;7;6;NA;NA;3;5;3;NA;NA;2022-08-29;2022;"2022-560:131";1573;1;2,71459778113775;2,21864028647534;28;"Alejandro Davidovich Fokina";104;"Yoshihito Nishioka";2,71459778113775;2,21864028647534;0,495957494662411;23,2;26,9;-3,7;183;170;13;0,5;0,333333333333333;0,5;0,333333333333333;0,166666666666667;12;8;4;4;8;4;8;4;4;0;0;1
"868128";"2022-560";"US Open";"Hard";"128";"Grand Slams";144;120;"Casper Ruud";"R";183;"NOR";23,6;40;"Kyle Edmund";"R";188;"GBR";27,6;"6-3 7-5 6-2";5;"R128";141;10;7;88;49;40;20;15;6;8;6;6;89;45;33;14;14;8;14;7;4695;601;42;6;7;6;NA;NA;3;5;2;NA;NA;2022-08-29;2022;"2022-560:144";1574;0;5,1926450779424;-1,23122118071119;40;"Kyle Edmund";120;"Casper Ruud";-1,23122118071119;5,1926450779424;-6,42386625865358;27,6;23,6;4;188;183;5;0,75;0,571428571428571;0,571428571428571;0,75;-0,178571428571429;14;8;8;6;6;2;2;6;-4;0;0;1
"868130";"2022-560";"US Open";"Hard";"128";"Grand Slams";146;66;"Ilya Ivashka";"R";193;"BLR";28,5;114;"Sam Querrey";"R";198;"USA";34,8;"4-6 6-4 7-6(8) 6-3";5;"R128";162;13;5;128;74;56;31;22;8;12;19;18;145;88;68;17;20;11;16;73;685;287;172;4;6;7;6;NA;6;4;6;3;NA;2022-08-29;2022;"2022-560:146";1575;1;1,81017544111998;-0,164906926675688;66;"Ilya Ivashka";114;"Sam Querrey";1,81017544111998;-0,164906926675688;1,97508236779567;28,5;34,8;-6,3;193;198;-5;0,666666666666667;0,6875;0,666666666666667;0,6875;-0,0208333333333334;16;12;11;8;5;4;5;4;1;0;0;1
"868133";"2022-560";"US Open";"Hard";"128";"Grand Slams";149;33;"Grigor Dimitrov";"R";188;"BUL";31,2;68;"Steve Johnson";"R";188;"USA";32,6;"6-3 6-2 6-2";5;"R128";94;23;4;64;38;36;17;13;0;0;5;4;86;51;35;13;12;8;13;19;1730;110;498;6;6;6;NA;NA;3;2;2;NA;NA;2022-08-29;2022;"2022-560:149";1576;1;3,75207248655641;1,21864028647534;33;"Grigor Dimitrov";68;"Steve Johnson";3,75207248655641;1,21864028647534;2,53343220008107;31,2;32,6;-1,4;188;188;0;1,5;0,615384615384615;1,5;0,615384615384615;0,884615384615385;13;0;8;0;5;0;5;0;5;0;0;1
"868139";"2022-560";"US Open";"Hard";"128";"Grand Slams";155;38;"James Duckworth";"R";183;"AUS";30,6;106;"Christopher Oconnell";"R";183;"AUS";28,2;"4-6 7-6(0) 6-2 6-3";5;"R128";166;10;2;113;62;47;33;19;1;2;14;7;114;70;55;17;21;3;7;83;632;118;460;4;7;6;6;NA;6;6;2;3;NA;2022-08-29;2022;"2022-560:155";1577;1;1,62496056865308;1,11735695063816;38;"James Duckworth";106;"Christopher Oconnell";1,62496056865308;1,11735695063816;0,507603618014917;30,6;28,2;2,4;183;183;0;0,5;0,428571428571429;0,5;0,428571428571429;0,0714285714285715;7;2;3;1;4;1;4;1;3;0;0;1
"868140";"2022-560";"US Open";"Hard";"128";"Grand Slams";156;42;"Daniel Evans";"R";175;"GBR";32,2;144;"Jiri Vesely";"L";198;"CZE";29,1;"6-4 6-1 6-1";5;"R128";115;11;1;61;34;31;17;12;0;0;11;9;78;44;27;12;12;8;14;23;1510;68;709;6;6;6;NA;NA;4;1;1;NA;NA;2022-08-29;2022;"2022-560:156";1578;1;3,47643804394299;1,91253715874966;42;"Daniel Evans";144;"Jiri Vesely";3,47643804394299;1,91253715874966;1,56390088519333;32,2;29,1;3,1;175;198;-23;1,5;0,571428571428571;1,5;0,571428571428571;0,928571428571429;14;0;8;0;6;0;6;0;6;0;0;1
"868145";"2022-560";"US Open";"Hard";"128";"Grand Slams";161;105;"Cameron Norrie";"L";188;"GBR";27;108;"Benoit Paire";"R";196;"FRA";33,3;"6-0 7-6(1) 6-0";5;"R128";98;9;0;70;50;42;10;12;1;2;2;13;80;35;26;11;13;5;12;9;3415;173;301;6;7;6;NA;NA;0;6;0;NA;NA;2022-08-29;2022;"2022-560:161";1579;1;4,83007499855769;0,565371772363275;105;"Cameron Norrie";108;"Benoit Paire";4,83007499855769;0,565371772363275;4,26470322619441;27;33,3;-6,3;188;196;-8;0,5;0,416666666666667;0,5;0,416666666666667;0,0833333333333333;12;2;5;1;7;1;7;1;6;0;0;1
"868146";"2022-560";"US Open";"Hard";"128";"Grand Slams";162;130;"Joao Sousa";"R";185;"POR";33,4;91;"Mackenzie Mcdonald";"R";178;"USA";27,3;"1-6 7-6(4) 7-6(4) 6-3";5;"R128";209;9;7;142;75;51;35;21;11;17;11;8;139;96;65;18;21;6;11;59;786;77;666;1;7;7;6;NA;6;6;6;3;NA;2022-08-29;2022;"2022-560:162";1580;0;2,11735695063816;1,7332134593051;91;"Mackenzie Mcdonald";130;"Joao Sousa";1,7332134593051;2,11735695063816;-0,38414349133306;27,3;33,4;-6,1;178;185;-7;0,647058823529412;0,545454545454545;0,545454545454545;0,647058823529412;-0,101604278074866;11;17;6;11;5;6;6;5;1;0;0;1
"868147";"2022-560";"US Open";"Hard";"128";"Grand Slams";163;64;"John Isner";"R";206;"USA";37,3;32;"Federico Delbonis";"L";190;"ARG";31,8;"6-3 6-1 7-5";5;"R128";112;19;0;72;50;44;12;14;0;0;4;7;76;41;29;16;14;3;8;48;970;134;408;6;6;7;NA;NA;3;1;5;NA;NA;2022-08-29;2022;"2022-560:163";1581;0;2,41503749927884;0,933910809542228;32;"Federico Delbonis";64;"John Isner";0,933910809542228;2,41503749927884;-1,48112668973662;31,8;37,3;-5,5;190;206;-16;1,5;0,375;0,375;1,5;-1,125;8;0;3;0;5;0;0;5;-5;0;0;1
"868151";"2022-560";"US Open";"Hard";"128";"Grand Slams";167;79;"Soon Woo Kwon";"R";180;"KOR";24,7;143;"Fernando Verdasco";"L";188;"ESP";38,7;"6-2 6-7(4) 6-3 6-3";5;"R128";196;9;7;125;74;55;30;19;5;6;14;4;119;68;46;26;20;7;13;81;646;122;454;6;6;6;6;NA;2;7;3;3;NA;2022-08-29;2022;"2022-560:167";1582;1;1,66014999711538;1,06926266243711;79;"Soon Woo Kwon";143;"Fernando Verdasco";1,66014999711538;1,06926266243711;0,590887334678262;24,7;38,7;-14;180;188;-8;0,833333333333333;0,538461538461538;0,833333333333333;0,538461538461538;0,294871794871795;13;6;7;5;6;1;6;1;5;0;0;1
"868152";"2022-560";"US Open";"Hard";"128";"Grand Slams";168;119;"Andrey Rublev";"R";188;"RUS";24,8;34;"Laslo Djere";"R";188;"SRB";27,2;"7-6(5) 6-3 3-6 4-6 6-4";5;"R128";221;13;3;143;81;62;30;25;9;16;16;13;180;106;73;34;26;6;13;11;3120;64;747;7;6;3;4;6;6;3;6;6;4;2022-08-29;2022;"2022-560:168";1583;0;4,5405683813627;2;34;"Laslo Djere";119;"Andrey Rublev";2;4,5405683813627;-2,5405683813627;27,2;24,8;2,4;188;188;0;0,5625;0,461538461538462;0,461538461538462;0,5625;-0,100961538461538;13;16;6;9;7;7;7;7;0;0;0;1
"868156";"2022-560";"US Open";"Hard";"128";"Grand Slams";172;136;"Frances Tiafoe";"R";188;"USA";24,6;53;"Marcos Giron";"R";180;"USA";29;"7-6(0) 6-4 6-3";5;"R128";130;16;2;104;58;49;24;17;6;7;8;4;85;52;41;15;15;3;6;26;1400;56;826;7;6;6;NA;NA;6;4;3;NA;NA;2022-08-29;2022;"2022-560:172";1584;0;3,29956028185891;2,1926450779424;53;"Marcos Giron";136;"Frances Tiafoe";2,1926450779424;3,29956028185891;-1,10691520391651;29;24,6;4,4;180;188;-8;0,857142857142857;0,5;0,5;0,857142857142857;-0,357142857142857;6;7;3;6;3;1;1;3;-2;0;0;1
"868158";"2022-560";"US Open";"Hard";"128";"Grand Slams";174;51;"Richard Gasquet";"R";185;"FRA";36,1;26;"Taro Daniel";"R";191;"JPN";29,5;"6-4 6-7(1) 6-2 6-2";5;"R128";196;9;7;110;58;44;32;19;3;5;16;7;121;67;45;26;20;3;10;91;583;95;564;6;6;6;6;NA;4;7;2;2;NA;2022-08-29;2022;"2022-560:174";1585;0;1,4922053598013;1,43014439166905;26;"Taro Daniel";51;"Richard Gasquet";1,43014439166905;1,4922053598013;-0,0620609681322515;29,5;36,1;-6,6;191;185;6;0,6;0,3;0,3;0,6;-0,3;10;5;3;3;7;2;2;7;-5;0;0;1
"868159";"2022-560";"US Open";"Hard";"128";"Grand Slams";175;46;"Fabio Fognini";"R";178;"ITA";35,2;69;"Aslan Karatsev";"R";185;"RUS";28,9;"1-6 5-7 6-4 6-1 6-4";5;"R128";214;13;15;161;90;64;32;23;7;13;4;4;131;82;53;28;23;4;11;60;782;38;1210;1;5;6;6;6;6;7;4;1;4;2022-08-29;2022;"2022-560:175";1586;1;2,09310940439148;2,75207248655641;46;"Fabio Fognini";69;"Aslan Karatsev";2,09310940439148;2,75207248655641;-0,658963082164933;35,2;28,9;6,3;178;185;-7;0,538461538461538;0,363636363636364;0,538461538461538;0,363636363636364;0,174825174825175;11;13;4;7;7;6;7;6;1;0;0;1
"868165";"2022-560";"US Open";"Hard";"128";"Grand Slams";181;18;"Pablo Carreno Busta";"R";188;"ESP";31,1;16;"Alexander Bublik";"R";196;"KAZ";25,1;"4-6 6-4 6-3 7-6(5)";5;"R64";180;5;3;139;99;72;23;21;10;12;28;13;137;82;66;20;21;5;8;15;2340;47;985;4;6;6;7;NA;6;4;3;6;NA;2022-08-29;2022;"2022-560:181";1587;0;4,09310940439148;2,44541114832236;16;"Alexander Bublik";18;"Pablo Carreno Busta";2,44541114832236;4,09310940439148;-1,64769825606912;25,1;31,1;-6;196;188;8;0,833333333333333;0,625;0,625;0,833333333333333;-0,208333333333333;8;12;5;10;3;2;2;3;-1;0;0;1
"868166";"2022-560";"US Open";"Hard";"128";"Grand Slams";182;30;"Alex De Minaur";"R";183;"AUS";23,5;50;"Cristian Garin";"R";185;"CHI";26,2;"6-3 6-0 4-6 6-2";5;"R64";156;4;2;92;54;44;22;17;0;2;2;2;117;75;44;18;16;10;17;20;1665;82;640;6;6;4;6;NA;3;0;6;2;NA;2022-08-29;2022;"2022-560:182";1588;1;3,67807190511264;1,64244799538192;30;"Alex De Minaur";50;"Cristian Garin";3,67807190511264;1,64244799538192;2,03562390973072;23,5;26,2;-2,7;183;185;-2;0;0,588235294117647;0;0,588235294117647;-0,588235294117647;17;2;10;0;7;2;7;2;5;0;0;1
"868167";"2022-560";"US Open";"Hard";"128";"Grand Slams";183;72;"Karen Khachanov";"R";198;"RUS";26,2;97;"Thiago Monteiro";"L";183;"BRA";28,2;"6-3 6-3 5-7 6-4";5;"R64";178;17;3;108;66;54;24;20;4;6;13;1;120;77;55;20;20;10;15;31;1315;67;721;6;6;5;6;NA;3;3;7;4;NA;2022-08-29;2022;"2022-560:183";1589;1;3,04580368961313;1,93391080954223;72;"Karen Khachanov";97;"Thiago Monteiro";3,04580368961313;1,93391080954223;1,1118928800709;26,2;28,2;-2;198;183;15;0,666666666666667;0,666666666666667;0,666666666666667;0,666666666666667;0;15;6;10;4;5;2;5;2;3;0;0;1
"868170";"2022-560";"US Open";"Hard";"128";"Grand Slams";186;28;"Alejandro Davidovich Fokina";"R";183;"ESP";23,2;48;"Marton Fucsovics";"R";188;"HUN";30,5;"7-6(3) 5-7 3-6 6-0 7-6(3)";5;"R64";248;12;5;160;114;85;24;26;4;8;17;14;190;99;68;46;27;10;15;39;1210;98;545;7;5;3;6;7;6;7;6;0;6;2022-08-29;2022;"2022-560:186";1590;1;2,71459778113775;1,38529015588479;28;"Alejandro Davidovich Fokina";48;"Marton Fucsovics";2,71459778113775;1,38529015588479;1,32930762525296;23,2;30,5;-7,3;183;188;-5;0,5;0,666666666666667;0,5;0,666666666666667;-0,166666666666667;15;8;10;4;5;4;5;4;1;0;0;1
"868174";"2022-560";"US Open";"Hard";"128";"Grand Slams";190;98;"Corentin Moutet";"L";178;"FRA";23,3;142;"Botic Van De Zandschulp";"R";188;"NED";26,9;"6-4 1-6 6-2 6-4";5;"R64";179;2;5;115;71;47;22;17;6;10;18;10;106;66;48;14;18;2;8;112;484;22;1573;6;1;6;6;NA;4;6;2;4;NA;2022-08-29;2022;"2022-560:190";1591;1;1,1926450779424;3,5405683813627;98;"Corentin Moutet";142;"Botic Van De Zandschulp";1,1926450779424;3,5405683813627;-2,34792330342031;23,3;26,9;-3,6;178;188;-10;0,6;0,25;0,6;0,25;0,35;8;10;2;6;6;4;6;4;2;0;0;1
"868177";"2022-560";"US Open";"Hard";"128";"Grand Slams";193;66;"Ilya Ivashka";"R";193;"BLR";28,5;63;"Hubert Hurkacz";"R";196;"POL";25,5;"6-4 4-6 7-6(5) 6-3";5;"R64";185;2;6;141;84;62;30;21;7;9;13;5;122;68;55;28;21;4;7;73;685;10;3355;6;4;7;6;NA;4;6;6;3;NA;2022-08-29;2022;"2022-560:193";1592;0;1,81017544111998;4,67807190511264;63;"Hubert Hurkacz";66;"Ilya Ivashka";4,67807190511264;1,81017544111998;2,86789646399266;25,5;28,5;-3;196;193;3;0,777777777777778;0,571428571428571;0,571428571428571;0,777777777777778;-0,206349206349206;7;9;4;7;3;2;2;3;-1;0;0;1
"868181";"2022-560";"US Open";"Hard";"128";"Grand Slams";197;22;"Marin Cilic";"R";198;"CRO";33,9;115;"Albert Ramos";"L";188;"ESP";34,6;"6-3 7-6(4) 6-3";5;"R64";159;16;7;114;66;56;21;17;4;6;0;4;93;60;38;17;14;8;12;17;2175;42;1070;6;7;6;NA;NA;3;6;3;NA;NA;2022-08-29;2022;"2022-560:197";1593;1;3,91253715874966;2,60768257722124;22;"Marin Cilic";115;"Albert Ramos";3,91253715874966;2,60768257722124;1,30485458152842;33,9;34,6;-0,700000000000003;198;188;10;0,666666666666667;0,666666666666667;0,666666666666667;0,666666666666667;0;12;6;8;4;4;2;4;2;2;0;0;1
"868182";"2022-560";"US Open";"Hard";"128";"Grand Slams";198;42;"Daniel Evans";"R";175;"GBR";32,2;38;"James Duckworth";"R";183;"AUS";30,6;"6-3 6-2 4-6 6-4";5;"R64";177;9;9;94;62;49;20;18;0;2;12;6;147;81;53;30;19;11;17;23;1510;83;632;6;6;4;6;NA;3;2;6;4;NA;2022-08-29;2022;"2022-560:198";1594;0;3,47643804394299;1,62496056865308;38;"James Duckworth";42;"Daniel Evans";1,62496056865308;3,47643804394299;-1,85147747528991;30,6;32,2;-1,6;183;175;8;0;0,647058823529412;0,647058823529412;0;0,647058823529412;17;2;11;0;6;2;2;6;-4;0;0;1
"868185";"2022-560";"US Open";"Hard";"128";"Grand Slams";201;105;"Cameron Norrie";"L";188;"GBR";27;130;"Joao Sousa";"R";185;"POR";33,4;"6-4 6-4 7-6(4)";5;"R64";147;7;2;107;69;51;22;17;6;7;2;1;94;51;39;23;16;5;8;9;3415;59;786;6;6;7;NA;NA;4;4;6;NA;NA;2022-08-29;2022;"2022-560:201";1595;1;4,83007499855769;2,11735695063816;105;"Cameron Norrie";130;"Joao Sousa";4,83007499855769;2,11735695063816;2,71271804791953;27;33,4;-6,4;188;185;3;0,857142857142857;0,625;0,857142857142857;0,625;0,232142857142857;8;7;5;6;3;1;3;1;2;0;0;1
"868187";"2022-560";"US Open";"Hard";"128";"Grand Slams";203;124;"Denis Shapovalov";"L";185;"CAN";23,3;17;"Roberto Carballes Baena";"R";183;"ESP";29,4;"6-4 4-6 6-3 6-2";5;"R64";168;11;13;111;65;56;22;19;3;5;1;5;108;57;38;30;18;8;13;21;1640;80;654;6;4;6;6;NA;4;6;3;2;NA;2022-08-29;2022;"2022-560:203";1596;0;3,60768257722124;1,67807190511264;17;"Roberto Carballes Baena";124;"Denis Shapovalov";1,67807190511264;3,60768257722124;-1,9296106721086;29,4;23,3;6,1;183;185;-2;0,6;0,615384615384615;0,615384615384615;0,6;0,0153846153846154;13;5;8;3;5;2;2;5;-3;0;0;1
"868188";"2022-560";"US Open";"Hard";"128";"Grand Slams";204;119;"Andrey Rublev";"R";188;"RUS";24,8;79;"Soon Woo Kwon";"R";180;"KOR";24,7;"6-3 6-0 6-4";5;"R64";103;12;5;84;47;39;16;13;1;2;3;2;73;39;27;11;12;0;6;11;3120;81;646;6;6;6;NA;NA;3;0;4;NA;NA;2022-08-29;2022;"2022-560:204";1597;0;4,5405683813627;1,66014999711538;79;"Soon Woo Kwon";119;"Andrey Rublev";1,66014999711538;4,5405683813627;-2,88041838424733;24,7;24,8;-0,100000000000001;180;188;-8;0,5;0;0;0,5;-0,5;6;2;0;1;6;1;1;6;-5;0;0;1
"868189";"2022-560";"US Open";"Hard";"128";"Grand Slams";205;122;"Diego Schwartzman";"R";170;"ARG";30;111;"Alexei Popyrin";"R";196;"AUS";23;"7-6(3) 7-5 7-6(6)";5;"R64";222;1;9;157;102;73;26;19;16;18;15;8;146;95;67;22;19;14;17;16;2200;84;629;7;7;7;NA;NA;6;5;6;NA;NA;2022-08-29;2022;"2022-560:205";1598;0;4;1,60768257722124;111;"Alexei Popyrin";122;"Diego Schwartzman";1,60768257722124;4;-2,39231742277876;23;30;-7;196;170;26;0,888888888888889;0,823529411764706;0,823529411764706;0,888888888888889;-0,065359477124183;17;18;14;16;3;2;2;3;-1;0;0;1
"868191";"2022-560";"US Open";"Hard";"128";"Grand Slams";207;51;"Richard Gasquet";"R";185;"FRA";36,1;71;"Miomir Kecmanovic";"R";183;"SRB";22,9;"6-2 6-4 4-6 6-4";5;"R64";167;9;10;132;74;56;24;19;6;10;7;6;126;78;52;20;19;5;12;91;583;36;1245;6;6;4;6;NA;2;4;6;4;NA;2022-08-29;2022;"2022-560:207";1599;1;1,4922053598013;2,83007499855769;51;"Richard Gasquet";71;"Miomir Kecmanovic";1,4922053598013;2,83007499855769;-1,33786963875638;36,1;22,9;13,2;185;183;2;0,6;0,416666666666667;0,6;0,416666666666667;0,183333333333333;12;10;5;6;7;4;7;4;3;0;0;1
"868192";"2022-560";"US Open";"Hard";"128";"Grand Slams";208;101;"Rafael Nadal";"L";185;"ESP";36,2;46;"Fabio Fognini";"R";178;"ITA";35,2;"2-6 6-4 6-2 6-1";5;"R64";163;4;2;87;53;36;16;17;4;10;1;9;99;61;32;14;16;5;14;3;5630;60;782;2;6;6;6;NA;6;4;2;1;NA;2022-08-29;2022;"2022-560:208";1600;0;6,41503749927884;2,09310940439148;46;"Fabio Fognini";101;"Rafael Nadal";2,09310940439148;6,41503749927884;-4,32192809488736;35,2;36,2;-1;178;185;-7;0,4;0,357142857142857;0,357142857142857;0,4;-0,0428571428571429;14;10;5;4;9;6;6;9;-3;0;0;1
"868195";"2022-560";"US Open";"Hard";"128";"Grand Slams";211;18;"Pablo Carreno Busta";"R";188;"ESP";31,1;30;"Alex De Minaur";"R";183;"AUS";23,5;"6-1 6-1 3-6 7-6(5)";5;"R32";179;8;1;106;71;56;20;18;3;4;9;10;134;78;52;27;18;5;10;15;2340;20;1665;6;6;3;7;NA;1;1;6;6;NA;2022-08-29;2022;"2022-560:211";1601;1;4,09310940439148;3,67807190511264;18;"Pablo Carreno Busta";30;"Alex De Minaur";4,09310940439148;3,67807190511264;0,415037499278844;31,1;23,5;7,6;188;183;5;0,75;0,5;0,75;0,5;0,25;10;4;5;3;5;1;5;1;4;0;0;1
"868198";"2022-560";"US Open";"Hard";"128";"Grand Slams";214;14;"Matteo Berrettini";"R";196;"ITA";26,3;100;"Andy Murray";"R";190;"GBR";35,2;"6-4 6-4 6-7(1) 6-3";5;"R32";227;18;1;131;90;67;21;21;2;4;4;5;122;65;44;31;21;10;15;14;2360;51;930;6;6;6;6;NA;4;4;7;3;NA;2022-08-29;2022;"2022-560:214";1602;1;4,1926450779424;2,3275746580285;14;"Matteo Berrettini";100;"Andy Murray";4,1926450779424;2,3275746580285;1,86507041991389;26,3;35,2;-8,9;196;190;6;0,5;0,666666666666667;0,5;0,666666666666667;-0,166666666666667;15;4;10;2;5;2;5;2;3;0;0;1
"868200";"2022-560";"US Open";"Hard";"128";"Grand Slams";216;120;"Casper Ruud";"R";183;"NOR";23,6;109;"Tommy Paul";"R";185;"USA";25,2;"7-6(3) 6-7(5) 7-6(2) 5-7 6-0";5;"R32";263;4;5;160;98;70;36;28;1;6;12;8;187;106;72;41;29;11;18;7;4695;34;1305;7;6;7;5;6;6;7;6;7;0;2022-08-29;2022;"2022-560:216";1603;0;5,1926450779424;2,91253715874966;109;"Tommy Paul";120;"Casper Ruud";2,91253715874966;5,1926450779424;-2,28010791919274;25,2;23,6;1,6;185;183;2;0,166666666666667;0,611111111111111;0,611111111111111;0,166666666666667;0,444444444444445;18;6;11;1;7;5;5;7;-2;0;0;1
"868203";"2022-560";"US Open";"Hard";"128";"Grand Slams";219;22;"Marin Cilic";"R";198;"CRO";33,9;42;"Daniel Evans";"R";175;"GBR";32,2;"7-6(11) 6-7(3) 6-2 7-5";5;"R32";239;26;9;139;78;64;33;24;7;9;4;6;143;84;61;30;22;6;11;17;2175;23;1510;7;6;6;7;NA;6;7;2;5;NA;2022-08-29;2022;"2022-560:219";1604;1;3,91253715874966;3,47643804394299;22;"Marin Cilic";42;"Daniel Evans";3,91253715874966;3,47643804394299;0,436099114806674;33,9;32,2;1,7;198;175;23;0,777777777777778;0,545454545454545;0,777777777777778;0,545454545454545;0,232323232323232;11;9;6;7;5;2;5;2;3;0;0;1
"868206";"2022-560";"US Open";"Hard";"128";"Grand Slams";222;119;"Andrey Rublev";"R";188;"RUS";24,8;124;"Denis Shapovalov";"L";185;"CAN";23,3;"6-4 2-6 6-7(3) 6-4 7-6(7)";5;"R32";248;9;4;191;120;89;33;26;13;17;23;8;176;98;77;38;28;5;9;11;3120;21;1640;6;2;6;6;7;4;6;7;4;6;2022-08-29;2022;"2022-560:222";1605;1;4,5405683813627;3,60768257722124;119;"Andrey Rublev";124;"Denis Shapovalov";4,5405683813627;3,60768257722124;0,932885804141463;24,8;23,3;1,5;188;185;3;0,764705882352941;0,555555555555556;0,764705882352941;0,555555555555556;0,209150326797386;9;17;5;13;4;4;4;4;0;0;0;1
"868207";"2022-560";"US Open";"Hard";"128";"Grand Slams";223;136;"Frances Tiafoe";"R";188;"USA";24,6;122;"Diego Schwartzman";"R";170;"ARG";30;"7-6(7) 6-4 6-4";5;"R32";182;9;3;111;53;34;29;17;4;10;3;5;108;75;40;13;16;10;18;26;1400;16;2200;7;6;6;NA;NA;6;4;4;NA;NA;2022-08-29;2022;"2022-560:223";1606;0;3,29956028185891;4;122;"Diego Schwartzman";136;"Frances Tiafoe";4;3,29956028185891;0,700439718141092;30;24,6;5,4;170;188;-18;0,4;0,555555555555556;0,555555555555556;0,4;0,155555555555556;18;10;10;4;8;6;6;8;-2;0;0;1
"868208";"2022-560";"US Open";"Hard";"128";"Grand Slams";224;101;"Rafael Nadal";"L";185;"ESP";36,2;51;"Richard Gasquet";"R";185;"FRA";36,1;"6-0 6-1 7-5";5;"R32";137;2;8;85;50;39;17;13;6;7;1;7;86;49;31;11;12;8;15;3;5630;91;583;6;6;7;NA;NA;0;1;5;NA;NA;2022-08-29;2022;"2022-560:224";1607;0;6,41503749927884;1,4922053598013;51;"Richard Gasquet";101;"Rafael Nadal";1,4922053598013;6,41503749927884;-4,92283213947754;36,1;36,2;-0,100000000000001;185;185;0;0,857142857142857;0,533333333333333;0,533333333333333;0,857142857142857;-0,323809523809524;15;7;8;6;7;1;1;7;-6;0;0;1
"868209";"2022-560";"US Open";"Hard";"128";"Grand Slams";225;80;"Nick Kyrgios";"R";193;"AUS";27,3;92;"Daniil Medvedev";"R";198;"RUS";26,5;"7-6(11) 3-6 6-3 6-2";5;"R16";173;21;7;120;85;64;16;20;5;8;22;2;127;75;56;23;19;2;7;25;1430;1;6885;7;3;6;6;NA;6;6;3;2;NA;2022-08-29;2022;"2022-560:225";1608;1;3,35614381022528;8;80;"Nick Kyrgios";92;"Daniil Medvedev";3,35614381022528;8;-4,64385618977472;27,3;26,5;0,800000000000001;193;198;-5;0,625;0,285714285714286;0,625;0,285714285714286;0,339285714285714;7;8;2;5;5;3;5;3;2;0;0;1
"868210";"2022-560";"US Open";"Hard";"128";"Grand Slams";226;72;"Karen Khachanov";"R";198;"RUS";26,2;18;"Pablo Carreno Busta";"R";188;"ESP";31,1;"4-6 6-3 6-1 4-6 6-3";5;"R16";201;11;6;122;69;54;35;23;0;2;9;6;139;87;62;26;22;10;15;31;1315;15;2340;4;6;6;4;6;6;3;1;6;3;2022-08-29;2022;"2022-560:226";1609;0;3,04580368961313;4,09310940439148;18;"Pablo Carreno Busta";72;"Karen Khachanov";4,09310940439148;3,04580368961313;1,04730571477836;31,1;26,2;4,9;188;198;-10;0;0,666666666666667;0,666666666666667;0;0,666666666666667;15;2;10;0;5;2;2;5;-3;0;0;1
"868211";"2022-560";"US Open";"Hard";"128";"Grand Slams";227;14;"Matteo Berrettini";"R";196;"ITA";26,3;28;"Alejandro Davidovich Fokina";"R";183;"ESP";23,2;"3-6 7-6(2) 6-3 4-6 6-2";5;"R16";226;18;3;135;73;61;34;24;9;13;4;6;146;97;67;26;25;4;10;14;2360;39;1210;3;7;6;4;6;6;6;3;6;2;2022-08-29;2022;"2022-560:227";1610;1;4,1926450779424;2,71459778113775;14;"Matteo Berrettini";28;"Alejandro Davidovich Fokina";4,1926450779424;2,71459778113775;1,47804729680464;26,3;23,2;3,1;196;183;13;0,692307692307692;0,4;0,692307692307692;0,4;0,292307692307692;10;13;4;9;6;4;6;4;2;0;0;1
"868212";"2022-560";"US Open";"Hard";"128";"Grand Slams";228;120;"Casper Ruud";"R";183;"NOR";23,6;98;"Corentin Moutet";"L";178;"FRA";23,3;"6-1 6-2 6-7(4) 6-2";5;"R16";200;5;4;120;83;60;22;19;5;6;4;1;117;74;43;25;17;10;17;7;4695;112;484;6;6;6;6;NA;1;2;7;2;NA;2022-08-29;2022;"2022-560:228";1611;0;5,1926450779424;1,1926450779424;98;"Corentin Moutet";120;"Casper Ruud";1,1926450779424;5,1926450779424;-4;23,3;23,6;-0,300000000000001;178;183;-5;0,833333333333333;0,588235294117647;0,588235294117647;0,833333333333333;-0,245098039215686;17;6;10;5;7;1;1;7;-6;0;0;1
"868213";"2022-560";"US Open";"Hard";"128";"Grand Slams";229;126;"Jannik Sinner";"R";188;"ITA";21;66;"Ilya Ivashka";"R";193;"BLR";28,5;"6-1 5-7 6-2 4-6 6-3";5;"R16";228;5;14;134;62;45;35;23;6;14;5;13;166;102;62;21;23;14;26;13;3020;73;685;6;5;6;4;6;1;7;2;6;3;2022-08-29;2022;"2022-560:229";1612;0;4,29956028185891;1,81017544111998;66;"Ilya Ivashka";126;"Jannik Sinner";1,81017544111998;4,29956028185891;-2,48938484073892;28,5;21;7,5;193;188;5;0,428571428571429;0,538461538461538;0,538461538461538;0,428571428571429;0,10989010989011;26;14;14;6;12;8;8;12;-4;0;0;1
"868214";"2022-560";"US Open";"Hard";"128";"Grand Slams";230;2;"Carlos Alcaraz";"R";185;"ESP";19,3;22;"Marin Cilic";"R";198;"CRO";33,9;"6-4 3-6 6-4 4-6 6-3";5;"R16";234;3;4;143;103;64;24;24;4;9;14;13;142;73;54;33;24;12;18;4;5100;17;2175;6;3;6;4;6;4;6;4;6;3;2022-08-29;2022;"2022-560:230";1613;1;6;3,91253715874966;2;"Carlos Alcaraz";22;"Marin Cilic";6;3,91253715874966;2,08746284125034;19,3;33,9;-14,6;185;198;-13;0,444444444444444;0,666666666666667;0,444444444444444;0,666666666666667;-0,222222222222222;18;9;12;4;6;5;6;5;1;0;0;1
"868215";"2022-560";"US Open";"Hard";"128";"Grand Slams";231;119;"Andrey Rublev";"R";188;"RUS";24,8;105;"Cameron Norrie";"L";188;"GBR";27;"6-4 6-4 6-4";5;"R16";146;11;4;88;59;47;16;15;1;2;7;3;88;50;39;14;15;4;8;11;3120;9;3415;6;6;6;NA;NA;4;4;4;NA;NA;2022-08-29;2022;"2022-560:231";1614;0;4,5405683813627;4,83007499855769;105;"Cameron Norrie";119;"Andrey Rublev";4,83007499855769;4,5405683813627;0,289506617194985;27;24,8;2,2;188;188;0;0,5;0,5;0,5;0,5;0;8;2;4;1;4;1;1;4;-3;0;0;1
"868216";"2022-560";"US Open";"Hard";"128";"Grand Slams";232;136;"Frances Tiafoe";"R";188;"USA";24,6;101;"Rafael Nadal";"L";185;"ESP";36,2;"6-4 4-6 6-4 6-3";5;"R16";214;18;4;116;58;44;35;19;4;6;9;9;114;60;43;30;20;3;8;26;1400;3;5630;6;4;6;6;NA;4;6;4;3;NA;2022-08-29;2022;"2022-560:232";1615;0;3,29956028185891;6,41503749927884;101;"Rafael Nadal";136;"Frances Tiafoe";6,41503749927884;3,29956028185891;3,11547721741994;36,2;24,6;11,6;185;188;-3;0,666666666666667;0,375;0,375;0,666666666666667;-0,291666666666667;8;6;3;4;5;2;2;5;-3;0;0;1
"868217";"2022-560";"US Open";"Hard";"128";"Grand Slams";233;72;"Karen Khachanov";"R";198;"RUS";26,2;80;"Nick Kyrgios";"R";193;"AUS";27,3;"7-5 4-6 7-5 6-7(3) 6-4";5;"QF";219;30;3;166;99;76;43;28;7;9;31;5;160;115;91;21;29;4;8;31;1315;25;1430;7;4;7;6;6;5;6;5;7;4;2022-08-29;2022;"2022-560:233";1616;1;3,04580368961313;3,35614381022528;72;"Karen Khachanov";80;"Nick Kyrgios";3,04580368961313;3,35614381022528;-0,310340120612151;26,2;27,3;-1,1;198;193;5;0,777777777777778;0,5;0,777777777777778;0,5;0,277777777777778;8;9;4;7;4;2;4;2;2;0;0;1
"868218";"2022-560";"US Open";"Hard";"128";"Grand Slams";234;120;"Casper Ruud";"R";183;"NOR";23,6;14;"Matteo Berrettini";"R";196;"ITA";26,3;"6-1 6-4 7-6(4)";5;"QF";156;0;2;97;63;47;17;16;7;9;13;3;98;59;38;18;14;9;14;7;4695;14;2360;6;6;7;NA;NA;1;4;6;NA;NA;2022-08-29;2022;"2022-560:234";1617;0;5,1926450779424;4,1926450779424;14;"Matteo Berrettini";120;"Casper Ruud";4,1926450779424;5,1926450779424;-1;26,3;23,6;2,7;196;183;13;0,777777777777778;0,642857142857143;0,642857142857143;0,777777777777778;-0,134920634920635;14;9;9;7;5;2;2;5;-3;0;0;1
"868219";"2022-560";"US Open";"Hard";"128";"Grand Slams";235;2;"Carlos Alcaraz";"R";185;"ESP";19,3;126;"Jannik Sinner";"R";188;"ITA";21;"6-3 6-7(7) 6-7(0) 7-5 6-3";5;"QF";315;5;5;169;110;69;35;29;9;16;8;11;213;117;75;43;27;15;26;4;5100;13;3020;6;6;6;7;6;3;7;7;5;3;2022-08-29;2022;"2022-560:235";1618;1;6;4,29956028185891;2;"Carlos Alcaraz";126;"Jannik Sinner";6;4,29956028185891;1,70043971814109;19,3;21;-1,7;185;188;-3;0,5625;0,576923076923077;0,5625;0,576923076923077;-0,0144230769230769;26;16;15;9;11;7;11;7;4;0;0;1
"868220";"2022-560";"US Open";"Hard";"128";"Grand Slams";236;136;"Frances Tiafoe";"R";188;"USA";24,6;119;"Andrey Rublev";"R";188;"RUS";24,8;"7-6(3) 7-6(0) 6-4";5;"QF";156;18;3;112;56;49;35;18;4;4;14;1;109;60;46;26;18;3;4;26;1400;11;3120;7;7;6;NA;NA;6;6;4;NA;NA;2022-08-29;2022;"2022-560:236";1619;0;3,29956028185891;4,5405683813627;119;"Andrey Rublev";136;"Frances Tiafoe";4,5405683813627;3,29956028185891;1,24100809950379;24,8;24,6;0,199999999999999;188;188;0;1;0,75;0,75;1;-0,25;4;4;3;4;1;0;0;1;-1;0;0;1
"868221";"2022-560";"US Open";"Hard";"128";"Grand Slams";237;120;"Casper Ruud";"R";183;"NOR";23,6;72;"Karen Khachanov";"R";198;"RUS";26,2;"7-6(5) 6-2 5-7 6-2";5;"SF";180;10;1;108;69;57;23;21;2;5;15;3;124;84;57;19;20;7;13;7;4695;31;1315;7;6;5;6;NA;6;2;7;2;NA;2022-08-29;2022;"2022-560:237";1620;0;5,1926450779424;3,04580368961313;72;"Karen Khachanov";120;"Casper Ruud";3,04580368961313;5,1926450779424;-2,14684138832927;26,2;23,6;2,6;198;183;15;0,4;0,538461538461538;0,538461538461538;0,4;0,138461538461538;13;5;7;2;6;3;3;6;-3;0;0;1
"868222";"2022-560";"US Open";"Hard";"128";"Grand Slams";238;2;"Carlos Alcaraz";"R";185;"ESP";19,3;136;"Frances Tiafoe";"R";188;"USA";24,6;"6-7(6) 6-3 6-1 6-7(5) 6-3";5;"SF";259;6;3;150;105;78;27;26;4;7;15;6;163;76;54;43;25;11;20;4;5100;26;1400;6;6;6;6;6;7;3;1;7;3;2022-08-29;2022;"2022-560:238";1621;1;6;3,29956028185891;2;"Carlos Alcaraz";136;"Frances Tiafoe";6;3,29956028185891;2,70043971814109;19,3;24,6;-5,3;185;188;-3;0,571428571428571;0,55;0,571428571428571;0,55;0,0214285714285714;20;7;11;4;9;3;9;3;6;0;0;1
"868223";"2022-560";"US Open";"Hard";"128";"Grand Slams";239;2;"Carlos Alcaraz";"R";185;"ESP";19,3;120;"Casper Ruud";"R";183;"NOR";23,6;"6-4 2-6 7-6(1) 6-3";5;"F";200;14;3;132;85;63;24;20;7;10;4;2;117;71;47;30;20;8;11;4;5100;7;4695;6;2;7;6;NA;4;6;6;3;NA;2022-08-29;2022;"2022-560:239";1622;1;6;5,1926450779424;2;"Carlos Alcaraz";120;"Casper Ruud";6;5,1926450779424;0,807354922057604;19,3;23,6;-4,3;185;183;2;0,7;0,727272727272727;0,7;0,727272727272727;-0,0272727272727273;11;10;8;7;3;3;3;3;0;0;0;1
