"";"tourney_id";"tourney_name";"surface";"draw_size";"tourney_level";"match_num";"winner_id";"winner_name";"winner_hand";"winner_ht";"winner_ioc";"winner_age";"loser_id";"loser_name";"loser_hand";"loser_ht";"loser_ioc";"loser_age";"score";"best_of";"round";"minutes";"w_ace";"w_df";"w_svpt";"w_1stIn";"w_1stWon";"w_2ndWon";"w_SvGms";"w_bpSaved";"w_bpFaced";"l_ace";"l_df";"l_svpt";"l_1stIn";"l_1stWon";"l_2ndWon";"l_SvGms";"l_bpSaved";"l_bpFaced";"winner_rank";"winner_rank_points";"loser_rank";"loser_rank_points";"W1";"W2";"W3";"W4";"W5";"L1";"L2";"L3";"L4";"L5";"tourney_start_date";"year";"match_id";"Time";"y";"transformed_winner_rank";"transformed_loser_rank";"player_i_id";"player_i_name";"player_j_id";"player_j_name";"transformed_rank_i";"transformed_rank_j";"diff_transformed_rank";"age_i";"age_j";"diff_age";"height_i";"height_j";"diff_height";"w_bp_saved_ratio";"l_bp_saved_ratio";"bp_saved_ratio_i";"bp_saved_ratio_j";"diff_bp_saved_ratio";"w_bp_chances";"l_bp_chances";"w_bp_lost";"l_bp_lost";"w_bp_won";"l_bp_won";"bp_won_i";"bp_won_j";"diff_bp_won";"I_grass";"I_clay";"I_hard"
"367017";"2003-540";"Wimbledon";"Grass";"128";"Grand Slams";227;16;"Roger Federer";"R";185;"SUI";21,8;32;"Feliciano Lopez";"L";188;"ESP";21,7;"7-6(5) 6-4 6-4";5;"R16";126;9;2;104;69;48;17;16;3;6;13;3;127;80;51;24;16;13;18;5;2580;52;723;7;6;6;NA;NA;6;4;4;NA;NA;2003-06-23;2003;"2003-540:227";1;1;5,67807190511264;2,29956028185891;16;"Roger Federer";32;"Feliciano Lopez";5,67807190511264;2,29956028185891;3,37851162325373;21,8;21,7;0,100000000000001;185;188;-3;0,5;0,722222222222222;0,5;0,722222222222222;-0,222222222222222;18;6;13;3;5;3;5;3;2;1;0;0
"367027";"2003-540";"Wimbledon";"Grass";"128";"Grand Slams";237;16;"Roger Federer";"R";185;"SUI";21,8;44;"Andy Roddick";"R";188;"USA";20,8;"7-6(6) 6-3 6-3";5;"SF";103;17;0;84;51;42;25;15;2;2;4;0;99;57;42;21;15;5;8;5;2580;6;2390;7;6;6;NA;NA;6;3;3;NA;NA;2003-06-23;2003;"2003-540:237";2;1;5,67807190511264;5,41503749927884;16;"Roger Federer";44;"Andy Roddick";5,67807190511264;5,41503749927884;0,263034405833794;21,8;20,8;1;185;188;-3;1;0,625;1;0,625;0,375;8;2;5;2;3;0;3;0;3;1;0;0
"388063";"2004-540";"Wimbledon";"Grass";"128";"Grand Slams";239;16;"Roger Federer";"R";185;"SUI";22,8;44;"Andy Roddick";"R";188;"USA";21,8;"4-6 7-5 7-6(3) 6-4";5;"F";151;12;3;154;95;64;34;22;10;14;11;5;133;81;60;21;22;5;10;1;5610;2;4695;4;7;7;6;NA;6;5;6;4;NA;2004-06-21;2004;"2004-540:239";3;1;8;7;16;"Roger Federer";44;"Andy Roddick";8;7;1;22,8;21,8;1;185;188;-3;0,714285714285714;0,5;0,714285714285714;0,5;0,214285714285714;10;14;5;10;5;4;5;4;1;1;0;0
"411444";"2005-540";"Wimbledon";"Grass";"128";"Grand Slams";157;20;"Richard Gasquet";"R";185;"FRA";19;27;"Philipp Kohlschreiber";"R";178;"GER";21,6;"6-3 3-6 6-3 6-2";5;"R128";126;12;3;110;76;54;18;18;3;6;8;5;110;69;46;16;17;7;13;20;1340;61;630;6;3;6;6;NA;3;6;3;2;NA;2005-06-20;2005;"2005-540:157";4;1;3,67807190511264;2,06926266243711;20;"Richard Gasquet";27;"Philipp Kohlschreiber";3,67807190511264;2,06926266243711;1,60880924267552;19;21,6;-2,6;185;178;7;0,5;0,538461538461538;0,5;0,538461538461538;-0,0384615384615384;13;6;7;3;6;3;6;3;3;1;0;0
"411526";"2005-540";"Wimbledon";"Grass";"128";"Grand Slams";239;16;"Roger Federer";"R";185;"SUI";23,8;44;"Andy Roddick";"R";188;"USA";22,8;"6-2 7-6(2) 6-4";5;"F";101;12;0;79;49;40;22;15;1;2;7;1;96;68;46;11;15;5;9;1;6980;4;3590;6;7;6;NA;NA;2;6;4;NA;NA;2005-06-20;2005;"2005-540:239";5;1;8;6;16;"Roger Federer";44;"Andy Roddick";8;6;2;23,8;22,8;1;185;188;-3;0,5;0,555555555555556;0,5;0,555555555555556;-0,0555555555555556;9;2;5;1;4;1;4;1;3;1;0;0
"436164";"2006-540";"Wimbledon";"Grass";"128";"Grand Slams";113;16;"Roger Federer";"R";185;"SUI";24,8;20;"Richard Gasquet";"R";185;"FRA";20;"6-3 6-2 6-2";5;"R128";74;5;1;70;47;40;15;13;1;1;2;1;69;54;30;8;12;2;7;1;7260;50;760;6;6;6;NA;NA;3;2;2;NA;NA;2006-06-26;2006;"2006-540:113";6;1;8;2,35614381022528;16;"Roger Federer";20;"Richard Gasquet";8;2,35614381022528;5,64385618977472;24,8;20;4,8;185;185;0;1;0,285714285714286;1;0,285714285714286;0,714285714285714;7;1;2;1;5;0;5;0;5;1;0;0
"436262";"2006-540";"Wimbledon";"Grass";"128";"Grand Slams";211;14;"Novak Djokovic";"R";188;"SRB";19;55;"Mikhail Youzhny";"R";183;"RUS";24;"4-6 6-2 6-3 6-3";5;"R32";156;7;3;111;71;56;22;18;4;5;6;2;98;63;41;20;18;1;6;39;841;41;830;4;6;6;6;NA;6;2;3;3;NA;2006-06-26;2006;"2006-540:211";7;1;2,71459778113775;2,64244799538192;14;"Novak Djokovic";55;"Mikhail Youzhny";2,71459778113775;2,64244799538192;0,0721497857558351;19;24;-5;188;183;5;0,8;0,166666666666667;0,8;0,166666666666667;0,633333333333333;6;5;1;4;5;1;5;1;4;1;0;0
"436271";"2006-540";"Wimbledon";"Grass";"128";"Grand Slams";220;36;"Andy Murray";"R";190;"GBR";19,1;44;"Andy Roddick";"R";188;"USA";23,8;"7-6(4) 6-4 6-4";5;"R32";151;6;1;115;61;45;34;16;11;12;21;3;113;78;57;14;16;9;12;44;826;5;2430;7;6;6;NA;NA;6;4;4;NA;NA;2006-06-26;2006;"2006-540:220";8;1;2,5405683813627;5,67807190511264;36;"Andy Murray";44;"Andy Roddick";2,5405683813627;5,67807190511264;-3,13750352374994;19,1;23,8;-4,7;190;188;2;0,916666666666667;0,75;0,916666666666667;0,75;0,166666666666667;12;12;9;11;3;1;3;1;2;1;0;0
"436276";"2006-540";"Wimbledon";"Grass";"128";"Grand Slams";225;16;"Roger Federer";"R";185;"SUI";24,8;8;"Tomas Berdych";"R";196;"CZE";20,7;"6-3 6-3 6-4";5;"R16";83;21;1;72;49;41;17;14;1;1;1;3;84;57;36;13;14;3;7;1;7260;14;1635;6;6;6;NA;NA;3;3;4;NA;NA;2006-06-26;2006;"2006-540:225";9;0;8;4,1926450779424;8;"Tomas Berdych";16;"Roger Federer";4,1926450779424;8;-3,8073549220576;20,7;24,8;-4,1;196;185;11;1;0,428571428571429;0,428571428571429;1;-0,571428571428571;7;1;3;1;4;0;0;4;-4;1;0;0
"436281";"2006-540";"Wimbledon";"Grass";"128";"Grand Slams";230;3;"Marcos Baghdatis";"R";183;"CYP";21;36;"Andy Murray";"R";190;"GBR";19,1;"6-3 6-4 7-6(2)";5;"R16";113;7;1;92;60;47;21;16;3;4;8;7;91;48;36;20;15;2;5;16;1494;44;826;6;6;7;NA;NA;3;4;6;NA;NA;2006-06-26;2006;"2006-540:230";10;1;4;2,5405683813627;3;"Marcos Baghdatis";36;"Andy Murray";4;2,5405683813627;1,4594316186373;21;19,1;1,9;183;190;-7;0,75;0,4;0,75;0,4;0,35;5;4;2;3;3;1;3;1;2;1;0;0
"436289";"2006-540";"Wimbledon";"Grass";"128";"Grand Slams";238;37;"Rafael Nadal";"L";185;"ESP";20;3;"Marcos Baghdatis";"R";183;"CYP";21;"6-1 7-5 6-3";5;"SF";147;4;0;103;75;52;16;14;9;9;3;2;89;49;32;19;14;6;11;2;4545;16;1494;6;7;6;NA;NA;1;5;3;NA;NA;2006-06-26;2006;"2006-540:238";11;0;7;4;3;"Marcos Baghdatis";37;"Rafael Nadal";4;7;-3;21;20;1;183;185;-2;1;0,545454545454545;0,545454545454545;1;-0,454545454545455;11;9;6;9;5;0;0;5;-5;1;0;0
"436290";"2006-540";"Wimbledon";"Grass";"128";"Grand Slams";239;16;"Roger Federer";"R";185;"SUI";24,8;37;"Rafael Nadal";"L";185;"ESP";20;"6-0 7-6(5) 6-7(2) 6-3";5;"F";178;13;1;119;83;64;20;20;1;3;9;3;127;94;64;14;19;4;10;1;7260;2;4545;6;7;6;6;NA;0;6;7;3;NA;2006-06-26;2006;"2006-540:239";12;1;8;7;16;"Roger Federer";37;"Rafael Nadal";8;7;1;24,8;20;4,8;185;185;0;0,333333333333333;0,4;0,333333333333333;0,4;-0,0666666666666667;10;3;4;1;6;2;6;2;4;1;0;0
"460542";"2007-540";"Wimbledon";"Grass";"128";"Grand Slams";170;48;"Gilles Simon";"R";183;"FRA";22,4;11;"Marin Cilic";"R";198;"CRO";18,7;"3-6 7-5 6-4 4-6 6-3";5;"R128";200;5;1;173;105;75;34;25;9;12;14;10;150;81;65;34;25;4;8;55;625;101;425;3;7;6;4;6;6;5;4;6;3;2007-06-25;2007;"2007-540:170";13;0;2,21864028647534;1,34178851724821;11;"Marin Cilic";48;"Gilles Simon";1,34178851724821;2,21864028647534;-0,876851769227135;18,7;22,4;-3,7;198;183;15;0,75;0,5;0,5;0,75;-0,25;8;12;4;9;4;3;3;4;-1;1;0;0
"460600";"2007-540";"Wimbledon";"Grass";"128";"Grand Slams";228;20;"Richard Gasquet";"R";185;"FRA";21;52;"Jo-Wilfried Tsonga";"R";188;"FRA";22,1;"6-4 6-3 6-4";5;"R16";102;3;1;75;45;36;20;15;2;4;10;3;92;58;39;12;14;1;6;14;1775;110;373;6;6;6;NA;NA;4;3;4;NA;NA;2007-06-25;2007;"2007-540:228";14;1;4,1926450779424;1,21864028647534;20;"Richard Gasquet";52;"Jo-Wilfried Tsonga";4,1926450779424;1,21864028647534;2,97400479146706;21;22,1;-1,1;185;188;-3;0,5;0,166666666666667;0,5;0,166666666666667;0,333333333333333;6;4;1;2;5;2;5;2;3;1;0;0
"460604";"2007-540";"Wimbledon";"Grass";"128";"Grand Slams";232;37;"Rafael Nadal";"L";185;"ESP";21;55;"Mikhail Youzhny";"R";183;"RUS";24,9;"4-6 3-6 6-1 6-2 6-2";5;"R16";185;11;3;115;84;64;19;21;2;4;6;6;139;88;62;21;21;4;10;2;5225;13;1800;4;3;6;6;6;6;6;1;2;2;2007-06-25;2007;"2007-540:232";15;1;7;4,29956028185891;37;"Rafael Nadal";55;"Mikhail Youzhny";7;4,29956028185891;2,70043971814109;21;24,9;-3,9;185;183;2;0,5;0,4;0,5;0,4;0,1;10;4;4;2;6;2;6;2;4;1;0;0
"460606";"2007-540";"Wimbledon";"Grass";"128";"Grand Slams";234;20;"Richard Gasquet";"R";185;"FRA";21;44;"Andy Roddick";"R";188;"USA";24,8;"4-6 4-6 7-6(2) 7-6(3) 8-6";5;"QF";214;23;4;179;116;90;41;29;7;10;22;4;170;107;86;33;29;4;6;14;1775;3;3055;4;4;7;7;8;6;6;6;6;6;2007-06-25;2007;"2007-540:234";16;1;4,1926450779424;6,41503749927884;20;"Richard Gasquet";44;"Andy Roddick";4,1926450779424;6,41503749927884;-2,22239242133645;21;24,8;-3,8;185;188;-3;0,7;0,666666666666667;0,7;0,666666666666667;0,0333333333333333;6;10;4;7;2;3;2;3;-1;1;0;0
"460607";"2007-540";"Wimbledon";"Grass";"128";"Grand Slams";235;14;"Novak Djokovic";"R";188;"SRB";20;3;"Marcos Baghdatis";"R";183;"CYP";22;"7-6(4) 7-6(9) 6-7(3) 4-6 7-5";5;"QF";300;12;4;188;131;95;30;29;3;8;6;8;225;113;82;58;29;12;17;5;3010;16;1570;7;7;6;4;7;6;6;7;6;5;2007-06-25;2007;"2007-540:235";17;0;5,67807190511264;4;3;"Marcos Baghdatis";14;"Novak Djokovic";4;5,67807190511264;-1,67807190511264;22;20;2;183;188;-5;0,375;0,705882352941177;0,705882352941177;0,375;0,330882352941177;17;8;12;3;5;5;5;5;0;1;0;0
"460608";"2007-540";"Wimbledon";"Grass";"128";"Grand Slams";236;37;"Rafael Nadal";"L";185;"ESP";21;8;"Tomas Berdych";"R";196;"CZE";21,7;"7-6(1) 6-4 6-2";5;"QF";127;6;2;93;72;51;16;15;4;5;11;2;91;53;36;17;15;5;9;2;5225;11;1945;7;6;6;NA;NA;6;4;2;NA;NA;2007-06-25;2007;"2007-540:236";18;0;7;4,5405683813627;8;"Tomas Berdych";37;"Rafael Nadal";4,5405683813627;7;-2,4594316186373;21,7;21;0,699999999999999;196;185;11;0,8;0,555555555555556;0,555555555555556;0,8;-0,244444444444444;9;5;5;4;4;1;1;4;-3;1;0;0
"460609";"2007-540";"Wimbledon";"Grass";"128";"Grand Slams";237;16;"Roger Federer";"R";185;"SUI";25,8;20;"Richard Gasquet";"R";185;"FRA";21;"7-5 6-3 6-4";5;"SF";104;20;0;90;64;50;17;16;3;3;4;1;89;56;37;20;15;1;4;1;7290;14;1775;7;6;6;NA;NA;5;3;4;NA;NA;2007-06-25;2007;"2007-540:237";19;1;8;4,1926450779424;16;"Roger Federer";20;"Richard Gasquet";8;4,1926450779424;3,8073549220576;25,8;21;4,8;185;185;0;1;0,25;1;0,25;0,75;4;3;1;3;3;0;3;0;3;1;0;0
"460611";"2007-540";"Wimbledon";"Grass";"128";"Grand Slams";239;16;"Roger Federer";"R";185;"SUI";25,8;37;"Rafael Nadal";"L";185;"ESP";21;"7-6(7) 4-6 7-6(3) 2-6 6-2";5;"F";225;24;3;156;111;79;28;25;7;11;1;2;167;118;81;28;25;5;8;1;7290;2;5225;7;4;7;2;6;6;6;6;6;2;2007-06-25;2007;"2007-540:239";20;1;8;7;16;"Roger Federer";37;"Rafael Nadal";8;7;1;25,8;21;4,8;185;185;0;0,636363636363636;0,625;0,636363636363636;0,625;0,0113636363636364;8;11;5;7;3;4;3;4;-1;1;0;0
"486646";"2008-540";"Wimbledon";"Grass";"128";"Grand Slams";221;20;"Richard Gasquet";"R";185;"FRA";22;48;"Gilles Simon";"R";183;"FRA";23,4;"6-3 6-3 6-7(3) 6-3";5;"R32";151;14;2;133;83;60;23;20;2;6;5;3;123;75;44;23;19;2;10;10;1610;29;1030;6;6;6;6;NA;3;3;7;3;NA;2008-06-23;2008;"2008-540:221";21;1;4,67807190511264;3,14201900487243;20;"Richard Gasquet";48;"Gilles Simon";4,67807190511264;3,14201900487243;1,53605290024021;22;23,4;-1,4;185;183;2;0,333333333333333;0,2;0,333333333333333;0,2;0,133333333333333;10;6;2;2;8;4;8;4;4;1;0;0
"486656";"2008-540";"Wimbledon";"Grass";"128";"Grand Slams";231;36;"Andy Murray";"R";190;"GBR";21,1;20;"Richard Gasquet";"R";185;"FRA";22;"5-7 3-6 7-6(3) 6-2 6-4";5;"R16";238;15;6;187;103;78;43;25;15;18;12;6;188;114;85;32;26;11;15;11;1555;10;1610;5;3;7;6;6;7;6;6;2;4;2008-06-23;2008;"2008-540:231";22;0;4,5405683813627;4,67807190511264;20;"Richard Gasquet";36;"Andy Murray";4,67807190511264;4,5405683813627;0,137503523749936;22;21,1;0,899999999999999;185;190;-5;0,833333333333333;0,733333333333333;0,733333333333333;0,833333333333333;-0,1;15;18;11;15;4;3;3;4;-1;1;0;0
"486657";"2008-540";"Wimbledon";"Grass";"128";"Grand Slams";232;37;"Rafael Nadal";"L";185;"ESP";22;55;"Mikhail Youzhny";"R";183;"RUS";25,9;"6-3 6-3 6-1";5;"R16";131;3;1;70;49;38;13;13;3;4;4;5;95;60;35;12;12;10;16;2;5755;17;1305;6;6;6;NA;NA;3;3;1;NA;NA;2008-06-23;2008;"2008-540:232";23;1;7;3,91253715874966;37;"Rafael Nadal";55;"Mikhail Youzhny";7;3,91253715874966;3,08746284125034;22;25,9;-3,9;185;183;2;0,75;0,625;0,75;0,625;0,125;16;4;10;3;6;1;6;1;5;1;0;0
"486661";"2008-540";"Wimbledon";"Grass";"128";"Grand Slams";236;37;"Rafael Nadal";"L";185;"ESP";22;36;"Andy Murray";"R";190;"GBR";21,1;"6-3 6-2 6-4";5;"QF";115;4;1;66;41;36;20;14;0;0;5;2;91;46;31;18;13;6;10;2;5755;11;1555;6;6;6;NA;NA;3;2;4;NA;NA;2008-06-23;2008;"2008-540:236";24;0;7;4,5405683813627;36;"Andy Murray";37;"Rafael Nadal";4,5405683813627;7;-2,4594316186373;21,1;22;-0,899999999999999;190;185;5;1,5;0,6;0,6;1,5;-0,9;10;0;6;0;4;0;0;4;-4;1;0;0
"486664";"2008-540";"Wimbledon";"Grass";"128";"Grand Slams";239;37;"Rafael Nadal";"L";185;"ESP";22;16;"Roger Federer";"R";185;"SUI";26,8;"6-4 6-4 6-7(5) 6-7(8) 9-7";5;"F";288;6;3;218;160;111;34;30;12;13;25;2;195;127;92;39;30;9;13;2;5755;1;6900;6;6;6;6;9;4;4;7;7;7;2008-06-23;2008;"2008-540:239";25;0;7;8;16;"Roger Federer";37;"Rafael Nadal";8;7;1;26,8;22;4,8;185;185;0;0,923076923076923;0,692307692307692;0,692307692307692;0,923076923076923;-0,230769230769231;13;13;9;12;4;1;1;4;-3;1;0;0
"512559";"2009-540";"Wimbledon";"Grass";"128";"Grand Slams";128;44;"Andy Roddick";"R";188;"USA";26,8;10;"Jeremy Chardy";"R";188;"FRA";22,3;"6-3 7-6(3) 4-6 6-3";5;"R128";132;21;1;106;76;68;18;21;1;3;14;6;120;63;51;29;19;7;10;6;4310;41;1187;6;7;4;6;NA;3;6;6;3;NA;2009-06-22;2009;"2009-540:128";26;0;5,41503749927884;2,64244799538192;10;"Jeremy Chardy";44;"Andy Roddick";2,64244799538192;5,41503749927884;-2,77258950389693;22,3;26,8;-4,5;188;188;0;0,333333333333333;0,7;0,7;0,333333333333333;0,366666666666667;10;3;7;1;3;2;2;3;-1;1;0;0
"512627";"2009-540";"Wimbledon";"Grass";"128";"Grand Slams";196;11;"Marin Cilic";"R";198;"CRO";20,7;42;"Sam Querrey";"R";198;"USA";21,7;"4-6 7-6(3) 6-3 6-7(4) 6-4";5;"R64";204;13;9;185;108;83;42;27;12;15;24;3;154;107;83;24;26;3;7;13;2710;47;1140;4;7;6;6;6;6;6;3;7;4;2009-06-22;2009;"2009-540:196";27;1;4,29956028185891;2,44541114832236;11;"Marin Cilic";42;"Sam Querrey";4,29956028185891;2,44541114832236;1,85414913353654;20,7;21,7;-1;198;198;0;0,8;0,428571428571429;0,8;0,428571428571429;0,371428571428571;7;15;3;12;4;3;4;3;1;1;0;0
"512655";"2009-540";"Wimbledon";"Grass";"128";"Grand Slams";224;16;"Roger Federer";"R";185;"SUI";27,8;27;"Philipp Kohlschreiber";"R";178;"GER";25,6;"6-3 6-2 6-7(5) 6-1";5;"R32";151;15;2;126;87;66;20;19;5;7;5;4;126;81;50;20;17;15;22;2;10620;32;1540;6;6;6;6;NA;3;2;7;1;NA;2009-06-22;2009;"2009-540:224";28;1;7;3;16;"Roger Federer";27;"Philipp Kohlschreiber";7;3;4;27,8;25,6;2,2;185;178;7;0,714285714285714;0,681818181818182;0,714285714285714;0,681818181818182;0,0324675324675325;22;7;15;5;7;2;7;2;5;1;0;0
"512658";"2009-540";"Wimbledon";"Grass";"128";"Grand Slams";227;36;"Andy Murray";"R";190;"GBR";22,1;54;"Stan Wawrinka";"R";183;"SUI";24,2;"2-6 6-3 6-3 5-7 6-3";5;"R16";237;8;4;150;82;61;38;24;10;14;17;3;162;104;67;29;23;6;11;3;9230;18;2195;2;6;6;5;6;6;3;3;7;3;2009-06-22;2009;"2009-540:227";29;1;6,41503749927884;3,83007499855769;36;"Andy Murray";54;"Stan Wawrinka";6,41503749927884;3,83007499855769;2,58496250072116;22,1;24,2;-2,1;190;183;7;0,714285714285714;0,545454545454545;0,714285714285714;0,545454545454545;0,168831168831169;11;14;6;10;5;4;5;4;1;1;0;0
"512668";"2009-540";"Wimbledon";"Grass";"128";"Grand Slams";237;44;"Andy Roddick";"R";188;"USA";26,8;36;"Andy Murray";"R";190;"GBR";22,1;"6-4 4-6 7-6(7) 7-6(5)";5;"SF";187;21;1;137;102;79;18;22;5;7;25;5;146;75;62;38;22;3;5;6;4310;3;9230;6;4;7;7;NA;4;6;6;6;NA;2009-06-22;2009;"2009-540:237";30;0;5,41503749927884;6,41503749927884;36;"Andy Murray";44;"Andy Roddick";6,41503749927884;5,41503749927884;1;22,1;26,8;-4,7;190;188;2;0,714285714285714;0,6;0,6;0,714285714285714;-0,114285714285714;5;7;3;5;2;2;2;2;0;1;0;0
"512670";"2009-540";"Wimbledon";"Grass";"128";"Grand Slams";239;16;"Roger Federer";"R";185;"SUI";27,8;44;"Andy Roddick";"R";188;"USA";26,8;"5-7 7-6(6) 7-6(5) 3-6 16-14";5;"F";256;50;4;197;127;113;42;37;3;5;27;4;239;169;140;31;38;6;7;2;10620;6;4310;5;7;7;3;16;7;6;6;6;14;2009-06-22;2009;"2009-540:239";31;1;7;5,41503749927884;16;"Roger Federer";44;"Andy Roddick";7;5,41503749927884;1,58496250072116;27,8;26,8;1;185;188;-3;0,6;0,857142857142857;0,6;0,857142857142857;-0,257142857142857;7;5;6;3;1;2;1;2;-1;1;0;0
"537148";"2010-540";"Wimbledon";"Grass";"128";"Grand Slams";176;37;"Rafael Nadal";"L";185;"ESP";24;38;"Kei Nishikori";"R";178;"JPN";20,4;"6-2 6-4 6-4";5;"R128";125;8;3;78;54;44;13;14;2;3;4;8;105;66;47;13;14;8;13;1;8745;189;247;6;6;6;NA;NA;2;4;4;NA;NA;2010-06-21;2010;"2010-540:176";32;1;8;0,437757575778927;37;"Rafael Nadal";38;"Kei Nishikori";8;0,437757575778927;7,56224242422107;24;20,4;3,6;185;178;7;0,666666666666667;0,615384615384615;0,666666666666667;0,615384615384615;0,0512820512820512;13;3;8;2;5;1;5;1;4;1;0;0
"537151";"2010-540";"Wimbledon";"Grass";"128";"Grand Slams";179;32;"Feliciano Lopez";"L";188;"ESP";28,7;7;"Ricardas Berankis";"R";175;"LTU";20;"7-5 4-6 6-3 6-4";5;"R64";147;25;3;112;60;54;32;21;1;2;19;4;118;74;54;26;20;5;8;30;1455;156;322;7;4;6;6;NA;5;6;3;4;NA;2010-06-21;2010;"2010-540:179";33;0;3,09310940439148;0,714597781137751;7;"Ricardas Berankis";32;"Feliciano Lopez";0,714597781137751;3,09310940439148;-2,37851162325373;20;28,7;-8,7;175;188;-13;0,5;0,625;0,625;0,5;0,125;8;2;5;1;3;1;1;3;-2;1;0;0
"537180";"2010-540";"Wimbledon";"Grass";"128";"Grand Slams";208;37;"Rafael Nadal";"L";185;"ESP";24;22;"Robin Haase";"R";190;"NED";23,2;"5-7 6-2 3-6 6-0 6-3";5;"R64";142;5;2;107;73;62;23;22;0;2;28;2;111;76;57;16;22;4;10;1;8745;151;330;5;6;3;6;6;7;2;6;0;3;2010-06-21;2010;"2010-540:208";34;0;8;0,761595260674921;22;"Robin Haase";37;"Rafael Nadal";0,761595260674921;8;-7,23840473932508;23,2;24;-0,800000000000001;190;185;5;0;0,4;0,4;0;0,4;10;2;4;0;6;2;2;6;-4;1;0;0
"537192";"2010-540";"Wimbledon";"Grass";"128";"Grand Slams";220;36;"Andy Murray";"R";190;"GBR";23,1;48;"Gilles Simon";"R";183;"FRA";25,4;"6-1 6-4 6-4";5;"R32";110;15;1;72;47;39;18;14;0;0;2;2;91;49;32;19;13;5;9;4;5155;32;1305;6;6;6;NA;NA;1;4;4;NA;NA;2010-06-21;2010;"2010-540:220";35;1;6;3;36;"Andy Murray";48;"Gilles Simon";6;3;3;23,1;25,4;-2,3;190;183;7;1,5;0,555555555555556;1,5;0,555555555555556;0,944444444444444;9;0;5;0;4;0;4;0;4;1;0;0
"537202";"2010-540";"Wimbledon";"Grass";"128";"Grand Slams";230;36;"Andy Murray";"R";190;"GBR";23,1;42;"Sam Querrey";"R";198;"USA";22,7;"7-5 6-3 6-4";5;"R16";126;10;3;95;43;36;33;16;7;8;13;9;115;75;53;15;15;8;12;4;5155;21;1775;7;6;6;NA;NA;5;3;4;NA;NA;2010-06-21;2010;"2010-540:230";36;1;6;3,60768257722124;36;"Andy Murray";42;"Sam Querrey";6;3,60768257722124;2,39231742277876;23,1;22,7;0,400000000000002;190;198;-8;0,875;0,666666666666667;0,875;0,666666666666667;0,208333333333333;12;8;8;7;4;1;4;1;3;1;0;0
"537205";"2010-540";"Wimbledon";"Grass";"128";"Grand Slams";233;8;"Tomas Berdych";"R";196;"CZE";24,7;16;"Roger Federer";"R";185;"SUI";28,8;"6-4 3-6 6-1 6-4";5;"QF";155;12;6;124;72;59;23;18;7;8;14;1;121;82;57;19;18;2;6;13;2825;2;8525;6;3;6;6;NA;4;6;1;4;NA;2010-06-21;2010;"2010-540:233";37;1;4,29956028185891;7;8;"Tomas Berdych";16;"Roger Federer";4,29956028185891;7;-2,70043971814109;24,7;28,8;-4,1;196;185;11;0,875;0,333333333333333;0,875;0,333333333333333;0,541666666666667;6;8;2;7;4;1;4;1;3;1;0;0
"537207";"2010-540";"Wimbledon";"Grass";"128";"Grand Slams";235;36;"Andy Murray";"R";190;"GBR";23,1;52;"Jo-Wilfried Tsonga";"R";188;"FRA";25,1;"6-7(5) 7-6(5) 6-2 6-2";5;"QF";169;14;2;119;65;54;34;20;5;6;14;8;146;95;63;26;20;11;16;4;5155;10;3185;6;7;6;6;NA;7;6;2;2;NA;2010-06-21;2010;"2010-540:235";38;1;6;4,67807190511264;36;"Andy Murray";52;"Jo-Wilfried Tsonga";6;4,67807190511264;1,32192809488736;23,1;25,1;-2;190;188;2;0,833333333333333;0,6875;0,833333333333333;0,6875;0,145833333333333;16;6;11;5;5;1;5;1;4;1;0;0
"537209";"2010-540";"Wimbledon";"Grass";"128";"Grand Slams";237;8;"Tomas Berdych";"R";196;"CZE";24,7;14;"Novak Djokovic";"R";188;"SRB";23;"6-3 7-6(9) 6-3";5;"SF";138;11;2;102;58;47;28;16;3;4;9;8;88;64;47;10;14;4;7;13;2825;3;6545;6;7;6;NA;NA;3;6;3;NA;NA;2010-06-21;2010;"2010-540:237";39;1;4,29956028185891;6,41503749927884;8;"Tomas Berdych";14;"Novak Djokovic";4,29956028185891;6,41503749927884;-2,11547721741994;24,7;23;1,7;196;188;8;0,75;0,571428571428571;0,75;0,571428571428571;0,178571428571429;7;4;4;3;3;1;3;1;2;1;0;0
"537210";"2010-540";"Wimbledon";"Grass";"128";"Grand Slams";238;37;"Rafael Nadal";"L";185;"ESP";24;36;"Andy Murray";"R";190;"GBR";23,1;"6-4 7-6(6) 6-4";5;"SF";142;4;2;97;68;53;17;16;2;3;15;2;92;55;43;21;16;1;4;1;8745;4;5155;6;7;6;NA;NA;4;6;4;NA;NA;2010-06-21;2010;"2010-540:238";40;0;8;6;36;"Andy Murray";37;"Rafael Nadal";6;8;-2;23,1;24;-0,899999999999999;190;185;5;0,666666666666667;0,25;0,25;0,666666666666667;-0,416666666666667;4;3;1;2;3;1;1;3;-2;1;0;0
"537211";"2010-540";"Wimbledon";"Grass";"128";"Grand Slams";239;37;"Rafael Nadal";"L";185;"ESP";24;8;"Tomas Berdych";"R";196;"CZE";24,7;"6-3 7-5 6-4";5;"F";133;5;3;90;62;48;18;15;4;4;13;0;81;48;35;19;16;2;6;1;8745;13;2825;6;7;6;NA;NA;3;5;4;NA;NA;2010-06-21;2010;"2010-540:239";41;0;8;4,29956028185891;8;"Tomas Berdych";37;"Rafael Nadal";4,29956028185891;8;-3,70043971814109;24,7;24;0,699999999999999;196;185;11;1;0,333333333333333;0,333333333333333;1;-0,666666666666667;6;4;2;4;4;0;0;4;-4;1;0;0
"562709";"2011-540";"Wimbledon";"Grass";"128";"Grand Slams";160;16;"Roger Federer";"R";185;"SUI";29,8;29;"Mikhail Kukushkin";"R";183;"KAZ";23,4;"7-6(2) 6-4 6-2";5;"R128";102;12;1;80;57;51;17;15;3;3;4;1;93;61;41;18;15;4;7;3;9230;61;852;7;6;6;NA;NA;6;4;2;NA;NA;2011-06-20;2011;"2011-540:160";42;1;6,41503749927884;2,06926266243711;16;"Roger Federer";29;"Mikhail Kukushkin";6,41503749927884;2,06926266243711;4,34577483684173;29,8;23,4;6,4;185;183;2;1;0,571428571428571;1;0,571428571428571;0,428571428571429;7;3;4;3;3;0;3;0;3;1;0;0
"562725";"2011-540";"Wimbledon";"Grass";"128";"Grand Slams";176;14;"Novak Djokovic";"R";188;"SRB";24;10;"Jeremy Chardy";"R";188;"FRA";24,3;"6-4 6-1 6-1";5;"R128";80;9;1;61;45;38;12;12;1;1;9;2;75;44;30;8;12;4;10;2;12005;54;930;6;6;6;NA;NA;4;1;1;NA;NA;2011-06-20;2011;"2011-540:176";43;0;7;2,24511249783653;10;"Jeremy Chardy";14;"Novak Djokovic";2,24511249783653;7;-4,75488750216347;24,3;24;0,300000000000001;188;188;0;1;0,4;0,4;1;-0,6;10;1;4;1;6;0;0;6;-6;1;0;0
"562745";"2011-540";"Wimbledon";"Grass";"128";"Grand Slams";196;52;"Jo-Wilfried Tsonga";"R";188;"FRA";26,1;13;"Grigor Dimitrov";"R";188;"BUL";20;"6-7(4) 6-4 6-4 7-6(8)";5;"R64";213;19;8;166;103;75;32;22;14;16;3;5;170;118;78;25;22;8;12;19;1585;62;818;6;6;6;7;NA;7;4;4;6;NA;2011-06-20;2011;"2011-540:196";44;0;3,75207248655641;2,04580368961313;13;"Grigor Dimitrov";52;"Jo-Wilfried Tsonga";2,04580368961313;3,75207248655641;-1,70626879694329;20;26,1;-6,1;188;188;0;0,875;0,666666666666667;0,666666666666667;0,875;-0,208333333333333;12;16;8;14;4;2;2;4;-2;1;0;0
"562749";"2011-540";"Wimbledon";"Grass";"128";"Grand Slams";200;16;"Roger Federer";"R";185;"SUI";29,8;33;"Adrian Mannarino";"L";183;"FRA";22,9;"6-2 6-3 6-2";5;"R64";88;11;0;64;41;35;18;13;3;3;0;1;75;44;24;15;12;5;10;3;9230;55;923;6;6;6;NA;NA;2;3;2;NA;NA;2011-06-20;2011;"2011-540:200";45;1;6,41503749927884;2,21864028647534;16;"Roger Federer";33;"Adrian Mannarino";6,41503749927884;2,21864028647534;4,1963972128035;29,8;22,9;6,9;185;183;2;1;0,5;1;0,5;0,5;10;3;5;3;5;0;5;0;5;1;0;0
"562756";"2011-540";"Wimbledon";"Grass";"128";"Grand Slams";207;3;"Marcos Baghdatis";"R";183;"CYP";26;46;"Andreas Seppi";"R";190;"ITA";27,3;"6-4 7-6(4) 7-5";5;"R64";147;14;3;114;57;46;31;17;7;10;9;2;109;70;48;20;17;6;11;30;1295;38;1165;6;7;7;NA;NA;4;6;5;NA;NA;2011-06-20;2011;"2011-540:207";46;1;3,09310940439148;2,75207248655641;3;"Marcos Baghdatis";46;"Andreas Seppi";3,09310940439148;2,75207248655641;0,341036917835067;26;27,3;-1,3;183;190;-7;0,7;0,545454545454545;0,7;0,545454545454545;0,154545454545455;11;10;6;7;5;3;5;3;2;1;0;0
"562757";"2011-540";"Wimbledon";"Grass";"128";"Grand Slams";208;14;"Novak Djokovic";"R";188;"SRB";24;1;"Kevin Anderson";"R";203;"RSA";25;"6-3 6-4 6-2";5;"R64";114;7;4;87;64;48;12;14;5;6;8;3;72;50;30;9;13;4;9;2;12005;36;1185;6;6;6;NA;NA;3;4;2;NA;NA;2011-06-20;2011;"2011-540:208";47;0;7;2,83007499855769;1;"Kevin Anderson";14;"Novak Djokovic";2,83007499855769;7;-4,16992500144231;25;24;1;203;188;15;0,833333333333333;0,444444444444444;0,444444444444444;0,833333333333333;-0,388888888888889;9;6;4;5;5;1;1;5;-4;1;0;0
"562773";"2011-540";"Wimbledon";"Grass";"128";"Grand Slams";224;14;"Novak Djokovic";"R";188;"SRB";24;3;"Marcos Baghdatis";"R";183;"CYP";26;"6-4 4-6 6-3 6-4";5;"R32";195;10;4;122;80;60;24;20;4;5;14;4;132;70;51;33;19;8;11;2;12005;30;1295;6;4;6;6;NA;4;6;3;4;NA;2011-06-20;2011;"2011-540:224";48;0;7;3,09310940439148;3;"Marcos Baghdatis";14;"Novak Djokovic";3,09310940439148;7;-3,90689059560852;26;24;2;183;188;-5;0,8;0,727272727272727;0,727272727272727;0,8;-0,0727272727272728;11;5;8;4;3;1;1;3;-2;1;0;0
"562776";"2011-540";"Wimbledon";"Grass";"128";"Grand Slams";227;36;"Andy Murray";"R";190;"GBR";24;20;"Richard Gasquet";"R";185;"FRA";25;"7-6(3) 6-3 6-2";5;"R16";124;14;2;93;56;45;22;15;2;2;2;2;84;62;43;11;14;2;5;4;6855;13;1925;7;6;6;NA;NA;6;3;2;NA;NA;2011-06-20;2011;"2011-540:227";49;0;6;4,29956028185891;20;"Richard Gasquet";36;"Andy Murray";4,29956028185891;6;-1,70043971814109;25;24;1;185;190;-5;1;0,4;0,4;1;-0,6;5;2;2;2;3;0;0;3;-3;1;0;0
"562779";"2011-540";"Wimbledon";"Grass";"128";"Grand Slams";230;16;"Roger Federer";"R";185;"SUI";29,8;55;"Mikhail Youzhny";"R";183;"RUS";28,9;"6-7(5) 6-3 6-3 6-3";5;"R16";182;14;1;114;71;60;22;19;6;7;6;6;140;89;58;22;20;8;14;3;9230;17;1740;6;6;6;6;NA;7;3;3;3;NA;2011-06-20;2011;"2011-540:230";50;1;6,41503749927884;3,91253715874966;16;"Roger Federer";55;"Mikhail Youzhny";6,41503749927884;3,91253715874966;2,50250034052918;29,8;28,9;0,900000000000002;185;183;2;0,857142857142857;0,571428571428571;0,857142857142857;0,571428571428571;0,285714285714286;14;7;8;6;6;1;6;1;5;1;0;0
"562783";"2011-540";"Wimbledon";"Grass";"128";"Grand Slams";234;36;"Andy Murray";"R";190;"GBR";24;32;"Feliciano Lopez";"L";188;"ESP";29,7;"6-3 6-4 6-4";5;"QF";121;13;3;84;47;40;24;15;2;2;7;5;98;63;48;11;14;7;10;4;6855;44;1020;6;6;6;NA;NA;3;4;4;NA;NA;2011-06-20;2011;"2011-540:234";51;0;6;2,5405683813627;32;"Feliciano Lopez";36;"Andy Murray";2,5405683813627;6;-3,4594316186373;29,7;24;5,7;188;190;-2;1;0,7;0,7;1;-0,3;10;2;7;2;3;0;0;3;-3;1;0;0
"562784";"2011-540";"Wimbledon";"Grass";"128";"Grand Slams";235;52;"Jo-Wilfried Tsonga";"R";188;"FRA";26,1;16;"Roger Federer";"R";185;"SUI";29,8;"3-6 6-7(3) 6-4 6-4 6-4";5;"QF";188;18;4;145;102;74;29;25;0;1;17;1;137;103;80;24;26;6;9;19;1585;3;9230;3;6;6;6;6;6;7;4;4;4;2011-06-20;2011;"2011-540:235";52;0;3,75207248655641;6,41503749927884;16;"Roger Federer";52;"Jo-Wilfried Tsonga";6,41503749927884;3,75207248655641;2,66296501272243;29,8;26,1;3,7;185;188;-3;0;0,666666666666667;0,666666666666667;0;0,666666666666667;9;1;6;0;3;1;1;3;-2;1;0;0
"562785";"2011-540";"Wimbledon";"Grass";"128";"Grand Slams";236;14;"Novak Djokovic";"R";188;"SRB";24;51;"Bernard Tomic";"R";193;"AUS";18,6;"6-2 3-6 6-3 7-5";5;"QF";161;14;4;109;69;54;18;19;2;5;7;2;144;94;59;24;19;9;15;2;12005;158;357;6;3;6;7;NA;2;6;3;5;NA;2011-06-20;2011;"2011-540:236";53;1;7;0,696219251822897;14;"Novak Djokovic";51;"Bernard Tomic";7;0,696219251822897;6,3037807481771;24;18,6;5,4;188;193;-5;0,4;0,6;0,4;0,6;-0,2;15;5;9;2;6;3;6;3;3;1;0;0
"562786";"2011-540";"Wimbledon";"Grass";"128";"Grand Slams";237;37;"Rafael Nadal";"L";185;"ESP";25;36;"Andy Murray";"R";190;"GBR";24;"5-7 6-2 6-2 6-4";5;"SF";179;6;1;103;70;57;19;19;3;4;15;5;113;66;48;23;19;3;8;1;12070;4;6855;5;6;6;6;NA;7;2;2;4;NA;2011-06-20;2011;"2011-540:237";54;0;8;6;36;"Andy Murray";37;"Rafael Nadal";6;8;-2;24;25;-1;190;185;5;0,75;0,375;0,375;0,75;-0,375;8;4;3;3;5;1;1;5;-4;1;0;0
"562787";"2011-540";"Wimbledon";"Grass";"128";"Grand Slams";238;14;"Novak Djokovic";"R";188;"SRB";24;52;"Jo-Wilfried Tsonga";"R";188;"FRA";26,1;"7-6(4) 6-2 6-7(9) 6-3";5;"SF";187;5;1;120;79;61;28;21;2;5;12;5;133;90;61;20;20;6;12;2;12005;19;1585;7;6;6;6;NA;6;2;7;3;NA;2011-06-20;2011;"2011-540:238";55;1;7;3,75207248655641;14;"Novak Djokovic";52;"Jo-Wilfried Tsonga";7;3,75207248655641;3,24792751344359;24;26,1;-2,1;188;188;0;0,4;0,5;0,4;0,5;-0,1;12;5;6;2;6;3;6;3;3;1;0;0
"562788";"2011-540";"Wimbledon";"Grass";"128";"Grand Slams";239;14;"Novak Djokovic";"R";188;"SRB";24;37;"Rafael Nadal";"L";185;"ESP";25;"6-4 6-1 1-6 6-3";5;"F";148;7;1;95;69;50;14;17;3;6;5;1;82;64;43;8;16;1;6;2;12005;1;12070;6;6;1;6;NA;4;1;6;3;NA;2011-06-20;2011;"2011-540:239";56;1;7;8;14;"Novak Djokovic";37;"Rafael Nadal";7;8;-1;24;25;-1;188;185;3;0,5;0,166666666666667;0,5;0,166666666666667;0,333333333333333;6;6;1;3;5;3;5;3;2;1;0;0
"589988";"2012-540";"Wimbledon";"Grass";"128";"Grand Slams";149;38;"Kei Nishikori";"R";178;"JPN";22,4;29;"Mikhail Kukushkin";"R";183;"KAZ";24,4;"7-5 6-3 6-4";5;"R128";140;1;3;95;61;44;18;16;6;9;4;6;99;56;40;17;15;6;12;20;1600;52;833;7;6;6;NA;NA;5;3;4;NA;NA;2012-06-25;2012;"2012-540:149";57;0;3,67807190511264;2,29956028185891;29;"Mikhail Kukushkin";38;"Kei Nishikori";2,29956028185891;3,67807190511264;-1,37851162325373;24,4;22,4;2;183;178;5;0,666666666666667;0,5;0,5;0,666666666666667;-0,166666666666667;12;9;6;6;6;3;3;6;-3;1;0;0
"589994";"2012-540";"Wimbledon";"Grass";"128";"Grand Slams";155;42;"Sam Querrey";"R";198;"USA";24,7;41;"Vasek Pospisil";"R";193;"CAN";22;"7-5 6-7(5) 6-3 6-4";5;"R128";161;19;4;132;78;69;28;22;5;6;17;5;137;77;52;37;21;6;10;64;705;104;522;7;6;6;6;NA;5;7;3;4;NA;2012-06-25;2012;"2012-540:155";58;0;2;1,29956028185891;41;"Vasek Pospisil";42;"Sam Querrey";1,29956028185891;2;-0,700439718141092;22;24,7;-2,7;193;198;-5;0,833333333333333;0,6;0,6;0,833333333333333;-0,233333333333333;10;6;6;5;4;1;1;4;-3;1;0;0
"589996";"2012-540";"Wimbledon";"Grass";"128";"Grand Slams";157;13;"Grigor Dimitrov";"R";188;"BUL";21,1;1;"Kevin Anderson";"R";203;"RSA";26,1;"7-5 7-6(3) 6-7(4) 6-3";5;"R128";209;24;0;167;105;84;32;23;11;11;20;4;157;117;84;21;22;5;7;69;691;31;1215;7;7;6;6;NA;5;6;7;3;NA;2012-06-25;2012;"2012-540:157";59;0;1,89147554322183;3,04580368961313;1;"Kevin Anderson";13;"Grigor Dimitrov";3,04580368961313;1,89147554322183;1,15432814639129;26,1;21,1;5;203;188;15;1;0,714285714285714;0,714285714285714;1;-0,285714285714286;7;11;5;11;2;0;0;2;-2;1;0;0
"590004";"2012-540";"Wimbledon";"Grass";"128";"Grand Slams";165;21;"David Goffin";"R";180;"BEL";21,5;51;"Bernard Tomic";"R";193;"AUS";19,6;"3-6 6-3 6-4 6-4";5;"R128";153;11;3;117;72;52;26;19;6;9;5;1;120;83;57;20;19;9;14;70;688;28;1255;3;6;6;6;NA;6;3;4;4;NA;2012-06-25;2012;"2012-540:165";60;1;1,87071698305503;3,1926450779424;21;"David Goffin";51;"Bernard Tomic";1,87071698305503;3,1926450779424;-1,32192809488736;21,5;19,6;1,9;180;193;-13;0,666666666666667;0,642857142857143;0,666666666666667;0,642857142857143;0,0238095238095237;14;9;9;6;5;3;5;3;2;1;0;0
"590024";"2012-540";"Wimbledon";"Grass";"128";"Grand Slams";185;16;"Roger Federer";"R";185;"SUI";30,8;17;"Fabio Fognini";"R";178;"ITA";25;"6-1 6-3 6-2";5;"R64";74;13;2;60;41;37;11;12;0;0;1;0;73;54;29;8;12;2;8;3;9435;68;695;6;6;6;NA;NA;1;3;2;NA;NA;2012-06-25;2012;"2012-540:185";61;1;6,41503749927884;1,91253715874966;16;"Roger Federer";17;"Fabio Fognini";6,41503749927884;1,91253715874966;4,50250034052918;30,8;25;5,8;185;178;7;1,5;0,25;1,5;0,25;1,25;8;0;2;0;6;0;6;0;6;1;0;0
"590037";"2012-540";"Wimbledon";"Grass";"128";"Grand Slams";198;42;"Sam Querrey";"R";198;"USA";24,7;43;"Milos Raonic";"R";196;"CAN";21,4;"6-7(3) 7-6(7) 7-6(8) 6-4";5;"R64";183;21;3;156;89;71;39;23;4;5;25;3;150;107;83;24;23;4;6;64;705;22;1540;6;7;7;6;NA;7;6;6;4;NA;2012-06-25;2012;"2012-540:198";62;1;2;3,5405683813627;42;"Sam Querrey";43;"Milos Raonic";2;3,5405683813627;-1,5405683813627;24,7;21,4;3,3;198;196;2;0,8;0,666666666666667;0,8;0,666666666666667;0,133333333333333;6;5;4;4;2;1;2;1;1;1;0;0
"590058";"2012-540";"Wimbledon";"Grass";"128";"Grand Slams";219;11;"Marin Cilic";"R";198;"CRO";23,7;42;"Sam Querrey";"R";198;"USA";24,7;"7-6(6) 6-4 6-7(2) 6-7(3) 17-15";5;"R32";331;14;6;226;138;104;56;39;5;8;23;9;273;172;132;47;39;11;16;18;1655;64;705;7;6;6;6;17;6;4;7;7;15;2012-06-25;2012;"2012-540:219";63;1;3,83007499855769;2;11;"Marin Cilic";42;"Sam Querrey";3,83007499855769;2;1,83007499855769;23,7;24,7;-1;198;198;0;0,625;0,6875;0,625;0,6875;-0,0625;16;8;11;5;5;3;5;3;2;1;0;0
"590059";"2012-540";"Wimbledon";"Grass";"128";"Grand Slams";220;36;"Andy Murray";"R";190;"GBR";25,1;3;"Marcos Baghdatis";"R";183;"CYP";27;"7-5 3-6 7-5 6-1";5;"R32";193;10;4;117;74;51;28;20;5;8;5;3;154;86;54;33;20;17;23;4;6980;42;945;7;3;7;6;NA;5;6;5;1;NA;2012-06-25;2012;"2012-540:220";64;0;6;2,60768257722124;3;"Marcos Baghdatis";36;"Andy Murray";2,60768257722124;6;-3,39231742277876;27;25,1;1,9;183;190;-7;0,625;0,739130434782609;0,739130434782609;0,625;0,114130434782609;23;8;17;5;6;3;3;6;-3;1;0;0
"590069";"2012-540";"Wimbledon";"Grass";"128";"Grand Slams";230;36;"Andy Murray";"R";190;"GBR";25,1;11;"Marin Cilic";"R";198;"CRO";23,7;"7-5 6-2 6-3";5;"R16";130;16;1;88;60;43;20;15;7;8;4;3;92;54;39;13;14;7;12;4;6980;18;1655;7;6;6;NA;NA;5;2;3;NA;NA;2012-06-25;2012;"2012-540:230";65;0;6;3,83007499855769;11;"Marin Cilic";36;"Andy Murray";3,83007499855769;6;-2,16992500144231;23,7;25,1;-1,4;198;190;8;0,875;0,583333333333333;0,583333333333333;0,875;-0,291666666666667;12;8;7;7;5;1;1;5;-4;1;0;0
"590073";"2012-540";"Wimbledon";"Grass";"128";"Grand Slams";234;16;"Roger Federer";"R";185;"SUI";30,8;55;"Mikhail Youzhny";"R";183;"RUS";30;"6-1 6-2 6-2";5;"QF";92;2;0;66;41;36;13;12;2;2;3;2;82;53;27;15;11;14;20;3;9435;33;1210;6;6;6;NA;NA;1;2;2;NA;NA;2012-06-25;2012;"2012-540:234";66;1;6,41503749927884;2,95560588064155;16;"Roger Federer";55;"Mikhail Youzhny";6,41503749927884;2,95560588064155;3,4594316186373;30,8;30;0,800000000000001;185;183;2;1;0,7;1;0,7;0,3;20;2;14;2;6;0;6;0;6;1;0;0
"590076";"2012-540";"Wimbledon";"Grass";"128";"Grand Slams";237;16;"Roger Federer";"R";185;"SUI";30,8;14;"Novak Djokovic";"R";188;"SRB";25;"6-3 3-6 6-4 6-3";5;"SF";139;12;0;101;65;49;26;19;2;3;9;2;115;73;52;24;18;8;11;3;9435;1;12280;6;3;6;6;NA;3;6;4;3;NA;2012-06-25;2012;"2012-540:237";67;0;6,41503749927884;8;14;"Novak Djokovic";16;"Roger Federer";8;6,41503749927884;1,58496250072116;25;30,8;-5,8;188;185;3;0,666666666666667;0,727272727272727;0,727272727272727;0,666666666666667;0,0606060606060607;11;3;8;2;3;1;1;3;-2;1;0;0
"590077";"2012-540";"Wimbledon";"Grass";"128";"Grand Slams";238;36;"Andy Murray";"R";190;"GBR";25,1;52;"Jo-Wilfried Tsonga";"R";188;"FRA";27,1;"6-3 6-4 3-6 7-5";5;"SF";167;9;2;111;67;50;28;20;6;8;11;2;135;85;64;16;20;8;12;4;6980;6;5230;6;6;3;7;NA;3;4;6;5;NA;2012-06-25;2012;"2012-540:238";68;1;6;5,41503749927884;36;"Andy Murray";52;"Jo-Wilfried Tsonga";6;5,41503749927884;0,584962500721156;25,1;27,1;-2;190;188;2;0,75;0,666666666666667;0,75;0,666666666666667;0,0833333333333334;12;8;8;6;4;2;4;2;2;1;0;0
"590078";"2012-540";"Wimbledon";"Grass";"128";"Grand Slams";239;16;"Roger Federer";"R";185;"SUI";30,8;36;"Andy Murray";"R";190;"GBR";25,1;"4-6 7-5 6-3 6-4";5;"F";204;12;3;131;90;68;20;21;5;7;16;1;157;88;61;33;20;8;12;3;9435;4;6980;4;7;6;6;NA;6;5;3;4;NA;2012-06-25;2012;"2012-540:239";69;1;6,41503749927884;6;16;"Roger Federer";36;"Andy Murray";6,41503749927884;6;0,415037499278844;30,8;25,1;5,7;185;190;-5;0,714285714285714;0,666666666666667;0,714285714285714;0,666666666666667;0,0476190476190477;12;7;8;5;4;2;4;2;2;1;0;0
"617769";"2013-540";"Wimbledon";"Grass";"128";"Grand Slams";124;51;"Bernard Tomic";"R";193;"AUS";20,6;42;"Sam Querrey";"R";198;"USA";25,7;"7-6(6) 7-6(3) 3-6 2-6 6-3";5;"R128";154;11;2;156;122;86;20;25;9;13;36;5;149;95;81;28;25;6;8;59;780;19;1810;7;7;3;2;6;6;6;6;6;3;2013-06-24;2013;"2013-540:124";70;0;2,11735695063816;3,75207248655641;42;"Sam Querrey";51;"Bernard Tomic";3,75207248655641;2,11735695063816;1,63471553591826;25,7;20,6;5,1;198;193;5;0,692307692307692;0,75;0,75;0,692307692307692;0,0576923076923077;8;13;6;9;2;4;4;2;2;1;0;0
"617795";"2013-540";"Wimbledon";"Grass";"128";"Grand Slams";150;33;"Adrian Mannarino";"L";183;"FRA";24,9;2;"Pablo Andujar";"R";180;"ESP";27,4;"6-1 6-2 6-3";5;"R128";90;6;0;57;36;31;17;12;0;0;1;3;83;50;32;12;12;7;13;111;511;50;870;6;6;6;NA;NA;1;2;3;NA;NA;2013-06-24;2013;"2013-540:150";71;0;1,20558413364989;2,35614381022528;2;"Pablo Andujar";33;"Adrian Mannarino";2,35614381022528;1,20558413364989;1,15055967657538;27,4;24,9;2,5;180;183;-3;1,5;0,538461538461538;0,538461538461538;1,5;-0,961538461538462;13;0;7;0;6;0;0;6;-6;1;0;0
"617806";"2013-540";"Wimbledon";"Grass";"128";"Grand Slams";161;52;"Jo-Wilfried Tsonga";"R";188;"FRA";28,1;21;"David Goffin";"R";180;"BEL";22,5;"7-6(4) 6-4 6-3";5;"R128";114;18;2;92;63;54;15;15;1;1;2;3;99;70;46;19;16;3;6;7;4155;83;611;7;6;6;NA;NA;6;4;3;NA;NA;2013-06-24;2013;"2013-540:161";72;0;5,1926450779424;1,62496056865308;21;"David Goffin";52;"Jo-Wilfried Tsonga";1,62496056865308;5,1926450779424;-3,56768450928932;22,5;28,1;-5,6;180;188;-8;1;0,5;0,5;1;-0,5;6;1;3;1;3;0;0;3;-3;1;0;0
"617813";"2013-540";"Wimbledon";"Grass";"128";"Grand Slams";168;11;"Marin Cilic";"R";198;"CRO";24,7;3;"Marcos Baghdatis";"R";183;"CYP";28;"6-3 6-4 6-4";5;"R128";93;16;2;80;56;45;16;15;0;1;4;5;71;43;31;16;14;2;6;12;2470;40;995;6;6;6;NA;NA;3;4;4;NA;NA;2013-06-24;2013;"2013-540:168";73;0;4,41503749927884;2,67807190511264;3;"Marcos Baghdatis";11;"Marin Cilic";2,67807190511264;4,41503749927884;-1,73696559416621;28;24,7;3,3;183;198;-15;0;0,333333333333333;0,333333333333333;0;0,333333333333333;6;1;2;0;4;1;1;4;-3;1;0;0
"617851";"2013-540";"Wimbledon";"Grass";"128";"Grand Slams";206;55;"Mikhail Youzhny";"R";183;"RUS";30,9;41;"Vasek Pospisil";"R";193;"CAN";23;"6-2 6-7(3) 7-6(7) 3-6 6-4";5;"R64";216;8;2;163;104;76;39;25;5;7;26;2;158;100;83;25;26;3;7;26;1415;103;546;6;6;7;3;6;2;7;6;6;4;2013-06-24;2013;"2013-540:206";74;0;3,29956028185891;1,31349947281678;41;"Vasek Pospisil";55;"Mikhail Youzhny";1,31349947281678;3,29956028185891;-1,98606080904213;23;30,9;-7,9;193;183;10;0,714285714285714;0,428571428571429;0,428571428571429;0,714285714285714;-0,285714285714286;7;7;3;5;4;2;2;4;-2;1;0;0
"617854";"2013-540";"Wimbledon";"Grass";"128";"Grand Slams";209;14;"Novak Djokovic";"R";188;"SRB";26;10;"Jeremy Chardy";"R";188;"FRA";26,3;"6-3 6-2 6-2";5;"R32";86;8;1;58;43;40;12;13;0;0;6;4;89;59;32;15;12;11;16;1;11830;25;1441;6;6;6;NA;NA;3;2;2;NA;NA;2013-06-24;2013;"2013-540:209";75;0;8;3,35614381022528;10;"Jeremy Chardy";14;"Novak Djokovic";3,35614381022528;8;-4,64385618977472;26,3;26;0,300000000000001;188;188;0;1,5;0,6875;0,6875;1,5;-0,8125;16;0;11;0;5;0;0;5;-5;1;0;0
"617856";"2013-540";"Wimbledon";"Grass";"128";"Grand Slams";211;51;"Bernard Tomic";"R";193;"AUS";20,6;20;"Richard Gasquet";"R";185;"FRA";27;"7-6(7) 5-7 7-5 7-6(5)";5;"R32";166;19;1;166;134;101;15;24;7;8;15;3;141;97;83;27;24;6;7;59;780;9;3135;7;5;7;7;NA;6;7;5;6;NA;2013-06-24;2013;"2013-540:211";76;0;2,11735695063816;4,83007499855769;20;"Richard Gasquet";51;"Bernard Tomic";4,83007499855769;2,11735695063816;2,71271804791953;27;20,6;6,4;185;193;-8;0,875;0,857142857142857;0,857142857142857;0,875;-0,0178571428571429;7;8;6;7;1;1;1;1;0;1;0;0
"617857";"2013-540";"Wimbledon";"Grass";"128";"Grand Slams";212;8;"Tomas Berdych";"R";196;"CZE";27,7;1;"Kevin Anderson";"R";203;"RSA";27,1;"3-6 6-3 6-4 7-5";5;"R32";176;11;5;124;66;54;27;20;11;14;19;3;121;73;53;25;20;13;18;6;4515;23;1510;3;6;6;7;NA;6;3;4;5;NA;2013-06-24;2013;"2013-540:212";77;0;5,41503749927884;3,47643804394299;1;"Kevin Anderson";8;"Tomas Berdych";3,47643804394299;5,41503749927884;-1,93859945533586;27,1;27,7;-0,599999999999998;203;196;7;0,785714285714286;0,722222222222222;0,722222222222222;0,785714285714286;-0,0634920634920635;18;14;13;11;5;3;3;5;-2;1;0;0
"617860";"2013-540";"Wimbledon";"Grass";"128";"Grand Slams";215;46;"Andreas Seppi";"R";190;"ITA";29,3;38;"Kei Nishikori";"R";178;"JPN";23,4;"3-6 6-2 6-7(4) 6-1 6-4";5;"R32";184;9;1;155;93;65;34;24;8;11;3;6;143;98;63;23;22;6;12;28;1380;11;2495;3;6;6;6;6;6;2;7;1;4;2013-06-24;2013;"2013-540:215";78;0;3,1926450779424;4,5405683813627;38;"Kei Nishikori";46;"Andreas Seppi";4,5405683813627;3,1926450779424;1,34792330342031;23,4;29,3;-5,9;178;190;-12;0,727272727272727;0,5;0,5;0,727272727272727;-0,227272727272727;12;11;6;8;6;3;3;6;-3;1;0;0
"617877";"2013-540";"Wimbledon";"Grass";"128";"Grand Slams";232;36;"Andy Murray";"R";190;"GBR";26,1;55;"Mikhail Youzhny";"R";183;"RUS";30,9;"6-4 7-6(5) 6-1";5;"R16";157;15;4;108;68;55;16;15;3;5;1;1;93;57;36;16;14;5;10;2;8560;26;1415;6;7;6;NA;NA;4;6;1;NA;NA;2013-06-24;2013;"2013-540:232";79;1;7;3,29956028185891;36;"Andy Murray";55;"Mikhail Youzhny";7;3,29956028185891;3,70043971814109;26,1;30,9;-4,8;190;183;7;0,6;0,5;0,6;0,5;0,1;10;5;5;3;5;2;5;2;3;1;0;0
"617878";"2013-540";"Wimbledon";"Grass";"128";"Grand Slams";233;14;"Novak Djokovic";"R";188;"SRB";26;8;"Tomas Berdych";"R";196;"CZE";27,7;"7-6(5) 6-4 6-3";5;"QF";135;16;1;89;54;42;21;16;0;2;6;4;99;52;33;27;15;6;10;1;11830;6;4515;7;6;6;NA;NA;6;4;3;NA;NA;2013-06-24;2013;"2013-540:233";80;0;8;5,41503749927884;8;"Tomas Berdych";14;"Novak Djokovic";5,41503749927884;8;-2,58496250072116;27,7;26;1,7;196;188;8;0;0,6;0,6;0;0,6;10;2;6;0;4;2;2;4;-2;1;0;0
"617884";"2013-540";"Wimbledon";"Grass";"128";"Grand Slams";239;36;"Andy Murray";"R";190;"GBR";26,1;14;"Novak Djokovic";"R";188;"SRB";26;"6-4 7-5 6-4";5;"F";189;9;2;105;67;48;16;16;9;13;4;4;105;68;40;15;16;10;17;2;8560;1;11830;6;7;6;NA;NA;4;5;4;NA;NA;2013-06-24;2013;"2013-540:239";81;0;7;8;14;"Novak Djokovic";36;"Andy Murray";8;7;1;26;26,1;-0,100000000000001;188;190;-2;0,692307692307692;0,588235294117647;0,588235294117647;0,692307692307692;-0,104072398190045;17;13;10;9;7;4;4;7;-3;1;0;0
"648416";"2014-540";"Wimbledon";"Grass";"128";"Grand Slams";116;22;"Robin Haase";"R";190;"NED";27,2;41;"Vasek Pospisil";"R";193;"CAN";24;"7-6(6) 4-6 7-5 6-3";5;"R128";158;12;2;134;84;70;28;22;4;5;21;6;126;77;64;25;21;2;4;53;865;33;1170;7;4;7;6;NA;6;6;5;3;NA;2014-06-23;2014;"2014-540:116";82;1;2,2720795454368;2,95560588064155;22;"Robin Haase";41;"Vasek Pospisil";2,2720795454368;2,95560588064155;-0,683526335204745;27,2;24;3,2;190;193;-3;0,8;0,5;0,8;0,5;0,3;4;5;2;4;2;1;2;1;1;1;0;0
"648429";"2014-540";"Wimbledon";"Grass";"128";"Grand Slams";129;36;"Andy Murray";"R";190;"GBR";27,1;21;"David Goffin";"R";180;"BEL";23,5;"6-1 6-4 7-5";5;"R128";122;8;1;78;55;47;14;15;2;2;2;4;95;55;35;19;14;4;8;5;4680;105;548;6;6;7;NA;NA;1;4;5;NA;NA;2014-06-23;2014;"2014-540:129";83;0;5,67807190511264;1,28575448233388;21;"David Goffin";36;"Andy Murray";1,28575448233388;5,67807190511264;-4,39231742277876;23,5;27,1;-3,6;180;190;-10;1;0,5;0,5;1;-0,5;8;2;4;2;4;0;0;4;-4;1;0;0
"648432";"2014-540";"Wimbledon";"Grass";"128";"Grand Slams";132;5;"Roberto Bautista Agut";"R";183;"ESP";26,1;25;"Steve Johnson";"R";188;"USA";24,4;"6-3 6-7(3) 6-4 7-5";5;"R128";170;3;1;135;100;73;23;22;8;9;10;7;132;77;56;28;21;3;7;23;1580;70;727;6;6;6;7;NA;3;7;4;5;NA;2014-06-23;2014;"2014-540:132";84;1;3,47643804394299;1,87071698305503;5;"Roberto Bautista Agut";25;"Steve Johnson";3,47643804394299;1,87071698305503;1,60572106088795;26,1;24,4;1,7;183;188;-5;0,888888888888889;0,428571428571429;0,888888888888889;0,428571428571429;0,46031746031746;7;9;3;8;4;1;4;1;3;1;0;0
"648433";"2014-540";"Wimbledon";"Grass";"128";"Grand Slams";133;1;"Kevin Anderson";"R";203;"RSA";28;6;"Aljaz Bedene";"R";181;"SLO";24,9;"6-3 7-5 6-2";5;"R128";108;23;3;98;69;59;12;15;8;8;9;2;78;43;34;14;14;1;5;18;1745;140;416;6;7;6;NA;NA;3;5;2;NA;NA;2014-06-23;2014;"2014-540:133";85;1;3,83007499855769;0,870716983055034;1;"Kevin Anderson";6;"Aljaz Bedene";3,83007499855769;0,870716983055034;2,95935801550265;28;24,9;3,1;203;181;22;1;0,2;1;0,2;0,8;5;8;1;8;4;0;4;0;4;1;0;0
"648480";"2014-540";"Wimbledon";"Grass";"128";"Grand Slams";180;52;"Jo-Wilfried Tsonga";"R";188;"FRA";29,1;42;"Sam Querrey";"R";198;"USA";26,7;"4-6 7-6(2) 6-7(4) 6-3 14-12";5;"R64";229;37;4;205;144;118;36;35;5;6;33;3;206;142;107;40;34;7;9;17;1775;67;755;4;7;6;6;14;6;6;7;3;12;2014-06-23;2014;"2014-540:180";86;0;3,91253715874966;1,93391080954223;42;"Sam Querrey";52;"Jo-Wilfried Tsonga";1,93391080954223;3,91253715874966;-1,97862634920743;26,7;29,1;-2,4;198;188;10;0,833333333333333;0,777777777777778;0,777777777777778;0,833333333333333;-0,0555555555555556;9;6;7;5;2;1;1;2;-1;1;0;0
"648501";"2014-540";"Wimbledon";"Grass";"128";"Grand Slams";201;43;"Milos Raonic";"R";196;"CAN";23,4;49;"Jack Sock";"R";185;"USA";21,7;"6-3 6-4 6-4";5;"R64";103;13;1;75;50;43;19;15;0;0;5;8;97;56;44;17;14;7;10;9;3245;77;698;6;6;6;NA;NA;3;4;4;NA;NA;2014-06-23;2014;"2014-540:201";87;1;4,83007499855769;1,7332134593051;43;"Milos Raonic";49;"Jack Sock";4,83007499855769;1,7332134593051;3,09686153925259;23,4;21,7;1,7;196;185;11;1,5;0,7;1,5;0,7;0,8;10;0;7;0;3;0;3;0;3;1;0;0
"648504";"2014-540";"Wimbledon";"Grass";"128";"Grand Slams";204;38;"Kei Nishikori";"R";178;"JPN";24,4;28;"Denis Kudla";"R";180;"USA";21,8;"6-3 6-2 6-1";5;"R64";88;8;3;72;48;31;18;12;1;2;4;4;84;49;24;14;12;8;15;12;2690;136;428;6;6;6;NA;NA;3;2;1;NA;NA;2014-06-23;2014;"2014-540:204";88;0;4,41503749927884;0,912537158749661;28;"Denis Kudla";38;"Kei Nishikori";0,912537158749661;4,41503749927884;-3,50250034052918;21,8;24,4;-2,6;180;178;2;0,5;0,533333333333333;0,533333333333333;0,5;0,0333333333333333;15;2;8;1;7;1;1;7;-6;1;0;0
"648505";"2014-540";"Wimbledon";"Grass";"128";"Grand Slams";205;30;"Nick Kyrgios";"R";193;"AUS";19,1;20;"Richard Gasquet";"R";185;"FRA";28;"3-6 6-7(4) 6-4 7-5 10-8";5;"R64";233;21;5;211;142;100;39;30;14;16;27;4;185;123;93;35;31;2;6;144;400;14;2415;3;6;6;7;10;6;7;4;5;8;2014-06-23;2014;"2014-540:205";89;0;0,830074998557688;4,1926450779424;20;"Richard Gasquet";30;"Nick Kyrgios";4,1926450779424;0,830074998557688;3,36257007938471;28;19,1;8,9;185;193;-8;0,875;0,333333333333333;0,333333333333333;0,875;-0,541666666666667;6;16;2;14;4;2;2;4;-2;1;0;0
"648506";"2014-540";"Wimbledon";"Grass";"128";"Grand Slams";206;53;"Jiri Vesely";"L";198;"CZE";20,9;35;"Gael Monfils";"R";193;"FRA";27,8;"7-6(3) 6-3 6-7(1) 6-7(3) 6-4";5;"R64";201;12;8;169;116;92;30;28;6;7;23;4;164;118;96;20;27;6;9;68;741;21;1635;7;6;6;6;6;6;3;7;7;4;2014-06-23;2014;"2014-540:206";90;0;1,91253715874966;3,60768257722124;35;"Gael Monfils";53;"Jiri Vesely";3,60768257722124;1,91253715874966;1,69514541847158;27,8;20,9;6,9;193;198;-5;0,857142857142857;0,666666666666667;0,666666666666667;0,857142857142857;-0,19047619047619;9;7;6;6;3;1;1;3;-2;1;0;0
"648509";"2014-540";"Wimbledon";"Grass";"128";"Grand Slams";209;14;"Novak Djokovic";"R";188;"SRB";27;48;"Gilles Simon";"R";183;"FRA";29,4;"6-4 6-2 6-4";5;"R32";132;7;2;80;47;36;15;14;4;7;3;4;103;54;35;19;14;7;14;2;12330;44;1005;6;6;6;NA;NA;4;2;4;NA;NA;2014-06-23;2014;"2014-540:209";91;1;7;2,5405683813627;14;"Novak Djokovic";48;"Gilles Simon";7;2,5405683813627;4,4594316186373;27;29,4;-2,4;188;183;5;0,571428571428571;0,5;0,571428571428571;0,5;0,0714285714285714;14;7;7;4;7;3;7;3;4;1;0;0
"648512";"2014-540";"Wimbledon";"Grass";"128";"Grand Slams";212;11;"Marin Cilic";"R";198;"CRO";25,7;8;"Tomas Berdych";"R";196;"CZE";28,7;"7-6(5) 6-4 7-6(6)";5;"R32";169;20;3;120;79;64;17;17;5;7;6;4;138;88;61;22;17;11;14;29;1350;6;4680;7;6;7;NA;NA;6;4;6;NA;NA;2014-06-23;2014;"2014-540:212";92;0;3,14201900487243;5,41503749927884;8;"Tomas Berdych";11;"Marin Cilic";5,41503749927884;3,14201900487243;2,27301849440642;28,7;25,7;3;196;198;-2;0,714285714285714;0,785714285714286;0,785714285714286;0,714285714285714;0,0714285714285714;14;7;11;5;3;2;2;3;-1;1;0;0
"648513";"2014-540";"Wimbledon";"Grass";"128";"Grand Slams";213;36;"Andy Murray";"R";190;"GBR";27,1;5;"Roberto Bautista Agut";"R";183;"ESP";26,1;"6-2 6-3 6-2";5;"R32";95;11;2;63;40;35;9;12;0;2;1;3;77;54;27;8;13;8;16;5;4680;23;1580;6;6;6;NA;NA;2;3;2;NA;NA;2014-06-23;2014;"2014-540:213";93;0;5,67807190511264;3,47643804394299;5;"Roberto Bautista Agut";36;"Andy Murray";3,47643804394299;5,67807190511264;-2,20163386116965;26,1;27,1;-1;183;190;-7;0;0,5;0,5;0;0,5;16;2;8;0;8;2;2;8;-6;1;0;0
"648514";"2014-540";"Wimbledon";"Grass";"128";"Grand Slams";214;1;"Kevin Anderson";"R";203;"RSA";28;17;"Fabio Fognini";"R";178;"ITA";27;"4-6 6-4 2-6 6-2 6-1";5;"R32";165;16;6;125;87;70;17;22;4;8;6;11;128;83;59;21;21;9;15;18;1745;15;2155;4;6;2;6;6;6;4;6;2;1;2014-06-23;2014;"2014-540:214";94;1;3,83007499855769;4,09310940439148;1;"Kevin Anderson";17;"Fabio Fognini";3,83007499855769;4,09310940439148;-0,263034405833793;28;27;1;203;178;25;0,5;0,6;0,5;0,6;-0,1;15;8;9;4;6;4;6;4;2;1;0;0
"648518";"2014-540";"Wimbledon";"Grass";"128";"Grand Slams";218;32;"Feliciano Lopez";"L";188;"ESP";32,7;24;"John Isner";"R";206;"USA";29,1;"6-7(8) 7-6(6) 7-6(3) 7-5";5;"R32";170;34;2;143;92;79;36;24;2;2;52;2;155;116;91;22;24;4;5;26;1455;11;2690;6;7;7;7;NA;7;6;6;5;NA;2014-06-23;2014;"2014-540:218";95;0;3,29956028185891;4,5405683813627;24;"John Isner";32;"Feliciano Lopez";4,5405683813627;3,29956028185891;1,24100809950379;29,1;32,7;-3,6;206;188;18;1;0,8;0,8;1;-0,2;5;2;4;2;1;0;0;1;-1;1;0;0
"648523";"2014-540";"Wimbledon";"Grass";"128";"Grand Slams";223;30;"Nick Kyrgios";"R";193;"AUS";19,1;53;"Jiri Vesely";"L";198;"CZE";20,9;"3-6 6-3 7-5 6-2";5;"R32";124;26;1;106;77;63;14;19;0;1;8;2;106;75;51;19;19;5;9;144;400;68;741;3;6;7;6;NA;6;3;5;2;NA;2014-06-23;2014;"2014-540:223";96;1;0,830074998557688;1,91253715874966;30;"Nick Kyrgios";53;"Jiri Vesely";0,830074998557688;1,91253715874966;-1,08246216019197;19,1;20,9;-1,8;193;198;-5;0;0,555555555555556;0;0,555555555555556;-0,555555555555556;9;1;5;0;4;1;4;1;3;1;0;0
"648524";"2014-540";"Wimbledon";"Grass";"128";"Grand Slams";224;37;"Rafael Nadal";"L";185;"ESP";28;29;"Mikhail Kukushkin";"R";183;"KAZ";26,4;"6-7(4) 6-1 6-1 6-1";5;"R32";154;9;0;93;62;48;24;17;2;2;9;1;135;83;53;18;16;11;18;1;12500;63;787;6;6;6;6;NA;7;1;1;1;NA;2014-06-23;2014;"2014-540:224";97;0;8;2,02272007650008;29;"Mikhail Kukushkin";37;"Rafael Nadal";2,02272007650008;8;-5,97727992349992;26,4;28;-1,6;183;185;-2;1;0,611111111111111;0,611111111111111;1;-0,388888888888889;18;2;11;2;7;0;0;7;-7;1;0;0
"648525";"2014-540";"Wimbledon";"Grass";"128";"Grand Slams";225;14;"Novak Djokovic";"R";188;"SRB";27;52;"Jo-Wilfried Tsonga";"R";188;"FRA";29,1;"6-3 6-4 7-6(5)";5;"R16";112;14;0;96;68;55;19;16;2;2;19;2;89;59;46;18;15;7;9;2;12330;17;1775;6;6;7;NA;NA;3;4;6;NA;NA;2014-06-23;2014;"2014-540:225";98;1;7;3,91253715874966;14;"Novak Djokovic";52;"Jo-Wilfried Tsonga";7;3,91253715874966;3,08746284125034;27;29,1;-2,1;188;188;0;1;0,777777777777778;1;0,777777777777778;0,222222222222222;9;2;7;2;2;0;2;0;2;1;0;0
"648526";"2014-540";"Wimbledon";"Grass";"128";"Grand Slams";226;11;"Marin Cilic";"R";198;"CRO";25,7;10;"Jeremy Chardy";"R";188;"FRA";27,3;"7-6(8) 6-4 6-4";5;"R16";129;33;3;108;69;61;17;16;4;4;17;7;110;72;58;14;16;4;6;29;1350;42;1015;7;6;6;NA;NA;6;4;4;NA;NA;2014-06-23;2014;"2014-540:226";99;0;3,14201900487243;2,60768257722124;10;"Jeremy Chardy";11;"Marin Cilic";2,60768257722124;3,14201900487243;-0,534336427651189;27,3;25,7;1,6;188;198;-10;1;0,666666666666667;0,666666666666667;1;-0,333333333333333;6;4;4;4;2;0;0;2;-2;1;0;0
"648527";"2014-540";"Wimbledon";"Grass";"128";"Grand Slams";227;36;"Andy Murray";"R";190;"GBR";27,1;1;"Kevin Anderson";"R";203;"RSA";28;"6-4 6-3 7-6(6)";5;"R16";152;11;2;93;68;55;11;15;2;3;9;0;125;81;52;22;16;15;19;5;4680;18;1745;6;6;7;NA;NA;4;3;6;NA;NA;2014-06-23;2014;"2014-540:227";100;0;5,67807190511264;3,83007499855769;1;"Kevin Anderson";36;"Andy Murray";3,83007499855769;5,67807190511264;-1,84799690655495;28;27,1;0,899999999999999;203;190;13;0,666666666666667;0,789473684210526;0,789473684210526;0,666666666666667;0,12280701754386;19;3;15;2;4;1;1;4;-3;1;0;0
"648531";"2014-540";"Wimbledon";"Grass";"128";"Grand Slams";231;43;"Milos Raonic";"R";196;"CAN";23,4;38;"Kei Nishikori";"R";178;"JPN";24,4;"4-6 6-1 7-6(4) 6-3";5;"R16";147;35;2;114;75;64;23;20;6;7;11;1;113;72;52;23;18;4;7;9;3245;12;2690;4;6;7;6;NA;6;1;6;3;NA;2014-06-23;2014;"2014-540:231";101;0;4,83007499855769;4,41503749927884;38;"Kei Nishikori";43;"Milos Raonic";4,41503749927884;4,83007499855769;-0,415037499278844;24,4;23,4;1;178;196;-18;0,857142857142857;0,571428571428571;0,571428571428571;0,857142857142857;-0,285714285714286;7;7;4;6;3;1;1;3;-2;1;0;0
"648532";"2014-540";"Wimbledon";"Grass";"128";"Grand Slams";232;30;"Nick Kyrgios";"R";193;"AUS";19,1;37;"Rafael Nadal";"L";185;"ESP";28;"7-6(5) 5-7 7-6(5) 6-3";5;"R16";178;37;4;144;98;81;25;23;2;3;11;3;137;100;77;22;22;3;4;144;400;1;12500;7;5;7;6;NA;6;7;6;3;NA;2014-06-23;2014;"2014-540:232";102;1;0,830074998557688;8;30;"Nick Kyrgios";37;"Rafael Nadal";0,830074998557688;8;-7,16992500144231;19,1;28;-8,9;193;185;8;0,666666666666667;0,75;0,666666666666667;0,75;-0,0833333333333334;4;3;3;2;1;1;1;1;0;1;0;0
"648533";"2014-540";"Wimbledon";"Grass";"128";"Grand Slams";233;14;"Novak Djokovic";"R";188;"SRB";27;11;"Marin Cilic";"R";198;"CRO";25,7;"6-1 3-6 6-7(4) 6-2 6-2";5;"QF";198;10;3;132;92;68;23;22;2;4;10;6;160;89;61;29;22;12;19;2;12330;29;1350;6;3;6;6;6;1;6;7;2;2;2014-06-23;2014;"2014-540:233";103;0;7;3,14201900487243;11;"Marin Cilic";14;"Novak Djokovic";3,14201900487243;7;-3,85798099512757;25,7;27;-1,3;198;188;10;0,5;0,631578947368421;0,631578947368421;0,5;0,131578947368421;19;4;12;2;7;2;2;7;-5;1;0;0
"648534";"2014-540";"Wimbledon";"Grass";"128";"Grand Slams";234;13;"Grigor Dimitrov";"R";188;"BUL";23,1;36;"Andy Murray";"R";190;"GBR";27,1;"6-1 7-6(4) 6-2";5;"QF";121;10;3;91;57;44;20;14;1;2;5;5;82;50;36;10;13;4;9;13;2595;5;4680;6;7;6;NA;NA;1;6;2;NA;NA;2014-06-23;2014;"2014-540:234";104;1;4,29956028185891;5,67807190511264;13;"Grigor Dimitrov";36;"Andy Murray";4,29956028185891;5,67807190511264;-1,37851162325373;23,1;27,1;-4;188;190;-2;0,5;0,444444444444444;0,5;0,444444444444444;0,0555555555555556;9;2;4;1;5;1;5;1;4;1;0;0
"648535";"2014-540";"Wimbledon";"Grass";"128";"Grand Slams";235;16;"Roger Federer";"R";185;"SUI";32,8;54;"Stan Wawrinka";"R";183;"SUI";29,2;"3-6 7-6(5) 6-4 6-4";5;"QF";153;10;1;119;77;61;29;20;3;4;9;1;124;74;57;31;21;5;7;4;4945;3;5420;3;7;6;6;NA;6;6;4;4;NA;2014-06-23;2014;"2014-540:235";105;1;6;6,41503749927884;16;"Roger Federer";54;"Stan Wawrinka";6;6,41503749927884;-0,415037499278844;32,8;29,2;3,6;185;183;2;0,75;0,714285714285714;0,75;0,714285714285714;0,0357142857142857;7;4;5;3;2;1;2;1;1;1;0;0
"648536";"2014-540";"Wimbledon";"Grass";"128";"Grand Slams";236;43;"Milos Raonic";"R";196;"CAN";23,4;30;"Nick Kyrgios";"R";193;"AUS";19,1;"6-7(4) 6-2 6-4 7-6(4)";5;"QF";144;39;2;111;78;69;22;21;0;1;15;1;144;103;69;22;21;5;9;9;3245;144;400;6;6;6;7;NA;7;2;4;6;NA;2014-06-23;2014;"2014-540:236";106;0;4,83007499855769;0,830074998557688;30;"Nick Kyrgios";43;"Milos Raonic";0,830074998557688;4,83007499855769;-4;19,1;23,4;-4,3;193;196;-3;0;0,555555555555556;0,555555555555556;0;0,555555555555556;9;1;5;0;4;1;1;4;-3;1;0;0
"648537";"2014-540";"Wimbledon";"Grass";"128";"Grand Slams";237;14;"Novak Djokovic";"R";188;"SRB";27;13;"Grigor Dimitrov";"R";188;"BUL";23,1;"6-4 3-6 7-6(2) 7-6(7)";5;"SF";182;17;2;145;102;74;24;21;8;11;15;8;131;82;67;22;22;3;6;2;12330;13;2595;6;3;7;7;NA;4;6;6;6;NA;2014-06-23;2014;"2014-540:237";107;0;7;4,29956028185891;13;"Grigor Dimitrov";14;"Novak Djokovic";4,29956028185891;7;-2,70043971814109;23,1;27;-3,9;188;188;0;0,727272727272727;0,5;0,5;0,727272727272727;-0,227272727272727;6;11;3;8;3;3;3;3;0;1;0;0
"648538";"2014-540";"Wimbledon";"Grass";"128";"Grand Slams";238;16;"Roger Federer";"R";185;"SUI";32,8;43;"Milos Raonic";"R";196;"CAN";23,4;"6-4 6-4 6-4";5;"SF";101;6;1;80;52;42;19;15;1;1;17;4;84;46;37;19;15;4;7;4;4945;9;3245;6;6;6;NA;NA;4;4;4;NA;NA;2014-06-23;2014;"2014-540:238";108;1;6;4,83007499855769;16;"Roger Federer";43;"Milos Raonic";6;4,83007499855769;1,16992500144231;32,8;23,4;9,4;185;196;-11;1;0,571428571428571;1;0,571428571428571;0,428571428571429;7;1;4;1;3;0;3;0;3;1;0;0
"648539";"2014-540";"Wimbledon";"Grass";"128";"Grand Slams";239;14;"Novak Djokovic";"R";188;"SRB";27;16;"Roger Federer";"R";185;"SUI";32,8;"6-7(7) 6-4 7-6(4) 5-7 6-4";5;"F";236;13;3;174;108;79;43;28;4;7;29;5;192;133;102;26;28;11;15;2;12330;4;4945;6;6;7;5;6;7;4;6;7;4;2014-06-23;2014;"2014-540:239";109;1;7;6;14;"Novak Djokovic";16;"Roger Federer";7;6;1;27;32,8;-5,8;188;185;3;0,571428571428571;0,733333333333333;0,571428571428571;0,733333333333333;-0,161904761904762;15;7;11;4;4;3;4;3;1;1;0;0
"679493";"2015-540";"Wimbledon";"Grass";"128";"Grand Slams";113;14;"Novak Djokovic";"R";188;"SRB";28,1;27;"Philipp Kohlschreiber";"R";178;"GER";31,7;"6-4 6-4 6-4";5;"R128";NA;12;1;84;61;46;13;15;7;9;6;4;103;66;42;17;15;7;12;1;13845;33;1195;6;6;6;NA;NA;4;4;4;NA;NA;2015-06-29;2015;"2015-540:113";110;1;8;2,95560588064155;14;"Novak Djokovic";27;"Philipp Kohlschreiber";8;2,95560588064155;5,04439411935845;28,1;31,7;-3,6;188;178;10;0,777777777777778;0,583333333333333;0,777777777777778;0,583333333333333;0,194444444444444;12;9;7;7;5;2;5;2;3;1;0;0
"679521";"2015-540";"Wimbledon";"Grass";"128";"Grand Slams";141;30;"Nick Kyrgios";"R";193;"AUS";20,1;45;"Diego Schwartzman";"R";170;"ARG";22,8;"6-0 6-2 7-6(6)";5;"R128";NA;12;3;77;44;35;20;13;0;1;2;2;82;50;31;14;13;7;13;29;1245;64;760;6;6;7;NA;NA;0;2;6;NA;NA;2015-06-29;2015;"2015-540:141";111;1;3,14201900487243;2;30;"Nick Kyrgios";45;"Diego Schwartzman";3,14201900487243;2;1,14201900487243;20,1;22,8;-2,7;193;170;23;0;0,538461538461538;0;0,538461538461538;-0,538461538461538;13;1;7;0;6;1;6;1;5;1;0;0
"679540";"2015-540";"Wimbledon";"Grass";"128";"Grand Slams";160;36;"Andy Murray";"R";190;"GBR";28,1;29;"Mikhail Kukushkin";"R";183;"KAZ";27,5;"6-4 7-6(3) 6-4";5;"R128";NA;14;3;95;62;47;16;16;4;7;4;3;109;62;39;22;16;2;7;3;7450;59;827;6;7;6;NA;NA;4;6;4;NA;NA;2015-06-29;2015;"2015-540:160";112;0;6,41503749927884;2,11735695063816;29;"Mikhail Kukushkin";36;"Andy Murray";2,11735695063816;6,41503749927884;-4,29768054864069;27,5;28,1;-0,600000000000001;183;190;-7;0,571428571428571;0,285714285714286;0,285714285714286;0,571428571428571;-0,285714285714286;7;7;2;4;5;3;3;5;-2;1;0;0
"679541";"2015-540";"Wimbledon";"Grass";"128";"Grand Slams";161;8;"Tomas Berdych";"R";196;"CZE";29,7;10;"Jeremy Chardy";"R";188;"FRA";28,3;"6-2 6-7(8) 7-6(3) 7-6(5)";5;"R128";NA;16;2;136;89;78;27;22;4;5;19;3;156;108;85;21;22;7;10;6;5050;38;1120;6;6;7;7;NA;2;7;6;6;NA;2015-06-29;2015;"2015-540:161";113;1;5,41503749927884;2,75207248655641;8;"Tomas Berdych";10;"Jeremy Chardy";5,41503749927884;2,75207248655641;2,66296501272243;29,7;28,3;1,4;196;188;8;0,8;0,7;0,8;0,7;0,1;10;5;7;4;3;1;3;1;2;1;0;0
"679561";"2015-540";"Wimbledon";"Grass";"128";"Grand Slams";181;11;"Marin Cilic";"R";198;"CRO";26,7;7;"Ricardas Berankis";"R";175;"LTU";25;"6-3 4-6 7-6(6) 4-6 7-5";5;"R64";NA;28;5;164;105;84;33;27;8;11;13;5;159;95;73;37;26;5;8;9;3540;90;577;6;4;7;4;7;3;6;6;6;5;2015-06-29;2015;"2015-540:181";114;0;4,83007499855769;1,50814690367033;7;"Ricardas Berankis";11;"Marin Cilic";1,50814690367033;4,83007499855769;-3,32192809488736;25;26,7;-1,7;175;198;-23;0,727272727272727;0,625;0,625;0,727272727272727;-0,102272727272727;8;11;5;8;3;3;3;3;0;1;0;0
"679563";"2015-540";"Wimbledon";"Grass";"128";"Grand Slams";183;28;"Denis Kudla";"R";180;"USA";22,8;56;"Alexander Zverev";"R";198;"GER";18,1;"6-3 3-6 7-6(2) 6-4";5;"R64";NA;9;6;124;72;54;28;20;7;11;14;8;132;72;55;26;20;4;9;105;496;74;689;6;3;7;6;NA;3;6;6;4;NA;2015-06-29;2015;"2015-540:183";115;1;1,28575448233388;1,79054663437105;28;"Denis Kudla";56;"Alexander Zverev";1,28575448233388;1,79054663437105;-0,504792152037172;22,8;18,1;4,7;180;198;-18;0,636363636363636;0,444444444444444;0,636363636363636;0,444444444444444;0,191919191919192;9;11;4;7;5;4;5;4;1;1;0;0
"679569";"2015-540";"Wimbledon";"Grass";"128";"Grand Slams";189;13;"Grigor Dimitrov";"R";188;"BUL";24,1;25;"Steve Johnson";"R";188;"USA";25,5;"7-6(8) 6-2 7-6(2)";5;"R64";NA;17;4;110;69;58;24;16;3;3;13;5;118;73;53;23;16;5;7;11;2600;52;895;7;6;7;NA;NA;6;2;6;NA;NA;2015-06-29;2015;"2015-540:189";116;1;4,5405683813627;2,29956028185891;13;"Grigor Dimitrov";25;"Steve Johnson";4,5405683813627;2,29956028185891;2,24100809950379;24,1;25,5;-1,4;188;188;0;1;0,714285714285714;1;0,714285714285714;0,285714285714286;7;3;5;3;2;0;2;0;2;1;0;0
"679574";"2015-540";"Wimbledon";"Grass";"128";"Grand Slams";194;41;"Vasek Pospisil";"R";193;"CAN";25;17;"Fabio Fognini";"R";178;"ITA";28;"6-3 6-4 1-6 6-3";5;"R64";NA;23;4;108;60;50;25;18;3;5;4;8;97;57;45;21;17;4;7;56;870;28;1250;6;6;1;6;NA;3;4;6;3;NA;2015-06-29;2015;"2015-540:194";117;0;2,1926450779424;3,1926450779424;17;"Fabio Fognini";41;"Vasek Pospisil";3,1926450779424;2,1926450779424;1;28;25;3;178;193;-15;0,6;0,571428571428571;0,571428571428571;0,6;-0,0285714285714286;7;5;4;3;3;2;2;3;-1;1;0;0
"679580";"2015-540";"Wimbledon";"Grass";"128";"Grand Slams";200;36;"Andy Murray";"R";190;"GBR";28,1;22;"Robin Haase";"R";190;"NED";28,2;"6-1 6-1 6-4";5;"R64";NA;5;2;68;39;32;19;12;1;1;2;6;68;41;26;8;12;2;8;3;7450;78;681;6;6;6;NA;NA;1;1;4;NA;NA;2015-06-29;2015;"2015-540:200";118;0;6,41503749927884;1,71459778113775;22;"Robin Haase";36;"Andy Murray";1,71459778113775;6,41503749927884;-4,70043971814109;28,2;28,1;0,0999999999999979;190;190;0;1;0,25;0,25;1;-0,75;8;1;2;1;6;0;0;6;-6;1;0;0
"679583";"2015-540";"Wimbledon";"Grass";"128";"Grand Slams";203;35;"Gael Monfils";"R";193;"FRA";28,8;33;"Adrian Mannarino";"L";183;"FRA";26,9;"7-6(5) 6-3 7-5";5;"R64";NA;14;3;91;53;45;26;17;1;2;8;1;97;66;49;17;16;1;4;18;1885;34;1188;7;6;7;NA;NA;6;3;5;NA;NA;2015-06-29;2015;"2015-540:203";119;0;3,83007499855769;2,91253715874966;33;"Adrian Mannarino";35;"Gael Monfils";2,91253715874966;3,83007499855769;-0,917537839808027;26,9;28,8;-1,9;183;193;-10;0,5;0,25;0,25;0,5;-0,25;4;2;1;1;3;1;1;3;-2;1;0;0
"679585";"2015-540";"Wimbledon";"Grass";"128";"Grand Slams";205;4;"Nikoloz Basilashvili";"R";185;"GEO";23,3;32;"Feliciano Lopez";"L";188;"ESP";33,7;"7-5 3-6 6-3 2-6 6-4";5;"R64";NA;5;6;147;101;70;27;24;9;13;32;5;142;86;67;29;24;14;18;153;351;16;1935;7;3;6;2;6;5;6;3;6;4;2015-06-29;2015;"2015-540:205";120;1;0,742612157307348;4;4;"Nikoloz Basilashvili";32;"Feliciano Lopez";0,742612157307348;4;-3,25738784269265;23,3;33,7;-10,4;185;188;-3;0,692307692307692;0,777777777777778;0,692307692307692;0,777777777777778;-0,0854700854700855;18;13;14;9;4;4;4;4;0;1;0;0
"679586";"2015-540";"Wimbledon";"Grass";"128";"Grand Slams";206;5;"Roberto Bautista Agut";"R";183;"ESP";27,2;40;"Benoit Paire";"R";196;"FRA";26,1;"2-6 4-6 6-3 6-3 6-3";5;"R64";NA;5;5;135;99;68;20;23;4;8;18;5;144;75;54;33;22;11;16;22;1545;68;745;2;4;6;6;6;6;6;3;3;3;2015-06-29;2015;"2015-540:206";121;1;3,5405683813627;1,91253715874966;5;"Roberto Bautista Agut";40;"Benoit Paire";3,5405683813627;1,91253715874966;1,62803122261304;27,2;26,1;1,1;183;196;-13;0,5;0,6875;0,5;0,6875;-0,1875;16;8;11;4;5;4;5;4;1;1;0;0
"679588";"2015-540";"Wimbledon";"Grass";"128";"Grand Slams";208;16;"Roger Federer";"R";185;"SUI";33,8;42;"Sam Querrey";"R";198;"USA";27,7;"6-4 6-2 6-2";5;"R64";NA;6;2;77;47;37;19;13;2;2;7;2;79;45;32;15;13;7;12;2;9665;36;1140;6;6;6;NA;NA;4;2;2;NA;NA;2015-06-29;2015;"2015-540:208";122;1;7;2,83007499855769;16;"Roger Federer";42;"Sam Querrey";7;2,83007499855769;4,16992500144231;33,8;27,7;6,1;185;198;-13;1;0,583333333333333;1;0,583333333333333;0,416666666666667;12;2;7;2;5;0;5;0;5;1;0;0
"679589";"2015-540";"Wimbledon";"Grass";"128";"Grand Slams";209;14;"Novak Djokovic";"R";188;"SRB";28,1;51;"Bernard Tomic";"R";193;"AUS";22,6;"6-3 6-3 6-3";5;"R32";NA;15;1;81;58;47;15;14;3;3;9;2;82;54;33;15;13;9;13;1;13845;26;1355;6;6;6;NA;NA;3;3;3;NA;NA;2015-06-29;2015;"2015-540:209";123;1;8;3,29956028185891;14;"Novak Djokovic";51;"Bernard Tomic";8;3,29956028185891;4,70043971814109;28,1;22,6;5,5;188;193;-5;1;0,692307692307692;1;0,692307692307692;0,307692307692308;13;3;9;3;4;0;4;0;4;1;0;0
"679591";"2015-540";"Wimbledon";"Grass";"128";"Grand Slams";211;11;"Marin Cilic";"R";198;"CRO";26,7;24;"John Isner";"R";206;"USA";30,1;"7-6(4) 6-7(6) 6-4 6-7(4) 12-10";5;"R32";NA;35;5;195;125;110;40;34;4;5;37;3;242;175;133;28;34;7;10;9;3540;17;1890;7;6;6;6;12;6;7;4;7;10;2015-06-29;2015;"2015-540:211";124;1;4,83007499855769;3,91253715874966;11;"Marin Cilic";24;"John Isner";4,83007499855769;3,91253715874966;0,917537839808027;26,7;30,1;-3,4;198;206;-8;0,8;0,7;0,8;0,7;0,1;10;5;7;4;3;1;3;1;2;1;0;0
"679594";"2015-540";"Wimbledon";"Grass";"128";"Grand Slams";214;21;"David Goffin";"R";180;"BEL";24,5;3;"Marcos Baghdatis";"R";183;"CYP";30;"6-3 6-4 6-2";5;"R32";NA;7;7;86;54;47;11;14;5;7;7;3;78;45;28;14;13;4;10;15;2010;54;880;6;6;6;NA;NA;3;4;2;NA;NA;2015-06-29;2015;"2015-540:214";125;0;4,09310940439148;2,24511249783653;3;"Marcos Baghdatis";21;"David Goffin";2,24511249783653;4,09310940439148;-1,84799690655495;30;24,5;5,5;183;180;3;0,714285714285714;0,4;0,4;0,714285714285714;-0,314285714285714;10;7;4;5;6;2;2;6;-4;1;0;0
"679595";"2015-540";"Wimbledon";"Grass";"128";"Grand Slams";215;20;"Richard Gasquet";"R";185;"FRA";29;13;"Grigor Dimitrov";"R";188;"BUL";24,1;"6-3 6-4 6-4";5;"R32";NA;3;5;100;56;47;23;15;5;5;11;2;72;47;35;15;14;1;4;20;1610;11;2600;6;6;6;NA;NA;3;4;4;NA;NA;2015-06-29;2015;"2015-540:215";126;0;3,67807190511264;4,5405683813627;13;"Grigor Dimitrov";20;"Richard Gasquet";4,5405683813627;3,67807190511264;0,862496476250065;24,1;29;-4,9;188;185;3;1;0,25;0,25;1;-0,75;4;5;1;5;3;0;0;3;-3;1;0;0
"679596";"2015-540";"Wimbledon";"Grass";"128";"Grand Slams";216;30;"Nick Kyrgios";"R";193;"AUS";20,1;43;"Milos Raonic";"R";196;"CAN";24,5;"5-7 7-5 7-6(3) 6-3";5;"R32";NA;34;6;128;85;71;26;23;6;7;18;6;133;91;69;24;22;5;7;29;1245;8;4440;5;7;7;6;NA;7;5;6;3;NA;2015-06-29;2015;"2015-540:216";127;1;3,14201900487243;5;30;"Nick Kyrgios";43;"Milos Raonic";3,14201900487243;5;-1,85798099512757;20,1;24,5;-4,4;193;196;-3;0,857142857142857;0,714285714285714;0,857142857142857;0,714285714285714;0,142857142857143;7;7;5;6;2;1;2;1;1;1;0;0
"679600";"2015-540";"Wimbledon";"Grass";"128";"Grand Slams";220;36;"Andy Murray";"R";190;"GBR";28,1;46;"Andreas Seppi";"R";190;"ITA";31,3;"6-2 6-2 1-6 6-1";5;"R32";NA;10;3;94;60;42;18;15;7;10;4;2;91;56;31;16;15;5;12;3;7450;27;1280;6;6;1;6;NA;2;2;6;1;NA;2015-06-29;2015;"2015-540:220";128;1;6,41503749927884;3,24511249783653;36;"Andy Murray";46;"Andreas Seppi";6,41503749927884;3,24511249783653;3,16992500144231;28,1;31,3;-3,2;190;190;0;0,7;0,416666666666667;0,7;0,416666666666667;0,283333333333333;12;10;5;7;7;3;7;3;4;1;0;0
"679601";"2015-540";"Wimbledon";"Grass";"128";"Grand Slams";221;8;"Tomas Berdych";"R";196;"CZE";29,7;2;"Pablo Andujar";"R";180;"ESP";29,4;"4-6 6-0 6-3 7-6(3)";5;"R32";NA;14;3;115;67;52;27;19;4;8;3;2;123;84;53;13;18;11;18;6;5050;37;1125;4;6;6;7;NA;6;0;3;6;NA;2015-06-29;2015;"2015-540:221";129;0;5,41503749927884;2,79054663437105;2;"Pablo Andujar";8;"Tomas Berdych";2,79054663437105;5,41503749927884;-2,62449086490779;29,4;29,7;-0,300000000000001;180;196;-16;0,5;0,611111111111111;0,611111111111111;0,5;0,111111111111111;18;8;11;4;7;4;4;7;-3;1;0;0
"679602";"2015-540";"Wimbledon";"Grass";"128";"Grand Slams";222;48;"Gilles Simon";"R";183;"FRA";30,5;35;"Gael Monfils";"R";193;"FRA";28,8;"3-6 6-3 7-6(6) 2-6 6-2";5;"R32";NA;2;2;157;104;66;29;23;7;12;20;4;159;112;75;20;23;7;12;13;2435;18;1885;3;6;7;2;6;6;3;6;6;2;2015-06-29;2015;"2015-540:222";130;0;4,29956028185891;3,83007499855769;35;"Gael Monfils";48;"Gilles Simon";3,83007499855769;4,29956028185891;-0,46948528330122;28,8;30,5;-1,7;193;183;10;0,583333333333333;0,583333333333333;0,583333333333333;0,583333333333333;0;12;12;7;7;5;5;5;5;0;1;0;0
"679603";"2015-540";"Wimbledon";"Grass";"128";"Grand Slams";223;5;"Roberto Bautista Agut";"R";183;"ESP";27,2;4;"Nikoloz Basilashvili";"R";185;"GEO";23,3;"7-6(4) 6-0 6-1";5;"R32";NA;3;1;77;59;45;12;12;4;4;5;3;86;66;34;8;13;3;9;22;1545;153;351;7;6;6;NA;NA;6;0;1;NA;NA;2015-06-29;2015;"2015-540:223";131;0;3,5405683813627;0,742612157307348;4;"Nikoloz Basilashvili";5;"Roberto Bautista Agut";0,742612157307348;3,5405683813627;-2,79795622405535;23,3;27,2;-3,9;185;183;2;1;0,333333333333333;0,333333333333333;1;-0,666666666666667;9;4;3;4;6;0;0;6;-6;1;0;0
"679605";"2015-540";"Wimbledon";"Grass";"128";"Grand Slams";225;14;"Novak Djokovic";"R";188;"SRB";28,1;1;"Kevin Anderson";"R";203;"RSA";29,1;"6-7(6) 6-7(6) 6-1 6-4 7-5";5;"R16";NA;13;4;170;116;86;37;27;7;8;40;8;168;98;81;29;26;3;8;1;13845;14;2090;6;6;6;6;7;7;7;1;4;5;2015-06-29;2015;"2015-540:225";132;0;8;4,1926450779424;1;"Kevin Anderson";14;"Novak Djokovic";4,1926450779424;8;-3,8073549220576;29,1;28,1;1;203;188;15;0,875;0,375;0,375;0,875;-0,5;8;8;3;7;5;1;1;5;-4;1;0;0
"679606";"2015-540";"Wimbledon";"Grass";"128";"Grand Slams";226;11;"Marin Cilic";"R";198;"CRO";26,7;28;"Denis Kudla";"R";180;"USA";22,8;"6-4 4-6 6-3 7-5";5;"R16";NA;21;4;125;79;61;25;21;7;9;11;14;150;85;62;29;20;8;12;9;3540;105;496;6;4;6;7;NA;4;6;3;5;NA;2015-06-29;2015;"2015-540:226";133;1;4,83007499855769;1,28575448233388;11;"Marin Cilic";28;"Denis Kudla";4,83007499855769;1,28575448233388;3,54432051622381;26,7;22,8;3,9;198;180;18;0,777777777777778;0,666666666666667;0,777777777777778;0,666666666666667;0,111111111111111;12;9;8;7;4;2;4;2;2;1;0;0
"679607";"2015-540";"Wimbledon";"Grass";"128";"Grand Slams";227;54;"Stan Wawrinka";"R";183;"SUI";30,2;21;"David Goffin";"R";180;"BEL";24,5;"7-6(3) 7-6(7) 6-4";5;"R16";NA;13;6;115;65;54;24;17;2;4;4;2;113;64;47;26;17;2;5;4;5790;15;2010;7;7;6;NA;NA;6;6;4;NA;NA;2015-06-29;2015;"2015-540:227";134;0;6;4,09310940439148;21;"David Goffin";54;"Stan Wawrinka";4,09310940439148;6;-1,90689059560852;24,5;30,2;-5,7;180;183;-3;0,5;0,4;0,4;0,5;-0,1;5;4;2;2;3;2;2;3;-1;1;0;0
"679608";"2015-540";"Wimbledon";"Grass";"128";"Grand Slams";228;20;"Richard Gasquet";"R";185;"FRA";29;30;"Nick Kyrgios";"R";193;"AUS";20,1;"7-5 6-1 6-7(7) 7-6(6)";5;"R16";NA;19;3;135;81;70;29;22;4;6;23;10;155;96;70;25;21;9;14;20;1610;29;1245;7;6;6;7;NA;5;1;7;6;NA;2015-06-29;2015;"2015-540:228";135;1;3,67807190511264;3,14201900487243;20;"Richard Gasquet";30;"Nick Kyrgios";3,67807190511264;3,14201900487243;0,536052900240209;29;20,1;8,9;185;193;-8;0,666666666666667;0,642857142857143;0,666666666666667;0,642857142857143;0,0238095238095237;14;6;9;4;5;2;5;2;3;1;0;0
"679612";"2015-540";"Wimbledon";"Grass";"128";"Grand Slams";232;16;"Roger Federer";"R";185;"SUI";33,8;5;"Roberto Bautista Agut";"R";183;"ESP";27,2;"6-2 6-2 6-3";5;"R16";NA;7;0;56;38;35;13;12;0;0;2;0;84;56;30;15;13;7;13;2;9665;22;1545;6;6;6;NA;NA;2;2;3;NA;NA;2015-06-29;2015;"2015-540:232";136;0;7;3,5405683813627;5;"Roberto Bautista Agut";16;"Roger Federer";3,5405683813627;7;-3,4594316186373;27,2;33,8;-6,6;183;185;-2;1,5;0,538461538461538;0,538461538461538;1,5;-0,961538461538462;13;0;7;0;6;0;0;6;-6;1;0;0
"679613";"2015-540";"Wimbledon";"Grass";"128";"Grand Slams";233;14;"Novak Djokovic";"R";188;"SRB";28,1;11;"Marin Cilic";"R";198;"CRO";26,7;"6-4 6-4 6-4";5;"QF";NA;4;1;81;58;46;17;15;0;0;8;0;83;46;35;18;15;2;5;1;13845;9;3540;6;6;6;NA;NA;4;4;4;NA;NA;2015-06-29;2015;"2015-540:233";137;0;8;4,83007499855769;11;"Marin Cilic";14;"Novak Djokovic";4,83007499855769;8;-3,16992500144231;26,7;28,1;-1,4;198;188;10;1,5;0,4;0,4;1,5;-1,1;5;0;2;0;3;0;0;3;-3;1;0;0
"679614";"2015-540";"Wimbledon";"Grass";"128";"Grand Slams";234;20;"Richard Gasquet";"R";185;"FRA";29;54;"Stan Wawrinka";"R";183;"SUI";30,2;"6-4 4-6 3-6 6-4 11-9";5;"QF";NA;6;4;160;107;79;35;29;5;9;22;1;163;99;77;35;30;4;9;20;1610;4;5790;6;4;3;6;11;4;6;6;4;9;2015-06-29;2015;"2015-540:234";138;1;3,67807190511264;6;20;"Richard Gasquet";54;"Stan Wawrinka";3,67807190511264;6;-2,32192809488736;29;30,2;-1,2;185;183;2;0,555555555555556;0,444444444444444;0,555555555555556;0,444444444444444;0,111111111111111;9;9;4;5;5;4;5;4;1;1;0;0
"679615";"2015-540";"Wimbledon";"Grass";"128";"Grand Slams";235;36;"Andy Murray";"R";190;"GBR";28,1;41;"Vasek Pospisil";"R";193;"CAN";25;"6-4 7-5 6-4";5;"QF";NA;4;3;90;58;49;18;16;1;1;9;3;92;54;43;18;16;5;8;3;7450;56;870;6;7;6;NA;NA;4;5;4;NA;NA;2015-06-29;2015;"2015-540:235";139;1;6,41503749927884;2,1926450779424;36;"Andy Murray";41;"Vasek Pospisil";6,41503749927884;2,1926450779424;4,22239242133645;28,1;25;3,1;190;193;-3;1;0,625;1;0,625;0,375;8;1;5;1;3;0;3;0;3;1;0;0
"679616";"2015-540";"Wimbledon";"Grass";"128";"Grand Slams";236;16;"Roger Federer";"R";185;"SUI";33,8;48;"Gilles Simon";"R";183;"FRA";30,5;"6-3 7-5 6-2";5;"QF";NA;11;1;75;55;44;12;15;0;1;1;2;83;48;29;19;14;3;8;2;9665;13;2435;6;7;6;NA;NA;3;5;2;NA;NA;2015-06-29;2015;"2015-540:236";140;1;7;4,29956028185891;16;"Roger Federer";48;"Gilles Simon";7;4,29956028185891;2,70043971814109;33,8;30,5;3,3;185;183;2;0;0,375;0;0,375;-0,375;8;1;3;0;5;1;5;1;4;1;0;0
"679617";"2015-540";"Wimbledon";"Grass";"128";"Grand Slams";237;14;"Novak Djokovic";"R";188;"SRB";28,1;20;"Richard Gasquet";"R";185;"FRA";29;"7-6(2) 6-4 6-4";5;"SF";NA;12;2;98;74;58;11;16;3;4;6;6;113;58;38;30;16;5;8;1;13845;20;1610;7;6;6;NA;NA;6;4;4;NA;NA;2015-06-29;2015;"2015-540:237";141;1;8;3,67807190511264;14;"Novak Djokovic";20;"Richard Gasquet";8;3,67807190511264;4,32192809488736;28,1;29;-0,899999999999999;188;185;3;0,75;0,625;0,75;0,625;0,125;8;4;5;3;3;1;3;1;2;1;0;0
"679618";"2015-540";"Wimbledon";"Grass";"128";"Grand Slams";238;16;"Roger Federer";"R";185;"SUI";33,8;36;"Andy Murray";"R";190;"GBR";28,1;"7-5 7-5 6-4";5;"SF";NA;20;1;91;69;58;12;17;1;1;12;1;107;79;56;14;17;7;10;2;9665;3;7450;7;7;6;NA;NA;5;5;4;NA;NA;2015-06-29;2015;"2015-540:238";142;1;7;6,41503749927884;16;"Roger Federer";36;"Andy Murray";7;6,41503749927884;0,584962500721156;33,8;28,1;5,7;185;190;-5;1;0,7;1;0,7;0,3;10;1;7;1;3;0;3;0;3;1;0;0
"679619";"2015-540";"Wimbledon";"Grass";"128";"Grand Slams";239;14;"Novak Djokovic";"R";188;"SRB";28,1;16;"Roger Federer";"R";185;"SUI";33,8;"7-6(1) 6-7(10) 6-4 6-3";5;"F";176;13;1;145;95;70;30;21;6;7;14;3;141;94;70;23;22;6;10;1;13845;2;9665;7;6;6;6;NA;6;7;4;3;NA;2015-06-29;2015;"2015-540:239";143;1;8;7;14;"Novak Djokovic";16;"Roger Federer";8;7;1;28,1;33,8;-5,7;188;185;3;0,857142857142857;0,6;0,857142857142857;0,6;0,257142857142857;10;7;6;6;4;1;4;1;3;1;0;0
"710442";"2016-540";"Wimbledon";"Grass";"128";"Grand Slams";126;22;"Robin Haase";"R";190;"NED";29,2;45;"Diego Schwartzman";"R";170;"ARG";23,8;"2-6 6-2 6-3 2-6 7-5";5;"R128";150;12;4;125;64;47;32;23;3;9;0;3;132;88;60;21;22;8;15;98;615;71;746;2;6;6;2;7;6;2;3;6;5;2016-06-27;2016;"2016-540:126";144;1;1,38529015588479;1,85025288049532;22;"Robin Haase";45;"Diego Schwartzman";1,38529015588479;1,85025288049532;-0,464962724610526;29,2;23,8;5,4;190;170;20;0,333333333333333;0,533333333333333;0,333333333333333;0,533333333333333;-0,2;15;9;8;3;7;6;7;6;1;1;0;0
"710449";"2016-540";"Wimbledon";"Grass";"128";"Grand Slams";133;10;"Jeremy Chardy";"R";188;"FRA";29,3;35;"Gael Monfils";"R";193;"FRA";29,8;"6-7(4) 6-0 4-6 6-1 6-2";5;"R128";156;12;4;138;91;75;22;22;8;9;19;7;139;91;59;20;21;6;13;34;1175;16;2110;6;6;4;6;6;7;0;6;1;2;2016-06-27;2016;"2016-540:133";145;1;2,91253715874966;4;10;"Jeremy Chardy";35;"Gael Monfils";2,91253715874966;4;-1,08746284125034;29,3;29,8;-0,5;188;193;-5;0,888888888888889;0,461538461538462;0,888888888888889;0,461538461538462;0,427350427350427;13;9;6;8;7;1;7;1;6;1;0;0
"710476";"2016-540";"Wimbledon";"Grass";"128";"Grand Slams";160;54;"Stan Wawrinka";"R";183;"SUI";31,2;18;"Taylor Fritz";"R";193;"USA";18,6;"7-6(4) 6-1 6-7(2) 6-4";5;"R128";143;6;1;114;62;50;36;21;2;3;6;3;154;90;60;30;20;7;12;5;5035;65;778;7;6;6;6;NA;6;1;7;4;NA;2016-06-27;2016;"2016-540:160";146;0;5,67807190511264;1,97763218697155;18;"Taylor Fritz";54;"Stan Wawrinka";1,97763218697155;5,67807190511264;-3,70043971814109;18,6;31,2;-12,6;193;183;10;0,666666666666667;0,583333333333333;0,583333333333333;0,666666666666667;-0,0833333333333333;12;3;7;2;5;1;1;5;-4;1;0;0
"710477";"2016-540";"Wimbledon";"Grass";"128";"Grand Slams";161;20;"Richard Gasquet";"R";185;"FRA";30;6;"Aljaz Bedene";"R";181;"SLO";26,9;"6-3 6-4 6-3";5;"R128";132;7;2;99;59;46;20;14;6;7;7;4;101;58;37;17;14;7;12;10;2905;56;870;6;6;6;NA;NA;3;4;3;NA;NA;2016-06-27;2016;"2016-540:161";147;0;4,67807190511264;2,1926450779424;6;"Aljaz Bedene";20;"Richard Gasquet";2,1926450779424;4,67807190511264;-2,48542682717024;26,9;30;-3,1;181;185;-4;0,857142857142857;0,583333333333333;0,583333333333333;0,857142857142857;-0,273809523809524;12;7;7;6;5;1;1;5;-4;1;0;0
"710481";"2016-540";"Wimbledon";"Grass";"128";"Grand Slams";165;24;"John Isner";"R";206;"USA";31,1;3;"Marcos Baghdatis";"R";183;"CYP";31;"7-6(2) 7-6(5) 6-3";5;"R128";136;33;4;95;69;60;14;17;0;2;9;6;104;55;41;27;16;6;9;17;2055;40;1085;7;7;6;NA;NA;6;6;3;NA;NA;2016-06-27;2016;"2016-540:165";148;0;3,91253715874966;2,67807190511264;3;"Marcos Baghdatis";24;"John Isner";2,67807190511264;3,91253715874966;-1,23446525363702;31;31,1;-0,100000000000001;183;206;-23;0;0,666666666666667;0,666666666666667;0;0,666666666666667;9;2;6;0;3;2;2;3;-1;1;0;0
"710493";"2016-540";"Wimbledon";"Grass";"128";"Grand Slams";177;14;"Novak Djokovic";"R";188;"SRB";29,1;33;"Adrian Mannarino";"L";183;"FRA";27,9;"6-4 6-3 7-6(5)";5;"R64";124;6;8;103;67;56;17;16;8;9;5;3;95;61;46;15;15;4;7;1;16950;55;880;6;6;7;NA;NA;4;3;6;NA;NA;2016-06-27;2016;"2016-540:177";149;1;8;2,21864028647534;14;"Novak Djokovic";33;"Adrian Mannarino";8;2,21864028647534;5,78135971352466;29,1;27,9;1,2;188;183;5;0,888888888888889;0,571428571428571;0,888888888888889;0,571428571428571;0,317460317460317;7;9;4;8;3;1;3;1;2;1;0;0
"710499";"2016-540";"Wimbledon";"Grass";"128";"Grand Slams";183;49;"Jack Sock";"R";185;"USA";23,7;22;"Robin Haase";"R";190;"NED";29,2;"6-1 6-3 6-7(3) 6-4";5;"R64";136;17;5;115;73;58;27;19;6;6;14;3;128;90;60;17;19;9;14;26;1415;98;615;6;6;6;6;NA;1;3;7;4;NA;2016-06-27;2016;"2016-540:183";150;0;3,29956028185891;1,38529015588479;22;"Robin Haase";49;"Jack Sock";1,38529015588479;3,29956028185891;-1,91427012597412;29,2;23,7;5,5;190;185;5;1;0,642857142857143;0,642857142857143;1;-0,357142857142857;14;6;9;6;5;0;0;5;-5;1;0;0
"710500";"2016-540";"Wimbledon";"Grass";"128";"Grand Slams";184;43;"Milos Raonic";"R";196;"CAN";25,5;46;"Andreas Seppi";"R";190;"ITA";32,3;"7-6(5) 6-4 6-2";5;"R64";117;25;4;83;60;51;16;15;2;2;2;2;97;50;40;23;15;3;6;7;3175;45;955;7;6;6;NA;NA;6;4;2;NA;NA;2016-06-27;2016;"2016-540:184";151;1;5,1926450779424;2,50814690367033;43;"Milos Raonic";46;"Andreas Seppi";5,1926450779424;2,50814690367033;2,68449817427207;25,5;32,3;-6,8;196;190;6;1;0,5;1;0,5;0,5;6;2;3;2;3;0;3;0;3;1;0;0
"710503";"2016-540";"Wimbledon";"Grass";"128";"Grand Slams";187;25;"Steve Johnson";"R";188;"USA";26,5;10;"Jeremy Chardy";"R";188;"FRA";29,3;"6-1 7-6(6) 6-3";5;"R64";122;17;2;111;76;58;19;14;8;8;7;4;92;56;37;20;14;4;7;29;1385;34;1175;6;7;6;NA;NA;1;6;3;NA;NA;2016-06-27;2016;"2016-540:187";152;0;3,14201900487243;2,91253715874966;10;"Jeremy Chardy";25;"Steve Johnson";2,91253715874966;3,14201900487243;-0,229481846122767;29,3;26,5;2,8;188;188;0;1;0,571428571428571;0,571428571428571;1;-0,428571428571429;7;8;4;8;3;0;0;3;-3;1;0;0
"710504";"2016-540";"Wimbledon";"Grass";"128";"Grand Slams";188;13;"Grigor Dimitrov";"R";188;"BUL";25,1;48;"Gilles Simon";"R";183;"FRA";31,4;"6-3 7-6(1) 4-6 6-4";5;"R64";182;6;1;126;88;69;15;21;3;7;3;1;113;67;43;29;20;7;12;37;1150;20;1720;6;7;4;6;NA;3;6;6;4;NA;2016-06-27;2016;"2016-540:188";153;1;2,79054663437105;3,67807190511264;13;"Grigor Dimitrov";48;"Gilles Simon";2,79054663437105;3,67807190511264;-0,887525270741587;25,1;31,4;-6,3;188;183;5;0,428571428571429;0,583333333333333;0,428571428571429;0,583333333333333;-0,154761904761905;12;7;7;3;5;4;5;4;1;1;0;0
"710511";"2016-540";"Wimbledon";"Grass";"128";"Grand Slams";195;56;"Alexander Zverev";"R";198;"GER";19,1;55;"Mikhail Youzhny";"R";183;"RUS";34;"6-4 3-6 6-0 4-6 6-2";5;"R64";198;10;10;138;72;58;29;22;7;11;3;2;137;90;55;22;21;4;12;28;1385;70;753;6;3;6;4;6;4;6;0;6;2;2016-06-27;2016;"2016-540:195";154;0;3,1926450779424;1,87071698305503;55;"Mikhail Youzhny";56;"Alexander Zverev";1,87071698305503;3,1926450779424;-1,32192809488736;34;19,1;14,9;183;198;-15;0,636363636363636;0,333333333333333;0,333333333333333;0,636363636363636;-0,303030303030303;12;11;4;7;8;4;4;8;-4;1;0;0
"710522";"2016-540";"Wimbledon";"Grass";"128";"Grand Slams";206;32;"Feliciano Lopez";"L";188;"ESP";34,7;17;"Fabio Fognini";"R";178;"ITA";29;"3-6 6-7(5) 6-3 6-3 6-3";5;"R64";187;21;11;144;82;66;28;24;5;9;7;12;172;100;65;36;24;13;21;21;1630;35;1170;3;6;6;6;6;6;7;3;3;3;2016-06-27;2016;"2016-540:206";155;0;3,60768257722124;2,87071698305503;17;"Fabio Fognini";32;"Feliciano Lopez";2,87071698305503;3,60768257722124;-0,736965594166206;29;34,7;-5,7;178;188;-10;0,555555555555556;0,619047619047619;0,619047619047619;0,555555555555556;0,0634920634920635;21;9;13;5;8;4;4;8;-4;1;0;0
"710525";"2016-540";"Wimbledon";"Grass";"128";"Grand Slams";209;42;"Sam Querrey";"R";198;"USA";28,7;14;"Novak Djokovic";"R";188;"SRB";29,1;"7-6(6) 6-1 3-6 7-6(5)";5;"R32";176;31;2;160;100;79;25;20;14;17;7;2;146;97;63;27;20;11;15;41;1075;1;16950;7;6;3;7;NA;6;1;6;6;NA;2016-06-27;2016;"2016-540:209";156;0;2,64244799538192;8;14;"Novak Djokovic";42;"Sam Querrey";8;2,64244799538192;5,35755200461808;29,1;28,7;0,400000000000002;188;198;-10;0,823529411764706;0,733333333333333;0,733333333333333;0,823529411764706;-0,0901960784313726;15;17;11;14;4;3;3;4;-1;1;0;0
"710528";"2016-540";"Wimbledon";"Grass";"128";"Grand Slams";212;43;"Milos Raonic";"R";196;"CAN";25,5;49;"Jack Sock";"R";185;"USA";23,7;"7-6(2) 6-4 7-6(1)";5;"R32";135;27;3;102;75;65;15;17;3;3;9;6;113;66;49;24;17;8;9;7;3175;26;1415;7;6;7;NA;NA;6;4;6;NA;NA;2016-06-27;2016;"2016-540:212";157;1;5,1926450779424;3,29956028185891;43;"Milos Raonic";49;"Jack Sock";5,1926450779424;3,29956028185891;1,89308479608349;25,5;23,7;1,8;196;185;11;1;0,888888888888889;1;0,888888888888889;0,111111111111111;9;3;8;3;1;0;1;0;1;1;0;0
"710529";"2016-540";"Wimbledon";"Grass";"128";"Grand Slams";213;16;"Roger Federer";"R";185;"SUI";34,8;15;"Daniel Evans";"R";175;"GBR";26;"6-4 6-2 6-2";5;"R32";86;11;0;67;45;40;11;13;1;2;0;8;94;54;26;21;13;9;15;3;6425;91;648;6;6;6;NA;NA;4;2;2;NA;NA;2016-06-27;2016;"2016-540:213";158;0;6,41503749927884;1,4922053598013;15;"Daniel Evans";16;"Roger Federer";1,4922053598013;6,41503749927884;-4,92283213947754;26;34,8;-8,8;175;185;-10;0,5;0,6;0,6;0,5;0,1;15;2;9;1;6;1;1;6;-5;1;0;0
"710530";"2016-540";"Wimbledon";"Grass";"128";"Grand Slams";214;25;"Steve Johnson";"R";188;"USA";26,5;13;"Grigor Dimitrov";"R";188;"BUL";25,1;"6-7(6) 7-6(3) 6-4 6-2";5;"R32";173;11;4;154;95;72;28;21;11;14;8;4;136;87;64;20;21;10;16;29;1385;37;1150;6;7;6;6;NA;7;6;4;2;NA;2016-06-27;2016;"2016-540:214";159;0;3,14201900487243;2,79054663437105;13;"Grigor Dimitrov";25;"Steve Johnson";2,79054663437105;3,14201900487243;-0,351472370501378;25,1;26,5;-1,4;188;188;0;0,785714285714286;0,625;0,625;0,785714285714286;-0,160714285714286;16;14;10;11;6;3;3;6;-3;1;0;0
"710534";"2016-540";"Wimbledon";"Grass";"128";"Grand Slams";218;8;"Tomas Berdych";"R";196;"CZE";30,7;56;"Alexander Zverev";"R";198;"GER";19,1;"6-3 6-4 4-6 6-1";5;"R32";159;13;2;99;63;48;21;18;4;6;8;7;134;86;53;20;18;4;10;9;2950;28;1385;6;6;4;6;NA;3;4;6;1;NA;2016-06-27;2016;"2016-540:218";160;1;4,83007499855769;3,1926450779424;8;"Tomas Berdych";56;"Alexander Zverev";4,83007499855769;3,1926450779424;1,63742992061529;30,7;19,1;11,6;196;198;-2;0,666666666666667;0,4;0,666666666666667;0,4;0,266666666666667;10;6;4;4;6;2;6;2;4;1;0;0
"710535";"2016-540";"Wimbledon";"Grass";"128";"Grand Slams";219;51;"Bernard Tomic";"R";193;"AUS";23,6;5;"Roberto Bautista Agut";"R";183;"ESP";28,2;"6-2 6-4 6-4";5;"R32";107;9;1;94;59;44;21;14;5;5;5;2;95;61;33;21;14;4;8;19;1760;15;2150;6;6;6;NA;NA;2;4;4;NA;NA;2016-06-27;2016;"2016-540:219";161;0;3,75207248655641;4,09310940439148;5;"Roberto Bautista Agut";51;"Bernard Tomic";4,09310940439148;3,75207248655641;0,341036917835067;28,2;23,6;4,6;183;193;-10;1;0,5;0,5;1;-0,5;8;5;4;5;4;0;0;4;-4;1;0;0
"710538";"2016-540";"Wimbledon";"Grass";"128";"Grand Slams";222;52;"Jo-Wilfried Tsonga";"R";188;"FRA";31,1;24;"John Isner";"R";206;"USA";31,1;"6-7(3) 3-6 7-6(5) 6-2 19-17";5;"R32";264;21;4;197;144;129;32;39;3;4;38;7;228;168;136;31;38;3;6;12;2725;17;2055;6;3;7;6;19;7;6;6;2;17;2016-06-27;2016;"2016-540:222";162;0;4,41503749927884;3,91253715874966;24;"John Isner";52;"Jo-Wilfried Tsonga";3,91253715874966;4,41503749927884;-0,502500340529183;31,1;31,1;0;206;188;18;0,75;0,5;0,5;0,75;-0,25;6;4;3;3;3;1;1;3;-2;1;0;0
"710539";"2016-540";"Wimbledon";"Grass";"128";"Grand Slams";223;30;"Nick Kyrgios";"R";193;"AUS";21,1;32;"Feliciano Lopez";"L";188;"ESP";34,7;"6-3 6-7(2) 6-3 6-4";5;"R32";161;27;3;136;98;69;22;20;4;6;11;6;128;68;48;32;20;7;12;18;1855;21;1630;6;6;6;6;NA;3;7;3;4;NA;2016-06-27;2016;"2016-540:223";163;1;3,83007499855769;3,60768257722124;30;"Nick Kyrgios";32;"Feliciano Lopez";3,83007499855769;3,60768257722124;0,222392421336449;21,1;34,7;-13,6;193;188;5;0,666666666666667;0,583333333333333;0,666666666666667;0,583333333333333;0,0833333333333333;12;6;7;4;5;2;5;2;3;1;0;0
"710542";"2016-540";"Wimbledon";"Grass";"128";"Grand Slams";226;43;"Milos Raonic";"R";196;"CAN";25,5;21;"David Goffin";"R";180;"BEL";25,5;"4-6 3-6 6-4 6-4 6-4";5;"R16";182;22;6;139;92;73;27;25;6;9;12;7;139;84;62;32;24;7;10;7;3175;11;2780;4;3;6;6;6;6;6;4;4;4;2016-06-27;2016;"2016-540:226";164;0;5,1926450779424;4,5405683813627;21;"David Goffin";43;"Milos Raonic";4,5405683813627;5,1926450779424;-0,652076696579694;25,5;25,5;0;180;196;-16;0,666666666666667;0,7;0,7;0,666666666666667;0,0333333333333333;10;9;7;6;3;3;3;3;0;1;0;0
"710543";"2016-540";"Wimbledon";"Grass";"128";"Grand Slams";227;16;"Roger Federer";"R";185;"SUI";34,8;25;"Steve Johnson";"R";188;"USA";26,5;"6-2 6-3 7-5";5;"R16";96;6;2;83;55;41;20;15;3;4;8;3;101;65;40;15;14;5;10;3;6425;29;1385;6;6;7;NA;NA;2;3;5;NA;NA;2016-06-27;2016;"2016-540:227";165;1;6,41503749927884;3,14201900487243;16;"Roger Federer";25;"Steve Johnson";6,41503749927884;3,14201900487243;3,27301849440642;34,8;26,5;8,3;185;188;-3;0,75;0,5;0,75;0,5;0,25;10;4;5;3;5;1;5;1;4;1;0;0
"710545";"2016-540";"Wimbledon";"Grass";"128";"Grand Slams";229;8;"Tomas Berdych";"R";196;"CZE";30,7;53;"Jiri Vesely";"L";198;"CZE";22,9;"4-6 6-3 7-6(8) 6-7(9) 6-3";5;"R16";235;6;3;160;97;83;34;26;3;6;26;7;169;105;82;33;26;8;13;9;2950;64;780;4;6;7;6;6;6;3;6;7;3;2016-06-27;2016;"2016-540:229";166;1;4,83007499855769;2;8;"Tomas Berdych";53;"Jiri Vesely";4,83007499855769;2;2,83007499855769;30,7;22,9;7,8;196;198;-2;0,5;0,615384615384615;0,5;0,615384615384615;-0,115384615384615;13;6;8;3;5;3;5;3;2;1;0;0
"710548";"2016-540";"Wimbledon";"Grass";"128";"Grand Slams";232;36;"Andy Murray";"R";190;"GBR";29,1;30;"Nick Kyrgios";"R";193;"AUS";21,1;"7-5 6-1 6-4";5;"R16";102;8;0;76;49;41;20;15;0;0;11;1;87;72;49;3;14;9;13;2;8915;18;1855;7;6;6;NA;NA;5;1;4;NA;NA;2016-06-27;2016;"2016-540:232";167;0;7;3,83007499855769;30;"Nick Kyrgios";36;"Andy Murray";3,83007499855769;7;-3,16992500144231;21,1;29,1;-8;193;190;3;1,5;0,692307692307692;0,692307692307692;1,5;-0,807692307692308;13;0;9;0;4;0;0;4;-4;1;0;0
"710549";"2016-540";"Wimbledon";"Grass";"128";"Grand Slams";233;43;"Milos Raonic";"R";196;"CAN";25,5;42;"Sam Querrey";"R";198;"USA";28,7;"6-4 7-5 5-7 6-4";5;"QF";151;13;2;107;69;60;27;22;1;2;15;5;141;80;65;25;22;2;5;7;3175;41;1075;6;7;5;6;NA;4;5;7;4;NA;2016-06-27;2016;"2016-540:233";168;0;5,1926450779424;2,64244799538192;42;"Sam Querrey";43;"Milos Raonic";2,64244799538192;5,1926450779424;-2,55019708256048;28,7;25,5;3,2;198;196;2;0,5;0,4;0,4;0,5;-0,1;5;2;2;1;3;1;1;3;-2;1;0;0
"710550";"2016-540";"Wimbledon";"Grass";"128";"Grand Slams";234;16;"Roger Federer";"R";185;"SUI";34,8;11;"Marin Cilic";"R";198;"CRO";27,7;"6-7(4) 4-6 6-3 7-6(9) 6-3";5;"QF";197;27;0;169;106;84;37;26;7;8;23;7;163;93;76;38;26;7;9;3;6425;13;2695;6;4;6;7;6;7;6;3;6;3;2016-06-27;2016;"2016-540:234";169;0;6,41503749927884;4,29956028185891;11;"Marin Cilic";16;"Roger Federer";4,29956028185891;6,41503749927884;-2,11547721741994;27,7;34,8;-7,1;198;185;13;0,875;0,777777777777778;0,777777777777778;0,875;-0,0972222222222222;9;8;7;7;2;1;1;2;-1;1;0;0
"710552";"2016-540";"Wimbledon";"Grass";"128";"Grand Slams";236;36;"Andy Murray";"R";190;"GBR";29,1;52;"Jo-Wilfried Tsonga";"R";188;"FRA";31,1;"7-6(10) 6-1 3-6 4-6 6-1";5;"QF";233;14;3;165;101;74;32;23;9;13;15;7;154;95;68;23;22;6;12;2;8915;12;2725;7;6;3;4;6;6;1;6;6;1;2016-06-27;2016;"2016-540:236";170;1;7;4,41503749927884;36;"Andy Murray";52;"Jo-Wilfried Tsonga";7;4,41503749927884;2,58496250072116;29,1;31,1;-2;190;188;2;0,692307692307692;0,5;0,692307692307692;0,5;0,192307692307692;12;13;6;9;6;4;6;4;2;1;0;0
"710553";"2016-540";"Wimbledon";"Grass";"128";"Grand Slams";237;43;"Milos Raonic";"R";196;"CAN";25,5;16;"Roger Federer";"R";185;"SUI";34,8;"6-3 6-7(3) 4-6 7-5 6-3";5;"SF";204;23;11;167;113;94;25;26;8;9;16;5;160;98;80;32;26;5;8;7;3175;3;6425;6;6;4;7;6;3;7;6;5;3;2016-06-27;2016;"2016-540:237";171;0;5,1926450779424;6,41503749927884;16;"Roger Federer";43;"Milos Raonic";6,41503749927884;5,1926450779424;1,22239242133645;34,8;25,5;9,3;185;196;-11;0,888888888888889;0,625;0,625;0,888888888888889;-0,263888888888889;8;9;5;8;3;1;1;3;-2;1;0;0
"710554";"2016-540";"Wimbledon";"Grass";"128";"Grand Slams";238;36;"Andy Murray";"R";190;"GBR";29,1;8;"Tomas Berdych";"R";196;"CZE";30,7;"6-3 6-3 6-3";5;"SF";117;7;2;88;57;44;17;14;2;3;5;1;73;46;32;10;13;5;10;2;8915;9;2950;6;6;6;NA;NA;3;3;3;NA;NA;2016-06-27;2016;"2016-540:238";172;0;7;4,83007499855769;8;"Tomas Berdych";36;"Andy Murray";4,83007499855769;7;-2,16992500144231;30,7;29,1;1,6;196;190;6;0,666666666666667;0,5;0,5;0,666666666666667;-0,166666666666667;10;3;5;2;5;1;1;5;-4;1;0;0
"710555";"2016-540";"Wimbledon";"Grass";"128";"Grand Slams";239;36;"Andy Murray";"R";190;"GBR";29,1;43;"Milos Raonic";"R";196;"CAN";25,5;"6-4 7-6(3) 7-6(2)";5;"F";168;7;2;103;69;60;19;17;2;2;8;1;114;73;49;29;17;6;7;2;8915;7;3175;6;7;7;NA;NA;4;6;6;NA;NA;2016-06-27;2016;"2016-540:239";173;1;7;5,1926450779424;36;"Andy Murray";43;"Milos Raonic";7;5,1926450779424;1,8073549220576;29,1;25,5;3,6;190;196;-6;1;0,857142857142857;1;0,857142857142857;0,142857142857143;7;2;6;2;1;0;1;0;1;1;0;0
"743135";"2017-540";"Wimbledon";"Grass";"128";"Grand Slams";121;52;"Jo-Wilfried Tsonga";"R";188;"FRA";32,2;39;"Cameron Norrie";"L";188;"GBR";21,8;"6-3 6-2 6-2";5;"R128";82;8;1;64;38;31;18;13;0;0;3;4;89;56;29;16;12;6;12;10;3075;221;244;6;6;6;NA;NA;3;2;2;NA;NA;2017-07-03;2017;"2017-540:121";174;0;4,67807190511264;0,212097440608568;39;"Cameron Norrie";52;"Jo-Wilfried Tsonga";0,212097440608568;4,67807190511264;-4,46597446450407;21,8;32,2;-10,4;188;188;0;1,5;0,5;0,5;1,5;-1;12;0;6;0;6;0;0;6;-6;1;0;0
"743142";"2017-540";"Wimbledon";"Grass";"128";"Grand Slams";128;34;"Daniil Medvedev";"R";198;"RUS";21,3;54;"Stan Wawrinka";"R";183;"SUI";32,2;"6-4 3-6 6-4 6-1";5;"R128";132;10;7;111;71;60;17;18;4;6;1;3;108;66;44;20;18;6;11;49;922;3;6175;6;3;6;6;NA;4;6;4;1;NA;2017-07-03;2017;"2017-540:128";175;1;2,38529015588479;6,41503749927884;34;"Daniil Medvedev";54;"Stan Wawrinka";2,38529015588479;6,41503749927884;-4,02974734339405;21,3;32,2;-10,9;198;183;15;0,666666666666667;0,545454545454545;0,666666666666667;0,545454545454545;0,121212121212121;11;6;6;4;5;2;5;2;3;1;0;0
"743158";"2017-540";"Wimbledon";"Grass";"128";"Grand Slams";144;11;"Marin Cilic";"R";198;"CRO";28,7;27;"Philipp Kohlschreiber";"R";178;"GER";33,7;"6-4 6-2 6-3";5;"R128";116;15;1;88;56;44;18;14;4;4;3;2;90;59;39;12;13;6;10;6;4235;60;840;6;6;6;NA;NA;4;2;3;NA;NA;2017-07-03;2017;"2017-540:144";176;1;5,41503749927884;2,09310940439148;11;"Marin Cilic";27;"Philipp Kohlschreiber";5,41503749927884;2,09310940439148;3,32192809488736;28,7;33,7;-5;198;178;20;1;0,6;1;0,6;0,4;10;4;6;4;4;0;4;0;4;1;0;0
"743163";"2017-540";"Wimbledon";"Grass";"128";"Grand Slams";149;49;"Jack Sock";"R";185;"USA";24,7;19;"Cristian Garin";"R";185;"CHI";21;"6-3 4-6 7-6(4) 6-3";5;"R128";134;12;3;113;61;50;35;20;2;4;6;6;115;65;46;28;20;2;5;18;2335;220;245;6;4;7;6;NA;3;6;6;3;NA;2017-07-03;2017;"2017-540:149";177;0;3,83007499855769;0,21864028647534;19;"Cristian Garin";49;"Jack Sock";0,21864028647534;3,83007499855769;-3,61143471208235;21;24,7;-3,7;185;185;0;0,5;0,4;0,4;0,5;-0,1;5;4;2;2;3;2;2;3;-1;1;0;0
"743165";"2017-540";"Wimbledon";"Grass";"128";"Grand Slams";151;50;"Frances Tiafoe";"R";188;"USA";19,4;22;"Robin Haase";"R";190;"NED";30,2;"6-3 3-6 7-6(5) 7-5";5;"R128";147;15;4;131;81;56;30;21;4;8;14;3;131;88;64;21;21;6;11;64;756;38;1028;6;3;7;7;NA;3;6;6;5;NA;2017-07-03;2017;"2017-540:151";178;0;2;2,75207248655641;22;"Robin Haase";50;"Frances Tiafoe";2,75207248655641;2;0,752072486556415;30,2;19,4;10,8;190;188;2;0,5;0,545454545454545;0,545454545454545;0,5;0,0454545454545454;11;8;6;4;5;4;4;5;-1;1;0;0
"743167";"2017-540";"Wimbledon";"Grass";"128";"Grand Slams";153;13;"Grigor Dimitrov";"R";188;"BUL";26,1;45;"Diego Schwartzman";"R";170;"ARG";24,8;"7-6(4) 6-2 6-2";5;"R128";110;9;10;87;49;42;18;14;6;8;2;3;79;48;31;12;14;2;8;11;3070;37;1085;7;6;6;NA;NA;6;2;2;NA;NA;2017-07-03;2017;"2017-540:153";179;1;4,5405683813627;2,79054663437105;13;"Grigor Dimitrov";45;"Diego Schwartzman";4,5405683813627;2,79054663437105;1,75002174699165;26,1;24,8;1,3;188;170;18;0,75;0,25;0,75;0,25;0,5;8;8;2;6;6;2;6;2;4;1;0;0
"743170";"2017-540";"Wimbledon";"Grass";"128";"Grand Slams";156;24;"John Isner";"R";206;"USA";32,1;18;"Taylor Fritz";"R";193;"USA";19,6;"6-4 7-6(3) 6-3";5;"R128";91;25;0;83;64;58;11;16;0;0;12;1;78;50;38;19;15;0;2;21;1930;128;432;6;7;6;NA;NA;4;6;3;NA;NA;2017-07-03;2017;"2017-540:156";180;0;3,60768257722124;1;18;"Taylor Fritz";24;"John Isner";1;3,60768257722124;-2,60768257722124;19,6;32,1;-12,5;193;206;-13;1,5;0;0;1,5;-1,5;2;0;0;0;2;0;0;2;-2;1;0;0
"743182";"2017-540";"Wimbledon";"Grass";"128";"Grand Slams";168;8;"Tomas Berdych";"R";196;"CZE";31,7;10;"Jeremy Chardy";"R";188;"FRA";30,3;"6-3 3-6 7-6(4) 6-4";5;"R128";142;12;3;111;64;56;30;20;4;5;17;2;107;77;64;13;20;0;2;15;2570;71;705;6;3;7;6;NA;3;6;6;4;NA;2017-07-03;2017;"2017-540:168";181;1;4,09310940439148;1,85025288049532;8;"Tomas Berdych";10;"Jeremy Chardy";4,09310940439148;1,85025288049532;2,24285652389616;31,7;30,3;1,4;196;188;8;0,8;0;0,8;0;0,8;2;5;0;4;2;1;2;1;1;1;0;0
"743192";"2017-540";"Wimbledon";"Grass";"128";"Grand Slams";178;17;"Fabio Fognini";"R";178;"ITA";30,1;53;"Jiri Vesely";"L";198;"CZE";23,9;"7-6(3) 6-4 6-2";5;"R64";117;11;2;87;59;51;18;15;1;1;11;2;105;79;52;13;15;5;8;29;1430;48;950;7;6;6;NA;NA;6;4;2;NA;NA;2017-07-03;2017;"2017-540:178";182;1;3,14201900487243;2,41503749927884;17;"Fabio Fognini";53;"Jiri Vesely";3,14201900487243;2,41503749927884;0,726981505593584;30,1;23,9;6,2;178;198;-20;1;0,625;1;0,625;0,375;8;1;5;1;3;0;3;0;3;1;0;0
"743196";"2017-540";"Wimbledon";"Grass";"128";"Grand Slams";182;42;"Sam Querrey";"R";198;"USA";29,7;4;"Nikoloz Basilashvili";"R";185;"GEO";25,3;"6-4 4-6 6-3 6-3";5;"R64";111;32;0;93;62;53;20;19;0;1;6;3;116;73;43;29;19;7;11;28;1495;54;866;6;4;6;6;NA;4;6;3;3;NA;2017-07-03;2017;"2017-540:182";183;0;3,1926450779424;2,24511249783653;4;"Nikoloz Basilashvili";42;"Sam Querrey";2,24511249783653;3,1926450779424;-0,947532580105864;25,3;29,7;-4,4;185;198;-13;0;0,636363636363636;0,636363636363636;0;0,636363636363636;11;1;7;0;4;1;1;4;-3;1;0;0
"743197";"2017-540";"Wimbledon";"Grass";"128";"Grand Slams";183;1;"Kevin Anderson";"R";203;"RSA";31,1;46;"Andreas Seppi";"R";190;"ITA";33,3;"6-3 7-6(4) 6-3";5;"R64";100;16;1;82;53;47;23;15;0;0;10;2;79;49;38;17;15;3;5;42;970;87;626;6;7;6;NA;NA;3;6;3;NA;NA;2017-07-03;2017;"2017-540:183";184;1;2,60768257722124;1,55705650415127;1;"Kevin Anderson";46;"Andreas Seppi";2,60768257722124;1,55705650415127;1,05062607306997;31,1;33,3;-2,2;203;190;13;1,5;0,6;1,5;0,6;0,9;5;0;3;0;2;0;2;0;2;1;0;0
"743210";"2017-540";"Wimbledon";"Grass";"128";"Grand Slams";196;56;"Alexander Zverev";"R";198;"GER";20,2;50;"Frances Tiafoe";"R";188;"USA";19,4;"6-3 6-4 6-3";5;"R64";93;11;4;84;55;43;17;14;1;1;11;4;76;48;36;12;14;2;6;12;3070;64;756;6;6;6;NA;NA;3;4;3;NA;NA;2017-07-03;2017;"2017-540:196";185;0;4,41503749927884;2;50;"Frances Tiafoe";56;"Alexander Zverev";2;4,41503749927884;-2,41503749927884;19,4;20,2;-0,800000000000001;188;198;-10;1;0,333333333333333;0,333333333333333;1;-0,666666666666667;6;1;2;1;4;0;0;4;-4;1;0;0
"743211";"2017-540";"Wimbledon";"Grass";"128";"Grand Slams";197;13;"Grigor Dimitrov";"R";188;"BUL";26,1;3;"Marcos Baghdatis";"R";183;"CYP";32;"6-3 6-2 6-1";5;"R64";102;9;4;83;53;42;17;12;7;7;5;4;70;36;25;10;12;2;8;11;3070;65;745;6;6;6;NA;NA;3;2;1;NA;NA;2017-07-03;2017;"2017-540:197";186;0;4,5405683813627;1,97763218697155;3;"Marcos Baghdatis";13;"Grigor Dimitrov";1,97763218697155;4,5405683813627;-2,56293619439116;32;26,1;5,9;183;188;-5;1;0,25;0,25;1;-0,75;8;7;2;7;6;0;0;6;-6;1;0;0
"743214";"2017-540";"Wimbledon";"Grass";"128";"Grand Slams";200;16;"Roger Federer";"R";185;"SUI";35,9;31;"Dusan Lajovic";"R";180;"SRB";27;"7-6(0) 6-3 6-2";5;"R64";90;9;2;78;47;38;25;15;3;4;3;3;87;56;32;20;14;7;11;5;5265;79;661;7;6;6;NA;NA;6;3;2;NA;NA;2017-07-03;2017;"2017-540:200";187;1;5,67807190511264;1,6962192518229;16;"Roger Federer";31;"Dusan Lajovic";5,67807190511264;1,6962192518229;3,98185265328974;35,9;27;8,9;185;180;5;0,75;0,636363636363636;0,75;0,636363636363636;0,113636363636364;11;4;7;3;4;1;4;1;3;1;0;0
"743223";"2017-540";"Wimbledon";"Grass";"128";"Grand Slams";209;36;"Andy Murray";"R";190;"GBR";30,1;17;"Fabio Fognini";"R";178;"ITA";30,1;"6-2 4-6 6-1 7-5";5;"R32";159;15;7;118;76;56;21;19;7;10;3;7;102;63;42;16;18;2;9;1;9390;29;1430;6;4;6;7;NA;2;6;1;5;NA;2017-07-03;2017;"2017-540:209";188;0;8;3,14201900487243;17;"Fabio Fognini";36;"Andy Murray";3,14201900487243;8;-4,85798099512757;30,1;30,1;0;178;190;-12;0,7;0,222222222222222;0,222222222222222;0,7;-0,477777777777778;9;10;2;7;7;3;3;7;-4;1;0;0
"743225";"2017-540";"Wimbledon";"Grass";"128";"Grand Slams";211;42;"Sam Querrey";"R";198;"USA";29,7;52;"Jo-Wilfried Tsonga";"R";188;"FRA";32,2;"6-2 3-6 7-6(5) 1-6 7-5";5;"R32";178;22;5;141;78;69;30;24;5;8;12;6;157;99;79;31;24;4;7;28;1495;10;3075;6;3;7;1;7;2;6;6;6;5;2017-07-03;2017;"2017-540:211";189;1;3,1926450779424;4,67807190511264;42;"Sam Querrey";52;"Jo-Wilfried Tsonga";3,1926450779424;4,67807190511264;-1,48542682717024;29,7;32,2;-2,5;198;188;10;0,625;0,571428571428571;0,625;0,571428571428571;0,0535714285714286;7;8;4;5;3;3;3;3;0;1;0;0
"743227";"2017-540";"Wimbledon";"Grass";"128";"Grand Slams";213;37;"Rafael Nadal";"L";185;"ESP";31;26;"Karen Khachanov";"R";198;"RUS";21,1;"6-1 6-4 7-6(3)";5;"R32";134;7;1;94;65;52;17;15;4;5;13;6;103;71;49;11;14;11;15;2;7285;34;1176;6;6;7;NA;NA;1;4;6;NA;NA;2017-07-03;2017;"2017-540:213";190;0;7;2,91253715874966;26;"Karen Khachanov";37;"Rafael Nadal";2,91253715874966;7;-4,08746284125034;21,1;31;-9,9;198;185;13;0,8;0,733333333333333;0,733333333333333;0,8;-0,0666666666666668;15;5;11;4;4;1;1;4;-3;1;0;0
"743229";"2017-540";"Wimbledon";"Grass";"128";"Grand Slams";215;5;"Roberto Bautista Agut";"R";183;"ESP";29,2;38;"Kei Nishikori";"R";178;"JPN";27,5;"6-4 7-6(3) 3-6 6-3";5;"R32";200;3;3;146;97;73;23;20;9;11;5;7;146;88;62;30;20;8;11;19;2155;9;3830;6;7;3;6;NA;4;6;6;3;NA;2017-07-03;2017;"2017-540:215";191;1;3,75207248655641;4,83007499855769;5;"Roberto Bautista Agut";38;"Kei Nishikori";3,75207248655641;4,83007499855769;-1,07800251200127;29,2;27,5;1,7;183;178;5;0,818181818181818;0,727272727272727;0,818181818181818;0,727272727272727;0,0909090909090909;11;11;8;9;3;2;3;2;1;1;0;0
"743230";"2017-540";"Wimbledon";"Grass";"128";"Grand Slams";216;11;"Marin Cilic";"R";198;"CRO";28,7;25;"Steve Johnson";"R";188;"USA";27,5;"6-4 7-6(3) 6-4";5;"R32";131;17;1;84;52;42;22;16;0;2;8;6;114;75;50;16;16;11;15;6;4235;31;1395;6;7;6;NA;NA;4;6;4;NA;NA;2017-07-03;2017;"2017-540:216";192;1;5,41503749927884;3,04580368961313;11;"Marin Cilic";25;"Steve Johnson";5,41503749927884;3,04580368961313;2,36923380966572;28,7;27,5;1,2;198;188;10;0;0,733333333333333;0;0,733333333333333;-0,733333333333333;15;2;11;0;4;2;4;2;2;1;0;0
"743237";"2017-540";"Wimbledon";"Grass";"128";"Grand Slams";223;33;"Adrian Mannarino";"L";183;"FRA";29;35;"Gael Monfils";"R";193;"FRA";30,8;"7-6(3) 4-6 5-7 6-3 6-2";5;"R32";209;7;4;167;105;72;39;26;9;14;13;7;172;105;67;39;25;17;23;51;896;14;2695;7;4;5;6;6;6;6;7;3;2;2017-07-03;2017;"2017-540:223";193;1;2,3275746580285;4,1926450779424;33;"Adrian Mannarino";35;"Gael Monfils";2,3275746580285;4,1926450779424;-1,86507041991389;29;30,8;-1,8;183;193;-10;0,642857142857143;0,739130434782609;0,642857142857143;0,739130434782609;-0,0962732919254657;23;14;17;9;6;5;6;5;1;1;0;0
"743239";"2017-540";"Wimbledon";"Grass";"128";"Grand Slams";225;36;"Andy Murray";"R";190;"GBR";30,1;40;"Benoit Paire";"R";196;"FRA";28,1;"7-6(1) 6-4 6-4";5;"R16";141;4;0;99;70;47;20;16;8;11;9;10;123;66;43;25;16;11;16;1;9390;46;960;7;6;6;NA;NA;6;4;4;NA;NA;2017-07-03;2017;"2017-540:225";194;1;8;2,47643804394299;36;"Andy Murray";40;"Benoit Paire";8;2,47643804394299;5,52356195605701;30,1;28,1;2;190;196;-6;0,727272727272727;0,6875;0,727272727272727;0,6875;0,0397727272727273;16;11;11;8;5;3;5;3;2;1;0;0
"743240";"2017-540";"Wimbledon";"Grass";"128";"Grand Slams";226;42;"Sam Querrey";"R";198;"USA";29,7;1;"Kevin Anderson";"R";203;"RSA";31,1;"5-7 7-6(5) 6-3 6-7(11) 6-3";5;"R16";186;31;1;173;115;95;34;27;6;7;31;5;146;106;90;20;27;1;3;28;1495;42;970;5;7;6;6;6;7;6;3;7;3;2017-07-03;2017;"2017-540:226";195;0;3,1926450779424;2,60768257722124;1;"Kevin Anderson";42;"Sam Querrey";2,60768257722124;3,1926450779424;-0,584962500721157;31,1;29,7;1,4;203;198;5;0,857142857142857;0,333333333333333;0,333333333333333;0,857142857142857;-0,523809523809524;3;7;1;6;2;1;1;2;-1;1;0;0
"743242";"2017-540";"Wimbledon";"Grass";"128";"Grand Slams";228;11;"Marin Cilic";"R";198;"CRO";28,7;5;"Roberto Bautista Agut";"R";183;"ESP";29,2;"6-2 6-2 6-2";5;"R16";100;9;0;78;43;34;20;12;5;6;0;3;67;52;27;3;12;2;9;6;4235;19;2155;6;6;6;NA;NA;2;2;2;NA;NA;2017-07-03;2017;"2017-540:228";196;0;5,41503749927884;3,75207248655641;5;"Roberto Bautista Agut";11;"Marin Cilic";3,75207248655641;5,41503749927884;-1,66296501272243;29,2;28,7;0,5;183;198;-15;0,833333333333333;0,222222222222222;0,222222222222222;0,833333333333333;-0,611111111111111;9;6;2;5;7;1;1;7;-6;1;0;0
"743243";"2017-540";"Wimbledon";"Grass";"128";"Grand Slams";229;43;"Milos Raonic";"R";196;"CAN";26,5;56;"Alexander Zverev";"R";198;"GER";20,2;"4-6 7-5 4-6 7-5 6-1";5;"R16";203;23;6;175;124;94;24;26;14;17;17;7;135;90;72;19;25;3;8;7;4150;12;3070;4;7;4;7;6;6;5;6;5;1;2017-07-03;2017;"2017-540:229";197;1;5,1926450779424;4,41503749927884;43;"Milos Raonic";56;"Alexander Zverev";5,1926450779424;4,41503749927884;0,777607578663552;26,5;20,2;6,3;196;198;-2;0,823529411764706;0,375;0,823529411764706;0,375;0,448529411764706;8;17;3;14;5;3;5;3;2;1;0;0
"743244";"2017-540";"Wimbledon";"Grass";"128";"Grand Slams";230;16;"Roger Federer";"R";185;"SUI";35,9;13;"Grigor Dimitrov";"R";188;"BUL";26,1;"6-4 6-2 6-4";5;"R16";97;8;0;75;52;39;17;14;2;3;7;7;91;57;37;15;14;5;10;5;5265;11;3070;6;6;6;NA;NA;4;2;4;NA;NA;2017-07-03;2017;"2017-540:230";198;0;5,67807190511264;4,5405683813627;13;"Grigor Dimitrov";16;"Roger Federer";4,5405683813627;5,67807190511264;-1,13750352374994;26,1;35,9;-9,8;188;185;3;0,666666666666667;0,5;0,5;0,666666666666667;-0,166666666666667;10;3;5;2;5;1;1;5;-4;1;0;0
"743246";"2017-540";"Wimbledon";"Grass";"128";"Grand Slams";232;14;"Novak Djokovic";"R";188;"SRB";30,1;33;"Adrian Mannarino";"L";183;"FRA";29;"6-2 7-6(5) 6-4";5;"R16";133;4;2;93;69;49;16;15;1;2;2;1;102;71;43;16;15;6;10;4;6055;51;896;6;7;6;NA;NA;2;6;4;NA;NA;2017-07-03;2017;"2017-540:232";199;1;6;2,3275746580285;14;"Novak Djokovic";33;"Adrian Mannarino";6;2,3275746580285;3,6724253419715;30,1;29;1,1;188;183;5;0,5;0,6;0,5;0,6;-0,1;10;2;6;1;4;1;4;1;3;1;0;0
"743247";"2017-540";"Wimbledon";"Grass";"128";"Grand Slams";233;42;"Sam Querrey";"R";198;"USA";29,7;36;"Andy Murray";"R";190;"GBR";30,1;"3-6 6-4 6-7(4) 6-1 6-1";5;"QF";161;27;2;116;74;62;23;23;4;7;8;2;132;82;60;20;22;4;12;28;1495;1;9390;3;6;6;6;6;6;4;7;1;1;2017-07-03;2017;"2017-540:233";200;0;3,1926450779424;8;36;"Andy Murray";42;"Sam Querrey";8;3,1926450779424;4,8073549220576;30,1;29,7;0,400000000000002;190;198;-8;0,571428571428571;0,333333333333333;0,333333333333333;0,571428571428571;-0,238095238095238;12;7;4;4;8;3;3;8;-5;1;0;0
"743249";"2017-540";"Wimbledon";"Grass";"128";"Grand Slams";235;16;"Roger Federer";"R";185;"SUI";35,9;43;"Milos Raonic";"R";196;"CAN";26,5;"6-4 6-2 7-6(4)";5;"QF";117;11;2;89;61;55;15;15;5;5;11;0;96;70;50;11;15;3;6;5;5265;7;4150;6;6;7;NA;NA;4;2;6;NA;NA;2017-07-03;2017;"2017-540:235";201;1;5,67807190511264;5,1926450779424;16;"Roger Federer";43;"Milos Raonic";5,67807190511264;5,1926450779424;0,485426827170242;35,9;26,5;9,4;185;196;-11;1;0,5;1;0,5;0,5;6;5;3;5;3;0;3;0;3;1;0;0
"743251";"2017-540";"Wimbledon";"Grass";"128";"Grand Slams";237;11;"Marin Cilic";"R";198;"CRO";28,7;42;"Sam Querrey";"R";198;"USA";29,7;"6-7(6) 6-4 7-6(3) 7-5";5;"SF";176;25;1;120;78;69;28;23;1;3;13;3;151;97;72;26;23;10;14;6;4235;28;1495;6;6;7;7;NA;7;4;6;5;NA;2017-07-03;2017;"2017-540:237";202;1;5,41503749927884;3,1926450779424;11;"Marin Cilic";42;"Sam Querrey";5,41503749927884;3,1926450779424;2,22239242133645;28,7;29,7;-1;198;198;0;0,333333333333333;0,714285714285714;0,333333333333333;0,714285714285714;-0,380952380952381;14;3;10;1;4;2;4;2;2;1;0;0
"743252";"2017-540";"Wimbledon";"Grass";"128";"Grand Slams";238;16;"Roger Federer";"R";185;"SUI";35,9;8;"Tomas Berdych";"R";196;"CZE";31,7;"7-6(4) 7-6(4) 6-4";5;"SF";138;13;4;105;70;59;21;17;5;6;9;0;128;79;54;28;17;7;9;5;5265;15;2570;7;7;6;NA;NA;6;6;4;NA;NA;2017-07-03;2017;"2017-540:238";203;0;5,67807190511264;4,09310940439148;8;"Tomas Berdych";16;"Roger Federer";4,09310940439148;5,67807190511264;-1,58496250072116;31,7;35,9;-4,2;196;185;11;0,833333333333333;0,777777777777778;0,777777777777778;0,833333333333333;-0,0555555555555556;9;6;7;5;2;1;1;2;-1;1;0;0
"743253";"2017-540";"Wimbledon";"Grass";"128";"Grand Slams";239;16;"Roger Federer";"R";185;"SUI";35,9;11;"Marin Cilic";"R";198;"CRO";28,7;"6-3 6-1 6-4";5;"F";101;8;2;70;53;43;12;13;1;1;5;3;90;54;35;14;13;5;10;5;5265;6;4235;6;6;6;NA;NA;3;1;4;NA;NA;2017-07-03;2017;"2017-540:239";204;0;5,67807190511264;5,41503749927884;11;"Marin Cilic";16;"Roger Federer";5,41503749927884;5,67807190511264;-0,263034405833794;28,7;35,9;-7,2;198;185;13;1;0,5;0,5;1;-0,5;10;1;5;1;5;0;0;5;-5;1;0;0
"773697";"2018-540";"Wimbledon";"Grass";"128";"Grand Slams";113;16;"Roger Federer";"R";185;"SUI";36,8;31;"Dusan Lajovic";"R";180;"SRB";28;"6-1 6-3 6-4";5;"R128";79;8;1;63;45;41;11;13;0;0;0;1;84;59;35;10;13;6;11;2;8720;58;920;6;6;6;NA;NA;1;3;4;NA;NA;2018-07-02;2018;"2018-540:113";205;1;7;2,14201900487243;16;"Roger Federer";31;"Dusan Lajovic";7;2,14201900487243;4,85798099512757;36,8;28;8,8;185;180;5;1,5;0,545454545454545;1,5;0,545454545454545;0,954545454545455;11;0;6;0;5;0;5;0;5;1;0;0
"773701";"2018-540";"Wimbledon";"Grass";"128";"Grand Slams";117;33;"Adrian Mannarino";"L";183;"FRA";30;19;"Cristian Garin";"R";185;"CHI";22;"6-3 1-6 7-6(4) 6-2";5;"R128";126;5;5;109;59;42;29;18;7;11;10;4;103;63;44;19;19;1;6;26;1580;167;344;6;1;7;6;NA;3;6;6;2;NA;2018-07-02;2018;"2018-540:117";206;0;3,29956028185891;0,616295707525948;19;"Cristian Garin";33;"Adrian Mannarino";0,616295707525948;3,29956028185891;-2,68326457433296;22;30;-8;185;183;2;0,636363636363636;0,166666666666667;0,166666666666667;0,636363636363636;-0,46969696969697;6;11;1;7;5;4;4;5;-1;1;0;0
"773708";"2018-540";"Wimbledon";"Grass";"128";"Grand Slams";124;35;"Gael Monfils";"R";193;"FRA";31,8;20;"Richard Gasquet";"R";185;"FRA";32;"7-6(6) 7-5 6-4";5;"R128";141;11;10;116;67;56;23;17;6;7;5;5;110;59;41;28;18;3;6;44;1070;31;1465;7;7;6;NA;NA;6;5;4;NA;NA;2018-07-02;2018;"2018-540:124";207;0;2,5405683813627;3,04580368961313;20;"Richard Gasquet";35;"Gael Monfils";3,04580368961313;2,5405683813627;0,505235308250422;32;31,8;0,199999999999999;185;193;-8;0,857142857142857;0,5;0,5;0,857142857142857;-0,357142857142857;6;7;3;6;3;1;1;3;-2;1;0;0
"773723";"2018-540";"Wimbledon";"Grass";"128";"Grand Slams";139;6;"Aljaz Bedene";"R";181;"SLO";28,9;39;"Cameron Norrie";"L";188;"GBR";22,8;"4-6 7-6(4) 7-6(4) 6-4";5;"R128";169;17;5;127;79;63;31;23;6;9;8;3;142;84;66;30;23;6;9;71;770;75;743;4;7;7;6;NA;6;6;6;4;NA;2018-07-02;2018;"2018-540:139";208;1;1,85025288049532;1,77118130950412;6;"Aljaz Bedene";39;"Cameron Norrie";1,85025288049532;1,77118130950412;0,0790715709911982;28,9;22,8;6,1;181;188;-7;0,666666666666667;0,666666666666667;0,666666666666667;0,666666666666667;0;9;9;6;6;3;3;3;3;0;1;0;0
"773728";"2018-540";"Wimbledon";"Grass";"128";"Grand Slams";144;54;"Stan Wawrinka";"R";183;"SUI";33,2;13;"Grigor Dimitrov";"R";188;"BUL";27,1;"1-6 7-6(3) 7-6(5) 6-4";5;"R128";170;9;2;136;87;71;17;20;10;14;12;4;127;80;59;23;23;6;9;224;255;6;4780;1;7;7;6;NA;6;6;6;4;NA;2018-07-02;2018;"2018-540:144";209;0;0,192645077942396;5,41503749927884;13;"Grigor Dimitrov";54;"Stan Wawrinka";5,41503749927884;0,192645077942396;5,22239242133645;27,1;33,2;-6,1;188;183;5;0,714285714285714;0,666666666666667;0,666666666666667;0,714285714285714;-0,0476190476190477;9;14;6;10;3;4;4;3;1;1;0;0
"773739";"2018-540";"Wimbledon";"Grass";"128";"Grand Slams";155;51;"Bernard Tomic";"R";193;"AUS";25,6;23;"Hubert Hurkacz";"R";196;"POL";21,3;"6-4 6-2 7-6(2)";5;"R128";109;12;3;94;63;48;22;15;4;4;9;4;113;66;46;20;16;9;12;184;308;122;454;6;6;7;NA;NA;4;2;6;NA;NA;2018-07-02;2018;"2018-540:155";210;0;0,476438043942987;1,06926266243711;23;"Hubert Hurkacz";51;"Bernard Tomic";1,06926266243711;0,476438043942987;0,592824618494126;21,3;25,6;-4,3;196;193;3;1;0,75;0,75;1;-0,25;12;4;9;4;3;0;0;3;-3;1;0;0
"773748";"2018-540";"Wimbledon";"Grass";"128";"Grand Slams";164;47;"Denis Shapovalov";"L";185;"CAN";19,2;10;"Jeremy Chardy";"R";188;"FRA";31,3;"6-3 3-6 7-5 6-4";5;"R128";150;21;7;120;66;56;31;20;7;8;7;6;125;84;60;22;20;9;12;25;1588;46;1025;6;3;7;6;NA;3;6;5;4;NA;2018-07-02;2018;"2018-540:164";211;0;3,35614381022528;2,47643804394299;10;"Jeremy Chardy";47;"Denis Shapovalov";2,47643804394299;3,35614381022528;-0,879705766282289;31,3;19,2;12,1;188;185;3;0,875;0,75;0,75;0,875;-0,125;12;8;9;7;3;1;1;3;-2;1;0;0
"773749";"2018-540";"Wimbledon";"Grass";"128";"Grand Slams";165;9;"Matteo Berrettini";"R";196;"ITA";22,2;49;"Jack Sock";"R";185;"USA";25,7;"6-7(5) 6-7(3) 6-4 7-5 6-2";5;"R128";225;10;4;161;105;88;27;27;4;6;6;7;173;104;72;40;29;8;14;81;721;15;2110;6;6;6;7;6;7;7;4;5;2;2018-07-02;2018;"2018-540:165";212;1;1,66014999711538;4,09310940439148;9;"Matteo Berrettini";49;"Jack Sock";1,66014999711538;4,09310940439148;-2,43295940727611;22,2;25,7;-3,5;196;185;11;0,666666666666667;0,571428571428571;0,666666666666667;0,571428571428571;0,0952380952380952;14;6;8;4;6;2;6;2;4;1;0;0
"773750";"2018-540";"Wimbledon";"Grass";"128";"Grand Slams";166;48;"Gilles Simon";"R";183;"FRA";33,5;4;"Nikoloz Basilashvili";"R";185;"GEO";26,3;"6-1 7-6(5) 6-1";5;"R128";101;3;0;74;34;28;23;13;1;3;2;5;82;52;27;11;14;5;13;53;950;74;750;6;7;6;NA;NA;1;6;1;NA;NA;2018-07-02;2018;"2018-540:166";213;0;2,2720795454368;1,79054663437105;4;"Nikoloz Basilashvili";48;"Gilles Simon";1,79054663437105;2,2720795454368;-0,481532911065751;26,3;33,5;-7,2;185;183;2;0,333333333333333;0,384615384615385;0,384615384615385;0,333333333333333;0,0512820512820513;13;3;5;1;8;2;2;8;-6;1;0;0
"773759";"2018-540";"Wimbledon";"Grass";"128";"Grand Slams";175;29;"Mikhail Kukushkin";"R";183;"KAZ";30,5;41;"Vasek Pospisil";"R";193;"CAN";28;"6-4 3-6 6-2 6-3";5;"R128";129;3;0;98;73;58;17;18;4;5;12;7;112;69;47;20;18;5;9;77;734;97;594;6;3;6;6;NA;4;6;2;3;NA;2018-07-02;2018;"2018-540:175";214;1;1,7332134593051;1,40008715781287;29;"Mikhail Kukushkin";41;"Vasek Pospisil";1,7332134593051;1,40008715781287;0,333126301492227;30,5;28;2,5;183;193;-10;0,8;0,555555555555556;0,8;0,555555555555556;0,244444444444444;9;5;5;4;4;1;4;1;3;1;0;0
"773768";"2018-540";"Wimbledon";"Grass";"128";"Grand Slams";184;1;"Kevin Anderson";"R";203;"RSA";32,1;46;"Andreas Seppi";"R";190;"ITA";34,3;"6-3 6-7(5) 6-3 6-4";5;"R64";159;34;3;127;83;70;23;21;4;5;8;4;134;88;64;20;20;6;10;8;3635;50;996;6;6;6;6;NA;3;7;3;4;NA;2018-07-02;2018;"2018-540:184";215;1;5;2,35614381022528;1;"Kevin Anderson";46;"Andreas Seppi";5;2,35614381022528;2,64385618977472;32,1;34,3;-2,2;203;190;13;0,8;0,6;0,8;0,6;0,2;10;5;6;4;4;1;4;1;3;1;0;0
"773777";"2018-540";"Wimbledon";"Grass";"128";"Grand Slams";193;26;"Karen Khachanov";"R";198;"RUS";22,1;3;"Marcos Baghdatis";"R";183;"CYP";33;"6-3 6-4 3-6 6-7(4) 7-5";5;"R64";195;34;6;167;108;88;24;26;14;17;14;9;151;93;71;31;27;5;10;40;1130;95;599;6;6;3;6;7;3;4;6;7;5;2018-07-02;2018;"2018-540:193";216;0;2,67807190511264;1,43014439166905;3;"Marcos Baghdatis";26;"Karen Khachanov";1,43014439166905;2,67807190511264;-1,24792751344359;33;22,1;10,9;183;198;-15;0,823529411764706;0,5;0,5;0,823529411764706;-0,323529411764706;10;17;5;14;5;3;3;5;-2;1;0;0
"773781";"2018-540";"Wimbledon";"Grass";"128";"Grand Slams";197;30;"Nick Kyrgios";"R";193;"AUS";23,1;22;"Robin Haase";"R";190;"NED";31,2;"6-3 6-4 7-5";5;"R64";96;19;9;80;47;43;18;16;2;4;7;4;91;58;40;13;15;3;8;18;1855;43;1075;6;6;7;NA;NA;3;4;5;NA;NA;2018-07-02;2018;"2018-540:197";217;0;3,83007499855769;2,5737352452979;22;"Robin Haase";30;"Nick Kyrgios";2,5737352452979;3,83007499855769;-1,25633975325979;31,2;23,1;8,1;190;193;-3;0,5;0,375;0,375;0,5;-0,125;8;4;3;2;5;2;2;5;-3;1;0;0
"773782";"2018-540";"Wimbledon";"Grass";"128";"Grand Slams";198;38;"Kei Nishikori";"R";178;"JPN";28,5;51;"Bernard Tomic";"R";193;"AUS";25,6;"2-6 6-3 7-6(7) 7-5";5;"R64";163;24;4;131;84;64;27;21;4;7;16;4;147;95;71;22;21;8;11;28;1530;184;308;2;6;7;7;NA;6;3;6;5;NA;2018-07-02;2018;"2018-540:198";218;1;3,1926450779424;0,476438043942987;38;"Kei Nishikori";51;"Bernard Tomic";3,1926450779424;0,476438043942987;2,71620703399941;28,5;25,6;2,9;178;193;-15;0,571428571428571;0,727272727272727;0,571428571428571;0,727272727272727;-0,155844155844156;11;7;8;4;3;3;3;3;0;1;0;0
"773784";"2018-540";"Wimbledon";"Grass";"128";"Grand Slams";200;56;"Alexander Zverev";"R";198;"GER";21,1;18;"Taylor Fritz";"R";193;"USA";20,6;"6-4 5-7 6-7(0) 6-1 6-2";5;"R64";192;11;3;148;100;78;26;26;6;7;13;9;151;83;71;24;24;11;16;3;5755;68;839;6;5;6;6;6;4;7;7;1;2;2018-07-02;2018;"2018-540:200";219;0;6,41503749927884;1,91253715874966;18;"Taylor Fritz";56;"Alexander Zverev";1,91253715874966;6,41503749927884;-4,50250034052918;20,6;21,1;-0,5;193;198;-5;0,857142857142857;0,6875;0,6875;0,857142857142857;-0,169642857142857;16;7;11;6;5;1;1;5;-4;1;0;0
"773786";"2018-540";"Wimbledon";"Grass";"128";"Grand Slams";202;40;"Benoit Paire";"R";196;"FRA";29,1;47;"Denis Shapovalov";"L";185;"CAN";19,2;"0-6 6-2 6-4 7-6(3)";5;"R64";132;9;10;116;74;60;16;19;8;11;6;7;115;62;46;30;18;8;11;47;1010;25;1588;0;6;6;7;NA;6;2;4;6;NA;2018-07-02;2018;"2018-540:202";220;1;2,44541114832236;3,35614381022528;40;"Benoit Paire";47;"Denis Shapovalov";2,44541114832236;3,35614381022528;-0,910732661902913;29,1;19,2;9,9;196;185;11;0,727272727272727;0,727272727272727;0,727272727272727;0,727272727272727;0;11;11;8;8;3;3;3;3;0;1;0;0
"773787";"2018-540";"Wimbledon";"Grass";"128";"Grand Slams";203;48;"Gilles Simon";"R";183;"FRA";33,5;9;"Matteo Berrettini";"R";196;"ITA";22,2;"6-3 7-6(4) 6-2";5;"R64";117;6;2;88;49;44;24;16;6;7;12;3;83;42;32;18;14;2;6;53;950;81;721;6;7;6;NA;NA;3;6;2;NA;NA;2018-07-02;2018;"2018-540:203";221;0;2,2720795454368;1,66014999711538;9;"Matteo Berrettini";48;"Gilles Simon";1,66014999711538;2,2720795454368;-0,611929548321426;22,2;33,5;-11,3;196;183;13;0,857142857142857;0,333333333333333;0,333333333333333;0,857142857142857;-0,523809523809524;6;7;2;6;4;1;1;4;-3;1;0;0
"773789";"2018-540";"Wimbledon";"Grass";"128";"Grand Slams";205;53;"Jiri Vesely";"L";198;"CZE";24,9;45;"Diego Schwartzman";"R";170;"ARG";25,8;"6-3 6-4 7-6(3)";5;"R64";133;17;7;111;74;54;17;17;7;9;7;1;87;60;37;17;15;2;6;93;640;11;2435;6;6;7;NA;NA;3;4;6;NA;NA;2018-07-02;2018;"2018-540:205";222;0;1,46084118889197;4,5405683813627;45;"Diego Schwartzman";53;"Jiri Vesely";4,5405683813627;1,46084118889197;3,07972719247073;25,8;24,9;0,900000000000002;170;198;-28;0,777777777777778;0,333333333333333;0,333333333333333;0,777777777777778;-0,444444444444444;6;9;2;7;4;2;2;4;-2;1;0;0
"773792";"2018-540";"Wimbledon";"Grass";"128";"Grand Slams";208;37;"Rafael Nadal";"L";185;"ESP";32;29;"Mikhail Kukushkin";"R";183;"KAZ";30,5;"6-4 6-3 6-4";5;"R64";143;5;3;101;67;43;24;15;11;13;3;1;90;65;38;13;14;8;13;1;8770;77;734;6;6;6;NA;NA;4;3;4;NA;NA;2018-07-02;2018;"2018-540:208";223;0;8;1,7332134593051;29;"Mikhail Kukushkin";37;"Rafael Nadal";1,7332134593051;8;-6,2667865406949;30,5;32;-1,5;183;185;-2;0,846153846153846;0,615384615384615;0,615384615384615;0,846153846153846;-0,230769230769231;13;13;8;11;5;2;2;5;-3;1;0;0
"773794";"2018-540";"Wimbledon";"Grass";"128";"Grand Slams";210;33;"Adrian Mannarino";"L";183;"FRA";30;34;"Daniil Medvedev";"R";198;"RUS";22,3;"6-4 6-3 4-6 5-7 6-3";5;"R32";192;8;1;139;93;64;22;25;4;11;12;4;144;76;52;28;25;5;14;26;1580;67;847;6;6;4;5;6;4;3;6;7;3;2018-07-02;2018;"2018-540:210";224;1;3,29956028185891;1,93391080954223;33;"Adrian Mannarino";34;"Daniil Medvedev";3,29956028185891;1,93391080954223;1,36564947231668;30;22,3;7,7;183;198;-15;0,363636363636364;0,357142857142857;0,363636363636364;0,357142857142857;0,0064935064935065;14;11;5;4;9;7;9;7;2;1;0;0
"773795";"2018-540";"Wimbledon";"Grass";"128";"Grand Slams";211;35;"Gael Monfils";"R";193;"FRA";31,8;42;"Sam Querrey";"R";198;"USA";30,7;"5-7 6-4 6-4 6-2";5;"R32";128;18;2;109;83;64;16;20;1;2;22;2;112;69;52;23;20;5;9;44;1070;13;2130;5;6;6;6;NA;7;4;4;2;NA;2018-07-02;2018;"2018-540:211";225;1;2,5405683813627;4,29956028185891;35;"Gael Monfils";42;"Sam Querrey";2,5405683813627;4,29956028185891;-1,7589919004962;31,8;30,7;1,1;193;198;-5;0,5;0,555555555555556;0,5;0,555555555555556;-0,0555555555555556;9;2;5;1;4;1;4;1;3;1;0;0
"773796";"2018-540";"Wimbledon";"Grass";"128";"Grand Slams";212;1;"Kevin Anderson";"R";203;"RSA";32,1;27;"Philipp Kohlschreiber";"R";178;"GER";34,7;"6-3 7-5 7-5";5;"R32";127;22;4;88;61;53;15;17;3;4;5;3;97;59;35;25;16;3;7;8;3635;27;1575;6;7;7;NA;NA;3;5;5;NA;NA;2018-07-02;2018;"2018-540:212";226;1;5;3,24511249783653;1;"Kevin Anderson";27;"Philipp Kohlschreiber";5;3,24511249783653;1,75488750216347;32,1;34,7;-2,6;203;178;25;0,75;0,428571428571429;0,75;0,428571428571429;0,321428571428571;7;4;3;3;4;1;4;1;3;1;0;0
"773801";"2018-540";"Wimbledon";"Grass";"128";"Grand Slams";217;26;"Karen Khachanov";"R";198;"RUS";22,1;50;"Frances Tiafoe";"R";188;"USA";20,4;"4-6 4-6 7-6(3) 6-2 6-1";5;"R32";177;33;9;137;94;76;20;23;3;5;11;10;161;92;67;30;25;7;12;40;1130;52;985;4;4;7;6;6;6;6;6;2;1;2018-07-02;2018;"2018-540:217";227;1;2,67807190511264;2,29956028185891;26;"Karen Khachanov";50;"Frances Tiafoe";2,67807190511264;2,29956028185891;0,378511623253729;22,1;20,4;1,7;198;188;10;0,6;0,583333333333333;0,6;0,583333333333333;0,0166666666666666;12;5;7;3;5;2;5;2;3;1;0;0
"773803";"2018-540";"Wimbledon";"Grass";"128";"Grand Slams";219;38;"Kei Nishikori";"R";178;"JPN";28,5;30;"Nick Kyrgios";"R";193;"AUS";23,1;"6-1 7-6(3) 6-4";5;"R32";97;7;1;86;60;48;18;16;0;1;13;4;81;52;38;14;14;4;8;28;1530;18;1855;6;7;6;NA;NA;1;6;4;NA;NA;2018-07-02;2018;"2018-540:219";228;0;3,1926450779424;3,83007499855769;30;"Nick Kyrgios";38;"Kei Nishikori";3,83007499855769;3,1926450779424;0,637429920615292;23,1;28,5;-5,4;193;178;15;0;0,5;0,5;0;0,5;8;1;4;0;4;1;1;4;-3;1;0;0
"773807";"2018-540";"Wimbledon";"Grass";"128";"Grand Slams";223;53;"Jiri Vesely";"L";198;"CZE";24,9;17;"Fabio Fognini";"R";178;"ITA";31,1;"7-6(4) 3-6 6-3 6-2";5;"R32";174;17;2;132;98;73;20;19;13;14;5;4;130;86;64;17;20;3;6;93;640;16;2030;7;3;6;6;NA;6;6;3;2;NA;2018-07-02;2018;"2018-540:223";229;0;1,46084118889197;4;17;"Fabio Fognini";53;"Jiri Vesely";4;1,46084118889197;2,53915881110803;31,1;24,9;6,2;178;198;-20;0,928571428571429;0,5;0,5;0,928571428571429;-0,428571428571429;6;14;3;13;3;1;1;3;-2;1;0;0
"773808";"2018-540";"Wimbledon";"Grass";"128";"Grand Slams";224;37;"Rafael Nadal";"L";185;"ESP";32;12;"Alex De Minaur";"R";183;"AUS";19,3;"6-1 6-2 6-4";5;"R32";122;5;1;76;44;34;23;13;3;3;8;5;77;43;26;17;12;7;12;1;8770;80;723;6;6;6;NA;NA;1;2;4;NA;NA;2018-07-02;2018;"2018-540:224";230;0;8;1,67807190511264;12;"Alex De Minaur";37;"Rafael Nadal";1,67807190511264;8;-6,32192809488736;19,3;32;-12,7;183;185;-2;1;0,583333333333333;0,583333333333333;1;-0,416666666666667;12;3;7;3;5;0;0;5;-5;1;0;0
"773809";"2018-540";"Wimbledon";"Grass";"128";"Grand Slams";225;16;"Roger Federer";"R";185;"SUI";36,8;33;"Adrian Mannarino";"L";183;"FRA";30;"6-0 7-5 6-4";5;"R16";105;13;0;76;51;46;13;14;4;4;6;2;100;77;42;11;14;7;12;2;8720;26;1580;6;7;6;NA;NA;0;5;4;NA;NA;2018-07-02;2018;"2018-540:225";231;1;7;3,29956028185891;16;"Roger Federer";33;"Adrian Mannarino";7;3,29956028185891;3,70043971814109;36,8;30;6,8;185;183;2;1;0,583333333333333;1;0,583333333333333;0,416666666666667;12;4;7;4;5;0;5;0;5;1;0;0
"773810";"2018-540";"Wimbledon";"Grass";"128";"Grand Slams";226;1;"Kevin Anderson";"R";203;"RSA";32,1;35;"Gael Monfils";"R";193;"FRA";31,8;"7-6(4) 7-6(2) 5-7 7-6(4)";5;"R16";209;20;6;158;103;84;30;27;1;5;9;4;165;116;88;23;24;9;12;8;3635;44;1070;7;7;5;7;NA;6;6;7;6;NA;2018-07-02;2018;"2018-540:226";232;1;5;2,5405683813627;1;"Kevin Anderson";35;"Gael Monfils";5;2,5405683813627;2,4594316186373;32,1;31,8;0,300000000000001;203;193;10;0,2;0,75;0,2;0,75;-0,55;12;5;9;1;3;4;3;4;-1;1;0;0
"773813";"2018-540";"Wimbledon";"Grass";"128";"Grand Slams";229;14;"Novak Djokovic";"R";188;"SRB";31,1;26;"Karen Khachanov";"R";198;"RUS";22,1;"6-4 6-2 6-2";5;"R16";106;2;1;65;46;36;11;13;1;3;4;1;84;50;28;13;13;7;14;21;1715;40;1130;6;6;6;NA;NA;4;2;2;NA;NA;2018-07-02;2018;"2018-540:229";233;1;3,60768257722124;2,67807190511264;14;"Novak Djokovic";26;"Karen Khachanov";3,60768257722124;2,67807190511264;0,929610672108602;31,1;22,1;9;188;198;-10;0,333333333333333;0,5;0,333333333333333;0,5;-0,166666666666667;14;3;7;1;7;2;7;2;5;1;0;0
"773816";"2018-540";"Wimbledon";"Grass";"128";"Grand Slams";232;37;"Rafael Nadal";"L";185;"ESP";32;53;"Jiri Vesely";"L";198;"CZE";24,9;"6-3 6-3 6-4";5;"R16";113;9;1;73;50;39;17;14;0;1;8;2;84;53;31;17;14;3;8;1;8770;93;640;6;6;6;NA;NA;3;3;4;NA;NA;2018-07-02;2018;"2018-540:232";234;1;8;1,46084118889197;37;"Rafael Nadal";53;"Jiri Vesely";8;1,46084118889197;6,53915881110803;32;24,9;7,1;185;198;-13;0;0,375;0;0,375;-0,375;8;1;3;0;5;1;5;1;4;1;0;0
"773817";"2018-540";"Wimbledon";"Grass";"128";"Grand Slams";233;1;"Kevin Anderson";"R";203;"RSA";32,1;16;"Roger Federer";"R";185;"SUI";36,8;"2-6 6-7(5) 7-5 6-4 13-11";5;"QF";254;27;3;208;139;106;36;34;9;12;17;1;177;123;97;32;33;3;7;8;3635;2;8720;2;6;7;6;13;6;7;5;4;11;2018-07-02;2018;"2018-540:233";235;1;5;7;1;"Kevin Anderson";16;"Roger Federer";5;7;-2;32,1;36,8;-4,7;203;185;18;0,75;0,428571428571429;0,75;0,428571428571429;0,321428571428571;7;12;3;9;4;3;4;3;1;1;0;0
"773818";"2018-540";"Wimbledon";"Grass";"128";"Grand Slams";234;24;"John Isner";"R";206;"USA";33,1;43;"Milos Raonic";"R";196;"CAN";27,5;"6-7(5) 7-6(7) 6-4 6-3";5;"QF";162;26;4;120;87;78;18;22;1;1;32;6;133;93;74;21;23;3;6;10;3045;32;1430;6;7;6;6;NA;7;6;4;3;NA;2018-07-02;2018;"2018-540:234";236;1;4,67807190511264;3;24;"John Isner";43;"Milos Raonic";4,67807190511264;3;1,67807190511264;33,1;27,5;5,6;206;196;10;1;0,5;1;0,5;0,5;6;1;3;1;3;0;3;0;3;1;0;0
"773819";"2018-540";"Wimbledon";"Grass";"128";"Grand Slams";235;14;"Novak Djokovic";"R";188;"SRB";31,1;38;"Kei Nishikori";"R";178;"JPN";28,5;"6-3 3-6 6-2 6-2";5;"QF";155;6;3;91;61;52;12;17;4;7;3;1;117;80;47;16;17;7;14;21;1715;28;1530;6;3;6;6;NA;3;6;2;2;NA;2018-07-02;2018;"2018-540:235";237;1;3,60768257722124;3,1926450779424;14;"Novak Djokovic";38;"Kei Nishikori";3,60768257722124;3,1926450779424;0,415037499278843;31,1;28,5;2,6;188;178;10;0,571428571428571;0,5;0,571428571428571;0,5;0,0714285714285714;14;7;7;4;7;3;7;3;4;1;0;0
"773821";"2018-540";"Wimbledon";"Grass";"128";"Grand Slams";237;1;"Kevin Anderson";"R";203;"RSA";32,1;24;"John Isner";"R";206;"USA";33,1;"7-6(6) 6-7(5) 6-7(9) 6-4 26-24";5;"SF";396;49;4;278;198;166;47;49;3;5;53;6;291;218;171;35;50;7;11;8;3635;10;3045;7;6;6;6;26;6;7;7;4;24;2018-07-02;2018;"2018-540:237";238;1;5;4,67807190511264;1;"Kevin Anderson";24;"John Isner";5;4,67807190511264;0,321928094887362;32,1;33,1;-1;203;206;-3;0,6;0,636363636363636;0,6;0,636363636363636;-0,0363636363636364;11;5;7;3;4;2;4;2;2;1;0;0
"773822";"2018-540";"Wimbledon";"Grass";"128";"Grand Slams";238;14;"Novak Djokovic";"R";188;"SRB";31,1;37;"Rafael Nadal";"L";185;"ESP";32;"6-4 3-6 7-6(9) 3-6 10-8";5;"SF";315;23;4;176;125;95;24;29;7;11;9;4;210;150;100;34;30;15;19;21;1715;1;8770;6;3;7;3;10;4;6;6;6;8;2018-07-02;2018;"2018-540:238";239;1;3,60768257722124;8;14;"Novak Djokovic";37;"Rafael Nadal";3,60768257722124;8;-4,39231742277876;31,1;32;-0,899999999999999;188;185;3;0,636363636363636;0,789473684210526;0,636363636363636;0,789473684210526;-0,15311004784689;19;11;15;7;4;4;4;4;0;1;0;0
"773823";"2018-540";"Wimbledon";"Grass";"128";"Grand Slams";239;14;"Novak Djokovic";"R";188;"SRB";31,1;1;"Kevin Anderson";"R";203;"RSA";32,1;"6-2 6-2 7-6(3)";5;"F";139;6;4;94;68;52;17;15;7;7;10;5;80;49;34;15;14;0;4;21;1715;8;3635;6;6;7;NA;NA;2;2;6;NA;NA;2018-07-02;2018;"2018-540:239";240;0;3,60768257722124;5;1;"Kevin Anderson";14;"Novak Djokovic";5;3,60768257722124;1,39231742277876;32,1;31,1;1;203;188;15;1;0;0;1;-1;4;7;0;7;4;0;0;4;-4;1;0;0
"801944";"2019-540";"Wimbledon";"Grass";"128";"Grand Slams";113;14;"Novak Djokovic";"R";188;"SRB";32,1;27;"Philipp Kohlschreiber";"R";178;"GER";35,7;"6-3 7-5 6-3";5;"R128";123;12;3;76;50;42;15;15;3;5;9;3;100;52;32;23;15;8;14;1;12415;57;885;6;7;6;NA;NA;3;5;3;NA;NA;2019-07-01;2019;"2019-540:113";241;1;8;2,16710998583526;14;"Novak Djokovic";27;"Philipp Kohlschreiber";8;2,16710998583526;5,83289001416474;32,1;35,7;-3,6;188;178;10;0,6;0,571428571428571;0,6;0,571428571428571;0,0285714285714286;14;5;8;3;6;2;6;2;4;1;0;0
"801947";"2019-540";"Wimbledon";"Grass";"128";"Grand Slams";116;23;"Hubert Hurkacz";"R";196;"POL";22,3;31;"Dusan Lajovic";"R";180;"SRB";29;"6-3 4-6 6-4 6-4";5;"R128";154;9;2;118;85;65;21;20;7;8;2;2;149;98;62;29;19;12;15;48;959;36;1251;6;4;6;6;NA;3;6;4;4;NA;2019-07-01;2019;"2019-540:116";242;1;2,41503749927884;2,83007499855769;23;"Hubert Hurkacz";31;"Dusan Lajovic";2,41503749927884;2,83007499855769;-0,415037499278844;22,3;29;-6,7;196;180;16;0,875;0,8;0,875;0,8;0,075;15;8;12;7;3;1;3;1;2;1;0;0
"801975";"2019-540";"Wimbledon";"Grass";"128";"Grand Slams";144;53;"Jiri Vesely";"L";198;"CZE";25,9;56;"Alexander Zverev";"R";198;"GER";22,1;"4-6 6-3 6-2 7-5";5;"R128";151;7;7;118;79;63;20;19;6;7;24;4;113;77;57;14;20;3;8;124;448;5;4405;4;6;6;7;NA;6;3;2;5;NA;2019-07-01;2019;"2019-540:144";243;1;1,04580368961313;5,67807190511264;53;"Jiri Vesely";56;"Alexander Zverev";1,04580368961313;5,67807190511264;-4,63226821549951;25,9;22,1;3,8;198;198;0;0,857142857142857;0,375;0,857142857142857;0,375;0,482142857142857;8;7;3;6;5;1;5;1;4;1;0;0
"801983";"2019-540";"Wimbledon";"Grass";"128";"Grand Slams";152;17;"Fabio Fognini";"R";178;"ITA";32,1;50;"Frances Tiafoe";"R";188;"USA";21,4;"5-7 6-4 6-3 4-6 6-4";5;"R128";203;12;3;162;103;71;33;26;3;8;13;3;152;102;67;28;25;3;9;10;2785;38;1160;5;6;6;4;6;7;4;3;6;4;2019-07-01;2019;"2019-540:152";244;1;4,67807190511264;2,75207248655641;17;"Fabio Fognini";50;"Frances Tiafoe";4,67807190511264;2,75207248655641;1,92599941855622;32,1;21,4;10,7;178;188;-10;0,375;0,333333333333333;0,375;0,333333333333333;0,0416666666666667;9;8;3;3;6;5;6;5;1;1;0;0
"801984";"2019-540";"Wimbledon";"Grass";"128";"Grand Slams";153;11;"Marin Cilic";"R";198;"CRO";30,7;33;"Adrian Mannarino";"L";183;"FRA";31;"7-6(6) 7-6(4) 6-3";5;"R128";168;16;6;119;77;64;21;18;4;5;13;4;113;68;52;23;17;6;8;18;1940;42;1066;7;7;6;NA;NA;6;6;3;NA;NA;2019-07-01;2019;"2019-540:153";245;1;3,83007499855769;2,60768257722124;11;"Marin Cilic";33;"Adrian Mannarino";3,83007499855769;2,60768257722124;1,22239242133645;30,7;31;-0,300000000000001;198;183;15;0,8;0,75;0,8;0,75;0,05;8;5;6;4;2;1;2;1;1;1;0;0
"801988";"2019-540";"Wimbledon";"Grass";"128";"Grand Slams";157;7;"Ricardas Berankis";"R";175;"LTU";29;47;"Denis Shapovalov";"L";185;"CAN";20,2;"7-6(0) 6-4 6-3";5;"R128";128;2;4;115;69;51;28;17;5;5;10;6;88;49;35;23;15;3;5;77;714;27;1390;7;6;6;NA;NA;6;4;3;NA;NA;2019-07-01;2019;"2019-540:157";246;1;1,7332134593051;3,24511249783653;7;"Ricardas Berankis";47;"Denis Shapovalov";1,7332134593051;3,24511249783653;-1,51189903853143;29;20,2;8,8;175;185;-10;1;0,6;1;0,6;0,4;5;5;3;5;2;0;2;0;2;1;0;0
"801997";"2019-540";"Wimbledon";"Grass";"128";"Grand Slams";166;18;"Taylor Fritz";"R";193;"USA";21,6;8;"Tomas Berdych";"R";196;"CZE";33,7;"6-4 6-4 6-3";5;"R128";94;19;1;86;55;44;18;15;6;7;4;2;85;48;38;16;14;4;8;31;1320;110;520;6;6;6;NA;NA;4;4;3;NA;NA;2019-07-01;2019;"2019-540:166";247;0;3,04580368961313;1,21864028647534;8;"Tomas Berdych";18;"Taylor Fritz";1,21864028647534;3,04580368961313;-1,82716340313779;33,7;21,6;12,1;196;193;3;0,857142857142857;0,5;0,5;0,857142857142857;-0,357142857142857;8;7;4;6;4;1;1;4;-3;1;0;0
"801998";"2019-540";"Wimbledon";"Grass";"128";"Grand Slams";167;29;"Mikhail Kukushkin";"R";183;"KAZ";31,5;2;"Pablo Andujar";"R";180;"ESP";33,4;"6-3 6-2 6-4";5;"R128";117;4;1;87;65;45;17;14;3;3;2;3;92;65;40;11;13;6;10;58;885;78;702;6;6;6;NA;NA;3;2;4;NA;NA;2019-07-01;2019;"2019-540:167";248;0;2,14201900487243;1,71459778113775;2;"Pablo Andujar";29;"Mikhail Kukushkin";1,71459778113775;2,14201900487243;-0,427421223734677;33,4;31,5;1,9;180;183;-3;1;0,6;0,6;1;-0,4;10;3;6;3;4;0;0;4;-4;1;0;0
"802000";"2019-540";"Wimbledon";"Grass";"128";"Grand Slams";169;9;"Matteo Berrettini";"R";196;"ITA";23,2;6;"Aljaz Bedene";"R";181;"SLO";29,9;"3-6 6-3 6-2 7-6(3)";5;"R128";176;19;4;112;68;57;23;20;6;8;7;6;151;89;61;27;19;10;14;20;1665;85;660;3;6;6;7;NA;6;3;2;6;NA;2019-07-01;2019;"2019-540:169";249;0;3,67807190511264;1,5906090638623;6;"Aljaz Bedene";9;"Matteo Berrettini";1,5906090638623;3,67807190511264;-2,08746284125034;29,9;23,2;6,7;181;196;-15;0,75;0,714285714285714;0,714285714285714;0,75;-0,0357142857142857;14;8;10;6;4;2;2;4;-2;1;0;0
"802008";"2019-540";"Wimbledon";"Grass";"128";"Grand Slams";177;14;"Novak Djokovic";"R";188;"SRB";32,1;28;"Denis Kudla";"R";180;"USA";26,8;"6-3 6-2 6-2";5;"R64";93;13;2;73;49;39;13;13;3;5;3;4;76;51;28;7;12;6;13;1;12415;111;520;6;6;6;NA;NA;3;2;2;NA;NA;2019-07-01;2019;"2019-540:177";250;1;8;1,20558413364989;14;"Novak Djokovic";28;"Denis Kudla";8;1,20558413364989;6,79441586635011;32,1;26,8;5,3;188;180;8;0,6;0,461538461538462;0,6;0,461538461538462;0,138461538461538;13;5;6;3;7;2;7;2;5;1;0;0
"802013";"2019-540";"Wimbledon";"Grass";"128";"Grand Slams";182;21;"David Goffin";"R";180;"BEL";28,5;10;"Jeremy Chardy";"R";188;"FRA";32,3;"6-2 6-4 6-3";5;"R64";101;9;5;78;49;38;16;13;2;3;6;4;90;57;35;15;14;7;13;23;1510;81;675;6;6;6;NA;NA;2;4;3;NA;NA;2019-07-01;2019;"2019-540:182";251;0;3,47643804394299;1,66014999711538;10;"Jeremy Chardy";21;"David Goffin";1,66014999711538;3,47643804394299;-1,81628804682761;32,3;28,5;3,8;188;180;8;0,666666666666667;0,538461538461538;0,538461538461538;0,666666666666667;-0,128205128205128;13;3;7;2;6;1;1;6;-5;1;0;0
"802020";"2019-540";"Wimbledon";"Grass";"128";"Grand Slams";189;26;"Karen Khachanov";"R";198;"RUS";23,1;32;"Feliciano Lopez";"L";188;"ESP";37,7;"4-6 6-4 7-5 6-4";5;"R64";164;10;8;119;76;62;23;21;8;10;18;8;136;86;65;23;21;6;10;9;2980;54;917;4;6;7;6;NA;6;4;5;4;NA;2019-07-01;2019;"2019-540:189";252;1;4,83007499855769;2,24511249783653;26;"Karen Khachanov";32;"Feliciano Lopez";4,83007499855769;2,24511249783653;2,58496250072116;23,1;37,7;-14,6;198;188;10;0,8;0,6;0,8;0,6;0,2;10;10;6;8;4;2;4;2;2;1;0;0
"802029";"2019-540";"Wimbledon";"Grass";"128";"Grand Slams";198;15;"Daniel Evans";"R";175;"GBR";29,1;4;"Nikoloz Basilashvili";"R";185;"GEO";27,3;"6-3 6-2 7-6(2)";5;"R64";146;5;3;101;63;45;22;15;6;8;3;3;110;71;41;18;15;10;16;61;860;16;1960;6;6;7;NA;NA;3;2;6;NA;NA;2019-07-01;2019;"2019-540:198";253;0;2,06926266243711;4;4;"Nikoloz Basilashvili";15;"Daniel Evans";4;2,06926266243711;1,93073733756289;27,3;29,1;-1,8;185;175;10;0,75;0,625;0,625;0,75;-0,125;16;8;10;6;6;2;2;6;-4;1;0;0
"802030";"2019-540";"Wimbledon";"Grass";"128";"Grand Slams";199;52;"Jo-Wilfried Tsonga";"R";188;"FRA";34,2;7;"Ricardas Berankis";"R";175;"LTU";29;"7-6(4) 6-3 6-3";5;"R64";106;13;2;88;52;45;22;16;3;4;2;3;83;42;30;25;15;3;7;72;750;77;714;7;6;6;NA;NA;6;3;3;NA;NA;2019-07-01;2019;"2019-540:199";254;0;1,83007499855769;1,7332134593051;7;"Ricardas Berankis";52;"Jo-Wilfried Tsonga";1,7332134593051;1,83007499855769;-0,0968615392525889;29;34,2;-5,2;175;188;-13;0,75;0,428571428571429;0,428571428571429;0,75;-0,321428571428571;7;4;3;3;4;1;1;4;-3;1;0;0
"802031";"2019-540";"Wimbledon";"Grass";"128";"Grand Slams";200;37;"Rafael Nadal";"L";185;"ESP";33;30;"Nick Kyrgios";"R";193;"AUS";24,1;"6-3 3-6 7-6(5) 7-6(3)";5;"R64";184;10;2;115;73;60;30;23;0;2;29;3;122;87;66;20;21;3;5;2;7945;43;1045;6;3;7;7;NA;3;6;6;6;NA;2019-07-01;2019;"2019-540:200";255;0;7;2,5737352452979;30;"Nick Kyrgios";37;"Rafael Nadal";2,5737352452979;7;-4,4262647547021;24,1;33;-8,9;193;185;8;0;0,6;0,6;0;0,6;5;2;3;0;2;2;2;2;0;1;0;0
"802032";"2019-540";"Wimbledon";"Grass";"128";"Grand Slams";201;38;"Kei Nishikori";"R";178;"JPN";29,5;39;"Cameron Norrie";"L";188;"GBR";23,8;"6-4 6-4 6-0";5;"R64";108;1;2;61;43;34;12;13;0;2;1;7;83;53;30;9;13;5;12;7;4040;55;915;6;6;6;NA;NA;4;4;0;NA;NA;2019-07-01;2019;"2019-540:201";256;1;5,1926450779424;2,21864028647534;38;"Kei Nishikori";39;"Cameron Norrie";5,1926450779424;2,21864028647534;2,97400479146706;29,5;23,8;5,7;178;188;-10;0;0,416666666666667;0;0,416666666666667;-0,416666666666667;12;2;5;0;7;2;7;2;5;1;0;0
"802033";"2019-540";"Wimbledon";"Grass";"128";"Grand Slams";202;25;"Steve Johnson";"R";188;"USA";29,5;12;"Alex De Minaur";"R";183;"AUS";20,3;"3-6 7-6(4) 6-3 3-6 6-3";5;"R64";201;12;9;167;96;71;40;26;7;10;12;4;132;85;66;28;23;2;4;71;750;29;1330;3;7;6;3;6;6;6;3;6;3;2019-07-01;2019;"2019-540:202";257;0;1,85025288049532;3,14201900487243;12;"Alex De Minaur";25;"Steve Johnson";3,14201900487243;1,85025288049532;1,29176612437711;20,3;29,5;-9,2;183;188;-5;0,7;0,5;0,5;0,7;-0,2;4;10;2;7;2;3;3;2;1;1;0;0
"802035";"2019-540";"Wimbledon";"Grass";"128";"Grand Slams";204;29;"Mikhail Kukushkin";"R";183;"KAZ";31,5;24;"John Isner";"R";206;"USA";34,1;"6-4 6-7(3) 4-6 6-1 6-4";5;"R64";186;6;0;149;118;90;18;26;7;8;34;1;151;114;80;20;24;5;9;58;885;12;2715;6;6;4;6;6;4;7;6;1;4;2019-07-01;2019;"2019-540:204";258;0;2,14201900487243;4,41503749927884;24;"John Isner";29;"Mikhail Kukushkin";4,41503749927884;2,14201900487243;2,27301849440642;34,1;31,5;2,6;206;183;23;0,875;0,555555555555556;0,555555555555556;0,875;-0,319444444444444;9;8;5;7;4;1;1;4;-3;1;0;0
"802036";"2019-540";"Wimbledon";"Grass";"128";"Grand Slams";205;9;"Matteo Berrettini";"R";196;"ITA";23,2;3;"Marcos Baghdatis";"R";183;"CYP";34;"6-1 7-6(4) 6-3";5;"R64";102;16;3;79;55;47;16;16;0;1;1;6;84;45;35;16;13;4;8;20;1665;135;420;6;7;6;NA;NA;1;6;3;NA;NA;2019-07-01;2019;"2019-540:205";259;0;3,67807190511264;0,923184402949169;3;"Marcos Baghdatis";9;"Matteo Berrettini";0,923184402949169;3,67807190511264;-2,75488750216347;34;23,2;10,8;183;196;-13;0;0,5;0,5;0;0,5;8;1;4;0;4;1;1;4;-3;1;0;0
"802040";"2019-540";"Wimbledon";"Grass";"128";"Grand Slams";209;14;"Novak Djokovic";"R";188;"SRB";32,1;23;"Hubert Hurkacz";"R";196;"POL";22,3;"7-5 6-7(5) 6-1 6-4";5;"R32";180;9;8;132;87;71;23;21;3;3;13;7;135;82;56;28;21;13;17;1;12415;48;959;7;6;6;6;NA;5;7;1;4;NA;2019-07-01;2019;"2019-540:209";260;1;8;2,41503749927884;14;"Novak Djokovic";23;"Hubert Hurkacz";8;2,41503749927884;5,58496250072116;32,1;22,3;9,8;188;196;-8;1;0,764705882352941;1;0,764705882352941;0,235294117647059;17;3;13;3;4;0;4;0;4;1;0;0
"802042";"2019-540";"Wimbledon";"Grass";"128";"Grand Slams";211;21;"David Goffin";"R";180;"BEL";28,5;34;"Daniil Medvedev";"R";198;"RUS";23,3;"4-6 6-2 3-6 6-3 7-5";5;"R32";211;10;4;135;67;56;35;24;6;11;20;9;174;104;67;33;24;11;18;23;1510;13;2625;4;6;3;6;7;6;2;6;3;5;2019-07-01;2019;"2019-540:211";261;1;3,47643804394299;4,29956028185891;21;"David Goffin";34;"Daniil Medvedev";3,47643804394299;4,29956028185891;-0,82312223791592;28,5;23,3;5,2;180;198;-18;0,545454545454545;0,611111111111111;0,545454545454545;0,611111111111111;-0,0656565656565657;18;11;11;6;7;5;7;5;2;1;0;0
"802046";"2019-540";"Wimbledon";"Grass";"128";"Grand Slams";215;5;"Roberto Bautista Agut";"R";183;"ESP";31,2;26;"Karen Khachanov";"R";198;"RUS";23,1;"6-3 7-6(3) 6-1";5;"R32";113;4;0;81;56;46;19;16;0;0;9;2;84;54;36;17;13;8;11;22;1600;9;2980;6;7;6;NA;NA;3;6;1;NA;NA;2019-07-01;2019;"2019-540:215";262;1;3,5405683813627;4,83007499855769;5;"Roberto Bautista Agut";26;"Karen Khachanov";3,5405683813627;4,83007499855769;-1,28950661719499;31,2;23,1;8,1;183;198;-15;1,5;0,727272727272727;1,5;0,727272727272727;0,772727272727273;11;0;8;0;3;0;3;0;3;1;0;0
"802047";"2019-540";"Wimbledon";"Grass";"128";"Grand Slams";216;40;"Benoit Paire";"R";196;"FRA";30,1;53;"Jiri Vesely";"L";198;"CZE";25,9;"5-7 7-6(5) 6-3 7-6(2)";5;"R32";165;19;5;140;80;66;38;23;3;4;18;3;137;105;81;17;24;8;9;32;1278;124;448;5;7;6;7;NA;7;6;3;6;NA;2019-07-01;2019;"2019-540:216";263;1;3;1,04580368961313;40;"Benoit Paire";53;"Jiri Vesely";3;1,04580368961313;1,95419631038687;30,1;25,9;4,2;196;198;-2;0,75;0,888888888888889;0,75;0,888888888888889;-0,138888888888889;9;4;8;3;1;1;1;1;0;1;0;0
"802051";"2019-540";"Wimbledon";"Grass";"128";"Grand Slams";220;37;"Rafael Nadal";"L";185;"ESP";33;52;"Jo-Wilfried Tsonga";"R";188;"FRA";34,2;"6-2 6-3 6-2";5;"R32";108;11;1;63;44;39;14;13;0;0;11;4;81;45;31;13;12;6;11;2;7945;72;750;6;6;6;NA;NA;2;3;2;NA;NA;2019-07-01;2019;"2019-540:220";264;1;7;1,83007499855769;37;"Rafael Nadal";52;"Jo-Wilfried Tsonga";7;1,83007499855769;5,16992500144231;33;34,2;-1,2;185;188;-3;1,5;0,545454545454545;1,5;0,545454545454545;0,954545454545455;11;0;6;0;5;0;5;0;5;1;0;0
"802052";"2019-540";"Wimbledon";"Grass";"128";"Grand Slams";221;38;"Kei Nishikori";"R";178;"JPN";29,5;25;"Steve Johnson";"R";188;"USA";29,5;"6-4 6-3 6-2";5;"R32";110;2;2;63;47;40;9;13;0;1;6;5;113;70;47;12;14;8;14;7;4040;71;750;6;6;6;NA;NA;4;3;2;NA;NA;2019-07-01;2019;"2019-540:221";265;0;5,1926450779424;1,85025288049532;25;"Steve Johnson";38;"Kei Nishikori";1,85025288049532;5,1926450779424;-3,34239219744708;29,5;29,5;0;188;178;10;0;0,571428571428571;0,571428571428571;0;0,571428571428571;14;1;8;0;6;1;1;6;-5;1;0;0
"802054";"2019-540";"Wimbledon";"Grass";"128";"Grand Slams";223;9;"Matteo Berrettini";"R";196;"ITA";23,2;45;"Diego Schwartzman";"R";170;"ARG";26,8;"6-7(5) 7-6(2) 4-6 7-6(5) 6-3";5;"R32";259;22;7;201;121;97;40;29;13;15;2;3;173;115;84;40;29;7;9;20;1665;24;1485;6;7;4;7;6;7;6;6;6;3;2019-07-01;2019;"2019-540:223";266;1;3,67807190511264;3,41503749927884;9;"Matteo Berrettini";45;"Diego Schwartzman";3,67807190511264;3,41503749927884;0,263034405833793;23,2;26,8;-3,6;196;170;26;0,866666666666667;0,777777777777778;0,866666666666667;0,777777777777778;0,0888888888888889;9;15;7;13;2;2;2;2;0;1;0;0
"802059";"2019-540";"Wimbledon";"Grass";"128";"Grand Slams";228;5;"Roberto Bautista Agut";"R";183;"ESP";31,2;40;"Benoit Paire";"R";196;"FRA";30,1;"6-3 7-5 6-2";5;"R16";112;1;5;86;61;49;11;15;4;5;18;9;106;50;38;20;14;4;9;22;1600;32;1278;6;7;6;NA;NA;3;5;2;NA;NA;2019-07-01;2019;"2019-540:228";267;1;3,5405683813627;3;5;"Roberto Bautista Agut";40;"Benoit Paire";3,5405683813627;3;0,540568381362703;31,2;30,1;1,1;183;196;-13;0,8;0,444444444444444;0,8;0,444444444444444;0,355555555555556;9;5;4;4;5;1;5;1;4;1;0;0
"802062";"2019-540";"Wimbledon";"Grass";"128";"Grand Slams";231;38;"Kei Nishikori";"R";178;"JPN";29,5;29;"Mikhail Kukushkin";"R";183;"KAZ";31,5;"6-3 3-6 6-3 6-4";5;"R16";163;4;2;120;71;47;30;19;8;11;10;1;122;81;53;18;18;8;13;7;4040;58;885;6;3;6;6;NA;3;6;3;4;NA;2019-07-01;2019;"2019-540:231";268;0;5,1926450779424;2,14201900487243;29;"Mikhail Kukushkin";38;"Kei Nishikori";2,14201900487243;5,1926450779424;-3,05062607306997;31,5;29,5;2;183;178;5;0,727272727272727;0,615384615384615;0,615384615384615;0,727272727272727;-0,111888111888112;13;11;8;8;5;3;3;5;-2;1;0;0
"802063";"2019-540";"Wimbledon";"Grass";"128";"Grand Slams";232;16;"Roger Federer";"R";185;"SUI";37,8;9;"Matteo Berrettini";"R";196;"ITA";23,2;"6-1 6-2 6-2";5;"R16";74;5;1;61;42;37;13;12;1;1;3;3;58;26;18;11;11;1;7;3;6620;20;1665;6;6;6;NA;NA;1;2;2;NA;NA;2019-07-01;2019;"2019-540:232";269;0;6,41503749927884;3,67807190511264;9;"Matteo Berrettini";16;"Roger Federer";3,67807190511264;6,41503749927884;-2,73696559416621;23,2;37,8;-14,6;196;185;11;1;0,142857142857143;0,142857142857143;1;-0,857142857142857;7;1;1;1;6;0;0;6;-6;1;0;0
"802064";"2019-540";"Wimbledon";"Grass";"128";"Grand Slams";233;14;"Novak Djokovic";"R";188;"SRB";32,1;21;"David Goffin";"R";180;"BEL";28,5;"6-4 6-0 6-2";5;"QF";117;3;3;83;49;37;17;12;5;6;4;5;76;34;21;16;12;3;10;1;12415;23;1510;6;6;6;NA;NA;4;0;2;NA;NA;2019-07-01;2019;"2019-540:233";270;1;8;3,47643804394299;14;"Novak Djokovic";21;"David Goffin";8;3,47643804394299;4,52356195605701;32,1;28,5;3,6;188;180;8;0,833333333333333;0,3;0,833333333333333;0,3;0,533333333333333;10;6;3;5;7;1;7;1;6;1;0;0
"802066";"2019-540";"Wimbledon";"Grass";"128";"Grand Slams";235;37;"Rafael Nadal";"L";185;"ESP";33;42;"Sam Querrey";"R";198;"USA";31,7;"7-5 6-2 6-2";5;"QF";127;10;2;92;55;45;20;14;6;7;22;3;92;56;41;10;14;10;16;2;7945;65;830;7;6;6;NA;NA;5;2;2;NA;NA;2019-07-01;2019;"2019-540:235";271;1;7;1,97763218697155;37;"Rafael Nadal";42;"Sam Querrey";7;1,97763218697155;5,02236781302845;33;31,7;1,3;185;198;-13;0,857142857142857;0,625;0,857142857142857;0,625;0,232142857142857;16;7;10;6;6;1;6;1;5;1;0;0
"802067";"2019-540";"Wimbledon";"Grass";"128";"Grand Slams";236;16;"Roger Federer";"R";185;"SUI";37,8;38;"Kei Nishikori";"R";178;"JPN";29,5;"4-6 6-1 6-4 6-4";5;"QF";156;12;4;106;70;57;21;19;5;6;3;2;138;79;45;33;18;10;14;3;6620;7;4040;4;6;6;6;NA;6;1;4;4;NA;2019-07-01;2019;"2019-540:236";272;1;6,41503749927884;5,1926450779424;16;"Roger Federer";38;"Kei Nishikori";6,41503749927884;5,1926450779424;1,22239242133645;37,8;29,5;8,3;185;178;7;0,833333333333333;0,714285714285714;0,833333333333333;0,714285714285714;0,119047619047619;14;6;10;5;4;1;4;1;3;1;0;0
"802068";"2019-540";"Wimbledon";"Grass";"128";"Grand Slams";237;14;"Novak Djokovic";"R";188;"SRB";32,1;5;"Roberto Bautista Agut";"R";183;"ESP";31,2;"6-2 4-6 6-3 6-2";5;"SF";169;9;3;115;74;57;21;18;4;5;5;2;106;71;48;17;17;3;8;1;12415;22;1600;6;4;6;6;NA;2;6;3;2;NA;2019-07-01;2019;"2019-540:237";273;0;8;3,5405683813627;5;"Roberto Bautista Agut";14;"Novak Djokovic";3,5405683813627;8;-4,4594316186373;31,2;32,1;-0,900000000000002;183;188;-5;0,8;0,375;0,375;0,8;-0,425;8;5;3;4;5;1;1;5;-4;1;0;0
"802069";"2019-540";"Wimbledon";"Grass";"128";"Grand Slams";238;16;"Roger Federer";"R";185;"SUI";37,8;37;"Rafael Nadal";"L";185;"ESP";33;"7-6(3) 1-6 6-3 6-4";5;"SF";182;14;1;116;79;58;23;19;6;8;10;4;127;81;60;22;20;8;10;3;6620;2;7945;7;1;6;6;NA;6;6;3;4;NA;2019-07-01;2019;"2019-540:238";274;1;6,41503749927884;7;16;"Roger Federer";37;"Rafael Nadal";6,41503749927884;7;-0,584962500721156;37,8;33;4,8;185;185;0;0,75;0,8;0,75;0,8;-0,05;10;8;8;6;2;2;2;2;0;1;0;0
"802070";"2019-540";"Wimbledon";"Grass";"128";"Grand Slams";239;14;"Novak Djokovic";"R";188;"SRB";32,1;16;"Roger Federer";"R";185;"SUI";37,8;"7-6(5) 1-6 7-6(4) 4-6 13-12(3)";5;"F";297;10;9;219;136;101;39;34;6;13;25;6;203;127;100;39;34;5;8;1;12415;3;6620;7;1;7;4;13;6;6;6;6;12;2019-07-01;2019;"2019-540:239";275;1;8;6,41503749927884;14;"Novak Djokovic";16;"Roger Federer";8;6,41503749927884;1,58496250072116;32,1;37,8;-5,7;188;185;3;0,461538461538462;0,625;0,461538461538462;0,625;-0,163461538461538;8;13;5;6;3;7;3;7;-4;1;0;0
"835101";"2021-540";"Wimbledon";"Grass";"128";"Grand Slams";121;45;"Diego Schwartzman";"R";170;"ARG";28,8;40;"Benoit Paire";"R";196;"FRA";32,1;"6-3 6-4 6-0";5;"R128";91;0;0;68;43;34;17;13;1;2;7;9;93;48;29;18;12;9;15;11;3060;46;1387;6;6;6;NA;NA;3;4;0;NA;NA;2021-06-28;2021;"2021-540:121";276;0;4,5405683813627;2,47643804394299;40;"Benoit Paire";45;"Diego Schwartzman";2,47643804394299;4,5405683813627;-2,06413033741972;32,1;28,8;3,3;196;170;26;0,5;0,6;0,6;0,5;0,1;15;2;9;1;6;1;1;6;-5;1;0;0
"835113";"2021-540";"Wimbledon";"Grass";"128";"Grand Slams";133;15;"Daniel Evans";"R";175;"GBR";31;32;"Feliciano Lopez";"L";188;"ESP";39,7;"7-6(4) 6-2 7-5";5;"R128";124;9;3;93;61;54;18;17;3;3;13;4;91;54;41;18;16;1;4;26;2151;89;865;7;6;7;NA;NA;6;2;5;NA;NA;2021-06-28;2021;"2021-540:133";277;1;3,29956028185891;1,5242665690336;15;"Daniel Evans";32;"Feliciano Lopez";3,29956028185891;1,5242665690336;1,77529371282531;31;39,7;-8,7;175;188;-13;1;0,25;1;0,25;0,75;4;3;1;3;3;0;3;0;3;1;0;0
"835114";"2021-540";"Wimbledon";"Grass";"128";"Grand Slams";134;31;"Dusan Lajovic";"R";180;"SRB";30,9;48;"Gilles Simon";"R";183;"FRA";36,5;"6-4 7-5 3-6 4-6 6-3";5;"R128";241;3;3;163;114;74;30;24;7;11;8;6;165;111;79;24;24;11;16;42;1540;97;801;6;7;3;4;6;4;5;6;6;3;2021-06-28;2021;"2021-540:134";278;1;2,60768257722124;1,40008715781287;31;"Dusan Lajovic";48;"Gilles Simon";2,60768257722124;1,40008715781287;1,20759541940837;30,9;36,5;-5,6;180;183;-3;0,636363636363636;0,6875;0,636363636363636;0,6875;-0,0511363636363636;16;11;11;7;5;4;5;4;1;1;0;0
"835117";"2021-540";"Wimbledon";"Grass";"128";"Grand Slams";137;47;"Denis Shapovalov";"L";185;"CAN";22,2;27;"Philipp Kohlschreiber";"R";178;"GER";37,7;"6-4 4-6 6-3 5-7 6-4";5;"R128";215;14;16;164;91;70;37;26;10;13;3;3;147;88;69;29;25;8;12;12;2915;115;697;6;4;6;5;6;4;6;3;7;4;2021-06-28;2021;"2021-540:137";279;0;4,41503749927884;1,15450994905563;27;"Philipp Kohlschreiber";47;"Denis Shapovalov";1,15450994905563;4,41503749927884;-3,26052755022322;37,7;22,2;15,5;178;185;-7;0,769230769230769;0,666666666666667;0,666666666666667;0,769230769230769;-0,102564102564103;12;13;8;10;4;3;3;4;-1;1;0;0
"835120";"2021-540";"Wimbledon";"Grass";"128";"Grand Slams";140;36;"Andy Murray";"R";190;"GBR";34,1;4;"Nikoloz Basilashvili";"R";185;"GEO";29,3;"6-4 6-3 5-7 6-3";5;"R128";212;17;0;122;71;51;25;20;5;10;5;5;131;78;51;18;20;6;14;118;685;28;1985;6;6;5;6;NA;4;3;7;3;NA;2021-06-28;2021;"2021-540:140";280;0;1,11735695063816;3,1926450779424;4;"Nikoloz Basilashvili";36;"Andy Murray";3,1926450779424;1,11735695063816;2,07528812730424;29,3;34,1;-4,8;185;190;-5;0,5;0,428571428571429;0,428571428571429;0,5;-0,0714285714285715;14;10;6;5;8;5;5;8;-3;1;0;0
"835157";"2021-540";"Wimbledon";"Grass";"128";"Grand Slams";177;14;"Novak Djokovic";"R";188;"SRB";34,1;1;"Kevin Anderson";"R";203;"RSA";35,1;"6-3 6-3 6-3";5;"R64";101;9;1;72;46;39;18;14;0;0;11;4;77;45;30;13;13;4;8;1;12113;102;753;6;6;6;NA;NA;3;3;3;NA;NA;2021-06-28;2021;"2021-540:177";281;0;8;1,3275746580285;1;"Kevin Anderson";14;"Novak Djokovic";1,3275746580285;8;-6,6724253419715;35,1;34,1;1;203;188;15;1,5;0,5;0,5;1,5;-1;8;0;4;0;4;0;0;4;-4;1;0;0
"835158";"2021-540";"Wimbledon";"Grass";"128";"Grand Slams";178;28;"Denis Kudla";"R";180;"USA";28,8;46;"Andreas Seppi";"R";190;"ITA";37,3;"6-2 6-4 6-2";5;"R64";92;6;3;76;44;33;19;13;1;2;5;4;76;42;27;12;13;3;9;114;698;90;863;6;6;6;NA;NA;2;4;2;NA;NA;2021-06-28;2021;"2021-540:178";282;1;1,16710998583526;1,50814690367033;28;"Denis Kudla";46;"Andreas Seppi";1,16710998583526;1,50814690367033;-0,341036917835067;28,8;37,3;-8,5;180;190;-10;0,5;0,333333333333333;0,5;0,333333333333333;0,166666666666667;9;2;3;1;6;1;6;1;5;1;0;0
"835165";"2021-540";"Wimbledon";"Grass";"128";"Grand Slams";185;50;"Frances Tiafoe";"R";188;"USA";23,4;41;"Vasek Pospisil";"R";193;"CAN";31;"6-4 6-4 6-4";5;"R64";123;14;2;78;58;46;14;15;0;0;17;4;113;64;48;19;15;5;8;57;1148;65;1071;6;6;6;NA;NA;4;4;4;NA;NA;2021-06-28;2021;"2021-540:185";283;0;2,16710998583526;1,97763218697155;41;"Vasek Pospisil";50;"Frances Tiafoe";1,97763218697155;2,16710998583526;-0,189477798863713;31;23,4;7,6;193;188;5;1,5;0,625;0,625;1,5;-0,875;8;0;5;0;3;0;0;3;-3;1;0;0
"835167";"2021-540";"Wimbledon";"Grass";"128";"Grand Slams";187;15;"Daniel Evans";"R";175;"GBR";31;31;"Dusan Lajovic";"R";180;"SRB";30,9;"6-3 6-3 6-4";5;"R64";116;0;1;82;46;33;23;14;5;7;4;2;87;57;34;14;14;3;9;26;2151;42;1540;6;6;6;NA;NA;3;3;4;NA;NA;2021-06-28;2021;"2021-540:187";284;1;3,29956028185891;2,60768257722124;15;"Daniel Evans";31;"Dusan Lajovic";3,29956028185891;2,60768257722124;0,691877704637669;31;30,9;0,100000000000001;175;180;-5;0,714285714285714;0,333333333333333;0,714285714285714;0,333333333333333;0,380952380952381;9;7;3;5;6;2;6;2;4;1;0;0
"835179";"2021-540";"Wimbledon";"Grass";"128";"Grand Slams";199;18;"Taylor Fritz";"R";193;"USA";23,6;25;"Steve Johnson";"R";188;"USA";31,5;"6-4 7-6(4) 4-6 6-7(4) 6-4";5;"R64";227;24;7;195;111;80;48;28;14;18;16;8;181;108;75;41;28;14;19;40;1590;74;929;6;7;4;6;6;4;6;6;7;4;2021-06-28;2021;"2021-540:199";285;1;2,67807190511264;1,79054663437105;18;"Taylor Fritz";25;"Steve Johnson";2,67807190511264;1,79054663437105;0,887525270741587;23,6;31,5;-7,9;193;188;5;0,777777777777778;0,736842105263158;0,777777777777778;0,736842105263158;0,0409356725146199;19;18;14;14;5;4;5;4;1;1;0;0
"835181";"2021-540";"Wimbledon";"Grass";"128";"Grand Slams";201;16;"Roger Federer";"R";185;"SUI";39,8;20;"Richard Gasquet";"R";185;"FRA";35;"7-6(1) 6-1 6-4";5;"R64";111;10;0;95;62;52;19;15;5;5;3;2;96;55;36;21;15;3;6;8;4815;56;1148;7;6;6;NA;NA;6;1;4;NA;NA;2021-06-28;2021;"2021-540:201";286;1;5;2,1926450779424;16;"Roger Federer";20;"Richard Gasquet";5;2,1926450779424;2,8073549220576;39,8;35;4,8;185;185;0;1;0,5;1;0,5;0,5;6;5;3;5;3;0;3;0;3;1;0;0
"835189";"2021-540";"Wimbledon";"Grass";"128";"Grand Slams";209;14;"Novak Djokovic";"R";188;"SRB";34,1;28;"Denis Kudla";"R";180;"USA";28,8;"6-4 6-3 7-6(7)";5;"R32";137;8;6;92;50;44;21;16;2;4;6;3;96;45;30;28;16;6;10;1;12113;114;698;6;6;7;NA;NA;4;3;6;NA;NA;2021-06-28;2021;"2021-540:209";287;1;8;1,16710998583526;14;"Novak Djokovic";28;"Denis Kudla";8;1,16710998583526;6,83289001416474;34,1;28,8;5,3;188;180;8;0,5;0,6;0,5;0,6;-0,1;10;4;6;2;4;2;4;2;2;1;0;0
"835193";"2021-540";"Wimbledon";"Grass";"128";"Grand Slams";213;26;"Karen Khachanov";"R";198;"RUS";25,1;50;"Frances Tiafoe";"R";188;"USA";23,4;"6-3 6-4 6-4";5;"R32";106;13;2;82;57;46;16;15;0;0;4;1;79;47;34;16;14;3;6;29;1965;57;1148;6;6;6;NA;NA;3;4;4;NA;NA;2021-06-28;2021;"2021-540:213";288;1;3,14201900487243;2,16710998583526;26;"Karen Khachanov";50;"Frances Tiafoe";3,14201900487243;2,16710998583526;0,974909019037169;25,1;23,4;1,7;198;188;10;1,5;0,5;1,5;0,5;1;6;0;3;0;3;0;3;0;3;1;0;0
"835195";"2021-540";"Wimbledon";"Grass";"128";"Grand Slams";215;47;"Denis Shapovalov";"L";185;"CAN";22,2;36;"Andy Murray";"R";190;"GBR";34,1;"6-4 6-2 6-2";5;"R32";137;13;3;91;49;35;24;13;8;9;1;2;80;47;24;17;13;5;11;12;2915;118;685;6;6;6;NA;NA;4;2;2;NA;NA;2021-06-28;2021;"2021-540:215";289;0;4,41503749927884;1,11735695063816;36;"Andy Murray";47;"Denis Shapovalov";1,11735695063816;4,41503749927884;-3,29768054864069;34,1;22,2;11,9;190;185;5;0,888888888888889;0,454545454545455;0,454545454545455;0,888888888888889;-0,434343434343434;11;9;5;8;6;1;1;6;-5;1;0;0
"835197";"2021-540";"Wimbledon";"Grass";"128";"Grand Slams";217;9;"Matteo Berrettini";"R";196;"ITA";25,2;6;"Aljaz Bedene";"R";181;"SLO";31,9;"6-4 6-4 6-4";5;"R32";102;20;0;76;49;40;22;15;2;2;8;3;89;57;38;20;15;6;9;9;4468;64;1089;6;6;6;NA;NA;4;4;4;NA;NA;2021-06-28;2021;"2021-540:217";290;0;4,83007499855769;2;6;"Aljaz Bedene";9;"Matteo Berrettini";2;4,83007499855769;-2,83007499855769;31,9;25,2;6,7;181;196;-15;1;0,666666666666667;0,666666666666667;1;-0,333333333333333;9;2;6;2;3;0;0;3;-3;1;0;0
"835200";"2021-540";"Wimbledon";"Grass";"128";"Grand Slams";220;56;"Alexander Zverev";"R";198;"GER";24,1;18;"Taylor Fritz";"R";193;"USA";23,6;"6-7(3) 6-4 6-3 7-6(4)";5;"R32";158;19;9;117;81;74;20;24;1;2;13;8;144;94;67;27;21;6;9;6;7305;40;1590;6;6;6;7;NA;7;4;3;6;NA;2021-06-28;2021;"2021-540:220";291;0;5,41503749927884;2,67807190511264;18;"Taylor Fritz";56;"Alexander Zverev";2,67807190511264;5,41503749927884;-2,73696559416621;23,6;24,1;-0,5;193;198;-5;0,5;0,666666666666667;0,666666666666667;0,5;0,166666666666667;9;2;6;1;3;1;1;3;-2;1;0;0
"835201";"2021-540";"Wimbledon";"Grass";"128";"Grand Slams";221;16;"Roger Federer";"R";185;"SUI";39,8;39;"Cameron Norrie";"L";188;"GBR";25,8;"6-4 6-4 5-7 6-4";5;"R32";155;7;0;114;76;56;25;21;2;4;12;7;132;87;59;22;21;7;11;8;4815;34;1770;6;6;5;6;NA;4;4;7;4;NA;2021-06-28;2021;"2021-540:221";292;1;5;2,91253715874966;16;"Roger Federer";39;"Cameron Norrie";5;2,91253715874966;2,08746284125034;39,8;25,8;14;185;188;-3;0,5;0,636363636363636;0,5;0,636363636363636;-0,136363636363636;11;4;7;2;4;2;4;2;2;1;0;0
"835204";"2021-540";"Wimbledon";"Grass";"128";"Grand Slams";224;34;"Daniil Medvedev";"R";198;"RUS";25,3;11;"Marin Cilic";"R";198;"CRO";32,7;"6-7(3) 3-6 6-3 6-3 6-2";5;"R32";216;16;3;156;93;70;25;25;3;8;11;10;151;85;64;26;23;7;15;2;10280;37;1660;6;3;6;6;6;7;6;3;3;2;2021-06-28;2021;"2021-540:224";293;0;7;2,79054663437105;11;"Marin Cilic";34;"Daniil Medvedev";2,79054663437105;7;-4,20945336562895;32,7;25,3;7,4;198;198;0;0,375;0,466666666666667;0,466666666666667;0,375;0,0916666666666667;15;8;7;3;8;5;5;8;-3;1;0;0
"835205";"2021-540";"Wimbledon";"Grass";"128";"Grand Slams";225;14;"Novak Djokovic";"R";188;"SRB";34,1;19;"Cristian Garin";"R";185;"CHI";25;"6-2 6-4 6-2";5;"R16";109;9;1;67;39;36;18;13;2;2;2;5;85;48;27;17;13;7;12;1;12113;20;2440;6;6;6;NA;NA;2;4;2;NA;NA;2021-06-28;2021;"2021-540:225";294;1;8;3,67807190511264;14;"Novak Djokovic";19;"Cristian Garin";8;3,67807190511264;4,32192809488736;34,1;25;9,1;188;185;3;1;0,583333333333333;1;0,583333333333333;0,416666666666667;12;2;7;2;5;0;5;0;5;1;0;0
"835208";"2021-540";"Wimbledon";"Grass";"128";"Grand Slams";228;47;"Denis Shapovalov";"L";185;"CAN";22,2;5;"Roberto Bautista Agut";"R";183;"ESP";33,2;"6-1 6-3 7-5";5;"R16";127;15;8;99;58;45;18;14;10;12;1;2;84;55;27;13;14;6;13;12;2915;10;3125;6;6;7;NA;NA;1;3;5;NA;NA;2021-06-28;2021;"2021-540:228";295;0;4,41503749927884;4,67807190511264;5;"Roberto Bautista Agut";47;"Denis Shapovalov";4,67807190511264;4,41503749927884;0,263034405833794;33,2;22,2;11;183;185;-2;0,833333333333333;0,461538461538462;0,461538461538462;0,833333333333333;-0,371794871794872;13;12;6;10;7;2;2;7;-5;1;0;0
"835212";"2021-540";"Wimbledon";"Grass";"128";"Grand Slams";232;23;"Hubert Hurkacz";"R";196;"POL";24,3;34;"Daniil Medvedev";"R";198;"RUS";25,3;"2-6 7-6(2) 3-6 6-3 6-3";5;"R16";182;10;4;155;95;73;29;24;5;8;13;4;140;83;66;31;24;1;4;18;2533;2;10280;2;7;3;6;6;6;6;6;3;3;2021-06-28;2021;"2021-540:232";296;1;3,83007499855769;7;23;"Hubert Hurkacz";34;"Daniil Medvedev";3,83007499855769;7;-3,16992500144231;24,3;25,3;-1;196;198;-2;0,625;0,25;0,625;0,25;0,375;4;8;1;5;3;3;3;3;0;1;0;0
"835214";"2021-540";"Wimbledon";"Grass";"128";"Grand Slams";234;47;"Denis Shapovalov";"L";185;"CAN";22,2;26;"Karen Khachanov";"R";198;"RUS";25,1;"6-4 3-6 5-7 6-1 6-4";5;"QF";206;18;10;131;83;71;24;24;5;8;3;7;162;99;66;32;24;14;19;12;2915;29;1965;6;3;5;6;6;4;6;7;1;4;2021-06-28;2021;"2021-540:234";297;0;4,41503749927884;3,14201900487243;26;"Karen Khachanov";47;"Denis Shapovalov";3,14201900487243;4,41503749927884;-1,27301849440642;25,1;22,2;2,9;198;185;13;0,625;0,736842105263158;0,736842105263158;0,625;0,111842105263158;19;8;14;5;5;3;3;5;-2;1;0;0
"835216";"2021-540";"Wimbledon";"Grass";"128";"Grand Slams";236;23;"Hubert Hurkacz";"R";196;"POL";24,3;16;"Roger Federer";"R";185;"SUI";39,8;"6-3 7-6(4) 6-0";5;"QF";109;10;3;88;52;41;20;15;3;4;5;3;93;60;40;11;13;10;15;18;2533;8;4815;6;7;6;NA;NA;3;6;0;NA;NA;2021-06-28;2021;"2021-540:236";298;0;3,83007499855769;5;16;"Roger Federer";23;"Hubert Hurkacz";5;3,83007499855769;1,16992500144231;39,8;24,3;15,5;185;196;-11;0,75;0,666666666666667;0,666666666666667;0,75;-0,0833333333333334;15;4;10;3;5;1;1;5;-4;1;0;0
"835217";"2021-540";"Wimbledon";"Grass";"128";"Grand Slams";237;14;"Novak Djokovic";"R";188;"SRB";34,1;47;"Denis Shapovalov";"L";185;"CAN";22,2;"7-6(3) 7-5 7-5";5;"SF";164;8;5;112;68;55;25;18;10;11;5;6;108;72;57;15;19;7;10;1;12113;12;2915;7;7;7;NA;NA;6;5;5;NA;NA;2021-06-28;2021;"2021-540:237";299;1;8;4,41503749927884;14;"Novak Djokovic";47;"Denis Shapovalov";8;4,41503749927884;3,58496250072116;34,1;22,2;11,9;188;185;3;0,909090909090909;0,7;0,909090909090909;0,7;0,209090909090909;10;11;7;10;3;1;3;1;2;1;0;0
"835218";"2021-540";"Wimbledon";"Grass";"128";"Grand Slams";238;9;"Matteo Berrettini";"R";196;"ITA";25,2;23;"Hubert Hurkacz";"R";196;"POL";24,3;"6-3 6-0 6-7(3) 6-4";5;"SF";157;22;1;103;65;56;23;18;2;2;5;1;121;69;47;26;20;4;10;9;4468;18;2533;6;6;6;6;NA;3;0;7;4;NA;2021-06-28;2021;"2021-540:238";300;1;4,83007499855769;3,83007499855769;9;"Matteo Berrettini";23;"Hubert Hurkacz";4,83007499855769;3,83007499855769;1;25,2;24,3;0,899999999999999;196;196;0;1;0,4;1;0,4;0,6;10;2;4;2;6;0;6;0;6;1;0;0
"835219";"2021-540";"Wimbledon";"Grass";"128";"Grand Slams";239;14;"Novak Djokovic";"R";188;"SRB";34,1;9;"Matteo Berrettini";"R";196;"ITA";25,2;"6-7(4) 6-4 6-4 6-3";5;"F";204;5;4;122;75;59;25;20;5;7;16;3;154;91;69;24;22;9;15;1;12113;9;4468;6;6;6;6;NA;7;4;4;3;NA;2021-06-28;2021;"2021-540:239";301;0;8;4,83007499855769;9;"Matteo Berrettini";14;"Novak Djokovic";4,83007499855769;8;-3,16992500144231;25,2;34,1;-8,9;196;188;8;0,714285714285714;0,6;0,6;0,714285714285714;-0,114285714285714;15;7;9;5;6;2;2;6;-4;1;0;0
"861767";"2022-540";"Wimbledon";"Grass";"128";"Grand Slams";137;39;"Cameron Norrie";"L";188;"GBR";26,8;2;"Pablo Andujar";"R";180;"ESP";36,4;"6-0 7-6(3) 6-3";5;"R128";122;10;1;76;48;37;19;13;1;2;2;9;103;68;43;13;15;5;11;12;3200;100;576;6;7;6;NA;NA;0;6;3;NA;NA;2022-06-27;2022;"2022-540:137";302;0;4,41503749927884;1,35614381022528;2;"Pablo Andujar";39;"Cameron Norrie";1,35614381022528;4,41503749927884;-3,05889368905357;36,4;26,8;9,6;180;188;-8;0,5;0,454545454545455;0,454545454545455;0,5;-0,0454545454545455;11;2;5;1;6;1;1;6;-5;1;0;0
"861805";"2022-540";"Wimbledon";"Grass";"128";"Grand Slams";175;7;"Ricardas Berankis";"R";175;"LTU";32;42;"Sam Querrey";"R";198;"USA";34,7;"6-4 7-5 6-3";5;"R128";99;2;3;86;53;45;22;16;2;2;20;7;87;53;39;17;15;3;6;106;545;157;352;6;7;6;NA;NA;4;5;3;NA;NA;2022-06-27;2022;"2022-540:175";303;1;1,2720795454368;0,705379251108373;7;"Ricardas Berankis";42;"Sam Querrey";1,2720795454368;0,705379251108373;0,566700294328428;32;34,7;-2,7;175;198;-23;1;0,5;1;0,5;0,5;6;2;3;2;3;0;3;0;3;1;0;0
"861812";"2022-540";"Wimbledon";"Grass";"128";"Grand Slams";182;24;"John Isner";"R";206;"USA";37,1;36;"Andy Murray";"R";190;"GBR";35,1;"6-4 7-6(4) 6-7(3) 6-4";5;"R64";203;38;2;129;94;79;19;23;2;2;10;2;127;75;61;32;23;1;3;24;1616;52;995;6;7;6;6;NA;4;6;7;4;NA;2022-06-27;2022;"2022-540:182";304;1;3,41503749927884;2,29956028185891;24;"John Isner";36;"Andy Murray";3,41503749927884;2,29956028185891;1,11547721741994;37,1;35,1;2;206;190;16;1;0,333333333333333;1;0,333333333333333;0,666666666666667;3;2;1;2;2;0;2;0;2;1;0;0
"861838";"2022-540";"Wimbledon";"Grass";"128";"Grand Slams";208;37;"Rafael Nadal";"L";185;"ESP";36;7;"Ricardas Berankis";"R";175;"LTU";32;"6-4 6-4 4-6 6-3";5;"R64";182;13;4;119;78;56;25;20;3;5;3;3;127;84;57;20;19;12;16;4;6525;106;545;6;6;4;6;NA;4;4;6;3;NA;2022-06-27;2022;"2022-540:208";305;0;6;1,2720795454368;7;"Ricardas Berankis";37;"Rafael Nadal";1,2720795454368;6;-4,7279204545632;32;36;-4;175;185;-10;0,6;0,75;0,75;0,6;0,15;16;5;12;3;4;2;2;4;-2;1;0;0
"861845";"2022-540";"Wimbledon";"Grass";"128";"Grand Slams";215;39;"Cameron Norrie";"L";188;"GBR";26,8;25;"Steve Johnson";"R";188;"USA";32,5;"6-4 6-1 6-0";5;"R32";110;3;0;74;50;37;16;12;3;3;11;8;97;51;35;13;11;15;21;12;3200;93;627;6;6;6;NA;NA;4;1;0;NA;NA;2022-06-27;2022;"2022-540:215";306;0;4,41503749927884;1,46084118889197;25;"Steve Johnson";39;"Cameron Norrie";1,46084118889197;4,41503749927884;-2,95419631038687;32,5;26,8;5,7;188;188;0;1;0,714285714285714;0,714285714285714;1;-0,285714285714286;21;3;15;3;6;0;0;6;-6;1;0;0
"861857";"2022-540";"Wimbledon";"Grass";"128";"Grand Slams";227;21;"David Goffin";"R";180;"BEL";31,5;50;"Frances Tiafoe";"R";188;"USA";24,4;"7-6(3) 5-7 5-7 6-4 7-5";5;"R16";276;18;9;211;132;96;36;30;12;18;16;8;192;92;71;48;29;10;16;58;930;28;1439;7;5;5;6;7;6;7;7;4;5;2022-06-27;2022;"2022-540:227";307;1;2,14201900487243;3,1926450779424;21;"David Goffin";50;"Frances Tiafoe";2,14201900487243;3,1926450779424;-1,05062607306997;31,5;24,4;7,1;180;188;-8;0,666666666666667;0,625;0,666666666666667;0,625;0,0416666666666666;16;18;10;12;6;6;6;6;0;1;0;0
"861859";"2022-540";"Wimbledon";"Grass";"128";"Grand Slams";229;19;"Cristian Garin";"R";185;"CHI";26;12;"Alex De Minaur";"R";183;"AUS";23,3;"2-6 5-7 7-6(3) 6-4 7-6(6)";5;"R16";274;5;9;175;106;71;33;27;4;12;5;7;190;105;68;46;29;16;22;43;1055;27;1473;2;5;7;6;7;6;7;6;4;6;2022-06-27;2022;"2022-540:229";308;0;2,5737352452979;3,24511249783653;12;"Alex De Minaur";19;"Cristian Garin";3,24511249783653;2,5737352452979;0,67137725253863;23,3;26;-2,7;183;185;-2;0,333333333333333;0,727272727272727;0,727272727272727;0,333333333333333;0,393939393939394;22;12;16;4;6;8;8;6;2;1;0;0
"861864";"2022-540";"Wimbledon";"Grass";"128";"Grand Slams";234;39;"Cameron Norrie";"L";188;"GBR";26,8;21;"David Goffin";"R";180;"BEL";31,5;"3-6 7-5 2-6 6-3 7-5";5;"QF";208;5;4;151;96;69;26;25;5;10;6;3;145;88;62;33;25;3;8;12;3200;58;930;3;7;2;6;7;6;5;6;3;5;2022-06-27;2022;"2022-540:234";309;0;4,41503749927884;2,14201900487243;21;"David Goffin";39;"Cameron Norrie";2,14201900487243;4,41503749927884;-2,27301849440642;31,5;26,8;4,7;180;188;-8;0,5;0,375;0,375;0,5;-0,125;8;10;3;5;5;5;5;5;0;1;0;0
"861865";"2022-540";"Wimbledon";"Grass";"128";"Grand Slams";235;30;"Nick Kyrgios";"R";193;"AUS";27,1;19;"Cristian Garin";"R";185;"CHI";26;"6-4 6-3 7-6(5)";5;"QF";133;17;4;114;79;58;15;16;8;9;2;5;88;63;43;13;16;3;6;40;1070;43;1055;6;6;7;NA;NA;4;3;6;NA;NA;2022-06-27;2022;"2022-540:235";310;0;2,67807190511264;2,5737352452979;19;"Cristian Garin";30;"Nick Kyrgios";2,5737352452979;2,67807190511264;-0,104336659814735;26;27,1;-1,1;185;193;-8;0,888888888888889;0,5;0,5;0,888888888888889;-0,388888888888889;6;9;3;8;3;1;1;3;-2;1;0;0
"861866";"2022-540";"Wimbledon";"Grass";"128";"Grand Slams";236;37;"Rafael Nadal";"L";185;"ESP";36;18;"Taylor Fritz";"R";193;"USA";24,6;"3-6 7-5 3-6 7-5 7-6(4)";5;"QF";261;5;7;164;107;75;27;28;6;14;19;3;172;109;76;30;27;7;14;4;6525;14;3045;3;7;3;7;7;6;5;6;5;6;2022-06-27;2022;"2022-540:236";311;0;6;4,1926450779424;18;"Taylor Fritz";37;"Rafael Nadal";4,1926450779424;6;-1,8073549220576;24,6;36;-11,4;193;185;8;0,428571428571429;0,5;0,5;0,428571428571429;0,0714285714285715;14;14;7;6;7;8;8;7;1;1;0;0
"861867";"2022-540";"Wimbledon";"Grass";"128";"Grand Slams";237;14;"Novak Djokovic";"R";188;"SRB";35;39;"Cameron Norrie";"L";188;"GBR";26,8;"2-6 6-3 6-2 6-4";5;"SF";155;13;1;88;57;47;18;18;1;4;7;3;114;65;46;20;17;9;14;3;6770;12;3200;2;6;6;6;NA;6;3;2;4;NA;2022-06-27;2022;"2022-540:237";312;1;6,41503749927884;4,41503749927884;14;"Novak Djokovic";39;"Cameron Norrie";6,41503749927884;4,41503749927884;2;35;26,8;8,2;188;188;0;0,25;0,642857142857143;0,25;0,642857142857143;-0,392857142857143;14;4;9;1;5;3;5;3;2;1;0;0
"861869";"2022-540";"Wimbledon";"Grass";"128";"Grand Slams";239;14;"Novak Djokovic";"R";188;"SRB";35;30;"Nick Kyrgios";"R";193;"AUS";27,1;"4-6 6-3 6-4 7-6(3)";5;"F";181;15;7;119;75;62;27;22;5;6;30;7;125;91;64;18;20;2;4;3;6770;40;1070;4;6;6;7;NA;6;3;4;6;NA;2022-06-27;2022;"2022-540:239";313;1;6,41503749927884;2,67807190511264;14;"Novak Djokovic";30;"Nick Kyrgios";6,41503749927884;2,67807190511264;3,73696559416621;35;27,1;7,9;188;193;-5;0,833333333333333;0,5;0,833333333333333;0,5;0,333333333333333;4;6;2;5;2;1;2;1;1;1;0;0
