"";"tourney_id";"tourney_name";"surface";"draw_size";"tourney_level";"match_num";"winner_id";"winner_name";"winner_hand";"winner_ht";"winner_ioc";"winner_age";"loser_id";"loser_name";"loser_hand";"loser_ht";"loser_ioc";"loser_age";"score";"best_of";"round";"minutes";"w_ace";"w_df";"w_svpt";"w_1stIn";"w_1stWon";"w_2ndWon";"w_SvGms";"w_bpSaved";"w_bpFaced";"l_ace";"l_df";"l_svpt";"l_1stIn";"l_1stWon";"l_2ndWon";"l_SvGms";"l_bpSaved";"l_bpFaced";"winner_rank";"winner_rank_points";"loser_rank";"loser_rank_points";"W1";"W2";"W3";"W4";"W5";"L1";"L2";"L3";"L4";"L5";"tourney_start_date";"year";"match_id";"Time";"y";"transformed_winner_rank";"transformed_loser_rank";"player_i_id";"player_i_name";"player_j_id";"player_j_name";"transformed_rank_i";"transformed_rank_j";"diff_transformed_rank";"age_i";"age_j";"diff_age";"height_i";"height_j";"diff_height";"w_bp_saved_ratio";"l_bp_saved_ratio";"bp_saved_ratio_i";"bp_saved_ratio_j";"diff_bp_saved_ratio";"w_bp_chances";"l_bp_chances";"w_bp_lost";"l_bp_lost";"w_bp_won";"l_bp_won";"bp_won_i";"bp_won_j";"diff_bp_won";"I_grass";"I_clay";"I_hard"
"409193";"2005-520";"Roland Garros";"Clay";"128";"Grand Slams";114;1;"Nicolas Almagro";"R";183;"ESP";19,7;32;"Philipp Kohlschreiber";"R";178;"GER";21,6;"7-6(4) 6-4 6-3";5;"R128";125;7;5;102;67;45;15;15;4;8;5;4;105;55;36;20;16;2;9;76;506;73;538;7;6;6;NA;NA;6;4;3;NA;NA;2005-05-23;2005;"2005-520:114";1;1;1,75207248655641;1,81017544111998;1;"Nicolas Almagro";32;"Philipp Kohlschreiber";1,75207248655641;1,81017544111998;-0,0581029545635676;19,7;21,6;-1,9;183;178;5;0,5;0,222222222222222;0,5;0,222222222222222;0,277777777777778;9;8;2;4;7;4;7;4;3;0;1;0
"409256";"2005-520";"Roland Garros";"Clay";"128";"Grand Slams";177;20;"Roger Federer";"R";185;"SUI";23,7;1;"Nicolas Almagro";"R";183;"ESP";19,7;"6-3 7-6(0) 6-2";5;"R64";107;6;3;88;53;43;22;15;1;2;7;6;91;54;38;14;14;6;10;1;6605;76;506;6;7;6;NA;NA;3;6;2;NA;NA;2005-05-23;2005;"2005-520:177";2;0;8;1,75207248655641;1;"Nicolas Almagro";20;"Roger Federer";1,75207248655641;8;-6,24792751344359;19,7;23,7;-4;183;185;-2;0,5;0,6;0,6;0,5;0,1;10;2;6;1;4;1;1;4;-3;0;1;0
"409292";"2005-520";"Roland Garros";"Clay";"128";"Grand Slams";213;38;"Rafael Nadal";"L";185;"ESP";18,9;26;"Richard Gasquet";"R";185;"FRA";18,9;"6-4 6-3 6-2";5;"R32";109;3;0;71;47;32;16;13;1;3;2;4;73;46;24;12;14;3;10;5;2600;31;1050;6;6;6;NA;NA;4;3;2;NA;NA;2005-05-23;2005;"2005-520:213";3;0;5,67807190511264;3,04580368961313;26;"Richard Gasquet";38;"Rafael Nadal";3,04580368961313;5,67807190511264;-2,63226821549951;18,9;18,9;0;185;185;0;0,333333333333333;0,3;0,3;0,333333333333333;-0,0333333333333333;10;3;3;1;7;2;2;7;-5;0;1;0
"409313";"2005-520";"Roland Garros";"Clay";"128";"Grand Slams";234;38;"Rafael Nadal";"L";185;"ESP";18,9;21;"David Ferrer";"R";175;"ESP";23,1;"7-5 6-2 6-0";5;"QF";128;3;0;92;66;43;16;13;10;12;1;2;80;52;28;9;13;2;10;5;2600;21;1225;7;6;6;NA;NA;5;2;0;NA;NA;2005-05-23;2005;"2005-520:234";4;0;5,67807190511264;3,60768257722124;21;"David Ferrer";38;"Rafael Nadal";3,60768257722124;5,67807190511264;-2,0703893278914;23,1;18,9;4,2;175;185;-10;0,833333333333333;0,2;0,2;0,833333333333333;-0,633333333333333;10;12;2;10;8;2;2;8;-6;0;1;0
"409316";"2005-520";"Roland Garros";"Clay";"128";"Grand Slams";237;38;"Rafael Nadal";"L";185;"ESP";18,9;20;"Roger Federer";"R";185;"SUI";23,7;"6-3 4-6 6-4 6-3";5;"SF";167;2;4;120;88;54;16;19;6;12;3;5;119;74;47;17;19;4;13;5;2600;1;6605;6;4;6;6;NA;3;6;4;3;NA;2005-05-23;2005;"2005-520:237";5;0;5,67807190511264;8;20;"Roger Federer";38;"Rafael Nadal";8;5,67807190511264;2,32192809488736;23,7;18,9;4,8;185;185;0;0,5;0,307692307692308;0,307692307692308;0,5;-0,192307692307692;13;12;4;6;9;6;6;9;-3;0;1;0
"433658";"2006-520";"Roland Garros";"Clay";"128";"Grand Slams";164;36;"Gael Monfils";"R";193;"FRA";19,7;37;"Andy Murray";"R";190;"GBR";19;"6-4 6-7(2) 1-6 6-2 6-1";5;"R128";222;6;10;168;105;67;27;22;14;20;0;3;162;107;60;27;22;14;23;28;1100;45;817;6;6;1;6;6;4;7;6;2;1;2006-05-29;2006;"2006-520:164";6;1;3,1926450779424;2,50814690367033;36;"Gael Monfils";37;"Andy Murray";3,1926450779424;2,50814690367033;0,684498174272071;19,7;19;0,699999999999999;193;190;3;0,7;0,608695652173913;0,7;0,608695652173913;0,0913043478260869;23;20;14;14;9;6;9;6;3;0;1;0
"433718";"2006-520";"Roland Garros";"Clay";"128";"Grand Slams";224;38;"Rafael Nadal";"L";185;"ESP";19,9;34;"Paul Henri Mathieu";"R";185;"FRA";24,3;"5-7 6-4 6-4 6-4";5;"R32";293;6;1;129;88;54;23;21;7;13;4;5;168;108;62;27;21;21;29;2;4545;32;920;5;6;6;6;NA;7;4;4;4;NA;2006-05-29;2006;"2006-520:224";7;0;7;3;34;"Paul Henri Mathieu";38;"Rafael Nadal";3;7;-4;24,3;19,9;4,4;185;185;0;0,538461538461538;0,724137931034483;0,724137931034483;0,538461538461538;0,185676392572944;29;13;21;7;8;6;6;8;-2;0;1;0
"433719";"2006-520";"Roland Garros";"Clay";"128";"Grand Slams";225;20;"Roger Federer";"R";185;"SUI";24,8;7;"Tomas Berdych";"R";196;"CZE";20,6;"6-3 6-2 6-3";5;"R16";107;9;1;79;50;38;16;13;2;3;7;3;92;54;39;10;13;10;16;1;7010;20;1390;6;6;6;NA;NA;3;2;3;NA;NA;2006-05-29;2006;"2006-520:225";8;0;8;3,67807190511264;7;"Tomas Berdych";20;"Roger Federer";3,67807190511264;8;-4,32192809488736;20,6;24,8;-4,2;196;185;11;0,666666666666667;0,625;0,625;0,666666666666667;-0,0416666666666666;16;3;10;2;6;1;1;6;-5;0;1;0
"433725";"2006-520";"Roland Garros";"Clay";"128";"Grand Slams";231;19;"Novak Djokovic";"R";188;"SRB";19;36;"Gael Monfils";"R";193;"FRA";19,7;"7-6(5) 7-6(5) 6-3";5;"R16";153;7;4;101;59;44;28;17;3;6;6;3;101;48;35;29;16;5;9;63;627;28;1100;7;7;6;NA;NA;6;6;3;NA;NA;2006-05-29;2006;"2006-520:231";9;1;2,02272007650008;3,1926450779424;19;"Novak Djokovic";36;"Gael Monfils";2,02272007650008;3,1926450779424;-1,16992500144231;19;19,7;-0,699999999999999;188;193;-5;0,5;0,555555555555556;0,5;0,555555555555556;-0,0555555555555556;9;6;5;3;4;3;4;3;1;0;1;0
"433733";"2006-520";"Roland Garros";"Clay";"128";"Grand Slams";239;38;"Rafael Nadal";"L";185;"ESP";19,9;20;"Roger Federer";"R";185;"SUI";24,8;"1-6 6-1 6-4 7-6(4)";5;"F";182;3;0;111;85;59;17;18;7;10;8;1;119;72;49;25;18;8;12;2;4545;1;7010;1;6;6;7;NA;6;1;4;6;NA;2006-05-29;2006;"2006-520:239";10;0;7;8;20;"Roger Federer";38;"Rafael Nadal";8;7;1;24,8;19,9;4,9;185;185;0;0,7;0,666666666666667;0,666666666666667;0,7;-0,0333333333333333;12;10;8;7;4;3;3;4;-1;0;1;0
"457669";"2007-520";"Roland Garros";"Clay";"128";"Grand Slams";176;38;"Rafael Nadal";"L";185;"ESP";20,9;15;"Juan Martin del Potro";"R";198;"ARG";18,6;"7-5 6-3 6-2";5;"R128";139;1;2;78;49;37;15;14;6;9;0;3;95;67;34;14;15;12;20;2;5225;59;608;7;6;6;NA;NA;5;3;2;NA;NA;2007-05-28;2007;"2007-520:176";11;0;7;2,11735695063816;15;"Juan Martin del Potro";38;"Rafael Nadal";2,11735695063816;7;-4,88264304936184;18,6;20,9;-2,3;198;185;13;0,666666666666667;0,6;0,6;0,666666666666667;-0,0666666666666667;20;9;12;6;8;3;3;8;-5;0;1;0
"457692";"2007-520";"Roland Garros";"Clay";"128";"Grand Slams";199;34;"Paul Henri Mathieu";"R";185;"FRA";25,3;48;"Gilles Simon";"R";183;"FRA";22,4;"3-6 6-4 6-1 7-6(2)";5;"R64";218;4;2;137;84;63;22;19;6;10;9;4;160;92;53;34;19;12;18;40;800;56;620;3;6;6;7;NA;6;4;1;6;NA;2007-05-28;2007;"2007-520:199";12;1;2,67807190511264;2,1926450779424;34;"Paul Henri Mathieu";48;"Gilles Simon";2,67807190511264;2,1926450779424;0,485426827170241;25,3;22,4;2,9;185;183;2;0,6;0,666666666666667;0,6;0,666666666666667;-0,0666666666666667;18;10;12;6;6;4;6;4;2;0;1;0
"457722";"2007-520";"Roland Garros";"Clay";"128";"Grand Slams";229;19;"Novak Djokovic";"R";188;"SRB";20;55;"Fernando Verdasco";"L";188;"ESP";23,5;"6-3 6-3 7-6(1)";5;"R16";165;9;1;113;81;55;19;15;6;7;3;2;116;86;55;12;15;15;19;6;2810;51;695;6;6;7;NA;NA;3;3;6;NA;NA;2007-05-28;2007;"2007-520:229";13;1;5,41503749927884;2,3275746580285;19;"Novak Djokovic";55;"Fernando Verdasco";5,41503749927884;2,3275746580285;3,08746284125034;20;23,5;-3,5;188;188;0;0,857142857142857;0,789473684210526;0,857142857142857;0,789473684210526;0,0676691729323308;19;7;15;6;4;1;4;1;3;0;1;0
"457726";"2007-520";"Roland Garros";"Clay";"128";"Grand Slams";233;20;"Roger Federer";"R";185;"SUI";25,8;43;"Tommy Robredo";"R";180;"ESP";25;"7-5 1-6 6-1 6-2";5;"QF";122;8;0;87;51;42;19;17;5;9;2;2;102;78;43;12;17;4;11;1;7515;9;2100;7;1;6;6;NA;5;6;1;2;NA;2007-05-28;2007;"2007-520:233";14;1;8;4,83007499855769;20;"Roger Federer";43;"Tommy Robredo";8;4,83007499855769;3,16992500144231;25,8;25;0,800000000000001;185;180;5;0,555555555555556;0,363636363636364;0,555555555555556;0,363636363636364;0,191919191919192;11;9;4;5;7;4;7;4;3;0;1;0
"457731";"2007-520";"Roland Garros";"Clay";"128";"Grand Slams";238;38;"Rafael Nadal";"L";185;"ESP";20,9;19;"Novak Djokovic";"R";188;"SRB";20;"7-5 6-4 6-2";5;"SF";148;3;1;86;61;45;15;15;4;6;3;1;95;68;39;10;15;3;9;2;5225;6;2810;7;6;6;NA;NA;5;4;2;NA;NA;2007-05-28;2007;"2007-520:238";15;0;7;5,41503749927884;19;"Novak Djokovic";38;"Rafael Nadal";5,41503749927884;7;-1,58496250072116;20;20,9;-0,899999999999999;188;185;3;0,666666666666667;0,333333333333333;0,333333333333333;0,666666666666667;-0,333333333333333;9;6;3;4;6;2;2;6;-4;0;1;0
"457732";"2007-520";"Roland Garros";"Clay";"128";"Grand Slams";239;38;"Rafael Nadal";"L";185;"ESP";20,9;20;"Roger Federer";"R";185;"SUI";25,8;"6-3 4-6 6-3 6-4";5;"F";190;2;1;137;106;74;17;19;16;17;9;1;118;76;50;23;19;6;10;2;5225;1;7515;6;4;6;6;NA;3;6;3;4;NA;2007-05-28;2007;"2007-520:239";16;0;7;8;20;"Roger Federer";38;"Rafael Nadal";8;7;1;25,8;20,9;4,9;185;185;0;0,941176470588235;0,6;0,6;0,941176470588235;-0,341176470588235;10;17;6;16;4;1;1;4;-3;0;1;0
"483407";"2008-520";"Roland Garros";"Clay";"128";"Grand Slams";121;56;"Stan Wawrinka";"R";183;"SUI";23,1;32;"Philipp Kohlschreiber";"R";178;"GER";24,6;"6-3 6-4 6-3";5;"R128";108;7;3;79;52;36;17;14;3;6;0;3;88;53;31;15;14;7;14;10;1575;36;905;6;6;6;NA;NA;3;4;3;NA;NA;2008-05-25;2008;"2008-520:121";17;0;4,67807190511264;2,83007499855769;32;"Philipp Kohlschreiber";56;"Stan Wawrinka";2,83007499855769;4,67807190511264;-1,84799690655495;24,6;23,1;1,5;178;183;-5;0,5;0,5;0,5;0,5;0;14;6;7;3;7;3;3;7;-4;0;1;0
"483467";"2008-520";"Roland Garros";"Clay";"128";"Grand Slams";181;56;"Stan Wawrinka";"R";183;"SUI";23,1;12;"Marin Cilic";"R";198;"CRO";19,6;"7-6(3) 7-6(4) 6-1";5;"R64";164;3;1;103;62;43;26;16;2;6;6;6;107;49;36;23;15;6;12;10;1575;53;670;7;7;6;NA;NA;6;6;1;NA;NA;2008-05-25;2008;"2008-520:181";18;0;4,67807190511264;2,2720795454368;12;"Marin Cilic";56;"Stan Wawrinka";2,2720795454368;4,67807190511264;-2,40599235967584;19,6;23,1;-3,5;198;183;15;0,333333333333333;0,5;0,5;0,333333333333333;0,166666666666667;12;6;6;2;6;4;4;6;-2;0;1;0
"483516";"2008-520";"Roland Garros";"Clay";"128";"Grand Slams";230;19;"Novak Djokovic";"R";188;"SRB";21;34;"Paul Henri Mathieu";"R";185;"FRA";26,3;"6-4 6-3 6-4";5;"R16";140;14;1;77;54;45;11;14;7;8;8;4;111;63;45;18;15;7;12;3;5225;19;1270;6;6;6;NA;NA;4;3;4;NA;NA;2008-05-25;2008;"2008-520:230";19;1;6,41503749927884;3,75207248655641;19;"Novak Djokovic";34;"Paul Henri Mathieu";6,41503749927884;3,75207248655641;2,66296501272243;21;26,3;-5,3;188;185;3;0,875;0,583333333333333;0,875;0,583333333333333;0,291666666666667;12;8;7;7;5;1;5;1;4;0;1;0
"483518";"2008-520";"Roland Garros";"Clay";"128";"Grand Slams";232;38;"Rafael Nadal";"L";185;"ESP";21,9;55;"Fernando Verdasco";"L";188;"ESP";24,5;"6-1 6-0 6-2";5;"R16";114;1;1;69;44;30;15;11;3;5;1;6;70;47;20;7;10;6;15;2;5585;23;1240;6;6;6;NA;NA;1;0;2;NA;NA;2008-05-25;2008;"2008-520:232";20;1;7;3,47643804394299;38;"Rafael Nadal";55;"Fernando Verdasco";7;3,47643804394299;3,52356195605701;21,9;24,5;-2,6;185;188;-3;0,6;0,4;0,6;0,4;0,2;15;5;6;3;9;2;9;2;7;0;1;0
"483520";"2008-520";"Roland Garros";"Clay";"128";"Grand Slams";234;36;"Gael Monfils";"R";193;"FRA";21,7;21;"David Ferrer";"R";175;"ESP";26,1;"6-3 3-6 6-3 6-1";5;"QF";147;10;5;100;55;44;24;17;5;7;1;1;104;67;40;20;17;7;13;59;613;5;2730;6;3;6;6;NA;3;6;3;1;NA;2008-05-25;2008;"2008-520:234";21;0;2,11735695063816;5,67807190511264;21;"David Ferrer";36;"Gael Monfils";5,67807190511264;2,11735695063816;3,56071495447448;26,1;21,7;4,4;175;193;-18;0,714285714285714;0,538461538461538;0,538461538461538;0,714285714285714;-0,175824175824176;13;7;7;5;6;2;2;6;-4;0;1;0
"483521";"2008-520";"Roland Garros";"Clay";"128";"Grand Slams";235;19;"Novak Djokovic";"R";188;"SRB";21;28;"Ernests Gulbis";"R";190;"LAT";19,7;"7-5 7-6(3) 7-5";5;"QF";187;6;1;125;82;58;24;18;4;6;12;7;138;85;58;24;18;12;16;3;5225;80;512;7;7;7;NA;NA;5;6;5;NA;NA;2008-05-25;2008;"2008-520:235";22;1;6,41503749927884;1,67807190511264;19;"Novak Djokovic";28;"Ernests Gulbis";6,41503749927884;1,67807190511264;4,73696559416621;21;19,7;1,3;188;190;-2;0,666666666666667;0,75;0,666666666666667;0,75;-0,0833333333333334;16;6;12;4;4;2;4;2;2;0;1;0
"483522";"2008-520";"Roland Garros";"Clay";"128";"Grand Slams";236;38;"Rafael Nadal";"L";185;"ESP";21,9;1;"Nicolas Almagro";"R";183;"ESP";22,7;"6-1 6-1 6-1";5;"QF";104;1;1;65;44;36;11;10;5;5;3;3;65;25;13;14;11;5;13;2;5585;20;1270;6;6;6;NA;NA;1;1;1;NA;NA;2008-05-25;2008;"2008-520:236";23;0;7;3,67807190511264;1;"Nicolas Almagro";38;"Rafael Nadal";3,67807190511264;7;-3,32192809488736;22,7;21,9;0,800000000000001;183;185;-2;1;0,384615384615385;0,384615384615385;1;-0,615384615384615;13;5;5;5;8;0;0;8;-8;0;1;0
"483523";"2008-520";"Roland Garros";"Clay";"128";"Grand Slams";237;20;"Roger Federer";"R";185;"SUI";26,7;36;"Gael Monfils";"R";193;"FRA";21,7;"6-2 5-7 6-3 7-5";5;"SF";185;2;1;136;97;67;20;20;10;13;10;5;150;89;62;22;21;8;15;1;6675;59;613;6;5;6;7;NA;2;7;3;5;NA;2008-05-25;2008;"2008-520:237";24;1;8;2,11735695063816;20;"Roger Federer";36;"Gael Monfils";8;2,11735695063816;5,88264304936184;26,7;21,7;5;185;193;-8;0,769230769230769;0,533333333333333;0,769230769230769;0,533333333333333;0,235897435897436;15;13;8;10;7;3;7;3;4;0;1;0
"483524";"2008-520";"Roland Garros";"Clay";"128";"Grand Slams";238;38;"Rafael Nadal";"L";185;"ESP";21,9;19;"Novak Djokovic";"R";188;"SRB";21;"6-4 6-2 7-6(3)";5;"SF";169;0;0;98;71;47;19;15;4;6;2;1;100;54;31;27;15;9;14;2;5585;3;5225;6;6;7;NA;NA;4;2;6;NA;NA;2008-05-25;2008;"2008-520:238";25;0;7;6,41503749927884;19;"Novak Djokovic";38;"Rafael Nadal";6,41503749927884;7;-0,584962500721156;21;21,9;-0,899999999999999;188;185;3;0,666666666666667;0,642857142857143;0,642857142857143;0,666666666666667;-0,0238095238095237;14;6;9;4;5;2;2;5;-3;0;1;0
"483525";"2008-520";"Roland Garros";"Clay";"128";"Grand Slams";239;38;"Rafael Nadal";"L";185;"ESP";21,9;20;"Roger Federer";"R";185;"SUI";26,7;"6-1 6-3 6-0";5;"F";108;0;0;67;50;35;11;11;3;4;2;0;77;53;26;5;11;9;17;2;5585;1;6675;6;6;6;NA;NA;1;3;0;NA;NA;2008-05-25;2008;"2008-520:239";26;0;7;8;20;"Roger Federer";38;"Rafael Nadal";8;7;1;26,7;21,9;4,8;185;185;0;0,75;0,529411764705882;0,529411764705882;0,75;-0,220588235294118;17;4;9;3;8;1;1;8;-7;0;1;0
"510167";"2009-520";"Roland Garros";"Clay";"128";"Grand Slams";207;34;"Paul Henri Mathieu";"R";185;"FRA";27,3;2;"Pablo Andujar";"R";180;"ESP";23,3;"6-2 6-3 6-4";5;"R64";141;5;0;99;59;43;22;14;8;9;1;4;81;48;29;15;13;3;8;35;1490;101;771;6;6;6;NA;NA;2;3;4;NA;NA;2009-05-25;2009;"2009-520:207";27;0;2,87071698305503;1,34178851724821;2;"Pablo Andujar";34;"Paul Henri Mathieu";1,34178851724821;2,87071698305503;-1,52892846580683;23,3;27,3;-4;180;185;-5;0,888888888888889;0,375;0,375;0,888888888888889;-0,513888888888889;8;9;3;8;5;1;1;5;-4;0;1;0
"510180";"2009-520";"Roland Garros";"Clay";"128";"Grand Slams";220;32;"Philipp Kohlschreiber";"R";178;"GER";25,6;19;"Novak Djokovic";"R";188;"SRB";22;"6-4 6-4 6-4";5;"R32";141;1;1;98;65;42;21;15;4;6;3;3;90;58;38;13;15;5;10;31;1590;4;8830;6;6;6;NA;NA;4;4;4;NA;NA;2009-05-25;2009;"2009-520:220";28;0;3,04580368961313;6;19;"Novak Djokovic";32;"Philipp Kohlschreiber";6;3,04580368961313;2,95419631038687;22;25,6;-3,6;188;178;10;0,666666666666667;0,5;0,5;0,666666666666667;-0,166666666666667;10;6;5;4;5;2;2;5;-3;0;1;0
"510184";"2009-520";"Roland Garros";"Clay";"128";"Grand Slams";224;20;"Roger Federer";"R";185;"SUI";27,7;34;"Paul Henri Mathieu";"R";185;"FRA";27,3;"4-6 6-1 6-4 6-4";5;"R32";166;14;3;110;65;53;22;19;5;7;8;3;126;75;49;24;18;11;16;2;10470;35;1490;4;6;6;6;NA;6;1;4;4;NA;2009-05-25;2009;"2009-520:224";29;1;7;2,87071698305503;20;"Roger Federer";34;"Paul Henri Mathieu";7;2,87071698305503;4,12928301694497;27,7;27,3;0,399999999999999;185;185;0;0,714285714285714;0,6875;0,714285714285714;0,6875;0,0267857142857143;16;7;11;5;5;2;5;2;3;0;1;0
"510187";"2009-520";"Roland Garros";"Clay";"128";"Grand Slams";227;37;"Andy Murray";"R";190;"GBR";22;12;"Marin Cilic";"R";198;"CRO";20,6;"7-5 7-6(4) 6-1";5;"R16";151;10;1;106;56;42;26;16;1;4;4;5;104;60;39;18;15;6;12;3;9020;13;2670;7;7;6;NA;NA;5;6;1;NA;NA;2009-05-25;2009;"2009-520:227";30;0;6,41503749927884;4,29956028185891;12;"Marin Cilic";37;"Andy Murray";4,29956028185891;6,41503749927884;-2,11547721741994;20,6;22;-1,4;198;190;8;0,25;0,5;0,5;0,25;0,25;12;4;6;1;6;3;3;6;-3;0;1;0
"510190";"2009-520";"Roland Garros";"Clay";"128";"Grand Slams";230;43;"Tommy Robredo";"R";180;"ESP";27;32;"Philipp Kohlschreiber";"R";178;"GER";25,6;"6-4 5-7 7-6(4) 6-2";5;"R16";196;7;2;122;75;63;28;21;5;6;2;2;133;73;47;42;21;7;10;17;2370;31;1590;6;5;7;6;NA;4;7;6;2;NA;2009-05-25;2009;"2009-520:230";31;0;3,91253715874966;3,04580368961313;32;"Philipp Kohlschreiber";43;"Tommy Robredo";3,04580368961313;3,91253715874966;-0,866733469136536;25,6;27;-1,4;178;180;-2;0,833333333333333;0,7;0,7;0,833333333333333;-0,133333333333333;10;6;7;5;3;1;1;3;-2;0;1;0
"510196";"2009-520";"Roland Garros";"Clay";"128";"Grand Slams";236;20;"Roger Federer";"R";185;"SUI";27,7;36;"Gael Monfils";"R";193;"FRA";22,7;"7-6(6) 6-2 6-4";5;"QF";130;8;1;94;54;43;26;15;4;4;7;1;105;61;41;22;15;2;5;2;10470;10;3150;7;6;6;NA;NA;6;2;4;NA;NA;2009-05-25;2009;"2009-520:236";32;1;7;4,67807190511264;20;"Roger Federer";36;"Gael Monfils";7;4,67807190511264;2,32192809488736;27,7;22,7;5;185;193;-8;1;0,4;1;0,4;0,6;5;4;2;4;3;0;3;0;3;0;1;0
"510198";"2009-520";"Roland Garros";"Clay";"128";"Grand Slams";238;20;"Roger Federer";"R";185;"SUI";27,7;15;"Juan Martin del Potro";"R";198;"ARG";20,6;"3-6 7-6(2) 2-6 6-1 6-4";5;"SF";209;5;1;142;92;67;26;24;8;13;16;6;168;98;72;30;22;8;12;2;10470;5;4830;3;7;2;6;6;6;6;6;1;4;2009-05-25;2009;"2009-520:238";33;0;7;5,67807190511264;15;"Juan Martin del Potro";20;"Roger Federer";5,67807190511264;7;-1,32192809488736;20,6;27,7;-7,1;198;185;13;0,615384615384615;0,666666666666667;0,666666666666667;0,615384615384615;0,0512820512820512;12;13;8;8;4;5;5;4;1;0;1;0
"534570";"2010-520";"Roland Garros";"Clay";"128";"Grand Slams";129;37;"Andy Murray";"R";190;"GBR";23;26;"Richard Gasquet";"R";185;"FRA";23,9;"4-6 6-7(5) 6-4 6-2 6-1";5;"R128";244;17;8;165;77;56;49;24;9;12;13;5;158;86;57;34;23;9;16;4;5565;45;920;4;6;6;6;6;6;7;4;2;1;2010-05-24;2010;"2010-520:129";34;0;6;2,50814690367033;26;"Richard Gasquet";37;"Andy Murray";2,50814690367033;6;-3,49185309632967;23,9;23;0,899999999999999;185;190;-5;0,75;0,5625;0,5625;0,75;-0,1875;16;12;9;9;7;3;3;7;-4;0;1;0
"534621";"2010-520";"Roland Garros";"Clay";"128";"Grand Slams";180;22;"Fabio Fognini";"R";178;"ITA";23;36;"Gael Monfils";"R";193;"FRA";23,7;"2-6 4-6 7-5 6-4 9-7";5;"R64";256;3;7;167;110;74;25;28;8;16;15;5;200;129;80;32;28;11;19;92;570;15;2220;2;4;7;6;9;6;6;5;4;7;2010-05-24;2010;"2010-520:180";35;1;1,47643804394299;4,09310940439148;22;"Fabio Fognini";36;"Gael Monfils";1,47643804394299;4,09310940439148;-2,61667136044849;23;23,7;-0,699999999999999;178;193;-15;0,5;0,578947368421053;0,5;0,578947368421053;-0,0789473684210527;19;16;11;8;8;8;8;8;0;0;1;0
"534641";"2010-520";"Roland Garros";"Clay";"128";"Grand Slams";200;19;"Novak Djokovic";"R";188;"SRB";23;39;"Kei Nishikori";"R";178;"JPN";20,3;"6-1 6-4 6-4";5;"R64";160;3;9;117;74;53;15;14;7;9;1;1;95;57;32;17;13;8;14;3;6405;246;190;6;6;6;NA;NA;1;4;4;NA;NA;2010-05-24;2010;"2010-520:200";36;1;6,41503749927884;0,0574854946607601;19;"Novak Djokovic";39;"Kei Nishikori";6,41503749927884;0,0574854946607601;6,35755200461808;23;20,3;2,7;188;178;10;0,777777777777778;0,571428571428571;0,777777777777778;0,571428571428571;0,206349206349206;14;9;8;7;6;2;6;2;4;0;1;0
"534643";"2010-520";"Roland Garros";"Clay";"128";"Grand Slams";202;32;"Philipp Kohlschreiber";"R";178;"GER";26,6;47;"Andreas Seppi";"R";190;"ITA";26,2;"7-6(5) 6-3 7-5";5;"R64";157;7;1;112;54;39;36;17;4;6;5;2;99;50;33;31;16;5;9;35;1320;66;720;7;6;7;NA;NA;6;3;5;NA;NA;2010-05-24;2010;"2010-520:202";37;1;2,87071698305503;1,95560588064155;32;"Philipp Kohlschreiber";47;"Andreas Seppi";2,87071698305503;1,95560588064155;0,915111102413487;26,6;26,2;0,400000000000002;178;190;-12;0,666666666666667;0,555555555555556;0,666666666666667;0,555555555555556;0,111111111111111;9;6;5;4;4;2;4;2;2;0;1;0
"534651";"2010-520";"Roland Garros";"Clay";"128";"Grand Slams";210;56;"Stan Wawrinka";"R";183;"SUI";25,1;22;"Fabio Fognini";"R";178;"ITA";23;"6-3 6-4 6-1";5;"R32";112;7;3;79;46;32;20;13;3;4;1;6;90;52;32;15;13;5;11;24;1600;92;570;6;6;6;NA;NA;3;4;1;NA;NA;2010-05-24;2010;"2010-520:210";38;0;3,41503749927884;1,47643804394299;22;"Fabio Fognini";56;"Stan Wawrinka";1,47643804394299;3,41503749927884;-1,93859945533586;23;25,1;-2,1;178;183;-5;0,75;0,454545454545455;0,454545454545455;0,75;-0,295454545454545;11;4;5;3;6;1;1;6;-5;0;1;0
"534655";"2010-520";"Roland Garros";"Clay";"128";"Grand Slams";214;7;"Tomas Berdych";"R";196;"CZE";24,6;29;"John Isner";"R";206;"USA";25;"6-2 6-2 6-1";5;"R32";93;9;2;55;30;28;17;11;0;0;9;1;91;67;37;7;12;5;12;17;2115;19;1880;6;6;6;NA;NA;2;2;1;NA;NA;2010-05-24;2010;"2010-520:214";39;1;3,91253715874966;3,75207248655641;7;"Tomas Berdych";29;"John Isner";3,91253715874966;3,75207248655641;0,160464672193246;24,6;25;-0,399999999999999;196;206;-10;1,5;0,416666666666667;1,5;0,416666666666667;1,08333333333333;12;0;5;0;7;0;7;0;7;0;1;0
"534662";"2010-520";"Roland Garros";"Clay";"128";"Grand Slams";221;55;"Fernando Verdasco";"L";188;"ESP";26,5;32;"Philipp Kohlschreiber";"R";178;"GER";26,6;"2-6 6-3 6-3 6-7(1) 6-4";5;"R32";242;5;15;170;128;85;15;24;9;16;3;6;155;91;62;25;24;8;17;9;3645;35;1320;2;6;6;6;6;6;3;3;7;4;2010-05-24;2010;"2010-520:221";40;0;4,83007499855769;2,87071698305503;32;"Philipp Kohlschreiber";55;"Fernando Verdasco";2,87071698305503;4,83007499855769;-1,95935801550265;26,6;26,5;0,100000000000001;178;188;-10;0,5625;0,470588235294118;0,470588235294118;0,5625;-0,0919117647058824;17;16;8;9;9;7;7;9;-2;0;1;0
"534666";"2010-520";"Roland Garros";"Clay";"128";"Grand Slams";225;20;"Roger Federer";"R";185;"SUI";28,7;56;"Stan Wawrinka";"R";183;"SUI";25,1;"6-3 7-6(5) 6-2";5;"R16";116;7;0;89;59;43;19;14;3;4;5;4;87;48;38;16;15;3;8;1;10030;24;1600;6;7;6;NA;NA;3;6;2;NA;NA;2010-05-24;2010;"2010-520:225";41;1;8;3,41503749927884;20;"Roger Federer";56;"Stan Wawrinka";8;3,41503749927884;4,58496250072116;28,7;25,1;3,6;185;183;2;0,75;0,375;0,75;0,375;0,375;8;4;3;3;5;1;5;1;4;0;1;0
"534677";"2010-520";"Roland Garros";"Clay";"128";"Grand Slams";236;38;"Rafael Nadal";"L";185;"ESP";23,9;1;"Nicolas Almagro";"R";183;"ESP";24,7;"7-6(2) 7-6(3) 6-4";5;"QF";155;4;0;111;81;59;17;17;1;2;5;1;112;71;51;20;17;4;6;2;6880;21;1690;7;7;6;NA;NA;6;6;4;NA;NA;2010-05-24;2010;"2010-520:236";42;0;7;3,60768257722124;1;"Nicolas Almagro";38;"Rafael Nadal";3,60768257722124;7;-3,39231742277876;24,7;23,9;0,800000000000001;183;185;-2;0,5;0,666666666666667;0,666666666666667;0,5;0,166666666666667;6;2;4;1;2;1;1;2;-1;0;1;0
"559745";"2011-520";"Roland Garros";"Clay";"128";"Grand Slams";113;38;"Rafael Nadal";"L";185;"ESP";24,9;29;"John Isner";"R";206;"USA";26;"6-4 6-7(2) 6-7(2) 6-2 6-4";5;"R128";241;8;1;134;97;79;26;26;0;1;13;3;165;112;76;31;26;10;15;1;12070;39;1070;6;6;6;6;6;4;7;7;2;4;2011-05-22;2011;"2011-520:113";43;0;8;2,71459778113775;29;"John Isner";38;"Rafael Nadal";2,71459778113775;8;-5,28540221886225;26;24,9;1,1;206;185;21;0;0,666666666666667;0,666666666666667;0;0,666666666666667;15;1;10;0;5;1;1;5;-4;0;1;0
"559755";"2011-520";"Roland Garros";"Clay";"128";"Grand Slams";123;11;"Jeremy Chardy";"R";188;"FRA";24,2;17;"Grigor Dimitrov";"R";188;"BUL";20;"6-2 6-4 6-4";5;"R128";95;4;4;75;43;36;19;14;1;2;4;6;73;42;28;16;14;2;7;61;845;64;781;6;6;6;NA;NA;2;4;4;NA;NA;2011-05-22;2011;"2011-520:123";44;1;2,06926266243711;2;11;"Jeremy Chardy";17;"Grigor Dimitrov";2,06926266243711;2;0,0692626624371133;24,2;20;4,2;188;188;0;0,5;0,285714285714286;0,5;0,285714285714286;0,214285714285714;7;2;2;1;5;1;5;1;4;0;1;0
"559809";"2011-520";"Roland Garros";"Clay";"128";"Grand Slams";177;38;"Rafael Nadal";"L";185;"ESP";24,9;2;"Pablo Andujar";"R";180;"ESP";25,3;"7-5 6-3 7-6(4)";5;"R64";198;6;4;126;86;57;18;17;11;16;1;2;110;72;43;13;16;4;11;1;12070;48;985;7;6;7;NA;NA;5;3;6;NA;NA;2011-05-22;2011;"2011-520:177";45;0;8;2,41503749927884;2;"Pablo Andujar";38;"Rafael Nadal";2,41503749927884;8;-5,58496250072116;25,3;24,9;0,400000000000002;180;185;-5;0,6875;0,363636363636364;0,363636363636364;0,6875;-0,323863636363636;11;16;4;11;7;5;5;7;-2;0;1;0
"559814";"2011-520";"Roland Garros";"Clay";"128";"Grand Slams";182;48;"Gilles Simon";"R";183;"FRA";26,4;11;"Jeremy Chardy";"R";188;"FRA";24,2;"4-6 6-4 6-1 6-4";5;"R64";158;3;5;128;79;53;25;19;9;13;3;5;104;60;38;21;18;4;11;18;1565;61;845;4;6;6;6;NA;6;4;1;4;NA;2011-05-22;2011;"2011-520:182";46;0;3,83007499855769;2,06926266243711;11;"Jeremy Chardy";48;"Gilles Simon";2,06926266243711;3,83007499855769;-1,76081233612057;24,2;26,4;-2,2;188;183;5;0,692307692307692;0,363636363636364;0,363636363636364;0,692307692307692;-0,328671328671329;11;13;4;9;7;4;4;7;-3;0;1;0
"559856";"2011-520";"Roland Garros";"Clay";"128";"Grand Slams";224;19;"Novak Djokovic";"R";188;"SRB";24;15;"Juan Martin del Potro";"R";198;"ARG";22,6;"6-3 3-6 6-3 6-2";5;"R32";176;6;2;96;57;44;25;18;3;5;5;3;113;66;43;21;17;7;12;2;11665;26;1355;6;3;6;6;NA;3;6;3;2;NA;2011-05-22;2011;"2011-520:224";47;0;7;3,29956028185891;15;"Juan Martin del Potro";19;"Novak Djokovic";3,29956028185891;7;-3,70043971814109;22,6;24;-1,4;198;188;10;0,6;0,583333333333333;0,583333333333333;0,6;-0,0166666666666666;12;5;7;3;5;2;2;5;-3;0;1;0
"559861";"2011-520";"Roland Garros";"Clay";"128";"Grand Slams";229;36;"Gael Monfils";"R";193;"FRA";24,7;21;"David Ferrer";"R";175;"ESP";29,1;"6-4 2-6 7-5 1-6 8-6";5;"R16";247;11;5;147;86;62;27;25;2;10;5;5;182;107;74;32;26;15;22;9;2465;7;4060;6;2;7;1;8;4;6;5;6;6;2011-05-22;2011;"2011-520:229";48;0;4,83007499855769;5,1926450779424;21;"David Ferrer";36;"Gael Monfils";5,1926450779424;4,83007499855769;0,362570079384708;29,1;24,7;4,4;175;193;-18;0,2;0,681818181818182;0,681818181818182;0,2;0,481818181818182;22;10;15;2;7;8;8;7;1;0;1;0
"559862";"2011-520";"Roland Garros";"Clay";"128";"Grand Slams";230;20;"Roger Federer";"R";185;"SUI";29,7;56;"Stan Wawrinka";"R";183;"SUI";26,1;"6-3 6-2 7-5";5;"R16";106;8;2;77;49;40;18;15;1;2;5;1;83;59;38;11;14;1;6;3;8390;14;1920;6;6;7;NA;NA;3;2;5;NA;NA;2011-05-22;2011;"2011-520:230";49;1;6,41503749927884;4,1926450779424;20;"Roger Federer";56;"Stan Wawrinka";6,41503749927884;4,1926450779424;2,22239242133645;29,7;26,1;3,6;185;183;2;0,5;0,166666666666667;0,5;0,166666666666667;0,333333333333333;6;2;1;1;5;1;5;1;4;0;1;0
"559864";"2011-520";"Roland Garros";"Clay";"128";"Grand Slams";232;19;"Novak Djokovic";"R";188;"SRB";24;26;"Richard Gasquet";"R";185;"FRA";24,9;"6-4 6-4 6-2";5;"R16";107;8;0;70;49;44;14;14;3;3;6;2;86;53;35;15;14;4;8;2;11665;16;1755;6;6;6;NA;NA;4;4;2;NA;NA;2011-05-22;2011;"2011-520:232";50;1;7;4;19;"Novak Djokovic";26;"Richard Gasquet";7;4;3;24;24,9;-0,899999999999999;188;185;3;1;0,5;1;0,5;0,5;8;3;4;3;4;0;4;0;4;0;1;0
"559867";"2011-520";"Roland Garros";"Clay";"128";"Grand Slams";235;20;"Roger Federer";"R";185;"SUI";29,7;36;"Gael Monfils";"R";193;"FRA";24,7;"6-4 6-3 7-6(3)";5;"QF";154;4;3;88;47;36;25;16;1;4;4;11;133;87;54;19;15;11;16;3;8390;9;2465;6;6;7;NA;NA;4;3;6;NA;NA;2011-05-22;2011;"2011-520:235";51;1;6,41503749927884;4,83007499855769;20;"Roger Federer";36;"Gael Monfils";6,41503749927884;4,83007499855769;1,58496250072116;29,7;24,7;5;185;193;-8;0,25;0,6875;0,25;0,6875;-0,4375;16;4;11;1;5;3;5;3;2;0;1;0
"559869";"2011-520";"Roland Garros";"Clay";"128";"Grand Slams";237;38;"Rafael Nadal";"L";185;"ESP";24,9;37;"Andy Murray";"R";190;"GBR";24;"6-4 7-5 6-4";5;"SF";197;2;3;119;87;60;14;16;15;18;5;4;104;67;44;13;16;7;13;1;12070;4;6085;6;7;6;NA;NA;4;5;4;NA;NA;2011-05-22;2011;"2011-520:237";52;0;8;6;37;"Andy Murray";38;"Rafael Nadal";6;8;-2;24;24,9;-0,899999999999999;190;185;5;0,833333333333333;0,538461538461538;0,538461538461538;0,833333333333333;-0,294871794871795;13;18;7;15;6;3;3;6;-3;0;1;0
"559870";"2011-520";"Roland Garros";"Clay";"128";"Grand Slams";238;20;"Roger Federer";"R";185;"SUI";29,7;19;"Novak Djokovic";"R";188;"SRB";24;"7-6(5) 6-3 3-6 7-6(5)";5;"SF";219;18;2;141;91;70;25;21;9;13;7;2;168;112;67;34;21;21;25;3;8390;2;11665;7;6;3;7;NA;6;3;6;6;NA;2011-05-22;2011;"2011-520:238";53;0;6,41503749927884;7;19;"Novak Djokovic";20;"Roger Federer";7;6,41503749927884;0,584962500721156;24;29,7;-5,7;188;185;3;0,692307692307692;0,84;0,84;0,692307692307692;0,147692307692308;25;13;21;9;4;4;4;4;0;0;1;0
"559871";"2011-520";"Roland Garros";"Clay";"128";"Grand Slams";239;38;"Rafael Nadal";"L";185;"ESP";24,9;20;"Roger Federer";"R";185;"SUI";29,7;"7-5 7-6(3) 5-7 6-1";5;"F";220;4;3;147;106;69;21;22;10;15;11;1;126;80;55;18;21;8;15;1;12070;3;8390;7;7;5;6;NA;5;6;7;1;NA;2011-05-22;2011;"2011-520:239";54;0;8;6,41503749927884;20;"Roger Federer";38;"Rafael Nadal";6,41503749927884;8;-1,58496250072116;29,7;24,9;4,8;185;185;0;0,666666666666667;0,533333333333333;0,533333333333333;0,666666666666667;-0,133333333333333;15;15;8;10;7;5;5;7;-2;0;1;0
"587104";"2012-520";"Roland Garros";"Clay";"128";"Grand Slams";146;40;"Benoit Paire";"R";196;"FRA";23;42;"Albert Ramos";"L";188;"ESP";24,3;"7-6(3) 6-4 6-7(5) 6-3";5;"R128";210;5;8;156;70;50;41;22;10;18;4;10;139;82;47;27;21;7;17;69;685;38;1030;7;6;6;6;NA;6;4;7;3;NA;2012-05-27;2012;"2012-520:146";55;1;1,89147554322183;2,75207248655641;40;"Benoit Paire";42;"Albert Ramos";1,89147554322183;2,75207248655641;-0,860596943334584;23;24,3;-1,3;196;188;8;0,555555555555556;0,411764705882353;0,555555555555556;0,411764705882353;0,143790849673203;17;18;7;10;10;8;10;8;2;0;1;0
"587140";"2012-520";"Roland Garros";"Clay";"128";"Grand Slams";182;56;"Stan Wawrinka";"R";183;"SUI";27,1;2;"Pablo Andujar";"R";180;"ESP";26,3;"7-6(3) 6-7(4) 6-2 6-1";5;"R64";179;7;5;132;72;61;30;20;3;4;1;5;128;78;53;24;19;8;13;21;1505;36;1115;7;6;6;6;NA;6;7;2;1;NA;2012-05-27;2012;"2012-520:182";56;0;3,60768257722124;2,83007499855769;2;"Pablo Andujar";56;"Stan Wawrinka";2,83007499855769;3,60768257722124;-0,777607578663551;26,3;27,1;-0,800000000000001;180;183;-3;0,75;0,615384615384615;0,615384615384615;0,75;-0,134615384615385;13;4;8;3;5;1;1;5;-4;0;1;0
"587154";"2012-520";"Roland Garros";"Clay";"128";"Grand Slams";196;34;"Paul Henri Mathieu";"R";185;"FRA";30,3;29;"John Isner";"R";206;"USA";27;"6-7(2) 6-4 6-4 3-6 18-16";5;"R64";341;6;6;201;131;99;50;37;2;4;41;1;249;185;131;34;38;20;24;261;185;11;2620;6;6;6;3;18;7;4;4;6;16;2012-05-27;2012;"2012-520:196";57;0;-0,0279059965698849;4,5405683813627;29;"John Isner";34;"Paul Henri Mathieu";4,5405683813627;-0,0279059965698849;4,56847437793259;27;30,3;-3,3;206;185;21;0,5;0,833333333333333;0,833333333333333;0,5;0,333333333333333;24;4;20;2;4;2;2;4;-2;0;1;0
"587156";"2012-520";"Roland Garros";"Clay";"128";"Grand Slams";198;26;"Richard Gasquet";"R";185;"FRA";25,9;17;"Grigor Dimitrov";"R";188;"BUL";21;"5-7 7-5 6-2 6-3";5;"R64";206;10;7;124;75;53;28;21;8;12;3;3;151;99;58;27;20;16;23;20;1600;87;611;5;7;6;6;NA;7;5;2;3;NA;2012-05-27;2012;"2012-520:198";58;0;3,67807190511264;1,55705650415127;17;"Grigor Dimitrov";26;"Richard Gasquet";1,55705650415127;3,67807190511264;-2,12101540096137;21;25,9;-4,9;188;185;3;0,666666666666667;0,695652173913043;0,695652173913043;0,666666666666667;0,0289855072463768;23;12;16;8;7;4;4;7;-3;0;1;0
"587168";"2012-520";"Roland Garros";"Clay";"128";"Grand Slams";210;47;"Andreas Seppi";"R";190;"ITA";28,2;55;"Fernando Verdasco";"L";188;"ESP";28,5;"7-5 3-6 6-3 4-6 6-2";5;"R32";203;8;4;142;92;66;26;24;6;11;12;8;137;94;64;21;24;4;11;25;1355;16;1765;7;3;6;4;6;5;6;3;6;2;2012-05-27;2012;"2012-520:210";59;1;3,35614381022528;4;47;"Andreas Seppi";55;"Fernando Verdasco";3,35614381022528;4;-0,643856189774724;28,2;28,5;-0,300000000000001;190;188;2;0,545454545454545;0,363636363636364;0,545454545454545;0,363636363636364;0,181818181818182;11;11;4;6;7;5;7;5;2;0;1;0
"587169";"2012-520";"Roland Garros";"Clay";"128";"Grand Slams";211;56;"Stan Wawrinka";"R";183;"SUI";27,1;48;"Gilles Simon";"R";183;"FRA";27,4;"7-5 6-7(5) 6-7(3) 6-3 6-2";5;"R32";277;9;1;182;108;78;37;27;6;11;2;3;180;95;65;39;26;10;19;21;1505;12;2615;7;6;6;6;6;5;7;7;3;2;2012-05-27;2012;"2012-520:211";60;0;3,60768257722124;4,41503749927884;48;"Gilles Simon";56;"Stan Wawrinka";4,41503749927884;3,60768257722124;0,807354922057605;27,4;27,1;0,299999999999997;183;183;0;0,545454545454545;0,526315789473684;0,526315789473684;0,545454545454545;-0,0191387559808612;19;11;10;6;9;5;5;9;-4;0;1;0
"587170";"2012-520";"Roland Garros";"Clay";"128";"Grand Slams";212;54;"Jo-Wilfried Tsonga";"R";188;"FRA";27,1;22;"Fabio Fognini";"R";178;"ITA";25;"7-5 6-4 6-4";5;"R32";148;7;1;93;60;43;12;16;3;8;0;3;107;77;40;15;16;7;15;5;4965;45;965;7;6;6;NA;NA;5;4;4;NA;NA;2012-05-27;2012;"2012-520:212";61;0;5,67807190511264;2,50814690367033;22;"Fabio Fognini";54;"Jo-Wilfried Tsonga";2,50814690367033;5,67807190511264;-3,16992500144231;25;27,1;-2,1;178;188;-10;0,375;0,466666666666667;0,466666666666667;0,375;0,0916666666666667;15;8;7;3;8;5;5;8;-3;0;1;0
"587173";"2012-520";"Roland Garros";"Clay";"128";"Grand Slams";215;15;"Juan Martin del Potro";"R";198;"ARG";23,6;12;"Marin Cilic";"R";198;"CRO";23,6;"6-3 7-6(7) 6-1";5;"R32";152;4;1;82;59;46;11;13;0;1;8;5;104;53;28;29;15;8;14;9;2910;24;1380;6;7;6;NA;NA;3;6;1;NA;NA;2012-05-27;2012;"2012-520:215";62;0;4,83007499855769;3,41503749927884;12;"Marin Cilic";15;"Juan Martin del Potro";3,41503749927884;4,83007499855769;-1,41503749927884;23,6;23,6;0;198;198;0;0;0,571428571428571;0,571428571428571;0;0,571428571428571;14;1;8;0;6;1;1;6;-5;0;1;0
"587183";"2012-520";"Roland Garros";"Clay";"128";"Grand Slams";225;19;"Novak Djokovic";"R";188;"SRB";25;47;"Andreas Seppi";"R";190;"ITA";28,2;"4-6 6-7(5) 6-3 7-5 6-3";5;"R16";258;5;2;144;91;63;32;26;4;10;6;4;206;113;64;51;26;13;22;1;11800;25;1355;4;6;6;7;6;6;7;3;5;3;2012-05-27;2012;"2012-520:225";63;1;8;3,35614381022528;19;"Novak Djokovic";47;"Andreas Seppi";8;3,35614381022528;4,64385618977472;25;28,2;-3,2;188;190;-2;0,4;0,590909090909091;0,4;0,590909090909091;-0,190909090909091;22;10;13;4;9;6;9;6;3;0;1;0
"587185";"2012-520";"Roland Garros";"Clay";"128";"Grand Slams";227;20;"Roger Federer";"R";185;"SUI";30,8;27;"David Goffin";"R";180;"BEL";21,4;"5-7 7-5 6-2 6-4";5;"R16";174;12;1;125;76;62;31;21;7;8;4;8;150;87;56;37;21;9;13;3;9790;109;500;5;7;6;6;NA;7;5;2;4;NA;2012-05-27;2012;"2012-520:227";64;1;6,41503749927884;1,23181567522307;20;"Roger Federer";27;"David Goffin";6,41503749927884;1,23181567522307;5,18322182405577;30,8;21,4;9,4;185;180;5;0,875;0,692307692307692;0,875;0,692307692307692;0,182692307692308;13;8;9;7;4;1;4;1;3;0;1;0
"587188";"2012-520";"Roland Garros";"Clay";"128";"Grand Slams";230;37;"Andy Murray";"R";190;"GBR";25;26;"Richard Gasquet";"R";185;"FRA";25,9;"1-6 6-4 6-1 6-2";5;"R16";150;8;1;92;60;47;17;16;6;9;2;3;107;77;47;12;16;6;12;4;7500;20;1600;1;6;6;6;NA;6;4;1;2;NA;2012-05-27;2012;"2012-520:230";65;0;6;3,67807190511264;26;"Richard Gasquet";37;"Andy Murray";3,67807190511264;6;-2,32192809488736;25,9;25;0,899999999999999;185;190;-5;0,666666666666667;0,5;0,5;0,666666666666667;-0,166666666666667;12;9;6;6;6;3;3;6;-3;0;1;0
"587191";"2012-520";"Roland Garros";"Clay";"128";"Grand Slams";233;19;"Novak Djokovic";"R";188;"SRB";25;54;"Jo-Wilfried Tsonga";"R";188;"FRA";27,1;"6-1 5-7 5-7 7-6(6) 6-1";5;"QF";249;7;2;169;114;81;29;26;7;11;6;3;156;106;69;21;24;7;13;1;11800;5;4965;6;5;5;7;6;1;7;7;6;1;2012-05-27;2012;"2012-520:233";66;1;8;5,67807190511264;19;"Novak Djokovic";54;"Jo-Wilfried Tsonga";8;5,67807190511264;2,32192809488736;25;27,1;-2,1;188;188;0;0,636363636363636;0,538461538461538;0,636363636363636;0,538461538461538;0,0979020979020979;13;11;7;7;6;4;6;4;2;0;1;0
"587192";"2012-520";"Roland Garros";"Clay";"128";"Grand Slams";234;20;"Roger Federer";"R";185;"SUI";30,8;15;"Juan Martin del Potro";"R";198;"ARG";23,6;"3-6 6-7(4) 6-2 6-0 6-3";5;"QF";194;11;1;138;80;55;35;23;6;10;6;4;135;80;59;17;21;10;18;3;9790;9;2910;3;6;6;6;6;6;7;2;0;3;2012-05-27;2012;"2012-520:234";67;0;6,41503749927884;4,83007499855769;15;"Juan Martin del Potro";20;"Roger Federer";4,83007499855769;6,41503749927884;-1,58496250072116;23,6;30,8;-7,2;198;185;13;0,6;0,555555555555556;0,555555555555556;0,6;-0,0444444444444444;18;10;10;6;8;4;4;8;-4;0;1;0
"587194";"2012-520";"Roland Garros";"Clay";"128";"Grand Slams";236;38;"Rafael Nadal";"L";185;"ESP";25,9;1;"Nicolas Almagro";"R";183;"ESP";26,7;"7-6(4) 6-2 6-3";5;"QF";166;10;1;101;67;56;17;15;4;4;4;1;104;66;46;17;14;3;6;2;10060;13;2255;7;6;6;NA;NA;6;2;3;NA;NA;2012-05-27;2012;"2012-520:236";68;0;7;4,29956028185891;1;"Nicolas Almagro";38;"Rafael Nadal";4,29956028185891;7;-2,70043971814109;26,7;25,9;0,800000000000001;183;185;-2;1;0,5;0,5;1;-0,5;6;4;3;4;3;0;0;3;-3;0;1;0
"587195";"2012-520";"Roland Garros";"Clay";"128";"Grand Slams";237;19;"Novak Djokovic";"R";188;"SRB";25;20;"Roger Federer";"R";185;"SUI";30,8;"6-4 7-5 6-3";5;"SF";125;6;2;91;62;45;14;16;4;8;9;3;86;48;27;17;15;3;10;1;11800;3;9790;6;7;6;NA;NA;4;5;3;NA;NA;2012-05-27;2012;"2012-520:237";69;1;8;6,41503749927884;19;"Novak Djokovic";20;"Roger Federer";8;6,41503749927884;1,58496250072116;25;30,8;-5,8;188;185;3;0,5;0,3;0,5;0,3;0,2;10;8;3;4;7;4;7;4;3;0;1;0
"587196";"2012-520";"Roland Garros";"Clay";"128";"Grand Slams";238;38;"Rafael Nadal";"L";185;"ESP";25,9;21;"David Ferrer";"R";175;"ESP";30,1;"6-2 6-2 6-1";5;"SF";106;2;1;65;39;33;15;11;2;2;1;3;66;37;19;12;12;3;10;2;10060;6;4640;6;6;6;NA;NA;2;2;1;NA;NA;2012-05-27;2012;"2012-520:238";70;0;7;5,41503749927884;21;"David Ferrer";38;"Rafael Nadal";5,41503749927884;7;-1,58496250072116;30,1;25,9;4,2;175;185;-10;1;0,3;0,3;1;-0,7;10;2;3;2;7;0;0;7;-7;0;1;0
"587197";"2012-520";"Roland Garros";"Clay";"128";"Grand Slams";239;38;"Rafael Nadal";"L";185;"ESP";25,9;19;"Novak Djokovic";"R";188;"SRB";25;"6-4 6-3 2-6 7-5";5;"F";229;4;4;118;73;45;24;19;3;10;3;4;123;73;45;22;20;8;17;2;10060;1;11800;6;6;2;7;NA;4;3;6;5;NA;2012-05-27;2012;"2012-520:239";71;0;7;8;19;"Novak Djokovic";38;"Rafael Nadal";8;7;1;25;25,9;-0,899999999999999;188;185;3;0,3;0,470588235294118;0,470588235294118;0,3;0,170588235294118;17;10;8;3;9;7;7;9;-2;0;1;0
"614804";"2013-520";"Roland Garros";"Clay";"128";"Grand Slams";113;19;"Novak Djokovic";"R";188;"SRB";26;27;"David Goffin";"R";180;"BEL";22,4;"7-6(5) 6-4 7-5";5;"R128";133;5;0;101;70;53;20;17;1;2;7;2;112;68;46;25;17;8;11;1;12310;58;797;7;6;7;NA;NA;6;4;5;NA;NA;2013-05-27;2013;"2013-520:113";72;1;8;2,14201900487243;19;"Novak Djokovic";27;"David Goffin";8;2,14201900487243;5,85798099512757;26;22,4;3,6;188;180;8;0,5;0,727272727272727;0,5;0,727272727272727;-0,227272727272727;11;2;8;1;3;1;3;1;2;0;1;0
"614836";"2013-520";"Roland Garros";"Clay";"128";"Grand Slams";145;36;"Gael Monfils";"R";193;"FRA";26,7;7;"Tomas Berdych";"R";196;"CZE";27,6;"7-6(8) 6-4 6-7(3) 6-7(4) 7-5";5;"R128";243;26;3;181;131;104;27;29;4;5;11;2;182;120;91;33;29;5;8;81;640;6;4685;7;6;6;6;7;6;4;7;7;5;2013-05-27;2013;"2013-520:145";73;0;1,66014999711538;5,41503749927884;7;"Tomas Berdych";36;"Gael Monfils";5,41503749927884;1,66014999711538;3,75488750216347;27,6;26,7;0,900000000000002;196;193;3;0,8;0,625;0,625;0,8;-0,175;8;5;5;4;3;1;1;3;-2;0;1;0
"614852";"2013-520";"Roland Garros";"Clay";"128";"Grand Slams";161;54;"Jo-Wilfried Tsonga";"R";188;"FRA";28,1;5;"Aljaz Bedene";"R";181;"SLO";23,8;"6-2 6-2 6-3";5;"R128";107;5;0;80;40;32;23;13;3;4;4;4;76;47;26;12;12;4;10;8;3795;80;643;6;6;6;NA;NA;2;2;3;NA;NA;2013-05-27;2013;"2013-520:161";74;0;5;1,67807190511264;5;"Aljaz Bedene";54;"Jo-Wilfried Tsonga";1,67807190511264;5;-3,32192809488736;23,8;28,1;-4,3;181;188;-7;0,75;0,4;0,4;0,75;-0,35;10;4;4;3;6;1;1;6;-5;0;1;0
"614867";"2013-520";"Roland Garros";"Clay";"128";"Grand Slams";176;20;"Roger Federer";"R";185;"SUI";31,8;9;"Pablo Carreno Busta";"R";188;"ESP";21,8;"6-2 6-2 6-3";5;"R128";80;10;0;59;40;33;14;12;2;3;1;3;79;49;27;11;13;0;7;3;8000;164;316;6;6;6;NA;NA;2;2;3;NA;NA;2013-05-27;2013;"2013-520:176";75;0;6,41503749927884;0,642447995381916;9;"Pablo Carreno Busta";20;"Roger Federer";0,642447995381916;6,41503749927884;-5,77258950389693;21,8;31,8;-10;188;185;3;0,666666666666667;0;0;0,666666666666667;-0,666666666666667;7;3;0;2;7;1;1;7;-6;0;1;0
"614868";"2013-520";"Roland Garros";"Clay";"128";"Grand Slams";177;19;"Novak Djokovic";"R";188;"SRB";26;41;"Guido Pella";"L";185;"ARG";23;"6-2 6-0 6-2";5;"R64";86;1;2;68;49;38;10;11;1;1;1;4;83;47;26;12;11;9;16;1;12310;83;635;6;6;6;NA;NA;2;0;2;NA;NA;2013-05-27;2013;"2013-520:177";76;1;8;1,62496056865308;19;"Novak Djokovic";41;"Guido Pella";8;1,62496056865308;6,37503943134692;26;23;3;188;185;3;1;0,5625;1;0,5625;0,4375;16;1;9;1;7;0;7;0;7;0;1;0
"614884";"2013-520";"Roland Garros";"Clay";"128";"Grand Slams";193;36;"Gael Monfils";"R";193;"FRA";26,7;28;"Ernests Gulbis";"R";190;"LAT";24,7;"6-7(5) 6-4 7-6(4) 6-2";5;"R64";195;8;4;152;98;65;32;21;8;12;3;6;119;71;55;22;21;4;11;81;640;40;991;6;6;7;6;NA;7;4;6;2;NA;2013-05-27;2013;"2013-520:193";77;0;1,66014999711538;2,67807190511264;28;"Ernests Gulbis";36;"Gael Monfils";2,67807190511264;1,66014999711538;1,01792190799726;24,7;26,7;-2;190;193;-3;0,666666666666667;0,363636363636364;0,363636363636364;0,666666666666667;-0,303030303030303;11;12;4;8;7;4;4;7;-3;0;1;0
"614893";"2013-520";"Roland Garros";"Clay";"128";"Grand Slams";202;11;"Jeremy Chardy";"R";188;"FRA";26,2;4;"Roberto Bautista Agut";"R";183;"ESP";25,1;"6-1 7-5 6-4";5;"R64";122;11;4;97;62;50;17;15;0;0;1;0;84;66;42;8;14;4;8;27;1371;68;714;6;7;6;NA;NA;1;5;4;NA;NA;2013-05-27;2013;"2013-520:202";78;0;3,24511249783653;1,91253715874966;4;"Roberto Bautista Agut";11;"Jeremy Chardy";1,91253715874966;3,24511249783653;-1,33257533908687;25,1;26,2;-1,1;183;188;-5;1,5;0,5;0,5;1,5;-1;8;0;4;0;4;0;0;4;-4;0;1;0
"614896";"2013-520";"Roland Garros";"Clay";"128";"Grand Slams";205;48;"Gilles Simon";"R";183;"FRA";28,4;14;"Pablo Cuevas";"R";180;"URU";27,4;"6-7(2) 6-1 6-1 6-1";5;"R64";160;4;1;100;57;41;26;16;3;5;2;4;115;64;37;19;17;7;17;18;1895;762;21;6;6;6;6;NA;7;1;1;1;NA;2013-05-27;2013;"2013-520:205";79;0;3,83007499855769;-1,57364718749332;14;"Pablo Cuevas";48;"Gilles Simon";-1,57364718749332;3,83007499855769;-5,40372218605101;27,4;28,4;-1;180;183;-3;0,6;0,411764705882353;0,411764705882353;0,6;-0,188235294117647;17;5;7;3;10;2;2;10;-8;0;1;0
"614900";"2013-520";"Roland Garros";"Clay";"128";"Grand Slams";209;19;"Novak Djokovic";"R";188;"SRB";26;17;"Grigor Dimitrov";"R";188;"BUL";22;"6-2 6-2 6-3";5;"R32";104;2;0;71;48;39;13;12;4;5;0;2;84;58;33;9;13;9;16;1;12310;28;1355;6;6;6;NA;NA;2;2;3;NA;NA;2013-05-27;2013;"2013-520:209";80;0;8;3,1926450779424;17;"Grigor Dimitrov";19;"Novak Djokovic";3,1926450779424;8;-4,8073549220576;22;26;-4;188;188;0;0,8;0,5625;0,5625;0,8;-0,2375;16;5;9;4;7;1;1;7;-6;0;1;0
"614904";"2013-520";"Roland Garros";"Clay";"128";"Grand Slams";213;38;"Rafael Nadal";"L";185;"ESP";26,9;22;"Fabio Fognini";"R";178;"ITA";26;"7-6(5) 6-4 6-4";5;"R32";165;5;1;104;81;52;14;16;8;11;3;2;129;86;47;26;16;13;18;4;6895;29;1345;7;6;6;NA;NA;6;4;4;NA;NA;2013-05-27;2013;"2013-520:213";81;0;6;3,14201900487243;22;"Fabio Fognini";38;"Rafael Nadal";3,14201900487243;6;-2,85798099512757;26;26,9;-0,899999999999999;178;185;-7;0,727272727272727;0,722222222222222;0,722222222222222;0,727272727272727;-0,00505050505050508;18;11;13;8;5;3;3;5;-2;0;1;0
"614905";"2013-520";"Roland Garros";"Clay";"128";"Grand Slams";214;39;"Kei Nishikori";"R";178;"JPN";23,4;40;"Benoit Paire";"R";196;"FRA";24;"6-3 6-7(3) 6-4 6-1";5;"R32";161;1;5;119;75;53;23;20;5;9;6;9;137;59;40;36;18;11;19;15;2315;26;1405;6;6;6;6;NA;3;7;4;1;NA;2013-05-27;2013;"2013-520:214";82;1;4,09310940439148;3,29956028185891;39;"Kei Nishikori";40;"Benoit Paire";4,09310940439148;3,29956028185891;0,793549122532573;23,4;24;-0,600000000000001;178;196;-18;0,555555555555556;0,578947368421053;0,555555555555556;0,578947368421053;-0,0233918128654971;19;9;11;5;8;4;8;4;4;0;1;0
"614908";"2013-520";"Roland Garros";"Clay";"128";"Grand Slams";217;43;"Tommy Robredo";"R";180;"ESP";31;36;"Gael Monfils";"R";193;"FRA";26,7;"2-6 6-7(5) 6-2 7-6(3) 6-2";5;"R32";226;4;2;158;111;74;30;24;8;12;2;1;166;113;73;27;24;11;17;34;1095;81;640;2;6;6;7;6;6;7;2;6;2;2013-05-27;2013;"2013-520:217";83;0;2,91253715874966;1,66014999711538;36;"Gael Monfils";43;"Tommy Robredo";1,66014999711538;2,91253715874966;-1,25238716163429;26,7;31;-4,3;193;180;13;0,666666666666667;0,647058823529412;0,647058823529412;0,666666666666667;-0,0196078431372548;17;12;11;8;6;4;4;6;-2;0;1;0
"614909";"2013-520";"Roland Garros";"Clay";"128";"Grand Slams";218;1;"Nicolas Almagro";"R";183;"ESP";27,7;47;"Andreas Seppi";"R";190;"ITA";29,2;"7-6(1) 6-0 6-4";5;"R32";104;19;2;84;58;50;12;14;4;5;6;2;97;49;34;18;14;8;13;13;2375;22;1530;7;6;6;NA;NA;6;0;4;NA;NA;2013-05-27;2013;"2013-520:218";84;1;4,29956028185891;3,5405683813627;1;"Nicolas Almagro";47;"Andreas Seppi";4,29956028185891;3,5405683813627;0,758991900496205;27,7;29,2;-1,5;183;190;-7;0,8;0,615384615384615;0,8;0,615384615384615;0,184615384615385;13;5;8;4;5;1;5;1;4;0;1;0
"614916";"2013-520";"Roland Garros";"Clay";"128";"Grand Slams";225;19;"Novak Djokovic";"R";188;"SRB";26;32;"Philipp Kohlschreiber";"R";178;"GER";29,6;"4-6 6-3 6-4 6-4";5;"R16";162;2;2;141;105;71;23;20;11;13;4;3;116;64;48;28;19;4;8;1;12310;19;1750;4;6;6;6;NA;6;3;4;4;NA;2013-05-27;2013;"2013-520:225";85;1;8;3,75207248655641;19;"Novak Djokovic";32;"Philipp Kohlschreiber";8;3,75207248655641;4,24792751344359;26;29,6;-3,6;188;178;10;0,846153846153846;0,5;0,846153846153846;0,5;0,346153846153846;8;13;4;11;4;2;4;2;2;0;1;0
"614918";"2013-520";"Roland Garros";"Clay";"128";"Grand Slams";227;38;"Rafael Nadal";"L";185;"ESP";26,9;39;"Kei Nishikori";"R";178;"JPN";23,4;"6-4 6-1 6-3";5;"R16";122;1;0;78;54;39;16;13;4;4;0;1;78;51;27;15;13;3;8;4;6895;15;2315;6;6;6;NA;NA;4;1;3;NA;NA;2013-05-27;2013;"2013-520:227";86;1;6;4,09310940439148;38;"Rafael Nadal";39;"Kei Nishikori";6;4,09310940439148;1,90689059560852;26,9;23,4;3,5;185;178;7;1;0,375;1;0,375;0,625;8;4;3;4;5;0;5;0;5;0;1;0
"614919";"2013-520";"Roland Garros";"Clay";"128";"Grand Slams";228;56;"Stan Wawrinka";"R";183;"SUI";28,1;26;"Richard Gasquet";"R";185;"FRA";26,9;"6-7(5) 4-6 6-4 7-5 8-6";5;"R16";256;13;6;175;111;81;41;29;9;11;10;2;194;117;87;38;29;16;20;10;2630;9;3090;6;4;6;7;8;7;6;4;5;6;2013-05-27;2013;"2013-520:228";87;0;4,67807190511264;4,83007499855769;26;"Richard Gasquet";56;"Stan Wawrinka";4,83007499855769;4,67807190511264;0,15200309344505;26,9;28,1;-1,2;185;183;2;0,818181818181818;0,8;0,8;0,818181818181818;-0,0181818181818182;20;11;16;9;4;2;2;4;-2;0;1;0
"614923";"2013-520";"Roland Garros";"Clay";"128";"Grand Slams";232;20;"Roger Federer";"R";185;"SUI";31,8;48;"Gilles Simon";"R";183;"FRA";28,4;"6-1 4-6 2-6 6-2 6-3";5;"R16";179;9;2;117;75;56;23;21;3;6;5;3;161;98;65;28;21;8;14;3;8000;18;1895;6;4;2;6;6;1;6;6;2;3;2013-05-27;2013;"2013-520:232";88;1;6,41503749927884;3,83007499855769;20;"Roger Federer";48;"Gilles Simon";6,41503749927884;3,83007499855769;2,58496250072116;31,8;28,4;3,4;185;183;2;0,5;0,571428571428571;0,5;0,571428571428571;-0,0714285714285714;14;6;8;3;6;3;6;3;3;0;1;0
"614925";"2013-520";"Roland Garros";"Clay";"128";"Grand Slams";234;38;"Rafael Nadal";"L";185;"ESP";26,9;56;"Stan Wawrinka";"R";183;"SUI";28,1;"6-2 6-3 6-1";5;"QF";116;5;0;73;55;40;11;12;4;5;3;4;87;52;30;12;12;5;12;4;6895;10;2630;6;6;6;NA;NA;2;3;1;NA;NA;2013-05-27;2013;"2013-520:234";89;1;6;4,67807190511264;38;"Rafael Nadal";56;"Stan Wawrinka";6;4,67807190511264;1,32192809488736;26,9;28,1;-1,2;185;183;2;0,8;0,416666666666667;0,8;0,416666666666667;0,383333333333333;12;5;5;4;7;1;7;1;6;0;1;0
"614927";"2013-520";"Roland Garros";"Clay";"128";"Grand Slams";236;54;"Jo-Wilfried Tsonga";"R";188;"FRA";28,1;20;"Roger Federer";"R";185;"SUI";31,8;"7-5 6-3 6-3";5;"QF";111;2;0;76;57;46;10;15;1;3;0;3;100;67;39;14;15;8;14;8;3795;3;8000;7;6;6;NA;NA;5;3;3;NA;NA;2013-05-27;2013;"2013-520:236";90;0;5;6,41503749927884;20;"Roger Federer";54;"Jo-Wilfried Tsonga";6,41503749927884;5;1,41503749927884;31,8;28,1;3,7;185;188;-3;0,333333333333333;0,571428571428571;0,571428571428571;0,333333333333333;0,238095238095238;14;3;8;1;6;2;2;6;-4;0;1;0
"614928";"2013-520";"Roland Garros";"Clay";"128";"Grand Slams";237;38;"Rafael Nadal";"L";185;"ESP";26,9;19;"Novak Djokovic";"R";188;"SRB";26;"6-4 3-6 6-1 6-7(3) 9-7";5;"SF";277;6;3;160;102;73;35;27;4;9;5;2;175;118;76;30;27;8;16;4;6895;1;12310;6;3;6;6;9;4;6;1;7;7;2013-05-27;2013;"2013-520:237";91;0;6;8;19;"Novak Djokovic";38;"Rafael Nadal";8;6;2;26;26,9;-0,899999999999999;188;185;3;0,444444444444444;0,5;0,5;0,444444444444444;0,0555555555555556;16;9;8;4;8;5;5;8;-3;0;1;0
"614930";"2013-520";"Roland Garros";"Clay";"128";"Grand Slams";239;38;"Rafael Nadal";"L";185;"ESP";26,9;21;"David Ferrer";"R";175;"ESP";31,1;"6-3 6-2 6-3";5;"F";136;5;2;87;61;43;11;13;9;12;1;5;85;53;31;8;13;8;16;4;6895;5;6740;6;6;6;NA;NA;3;2;3;NA;NA;2013-05-27;2013;"2013-520:239";92;0;6;5,67807190511264;21;"David Ferrer";38;"Rafael Nadal";5,67807190511264;6;-0,321928094887362;31,1;26,9;4,2;175;185;-10;0,75;0,5;0,5;0,75;-0,25;16;12;8;9;8;3;3;8;-5;0;1;0
"644866";"2014-520";"Roland Garros";"Clay";"128";"Grand Slams";173;12;"Marin Cilic";"R";198;"CRO";25,6;2;"Pablo Andujar";"R";180;"ESP";28,3;"6-0 6-3 7-6(6)";5;"R128";131;16;1;91;59;47;18;14;8;9;3;2;106;77;44;12;13;8;13;26;1410;78;661;6;6;7;NA;NA;0;3;6;NA;NA;2014-05-26;2014;"2014-520:173";93;0;3,29956028185891;1,71459778113775;2;"Pablo Andujar";12;"Marin Cilic";1,71459778113775;3,29956028185891;-1,58496250072116;28,3;25,6;2,7;180;198;-18;0,888888888888889;0,615384615384615;0,615384615384615;0,888888888888889;-0,273504273504273;13;9;8;8;5;1;1;5;-4;0;1;0
"644869";"2014-520";"Roland Garros";"Clay";"128";"Grand Slams";176;19;"Novak Djokovic";"R";188;"SRB";27;50;"Joao Sousa";"R";185;"POR";25,1;"6-1 6-2 6-4";5;"R128";110;9;3;83;58;38;14;13;7;10;0;2;87;52;32;8;12;7;15;2;11850;44;1039;6;6;6;NA;NA;1;2;4;NA;NA;2014-05-26;2014;"2014-520:176";94;1;7;2,5405683813627;19;"Novak Djokovic";50;"Joao Sousa";7;2,5405683813627;4,4594316186373;27;25,1;1,9;188;185;3;0,7;0,466666666666667;0,7;0,466666666666667;0,233333333333333;15;10;7;7;8;3;8;3;5;0;1;0
"644870";"2014-520";"Roland Garros";"Clay";"128";"Grand Slams";177;38;"Rafael Nadal";"L";185;"ESP";27,9;52;"Dominic Thiem";"R";185;"AUT";20,7;"6-2 6-2 6-3";5;"R64";125;0;0;79;54;36;17;13;2;4;2;3;70;45;18;14;12;3;10;1;12500;57;812;6;6;6;NA;NA;2;2;3;NA;NA;2014-05-26;2014;"2014-520:177";95;1;8;2,16710998583526;38;"Rafael Nadal";52;"Dominic Thiem";8;2,16710998583526;5,83289001416474;27,9;20,7;7,2;185;185;0;0,5;0,3;0,5;0,3;0,2;10;4;3;2;7;2;7;2;5;0;1;0
"644880";"2014-520";"Roland Garros";"Clay";"128";"Grand Slams";187;36;"Gael Monfils";"R";193;"FRA";27,7;51;"Jan Lennard Struff";"R";193;"GER";24;"7-6(4) 6-4 6-1";5;"R64";133;8;10;110;65;45;21;15;12;16;3;2;91;57;32;15;14;0;7;28;1390;62;753;7;6;6;NA;NA;6;4;1;NA;NA;2014-05-26;2014;"2014-520:187";96;1;3,1926450779424;2,04580368961313;36;"Gael Monfils";51;"Jan Lennard Struff";3,1926450779424;2,04580368961313;1,14684138832927;27,7;24;3,7;193;193;0;0,75;0;0,75;0;0,75;7;16;0;12;7;4;7;4;3;0;1;0
"644883";"2014-520";"Roland Garros";"Clay";"128";"Grand Slams";190;55;"Fernando Verdasco";"L";188;"ESP";30,5;14;"Pablo Cuevas";"R";180;"URU";28,3;"4-6 6-7(6) 7-5 6-4 6-3";5;"R64";233;15;4;142;92;69;29;26;5;10;16;7;207;126;87;36;27;15;23;25;1420;136;416;4;6;7;6;6;6;7;5;4;3;2014-05-26;2014;"2014-520:190";97;0;3,35614381022528;0,912537158749661;14;"Pablo Cuevas";55;"Fernando Verdasco";0,912537158749661;3,35614381022528;-2,44360665147561;28,3;30,5;-2,2;180;188;-8;0,5;0,652173913043478;0,652173913043478;0,5;0,152173913043478;23;10;15;5;8;5;5;8;-3;0;1;0
"644887";"2014-520";"Roland Garros";"Clay";"128";"Grand Slams";194;4;"Roberto Bautista Agut";"R";183;"ESP";26,1;40;"Benoit Paire";"R";196;"FRA";25;"6-4 7-6(4) 6-2";5;"R64";130;3;1;92;73;49;10;15;1;4;9;3;129;59;35;30;15;18;24;29;1330;61;760;6;7;6;NA;NA;4;6;2;NA;NA;2014-05-26;2014;"2014-520:194";98;1;3,14201900487243;2,06926266243711;4;"Roberto Bautista Agut";40;"Benoit Paire";3,14201900487243;2,06926266243711;1,07275634243531;26,1;25;1,1;183;196;-13;0,25;0,75;0,25;0,75;-0,5;24;4;18;1;6;3;6;3;3;0;1;0
"644893";"2014-520";"Roland Garros";"Clay";"128";"Grand Slams";200;20;"Roger Federer";"R";185;"SUI";32,7;46;"Diego Schwartzman";"R";170;"ARG";21,7;"6-3 6-4 6-4";5;"R64";103;9;2;81;51;42;17;15;1;2;1;4;95;51;30;24;14;6;10;4;5125;109;533;6;6;6;NA;NA;3;4;4;NA;NA;2014-05-26;2014;"2014-520:200";99;1;6;1,23181567522307;20;"Roger Federer";46;"Diego Schwartzman";6;1,23181567522307;4,76818432477693;32,7;21,7;11;185;170;15;0,5;0,6;0,5;0,6;-0,1;10;2;6;1;4;1;4;1;3;0;1;0
"644901";"2014-520";"Roland Garros";"Clay";"128";"Grand Slams";208;19;"Novak Djokovic";"R";188;"SRB";27;11;"Jeremy Chardy";"R";188;"FRA";27,2;"6-1 6-4 6-2";5;"R64";92;2;1;69;42;32;17;13;2;4;3;3;76;45;26;10;12;2;9;2;11850;42;1060;6;6;6;NA;NA;1;4;2;NA;NA;2014-05-26;2014;"2014-520:208";100;0;7;2,60768257722124;11;"Jeremy Chardy";19;"Novak Djokovic";2,60768257722124;7;-4,39231742277876;27,2;27;0,199999999999999;188;188;0;0,5;0,222222222222222;0,222222222222222;0,5;-0,277777777777778;9;4;2;2;7;2;2;7;-5;0;1;0
"644905";"2014-520";"Roland Garros";"Clay";"128";"Grand Slams";212;21;"David Ferrer";"R";175;"ESP";32,1;47;"Andreas Seppi";"R";190;"ITA";30,2;"6-2 7-6(2) 6-3";5;"R32";142;4;5;106;66;48;21;15;4;6;1;3;101;60;35;22;14;8;13;5;5030;33;1150;6;7;6;NA;NA;2;6;3;NA;NA;2014-05-26;2014;"2014-520:212";101;1;5,67807190511264;2,95560588064155;21;"David Ferrer";47;"Andreas Seppi";5,67807190511264;2,95560588064155;2,72246602447109;32,1;30,2;1,9;175;190;-15;0,666666666666667;0,615384615384615;0,666666666666667;0,615384615384615;0,0512820512820512;13;6;8;4;5;2;5;2;3;0;1;0
"644907";"2014-520";"Roland Garros";"Clay";"128";"Grand Slams";214;36;"Gael Monfils";"R";193;"FRA";27,7;22;"Fabio Fognini";"R";178;"ITA";27;"5-7 6-2 6-4 0-6 6-2";5;"R32";204;5;5;149;116;63;17;22;15;24;3;4;129;73;35;29;22;8;18;28;1390;15;2155;5;6;6;0;6;7;2;4;6;2;2014-05-26;2014;"2014-520:214";102;0;3,1926450779424;4,09310940439148;22;"Fabio Fognini";36;"Gael Monfils";4,09310940439148;3,1926450779424;0,900464326449085;27;27,7;-0,699999999999999;178;193;-15;0,625;0,444444444444444;0,444444444444444;0,625;-0,180555555555556;18;24;8;15;10;9;9;10;-1;0;1;0
"644908";"2014-520";"Roland Garros";"Clay";"128";"Grand Slams";215;55;"Fernando Verdasco";"L";188;"ESP";30,5;26;"Richard Gasquet";"R";185;"FRA";27,9;"6-3 6-2 6-3";5;"R32";118;2;0;79;65;44;9;13;7;9;0;1;77;51;28;9;13;2;9;25;1420;13;2445;6;6;6;NA;NA;3;2;3;NA;NA;2014-05-26;2014;"2014-520:215";103;0;3,35614381022528;4,29956028185891;26;"Richard Gasquet";55;"Fernando Verdasco";4,29956028185891;3,35614381022528;0,943416471633632;27,9;30,5;-2,6;185;188;-3;0,777777777777778;0,222222222222222;0,222222222222222;0,777777777777778;-0,555555555555556;9;9;2;7;7;2;2;7;-5;0;1;0
"644909";"2014-520";"Roland Garros";"Clay";"128";"Grand Slams";216;37;"Andy Murray";"R";190;"GBR";27;32;"Philipp Kohlschreiber";"R";178;"GER";30,6;"3-6 6-3 6-3 4-6 12-10";5;"R32";247;10;8;174;84;61;43;29;4;12;4;4;201;125;77;39;30;11;21;8;4120;24;1485;3;6;6;4;12;6;3;3;6;10;2014-05-26;2014;"2014-520:216";104;0;5;3,41503749927884;32;"Philipp Kohlschreiber";37;"Andy Murray";3,41503749927884;5;-1,58496250072116;30,6;27;3,6;178;190;-12;0,333333333333333;0,523809523809524;0,523809523809524;0,333333333333333;0,190476190476191;21;12;11;4;10;8;8;10;-2;0;1;0
"644910";"2014-520";"Roland Garros";"Clay";"128";"Grand Slams";217;7;"Tomas Berdych";"R";196;"CZE";28,6;4;"Roberto Bautista Agut";"R";183;"ESP";26,1;"6-1 6-2 6-7(4) 6-4";5;"R32";163;12;2;112;60;47;27;19;2;6;1;3;116;75;42;18;18;6;15;6;4330;29;1330;6;6;6;6;NA;1;2;7;4;NA;2014-05-26;2014;"2014-520:217";105;0;5,41503749927884;3,14201900487243;4;"Roberto Bautista Agut";7;"Tomas Berdych";3,14201900487243;5,41503749927884;-2,27301849440642;26,1;28,6;-2,5;183;196;-13;0,333333333333333;0,4;0,4;0,333333333333333;0,0666666666666667;15;6;6;2;9;4;4;9;-5;0;1;0
"644911";"2014-520";"Roland Garros";"Clay";"128";"Grand Slams";218;29;"John Isner";"R";206;"USA";29;43;"Tommy Robredo";"R";180;"ESP";32;"7-6(13) 7-6(3) 6-7(5) 7-5";5;"R32";198;17;4;179;124;95;35;24;13;13;7;2;144;113;90;24;24;5;6;11;2600;19;1900;7;7;6;7;NA;6;6;7;5;NA;2014-05-26;2014;"2014-520:218";106;1;4,5405683813627;3,75207248655641;29;"John Isner";43;"Tommy Robredo";4,5405683813627;3,75207248655641;0,788495894806288;29;32;-3;206;180;26;1;0,833333333333333;1;0,833333333333333;0,166666666666667;6;13;5;13;1;0;1;0;1;0;1;0
"644917";"2014-520";"Roland Garros";"Clay";"128";"Grand Slams";224;19;"Novak Djokovic";"R";188;"SRB";27;12;"Marin Cilic";"R";198;"CRO";25,6;"6-3 6-2 6-7(2) 6-4";5;"R32";191;5;3;138;90;62;26;20;8;11;5;5;137;68;48;30;19;15;22;2;11850;26;1410;6;6;6;6;NA;3;2;7;4;NA;2014-05-26;2014;"2014-520:224";107;0;7;3,29956028185891;12;"Marin Cilic";19;"Novak Djokovic";3,29956028185891;7;-3,70043971814109;25,6;27;-1,4;198;188;10;0,727272727272727;0,681818181818182;0,681818181818182;0,727272727272727;-0,0454545454545455;22;11;15;8;7;3;3;7;-4;0;1;0
"644922";"2014-520";"Roland Garros";"Clay";"128";"Grand Slams";229;7;"Tomas Berdych";"R";196;"CZE";28,6;29;"John Isner";"R";206;"USA";29;"6-4 6-4 6-4";5;"R16";111;11;1;83;53;44;19;15;2;2;7;1;86;54;38;16;15;5;8;6;4330;11;2600;6;6;6;NA;NA;4;4;4;NA;NA;2014-05-26;2014;"2014-520:229";108;1;5,41503749927884;4,5405683813627;7;"Tomas Berdych";29;"John Isner";5,41503749927884;4,5405683813627;0,874469117916141;28,6;29;-0,399999999999999;196;206;-10;1;0,625;1;0,625;0,375;8;2;5;2;3;0;3;0;3;0;1;0
"644923";"2014-520";"Roland Garros";"Clay";"128";"Grand Slams";230;28;"Ernests Gulbis";"R";190;"LAT";25,7;20;"Roger Federer";"R";185;"SUI";32,7;"6-7(5) 7-6(3) 6-2 4-6 6-3";5;"R16";222;13;4;154;93;65;37;26;2;7;7;3;161;102;70;30;25;5;12;17;2050;4;5125;6;7;6;4;6;7;6;2;6;3;2014-05-26;2014;"2014-520:230";109;0;3,91253715874966;6;20;"Roger Federer";28;"Ernests Gulbis";6;3,91253715874966;2,08746284125034;32,7;25,7;7;185;190;-5;0,285714285714286;0,416666666666667;0,416666666666667;0,285714285714286;0,130952380952381;12;7;5;2;7;5;5;7;-2;0;1;0
"644925";"2014-520";"Roland Garros";"Clay";"128";"Grand Slams";232;19;"Novak Djokovic";"R";188;"SRB";27;54;"Jo-Wilfried Tsonga";"R";188;"FRA";29,1;"6-1 6-4 6-1";5;"R16";89;1;1;66;44;31;17;12;1;2;5;2;71;40;22;11;12;2;9;2;11850;14;2315;6;6;6;NA;NA;1;4;1;NA;NA;2014-05-26;2014;"2014-520:232";110;1;7;4,1926450779424;19;"Novak Djokovic";54;"Jo-Wilfried Tsonga";7;4,1926450779424;2,8073549220576;27;29,1;-2,1;188;188;0;0,5;0,222222222222222;0,5;0,222222222222222;0,277777777777778;9;2;2;1;7;1;7;1;6;0;1;0
"644926";"2014-520";"Roland Garros";"Clay";"128";"Grand Slams";233;38;"Rafael Nadal";"L";185;"ESP";27,9;21;"David Ferrer";"R";175;"ESP";32,1;"4-6 6-4 6-0 6-1";5;"QF";154;1;1;102;63;43;22;16;11;14;2;1;95;60;32;15;17;5;14;1;12500;5;5030;4;6;6;6;NA;6;4;0;1;NA;2014-05-26;2014;"2014-520:233";111;0;8;5,67807190511264;21;"David Ferrer";38;"Rafael Nadal";5,67807190511264;8;-2,32192809488736;32,1;27,9;4,2;175;185;-10;0,785714285714286;0,357142857142857;0,357142857142857;0,785714285714286;-0,428571428571429;14;14;5;11;9;3;3;9;-6;0;1;0
"644927";"2014-520";"Roland Garros";"Clay";"128";"Grand Slams";234;37;"Andy Murray";"R";190;"GBR";27;36;"Gael Monfils";"R";193;"FRA";27,7;"6-4 6-1 4-6 1-6 6-0";5;"QF";195;1;2;135;84;55;31;20;9;13;4;5;139;105;63;14;20;11;18;8;4120;28;1390;6;6;4;1;6;4;1;6;6;0;2014-05-26;2014;"2014-520:234";112;0;5;3,1926450779424;36;"Gael Monfils";37;"Andy Murray";3,1926450779424;5;-1,8073549220576;27,7;27;0,699999999999999;193;190;3;0,692307692307692;0,611111111111111;0,611111111111111;0,692307692307692;-0,0811965811965811;18;13;11;9;7;4;4;7;-3;0;1;0
"644930";"2014-520";"Roland Garros";"Clay";"128";"Grand Slams";237;38;"Rafael Nadal";"L";185;"ESP";27,9;37;"Andy Murray";"R";190;"GBR";27;"6-3 6-2 6-1";5;"SF";100;2;2;59;45;41;8;12;0;0;2;3;67;35;22;11;12;0;6;1;12500;8;4120;6;6;6;NA;NA;3;2;1;NA;NA;2014-05-26;2014;"2014-520:237";113;0;8;5;37;"Andy Murray";38;"Rafael Nadal";5;8;-3;27;27,9;-0,899999999999999;190;185;5;1,5;0;0;1,5;-1,5;6;0;0;0;6;0;0;6;-6;0;1;0
"644931";"2014-520";"Roland Garros";"Clay";"128";"Grand Slams";238;19;"Novak Djokovic";"R";188;"SRB";27;28;"Ernests Gulbis";"R";190;"LAT";25,7;"6-3 6-3 3-6 6-3";5;"SF";154;9;1;111;74;59;16;18;5;7;13;5;105;60;42;24;18;5;10;2;11850;17;2050;6;6;3;6;NA;3;3;6;3;NA;2014-05-26;2014;"2014-520:238";114;1;7;3,91253715874966;19;"Novak Djokovic";28;"Ernests Gulbis";7;3,91253715874966;3,08746284125034;27;25,7;1,3;188;190;-2;0,714285714285714;0,5;0,714285714285714;0,5;0,214285714285714;10;7;5;5;5;2;5;2;3;0;1;0
"644932";"2014-520";"Roland Garros";"Clay";"128";"Grand Slams";239;38;"Rafael Nadal";"L";185;"ESP";27,9;19;"Novak Djokovic";"R";188;"SRB";27;"3-6 7-5 6-2 6-4";5;"F";211;3;4;120;84;61;18;19;6;9;11;3;126;82;59;16;20;4;10;1;12500;2;11850;3;7;6;6;NA;6;5;2;4;NA;2014-05-26;2014;"2014-520:239";115;0;8;7;19;"Novak Djokovic";38;"Rafael Nadal";7;8;-1;27;27,9;-0,899999999999999;188;185;3;0,666666666666667;0,4;0,4;0,666666666666667;-0,266666666666667;10;9;4;6;6;3;3;6;-3;0;1;0
"674851";"2015-520";"Roland Garros";"Clay";"128";"Grand Slams";133;27;"David Goffin";"R";180;"BEL";24,4;33;"Filip Krajinovic";"R";185;"SRB";23,2;"3-6 6-2 7-6(3) 6-1";5;"R128";140;12;6;99;49;40;24;17;3;7;6;4;124;78;43;21;19;6;14;18;1835;99;527;3;6;7;6;NA;6;2;6;1;NA;2015-05-24;2015;"2015-520:133";116;1;3,83007499855769;1,37064337992039;27;"David Goffin";33;"Filip Krajinovic";3,83007499855769;1,37064337992039;2,4594316186373;24,4;23,2;1,2;180;185;-5;0,428571428571429;0,428571428571429;0,428571428571429;0,428571428571429;0;14;7;6;3;8;4;8;4;4;0;1;0
"674854";"2015-520";"Roland Garros";"Clay";"128";"Grand Slams";136;29;"John Isner";"R";206;"USA";30;47;"Andreas Seppi";"R";190;"ITA";31,2;"7-5 6-2 6-3";5;"R128";101;21;0;87;65;49;11;15;2;4;2;6;93;56;35;15;14;8;14;16;1980;39;1100;7;6;6;NA;NA;5;2;3;NA;NA;2015-05-24;2015;"2015-520:136";117;1;4;2,71459778113775;29;"John Isner";47;"Andreas Seppi";4;2,71459778113775;1,28540221886225;30;31,2;-1,2;206;190;16;0,5;0,571428571428571;0,5;0,571428571428571;-0,0714285714285714;14;4;8;2;6;2;6;2;4;0;1;0
"674863";"2015-520";"Roland Garros";"Clay";"128";"Grand Slams";145;39;"Kei Nishikori";"R";178;"JPN";25,4;34;"Paul Henri Mathieu";"R";185;"FRA";33,3;"6-3 7-5 6-1";5;"R128";130;7;3;79;39;31;23;14;1;3;2;3;99;50;30;19;14;8;15;5;5220;125;429;6;7;6;NA;NA;3;5;1;NA;NA;2015-05-24;2015;"2015-520:145";118;0;5,67807190511264;1,03421571533791;34;"Paul Henri Mathieu";39;"Kei Nishikori";1,03421571533791;5,67807190511264;-4,64385618977473;33,3;25,4;7,9;185;178;7;0,333333333333333;0,533333333333333;0,533333333333333;0,333333333333333;0,2;15;3;8;1;7;2;2;7;-5;0;1;0
"674873";"2015-520";"Roland Garros";"Clay";"128";"Grand Slams";155;2;"Pablo Andujar";"R";180;"ESP";29,3;42;"Albert Ramos";"L";188;"ESP";27,3;"6-2 6-4 7-6(3)";5;"R128";158;2;2;102;67;46;19;15;7;10;7;2;114;67;39;21;15;10;16;42;1050;63;780;6;6;7;NA;NA;2;4;6;NA;NA;2015-05-24;2015;"2015-520:155";119;1;2,60768257722124;2,02272007650008;2;"Pablo Andujar";42;"Albert Ramos";2,60768257722124;2,02272007650008;0,584962500721156;29,3;27,3;2;180;188;-8;0,7;0,625;0,7;0,625;0,075;16;10;10;7;6;3;6;3;3;0;1;0
"674889";"2015-520";"Roland Garros";"Clay";"128";"Grand Slams";171;52;"Dominic Thiem";"R";185;"AUT";21,7;5;"Aljaz Bedene";"R";181;"SLO";25,8;"6-3 6-4 6-7(6) 6-3";5;"R128";202;9;5;149;86;64;30;21;5;8;9;6;156;81;57;31;19;10;16;31;1225;75;668;6;6;6;6;NA;3;4;7;3;NA;2015-05-24;2015;"2015-520:171";120;0;3,04580368961313;1,77118130950412;5;"Aljaz Bedene";52;"Dominic Thiem";1,77118130950412;3,04580368961313;-1,27462238010901;25,8;21,7;4,1;181;185;-4;0,625;0,625;0,625;0,625;0;16;8;10;5;6;3;3;6;-3;0;1;0
"674900";"2015-520";"Roland Garros";"Clay";"128";"Grand Slams";182;13;"Borna Coric";"R";188;"CRO";18,5;43;"Tommy Robredo";"R";180;"ESP";33;"7-5 3-6 6-2 4-6 6-4";5;"R64";227;3;4;165;81;50;49;24;13;19;7;2;139;78;55;30;25;7;15;46;970;19;1755;7;3;6;4;6;5;6;2;6;4;2015-05-24;2015;"2015-520:182";121;1;2,47643804394299;3,75207248655641;13;"Borna Coric";43;"Tommy Robredo";2,47643804394299;3,75207248655641;-1,27563444261343;18,5;33;-14,5;188;180;8;0,68421052631579;0,466666666666667;0,68421052631579;0,466666666666667;0,217543859649123;15;19;7;13;8;6;8;6;2;0;1;0
"674902";"2015-520";"Roland Garros";"Clay";"128";"Grand Slams";184;38;"Rafael Nadal";"L";185;"ESP";28,9;1;"Nicolas Almagro";"R";183;"ESP";29,7;"6-4 6-3 6-1";5;"R64";139;5;3;93;63;46;13;13;6;7;2;2;92;62;34;14;13;10;16;7;4570;154;335;6;6;6;NA;NA;4;3;1;NA;NA;2015-05-24;2015;"2015-520:184";122;0;5,1926450779424;0,733213459305099;1;"Nicolas Almagro";38;"Rafael Nadal";0,733213459305099;5,1926450779424;-4,4594316186373;29,7;28,9;0,800000000000001;183;185;-2;0,857142857142857;0,625;0,625;0,857142857142857;-0,232142857142857;16;7;10;6;6;1;1;6;-5;0;1;0
"674903";"2015-520";"Roland Garros";"Clay";"128";"Grand Slams";185;37;"Andy Murray";"R";190;"GBR";28;50;"Joao Sousa";"R";185;"POR";26,1;"6-2 4-6 6-4 6-1";5;"R64";150;4;3;90;51;42;22;17;2;4;2;3;119;74;49;18;18;6;13;3;7040;44;1008;6;4;6;6;NA;2;6;4;1;NA;2015-05-24;2015;"2015-520:185";123;1;6,41503749927884;2,5405683813627;37;"Andy Murray";50;"Joao Sousa";6,41503749927884;2,5405683813627;3,87446911791614;28;26,1;1,9;190;185;5;0,5;0,461538461538462;0,5;0,461538461538462;0,0384615384615384;13;4;6;2;7;2;7;2;5;0;1;0
"674906";"2015-520";"Roland Garros";"Clay";"128";"Grand Slams";188;11;"Jeremy Chardy";"R";188;"FRA";28,2;29;"John Isner";"R";206;"USA";30;"6-4 4-6 6-3 6-3";5;"R64";143;10;2;107;80;63;12;19;3;5;15;1;110;79;52;15;19;5;10;45;985;16;1980;6;4;6;6;NA;4;6;3;3;NA;2015-05-24;2015;"2015-520:188";124;1;2,50814690367033;4;11;"Jeremy Chardy";29;"John Isner";2,50814690367033;4;-1,49185309632967;28,2;30;-1,8;188;206;-18;0,6;0,5;0,6;0,5;0,1;10;5;5;3;5;2;5;2;3;0;1;0
"674916";"2015-520";"Roland Garros";"Clay";"128";"Grand Slams";198;2;"Pablo Andujar";"R";180;"ESP";29,3;32;"Philipp Kohlschreiber";"R";178;"GER";31,6;"6-1 7-6(5) 3-6 3-6 6-4";5;"R64";211;1;4;148;97;62;32;24;7;12;12;6;162;92;64;36;23;6;11;42;1050;28;1285;6;7;3;3;6;1;6;6;6;4;2015-05-24;2015;"2015-520:198";125;1;2,60768257722124;3,1926450779424;2;"Pablo Andujar";32;"Philipp Kohlschreiber";2,60768257722124;3,1926450779424;-0,584962500721157;29,3;31,6;-2,3;180;178;2;0,583333333333333;0,545454545454545;0,583333333333333;0,545454545454545;0,037878787878788;11;12;6;7;5;5;5;5;0;0;1;0
"674917";"2015-520";"Roland Garros";"Clay";"128";"Grand Slams";199;40;"Benoit Paire";"R";196;"FRA";26;22;"Fabio Fognini";"R";178;"ITA";28;"6-1 6-3 7-5";5;"R64";100;4;1;82;44;32;25;14;4;6;1;5;102;73;39;14;14;12;19;71;698;27;1295;6;6;7;NA;NA;1;3;5;NA;NA;2015-05-24;2015;"2015-520:199";126;0;1,85025288049532;3,24511249783653;22;"Fabio Fognini";40;"Benoit Paire";3,24511249783653;1,85025288049532;1,39485961734121;28;26;2;178;196;-18;0,666666666666667;0,631578947368421;0,631578947368421;0,666666666666667;-0,0350877192982456;19;6;12;4;7;2;2;7;-5;0;1;0
"674923";"2015-520";"Roland Garros";"Clay";"128";"Grand Slams";205;36;"Gael Monfils";"R";193;"FRA";28,7;46;"Diego Schwartzman";"R";170;"ARG";22,7;"4-6 6-4 4-6 6-2 6-3";5;"R64";169;21;9;133;90;71;22;24;4;8;4;5;146;93;63;24;23;11;17;14;2065;62;785;4;6;4;6;6;6;4;6;2;3;2015-05-24;2015;"2015-520:205";127;1;4,1926450779424;2,04580368961313;36;"Gael Monfils";46;"Diego Schwartzman";4,1926450779424;2,04580368961313;2,14684138832927;28,7;22,7;6;193;170;23;0,5;0,647058823529412;0,5;0,647058823529412;-0,147058823529412;17;8;11;4;6;4;6;4;2;0;1;0
"674924";"2015-520";"Roland Garros";"Clay";"128";"Grand Slams";206;14;"Pablo Cuevas";"R";180;"URU";29,3;52;"Dominic Thiem";"R";185;"AUT";21,7;"7-6(7) 7-5 6-7(5) 7-5";5;"R64";231;12;3;201;126;80;44;24;20;22;6;3;156;80;64;37;24;5;9;23;1502;31;1225;7;7;6;7;NA;6;5;7;5;NA;2015-05-24;2015;"2015-520:206";128;1;3,47643804394299;3,04580368961313;14;"Pablo Cuevas";52;"Dominic Thiem";3,47643804394299;3,04580368961313;0,430634354329862;29,3;21,7;7,6;180;185;-5;0,909090909090909;0,555555555555556;0,909090909090909;0,555555555555556;0,353535353535353;9;22;5;20;4;2;4;2;2;0;1;0
"674932";"2015-520";"Roland Garros";"Clay";"128";"Grand Slams";214;11;"Jeremy Chardy";"R";188;"FRA";28,2;27;"David Goffin";"R";180;"BEL";24,4;"6-3 6-4 6-2";5;"R32";105;5;0;85;59;41;16;14;2;4;3;0;80;51;31;13;13;5;11;45;985;18;1835;6;6;6;NA;NA;3;4;2;NA;NA;2015-05-24;2015;"2015-520:214";129;1;2,50814690367033;3,83007499855769;11;"Jeremy Chardy";27;"David Goffin";2,50814690367033;3,83007499855769;-1,32192809488736;28,2;24,4;3,8;188;180;8;0,5;0,454545454545455;0,5;0,454545454545455;0,0454545454545455;11;4;5;2;6;2;6;2;4;0;1;0
"674937";"2015-520";"Roland Garros";"Clay";"128";"Grand Slams";219;54;"Jo-Wilfried Tsonga";"R";188;"FRA";30,1;2;"Pablo Andujar";"R";180;"ESP";29,3;"7-6(3) 6-4 6-3";5;"R32";151;11;4;99;65;48;17;15;3;6;3;3;117;81;48;17;16;8;14;15;2045;42;1050;7;6;6;NA;NA;6;4;3;NA;NA;2015-05-24;2015;"2015-520:219";130;0;4,09310940439148;2,60768257722124;2;"Pablo Andujar";54;"Jo-Wilfried Tsonga";2,60768257722124;4,09310940439148;-1,48542682717024;29,3;30,1;-0,800000000000001;180;188;-8;0,5;0,571428571428571;0,571428571428571;0,5;0,0714285714285714;14;6;8;3;6;3;3;6;-3;0;1;0
"674939";"2015-520";"Roland Garros";"Clay";"128";"Grand Slams";221;56;"Stan Wawrinka";"R";183;"SUI";30,1;30;"Steve Johnson";"R";188;"USA";25,4;"6-4 6-3 6-2";5;"R32";89;8;0;76;41;38;21;14;0;0;4;2;78;48;35;11;13;5;9;9;3845;56;850;6;6;6;NA;NA;4;3;2;NA;NA;2015-05-24;2015;"2015-520:221";131;0;4,83007499855769;2,1926450779424;30;"Steve Johnson";56;"Stan Wawrinka";2,1926450779424;4,83007499855769;-2,63742992061529;25,4;30,1;-4,7;188;183;5;1,5;0,555555555555556;0,555555555555556;1,5;-0,944444444444444;9;0;5;0;4;0;0;4;-4;0;1;0
"674941";"2015-520";"Roland Garros";"Clay";"128";"Grand Slams";223;36;"Gael Monfils";"R";193;"FRA";28,7;14;"Pablo Cuevas";"R";180;"URU";29,3;"4-6 7-6(1) 3-6 6-4 6-3";5;"R32";203;10;7;152;100;68;25;25;6;12;5;6;169;109;67;34;25;15;21;14;2065;23;1502;4;7;3;6;6;6;6;6;4;3;2015-05-24;2015;"2015-520:223";132;0;4,1926450779424;3,47643804394299;14;"Pablo Cuevas";36;"Gael Monfils";3,47643804394299;4,1926450779424;-0,716207033999409;29,3;28,7;0,600000000000001;180;193;-13;0,5;0,714285714285714;0,714285714285714;0,5;0,214285714285714;21;12;15;6;6;6;6;6;0;0;1;0
"674943";"2015-520";"Roland Garros";"Clay";"128";"Grand Slams";225;19;"Novak Djokovic";"R";188;"SRB";28;26;"Richard Gasquet";"R";185;"FRA";28,9;"6-1 6-2 6-3";5;"R16";120;4;0;80;61;42;13;12;8;9;4;1;94;55;35;10;12;16;23;1;13845;21;1625;6;6;6;NA;NA;1;2;3;NA;NA;2015-05-24;2015;"2015-520:225";133;1;8;3,60768257722124;19;"Novak Djokovic";26;"Richard Gasquet";8;3,60768257722124;4,39231742277876;28;28,9;-0,899999999999999;188;185;3;0,888888888888889;0,695652173913043;0,888888888888889;0,695652173913043;0,193236714975845;23;9;16;8;7;1;7;1;6;0;1;0
"674946";"2015-520";"Roland Garros";"Clay";"128";"Grand Slams";228;21;"David Ferrer";"R";175;"ESP";33,1;12;"Marin Cilic";"R";198;"CRO";26,6;"6-2 6-2 6-4";5;"R16";110;2;3;77;49;38;17;13;4;4;6;3;86;51;32;16;13;6;11;8;4490;10;3370;6;6;6;NA;NA;2;2;4;NA;NA;2015-05-24;2015;"2015-520:228";134;0;5;4,67807190511264;12;"Marin Cilic";21;"David Ferrer";4,67807190511264;5;-0,321928094887362;26,6;33,1;-6,5;198;175;23;1;0,545454545454545;0,545454545454545;1;-0,454545454545455;11;4;6;4;5;0;0;5;-5;0;1;0
"674949";"2015-520";"Roland Garros";"Clay";"128";"Grand Slams";231;56;"Stan Wawrinka";"R";183;"SUI";30,1;48;"Gilles Simon";"R";183;"FRA";30,4;"6-1 6-4 6-2";5;"R16";111;5;4;80;34;27;27;13;2;3;3;7;87;37;23;23;12;14;20;9;3845;13;2210;6;6;6;NA;NA;1;4;2;NA;NA;2015-05-24;2015;"2015-520:231";135;0;4,83007499855769;4,29956028185891;48;"Gilles Simon";56;"Stan Wawrinka";4,29956028185891;4,83007499855769;-0,53051471669878;30,4;30,1;0,299999999999997;183;183;0;0,666666666666667;0,7;0,7;0,666666666666667;0,0333333333333333;20;3;14;2;6;1;1;6;-5;0;1;0
"674950";"2015-520";"Roland Garros";"Clay";"128";"Grand Slams";232;20;"Roger Federer";"R";185;"SUI";33,7;36;"Gael Monfils";"R";193;"FRA";28,7;"6-3 4-6 6-4 6-1";5;"R16";130;2;1;100;61;45;25;18;2;4;6;4;122;76;47;21;18;7;13;2;9235;14;2065;6;4;6;6;NA;3;6;4;1;NA;2015-05-24;2015;"2015-520:232";136;1;7;4,1926450779424;20;"Roger Federer";36;"Gael Monfils";7;4,1926450779424;2,8073549220576;33,7;28,7;5;185;193;-8;0,5;0,538461538461538;0,5;0,538461538461538;-0,0384615384615384;13;4;7;2;6;2;6;2;4;0;1;0
"674951";"2015-520";"Roland Garros";"Clay";"128";"Grand Slams";233;19;"Novak Djokovic";"R";188;"SRB";28;38;"Rafael Nadal";"L";185;"ESP";28,9;"7-5 6-3 6-1";5;"QF";146;3;0;80;50;38;18;14;3;5;3;2;93;56;33;14;14;11;18;1;13845;7;4570;7;6;6;NA;NA;5;3;1;NA;NA;2015-05-24;2015;"2015-520:233";137;1;8;5,1926450779424;19;"Novak Djokovic";38;"Rafael Nadal";8;5,1926450779424;2,8073549220576;28;28,9;-0,899999999999999;188;185;3;0,6;0,611111111111111;0,6;0,611111111111111;-0,0111111111111112;18;5;11;3;7;2;7;2;5;0;1;0
"674953";"2015-520";"Roland Garros";"Clay";"128";"Grand Slams";235;54;"Jo-Wilfried Tsonga";"R";188;"FRA";30,1;39;"Kei Nishikori";"R";178;"JPN";25,4;"6-1 6-4 4-6 3-6 6-3";5;"QF";225;10;1;118;72;60;23;23;3;7;5;6;160;106;71;23;22;13;19;15;2045;5;5220;6;6;4;3;6;1;4;6;6;3;2015-05-24;2015;"2015-520:235";138;0;4,09310940439148;5,67807190511264;39;"Kei Nishikori";54;"Jo-Wilfried Tsonga";5,67807190511264;4,09310940439148;1,58496250072116;25,4;30,1;-4,7;178;188;-10;0,428571428571429;0,68421052631579;0,68421052631579;0,428571428571429;0,255639097744361;19;7;13;3;6;4;4;6;-2;0;1;0
"674954";"2015-520";"Roland Garros";"Clay";"128";"Grand Slams";236;56;"Stan Wawrinka";"R";183;"SUI";30,1;20;"Roger Federer";"R";185;"SUI";33,7;"6-4 6-3 7-6(4)";5;"QF";129;4;0;92;50;44;26;15;4;4;7;0;112;71;48;23;16;5;8;9;3845;2;9235;6;6;7;NA;NA;4;3;6;NA;NA;2015-05-24;2015;"2015-520:236";139;0;4,83007499855769;7;20;"Roger Federer";56;"Stan Wawrinka";7;4,83007499855769;2,16992500144231;33,7;30,1;3,6;185;183;2;1;0,625;0,625;1;-0,375;8;4;5;4;3;0;0;3;-3;0;1;0
"674955";"2015-520";"Roland Garros";"Clay";"128";"Grand Slams";237;19;"Novak Djokovic";"R";188;"SRB";28;37;"Andy Murray";"R";190;"GBR";28;"6-3 6-3 5-7 5-7 6-1";5;"SF";249;8;2;141;98;67;29;25;1;4;12;1;149;98;63;28;24;13;19;1;13845;3;7040;6;6;5;5;6;3;3;7;7;1;2015-05-24;2015;"2015-520:237";140;1;8;6,41503749927884;19;"Novak Djokovic";37;"Andy Murray";8;6,41503749927884;1,58496250072116;28;28;0;188;190;-2;0,25;0,68421052631579;0,25;0,68421052631579;-0,43421052631579;19;4;13;1;6;3;6;3;3;0;1;0
"674957";"2015-520";"Roland Garros";"Clay";"128";"Grand Slams";239;56;"Stan Wawrinka";"R";183;"SUI";30,1;19;"Novak Djokovic";"R";188;"SRB";28;"4-6 6-4 6-3 6-4";5;"F";192;9;3;126;84;64;21;20;8;10;6;0;128;83;52;24;19;11;15;9;3845;1;13845;4;6;6;6;NA;6;4;3;4;NA;2015-05-24;2015;"2015-520:239";141;0;4,83007499855769;8;19;"Novak Djokovic";56;"Stan Wawrinka";8;4,83007499855769;3,16992500144231;28;30,1;-2,1;188;183;5;0,8;0,733333333333333;0,733333333333333;0,8;-0,0666666666666668;15;10;11;8;4;2;2;4;-2;0;1;0
"706631";"2016-520";"Roland Garros";"Clay";"128";"Grand Slams";116;9;"Pablo Carreno Busta";"R";188;"ESP";24,8;16;"Federico Delbonis";"L";190;"ARG";25,6;"7-6(3) 6-7(4) 6-4 6-4";5;"R128";208;6;1;140;98;67;23;22;6;10;4;5;158;91;57;35;22;12;18;43;995;35;1165;7;6;6;6;NA;6;7;4;4;NA;2016-05-23;2016;"2016-520:116";142;1;2,5737352452979;2,87071698305503;9;"Pablo Carreno Busta";16;"Federico Delbonis";2,5737352452979;2,87071698305503;-0,296981737757132;24,8;25,6;-0,800000000000001;188;190;-2;0,6;0,666666666666667;0,6;0,666666666666667;-0,0666666666666667;18;10;12;6;6;4;6;4;2;0;1;0
"706633";"2016-520";"Roland Garros";"Clay";"128";"Grand Slams";118;13;"Borna Coric";"R";188;"CRO";19,5;23;"Taylor Fritz";"R";193;"USA";18,5;"6-3 6-1 6-3";5;"R128";104;5;1;63;39;32;15;13;0;1;7;2;106;64;36;17;12;13;20;47;935;67;758;6;6;6;NA;NA;3;1;3;NA;NA;2016-05-23;2016;"2016-520:118";143;1;2,44541114832236;1,93391080954223;13;"Borna Coric";23;"Taylor Fritz";2,44541114832236;1,93391080954223;0,511500338780134;19,5;18,5;1;188;193;-5;0;0,65;0;0,65;-0,65;20;1;13;0;7;1;7;1;6;0;1;0
"706655";"2016-520";"Roland Garros";"Clay";"128";"Grand Slams";140;1;"Nicolas Almagro";"R";183;"ESP";30,7;32;"Philipp Kohlschreiber";"R";178;"GER";32,6;"5-7 6-2 6-2 6-4";5;"R128";157;19;4;117;67;57;24;19;7;9;5;3;117;61;40;29;19;4;10;49;899;26;1485;5;6;6;6;NA;7;2;2;4;NA;2016-05-23;2016;"2016-520:140";144;1;2,38529015588479;3,29956028185891;1;"Nicolas Almagro";32;"Philipp Kohlschreiber";2,38529015588479;3,29956028185891;-0,914270125974117;30,7;32,6;-1,9;183;178;5;0,777777777777778;0,4;0,777777777777778;0,4;0,377777777777778;10;9;4;7;6;2;6;2;4;0;1;0
"706657";"2016-520";"Roland Garros";"Clay";"128";"Grand Slams";142;28;"Ernests Gulbis";"R";190;"LAT";27,7;47;"Andreas Seppi";"R";190;"ITA";32,2;"6-3 7-5 6-4";5;"R128";128;16;6;102;55;44;27;16;6;6;4;1;89;54;39;20;15;5;8;80;701;38;1095;6;7;6;NA;NA;3;5;4;NA;NA;2016-05-23;2016;"2016-520:142";145;1;1,67807190511264;2,75207248655641;28;"Ernests Gulbis";47;"Andreas Seppi";1,67807190511264;2,75207248655641;-1,07400058144378;27,7;32,2;-4,5;190;190;0;1;0,625;1;0,625;0,375;8;6;5;6;3;0;3;0;3;0;1;0
"706659";"2016-520";"Roland Garros";"Clay";"128";"Grand Slams";144;54;"Jo-Wilfried Tsonga";"R";188;"FRA";31;51;"Jan Lennard Struff";"R";193;"GER";26;"6-3 6-4 6-4";5;"R128";121;8;3;96;61;45;21;15;4;5;2;4;89;60;39;13;14;4;8;7;3355;101;578;6;6;6;NA;NA;3;4;4;NA;NA;2016-05-23;2016;"2016-520:144";146;0;5,1926450779424;1,34178851724821;51;"Jan Lennard Struff";54;"Jo-Wilfried Tsonga";1,34178851724821;5,1926450779424;-3,85085656069419;26;31;-5;193;188;5;0,8;0,5;0,5;0,8;-0,3;8;5;4;4;4;1;1;4;-3;0;1;0
"706669";"2016-520";"Roland Garros";"Clay";"128";"Grand Slams";154;41;"Guido Pella";"L";185;"ARG";26;46;"Diego Schwartzman";"R";170;"ARG";23,7;"6-2 3-6 6-2 6-3";5;"R128";142;5;1;100;72;54;14;17;6;9;1;2;106;72;41;15;17;8;15;48;899;63;781;6;3;6;6;NA;2;6;2;3;NA;2016-05-23;2016;"2016-520:154";147;1;2,41503749927884;2,02272007650008;41;"Guido Pella";46;"Diego Schwartzman";2,41503749927884;2,02272007650008;0,392317422778761;26;23,7;2,3;185;170;15;0,666666666666667;0,533333333333333;0,666666666666667;0,533333333333333;0,133333333333333;15;9;8;6;7;3;7;3;4;0;1;0
"706679";"2016-520";"Roland Garros";"Clay";"128";"Grand Slams";164;55;"Fernando Verdasco";"L";188;"ESP";32,5;30;"Steve Johnson";"R";188;"USA";26,4;"7-5 6-4 7-5";5;"R128";140;5;3;101;74;51;20;17;6;7;5;5;116;76;51;19;17;9;13;52;855;34;1190;7;6;7;NA;NA;5;4;5;NA;NA;2016-05-23;2016;"2016-520:164";148;0;2,29956028185891;2,91253715874966;30;"Steve Johnson";55;"Fernando Verdasco";2,91253715874966;2,29956028185891;0,612976876890753;26,4;32,5;-6,1;188;188;0;0,857142857142857;0,692307692307692;0,692307692307692;0,857142857142857;-0,164835164835165;13;7;9;6;4;1;1;4;-3;0;1;0
"706693";"2016-520";"Roland Garros";"Clay";"128";"Grand Slams";178;5;"Aljaz Bedene";"R";181;"SLO";26,8;9;"Pablo Carreno Busta";"R";188;"ESP";24,8;"7-6(4) 6-3 4-6 5-7 6-2";5;"R64";199;23;1;150;80;64;35;26;9;14;10;2;145;87;63;24;25;4;11;66;765;43;995;7;6;4;5;6;6;3;6;7;2;2016-05-23;2016;"2016-520:178";149;1;1,95560588064155;2,5737352452979;5;"Aljaz Bedene";9;"Pablo Carreno Busta";1,95560588064155;2,5737352452979;-0,618129364656355;26,8;24,8;2;181;188;-7;0,642857142857143;0,363636363636364;0,642857142857143;0,363636363636364;0,279220779220779;11;14;4;9;7;5;7;5;2;0;1;0
"706695";"2016-520";"Roland Garros";"Clay";"128";"Grand Slams";180;4;"Roberto Bautista Agut";"R";183;"ESP";28,1;34;"Paul Henri Mathieu";"R";185;"FRA";34,3;"7-6(5) 6-4 6-1";5;"R64";142;6;1;101;64;47;19;15;6;8;2;5;93;51;33;19;14;3;9;16;2015;65;771;7;6;6;NA;NA;6;4;1;NA;NA;2016-05-23;2016;"2016-520:180";150;1;4;1,97763218697155;4;"Roberto Bautista Agut";34;"Paul Henri Mathieu";4;1,97763218697155;2,02236781302845;28,1;34,3;-6,2;183;185;-2;0,75;0,333333333333333;0,75;0,333333333333333;0,416666666666667;9;8;3;6;6;2;6;2;4;0;1;0
"706706";"2016-520";"Roland Garros";"Clay";"128";"Grand Slams";191;28;"Ernests Gulbis";"R";190;"LAT";27,7;50;"Joao Sousa";"R";185;"POR";27,1;"6-2 7-5 6-3";5;"R64";109;16;2;68;41;35;19;15;2;3;3;1;97;60;40;14;14;7;13;80;701;29;1275;6;7;6;NA;NA;2;5;3;NA;NA;2016-05-23;2016;"2016-520:191";151;1;1,67807190511264;3,14201900487243;28;"Ernests Gulbis";50;"Joao Sousa";1,67807190511264;3,14201900487243;-1,46394709975979;27,7;27,1;0,599999999999998;190;185;5;0,666666666666667;0,538461538461538;0,666666666666667;0,538461538461538;0,128205128205128;13;3;7;2;6;1;6;1;5;0;1;0
"706712";"2016-520";"Roland Garros";"Clay";"128";"Grand Slams";197;48;"Gilles Simon";"R";183;"FRA";31,4;41;"Guido Pella";"L";185;"ARG";26;"4-6 1-6 7-5 7-6(4) 6-4";5;"R64";272;9;4;194;117;78;32;26;11;19;2;2;165;115;76;27;25;10;17;18;1945;48;899;4;1;7;7;6;6;6;5;6;4;2016-05-23;2016;"2016-520:197";152;0;3,83007499855769;2,41503749927884;41;"Guido Pella";48;"Gilles Simon";2,41503749927884;3,83007499855769;-1,41503749927884;26;31,4;-5,4;185;183;2;0,578947368421053;0,588235294117647;0,588235294117647;0,578947368421053;0,00928792569659442;17;19;10;11;7;8;8;7;1;0;1;0
"706724";"2016-520";"Roland Garros";"Clay";"128";"Grand Slams";209;19;"Novak Djokovic";"R";188;"SRB";29;5;"Aljaz Bedene";"R";181;"SLO";26,8;"6-2 6-3 6-3";5;"R32";122;5;0;93;71;48;12;13;5;7;8;2;92;53;34;11;13;10;17;1;16150;66;765;6;6;6;NA;NA;2;3;3;NA;NA;2016-05-23;2016;"2016-520:209";153;0;8;1,95560588064155;5;"Aljaz Bedene";19;"Novak Djokovic";1,95560588064155;8;-6,04439411935845;26,8;29;-2,2;181;188;-7;0,714285714285714;0,588235294117647;0,588235294117647;0,714285714285714;-0,126050420168067;17;7;10;5;7;2;2;7;-5;0;1;0
"706725";"2016-520";"Roland Garros";"Clay";"128";"Grand Slams";210;4;"Roberto Bautista Agut";"R";183;"ESP";28,1;13;"Borna Coric";"R";188;"CRO";19,5;"6-2 6-3 6-3";5;"R32";119;3;1;76;54;44;10;13;1;2;6;3;82;50;26;16;13;6;12;16;2015;47;935;6;6;6;NA;NA;2;3;3;NA;NA;2016-05-23;2016;"2016-520:210";154;1;4;2,44541114832236;4;"Roberto Bautista Agut";13;"Borna Coric";4;2,44541114832236;1,55458885167764;28,1;19,5;8,6;183;188;-5;0,5;0,5;0,5;0,5;0;12;2;6;1;6;1;6;1;5;0;1;0
"706727";"2016-520";"Roland Garros";"Clay";"128";"Grand Slams";212;7;"Tomas Berdych";"R";196;"CZE";30,6;14;"Pablo Cuevas";"R";180;"URU";30,3;"4-6 6-3 6-2 7-5";5;"R32";165;10;5;130;74;61;30;20;8;9;5;0;112;63;41;30;19;6;10;8;2850;27;1450;4;6;6;7;NA;6;3;2;5;NA;2016-05-23;2016;"2016-520:212";155;1;5;3,24511249783653;7;"Tomas Berdych";14;"Pablo Cuevas";5;3,24511249783653;1,75488750216347;30,6;30,3;0,300000000000001;196;180;16;0,888888888888889;0,6;0,888888888888889;0,6;0,288888888888889;10;9;6;8;4;1;4;1;3;0;1;0
"706729";"2016-520";"Roland Garros";"Clay";"128";"Grand Slams";214;52;"Dominic Thiem";"R";185;"AUT";22,7;57;"Alexander Zverev";"R";198;"GER";19;"6-7(4) 6-3 6-3 6-3";5;"R32";169;6;2;132;78;56;34;20;7;8;6;5;121;72;49;22;19;10;15;15;2430;41;1060;6;6;6;6;NA;7;3;3;3;NA;2016-05-23;2016;"2016-520:214";156;1;4,09310940439148;2,64244799538192;52;"Dominic Thiem";57;"Alexander Zverev";4,09310940439148;2,64244799538192;1,45066140900957;22,7;19;3,7;185;198;-13;0,875;0,666666666666667;0,875;0,666666666666667;0,208333333333333;15;8;10;7;5;1;5;1;4;0;1;0
"706730";"2016-520";"Roland Garros";"Clay";"128";"Grand Slams";215;27;"David Goffin";"R";180;"BEL";25,4;1;"Nicolas Almagro";"R";183;"ESP";30,7;"6-2 4-6 6-3 4-6 6-2";5;"R32";174;10;4;135;79;58;32;23;9;13;17;9;125;63;46;30;22;7;14;13;2570;49;899;6;4;6;4;6;2;6;3;6;2;2016-05-23;2016;"2016-520:215";157;0;4,29956028185891;2,38529015588479;1;"Nicolas Almagro";27;"David Goffin";2,38529015588479;4,29956028185891;-1,91427012597412;30,7;25,4;5,3;183;180;3;0,692307692307692;0,5;0,5;0,692307692307692;-0,192307692307692;14;13;7;9;7;4;4;7;-3;0;1;0
"706736";"2016-520";"Roland Garros";"Clay";"128";"Grand Slams";221;39;"Kei Nishikori";"R";178;"JPN";26,3;55;"Fernando Verdasco";"L";188;"ESP";32,5;"6-3 6-4 3-6 2-6 6-4";5;"R32";201;4;7;151;96;61;24;23;11;19;7;7;154;105;69;19;23;10;18;6;4470;52;855;6;6;3;2;6;3;4;6;6;4;2016-05-23;2016;"2016-520:221";158;1;5,41503749927884;2,29956028185891;39;"Kei Nishikori";55;"Fernando Verdasco";5,41503749927884;2,29956028185891;3,11547721741994;26,3;32,5;-6,2;178;188;-10;0,578947368421053;0,555555555555556;0,578947368421053;0,555555555555556;0,0233918128654971;18;19;10;11;8;8;8;8;0;0;1;0
"706740";"2016-520";"Roland Garros";"Clay";"128";"Grand Slams";225;19;"Novak Djokovic";"R";188;"SRB";29;4;"Roberto Bautista Agut";"R";183;"ESP";28,1;"3-6 6-4 6-1 7-5";5;"R16";192;2;5;116;82;53;17;19;5;11;1;2;142;102;55;17;19;13;22;1;16150;16;2015;3;6;6;7;NA;6;4;1;5;NA;2016-05-23;2016;"2016-520:225";159;0;8;4;4;"Roberto Bautista Agut";19;"Novak Djokovic";4;8;-4;28,1;29;-0,899999999999999;183;188;-5;0,454545454545455;0,590909090909091;0,590909090909091;0,454545454545455;0,136363636363636;22;11;13;5;9;6;6;9;-3;0;1;0
"706743";"2016-520";"Roland Garros";"Clay";"128";"Grand Slams";228;27;"David Goffin";"R";180;"BEL";25,4;28;"Ernests Gulbis";"R";190;"LAT";27,7;"4-6 6-2 6-2 6-3";5;"R16";155;7;3;96;57;42;28;18;3;5;7;9;132;62;40;32;17;17;24;13;2570;80;701;4;6;6;6;NA;6;2;2;3;NA;2016-05-23;2016;"2016-520:228";160;1;4,29956028185891;1,67807190511264;27;"David Goffin";28;"Ernests Gulbis";4,29956028185891;1,67807190511264;2,62148837674627;25,4;27,7;-2,3;180;190;-10;0,6;0,708333333333333;0,6;0,708333333333333;-0,108333333333333;24;5;17;3;7;2;7;2;5;0;1;0
"706746";"2016-520";"Roland Garros";"Clay";"128";"Grand Slams";231;26;"Richard Gasquet";"R";185;"FRA";29,9;39;"Kei Nishikori";"R";178;"JPN";26,3;"6-4 6-2 4-6 6-2";5;"R16";154;6;2;97;59;43;25;18;3;6;3;4;109;77;48;16;18;6;13;12;2725;6;4470;6;6;4;6;NA;4;2;6;2;NA;2016-05-23;2016;"2016-520:231";161;1;4,41503749927884;5,41503749927884;26;"Richard Gasquet";39;"Kei Nishikori";4,41503749927884;5,41503749927884;-1;29,9;26,3;3,6;185;178;7;0,5;0,461538461538462;0,5;0,461538461538462;0,0384615384615384;13;6;6;3;7;3;7;3;4;0;1;0
"706747";"2016-520";"Roland Garros";"Clay";"128";"Grand Slams";232;37;"Andy Murray";"R";190;"GBR";29;29;"John Isner";"R";206;"USA";31;"7-6(9) 6-4 6-3";5;"R16";160;9;6;108;65;54;26;16;5;5;18;4;126;87;64;15;15;8;10;2;8435;17;1965;7;6;6;NA;NA;6;4;3;NA;NA;2016-05-23;2016;"2016-520:232";162;0;7;3,91253715874966;29;"John Isner";37;"Andy Murray";3,91253715874966;7;-3,08746284125034;31;29;2;206;190;16;1;0,8;0,8;1;-0,2;10;5;8;5;2;0;0;2;-2;0;1;0
"706748";"2016-520";"Roland Garros";"Clay";"128";"Grand Slams";233;19;"Novak Djokovic";"R";188;"SRB";29;7;"Tomas Berdych";"R";196;"CZE";30,6;"6-3 7-5 6-3";5;"QF";126;0;1;81;49;35;21;15;4;6;4;3;81;46;31;13;15;2;8;1;16150;8;2850;6;7;6;NA;NA;3;5;3;NA;NA;2016-05-23;2016;"2016-520:233";163;0;8;5;7;"Tomas Berdych";19;"Novak Djokovic";5;8;-3;30,6;29;1,6;196;188;8;0,666666666666667;0,25;0,25;0,666666666666667;-0,416666666666667;8;6;2;4;6;2;2;6;-4;0;1;0
"706749";"2016-520";"Roland Garros";"Clay";"128";"Grand Slams";234;52;"Dominic Thiem";"R";185;"AUT";22,7;27;"David Goffin";"R";180;"BEL";25,4;"4-6 7-6(7) 6-4 6-1";5;"QF";171;2;3;142;91;60;25;20;7;13;3;9;135;74;50;23;19;9;17;15;2430;13;2570;4;7;6;6;NA;6;6;4;1;NA;2016-05-23;2016;"2016-520:234";164;0;4,09310940439148;4,29956028185891;27;"David Goffin";52;"Dominic Thiem";4,29956028185891;4,09310940439148;0,206450877467426;25,4;22,7;2,7;180;185;-5;0,538461538461538;0,529411764705882;0,529411764705882;0,538461538461538;-0,00904977375565608;17;13;9;7;8;6;6;8;-2;0;1;0
"706750";"2016-520";"Roland Garros";"Clay";"128";"Grand Slams";235;56;"Stan Wawrinka";"R";183;"SUI";31,1;42;"Albert Ramos";"L";188;"ESP";28,3;"6-2 6-1 7-6(7)";5;"QF";115;8;3;89;46;36;29;14;3;4;2;0;92;57;34;17;13;6;11;4;6315;55;853;6;6;7;NA;NA;2;1;6;NA;NA;2016-05-23;2016;"2016-520:235";165;0;6;2,21864028647534;42;"Albert Ramos";56;"Stan Wawrinka";2,21864028647534;6;-3,78135971352466;28,3;31,1;-2,8;188;183;5;0,75;0,545454545454545;0,545454545454545;0,75;-0,204545454545455;11;4;6;3;5;1;1;5;-4;0;1;0
"706751";"2016-520";"Roland Garros";"Clay";"128";"Grand Slams";236;37;"Andy Murray";"R";190;"GBR";29;26;"Richard Gasquet";"R";185;"FRA";29,9;"5-7 7-6(3) 6-0 6-2";5;"QF";203;11;4;120;70;52;27;19;5;8;2;4;138;88;47;29;19;11;18;2;8435;12;2725;5;7;6;6;NA;7;6;0;2;NA;2016-05-23;2016;"2016-520:236";166;0;7;4,41503749927884;26;"Richard Gasquet";37;"Andy Murray";4,41503749927884;7;-2,58496250072116;29,9;29;0,899999999999999;185;190;-5;0,625;0,611111111111111;0,611111111111111;0,625;-0,0138888888888888;18;8;11;5;7;3;3;7;-4;0;1;0
"706752";"2016-520";"Roland Garros";"Clay";"128";"Grand Slams";237;19;"Novak Djokovic";"R";188;"SRB";29;52;"Dominic Thiem";"R";185;"AUT";22,7;"6-2 6-1 6-4";5;"SF";108;2;1;73;50;36;16;13;3;4;2;3;83;50;27;15;12;7;13;1;16150;15;2430;6;6;6;NA;NA;2;1;4;NA;NA;2016-05-23;2016;"2016-520:237";167;1;8;4,09310940439148;19;"Novak Djokovic";52;"Dominic Thiem";8;4,09310940439148;3,90689059560852;29;22,7;6,3;188;185;3;0,75;0,538461538461538;0,75;0,538461538461538;0,211538461538462;13;4;7;3;6;1;6;1;5;0;1;0
"706754";"2016-520";"Roland Garros";"Clay";"128";"Grand Slams";239;19;"Novak Djokovic";"R";188;"SRB";29;37;"Andy Murray";"R";190;"GBR";29;"3-6 6-1 6-2 6-4";5;"F";183;4;3;110;76;49;20;17;7;10;5;3;109;55;34;22;17;7;14;1;16150;2;8435;3;6;6;6;NA;6;1;2;4;NA;2016-05-23;2016;"2016-520:239";168;1;8;7;19;"Novak Djokovic";37;"Andy Murray";8;7;1;29;29;0;188;190;-2;0,7;0,5;0,7;0,5;0,2;14;10;7;7;7;3;7;3;4;0;1;0
"738994";"2017-520";"Roland Garros";"Clay";"128";"Grand Slams";116;15;"Juan Martin del Potro";"R";198;"ARG";28,6;41;"Guido Pella";"L";185;"ARG";27;"6-2 6-1 6-4";5;"R128";109;13;2;67;48;39;13;13;0;0;3;1;88;55;32;16;12;10;15;30;1325;115;489;6;6;6;NA;NA;2;1;4;NA;NA;2017-05-29;2017;"2017-520:116";169;1;3,09310940439148;1,15450994905563;15;"Juan Martin del Potro";41;"Guido Pella";3,09310940439148;1,15450994905563;1,93859945533586;28,6;27;1,6;198;185;13;1,5;0,666666666666667;1,5;0,666666666666667;0,833333333333333;15;0;10;0;5;0;5;0;5;0;1;0
"738998";"2017-520";"Roland Garros";"Clay";"128";"Grand Slams";120;7;"Tomas Berdych";"R";196;"CZE";31,6;51;"Jan Lennard Struff";"R";193;"GER";27;"6-1 6-1 4-6 6-4";5;"R128";152;5;3;104;62;47;21;17;3;6;8;8;127;55;38;29;17;15;23;14;2885;47;943;6;6;4;6;NA;1;1;6;4;NA;2017-05-29;2017;"2017-520:120";170;1;4,1926450779424;2,44541114832236;7;"Tomas Berdych";51;"Jan Lennard Struff";4,1926450779424;2,44541114832236;1,74723392962003;31,6;27;4,6;196;193;3;0,5;0,652173913043478;0,5;0,652173913043478;-0,152173913043478;23;6;15;3;8;3;8;3;5;0;1;0
"738999";"2017-520";"Roland Garros";"Clay";"128";"Grand Slams";121;55;"Fernando Verdasco";"L";188;"ESP";33,5;57;"Alexander Zverev";"R";198;"GER";20,1;"6-4 3-6 6-4 6-2";5;"R128";173;0;5;128;89;53;20;19;7;12;8;5;127;84;50;18;18;12;20;37;1085;10;3150;6;3;6;6;NA;4;6;4;2;NA;2017-05-29;2017;"2017-520:121";171;1;2,79054663437105;4,67807190511264;55;"Fernando Verdasco";57;"Alexander Zverev";2,79054663437105;4,67807190511264;-1,88752527074159;33,5;20,1;13,4;188;198;-10;0,583333333333333;0,6;0,583333333333333;0,6;-0,0166666666666666;20;12;12;7;8;5;8;5;3;0;1;0
"739022";"2017-520";"Roland Garros";"Clay";"128";"Grand Slams";144;12;"Marin Cilic";"R";198;"CRO";28,6;28;"Ernests Gulbis";"R";190;"LAT";28,7;"6-3 6-3 6-3";5;"R128";101;8;5;75;39;36;22;14;0;0;5;3;81;46;31;18;13;1;5;8;3765;230;230;6;6;6;NA;NA;3;3;3;NA;NA;2017-05-29;2017;"2017-520:144";172;1;5;0,154509949055625;12;"Marin Cilic";28;"Ernests Gulbis";5;0,154509949055625;4,84549005094437;28,6;28,7;-0,0999999999999979;198;190;8;1,5;0,2;1,5;0,2;1,3;5;0;1;0;4;0;4;0;4;0;1;0
"739035";"2017-520";"Roland Garros";"Clay";"128";"Grand Slams";157;3;"Nikoloz Basilashvili";"R";185;"GEO";25,2;48;"Gilles Simon";"R";183;"FRA";32,4;"1-6 6-2 6-4 6-1";5;"R128";145;0;4;104;77;45;12;16;4;10;0;3;105;45;26;25;16;14;23;63;811;32;1200;1;6;6;6;NA;6;2;4;1;NA;2017-05-29;2017;"2017-520:157";173;1;2,02272007650008;3;3;"Nikoloz Basilashvili";48;"Gilles Simon";2,02272007650008;3;-0,977279923499917;25,2;32,4;-7,2;185;183;2;0,4;0,608695652173913;0,4;0,608695652173913;-0,208695652173913;23;10;14;4;9;6;9;6;3;0;1;0
"739038";"2017-520";"Roland Garros";"Clay";"128";"Grand Slams";160;38;"Rafael Nadal";"L";185;"ESP";30,9;40;"Benoit Paire";"R";196;"FRA";28;"6-1 6-4 6-1";5;"R128";112;1;2;66;42;28;17;12;2;4;0;2;82;40;20;16;12;10;18;4;5375;45;950;6;6;6;NA;NA;1;4;1;NA;NA;2017-05-29;2017;"2017-520:160";174;1;6;2,50814690367033;38;"Rafael Nadal";40;"Benoit Paire";6;2,50814690367033;3,49185309632967;30,9;28;2,9;185;196;-11;0,5;0,555555555555556;0,5;0,555555555555556;-0,0555555555555556;18;4;10;2;8;2;8;2;6;0;1;0
"739046";"2017-520";"Roland Garros";"Clay";"128";"Grand Slams";168;27;"David Goffin";"R";180;"BEL";26,4;34;"Paul Henri Mathieu";"R";185;"FRA";35,3;"6-2 6-2 6-2";5;"R128";110;12;2;73;42;35;21;12;1;1;1;3;85;51;29;14;12;12;18;12;3055;120;471;6;6;6;NA;NA;2;2;2;NA;NA;2017-05-29;2017;"2017-520:168";175;1;4,41503749927884;1,09310940439148;27;"David Goffin";34;"Paul Henri Mathieu";4,41503749927884;1,09310940439148;3,32192809488736;26,4;35,3;-8,9;180;185;-5;1;0,666666666666667;1;0,666666666666667;0,333333333333333;18;1;12;1;6;0;6;0;6;0;1;0
"739052";"2017-520";"Roland Garros";"Clay";"128";"Grand Slams";174;46;"Diego Schwartzman";"R";170;"ARG";24,7;44;"Andrey Rublev";"R";188;"RUS";19,6;"0-6 6-4 6-2 6-7(3) 9-7";5;"R128";210;3;4;149;102;67;23;26;5;12;4;7;163;84;55;44;26;10;18;41;1005;118;483;0;6;6;6;9;6;4;2;7;7;2017-05-29;2017;"2017-520:174";176;0;2,64244799538192;1,11735695063816;44;"Andrey Rublev";46;"Diego Schwartzman";1,11735695063816;2,64244799538192;-1,52509104474376;19,6;24,7;-5,1;188;170;18;0,416666666666667;0,555555555555556;0,555555555555556;0,416666666666667;0,138888888888889;18;12;10;5;8;7;7;8;-1;0;1;0
"739058";"2017-520";"Roland Garros";"Clay";"128";"Grand Slams";180;31;"Karen Khachanov";"R";198;"RUS";21;7;"Tomas Berdych";"R";196;"CZE";31,6;"7-5 6-4 6-4";5;"R64";133;12;2;92;43;38;29;16;0;0;7;1;100;57;39;26;16;7;10;53;896;14;2885;7;6;6;NA;NA;5;4;4;NA;NA;2017-05-29;2017;"2017-520:180";177;0;2,2720795454368;4,1926450779424;7;"Tomas Berdych";31;"Karen Khachanov";4,1926450779424;2,2720795454368;1,9205655325056;31,6;21;10,6;196;198;-2;1,5;0,7;0,7;1,5;-0,8;10;0;7;0;3;0;0;3;-3;0;1;0
"739062";"2017-520";"Roland Garros";"Clay";"128";"Grand Slams";184;39;"Kei Nishikori";"R";178;"JPN";27,4;11;"Jeremy Chardy";"R";188;"FRA";30,2;"6-3 6-0 7-6(5)";5;"R64";117;5;5;85;50;42;15;14;6;9;6;5;84;55;30;14;13;2;9;9;3650;74;705;6;6;7;NA;NA;3;0;6;NA;NA;2017-05-29;2017;"2017-520:184";178;0;4,83007499855769;1,79054663437105;11;"Jeremy Chardy";39;"Kei Nishikori";1,79054663437105;4,83007499855769;-3,03952836418664;30,2;27,4;2,8;188;178;10;0,666666666666667;0,222222222222222;0,222222222222222;0,666666666666667;-0,444444444444444;9;9;2;6;7;3;3;7;-4;0;1;0
"739064";"2017-520";"Roland Garros";"Clay";"128";"Grand Slams";186;22;"Fabio Fognini";"R";178;"ITA";30;47;"Andreas Seppi";"R";190;"ITA";33,2;"6-4 7-5 6-3";5;"R64";140;5;7;102;57;40;22;16;6;9;4;4;103;46;27;28;15;12;18;29;1350;83;651;6;7;6;NA;NA;4;5;3;NA;NA;2017-05-29;2017;"2017-520:186";179;1;3,14201900487243;1,62496056865308;22;"Fabio Fognini";47;"Andreas Seppi";3,14201900487243;1,62496056865308;1,51705843621935;30;33,2;-3,2;178;190;-12;0,666666666666667;0,666666666666667;0,666666666666667;0,666666666666667;0;18;9;12;6;6;3;6;3;3;0;1;0
"739074";"2017-520";"Roland Garros";"Clay";"128";"Grand Slams";196;17;"Grigor Dimitrov";"R";188;"BUL";26;43;"Tommy Robredo";"R";180;"ESP";35;"6-3 6-4 7-5";5;"R64";133;4;4;95;65;56;14;16;1;1;1;2;90;61;39;18;15;6;9;13;2900;274;192;6;6;7;NA;NA;3;4;5;NA;NA;2017-05-29;2017;"2017-520:196";180;1;4,29956028185891;-0,0980320829605272;17;"Grigor Dimitrov";43;"Tommy Robredo";4,29956028185891;-0,0980320829605272;4,39759236481943;26;35;-9;188;180;8;1;0,666666666666667;1;0,666666666666667;0,333333333333333;9;1;6;1;3;0;3;0;3;0;1;0
"739080";"2017-520";"Roland Garros";"Clay";"128";"Grand Slams";202;30;"Steve Johnson";"R";188;"USA";27,4;13;"Borna Coric";"R";188;"CRO";20,5;"6-2 7-6(8) 3-6 7-6(6)";5;"R64";233;12;6;137;75;61;32;21;3;5;10;4;160;90;62;41;20;12;15;26;1565;40;1011;6;7;3;7;NA;2;6;6;6;NA;2017-05-29;2017;"2017-520:202";181;0;3,29956028185891;2,67807190511264;13;"Borna Coric";30;"Steve Johnson";2,67807190511264;3,29956028185891;-0,621488376746271;20,5;27,4;-6,9;188;188;0;0,6;0,8;0,8;0,6;0,2;15;5;12;3;3;2;2;3;-1;0;1;0
"739086";"2017-520";"Roland Garros";"Clay";"128";"Grand Slams";208;19;"Novak Djokovic";"R";188;"SRB";30;50;"Joao Sousa";"R";185;"POR";28,1;"6-1 6-4 6-3";5;"R64";127;2;1;88;51;41;18;13;4;5;2;2;83;46;28;15;13;8;14;2;7445;59;830;6;6;6;NA;NA;1;4;3;NA;NA;2017-05-29;2017;"2017-520:208";182;1;7;2,11735695063816;19;"Novak Djokovic";50;"Joao Sousa";7;2,11735695063816;4,88264304936184;30;28,1;1,9;188;185;3;0,8;0,571428571428571;0,8;0,571428571428571;0,228571428571429;14;5;8;4;6;1;6;1;5;0;1;0
"739088";"2017-520";"Roland Garros";"Clay";"128";"Grand Slams";210;31;"Karen Khachanov";"R";198;"RUS";21;29;"John Isner";"R";206;"USA";32;"7-6(1) 6-3 6-7(5) 7-6(3)";5;"R32";180;8;8;147;71;64;47;23;4;4;14;2;138;91;71;27;22;5;6;53;896;22;2020;7;6;6;7;NA;6;3;7;6;NA;2017-05-29;2017;"2017-520:210";183;0;2,2720795454368;3,5405683813627;29;"John Isner";31;"Karen Khachanov";3,5405683813627;2,2720795454368;1,2684888359259;32;21;11;206;198;8;1;0,833333333333333;0,833333333333333;1;-0,166666666666667;6;4;5;4;1;0;0;1;-1;0;1;0
"739089";"2017-520";"Roland Garros";"Clay";"128";"Grand Slams";211;55;"Fernando Verdasco";"L";188;"ESP";33,5;14;"Pablo Cuevas";"R";180;"URU";31,4;"6-2 6-1 6-3";5;"R32";93;2;5;72;48;36;13;12;6;8;0;7;75;38;18;12;12;6;14;37;1085;23;1865;6;6;6;NA;NA;2;1;3;NA;NA;2017-05-29;2017;"2017-520:211";184;0;2,79054663437105;3,47643804394299;14;"Pablo Cuevas";55;"Fernando Verdasco";3,47643804394299;2,79054663437105;0,685891409571937;31,4;33,5;-2,1;180;188;-8;0,75;0,428571428571429;0,428571428571429;0,75;-0,321428571428571;14;8;6;6;8;2;2;8;-6;0;1;0
"739091";"2017-520";"Roland Garros";"Clay";"128";"Grand Slams";213;56;"Stan Wawrinka";"R";183;"SUI";32,1;22;"Fabio Fognini";"R";178;"ITA";30;"7-6(2) 6-0 6-2";5;"R32";111;6;2;79;49;36;18;13;4;6;0;7;86;46;25;19;13;5;12;3;5695;29;1350;7;6;6;NA;NA;6;0;2;NA;NA;2017-05-29;2017;"2017-520:213";185;0;6,41503749927884;3,14201900487243;22;"Fabio Fognini";56;"Stan Wawrinka";3,14201900487243;6,41503749927884;-3,27301849440642;30;32,1;-2,1;178;183;-5;0,666666666666667;0,416666666666667;0,416666666666667;0,666666666666667;-0,25;12;6;5;4;7;2;2;7;-5;0;1;0
"739096";"2017-520";"Roland Garros";"Clay";"128";"Grand Slams";218;9;"Pablo Carreno Busta";"R";188;"ESP";25,8;17;"Grigor Dimitrov";"R";188;"BUL";26;"7-5 6-3 6-4";5;"R32";138;0;3;97;62;43;21;16;6;8;14;5;103;55;38;21;15;6;11;21;2045;13;2900;7;6;6;NA;NA;5;3;4;NA;NA;2017-05-29;2017;"2017-520:218";186;1;3,60768257722124;4,29956028185891;9;"Pablo Carreno Busta";17;"Grigor Dimitrov";3,60768257722124;4,29956028185891;-0,691877704637668;25,8;26;-0,199999999999999;188;188;0;0,75;0,545454545454545;0,75;0,545454545454545;0,204545454545455;11;8;6;6;5;2;5;2;3;0;1;0
"739098";"2017-520";"Roland Garros";"Clay";"128";"Grand Slams";220;38;"Rafael Nadal";"L";185;"ESP";30,9;3;"Nikoloz Basilashvili";"R";185;"GEO";25,2;"6-0 6-1 6-0";5;"R32";90;3;0;53;29;22;19;10;3;3;1;2;65;48;19;5;9;8;16;4;5375;63;811;6;6;6;NA;NA;0;1;0;NA;NA;2017-05-29;2017;"2017-520:220";187;0;6;2,02272007650008;3;"Nikoloz Basilashvili";38;"Rafael Nadal";2,02272007650008;6;-3,97727992349992;25,2;30,9;-5,7;185;185;0;1;0,5;0,5;1;-0,5;16;3;8;3;8;0;0;8;-8;0;1;0
"739099";"2017-520";"Roland Garros";"Clay";"128";"Grand Slams";221;52;"Dominic Thiem";"R";185;"AUT";23,7;30;"Steve Johnson";"R";188;"USA";27,4;"6-1 7-6(4) 6-3";5;"R32";123;10;4;80;54;47;17;14;3;4;5;1;118;72;47;17;14;11;15;7;4145;26;1565;6;7;6;NA;NA;1;6;3;NA;NA;2017-05-29;2017;"2017-520:221";188;0;5,1926450779424;3,29956028185891;30;"Steve Johnson";52;"Dominic Thiem";3,29956028185891;5,1926450779424;-1,89308479608349;27,4;23,7;3,7;188;185;3;0,75;0,733333333333333;0,733333333333333;0,75;-0,0166666666666667;15;4;11;3;4;1;1;4;-3;0;1;0
"739102";"2017-520";"Roland Garros";"Clay";"128";"Grand Slams";224;19;"Novak Djokovic";"R";188;"SRB";30;46;"Diego Schwartzman";"R";170;"ARG";24,7;"5-7 6-3 3-6 6-1 6-1";5;"R32";198;7;1;114;80;62;19;22;3;7;4;5;153;92;57;24;22;13;21;2;7445;41;1005;5;6;3;6;6;7;3;6;1;1;2017-05-29;2017;"2017-520:224";189;1;7;2,64244799538192;19;"Novak Djokovic";46;"Diego Schwartzman";7;2,64244799538192;4,35755200461808;30;24,7;5,3;188;170;18;0,428571428571429;0,619047619047619;0,428571428571429;0,619047619047619;-0,190476190476191;21;7;13;3;8;4;8;4;4;0;1;0
"739103";"2017-520";"Roland Garros";"Clay";"128";"Grand Slams";225;37;"Andy Murray";"R";190;"GBR";30;31;"Karen Khachanov";"R";198;"RUS";21;"6-3 6-4 6-4";5;"R16";124;5;1;81;53;37;21;15;0;2;1;6;79;46;30;17;14;4;9;1;10370;53;896;6;6;6;NA;NA;3;4;4;NA;NA;2017-05-29;2017;"2017-520:225";190;0;8;2,2720795454368;31;"Karen Khachanov";37;"Andy Murray";2,2720795454368;8;-5,7279204545632;21;30;-9;198;190;8;0;0,444444444444444;0,444444444444444;0;0,444444444444444;9;2;4;0;5;2;2;5;-3;0;1;0
"739104";"2017-520";"Roland Garros";"Clay";"128";"Grand Slams";226;39;"Kei Nishikori";"R";178;"JPN";27,4;55;"Fernando Verdasco";"L";188;"ESP";33,5;"0-6 6-4 6-4 6-0";5;"R16";154;4;2;112;59;37;25;16;8;13;3;6;109;77;48;12;16;10;17;9;3650;37;1085;0;6;6;6;NA;6;4;4;0;NA;2017-05-29;2017;"2017-520:226";191;1;4,83007499855769;2,79054663437105;39;"Kei Nishikori";55;"Fernando Verdasco";4,83007499855769;2,79054663437105;2,03952836418664;27,4;33,5;-6,1;178;188;-10;0,615384615384615;0,588235294117647;0,615384615384615;0,588235294117647;0,0271493212669683;17;13;10;8;7;5;7;5;2;0;1;0
"739105";"2017-520";"Roland Garros";"Clay";"128";"Grand Slams";227;56;"Stan Wawrinka";"R";183;"SUI";32,1;36;"Gael Monfils";"R";193;"FRA";30,7;"7-5 7-6(7) 6-2";5;"R16";163;3;1;127;79;55;27;16;11;13;4;3;90;58;44;12;16;2;7;3;5695;16;2365;7;7;6;NA;NA;5;6;2;NA;NA;2017-05-29;2017;"2017-520:227";192;0;6,41503749927884;4;36;"Gael Monfils";56;"Stan Wawrinka";4;6,41503749927884;-2,41503749927884;30,7;32,1;-1,4;193;183;10;0,846153846153846;0,285714285714286;0,285714285714286;0,846153846153846;-0,56043956043956;7;13;2;11;5;2;2;5;-3;0;1;0
"739108";"2017-520";"Roland Garros";"Clay";"128";"Grand Slams";230;38;"Rafael Nadal";"L";185;"ESP";30,9;4;"Roberto Bautista Agut";"R";183;"ESP";29,1;"6-1 6-2 6-2";5;"R16";110;4;2;68;42;29;19;12;3;4;0;1;76;58;30;6;11;11;18;4;5375;18;2155;6;6;6;NA;NA;1;2;2;NA;NA;2017-05-29;2017;"2017-520:230";193;0;6;3,83007499855769;4;"Roberto Bautista Agut";38;"Rafael Nadal";3,83007499855769;6;-2,16992500144231;29,1;30,9;-1,8;183;185;-2;0,75;0,611111111111111;0,611111111111111;0,75;-0,138888888888889;18;4;11;3;7;1;1;7;-6;0;1;0
"739110";"2017-520";"Roland Garros";"Clay";"128";"Grand Slams";232;19;"Novak Djokovic";"R";188;"SRB";30;42;"Albert Ramos";"L";188;"ESP";29,3;"7-6(5) 6-1 6-3";5;"R16";147;3;0;99;61;44;18;14;5;8;3;2;99;64;34;16;14;3;10;2;7445;20;2065;7;6;6;NA;NA;6;1;3;NA;NA;2017-05-29;2017;"2017-520:232";194;1;7;3,67807190511264;19;"Novak Djokovic";42;"Albert Ramos";7;3,67807190511264;3,32192809488736;30;29,3;0,699999999999999;188;188;0;0,625;0,3;0,625;0,3;0,325;10;8;3;5;7;3;7;3;4;0;1;0
"739111";"2017-520";"Roland Garros";"Clay";"128";"Grand Slams";233;37;"Andy Murray";"R";190;"GBR";30;39;"Kei Nishikori";"R";178;"JPN";27,4;"2-6 6-1 7-6(0) 6-1";5;"QF";159;3;6;111;69;51;18;17;4;9;1;2;89;50;31;18;17;5;12;1;10370;9;3650;2;6;7;6;NA;6;1;6;1;NA;2017-05-29;2017;"2017-520:233";195;1;8;4,83007499855769;37;"Andy Murray";39;"Kei Nishikori";8;4,83007499855769;3,16992500144231;30;27,4;2,6;190;178;12;0,444444444444444;0,416666666666667;0,444444444444444;0,416666666666667;0,0277777777777777;12;9;5;4;7;5;7;5;2;0;1;0
"739112";"2017-520";"Roland Garros";"Clay";"128";"Grand Slams";234;56;"Stan Wawrinka";"R";183;"SUI";32,1;12;"Marin Cilic";"R";198;"CRO";28,6;"6-3 6-3 6-1";5;"QF";100;3;2;77;48;31;23;13;2;3;5;6;68;33;19;15;12;3;9;3;5695;8;3765;6;6;6;NA;NA;3;3;1;NA;NA;2017-05-29;2017;"2017-520:234";196;0;6,41503749927884;5;12;"Marin Cilic";56;"Stan Wawrinka";5;6,41503749927884;-1,41503749927884;28,6;32,1;-3,5;198;183;15;0,666666666666667;0,333333333333333;0,333333333333333;0,666666666666667;-0,333333333333333;9;3;3;2;6;1;1;6;-5;0;1;0
"739114";"2017-520";"Roland Garros";"Clay";"128";"Grand Slams";236;52;"Dominic Thiem";"R";185;"AUT";23,7;19;"Novak Djokovic";"R";188;"SRB";30;"7-6(5) 6-3 6-0";5;"QF";135;2;3;82;50;37;17;14;4;6;2;3;104;67;38;15;13;9;15;7;4145;2;7445;7;6;6;NA;NA;6;3;0;NA;NA;2017-05-29;2017;"2017-520:236";197;0;5,1926450779424;7;19;"Novak Djokovic";52;"Dominic Thiem";7;5,1926450779424;1,8073549220576;30;23,7;6,3;188;185;3;0,666666666666667;0,6;0,6;0,666666666666667;-0,0666666666666667;15;6;9;4;6;2;2;6;-4;0;1;0
"739116";"2017-520";"Roland Garros";"Clay";"128";"Grand Slams";238;38;"Rafael Nadal";"L";185;"ESP";30,9;52;"Dominic Thiem";"R";185;"AUT";23,7;"6-3 6-4 6-0";5;"SF";127;2;2;74;49;35;19;13;7;8;3;3;81;43;27;14;12;4;10;4;5375;7;4145;6;6;6;NA;NA;3;4;0;NA;NA;2017-05-29;2017;"2017-520:238";198;1;6;5,1926450779424;38;"Rafael Nadal";52;"Dominic Thiem";6;5,1926450779424;0,807354922057604;30,9;23,7;7,2;185;185;0;0,875;0,4;0,875;0,4;0,475;10;8;4;7;6;1;6;1;5;0;1;0
"739117";"2017-520";"Roland Garros";"Clay";"128";"Grand Slams";239;38;"Rafael Nadal";"L";185;"ESP";30,9;56;"Stan Wawrinka";"R";183;"SUI";32,1;"6-2 6-3 6-1";5;"F";125;4;0;65;42;35;15;12;1;1;1;0;86;50;26;16;12;7;13;4;5375;3;5695;6;6;6;NA;NA;2;3;1;NA;NA;2017-05-29;2017;"2017-520:239";199;1;6;6,41503749927884;38;"Rafael Nadal";56;"Stan Wawrinka";6;6,41503749927884;-0,415037499278844;30,9;32,1;-1,2;185;183;2;1;0,538461538461538;1;0,538461538461538;0,461538461538462;13;1;7;1;6;0;6;0;6;0;1;0
"770073";"2018-520";"Roland Garros";"Clay";"128";"Grand Slams";114;41;"Guido Pella";"L";185;"ARG";28;50;"Joao Sousa";"R";185;"POR";29,1;"6-2 6-3 6-4";5;"R128";110;10;0;76;52;42;16;14;3;3;2;5;90;62;37;15;13;4;8;78;728;49;1051;6;6;6;NA;NA;2;3;4;NA;NA;2018-05-28;2018;"2018-520:114";200;1;1,71459778113775;2,38529015588479;41;"Guido Pella";50;"Joao Sousa";1,71459778113775;2,38529015588479;-0,67069237474704;28;29,1;-1,1;185;185;0;1;0,5;1;0,5;0,5;8;3;4;3;4;0;4;0;4;0;1;0
"770075";"2018-520";"Roland Garros";"Clay";"128";"Grand Slams";116;26;"Richard Gasquet";"R";185;"FRA";31,9;47;"Andreas Seppi";"R";190;"ITA";34,2;"6-0 6-2 6-2";5;"R128";86;7;2;60;38;32;11;11;0;1;1;7;73;44;21;7;11;8;16;32;1395;50;1045;6;6;6;NA;NA;0;2;2;NA;NA;2018-05-28;2018;"2018-520:116";201;1;3;2,35614381022528;26;"Richard Gasquet";47;"Andreas Seppi";3;2,35614381022528;0,643856189774724;31,9;34,2;-2,3;185;190;-5;0;0,5;0;0,5;-0,5;16;1;8;0;8;1;8;1;7;0;1;0
"770083";"2018-520";"Roland Garros";"Clay";"128";"Grand Slams";124;13;"Borna Coric";"R";188;"CRO";21,5;32;"Philipp Kohlschreiber";"R";178;"GER";34,6;"6-3 3-6 6-3 6-4";5;"R128";159;10;2;105;62;52;26;19;2;3;4;3;112;67;52;20;18;5;8;40;1200;24;1620;6;3;6;6;NA;3;6;3;4;NA;2018-05-28;2018;"2018-520:124";202;1;2,67807190511264;3,41503749927884;13;"Borna Coric";32;"Philipp Kohlschreiber";2,67807190511264;3,41503749927884;-0,736965594166207;21,5;34,6;-13,1;188;178;10;0,666666666666667;0,625;0,666666666666667;0,625;0,0416666666666666;8;3;5;2;3;1;3;1;2;0;1;0
"770086";"2018-520";"Roland Garros";"Clay";"128";"Grand Slams";127;14;"Pablo Cuevas";"R";180;"URU";32,4;5;"Aljaz Bedene";"R";181;"SLO";28,8;"6-4 6-3 6-2";5;"R128";130;5;5;93;50;34;24;14;4;7;1;3;80;34;19;18;13;6;13;75;755;66;850;6;6;6;NA;NA;4;3;2;NA;NA;2018-05-28;2018;"2018-520:127";203;0;1,77118130950412;1,95560588064155;5;"Aljaz Bedene";14;"Pablo Cuevas";1,95560588064155;1,77118130950412;0,184424571137427;28,8;32,4;-3,6;181;180;1;0,571428571428571;0,461538461538462;0,461538461538462;0,571428571428571;-0,10989010989011;13;7;6;4;7;3;3;7;-4;0;1;0
"770092";"2018-520";"Roland Garros";"Clay";"128";"Grand Slams";133;22;"Fabio Fognini";"R";178;"ITA";31;2;"Pablo Andujar";"R";180;"ESP";32,3;"6-4 6-2 6-1";5;"R128";118;3;3;81;51;34;17;13;3;5;1;2;92;59;28;14;12;4;12;18;1940;128;431;6;6;6;NA;NA;4;2;1;NA;NA;2018-05-28;2018;"2018-520:133";204;0;3,83007499855769;1;2;"Pablo Andujar";22;"Fabio Fognini";1;3,83007499855769;-2,83007499855769;32,3;31;1,3;180;178;2;0,6;0,333333333333333;0,333333333333333;0,6;-0,266666666666667;12;5;4;3;8;2;2;8;-6;0;1;0
"770126";"2018-520";"Roland Garros";"Clay";"128";"Grand Slams";167;48;"Gilles Simon";"R";183;"FRA";33,4;3;"Nikoloz Basilashvili";"R";185;"GEO";26,2;"6-4 6-0 6-7(4) 6-4";5;"R128";177;15;2;118;66;52;28;19;4;5;4;9;149;80;47;37;19;12;18;65;870;77;747;6;6;6;6;NA;4;0;7;4;NA;2018-05-28;2018;"2018-520:167";205;0;1,97763218697155;1,7332134593051;3;"Nikoloz Basilashvili";48;"Gilles Simon";1,7332134593051;1,97763218697155;-0,244418727666447;26,2;33,4;-7,2;185;183;2;0,8;0,666666666666667;0,666666666666667;0,8;-0,133333333333333;18;5;12;4;6;1;1;6;-5;0;1;0
"770135";"2018-520";"Roland Garros";"Clay";"128";"Grand Slams";176;57;"Alexander Zverev";"R";198;"GER";21,1;6;"Ricardas Berankis";"R";175;"LTU";27,9;"6-1 6-1 6-2";5;"R128";69;11;0;52;31;27;17;11;0;0;2;2;67;44;24;6;11;5;12;3;5615;102;594;6;6;6;NA;NA;1;1;2;NA;NA;2018-05-28;2018;"2018-520:176";206;0;6,41503749927884;1,3275746580285;6;"Ricardas Berankis";57;"Alexander Zverev";1,3275746580285;6,41503749927884;-5,08746284125034;27,9;21,1;6,8;175;198;-23;1,5;0,416666666666667;0,416666666666667;1,5;-1,08333333333333;12;0;5;0;7;0;0;7;-7;0;1;0
"770136";"2018-520";"Roland Garros";"Clay";"128";"Grand Slams";177;38;"Rafael Nadal";"L";185;"ESP";31,9;41;"Guido Pella";"L";185;"ARG";28;"6-2 6-1 6-1";5;"R64";123;4;3;60;34;29;17;11;4;4;8;4;92;50;33;11;11;13;20;1;8770;78;728;6;6;6;NA;NA;2;1;1;NA;NA;2018-05-28;2018;"2018-520:177";207;1;8;1,71459778113775;38;"Rafael Nadal";41;"Guido Pella";8;1,71459778113775;6,28540221886225;31,9;28;3,9;185;185;0;1;0,65;1;0,65;0,35;20;4;13;4;7;0;7;0;7;0;1;0
"770145";"2018-520";"Roland Garros";"Clay";"128";"Grand Slams";186;30;"Steve Johnson";"R";188;"USA";28,4;51;"Jan Lennard Struff";"R";193;"GER";28;"4-6 7-6(5) 6-2 6-2";5;"R64";148;8;5;118;77;59;18;19;4;7;16;6;114;61;41;26;19;6;12;46;1110;71;830;4;7;6;6;NA;6;6;2;2;NA;2018-05-28;2018;"2018-520:186";208;1;2,47643804394299;1,85025288049532;30;"Steve Johnson";51;"Jan Lennard Struff";2,47643804394299;1,85025288049532;0,626185163447669;28,4;28;0,399999999999999;188;193;-5;0,571428571428571;0,5;0,571428571428571;0,5;0,0714285714285714;12;7;6;4;6;3;6;3;3;0;1;0
"770150";"2018-520";"Roland Garros";"Clay";"128";"Grand Slams";191;42;"Albert Ramos";"L";188;"ESP";30,3;45;"Casper Ruud";"R";183;"NOR";19,4;"6-4 6-2 6-4";5;"R64";127;1;3;79;58;45;10;14;3;5;1;2;100;64;37;17;14;5;11;36;1260;157;350;6;6;6;NA;NA;4;2;4;NA;NA;2018-05-28;2018;"2018-520:191";209;1;2,83007499855769;0,705379251108373;42;"Albert Ramos";45;"Casper Ruud";2,83007499855769;0,705379251108373;2,12469574744931;30,3;19,4;10,9;188;183;5;0,6;0,454545454545455;0,6;0,454545454545455;0,145454545454545;11;5;5;3;6;2;6;2;4;0;1;0
"770155";"2018-520";"Roland Garros";"Clay";"128";"Grand Slams";196;9;"Pablo Carreno Busta";"R";188;"ESP";26,8;16;"Federico Delbonis";"L";190;"ARG";27,6;"7-6(0) 7-6(2) 3-6 6-4";5;"R64";197;6;2;151;107;81;23;22;19;21;9;8;155;92;67;32;21;14;16;11;2415;69;835;7;7;3;6;NA;6;6;6;4;NA;2018-05-28;2018;"2018-520:196";210;1;4,5405683813627;1,89147554322183;9;"Pablo Carreno Busta";16;"Federico Delbonis";4,5405683813627;1,89147554322183;2,64909283814087;26,8;27,6;-0,800000000000001;188;190;-2;0,904761904761905;0,875;0,904761904761905;0,875;0,0297619047619048;16;21;14;19;2;2;2;2;0;0;1;0
"770160";"2018-520";"Roland Garros";"Clay";"128";"Grand Slams";201;52;"Dominic Thiem";"R";185;"AUT";24,7;53;"Stefanos Tsitsipas";"R";193;"GRE";19,7;"6-2 2-6 6-4 6-4";5;"R64";160;5;7;103;63;48;23;18;5;8;6;3;128;75;48;25;18;8;13;8;3355;39;1212;6;2;6;6;NA;2;6;4;4;NA;2018-05-28;2018;"2018-520:201";211;1;5;2,71459778113775;52;"Dominic Thiem";53;"Stefanos Tsitsipas";5;2,71459778113775;2,28540221886225;24,7;19,7;5;185;193;-8;0,625;0,615384615384615;0,625;0,615384615384615;0,00961538461538458;13;8;8;5;5;3;5;3;2;0;1;0
"770161";"2018-520";"Roland Garros";"Clay";"128";"Grand Slams";202;8;"Matteo Berrettini";"R";196;"ITA";22,1;28;"Ernests Gulbis";"R";190;"LAT";29,7;"6-2 3-6 6-4 6-3";5;"R64";165;7;2;112;69;45;31;18;2;4;8;15;118;58;41;28;18;7;12;96;639;160;342;6;3;6;6;NA;2;6;4;3;NA;2018-05-28;2018;"2018-520:202";212;1;1,41503749927884;0,678071905112637;8;"Matteo Berrettini";28;"Ernests Gulbis";1,41503749927884;0,678071905112637;0,736965594166207;22,1;29,7;-7,6;196;190;6;0,5;0,583333333333333;0,5;0,583333333333333;-0,0833333333333334;12;4;7;2;5;2;5;2;3;0;1;0
"770162";"2018-520";"Roland Garros";"Clay";"128";"Grand Slams";203;39;"Kei Nishikori";"R";178;"JPN";28,4;40;"Benoit Paire";"R";196;"FRA";29;"6-3 2-6 4-6 6-2 6-3";5;"R64";179;1;7;143;89;67;23;22;7;12;14;13;130;58;45;32;22;6;13;21;1710;51;1020;6;2;4;6;6;3;6;6;2;3;2018-05-28;2018;"2018-520:203";213;1;3,60768257722124;2,3275746580285;39;"Kei Nishikori";40;"Benoit Paire";3,60768257722124;2,3275746580285;1,28010791919273;28,4;29;-0,600000000000001;178;196;-18;0,583333333333333;0,461538461538462;0,583333333333333;0,461538461538462;0,121794871794872;13;12;6;7;7;5;7;5;2;0;1;0
"770168";"2018-520";"Roland Garros";"Clay";"128";"Grand Slams";209;38;"Rafael Nadal";"L";185;"ESP";31,9;26;"Richard Gasquet";"R";185;"FRA";31,9;"6-3 6-2 6-2";5;"R32";118;3;2;63;39;33;17;13;1;2;8;1;87;48;28;16;12;3;9;1;8770;32;1395;6;6;6;NA;NA;3;2;2;NA;NA;2018-05-28;2018;"2018-520:209";214;0;8;3;26;"Richard Gasquet";38;"Rafael Nadal";3;8;-5;31,9;31,9;0;185;185;0;0,5;0,333333333333333;0,333333333333333;0,5;-0,166666666666667;9;2;3;1;6;1;1;6;-5;0;1;0
"770170";"2018-520";"Roland Garros";"Clay";"128";"Grand Slams";211;46;"Diego Schwartzman";"R";170;"ARG";25,7;13;"Borna Coric";"R";188;"CRO";21,5;"7-5 6-3 6-3";5;"R32";151;8;1;97;60;42;21;15;3;5;4;5;111;69;46;14;15;10;16;12;2165;40;1200;7;6;6;NA;NA;5;3;3;NA;NA;2018-05-28;2018;"2018-520:211";215;0;4,41503749927884;2,67807190511264;13;"Borna Coric";46;"Diego Schwartzman";2,67807190511264;4,41503749927884;-1,73696559416621;21,5;25,7;-4,2;188;170;18;0,6;0,625;0,625;0,6;0,025;16;5;10;3;6;2;2;6;-4;0;1;0
"770172";"2018-520";"Roland Garros";"Clay";"128";"Grand Slams";213;12;"Marin Cilic";"R";198;"CRO";29,6;30;"Steve Johnson";"R";188;"USA";28,4;"6-3 6-2 6-4";5;"R32";94;9;1;67;41;36;20;14;0;0;2;3;80;46;28;19;13;7;11;4;4950;46;1110;6;6;6;NA;NA;3;2;4;NA;NA;2018-05-28;2018;"2018-520:213";216;1;6;2,47643804394299;12;"Marin Cilic";30;"Steve Johnson";6;2,47643804394299;3,52356195605701;29,6;28,4;1,2;198;188;10;1,5;0,636363636363636;1,5;0,636363636363636;0,863636363636364;11;0;7;0;4;0;4;0;4;0;1;0
"770175";"2018-520";"Roland Garros";"Clay";"128";"Grand Slams";216;15;"Juan Martin del Potro";"R";198;"ARG";29,6;42;"Albert Ramos";"L";188;"ESP";30,3;"7-5 6-4 6-1";5;"R32";138;8;1;89;60;46;14;15;3;5;8;4;85;51;36;11;14;5;11;6;4450;36;1260;7;6;6;NA;NA;5;4;1;NA;NA;2018-05-28;2018;"2018-520:216";217;1;5,41503749927884;2,83007499855769;15;"Juan Martin del Potro";42;"Albert Ramos";5,41503749927884;2,83007499855769;2,58496250072116;29,6;30,3;-0,699999999999999;198;188;10;0,6;0,454545454545455;0,6;0,454545454545455;0,145454545454545;11;5;5;3;6;2;6;2;4;0;1;0
"770176";"2018-520";"Roland Garros";"Clay";"128";"Grand Slams";217;27;"David Goffin";"R";180;"BEL";27,4;36;"Gael Monfils";"R";193;"FRA";31,7;"6-7(6) 6-3 4-6 7-5 6-3";5;"R32";238;4;9;177;101;63;40;26;12;20;6;2;172;114;67;26;26;8;19;9;3020;37;1220;6;6;4;7;6;7;3;6;5;3;2018-05-28;2018;"2018-520:217";218;1;4,83007499855769;2,79054663437105;27;"David Goffin";36;"Gael Monfils";4,83007499855769;2,79054663437105;2,03952836418664;27,4;31,7;-4,3;180;193;-13;0,6;0,421052631578947;0,6;0,421052631578947;0,178947368421053;19;20;8;12;11;8;11;8;3;0;1;0
"770177";"2018-520";"Roland Garros";"Clay";"128";"Grand Slams";218;10;"Marco Cecchinato";"R";185;"ITA";25,6;9;"Pablo Carreno Busta";"R";188;"ESP";26,8;"2-6 7-6(5) 6-3 6-1";5;"R32";139;4;3;113;79;57;18;18;4;8;3;0;104;69;50;13;18;2;8;72;806;11;2415;2;7;6;6;NA;6;6;3;1;NA;2018-05-28;2018;"2018-520:218";219;0;1,83007499855769;4,5405683813627;9;"Pablo Carreno Busta";10;"Marco Cecchinato";4,5405683813627;1,83007499855769;2,71049338280501;26,8;25,6;1,2;188;185;3;0,5;0,25;0,25;0,5;-0,25;8;8;2;4;6;4;4;6;-2;0;1;0
"770178";"2018-520";"Roland Garros";"Clay";"128";"Grand Slams";219;19;"Novak Djokovic";"R";188;"SRB";31;4;"Roberto Bautista Agut";"R";183;"ESP";30,1;"6-4 6-7(6) 7-6(4) 6-2";5;"R32";228;10;3;128;81;56;26;21;3;8;3;2;152;90;60;25;21;10;18;22;1665;13;2120;6;6;7;6;NA;4;7;6;2;NA;2018-05-28;2018;"2018-520:219";220;0;3,5405683813627;4,29956028185891;4;"Roberto Bautista Agut";19;"Novak Djokovic";4,29956028185891;3,5405683813627;0,758991900496205;30,1;31;-0,899999999999999;183;188;-5;0,375;0,555555555555556;0,555555555555556;0,375;0,180555555555556;18;8;10;3;8;5;5;8;-3;0;1;0
"770179";"2018-520";"Roland Garros";"Clay";"128";"Grand Slams";220;55;"Fernando Verdasco";"L";188;"ESP";34,5;17;"Grigor Dimitrov";"R";188;"BUL";27;"7-6(4) 6-2 6-4";5;"R32";141;2;3;107;75;52;14;15;7;10;7;5;99;69;44;12;15;4;10;35;1280;5;4870;7;6;6;NA;NA;6;2;4;NA;NA;2018-05-28;2018;"2018-520:220";221;0;2,87071698305503;5,67807190511264;17;"Grigor Dimitrov";55;"Fernando Verdasco";5,67807190511264;2,87071698305503;2,8073549220576;27;34,5;-7,5;188;188;0;0,7;0,4;0,4;0,7;-0,3;10;10;4;7;6;3;3;6;-3;0;1;0
"770180";"2018-520";"Roland Garros";"Clay";"128";"Grand Slams";221;52;"Dominic Thiem";"R";185;"AUT";24,7;8;"Matteo Berrettini";"R";196;"ITA";22,1;"6-3 6-7(5) 6-3 6-2";5;"R32";157;7;7;128;84;61;25;19;5;7;9;6;107;69;47;18;19;7;13;8;3355;96;639;6;6;6;6;NA;3;7;3;2;NA;2018-05-28;2018;"2018-520:221";222;0;5;1,41503749927884;8;"Matteo Berrettini";52;"Dominic Thiem";1,41503749927884;5;-3,58496250072116;22,1;24,7;-2,6;196;185;11;0,714285714285714;0,538461538461538;0,538461538461538;0,714285714285714;-0,175824175824176;13;7;7;5;6;2;2;6;-4;0;1;0
"770181";"2018-520";"Roland Garros";"Clay";"128";"Grand Slams";222;39;"Kei Nishikori";"R";178;"JPN";28,4;48;"Gilles Simon";"R";183;"FRA";33,4;"6-3 6-1 6-3";5;"R32";121;3;1;86;60;46;17;13;6;6;1;1;76;42;25;15;12;7;12;21;1710;65;870;6;6;6;NA;NA;3;1;3;NA;NA;2018-05-28;2018;"2018-520:222";223;1;3,60768257722124;1,97763218697155;39;"Kei Nishikori";48;"Gilles Simon";3,60768257722124;1,97763218697155;1,63005039024969;28,4;33,4;-5;178;183;-5;1;0,583333333333333;1;0,583333333333333;0,416666666666667;12;6;7;6;5;0;5;0;5;0;1;0
"770186";"2018-520";"Roland Garros";"Clay";"128";"Grand Slams";227;12;"Marin Cilic";"R";198;"CRO";29,6;22;"Fabio Fognini";"R";178;"ITA";31;"6-4 6-1 3-6 6-7(4) 6-3";5;"R16";217;8;4;153;91;68;33;24;9;12;10;8;162;108;71;27;23;4;11;4;4950;18;1940;6;6;3;6;6;4;1;6;7;3;2018-05-28;2018;"2018-520:227";224;1;6;3,83007499855769;12;"Marin Cilic";22;"Fabio Fognini";6;3,83007499855769;2,16992500144231;29,6;31;-1,4;198;178;20;0,75;0,363636363636364;0,75;0,363636363636364;0,386363636363636;11;12;4;9;7;3;7;3;4;0;1;0
"770187";"2018-520";"Roland Garros";"Clay";"128";"Grand Slams";228;15;"Juan Martin del Potro";"R";198;"ARG";29,6;29;"John Isner";"R";206;"USA";33;"6-4 6-4 6-4";5;"R16";119;6;1;91;59;45;20;15;2;2;12;4;87;56;41;14;15;4;7;6;4450;10;2980;6;6;6;NA;NA;4;4;4;NA;NA;2018-05-28;2018;"2018-520:228";225;1;5,41503749927884;4,67807190511264;15;"Juan Martin del Potro";29;"John Isner";5,41503749927884;4,67807190511264;0,736965594166206;29,6;33;-3,4;198;206;-8;1;0,571428571428571;1;0,571428571428571;0,428571428571429;7;2;4;2;3;0;3;0;3;0;1;0
"770188";"2018-520";"Roland Garros";"Clay";"128";"Grand Slams";229;10;"Marco Cecchinato";"R";185;"ITA";25,6;27;"David Goffin";"R";180;"BEL";27,4;"7-5 4-6 6-0 6-3";5;"R16";151;8;1;113;77;56;21;19;2;4;3;3;123;67;47;24;18;12;18;72;806;9;3020;7;4;6;6;NA;5;6;0;3;NA;2018-05-28;2018;"2018-520:229";226;1;1,83007499855769;4,83007499855769;10;"Marco Cecchinato";27;"David Goffin";1,83007499855769;4,83007499855769;-3;25,6;27,4;-1,8;185;180;5;0,5;0,666666666666667;0,5;0,666666666666667;-0,166666666666667;18;4;12;2;6;2;6;2;4;0;1;0
"770189";"2018-520";"Roland Garros";"Clay";"128";"Grand Slams";230;19;"Novak Djokovic";"R";188;"SRB";31;55;"Fernando Verdasco";"L";188;"ESP";34,5;"6-3 6-4 6-2";5;"R16";145;3;0;96;70;44;18;14;4;5;3;2;99;66;37;18;13;5;10;22;1665;35;1280;6;6;6;NA;NA;3;4;2;NA;NA;2018-05-28;2018;"2018-520:230";227;1;3,5405683813627;2,87071698305503;19;"Novak Djokovic";55;"Fernando Verdasco";3,5405683813627;2,87071698305503;0,669851398307669;31;34,5;-3,5;188;188;0;0,8;0,5;0,8;0,5;0,3;10;5;5;4;5;1;5;1;4;0;1;0
"770190";"2018-520";"Roland Garros";"Clay";"128";"Grand Slams";231;52;"Dominic Thiem";"R";185;"AUT";24,7;39;"Kei Nishikori";"R";178;"JPN";28,4;"6-2 6-0 5-7 6-4";5;"R16";148;9;7;95;65;55;17;18;0;1;1;1;102;63;46;16;18;5;11;8;3355;21;1710;6;6;5;6;NA;2;0;7;4;NA;2018-05-28;2018;"2018-520:231";228;0;5;3,60768257722124;39;"Kei Nishikori";52;"Dominic Thiem";3,60768257722124;5;-1,39231742277876;28,4;24,7;3,7;178;185;-7;0;0,454545454545455;0,454545454545455;0;0,454545454545455;11;1;5;0;6;1;1;6;-5;0;1;0
"770191";"2018-520";"Roland Garros";"Clay";"128";"Grand Slams";232;57;"Alexander Zverev";"R";198;"GER";21,1;31;"Karen Khachanov";"R";198;"RUS";22;"4-6 7-6(4) 2-6 6-3 6-3";5;"R16";209;17;4;152;103;76;24;24;12;17;9;4;150;96;63;31;24;8;13;3;5615;38;1220;4;7;2;6;6;6;6;6;3;3;2018-05-28;2018;"2018-520:232";229;0;6,41503749927884;2,75207248655641;31;"Karen Khachanov";57;"Alexander Zverev";2,75207248655641;6,41503749927884;-3,66296501272243;22;21,1;0,899999999999999;198;198;0;0,705882352941177;0,615384615384615;0,615384615384615;0,705882352941177;-0,0904977375565611;13;17;8;12;5;5;5;5;0;0;1;0
"770192";"2018-520";"Roland Garros";"Clay";"128";"Grand Slams";233;38;"Rafael Nadal";"L";185;"ESP";31,9;46;"Diego Schwartzman";"R";170;"ARG";25,7;"4-6 6-3 6-2 6-2";5;"QF";222;1;3;129;74;45;30;18;15;20;1;3;118;69;38;18;17;9;18;1;8770;12;2165;4;6;6;6;NA;6;3;2;2;NA;2018-05-28;2018;"2018-520:233";230;1;8;4,41503749927884;38;"Rafael Nadal";46;"Diego Schwartzman";8;4,41503749927884;3,58496250072116;31,9;25,7;6,2;185;170;15;0,75;0,5;0,75;0,5;0,25;18;20;9;15;9;5;9;5;4;0;1;0
"770193";"2018-520";"Roland Garros";"Clay";"128";"Grand Slams";234;15;"Juan Martin del Potro";"R";198;"ARG";29,6;12;"Marin Cilic";"R";198;"CRO";29,6;"7-6(5) 5-7 6-3 7-5";5;"QF";230;19;2;141;87;69;29;23;8;11;18;5;153;87;62;30;22;9;13;6;4450;4;4950;7;5;6;7;NA;6;7;3;5;NA;2018-05-28;2018;"2018-520:234";231;0;5,41503749927884;6;12;"Marin Cilic";15;"Juan Martin del Potro";6;5,41503749927884;0,584962500721156;29,6;29,6;0;198;198;0;0,727272727272727;0,692307692307692;0,692307692307692;0,727272727272727;-0,034965034965035;13;11;9;8;4;3;3;4;-1;0;1;0
"770194";"2018-520";"Roland Garros";"Clay";"128";"Grand Slams";235;10;"Marco Cecchinato";"R";185;"ITA";25,6;19;"Novak Djokovic";"R";188;"SRB";31;"6-3 7-6(4) 1-6 7-6(11)";5;"QF";206;6;5;157;117;73;19;20;11;17;5;2;127;87;57;22;20;6;10;72;806;22;1665;6;7;1;7;NA;3;6;6;6;NA;2018-05-28;2018;"2018-520:235";232;1;1,83007499855769;3,5405683813627;10;"Marco Cecchinato";19;"Novak Djokovic";1,83007499855769;3,5405683813627;-1,71049338280501;25,6;31;-5,4;185;188;-3;0,647058823529412;0,6;0,647058823529412;0,6;0,0470588235294118;10;17;6;11;4;6;4;6;-2;0;1;0
"770195";"2018-520";"Roland Garros";"Clay";"128";"Grand Slams";236;52;"Dominic Thiem";"R";185;"AUT";24,7;57;"Alexander Zverev";"R";198;"GER";21,1;"6-4 6-2 6-1";5;"QF";110;5;3;67;42;33;17;13;2;2;2;4;89;64;34;11;12;6;12;8;3355;3;5615;6;6;6;NA;NA;4;2;1;NA;NA;2018-05-28;2018;"2018-520:236";233;1;5;6,41503749927884;52;"Dominic Thiem";57;"Alexander Zverev";5;6,41503749927884;-1,41503749927884;24,7;21,1;3,6;185;198;-13;1;0,5;1;0,5;0,5;12;2;6;2;6;0;6;0;6;0;1;0
"770196";"2018-520";"Roland Garros";"Clay";"128";"Grand Slams";237;38;"Rafael Nadal";"L";185;"ESP";31,9;15;"Juan Martin del Potro";"R";198;"ARG";29,6;"6-4 6-1 6-2";5;"SF";134;0;3;83;51;37;21;13;7;7;2;1;65;49;28;8;12;4;9;1;8770;6;4450;6;6;6;NA;NA;4;1;2;NA;NA;2018-05-28;2018;"2018-520:237";234;0;8;5,41503749927884;15;"Juan Martin del Potro";38;"Rafael Nadal";5,41503749927884;8;-2,58496250072116;29,6;31,9;-2,3;198;185;13;1;0,444444444444444;0,444444444444444;1;-0,555555555555556;9;7;4;7;5;0;0;5;-5;0;1;0
"770197";"2018-520";"Roland Garros";"Clay";"128";"Grand Slams";238;52;"Dominic Thiem";"R";185;"AUT";24,7;10;"Marco Cecchinato";"R";185;"ITA";25,6;"7-5 7-6(10) 6-1";5;"SF";137;6;2;94;63;52;19;16;5;6;3;3;114;92;57;11;15;5;9;8;3355;72;806;7;7;6;NA;NA;5;6;1;NA;NA;2018-05-28;2018;"2018-520:238";235;0;5;1,83007499855769;10;"Marco Cecchinato";52;"Dominic Thiem";1,83007499855769;5;-3,16992500144231;25,6;24,7;0,900000000000002;185;185;0;0,833333333333333;0,555555555555556;0,555555555555556;0,833333333333333;-0,277777777777778;9;6;5;5;4;1;1;4;-3;0;1;0
"770198";"2018-520";"Roland Garros";"Clay";"128";"Grand Slams";239;38;"Rafael Nadal";"L";185;"ESP";31,9;52;"Dominic Thiem";"R";185;"AUT";24,7;"6-4 6-3 6-2";5;"F";162;0;3;82;56;46;12;14;2;3;7;5;102;59;40;15;13;12;17;1;8770;8;3355;6;6;6;NA;NA;4;3;2;NA;NA;2018-05-28;2018;"2018-520:239";236;1;8;5;38;"Rafael Nadal";52;"Dominic Thiem";8;5;3;31,9;24,7;7,2;185;185;0;0,666666666666667;0,705882352941177;0,666666666666667;0,705882352941177;-0,0392156862745099;17;3;12;2;5;1;5;1;4;0;1;0
"798755";"2019-520";"Roland Garros";"Clay";"128";"Grand Slams";120;13;"Borna Coric";"R";188;"CRO";22,5;5;"Aljaz Bedene";"R";181;"SLO";29,8;"6-1 6-7(7) 6-4 6-4";5;"R128";171;3;5;117;72;58;27;20;3;3;8;5;115;58;43;33;19;2;7;15;2525;95;595;6;6;6;6;NA;1;7;4;4;NA;2019-05-27;2019;"2019-520:120";237;0;4,09310940439148;1,43014439166905;5;"Aljaz Bedene";13;"Borna Coric";1,43014439166905;4,09310940439148;-2,66296501272243;29,8;22,5;7,3;181;188;-7;1;0,285714285714286;0,285714285714286;1;-0,714285714285714;7;3;2;3;5;0;0;5;-5;0;1;0
"798756";"2019-520";"Roland Garros";"Clay";"128";"Grand Slams";121;22;"Fabio Fognini";"R";178;"ITA";32;47;"Andreas Seppi";"R";190;"ITA";35,2;"6-3 6-0 3-6 6-3";5;"R128";141;10;2;120;68;53;22;17;7;9;4;2;95;55;35;19;16;5;11;12;2785;71;750;6;6;3;6;NA;3;0;6;3;NA;2019-05-27;2019;"2019-520:121";238;1;4,41503749927884;1,85025288049532;22;"Fabio Fognini";47;"Andreas Seppi";4,41503749927884;1,85025288049532;2,56478461878353;32;35,2;-3,2;178;190;-12;0,777777777777778;0,454545454545455;0,777777777777778;0,454545454545455;0,323232323232323;11;9;5;7;6;2;6;2;4;0;1;0
"798759";"2019-520";"Roland Garros";"Clay";"128";"Grand Slams";124;4;"Roberto Bautista Agut";"R";183;"ESP";31,1;30;"Steve Johnson";"R";188;"USA";29,4;"6-3 6-4 6-2";5;"R128";102;1;1;72;46;37;20;14;0;0;3;2;81;46;30;18;13;1;5;21;1690;65;805;6;6;6;NA;NA;3;4;2;NA;NA;2019-05-27;2019;"2019-520:124";239;1;3,60768257722124;1,97763218697155;4;"Roberto Bautista Agut";30;"Steve Johnson";3,60768257722124;1,97763218697155;1,63005039024969;31,1;29,4;1,7;183;188;-5;1,5;0,2;1,5;0,2;1,3;5;0;1;0;4;0;4;0;4;0;1;0
"798791";"2019-520";"Roland Garros";"Clay";"128";"Grand Slams";156;46;"Diego Schwartzman";"R";170;"ARG";26,7;24;"Marton Fucsovics";"R";188;"HUN";27,2;"6-3 3-6 7-6(7) 2-6 6-2";5;"R128";221;3;4;159;115;72;14;23;7;17;2;5;155;101;63;16;23;13;23;20;1755;50;965;6;3;7;2;6;3;6;6;6;2;2019-05-27;2019;"2019-520:156";240;0;3,67807190511264;2,35614381022528;24;"Marton Fucsovics";46;"Diego Schwartzman";2,35614381022528;3,67807190511264;-1,32192809488736;27,2;26,7;0,5;188;170;18;0,411764705882353;0,565217391304348;0,565217391304348;0,411764705882353;0,153452685421995;23;17;13;7;10;10;10;10;0;0;1;0
"798792";"2019-520";"Roland Garros";"Clay";"128";"Grand Slams";157;8;"Matteo Berrettini";"R";196;"ITA";23,1;2;"Pablo Andujar";"R";180;"ESP";33,3;"6-7(7) 6-4 6-4 6-2";5;"R128";208;5;1;137;82;59;29;20;9;11;2;6;131;81;51;24;20;6;12;31;1320;93;602;6;6;6;6;NA;7;4;4;2;NA;2019-05-27;2019;"2019-520:157";241;0;3,04580368961313;1,46084118889197;2;"Pablo Andujar";8;"Matteo Berrettini";1,46084118889197;3,04580368961313;-1,58496250072116;33,3;23,1;10,2;180;196;-16;0,818181818181818;0,5;0,5;0,818181818181818;-0,318181818181818;12;11;6;9;6;2;2;6;-4;0;1;0
"798793";"2019-520";"Roland Garros";"Clay";"128";"Grand Slams";158;45;"Casper Ruud";"R";183;"NOR";20,4;28;"Ernests Gulbis";"R";190;"LAT";30,7;"6-2 7-6(2) 6-0";5;"R128";133;6;5;77;56;45;12;13;5;6;6;11;87;41;32;13;13;1;7;63;810;79;687;6;7;6;NA;NA;2;6;0;NA;NA;2019-05-27;2019;"2019-520:158";242;0;2,02272007650008;1,6962192518229;28;"Ernests Gulbis";45;"Casper Ruud";1,6962192518229;2,02272007650008;-0,326500824677186;30,7;20,4;10,3;190;183;7;0,833333333333333;0,142857142857143;0,142857142857143;0,833333333333333;-0,69047619047619;7;6;1;5;6;1;1;6;-5;0;1;0
"798799";"2019-520";"Roland Garros";"Clay";"128";"Grand Slams";164;18;"Laslo Djere";"R";188;"SRB";23,9;42;"Albert Ramos";"L";188;"ESP";31,3;"6-3 6-2 7-6(2)";5;"R128";133;3;4;97;62;46;19;15;9;10;2;2;88;60;38;13;14;3;8;32;1314;87;640;6;6;7;NA;NA;3;2;6;NA;NA;2019-05-27;2019;"2019-520:164";243;1;3;1,55705650415127;18;"Laslo Djere";42;"Albert Ramos";3;1,55705650415127;1,44294349584873;23,9;31,3;-7,4;188;188;0;0,9;0,375;0,9;0,375;0,525;8;10;3;9;5;1;5;1;4;0;1;0
"798801";"2019-520";"Roland Garros";"Clay";"128";"Grand Slams";166;9;"Pablo Carreno Busta";"R";188;"ESP";27,8;50;"Joao Sousa";"R";185;"POR";30,1;"6-3 6-1 6-2";5;"R128";102;9;1;74;45;36;18;12;2;2;4;1;74;46;28;9;12;5;11;57;860;70;750;6;6;6;NA;NA;3;1;2;NA;NA;2019-05-27;2019;"2019-520:166";244;1;2,16710998583526;1,87071698305503;9;"Pablo Carreno Busta";50;"Joao Sousa";2,16710998583526;1,87071698305503;0,296393002780225;27,8;30,1;-2,3;188;185;3;1;0,454545454545455;1;0,454545454545455;0,545454545454545;11;2;5;2;6;0;6;0;6;0;1;0
"798808";"2019-520";"Roland Garros";"Clay";"128";"Grand Slams";173;27;"David Goffin";"R";180;"BEL";28,4;6;"Ricardas Berankis";"R";175;"LTU";28,9;"6-0 6-2 6-2";5;"R128";84;10;2;67;38;31;14;11;2;3;1;3;63;40;15;9;11;1;9;29;1325;73;734;6;6;6;NA;NA;0;2;2;NA;NA;2019-05-27;2019;"2019-520:173";245;0;3,14201900487243;1,81017544111998;6;"Ricardas Berankis";27;"David Goffin";1,81017544111998;3,14201900487243;-1,33184356375245;28,9;28,4;0,5;175;180;-5;0,666666666666667;0,111111111111111;0,111111111111111;0,666666666666667;-0,555555555555556;9;3;1;2;8;1;1;8;-7;0;1;0
"798816";"2019-520";"Roland Garros";"Clay";"128";"Grand Slams";181;22;"Fabio Fognini";"R";178;"ITA";32;16;"Federico Delbonis";"L";190;"ARG";28,6;"6-4 3-6 6-3 6-3";5;"R64";144;1;2;123;89;55;22;19;8;12;4;3;104;68;46;15;18;4;11;12;2785;75;731;6;3;6;6;NA;4;6;3;3;NA;2019-05-27;2019;"2019-520:181";246;0;4,41503749927884;1,77118130950412;16;"Federico Delbonis";22;"Fabio Fognini";1,77118130950412;4,41503749927884;-2,64385618977472;28,6;32;-3,4;190;178;12;0,666666666666667;0,363636363636364;0,363636363636364;0,666666666666667;-0,303030303030303;11;12;4;8;7;4;4;7;-3;0;1;0
"798817";"2019-520";"Roland Garros";"Clay";"128";"Grand Slams";182;4;"Roberto Bautista Agut";"R";183;"ESP";31,1;23;"Taylor Fritz";"R";193;"USA";21,5;"6-2 6-3 6-2";5;"R64";88;4;2;67;42;37;13;13;1;2;11;4;71;36;26;11;12;4;10;21;1690;42;1055;6;6;6;NA;NA;2;3;2;NA;NA;2019-05-27;2019;"2019-520:182";247;1;3,60768257722124;2,60768257722124;4;"Roberto Bautista Agut";23;"Taylor Fritz";3,60768257722124;2,60768257722124;1;31,1;21,5;9,6;183;193;-10;0,5;0,4;0,5;0,4;0,1;10;2;4;1;6;1;6;1;5;0;1;0
"798830";"2019-520";"Roland Garros";"Clay";"128";"Grand Slams";195;56;"Stan Wawrinka";"R";183;"SUI";34,1;25;"Cristian Garin";"R";185;"CHI";22,9;"6-1 6-4 6-0";5;"R64";100;7;1;77;44;32;21;12;5;5;2;2;80;45;30;10;11;9;15;28;1365;37;1201;6;6;6;NA;NA;1;4;0;NA;NA;2019-05-27;2019;"2019-520:195";248;0;3,1926450779424;2,79054663437105;25;"Cristian Garin";56;"Stan Wawrinka";2,79054663437105;3,1926450779424;-0,402098443571346;22,9;34,1;-11,2;185;183;2;1;0,6;0,6;1;-0,4;15;5;9;5;6;0;0;6;-6;0;1;0
"798831";"2019-520";"Roland Garros";"Clay";"128";"Grand Slams";196;17;"Grigor Dimitrov";"R";188;"BUL";28;12;"Marin Cilic";"R";198;"CRO";30,6;"6-7(7) 6-4 4-6 7-6(2) 6-3";5;"R64";263;15;10;172;110;85;29;27;6;9;13;10;184;97;70;49;26;13;18;46;997;13;2710;6;6;4;7;6;7;4;6;6;3;2019-05-27;2019;"2019-520:196";249;0;2,47643804394299;4,29956028185891;12;"Marin Cilic";17;"Grigor Dimitrov";4,29956028185891;2,47643804394299;1,82312223791592;30,6;28;2,6;198;188;10;0,666666666666667;0,722222222222222;0,722222222222222;0,666666666666667;0,0555555555555556;18;9;13;6;5;3;3;5;-2;0;1;0
"798834";"2019-520";"Roland Garros";"Clay";"128";"Grand Slams";199;45;"Casper Ruud";"R";183;"NOR";20,4;8;"Matteo Berrettini";"R";196;"ITA";23,1;"6-4 7-5 6-3";5;"R64";141;4;2;103;65;50;23;16;4;5;4;1;107;68;44;18;15;11;15;63;810;31;1320;6;7;6;NA;NA;4;5;3;NA;NA;2019-05-27;2019;"2019-520:199";250;0;2,02272007650008;3,04580368961313;8;"Matteo Berrettini";45;"Casper Ruud";3,04580368961313;2,02272007650008;1,02308361311304;23,1;20,4;2,7;196;183;13;0,8;0,733333333333333;0,733333333333333;0,8;-0,0666666666666668;15;5;11;4;4;1;1;4;-3;0;1;0
"798836";"2019-520";"Roland Garros";"Clay";"128";"Grand Slams";201;39;"Kei Nishikori";"R";178;"JPN";29,4;54;"Jo-Wilfried Tsonga";"R";188;"FRA";34,1;"4-6 6-4 6-4 6-4";5;"R64";182;0;3;123;85;60;20;20;9;13;7;3;132;81;55;23;20;9;15;7;3860;82;670;4;6;6;6;NA;6;4;4;4;NA;2019-05-27;2019;"2019-520:201";251;1;5,1926450779424;1,64244799538192;39;"Kei Nishikori";54;"Jo-Wilfried Tsonga";5,1926450779424;1,64244799538192;3,55019708256048;29,4;34,1;-4,7;178;188;-10;0,692307692307692;0,6;0,692307692307692;0,6;0,0923076923076923;15;13;9;9;6;4;6;4;2;0;1;0
"798845";"2019-520";"Roland Garros";"Clay";"128";"Grand Slams";210;51;"Jan Lennard Struff";"R";193;"GER";29;13;"Borna Coric";"R";188;"CRO";22,5;"4-6 6-1 4-6 7-6(1) 11-9";5;"R32";262;21;6;201;103;78;56;30;16;20;18;8;167;93;75;36;29;3;8;45;1035;15;2525;4;6;4;7;11;6;1;6;6;9;2019-05-27;2019;"2019-520:210";252;0;2,50814690367033;4,09310940439148;13;"Borna Coric";51;"Jan Lennard Struff";4,09310940439148;2,50814690367033;1,58496250072116;22,5;29;-6,5;188;193;-5;0,8;0,375;0,375;0,8;-0,425;8;20;3;16;5;4;4;5;-1;0;1;0
"798846";"2019-520";"Roland Garros";"Clay";"128";"Grand Slams";211;22;"Fabio Fognini";"R";178;"ITA";32;4;"Roberto Bautista Agut";"R";183;"ESP";31,1;"7-6(5) 6-4 4-6 6-1";5;"R32";190;11;6;126;64;45;29;20;2;8;0;6;134;82;52;20;19;8;16;12;2785;21;1690;7;6;4;6;NA;6;4;6;1;NA;2019-05-27;2019;"2019-520:211";253;0;4,41503749927884;3,60768257722124;4;"Roberto Bautista Agut";22;"Fabio Fognini";3,60768257722124;4,41503749927884;-0,807354922057605;31,1;32;-0,899999999999999;183;178;5;0,25;0,5;0,5;0,25;0,25;16;8;8;2;8;6;6;8;-2;0;1;0
"798848";"2019-520";"Roland Garros";"Clay";"128";"Grand Slams";213;52;"Dominic Thiem";"R";185;"AUT";25,7;14;"Pablo Cuevas";"R";180;"URU";33,3;"6-3 4-6 6-2 7-5";5;"R32";156;5;2;113;71;55;22;20;4;8;3;5;117;75;48;17;19;5;12;4;4685;47;983;6;4;6;7;NA;3;6;2;5;NA;2019-05-27;2019;"2019-520:213";254;0;6;2,44541114832236;14;"Pablo Cuevas";52;"Dominic Thiem";2,44541114832236;6;-3,55458885167764;33,3;25,7;7,6;180;185;-5;0,5;0,416666666666667;0,416666666666667;0,5;-0,0833333333333333;12;8;5;4;7;4;4;7;-3;0;1;0
"798852";"2019-520";"Roland Garros";"Clay";"128";"Grand Slams";217;53;"Stefanos Tsitsipas";"R";193;"GRE";20,7;33;"Filip Krajinovic";"R";185;"SRB";27,2;"7-5 6-3 6-7(7) 7-6(6)";5;"R32";214;8;8;158;95;71;32;23;11;16;2;4;141;91;59;26;22;8;15;6;4080;60;838;7;6;6;7;NA;5;3;7;6;NA;2019-05-27;2019;"2019-520:217";255;0;5,41503749927884;2,09310940439148;33;"Filip Krajinovic";53;"Stefanos Tsitsipas";2,09310940439148;5,41503749927884;-3,32192809488736;27,2;20,7;6,5;185;193;-8;0,6875;0,533333333333333;0,533333333333333;0,6875;-0,154166666666667;15;16;8;11;7;5;5;7;-2;0;1;0
"798853";"2019-520";"Roland Garros";"Clay";"128";"Grand Slams";218;56;"Stan Wawrinka";"R";183;"SUI";34,1;17;"Grigor Dimitrov";"R";188;"BUL";28;"7-6(5) 7-6(4) 7-6(8)";5;"R32";196;14;4;126;64;49;37;18;2;4;4;3;144;99;68;24;18;11;13;28;1365;46;997;7;7;7;NA;NA;6;6;6;NA;NA;2019-05-27;2019;"2019-520:218";256;0;3,1926450779424;2,47643804394299;17;"Grigor Dimitrov";56;"Stan Wawrinka";2,47643804394299;3,1926450779424;-0,716207033999409;28;34,1;-6,1;188;183;5;0,5;0,846153846153846;0,846153846153846;0,5;0,346153846153846;13;4;11;2;2;2;2;2;0;0;1;0
"798855";"2019-520";"Roland Garros";"Clay";"128";"Grand Slams";220;20;"Roger Federer";"R";185;"SUI";37,7;45;"Casper Ruud";"R";183;"NOR";20,4;"6-3 6-1 7-6(8)";5;"R32";131;11;3;97;60;48;19;14;4;5;2;6;107;73;49;11;14;7;12;3;5950;63;810;6;6;7;NA;NA;3;1;6;NA;NA;2019-05-27;2019;"2019-520:220";257;1;6,41503749927884;2,02272007650008;20;"Roger Federer";45;"Casper Ruud";6,41503749927884;2,02272007650008;4,39231742277876;37,7;20,4;17,3;185;183;2;0,8;0,583333333333333;0,8;0,583333333333333;0,216666666666667;12;5;7;4;5;1;5;1;4;0;1;0
"798856";"2019-520";"Roland Garros";"Clay";"128";"Grand Slams";221;39;"Kei Nishikori";"R";178;"JPN";29,4;18;"Laslo Djere";"R";188;"SRB";23,9;"6-4 6-7(8) 6-3 4-6 8-6";5;"R32";266;7;6;171;113;79;29;28;8;14;11;6;189;114;73;37;27;12;21;7;3860;32;1314;6;6;6;4;8;4;7;3;6;6;2019-05-27;2019;"2019-520:221";258;0;5,1926450779424;3;18;"Laslo Djere";39;"Kei Nishikori";3;5,1926450779424;-2,1926450779424;23,9;29,4;-5,5;188;178;10;0,571428571428571;0,571428571428571;0,571428571428571;0,571428571428571;0;21;14;12;8;9;6;6;9;-3;0;1;0
"798859";"2019-520";"Roland Garros";"Clay";"128";"Grand Slams";224;38;"Rafael Nadal";"L";185;"ESP";32,9;27;"David Goffin";"R";180;"BEL";28,4;"6-1 6-3 4-6 6-3";5;"R32";169;5;5;96;56;44;28;18;1;2;3;1;105;63;40;22;17;5;10;2;7945;29;1325;6;6;4;6;NA;1;3;6;3;NA;2019-05-27;2019;"2019-520:224";259;0;7;3,14201900487243;27;"David Goffin";38;"Rafael Nadal";3,14201900487243;7;-3,85798099512757;28,4;32,9;-4,5;180;185;-5;0,5;0,5;0,5;0,5;0;10;2;5;1;5;1;1;5;-4;0;1;0
"798860";"2019-520";"Roland Garros";"Clay";"128";"Grand Slams";225;19;"Novak Djokovic";"R";188;"SRB";32;51;"Jan Lennard Struff";"R";193;"GER";29;"6-3 6-2 6-2";5;"R16";93;6;3;69;43;37;18;13;1;1;4;3;70;36;26;14;12;2;7;1;12355;45;1035;6;6;6;NA;NA;3;2;2;NA;NA;2019-05-27;2019;"2019-520:225";260;1;8;2,50814690367033;19;"Novak Djokovic";51;"Jan Lennard Struff";8;2,50814690367033;5,49185309632967;32;29;3;188;193;-5;1;0,285714285714286;1;0,285714285714286;0,714285714285714;7;1;2;1;5;0;5;0;5;0;1;0
"798861";"2019-520";"Roland Garros";"Clay";"128";"Grand Slams";226;57;"Alexander Zverev";"R";198;"GER";22;22;"Fabio Fognini";"R";178;"ITA";32;"3-6 6-2 6-2 7-6(5)";5;"R16";175;14;12;137;96;67;22;19;7;9;2;5;127;82;57;22;18;8;13;5;4360;12;2785;3;6;6;7;NA;6;2;2;6;NA;2019-05-27;2019;"2019-520:226";261;0;5,67807190511264;4,41503749927884;22;"Fabio Fognini";57;"Alexander Zverev";4,41503749927884;5,67807190511264;-1,26303440583379;32;22;10;178;198;-20;0,777777777777778;0,615384615384615;0,615384615384615;0,777777777777778;-0,162393162393162;13;9;8;7;5;2;2;5;-3;0;1;0
"798862";"2019-520";"Roland Garros";"Clay";"128";"Grand Slams";227;52;"Dominic Thiem";"R";185;"AUT";25,7;36;"Gael Monfils";"R";193;"FRA";32,7;"6-4 6-4 6-2";5;"R16";108;2;0;73;44;35;18;14;0;1;3;5;87;54;36;14;14;7;12;4;4685;17;1965;6;6;6;NA;NA;4;4;2;NA;NA;2019-05-27;2019;"2019-520:227";262;0;6;3,91253715874966;36;"Gael Monfils";52;"Dominic Thiem";3,91253715874966;6;-2,08746284125034;32,7;25,7;7;193;185;8;0;0,583333333333333;0,583333333333333;0;0,583333333333333;12;1;7;0;5;1;1;5;-4;0;1;0
"798863";"2019-520";"Roland Garros";"Clay";"128";"Grand Slams";228;31;"Karen Khachanov";"R";198;"RUS";23;15;"Juan Martin del Potro";"R";198;"ARG";30,6;"7-5 6-3 3-6 6-3";5;"R16";189;6;4;128;75;56;29;20;7;9;11;7;131;87;62;16;19;9;13;11;2800;9;3235;7;6;3;6;NA;5;3;6;3;NA;2019-05-27;2019;"2019-520:228";263;0;4,5405683813627;4,83007499855769;15;"Juan Martin del Potro";31;"Karen Khachanov";4,83007499855769;4,5405683813627;0,289506617194985;30,6;23;7,6;198;198;0;0,777777777777778;0,692307692307692;0,692307692307692;0,777777777777778;-0,0854700854700855;13;9;9;7;4;2;2;4;-2;0;1;0
"798864";"2019-520";"Roland Garros";"Clay";"128";"Grand Slams";229;56;"Stan Wawrinka";"R";183;"SUI";34,1;53;"Stefanos Tsitsipas";"R";193;"GRE";20,7;"7-6(6) 5-7 6-4 3-6 8-6";5;"R16";309;16;3;206;128;91;40;29;22;27;3;6;183;124;92;28;28;9;14;28;1365;6;4080;7;5;6;3;8;6;7;4;6;6;2019-05-27;2019;"2019-520:229";264;0;3,1926450779424;5,41503749927884;53;"Stefanos Tsitsipas";56;"Stan Wawrinka";5,41503749927884;3,1926450779424;2,22239242133645;20,7;34,1;-13,4;193;183;10;0,814814814814815;0,642857142857143;0,642857142857143;0,814814814814815;-0,171957671957672;14;27;9;22;5;5;5;5;0;0;1;0
"798866";"2019-520";"Roland Garros";"Clay";"128";"Grand Slams";231;39;"Kei Nishikori";"R";178;"JPN";29,4;40;"Benoit Paire";"R";196;"FRA";30;"6-2 6-7(10) 6-2 6-7(10) 7-5";5;"R16";235;3;6;182;118;80;31;26;7;12;8;15;177;95;68;32;26;9;19;7;3860;38;1168;6;6;6;6;7;2;7;2;7;5;2019-05-27;2019;"2019-520:231";265;1;5,1926450779424;2,75207248655641;39;"Kei Nishikori";40;"Benoit Paire";5,1926450779424;2,75207248655641;2,44057259138598;29,4;30;-0,600000000000001;178;196;-18;0,583333333333333;0,473684210526316;0,583333333333333;0,473684210526316;0,109649122807018;19;12;9;7;10;5;10;5;5;0;1;0
"798868";"2019-520";"Roland Garros";"Clay";"128";"Grand Slams";233;19;"Novak Djokovic";"R";188;"SRB";32;57;"Alexander Zverev";"R";198;"GER";22;"7-5 6-2 6-2";5;"QF";129;1;4;86;55;44;16;14;7;8;10;8;84;58;38;9;14;5;11;1;12355;5;4360;7;6;6;NA;NA;5;2;2;NA;NA;2019-05-27;2019;"2019-520:233";266;1;8;5,67807190511264;19;"Novak Djokovic";57;"Alexander Zverev";8;5,67807190511264;2,32192809488736;32;22;10;188;198;-10;0,875;0,454545454545455;0,875;0,454545454545455;0,420454545454545;11;8;5;7;6;1;6;1;5;0;1;0
"798869";"2019-520";"Roland Garros";"Clay";"128";"Grand Slams";234;52;"Dominic Thiem";"R";185;"AUT";25,7;31;"Karen Khachanov";"R";198;"RUS";23;"6-2 6-4 6-2";5;"QF";107;3;3;73;46;37;17;13;0;0;5;4;84;57;35;12;13;3;8;4;4685;11;2800;6;6;6;NA;NA;2;4;2;NA;NA;2019-05-27;2019;"2019-520:234";267;0;6;4,5405683813627;31;"Karen Khachanov";52;"Dominic Thiem";4,5405683813627;6;-1,4594316186373;23;25,7;-2,7;198;185;13;1,5;0,375;0,375;1,5;-1,125;8;0;3;0;5;0;0;5;-5;0;1;0
"798870";"2019-520";"Roland Garros";"Clay";"128";"Grand Slams";235;20;"Roger Federer";"R";185;"SUI";37,7;56;"Stan Wawrinka";"R";183;"SUI";34,1;"7-6(4) 4-6 7-6(5) 6-4";5;"QF";215;5;2;149;94;73;32;22;3;5;8;7;171;113;81;27;22;16;18;3;5950;28;1365;7;4;7;6;NA;6;6;6;4;NA;2019-05-27;2019;"2019-520:235";268;1;6,41503749927884;3,1926450779424;20;"Roger Federer";56;"Stan Wawrinka";6,41503749927884;3,1926450779424;3,22239242133645;37,7;34,1;3,6;185;183;2;0,6;0,888888888888889;0,6;0,888888888888889;-0,288888888888889;18;5;16;3;2;2;2;2;0;0;1;0
"798871";"2019-520";"Roland Garros";"Clay";"128";"Grand Slams";236;38;"Rafael Nadal";"L";185;"ESP";32,9;39;"Kei Nishikori";"R";178;"JPN";29,4;"6-1 6-1 6-3";5;"QF";111;3;3;69;50;38;10;12;4;5;2;1;74;54;24;10;11;4;11;2;7945;7;3860;6;6;6;NA;NA;1;1;3;NA;NA;2019-05-27;2019;"2019-520:236";269;1;7;5,1926450779424;38;"Rafael Nadal";39;"Kei Nishikori";7;5,1926450779424;1,8073549220576;32,9;29,4;3,5;185;178;7;0,8;0,363636363636364;0,8;0,363636363636364;0,436363636363636;11;5;4;4;7;1;7;1;6;0;1;0
"798872";"2019-520";"Roland Garros";"Clay";"128";"Grand Slams";237;52;"Dominic Thiem";"R";185;"AUT";25,7;19;"Novak Djokovic";"R";188;"SRB";32;"6-2 3-6 7-5 5-7 7-5";5;"SF";253;4;4;149;103;67;27;27;5;12;6;4;177;133;83;21;26;13;22;4;4685;1;12355;6;3;7;5;7;2;6;5;7;5;2019-05-27;2019;"2019-520:237";270;0;6;8;19;"Novak Djokovic";52;"Dominic Thiem";8;6;2;32;25,7;6,3;188;185;3;0,416666666666667;0,590909090909091;0,590909090909091;0,416666666666667;0,174242424242424;22;12;13;5;9;7;7;9;-2;0;1;0
"798873";"2019-520";"Roland Garros";"Clay";"128";"Grand Slams";238;38;"Rafael Nadal";"L";185;"ESP";32,9;20;"Roger Federer";"R";185;"SUI";37,7;"6-3 6-4 6-2";5;"SF";145;3;1;88;72;49;9;14;2;4;3;1;93;55;34;15;13;10;16;2;7945;3;5950;6;6;6;NA;NA;3;4;2;NA;NA;2019-05-27;2019;"2019-520:238";271;0;7;6,41503749927884;20;"Roger Federer";38;"Rafael Nadal";6,41503749927884;7;-0,584962500721156;37,7;32,9;4,8;185;185;0;0,5;0,625;0,625;0,5;0,125;16;4;10;2;6;2;2;6;-4;0;1;0
"798874";"2019-520";"Roland Garros";"Clay";"128";"Grand Slams";239;38;"Rafael Nadal";"L";185;"ESP";32,9;52;"Dominic Thiem";"R";185;"AUT";25,7;"6-3 5-7 6-1 6-1";5;"F";181;3;0;106;78;57;18;18;4;6;7;1;92;64;37;14;17;6;13;2;7945;4;4685;6;5;6;6;NA;3;7;1;1;NA;2019-05-27;2019;"2019-520:239";272;1;7;6;38;"Rafael Nadal";52;"Dominic Thiem";7;6;1;32,9;25,7;7,2;185;185;0;0,666666666666667;0,461538461538462;0,666666666666667;0,461538461538462;0,205128205128205;13;6;6;4;7;2;7;2;5;0;1;0
"822851";"2020-520";"Roland Garros";"Clay";"128";"Grand Slams";117;25;"Cristian Garin";"R";185;"CHI";24,3;32;"Philipp Kohlschreiber";"R";178;"GER";36,9;"6-4 4-6 6-1 6-4";5;"R128";174;7;4;119;73;53;26;19;2;4;1;3;132;70;43;37;18;11;16;19;2090;86;729;6;4;6;6;NA;4;6;1;4;NA;2020-09-28;2020;"2020-520:117";273;1;3,75207248655641;1,5737352452979;25;"Cristian Garin";32;"Philipp Kohlschreiber";3,75207248655641;1,5737352452979;2,17833724125851;24,3;36,9;-12,6;185;178;7;0,5;0,6875;0,5;0,6875;-0,1875;16;4;11;2;5;2;5;2;3;0;1;0
"822855";"2020-520";"Roland Garros";"Clay";"128";"Grand Slams";121;4;"Roberto Bautista Agut";"R";183;"ESP";32,4;26;"Richard Gasquet";"R";185;"FRA";34,2;"7-6(5) 6-2 6-1";5;"R128";118;6;0;79;52;35;15;14;4;7;1;4;108;64;38;16;13;9;17;10;2665;50;1030;7;6;6;NA;NA;6;2;1;NA;NA;2020-09-28;2020;"2020-520:121";274;1;4,67807190511264;2,35614381022528;4;"Roberto Bautista Agut";26;"Richard Gasquet";4,67807190511264;2,35614381022528;2,32192809488736;32,4;34,2;-1,8;183;185;-2;0,571428571428571;0,529411764705882;0,571428571428571;0,529411764705882;0,042016806722689;17;7;9;4;8;3;8;3;5;0;1;0
"822863";"2020-520";"Roland Garros";"Clay";"128";"Grand Slams";129;24;"Marton Fucsovics";"R";188;"HUN";28,6;35;"Daniil Medvedev";"R";198;"RUS";24,6;"6-4 7-6(3) 2-6 6-1";5;"R128";197;2;6;131;72;50;29;19;4;9;3;4;115;69;44;22;18;7;13;63;877;5;5890;6;7;2;6;NA;4;6;6;1;NA;2020-09-28;2020;"2020-520:129";275;1;2,02272007650008;5,67807190511264;24;"Marton Fucsovics";35;"Daniil Medvedev";2,02272007650008;5,67807190511264;-3,65535182861256;28,6;24,6;4;188;198;-10;0,444444444444444;0,538461538461538;0,444444444444444;0,538461538461538;-0,094017094017094;13;9;7;4;6;5;6;5;1;0;1;0
"822894";"2020-520";"Roland Garros";"Clay";"128";"Grand Slams";160;52;"Dominic Thiem";"R";185;"AUT";27;12;"Marin Cilic";"R";198;"CRO";32;"6-4 6-3 6-3";5;"R128";126;3;1;78;53;37;16;14;5;7;1;2;88;49;31;17;14;7;13;3;9125;40;1270;6;6;6;NA;NA;4;3;3;NA;NA;2020-09-28;2020;"2020-520:160";276;0;6,41503749927884;2,67807190511264;12;"Marin Cilic";52;"Dominic Thiem";2,67807190511264;6,41503749927884;-3,73696559416621;32;27;5;198;185;13;0,714285714285714;0,538461538461538;0,538461538461538;0,714285714285714;-0,175824175824176;13;7;7;5;6;2;2;6;-4;0;1;0
"822902";"2020-520";"Roland Garros";"Clay";"128";"Grand Slams";168;49;"Jannik Sinner";"R";188;"ITA";19,1;27;"David Goffin";"R";180;"BEL";29,8;"7-5 6-0 6-3";5;"R128";119;2;2;80;54;42;12;14;4;6;1;4;87;51;30;13;13;4;11;75;788;13;2555;7;6;6;NA;NA;5;0;3;NA;NA;2020-09-28;2020;"2020-520:168";277;0;1,77118130950412;4,29956028185891;27;"David Goffin";49;"Jannik Sinner";4,29956028185891;1,77118130950412;2,52837897235479;29,8;19,1;10,7;180;188;-8;0,666666666666667;0,363636363636364;0,363636363636364;0,666666666666667;-0,303030303030303;11;6;4;4;7;2;2;7;-5;0;1;0
"822911";"2020-520";"Roland Garros";"Clay";"128";"Grand Slams";177;19;"Novak Djokovic";"R";188;"SRB";33,3;6;"Ricardas Berankis";"R";175;"LTU";30,2;"6-1 6-2 6-2";5;"R64";83;10;1;66;38;36;13;12;2;2;0;1;53;40;20;6;11;1;7;1;11260;66;854;6;6;6;NA;NA;1;2;2;NA;NA;2020-09-28;2020;"2020-520:177";278;0;8;1,95560588064155;6;"Ricardas Berankis";19;"Novak Djokovic";1,95560588064155;8;-6,04439411935845;30,2;33,3;-3,1;175;188;-13;1;0,142857142857143;0,142857142857143;1;-0,857142857142857;7;2;1;2;6;0;0;6;-6;0;1;0
"822916";"2020-520";"Roland Garros";"Clay";"128";"Grand Slams";182;9;"Pablo Carreno Busta";"R";188;"ESP";29,2;41;"Guido Pella";"L";185;"ARG";30,3;"6-3 6-2 6-1";5;"R64";86;6;1;64;44;39;11;12;1;1;2;3;66;47;26;7;12;5;11;18;2130;37;1310;6;6;6;NA;NA;3;2;1;NA;NA;2020-09-28;2020;"2020-520:182";279;1;3,83007499855769;2,79054663437105;9;"Pablo Carreno Busta";41;"Guido Pella";3,83007499855769;2,79054663437105;1,03952836418664;29,2;30,3;-1,1;188;185;3;1;0,454545454545455;1;0,454545454545455;0,545454545454545;11;1;5;1;6;0;6;0;6;0;1;0
"822919";"2020-520";"Roland Garros";"Clay";"128";"Grand Slams";185;24;"Marton Fucsovics";"R";188;"HUN";28,6;42;"Albert Ramos";"L";188;"ESP";32,6;"7-6(2) 6-3 7-5";5;"R64";182;3;6;121;67;45;32;17;9;11;3;3;109;74;51;15;16;7;11;63;877;44;1130;7;6;7;NA;NA;6;3;5;NA;NA;2020-09-28;2020;"2020-520:185";280;1;2,02272007650008;2,5405683813627;24;"Marton Fucsovics";42;"Albert Ramos";2,02272007650008;2,5405683813627;-0,517848304862619;28,6;32,6;-4;188;188;0;0,818181818181818;0,636363636363636;0,818181818181818;0,636363636363636;0,181818181818182;11;11;7;9;4;2;4;2;2;0;1;0
"822926";"2020-520";"Roland Garros";"Clay";"128";"Grand Slams";192;53;"Stefanos Tsitsipas";"R";193;"GRE";22,1;14;"Pablo Cuevas";"R";180;"URU";34,7;"6-1 6-4 6-2";5;"R64";88;5;1;60;33;29;19;13;0;1;3;1;78;45;25;14;12;7;13;6;5385;60;907;6;6;6;NA;NA;1;4;2;NA;NA;2020-09-28;2020;"2020-520:192";281;0;5,41503749927884;2,09310940439148;14;"Pablo Cuevas";53;"Stefanos Tsitsipas";2,09310940439148;5,41503749927884;-3,32192809488736;34,7;22,1;12,6;180;193;-13;0;0,538461538461538;0,538461538461538;0;0,538461538461538;13;1;7;0;6;1;1;6;-5;0;1;0
"822944";"2020-520";"Roland Garros";"Clay";"128";"Grand Slams";210;31;"Karen Khachanov";"R";198;"RUS";24,3;25;"Cristian Garin";"R";185;"CHI";24,3;"6-2 3-6 6-4 6-2";5;"R32";149;3;2;103;59;38;27;18;4;8;1;5;116;72;42;18;17;8;16;16;2200;19;2090;6;3;6;6;NA;2;6;4;2;NA;2020-09-28;2020;"2020-520:210";282;0;4;3,75207248655641;25;"Cristian Garin";31;"Karen Khachanov";3,75207248655641;4;-0,247927513443585;24,3;24,3;0;185;198;-13;0,5;0,5;0,5;0,5;0;16;8;8;4;8;4;4;8;-4;0;1;0
"822945";"2020-520";"Roland Garros";"Clay";"128";"Grand Slams";211;9;"Pablo Carreno Busta";"R";188;"ESP";29,2;4;"Roberto Bautista Agut";"R";183;"ESP";32,4;"6-4 6-3 5-7 6-4";5;"R32";202;11;2;129;85;57;26;21;8;12;3;1;136;85;44;33;20;10;17;18;2130;10;2665;6;6;5;6;NA;4;3;7;4;NA;2020-09-28;2020;"2020-520:211";283;0;3,83007499855769;4,67807190511264;4;"Roberto Bautista Agut";9;"Pablo Carreno Busta";4,67807190511264;3,83007499855769;0,84799690655495;32,4;29,2;3,2;183;188;-5;0,666666666666667;0,588235294117647;0,588235294117647;0,666666666666667;-0,0784313725490196;17;12;10;8;7;4;4;7;-3;0;1;0
"822954";"2020-520";"Roland Garros";"Clay";"128";"Grand Slams";220;52;"Dominic Thiem";"R";185;"AUT";27;45;"Casper Ruud";"R";183;"NOR";21,7;"6-4 6-3 6-1";5;"R32";135;5;2;95;57;38;24;13;7;8;1;0;80;55;28;14;13;9;15;3;9125;25;1739;6;6;6;NA;NA;4;3;1;NA;NA;2020-09-28;2020;"2020-520:220";284;0;6,41503749927884;3,35614381022528;45;"Casper Ruud";52;"Dominic Thiem";3,35614381022528;6,41503749927884;-3,05889368905357;21,7;27;-5,3;183;185;-2;0,875;0,6;0,6;0,875;-0,275;15;8;9;7;6;1;1;6;-5;0;1;0
"822955";"2020-520";"Roland Garros";"Clay";"128";"Grand Slams";221;57;"Alexander Zverev";"R";198;"GER";23,4;10;"Marco Cecchinato";"R";185;"ITA";27,9;"6-1 7-5 6-3";5;"R32";107;10;5;75;47;40;14;14;1;2;2;3;100;66;38;14;14;7;13;7;4650;110;551;6;7;6;NA;NA;1;5;3;NA;NA;2020-09-28;2020;"2020-520:221";285;0;5,1926450779424;1,21864028647534;10;"Marco Cecchinato";57;"Alexander Zverev";1,21864028647534;5,1926450779424;-3,97400479146706;27,9;23,4;4,5;185;198;-13;0,5;0,538461538461538;0,538461538461538;0,5;0,0384615384615384;13;2;7;1;6;1;1;6;-5;0;1;0
"822959";"2020-520";"Roland Garros";"Clay";"128";"Grand Slams";225;19;"Novak Djokovic";"R";188;"SRB";33,3;31;"Karen Khachanov";"R";198;"RUS";24,3;"6-4 6-3 6-3";5;"R16";143;2;1;89;57;40;19;14;7;9;5;4;111;77;42;16;14;9;15;1;11260;16;2200;6;6;6;NA;NA;4;3;3;NA;NA;2020-09-28;2020;"2020-520:225";286;1;8;4;19;"Novak Djokovic";31;"Karen Khachanov";8;4;4;33,3;24,3;9;188;198;-10;0,777777777777778;0,6;0,777777777777778;0,6;0,177777777777778;15;9;9;7;6;2;6;2;4;0;1;0
"822961";"2020-520";"Roland Garros";"Clay";"128";"Grand Slams";227;44;"Andrey Rublev";"R";188;"RUS";22,9;24;"Marton Fucsovics";"R";188;"HUN";28,6;"6-7(4) 7-5 6-4 7-6(3)";5;"R16";234;5;3;151;85;63;33;23;11;16;8;5;168;103;69;27;23;5;12;12;2614;63;877;6;7;6;7;NA;7;5;4;6;NA;2020-09-28;2020;"2020-520:227";287;0;4,41503749927884;2,02272007650008;24;"Marton Fucsovics";44;"Andrey Rublev";2,02272007650008;4,41503749927884;-2,39231742277876;28,6;22,9;5,7;188;188;0;0,6875;0,416666666666667;0,416666666666667;0,6875;-0,270833333333333;12;16;5;11;7;5;5;7;-2;0;1;0
"822962";"2020-520";"Roland Garros";"Clay";"128";"Grand Slams";228;53;"Stefanos Tsitsipas";"R";193;"GRE";22,1;17;"Grigor Dimitrov";"R";188;"BUL";29,3;"6-3 7-6(9) 6-2";5;"R16";146;3;0;100;62;44;27;15;3;3;1;4;105;74;46;15;14;9;12;6;5385;20;2055;6;7;6;NA;NA;3;6;2;NA;NA;2020-09-28;2020;"2020-520:228";288;0;5,41503749927884;3,67807190511264;17;"Grigor Dimitrov";53;"Stefanos Tsitsipas";3,67807190511264;5,41503749927884;-1,73696559416621;29,3;22,1;7,2;188;193;-5;1;0,75;0,75;1;-0,25;12;3;9;3;3;0;0;3;-3;0;1;0
"822965";"2020-520";"Roland Garros";"Clay";"128";"Grand Slams";231;49;"Jannik Sinner";"R";188;"ITA";19,1;57;"Alexander Zverev";"R";198;"GER";23,4;"6-3 6-3 4-6 6-3";5;"R16";181;3;6;143;81;58;33;19;6;8;3;4;108;71;51;15;18;1;6;75;788;7;4650;6;6;4;6;NA;3;3;6;3;NA;2020-09-28;2020;"2020-520:231";289;1;1,77118130950412;5,1926450779424;49;"Jannik Sinner";57;"Alexander Zverev";1,77118130950412;5,1926450779424;-3,42146376843828;19,1;23,4;-4,3;188;198;-10;0,75;0,166666666666667;0,75;0,166666666666667;0,583333333333333;6;8;1;6;5;2;5;2;3;0;1;0
"822967";"2020-520";"Roland Garros";"Clay";"128";"Grand Slams";233;19;"Novak Djokovic";"R";188;"SRB";33,3;9;"Pablo Carreno Busta";"R";188;"ESP";29,2;"4-6 6-2 6-3 6-4";5;"QF";190;2;5;131;74;53;30;19;10;13;3;3;112;78;50;15;18;7;13;1;11260;18;2130;4;6;6;6;NA;6;2;3;4;NA;2020-09-28;2020;"2020-520:233";290;0;8;3,83007499855769;9;"Pablo Carreno Busta";19;"Novak Djokovic";3,83007499855769;8;-4,16992500144231;29,2;33,3;-4,1;188;188;0;0,769230769230769;0,538461538461538;0,538461538461538;0,769230769230769;-0,230769230769231;13;13;7;10;6;3;3;6;-3;0;1;0
"822968";"2020-520";"Roland Garros";"Clay";"128";"Grand Slams";234;53;"Stefanos Tsitsipas";"R";193;"GRE";22,1;44;"Andrey Rublev";"R";188;"RUS";22,9;"7-5 6-2 6-3";5;"QF";115;7;2;85;54;43;19;15;2;3;7;0;90;58;38;12;14;3;8;6;5385;12;2614;7;6;6;NA;NA;5;2;3;NA;NA;2020-09-28;2020;"2020-520:234";291;0;5,41503749927884;4,41503749927884;44;"Andrey Rublev";53;"Stefanos Tsitsipas";4,41503749927884;5,41503749927884;-1;22,9;22,1;0,799999999999997;188;193;-5;0,666666666666667;0,375;0,375;0,666666666666667;-0,291666666666667;8;3;3;2;5;1;1;5;-4;0;1;0
"822969";"2020-520";"Roland Garros";"Clay";"128";"Grand Slams";235;46;"Diego Schwartzman";"R";170;"ARG";28,1;52;"Dominic Thiem";"R";185;"AUT";27;"7-6(1) 5-7 6-7(6) 7-6(5) 6-2";5;"QF";308;1;5;189;124;77;34;28;13;22;7;3;187;111;69;32;28;6;16;14;2505;3;9125;7;5;6;7;6;6;7;7;6;2;2020-09-28;2020;"2020-520:235";292;1;4,1926450779424;6,41503749927884;46;"Diego Schwartzman";52;"Dominic Thiem";4,1926450779424;6,41503749927884;-2,22239242133645;28,1;27;1,1;170;185;-15;0,590909090909091;0,375;0,590909090909091;0,375;0,215909090909091;16;22;6;13;10;9;10;9;1;0;1;0
"822970";"2020-520";"Roland Garros";"Clay";"128";"Grand Slams";236;38;"Rafael Nadal";"L";185;"ESP";34,3;49;"Jannik Sinner";"R";188;"ITA";19,1;"7-6(4) 6-4 6-1";5;"QF";169;0;1;97;63;42;20;15;5;7;2;3;93;63;36;13;14;2;8;2;9850;75;788;7;6;6;NA;NA;6;4;1;NA;NA;2020-09-28;2020;"2020-520:236";293;1;7;1,77118130950412;38;"Rafael Nadal";49;"Jannik Sinner";7;1,77118130950412;5,22881869049588;34,3;19,1;15,2;185;188;-3;0,714285714285714;0,25;0,714285714285714;0,25;0,464285714285714;8;7;2;5;6;2;6;2;4;0;1;0
"822971";"2020-520";"Roland Garros";"Clay";"128";"Grand Slams";237;19;"Novak Djokovic";"R";188;"SRB";33,3;53;"Stefanos Tsitsipas";"R";193;"GRE";22,1;"6-3 6-2 5-7 4-6 6-1";5;"SF";234;5;6;153;102;74;24;23;11;15;7;5;168;113;67;27;23;14;22;1;11260;6;5385;6;6;5;4;6;3;2;7;6;1;2020-09-28;2020;"2020-520:237";294;1;8;5,41503749927884;19;"Novak Djokovic";53;"Stefanos Tsitsipas";8;5,41503749927884;2,58496250072116;33,3;22,1;11,2;188;193;-5;0,733333333333333;0,636363636363636;0,733333333333333;0,636363636363636;0,0969696969696969;22;15;14;11;8;4;8;4;4;0;1;0
"822972";"2020-520";"Roland Garros";"Clay";"128";"Grand Slams";238;38;"Rafael Nadal";"L";185;"ESP";34,3;46;"Diego Schwartzman";"R";170;"ARG";28,1;"6-3 6-3 7-6(0)";5;"SF";189;3;0;117;81;55;19;15;9;12;2;3;84;50;31;13;15;3;9;2;9850;14;2505;6;6;7;NA;NA;3;3;6;NA;NA;2020-09-28;2020;"2020-520:238";295;1;7;4,1926450779424;38;"Rafael Nadal";46;"Diego Schwartzman";7;4,1926450779424;2,8073549220576;34,3;28,1;6,2;185;170;15;0,75;0,333333333333333;0,75;0,333333333333333;0,416666666666667;9;12;3;9;6;3;6;3;3;0;1;0
"822973";"2020-520";"Roland Garros";"Clay";"128";"Grand Slams";239;38;"Rafael Nadal";"L";185;"ESP";34,3;19;"Novak Djokovic";"R";188;"SRB";33,3;"6-0 6-2 7-5";5;"F";161;4;1;84;55;37;19;13;4;5;1;4;99;66;33;16;13;11;18;2;9850;1;11260;6;6;7;NA;NA;0;2;5;NA;NA;2020-09-28;2020;"2020-520:239";296;0;7;8;19;"Novak Djokovic";38;"Rafael Nadal";8;7;1;33,3;34,3;-1;188;185;3;0,8;0,611111111111111;0,611111111111111;0,8;-0,188888888888889;18;5;11;4;7;1;1;7;-6;0;1;0
"833334";"2021-520";"Roland Garros";"Clay";"128";"Grand Slams";125;23;"Taylor Fritz";"R";193;"USA";23,5;50;"Joao Sousa";"R";185;"POR";32,1;"6-4 6-2 6-4";5;"R128";101;7;3;72;41;34;21;14;1;2;1;2;84;50;33;14;14;5;10;33;1760;114;714;6;6;6;NA;NA;4;2;4;NA;NA;2021-05-31;2021;"2021-520:125";297;1;2,95560588064155;1,16710998583526;23;"Taylor Fritz";50;"Joao Sousa";2,95560588064155;1,16710998583526;1,78849589480629;23,5;32,1;-8,6;193;185;8;0,5;0,5;0,5;0,5;0;10;2;5;1;5;1;5;1;4;0;1;0
"833345";"2021-520";"Roland Garros";"Clay";"128";"Grand Slams";136;36;"Gael Monfils";"R";193;"FRA";34,7;42;"Albert Ramos";"L";188;"ESP";33,3;"1-6 7-6(6) 6-4 6-4";5;"R128";181;12;9;135;73;55;22;20;8;13;1;5;129;76;43;33;19;4;9;15;2713;38;1595;1;7;6;6;NA;6;6;4;4;NA;2021-05-31;2021;"2021-520:136";298;1;4,09310940439148;2,75207248655641;36;"Gael Monfils";42;"Albert Ramos";4,09310940439148;2,75207248655641;1,34103691783507;34,7;33,3;1,40000000000001;193;188;5;0,615384615384615;0,444444444444444;0,615384615384615;0,444444444444444;0,170940170940171;9;13;4;8;5;5;5;5;0;0;1;0
"833348";"2021-520";"Roland Garros";"Clay";"128";"Grand Slams";139;32;"Philipp Kohlschreiber";"R";178;"GER";37,6;55;"Fernando Verdasco";"L";188;"ESP";37,5;"7-6(3) 6-2 2-6 6-4";5;"R128";172;10;5;112;63;46;33;19;13;16;7;9;142;88;58;28;19;13;17;132;572;99;795;7;6;2;6;NA;6;2;6;4;NA;2021-05-31;2021;"2021-520:139";299;1;0,955605880641547;1,37064337992039;32;"Philipp Kohlschreiber";55;"Fernando Verdasco";0,955605880641547;1,37064337992039;-0,415037499278844;37,6;37,5;0,100000000000001;178;188;-10;0,8125;0,764705882352941;0,8125;0,764705882352941;0,0477941176470589;17;16;13;13;4;3;4;3;1;0;1;0
"833353";"2021-520";"Roland Garros";"Clay";"128";"Grand Slams";144;51;"Jan Lennard Struff";"R";193;"GER";31;44;"Andrey Rublev";"R";188;"RUS";23,6;"6-3 7-6(6) 4-6 3-6 6-4";5;"R128";226;25;11;181;91;72;44;25;9;13;13;8;159;74;57;48;25;12;15;42;1500;7;6090;6;7;4;3;6;3;6;6;6;4;2021-05-31;2021;"2021-520:144";300;0;2,60768257722124;5,1926450779424;44;"Andrey Rublev";51;"Jan Lennard Struff";5,1926450779424;2,60768257722124;2,58496250072116;23,6;31;-7,4;188;193;-5;0,692307692307692;0,8;0,8;0,692307692307692;0,107692307692308;15;13;12;9;3;4;4;3;1;0;1;0
"833362";"2021-520";"Roland Garros";"Clay";"128";"Grand Slams";153;45;"Casper Ruud";"R";183;"NOR";22,4;40;"Benoit Paire";"R";196;"FRA";32;"5-7 6-2 6-1 7-6(4)";5;"R128";180;3;3;135;79;52;35;20;4;7;7;7;125;68;49;23;19;8;14;16;2690;40;1544;5;6;6;7;NA;7;2;1;6;NA;2021-05-31;2021;"2021-520:153";301;0;4;2,67807190511264;40;"Benoit Paire";45;"Casper Ruud";2,67807190511264;4;-1,32192809488736;32;22,4;9,6;196;183;13;0,571428571428571;0,571428571428571;0,571428571428571;0,571428571428571;0;14;7;8;4;6;3;3;6;-3;0;1;0
"833367";"2021-520";"Roland Garros";"Clay";"128";"Grand Slams";158;24;"Marton Fucsovics";"R";188;"HUN";29,3;48;"Gilles Simon";"R";183;"FRA";36,4;"6-4 6-1 7-6(5)";5;"R128";193;4;3;99;56;37;22;15;6;10;0;3;121;95;47;13;14;8;16;44;1456;69;995;6;6;7;NA;NA;4;1;6;NA;NA;2021-05-31;2021;"2021-520:158";302;1;2,5405683813627;1,89147554322183;24;"Marton Fucsovics";48;"Gilles Simon";2,5405683813627;1,89147554322183;0,649092838140872;29,3;36,4;-7,1;188;183;5;0,6;0,5;0,6;0,5;0,1;16;10;8;6;8;4;8;4;4;0;1;0
"833369";"2021-520";"Roland Garros";"Clay";"128";"Grand Slams";160;2;"Pablo Andujar";"R";180;"ESP";35,3;52;"Dominic Thiem";"R";185;"AUT";27,7;"4-6 5-7 6-3 6-4 6-4";5;"R128";268;4;8;184;114;73;34;26;13;19;4;7;156;98;71;20;25;10;17;68;1020;4;8445;4;5;6;6;6;6;7;3;4;4;2021-05-31;2021;"2021-520:160";303;1;1,91253715874966;6;2;"Pablo Andujar";52;"Dominic Thiem";1,91253715874966;6;-4,08746284125034;35,3;27,7;7,6;180;185;-5;0,68421052631579;0,588235294117647;0,68421052631579;0,588235294117647;0,0959752321981424;17;19;10;13;7;6;7;6;1;0;1;0
"833370";"2021-520";"Roland Garros";"Clay";"128";"Grand Slams";161;53;"Stefanos Tsitsipas";"R";193;"GRE";22,8;11;"Jeremy Chardy";"R";188;"FRA";34,2;"7-6(6) 6-3 6-1";5;"R128";124;5;3;92;59;44;20;14;2;3;2;7;90;61;40;9;14;1;6;5;7500;60;1123;7;6;6;NA;NA;6;3;1;NA;NA;2021-05-31;2021;"2021-520:161";304;0;5,67807190511264;2,09310940439148;11;"Jeremy Chardy";53;"Stefanos Tsitsipas";2,09310940439148;5,67807190511264;-3,58496250072116;34,2;22,8;11,4;188;193;-5;0,666666666666667;0,166666666666667;0,166666666666667;0,666666666666667;-0,5;6;3;1;2;5;1;1;5;-4;0;1;0
"833386";"2021-520";"Roland Garros";"Clay";"128";"Grand Slams";177;19;"Novak Djokovic";"R";188;"SRB";34;14;"Pablo Cuevas";"R";180;"URU";35,4;"6-3 6-2 6-4";5;"R64";126;10;3;94;64;48;17;14;8;9;5;3;74;47;30;11;13;3;8;1;11313;92;846;6;6;6;NA;NA;3;2;4;NA;NA;2021-05-31;2021;"2021-520:177";305;0;8;1,47643804394299;14;"Pablo Cuevas";19;"Novak Djokovic";1,47643804394299;8;-6,52356195605701;35,4;34;1,4;180;188;-8;0,888888888888889;0,375;0,375;0,888888888888889;-0,513888888888889;8;9;3;8;5;1;1;5;-4;0;1;0
"833393";"2021-520";"Roland Garros";"Clay";"128";"Grand Slams";184;20;"Roger Federer";"R";185;"SUI";39,8;12;"Marin Cilic";"R";198;"CRO";32,6;"6-2 2-6 7-6(4) 6-2";5;"R64";155;16;1;117;80;60;21;18;5;8;12;6;120;77;58;17;18;11;16;8;5605;47;1388;6;2;7;6;NA;2;6;6;2;NA;2021-05-31;2021;"2021-520:184";306;0;5;2,44541114832236;12;"Marin Cilic";20;"Roger Federer";2,44541114832236;5;-2,55458885167764;32,6;39,8;-7,2;198;185;13;0,625;0,6875;0,6875;0,625;0,0625;16;8;11;5;5;3;3;5;-2;0;1;0
"833394";"2021-520";"Roland Garros";"Clay";"128";"Grand Slams";185;38;"Rafael Nadal";"L";185;"ESP";34,9;26;"Richard Gasquet";"R";185;"FRA";34,9;"6-0 7-5 6-2";5;"R64";134;3;3;77;45;38;15;13;3;4;2;5;91;47;33;12;13;9;16;3;9630;53;1213;6;7;6;NA;NA;0;5;2;NA;NA;2021-05-31;2021;"2021-520:185";307;0;6,41503749927884;2,2720795454368;26;"Richard Gasquet";38;"Rafael Nadal";2,2720795454368;6,41503749927884;-4,14295795384204;34,9;34,9;0;185;185;0;0,75;0,5625;0,5625;0,75;-0,1875;16;4;9;3;7;1;1;7;-6;0;1;0
"833398";"2021-520";"Roland Garros";"Clay";"128";"Grand Slams";189;46;"Diego Schwartzman";"R";170;"ARG";28,7;5;"Aljaz Bedene";"R";181;"SLO";31,8;"6-4 6-2 6-4";5;"R64";141;0;2;96;65;45;21;14;8;9;9;9;95;49;30;20;14;5;10;10;3465;56;1166;6;6;6;NA;NA;4;2;4;NA;NA;2021-05-31;2021;"2021-520:189";308;0;4,67807190511264;2,1926450779424;5;"Aljaz Bedene";46;"Diego Schwartzman";2,1926450779424;4,67807190511264;-2,48542682717024;31,8;28,7;3,1;181;170;11;0,888888888888889;0,5;0,5;0,888888888888889;-0,388888888888889;10;9;5;8;5;1;1;5;-4;0;1;0
"833404";"2021-520";"Roland Garros";"Clay";"128";"Grand Slams";195;39;"Kei Nishikori";"R";178;"JPN";31,4;31;"Karen Khachanov";"R";198;"RUS";25;"4-6 6-2 2-6 6-4 6-4";5;"R64";239;0;3;156;102;69;31;23;8;12;5;3;160;100;60;35;23;14;19;49;1318;25;2280;4;6;2;6;6;6;2;6;4;4;2021-05-31;2021;"2021-520:195";309;0;2,38529015588479;3,35614381022528;31;"Karen Khachanov";39;"Kei Nishikori";3,35614381022528;2,38529015588479;0,970853654340484;25;31,4;-6,4;198;178;20;0,666666666666667;0,736842105263158;0,736842105263158;0,666666666666667;0,0701754385964912;19;12;14;8;5;4;4;5;-1;0;1;0
"833408";"2021-520";"Roland Garros";"Clay";"128";"Grand Slams";199;22;"Fabio Fognini";"R";178;"ITA";34;24;"Marton Fucsovics";"R";188;"HUN";29,3;"7-6(6) 6-1 6-2";5;"R64";136;2;3;90;56;38;21;14;4;6;4;2;87;54;34;14;13;5;11;29;1933;44;1456;7;6;6;NA;NA;6;1;2;NA;NA;2021-05-31;2021;"2021-520:199";310;1;3,14201900487243;2,5405683813627;22;"Fabio Fognini";24;"Marton Fucsovics";3,14201900487243;2,5405683813627;0,601450623509725;34;29,3;4,7;178;188;-10;0,666666666666667;0,454545454545455;0,666666666666667;0,454545454545455;0,212121212121212;11;6;5;4;6;2;6;2;4;0;1;0
"833409";"2021-520";"Roland Garros";"Clay";"128";"Grand Slams";200;16;"Federico Delbonis";"L";190;"ARG";30,6;2;"Pablo Andujar";"R";180;"ESP";35,3;"4-6 6-1 3-6 6-3 6-2";5;"R64";203;14;5;137;100;70;14;22;4;10;2;8;128;83;53;15;21;8;17;51;1225;68;1020;4;6;3;6;6;6;1;6;3;2;2021-05-31;2021;"2021-520:200";311;0;2,3275746580285;1,91253715874966;2;"Pablo Andujar";16;"Federico Delbonis";1,91253715874966;2,3275746580285;-0,415037499278844;35,3;30,6;4,7;180;190;-10;0,4;0,470588235294118;0,470588235294118;0,4;0,0705882352941176;17;10;8;4;9;6;6;9;-3;0;1;0
"833411";"2021-520";"Roland Garros";"Clay";"128";"Grand Slams";202;29;"John Isner";"R";206;"USA";36;33;"Filip Krajinovic";"R";185;"SRB";29,2;"7-6(6) 6-1 7-6(5)";5;"R64";132;23;4;92;58;53;20;16;3;3;8;4;109;73;50;23;15;9;12;34;1730;41;1524;7;6;7;NA;NA;6;1;6;NA;NA;2021-05-31;2021;"2021-520:202";312;1;2,91253715874966;2,64244799538192;29;"John Isner";33;"Filip Krajinovic";2,91253715874966;2,64244799538192;0,270089163367745;36;29,2;6,8;206;185;21;1;0,75;1;0,75;0,25;12;3;9;3;3;0;3;0;3;0;1;0
"833418";"2021-520";"Roland Garros";"Clay";"128";"Grand Slams";209;19;"Novak Djokovic";"R";188;"SRB";34;6;"Ricardas Berankis";"R";175;"LTU";30,9;"6-1 6-4 6-1";5;"R32";92;5;3;67;42;37;13;12;0;0;1;3;75;53;31;7;12;3;9;1;11313;93;839;6;6;6;NA;NA;1;4;1;NA;NA;2021-05-31;2021;"2021-520:209";313;0;8;1,46084118889197;6;"Ricardas Berankis";19;"Novak Djokovic";1,46084118889197;8;-6,53915881110803;30,9;34;-3,1;175;188;-13;1,5;0,333333333333333;0,333333333333333;1,5;-1,16666666666667;9;0;3;0;6;0;0;6;-6;0;1;0
"833424";"2021-520";"Roland Garros";"Clay";"128";"Grand Slams";215;46;"Diego Schwartzman";"R";170;"ARG";28,7;32;"Philipp Kohlschreiber";"R";178;"GER";37,6;"6-4 6-2 6-1";5;"R32";122;0;0;64;43;33;13;13;1;2;2;0;91;58;28;14;12;6;13;10;3465;132;572;6;6;6;NA;NA;4;2;1;NA;NA;2021-05-31;2021;"2021-520:215";314;0;4,67807190511264;0,955605880641547;32;"Philipp Kohlschreiber";46;"Diego Schwartzman";0,955605880641547;4,67807190511264;-3,72246602447109;37,6;28,7;8,9;178;170;8;0,5;0,461538461538462;0,461538461538462;0,5;-0,0384615384615384;13;2;6;1;7;1;1;7;-6;0;1;0
"833426";"2021-520";"Roland Garros";"Clay";"128";"Grand Slams";217;57;"Alexander Zverev";"R";198;"GER";24,1;18;"Laslo Djere";"R";188;"SRB";25,9;"6-2 7-5 6-2";5;"R32";128;4;4;82;58;42;15;14;3;5;3;6;106;60;37;17;14;3;10;6;6990;55;1168;6;7;6;NA;NA;2;5;2;NA;NA;2021-05-31;2021;"2021-520:217";315;0;5,41503749927884;2,21864028647534;18;"Laslo Djere";57;"Alexander Zverev";2,21864028647534;5,41503749927884;-3,1963972128035;25,9;24,1;1,8;188;198;-10;0,6;0,3;0,3;0,6;-0,3;10;5;3;3;7;2;2;7;-5;0;1;0
"833429";"2021-520";"Roland Garros";"Clay";"128";"Grand Slams";220;16;"Federico Delbonis";"L";190;"ARG";30,6;22;"Fabio Fognini";"R";178;"ITA";34;"6-4 6-1 6-3";5;"R32";126;3;1;76;54;42;13;13;4;5;3;3;108;76;48;9;13;8;14;51;1225;29;1933;6;6;6;NA;NA;4;1;3;NA;NA;2021-05-31;2021;"2021-520:220";316;1;2,3275746580285;3,14201900487243;16;"Federico Delbonis";22;"Fabio Fognini";2,3275746580285;3,14201900487243;-0,814444346843923;30,6;34;-3,4;190;178;12;0,8;0,571428571428571;0,8;0,571428571428571;0,228571428571429;14;5;8;4;6;1;6;1;5;0;1;0
"833430";"2021-520";"Roland Garros";"Clay";"128";"Grand Slams";221;53;"Stefanos Tsitsipas";"R";193;"GRE";22,8;29;"John Isner";"R";206;"USA";36;"5-7 6-3 7-6(3) 6-1";5;"R32";158;8;5;119;71;61;29;20;3;4;19;1;111;74;57;19;20;4;7;5;7500;34;1730;5;6;7;6;NA;7;3;6;1;NA;2021-05-31;2021;"2021-520:221";317;0;5,67807190511264;2,91253715874966;29;"John Isner";53;"Stefanos Tsitsipas";2,91253715874966;5,67807190511264;-2,76553474636298;36;22,8;13,2;206;193;13;0,75;0,571428571428571;0,571428571428571;0,75;-0,178571428571429;7;4;4;3;3;1;1;3;-2;0;1;0
"833431";"2021-520";"Roland Garros";"Clay";"128";"Grand Slams";222;9;"Pablo Carreno Busta";"R";188;"ESP";29,8;30;"Steve Johnson";"R";188;"USA";31,4;"6-4 6-4 6-2";5;"R32";122;5;2;93;66;46;16;14;5;6;8;5;91;52;36;15;14;4;9;12;3085;88;878;6;6;6;NA;NA;4;4;2;NA;NA;2021-05-31;2021;"2021-520:222";318;1;4,41503749927884;1,5405683813627;9;"Pablo Carreno Busta";30;"Steve Johnson";4,41503749927884;1,5405683813627;2,87446911791614;29,8;31,4;-1,6;188;188;0;0,833333333333333;0,444444444444444;0,833333333333333;0,444444444444444;0,388888888888889;9;6;4;5;5;1;5;1;4;0;1;0
"833436";"2021-520";"Roland Garros";"Clay";"128";"Grand Slams";227;38;"Rafael Nadal";"L";185;"ESP";34,9;49;"Jannik Sinner";"R";188;"ITA";19,7;"7-5 6-3 6-0";5;"R16";137;4;7;83;48;39;15;14;3;7;0;4;76;50;21;10;13;5;14;3;9630;19;2500;7;6;6;NA;NA;5;3;0;NA;NA;2021-05-31;2021;"2021-520:227";319;1;6,41503749927884;3,75207248655641;38;"Rafael Nadal";49;"Jannik Sinner";6,41503749927884;3,75207248655641;2,66296501272243;34,9;19,7;15,2;185;188;-3;0,428571428571429;0,357142857142857;0,428571428571429;0,357142857142857;0,0714285714285714;14;7;5;3;9;4;9;4;5;0;1;0
"833437";"2021-520";"Roland Garros";"Clay";"128";"Grand Slams";228;46;"Diego Schwartzman";"R";170;"ARG";28,7;51;"Jan Lennard Struff";"R";193;"GER";31;"7-6(9) 6-4 7-5";5;"R16";182;0;4;130;95;57;17;17;8;14;13;5;135;72;46;25;17;7;15;10;3465;42;1500;7;6;7;NA;NA;6;4;5;NA;NA;2021-05-31;2021;"2021-520:228";320;1;4,67807190511264;2,60768257722124;46;"Diego Schwartzman";51;"Jan Lennard Struff";4,67807190511264;2,60768257722124;2,0703893278914;28,7;31;-2,3;170;193;-23;0,571428571428571;0,466666666666667;0,571428571428571;0,466666666666667;0,104761904761905;15;14;7;8;8;6;8;6;2;0;1;0
"833438";"2021-520";"Roland Garros";"Clay";"128";"Grand Slams";229;57;"Alexander Zverev";"R";198;"GER";24,1;39;"Kei Nishikori";"R";178;"JPN";31,4;"6-4 6-1 6-1";5;"R16";114;5;2;66;47;32;13;12;2;4;0;0;88;53;21;17;12;3;11;6;6990;49;1318;6;6;6;NA;NA;4;1;1;NA;NA;2021-05-31;2021;"2021-520:229";321;0;5,41503749927884;2,38529015588479;39;"Kei Nishikori";57;"Alexander Zverev";2,38529015588479;5,41503749927884;-3,02974734339405;31,4;24,1;7,3;178;198;-20;0,5;0,272727272727273;0,272727272727273;0,5;-0,227272727272727;11;4;3;2;8;2;2;8;-6;0;1;0
"833440";"2021-520";"Roland Garros";"Clay";"128";"Grand Slams";231;53;"Stefanos Tsitsipas";"R";193;"GRE";22,8;9;"Pablo Carreno Busta";"R";188;"ESP";29,8;"6-3 6-2 7-5";5;"R16";127;6;0;95;63;47;19;15;5;6;1;1;86;63;39;10;14;7;12;5;7500;12;3085;6;6;7;NA;NA;3;2;5;NA;NA;2021-05-31;2021;"2021-520:231";322;0;5,67807190511264;4,41503749927884;9;"Pablo Carreno Busta";53;"Stefanos Tsitsipas";4,41503749927884;5,67807190511264;-1,26303440583379;29,8;22,8;7;188;193;-5;0,833333333333333;0,583333333333333;0,583333333333333;0,833333333333333;-0,25;12;6;7;5;5;1;1;5;-4;0;1;0
"833441";"2021-520";"Roland Garros";"Clay";"128";"Grand Slams";232;35;"Daniil Medvedev";"R";198;"RUS";25,3;25;"Cristian Garin";"R";185;"CHI";25;"6-2 6-1 7-5";5;"R16";124;14;6;78;44;38;18;14;1;2;0;3;92;59;33;14;13;5;11;2;9793;23;2350;6;6;7;NA;NA;2;1;5;NA;NA;2021-05-31;2021;"2021-520:232";323;0;7;3,47643804394299;25;"Cristian Garin";35;"Daniil Medvedev";3,47643804394299;7;-3,52356195605701;25;25,3;-0,300000000000001;185;198;-13;0,5;0,454545454545455;0,454545454545455;0,5;-0,0454545454545455;11;2;5;1;6;1;1;6;-5;0;1;0
"833442";"2021-520";"Roland Garros";"Clay";"128";"Grand Slams";233;19;"Novak Djokovic";"R";188;"SRB";34;8;"Matteo Berrettini";"R";196;"ITA";25,1;"6-3 6-2 6-7(5) 7-5";5;"QF";208;10;1;132;92;71;26;21;3;3;11;3;144;94;67;21;20;5;9;1;11313;9;3958;6;6;6;7;NA;3;2;7;5;NA;2021-05-31;2021;"2021-520:233";324;0;8;4,83007499855769;8;"Matteo Berrettini";19;"Novak Djokovic";4,83007499855769;8;-3,16992500144231;25,1;34;-8,9;196;188;8;1;0,555555555555556;0,555555555555556;1;-0,444444444444444;9;3;5;3;4;0;0;4;-4;0;1;0
"833443";"2021-520";"Roland Garros";"Clay";"128";"Grand Slams";234;38;"Rafael Nadal";"L";185;"ESP";34,9;46;"Diego Schwartzman";"R";170;"ARG";28,7;"6-3 4-6 6-4 6-0";5;"QF";165;6;3;91;60;44;21;18;1;4;3;3;94;59;35;16;17;7;14;3;9630;10;3465;6;4;6;6;NA;3;6;4;0;NA;2021-05-31;2021;"2021-520:234";325;1;6,41503749927884;4,67807190511264;38;"Rafael Nadal";46;"Diego Schwartzman";6,41503749927884;4,67807190511264;1,73696559416621;34,9;28,7;6,2;185;170;15;0,25;0,5;0,25;0,5;-0,25;14;4;7;1;7;3;7;3;4;0;1;0
"833445";"2021-520";"Roland Garros";"Clay";"128";"Grand Slams";236;53;"Stefanos Tsitsipas";"R";193;"GRE";22,8;35;"Daniil Medvedev";"R";198;"RUS";25,3;"6-3 7-6(3) 7-5";5;"QF";139;3;1;102;66;48;27;17;6;8;5;0;107;72;43;21;16;3;7;5;7500;2;9793;6;7;7;NA;NA;3;6;5;NA;NA;2021-05-31;2021;"2021-520:236";326;0;5,67807190511264;7;35;"Daniil Medvedev";53;"Stefanos Tsitsipas";7;5,67807190511264;1,32192809488736;25,3;22,8;2,5;198;193;5;0,75;0,428571428571429;0,428571428571429;0,75;-0,321428571428571;7;8;3;6;4;2;2;4;-2;0;1;0
"833446";"2021-520";"Roland Garros";"Clay";"128";"Grand Slams";237;19;"Novak Djokovic";"R";188;"SRB";34;38;"Rafael Nadal";"L";185;"ESP";34,9;"3-6 6-3 7-6(4) 6-2";5;"SF";251;6;3;133;85;55;24;19;10;16;6;8;133;86;51;19;19;14;22;1;11313;3;9630;3;6;7;6;NA;6;3;6;2;NA;2021-05-31;2021;"2021-520:237";327;1;8;6,41503749927884;19;"Novak Djokovic";38;"Rafael Nadal";8;6,41503749927884;1,58496250072116;34;34,9;-0,899999999999999;188;185;3;0,625;0,636363636363636;0,625;0,636363636363636;-0,0113636363636364;22;16;14;10;8;6;8;6;2;0;1;0
"833447";"2021-520";"Roland Garros";"Clay";"128";"Grand Slams";238;53;"Stefanos Tsitsipas";"R";193;"GRE";22,8;57;"Alexander Zverev";"R";198;"GER";24,1;"6-3 6-3 4-6 4-6 6-3";5;"SF";217;8;3;138;94;71;23;24;3;6;11;7;142;99;74;17;23;9;14;5;7500;6;6990;6;6;4;4;6;3;3;6;6;3;2021-05-31;2021;"2021-520:238";328;1;5,67807190511264;5,41503749927884;53;"Stefanos Tsitsipas";57;"Alexander Zverev";5,67807190511264;5,41503749927884;0,263034405833794;22,8;24,1;-1,3;193;198;-5;0,5;0,642857142857143;0,5;0,642857142857143;-0,142857142857143;14;6;9;3;5;3;5;3;2;0;1;0
"833448";"2021-520";"Roland Garros";"Clay";"128";"Grand Slams";239;19;"Novak Djokovic";"R";188;"SRB";34;53;"Stefanos Tsitsipas";"R";193;"GRE";22,8;"6-7(6) 2-6 6-3 6-2 6-4";5;"F";251;5;3;134;91;71;23;24;5;8;14;4;177;109;73;34;23;11;16;1;11313;5;7500;6;2;6;6;6;7;6;3;2;4;2021-05-31;2021;"2021-520:239";329;1;8;5,67807190511264;19;"Novak Djokovic";53;"Stefanos Tsitsipas";8;5,67807190511264;2,32192809488736;34;22,8;11,2;188;193;-5;0,625;0,6875;0,625;0,6875;-0,0625;16;8;11;5;5;3;5;3;2;0;1;0
"858315";"2022-520";"Roland Garros";"Clay";"128";"Grand Slams";145;45;"Casper Ruud";"R";183;"NOR";23,4;54;"Jo-Wilfried Tsonga";"R";188;"FRA";37;"6-7(6) 7-6(4) 6-2 7-6(0)";5;"R128";NA;7;1;142;102;77;23;22;5;7;5;3;154;100;72;20;22;6;10;8;3940;297;168;6;7;6;7;NA;7;6;2;6;NA;2022-05-23;2022;"2022-520:145";330;1;5;-0,214319120800766;45;"Casper Ruud";54;"Jo-Wilfried Tsonga";5;-0,214319120800766;5,21431912080077;23,4;37;-13,6;183;188;-5;0,714285714285714;0,6;0,714285714285714;0,6;0,114285714285714;10;7;6;5;4;2;4;2;2;0;1;0
"858321";"2022-520";"Roland Garros";"Clay";"128";"Grand Slams";151;10;"Marco Cecchinato";"R";185;"ITA";29,6;2;"Pablo Andujar";"R";180;"ESP";36,3;"4-6 4-6 6-0 7-5 6-0";5;"R128";NA;4;2;148;105;71;22;22;11;16;1;10;162;103;63;21;22;10;20;132;475;98;656;4;4;6;7;6;6;6;0;5;0;2022-05-23;2022;"2022-520:151";331;0;0,955605880641547;1,38529015588479;2;"Pablo Andujar";10;"Marco Cecchinato";1,38529015588479;0,955605880641547;0,429684275243245;36,3;29,6;6,7;180;185;-5;0,6875;0,5;0,5;0,6875;-0,1875;20;16;10;11;10;5;5;10;-5;0;1;0
"858339";"2022-520";"Roland Garros";"Clay";"128";"Grand Slams";169;48;"Gilles Simon";"R";183;"FRA";37,4;9;"Pablo Carreno Busta";"R";188;"ESP";30,8;"6-4 6-4 4-6 1-6 6-4";5;"R128";NA;3;5;115;88;54;26;23;10;19;5;5;120;101;62;19;24;4;13;158;391;18;2135;6;6;4;1;6;4;4;6;6;4;2022-05-23;2022;"2022-520:169";332;0;0,696219251822897;3,83007499855769;9;"Pablo Carreno Busta";48;"Gilles Simon";3,83007499855769;0,696219251822897;3,13385574673479;30,8;37,4;-6,6;188;183;5;0,526315789473684;0,307692307692308;0,307692307692308;0,526315789473684;-0,218623481781376;13;19;4;10;9;9;9;9;0;0;1;0
"858345";"2022-520";"Roland Garros";"Clay";"128";"Grand Slams";175;18;"Laslo Djere";"R";188;"SRB";26,9;6;"Ricardas Berankis";"R";175;"LTU";31,9;"6-4 6-4 6-4";5;"R128";NA;2;4;99;63;44;20;15;4;6;2;4;89;59;39;13;15;5;10;56;956;101;645;6;6;6;NA;NA;4;4;4;NA;NA;2022-05-23;2022;"2022-520:175";333;0;2,1926450779424;1,34178851724821;6;"Ricardas Berankis";18;"Laslo Djere";1,34178851724821;2,1926450779424;-0,850856560694191;31,9;26,9;5;175;188;-13;0,666666666666667;0,5;0,5;0,666666666666667;-0,166666666666667;10;6;5;4;5;2;2;5;-3;0;1;0
"858348";"2022-520";"Roland Garros";"Clay";"128";"Grand Slams";178;5;"Aljaz Bedene";"R";181;"SLO";32,8;14;"Pablo Cuevas";"R";180;"URU";36,3;"4-6 6-4 7-6(5) 6-4";5;"R64";NA;13;5;128;72;54;29;21;7;11;4;5;147;93;57;29;21;10;15;195;291;149;418;4;6;7;6;NA;6;4;6;4;NA;2022-05-23;2022;"2022-520:178";334;1;0,39266968625039;0,780831479537839;5;"Aljaz Bedene";14;"Pablo Cuevas";0,39266968625039;0,780831479537839;-0,388161793287449;32,8;36,3;-3,5;181;180;1;0,636363636363636;0,666666666666667;0,636363636363636;0,666666666666667;-0,0303030303030303;15;11;10;7;5;4;5;4;1;0;1;0
"858349";"2022-520";"Roland Garros";"Clay";"128";"Grand Slams";179;17;"Grigor Dimitrov";"R";188;"BUL";31;13;"Borna Coric";"R";188;"CRO";25,5;"6-0 6-4 6-3";5;"R64";NA;4;2;75;55;43;13;13;2;2;5;0;71;47;26;13;12;4;9;21;1740;279;183;6;6;6;NA;NA;0;4;3;NA;NA;2022-05-23;2022;"2022-520:179";335;0;3,60768257722124;-0,124121311829187;13;"Borna Coric";17;"Grigor Dimitrov";-0,124121311829187;3,60768257722124;-3,73180388905043;25,5;31;-5,5;188;188;0;1;0,444444444444444;0,444444444444444;1;-0,555555555555556;9;2;4;2;5;0;0;5;-5;0;1;0
"858371";"2022-520";"Roland Garros";"Clay";"128";"Grand Slams";201;44;"Andrey Rublev";"R";188;"RUS";24,5;16;"Federico Delbonis";"L";190;"ARG";31,6;"6-3 3-6 6-2 6-3";5;"R64";NA;8;1;108;74;56;20;18;3;4;7;2;108;78;52;14;17;5;9;7;3945;65;894;6;3;6;6;NA;3;6;2;3;NA;2022-05-23;2022;"2022-520:201";336;0;5,1926450779424;1,97763218697155;16;"Federico Delbonis";44;"Andrey Rublev";1,97763218697155;5,1926450779424;-3,21501289097085;31,6;24,5;7,1;190;188;2;0,75;0,555555555555556;0,555555555555556;0,75;-0,194444444444444;9;4;5;3;4;1;1;4;-3;0;1;0
"858375";"2022-520";"Roland Garros";"Clay";"128";"Grand Slams";205;48;"Gilles Simon";"R";183;"FRA";37,4;30;"Steve Johnson";"R";188;"USA";32,4;"7-5 6-1 7-6(6)";5;"R64";NA;5;2;102;74;50;15;16;3;7;3;3;107;64;39;16;15;10;17;158;391;92;689;7;6;7;NA;NA;5;1;6;NA;NA;2022-05-23;2022;"2022-520:205";337;0;0,696219251822897;1,47643804394299;30;"Steve Johnson";48;"Gilles Simon";1,47643804394299;0,696219251822897;0,78021879212009;32,4;37,4;-5;188;183;5;0,428571428571429;0,588235294117647;0,588235294117647;0,428571428571429;0,159663865546219;17;7;10;3;7;4;4;7;-3;0;1;0
"858376";"2022-520";"Roland Garros";"Clay";"128";"Grand Slams";206;12;"Marin Cilic";"R";198;"CRO";33,6;24;"Marton Fucsovics";"R";188;"HUN";30,2;"4-6 6-4 6-2 6-3";5;"R64";NA;12;6;119;66;51;32;19;7;9;4;6;118;78;51;18;18;6;11;23;1695;57;955;4;6;6;6;NA;6;4;2;3;NA;2022-05-23;2022;"2022-520:206";338;1;3,47643804394299;2,16710998583526;12;"Marin Cilic";24;"Marton Fucsovics";3,47643804394299;2,16710998583526;1,30932805810773;33,6;30,2;3,4;198;188;10;0,777777777777778;0,545454545454545;0,777777777777778;0,545454545454545;0,232323232323232;11;9;6;7;5;2;5;2;3;0;1;0
"858378";"2022-520";"Roland Garros";"Clay";"128";"Grand Slams";208;35;"Daniil Medvedev";"R";198;"RUS";26,2;18;"Laslo Djere";"R";188;"SRB";26,9;"6-3 6-4 6-3";5;"R64";NA;7;5;102;85;55;6;14;5;8;0;7;127;98;56;8;14;11;18;2;7980;56;956;6;6;6;NA;NA;3;4;3;NA;NA;2022-05-23;2022;"2022-520:208";339;0;7;2,1926450779424;18;"Laslo Djere";35;"Daniil Medvedev";2,1926450779424;7;-4,8073549220576;26,9;26,2;0,699999999999999;188;198;-10;0,625;0,611111111111111;0,611111111111111;0,625;-0,0138888888888888;18;8;11;5;7;3;3;7;-4;0;1;0
"858379";"2022-520";"Roland Garros";"Clay";"128";"Grand Slams";209;19;"Novak Djokovic";"R";188;"SRB";35;5;"Aljaz Bedene";"R";181;"SLO";32,8;"6-3 6-3 6-2";5;"R32";NA;9;1;66;48;41;13;13;1;1;4;2;83;56;35;11;13;6;11;1;8660;195;291;6;6;6;NA;NA;3;3;2;NA;NA;2022-05-23;2022;"2022-520:209";340;0;8;0,39266968625039;5;"Aljaz Bedene";19;"Novak Djokovic";0,39266968625039;8;-7,60733031374961;32,8;35;-2,2;181;188;-7;1;0,545454545454545;0,545454545454545;1;-0,454545454545455;11;1;6;1;5;0;0;5;-5;0;1;0
"858380";"2022-520";"Roland Garros";"Clay";"128";"Grand Slams";210;46;"Diego Schwartzman";"R";170;"ARG";29,7;17;"Grigor Dimitrov";"R";188;"BUL";31;"6-3 6-1 6-2";5;"R32";NA;0;4;78;51;35;16;12;7;9;4;3;90;55;28;11;12;12;20;16;2505;21;1740;6;6;6;NA;NA;3;1;2;NA;NA;2022-05-23;2022;"2022-520:210";341;0;4;3,60768257722124;17;"Grigor Dimitrov";46;"Diego Schwartzman";3,60768257722124;4;-0,392317422778761;31;29,7;1,3;188;170;18;0,777777777777778;0,6;0,6;0,777777777777778;-0,177777777777778;20;9;12;7;8;2;2;8;-6;0;1;0
"858391";"2022-520";"Roland Garros";"Clay";"128";"Grand Slams";221;44;"Andrey Rublev";"R";188;"RUS";24,5;25;"Cristian Garin";"R";185;"CHI";25,9;"6-4 3-6 6-2 7-6(11)";5;"R32";NA;10;4;129;74;55;32;19;2;5;4;3;138;93;58;27;20;8;13;7;3945;37;1168;6;3;6;7;NA;4;6;2;6;NA;2022-05-23;2022;"2022-520:221";342;0;5,1926450779424;2,79054663437105;25;"Cristian Garin";44;"Andrey Rublev";2,79054663437105;5,1926450779424;-2,40209844357135;25,9;24,5;1,4;185;188;-3;0,4;0,615384615384615;0,615384615384615;0,4;0,215384615384615;13;5;8;2;5;3;3;5;-2;0;1;0
"858393";"2022-520";"Roland Garros";"Clay";"128";"Grand Slams";223;12;"Marin Cilic";"R";198;"CRO";33,6;48;"Gilles Simon";"R";183;"FRA";37,4;"6-0 6-3 6-2";5;"R32";NA;8;2;66;39;28;15;12;0;2;1;1;74;51;20;10;11;5;13;23;1695;158;391;6;6;6;NA;NA;0;3;2;NA;NA;2022-05-23;2022;"2022-520:223";343;1;3,47643804394299;0,696219251822897;12;"Marin Cilic";48;"Gilles Simon";3,47643804394299;0,696219251822897;2,78021879212009;33,6;37,4;-3,8;198;183;15;0;0,384615384615385;0;0,384615384615385;-0,384615384615385;13;2;5;0;8;2;8;2;6;0;1;0
"858395";"2022-520";"Roland Garros";"Clay";"128";"Grand Slams";225;19;"Novak Djokovic";"R";188;"SRB";35;46;"Diego Schwartzman";"R";170;"ARG";29,7;"6-1 6-3 6-3";5;"R16";NA;3;1;83;58;42;14;13;7;8;1;5;82;67;32;8;12;5;11;1;8660;16;2505;6;6;6;NA;NA;1;3;3;NA;NA;2022-05-23;2022;"2022-520:225";344;1;8;4;19;"Novak Djokovic";46;"Diego Schwartzman";8;4;4;35;29,7;5,3;188;170;18;0,875;0,454545454545455;0,875;0,454545454545455;0,420454545454545;11;8;5;7;6;1;6;1;5;0;1;0
"858402";"2022-520";"Roland Garros";"Clay";"128";"Grand Slams";232;12;"Marin Cilic";"R";198;"CRO";33,6;35;"Daniil Medvedev";"R";198;"RUS";26,2;"6-2 6-3 6-2";5;"R16";NA;5;0;70;39;35;18;13;0;0;4;5;75;45;28;15;12;2;7;23;1695;2;7980;6;6;6;NA;NA;2;3;2;NA;NA;2022-05-23;2022;"2022-520:232";345;1;3,47643804394299;7;12;"Marin Cilic";35;"Daniil Medvedev";3,47643804394299;7;-3,52356195605701;33,6;26,2;7,4;198;198;0;1,5;0,285714285714286;1,5;0,285714285714286;1,21428571428571;7;0;2;0;5;0;5;0;5;0;1;0
"858403";"2022-520";"Roland Garros";"Clay";"128";"Grand Slams";233;38;"Rafael Nadal";"L";185;"ESP";35,9;19;"Novak Djokovic";"R";188;"SRB";35;"6-2 4-6 6-2 7-6(4)";5;"QF";252;3;4;138;99;64;24;19;8;12;5;4;140;97;62;18;19;10;17;5;5525;1;8660;6;4;6;7;NA;2;6;2;6;NA;2022-05-23;2022;"2022-520:233";346;0;5,67807190511264;8;19;"Novak Djokovic";38;"Rafael Nadal";8;5,67807190511264;2,32192809488736;35;35,9;-0,899999999999999;188;185;3;0,666666666666667;0,588235294117647;0,588235294117647;0,666666666666667;-0,0784313725490196;17;12;10;8;7;4;4;7;-3;0;1;0
"858406";"2022-520";"Roland Garros";"Clay";"128";"Grand Slams";236;12;"Marin Cilic";"R";198;"CRO";33,6;44;"Andrey Rublev";"R";188;"RUS";24,5;"5-7 6-3 6-4 3-6 7-6(2)";5;"QF";NA;33;2;186;111;81;42;26;6;8;15;2;159;108;79;28;26;5;7;23;1695;7;3945;5;6;6;3;7;7;3;4;6;6;2022-05-23;2022;"2022-520:236";347;1;3,47643804394299;5,1926450779424;12;"Marin Cilic";44;"Andrey Rublev";3,47643804394299;5,1926450779424;-1,71620703399941;33,6;24,5;9,1;198;188;10;0,75;0,714285714285714;0,75;0,714285714285714;0,0357142857142857;7;8;5;6;2;2;2;2;0;0;1;0
"858408";"2022-520";"Roland Garros";"Clay";"128";"Grand Slams";238;45;"Casper Ruud";"R";183;"NOR";23,4;12;"Marin Cilic";"R";198;"CRO";33,6;"3-6 6-4 6-2 6-2";5;"SF";NA;16;0;109;70;50;25;18;7;9;10;2;115;76;52;17;17;10;15;8;3940;23;1695;3;6;6;6;NA;6;4;2;2;NA;2022-05-23;2022;"2022-520:238";348;0;5;3,47643804394299;12;"Marin Cilic";45;"Casper Ruud";3,47643804394299;5;-1,52356195605701;33,6;23,4;10,2;198;183;15;0,777777777777778;0,666666666666667;0,666666666666667;0,777777777777778;-0,111111111111111;15;9;10;7;5;2;2;5;-3;0;1;0
"858409";"2022-520";"Roland Garros";"Clay";"128";"Grand Slams";239;38;"Rafael Nadal";"L";185;"ESP";35,9;45;"Casper Ruud";"R";183;"NOR";23,4;"6-3 6-3 6-0";5;"F";138;1;3;61;39;32;10;12;1;3;0;1;80;54;27;9;12;8;16;5;5525;8;3940;6;6;6;NA;NA;3;3;0;NA;NA;2022-05-23;2022;"2022-520:239";349;1;5,67807190511264;5;38;"Rafael Nadal";45;"Casper Ruud";5,67807190511264;5;0,678071905112638;35,9;23,4;12,5;185;183;2;0,333333333333333;0,5;0,333333333333333;0,5;-0,166666666666667;16;3;8;1;8;2;8;2;6;0;1;0
