"";"tourney_id";"tourney_name";"surface";"draw_size";"tourney_level";"match_num";"winner_id";"winner_name";"winner_hand";"winner_ht";"winner_ioc";"winner_age";"loser_id";"loser_name";"loser_hand";"loser_ht";"loser_ioc";"loser_age";"score";"best_of";"round";"minutes";"w_ace";"w_df";"w_svpt";"w_1stIn";"w_1stWon";"w_2ndWon";"w_SvGms";"w_bpSaved";"w_bpFaced";"l_ace";"l_df";"l_svpt";"l_1stIn";"l_1stWon";"l_2ndWon";"l_SvGms";"l_bpSaved";"l_bpFaced";"winner_rank";"winner_rank_points";"loser_rank";"loser_rank_points";"W1";"W2";"W3";"W4";"W5";"L1";"L2";"L3";"L4";"L5";"tourney_start_date";"year";"match_id";"Time";"y";"transformed_winner_rank";"transformed_loser_rank";"player_i_id";"player_i_name";"player_j_id";"player_j_name";"transformed_rank_i";"transformed_rank_j";"diff_transformed_rank";"age_i";"age_j";"diff_age";"height_i";"height_j";"diff_height";"w_bp_saved_ratio";"l_bp_saved_ratio";"bp_saved_ratio_i";"bp_saved_ratio_j";"diff_bp_saved_ratio";"w_bp_chances";"l_bp_chances";"w_bp_lost";"l_bp_lost";"w_bp_won";"l_bp_won";"bp_won_i";"bp_won_j";"diff_bp_won";"I_grass";"I_clay";"I_hard"
"405909";"2005-410";"Monte Carlo Masters";"Clay";"64";"Masters";13;74;"Rafael Nadal";"L";185;"ESP";18,8;69;"Gael Monfils";"R";193;"FRA";18,6;"6-3 6-2";3;"R64";84;0;0;55;38;24;9;9;4;6;1;0;52;27;15;8;8;3;8;17;1340;106;406;6;6;NA;NA;NA;3;2;NA;NA;NA;2005-04-11;2005;"2005-410:13";1;0;1,91253715874966;-0,727920454563199;69;"Gael Monfils";74;"Rafael Nadal";-0,727920454563199;1,91253715874966;-2,64045761331286;18,6;18,8;-0,199999999999999;193;185;8;0,666666666666667;0,375;0,375;0,666666666666667;-0,291666666666667;8;6;3;4;5;2;2;5;-3;0;1;0
"405957";"2005-410";"Monte Carlo Masters";"Clay";"64";"Masters";61;74;"Rafael Nadal";"L";185;"ESP";18,8;40;"Richard Gasquet";"R";185;"FRA";18,8;"6-7(6) 6-4 6-3";3;"SF";165;2;3;112;79;44;16;16;9;14;2;1;115;57;31;27;15;5;12;17;1340;101;420;6;6;6;NA;NA;7;4;3;NA;NA;2005-04-11;2005;"2005-410:61";2;0;1,91253715874966;-0,658211482751795;40;"Richard Gasquet";74;"Rafael Nadal";-0,658211482751795;1,91253715874966;-2,57074864150146;18,8;18,8;0;185;185;0;0,642857142857143;0,416666666666667;0,416666666666667;0,642857142857143;-0,226190476190476;12;14;5;9;7;5;5;7;-2;0;1;0
"407326";"2005-416";"Rome Masters";"Clay";"64";"Masters";3;107;"Stan Wawrinka";"R";183;"SUI";20;8;"Tomas Berdych";"R";196;"CZE";19,6;"6-1 6-4";3;"R64";66;3;2;61;39;26;13;9;3;4;2;2;44;24;16;5;8;0;4;99;421;47;811;6;6;NA;NA;NA;1;4;NA;NA;NA;2005-05-02;2005;"2005-416:3";3;0;-0,62935662007961;0,445411148322362;8;"Tomas Berdych";107;"Stan Wawrinka";0,445411148322362;-0,62935662007961;1,07476776840197;19,6;20;-0,399999999999999;196;183;13;0,75;0;0;0,75;-0,75;4;4;0;3;4;1;1;4;-3;0;1;0
"407348";"2005-416";"Rome Masters";"Clay";"64";"Masters";25;74;"Rafael Nadal";"L";185;"ESP";18,9;108;"Mikhail Youzhny";"R";183;"RUS";22,8;"6-0 6-2";3;"R64";60;1;2;41;24;19;10;7;1;2;1;1;40;28;12;3;7;3;9;7;2100;26;1185;6;6;NA;NA;NA;0;2;NA;NA;NA;2005-05-02;2005;"2005-416:25";4;1;3,1926450779424;1,29956028185891;74;"Rafael Nadal";108;"Mikhail Youzhny";3,1926450779424;1,29956028185891;1,89308479608349;18,9;22,8;-3,9;185;183;2;0,5;0,333333333333333;0,5;0,333333333333333;0,166666666666667;9;2;3;1;6;1;6;1;5;0;1;0
"407357";"2005-416";"Rome Masters";"Clay";"64";"Masters";34;105;"Fernando Verdasco";"L";188;"ESP";21,4;107;"Stan Wawrinka";"R";183;"SUI";20;"7-6(8) 6-2";3;"R32";99;7;2;78;66;45;6;10;6;7;1;4;65;40;25;15;10;2;5;56;685;99;421;7;6;NA;NA;NA;6;2;NA;NA;NA;2005-05-02;2005;"2005-416:34";5;1;0,192645077942396;-0,62935662007961;105;"Fernando Verdasco";107;"Stan Wawrinka";0,192645077942396;-0,62935662007961;0,822001698022006;21,4;20;1,4;188;183;5;0,857142857142857;0,4;0,857142857142857;0,4;0,457142857142857;5;7;2;6;3;1;3;1;2;0;1;0
"407383";"2005-416";"Rome Masters";"Clay";"64";"Masters";60;74;"Rafael Nadal";"L";185;"ESP";18,9;96;"Radek Stepanek";"R";185;"CZE";26,4;"5-7 6-1 6-1";3;"QF";129;0;0;78;58;42;10;13;2;4;2;3;82;51;30;13;13;5;11;7;2100;17;1330;5;6;6;NA;NA;7;1;1;NA;NA;2005-05-02;2005;"2005-416:60";6;1;3,1926450779424;1,91253715874966;74;"Rafael Nadal";96;"Radek Stepanek";3,1926450779424;1,91253715874966;1,28010791919273;18,9;26,4;-7,5;185;185;0;0,5;0,454545454545455;0,5;0,454545454545455;0,0454545454545455;11;4;5;2;6;2;6;2;4;0;1;0
"407385";"2005-416";"Rome Masters";"Clay";"64";"Masters";62;74;"Rafael Nadal";"L";185;"ESP";18,9;34;"David Ferrer";"R";175;"ESP";23;"4-6 6-4 7-5";3;"SF";149;0;0;102;71;43;16;16;1;7;2;4;82;51;31;14;16;2;9;7;2100;25;1210;4;6;7;NA;NA;6;4;5;NA;NA;2005-05-02;2005;"2005-416:62";7;0;3,1926450779424;1,35614381022528;34;"David Ferrer";74;"Rafael Nadal";1,35614381022528;3,1926450779424;-1,83650126771712;23;18,9;4,1;175;185;-10;0,142857142857143;0,222222222222222;0,222222222222222;0,142857142857143;0,0793650793650794;9;7;2;1;7;6;6;7;-1;0;1;0
"430273";"2006-410";"Monte Carlo Masters";"Clay";"64";"Masters";1;33;"Roger Federer";"R";185;"SUI";24,6;28;"Novak Djokovic";"R";188;"SRB";18,9;"6-3 2-6 6-3";3;"R64";109;1;0;73;39;28;21;13;0;2;1;4;94;61;36;19;13;8;11;1;6810;67;606;6;2;6;NA;NA;3;6;3;NA;NA;2006-04-17;2006;"2006-410:1";8;0;6;-0,0660891904577721;28;"Novak Djokovic";33;"Roger Federer";-0,0660891904577721;6;-6,06608919045777;18,9;24,6;-5,7;188;185;3;0;0,727272727272727;0,727272727272727;0;0,727272727272727;11;2;8;0;3;2;2;3;-1;0;1;0
"431862";"2006-416";"Rome Masters";"Clay";"64";"Masters";31;106;"Filippo Volandri";"R";183;"ITA";24,6;72;"Andy Murray";"R";190;"GBR";18,9;"6-4 6-4";3;"R64";95;0;1;63;33;21;15;10;0;3;1;4;73;36;20;17;10;7;12;46;796;44;807;6;6;NA;NA;NA;4;4;NA;NA;NA;2006-05-08;2006;"2006-416:31";9;0;0,476438043942987;0,540568381362703;72;"Andy Murray";106;"Filippo Volandri";0,540568381362703;0,476438043942987;0,0641303374197157;18,9;24,6;-5,7;190;183;7;0;0,583333333333333;0,583333333333333;0;0,583333333333333;12;3;7;0;5;3;3;5;-2;0;1;0
"431879";"2006-416";"Rome Masters";"Clay";"64";"Masters";48;74;"Rafael Nadal";"L";185;"ESP";19,9;106;"Filippo Volandri";"R";183;"ITA";24,6;"6-1 6-2";3;"R32";71;0;1;52;34;27;9;8;4;4;1;1;36;28;10;5;7;2;6;2;4135;46;796;6;6;NA;NA;NA;1;2;NA;NA;NA;2006-05-08;2006;"2006-416:48";10;1;5;0,476438043942987;74;"Rafael Nadal";106;"Filippo Volandri";5;0,476438043942987;4,52356195605701;19,9;24,6;-4,7;185;183;2;1;0,333333333333333;1;0,333333333333333;0,666666666666667;6;4;2;4;4;0;4;0;4;0;1;0
"431893";"2006-416";"Rome Masters";"Clay";"64";"Masters";62;74;"Rafael Nadal";"L";185;"ESP";19,9;69;"Gael Monfils";"R";193;"FRA";19,6;"6-2 6-2";3;"SF";77;0;0;51;39;24;7;8;2;3;0;4;46;25;13;7;8;2;7;2;4135;35;904;6;6;NA;NA;NA;2;2;NA;NA;NA;2006-05-08;2006;"2006-416:62";11;0;5;0,870716983055034;69;"Gael Monfils";74;"Rafael Nadal";0,870716983055034;5;-4,12928301694497;19,6;19,9;-0,299999999999997;193;185;8;0,666666666666667;0,285714285714286;0,285714285714286;0,666666666666667;-0,380952380952381;7;3;2;2;5;1;1;5;-4;0;1;0
"432245";"2006-414";"Hamburg Masters";"Clay";"64";"Masters";10;90;"Andreas Seppi";"R";190;"ITA";22,2;107;"Stan Wawrinka";"R";183;"SUI";21,1;"2-6 7-6(4) 6-1";3;"R64";118;1;3;98;57;36;28;14;7;9;10;5;86;47;35;19;13;4;6;70;578;56;683;2;7;6;NA;NA;6;6;1;NA;NA;2006-05-15;2006;"2006-414:10";12;1;-0,129283016944966;0,192645077942396;90;"Andreas Seppi";107;"Stan Wawrinka";-0,129283016944966;0,192645077942396;-0,321928094887363;22,2;21,1;1,1;190;183;7;0,777777777777778;0,666666666666667;0,777777777777778;0,666666666666667;0,111111111111111;6;9;4;7;2;2;2;2;0;0;1;0
"432250";"2006-414";"Hamburg Masters";"Clay";"64";"Masters";15;72;"Andy Murray";"R";190;"GBR";19;69;"Gael Monfils";"R";193;"FRA";19,7;"6-4 6-1";3;"R64";81;1;0;53;28;16;13;8;2;5;1;0;65;34;17;10;9;9;16;46;797;29;1110;6;6;NA;NA;NA;4;1;NA;NA;NA;2006-05-15;2006;"2006-414:15";13;0;0,476438043942987;1,14201900487243;69;"Gael Monfils";72;"Andy Murray";1,14201900487243;0,476438043942987;0,665580960929441;19,7;19;0,699999999999999;193;190;3;0,4;0,5625;0,5625;0,4;0,1625;16;5;9;2;7;3;3;7;-4;0;1;0
"432277";"2006-414";"Hamburg Masters";"Clay";"64";"Masters";42;105;"Fernando Verdasco";"L";188;"ESP";22,4;28;"Novak Djokovic";"R";188;"SRB";18,9;"6-4 6-3";3;"R32";89;1;1;56;47;28;6;9;4;7;1;0;60;46;20;7;10;3;9;34;895;71;577;6;6;NA;NA;NA;4;3;NA;NA;NA;2006-05-15;2006;"2006-414:42";14;0;0,912537158749661;-0,149747119504682;28;"Novak Djokovic";105;"Fernando Verdasco";-0,149747119504682;0,912537158749661;-1,06228427825434;18,9;22,4;-3,5;188;188;0;0,571428571428571;0,333333333333333;0,333333333333333;0,571428571428571;-0,238095238095238;9;7;3;4;6;3;3;6;-3;0;1;0
"454108";"2007-410";"Monte Carlo Masters";"Clay";"56";"Masters";63;34;"David Ferrer";"R";175;"ESP";25;28;"Novak Djokovic";"R";188;"SRB";19,9;"7-5 6-4";3;"R16";109;2;5;74;46;31;13;11;1;4;3;3;81;50;30;13;11;6;11;16;1615;7;2540;7;6;NA;NA;NA;5;4;NA;NA;NA;2007-04-15;2007;"2007-410:63";15;0;2;3,1926450779424;28;"Novak Djokovic";34;"David Ferrer";3,1926450779424;2;1,1926450779424;19,9;25;-5,1;188;175;13;0,25;0,545454545454545;0,545454545454545;0,25;0,295454545454545;11;4;6;1;5;3;3;5;-2;0;1;0
"454118";"2007-410";"Monte Carlo Masters";"Clay";"56";"Masters";73;74;"Rafael Nadal";"L";185;"ESP";20,8;55;"Philipp Kohlschreiber";"R";178;"GER";23,4;"6-2 6-3";3;"QF";77;4;0;50;30;23;15;9;2;2;1;2;48;22;10;16;8;5;8;2;4875;59;615;6;6;NA;NA;NA;2;3;NA;NA;NA;2007-04-15;2007;"2007-410:73";16;0;5;0,117356950638158;55;"Philipp Kohlschreiber";74;"Rafael Nadal";0,117356950638158;5;-4,88264304936184;23,4;20,8;2,6;178;185;-7;1;0,625;0,625;1;-0,375;8;2;5;2;3;0;0;3;-3;0;1;0
"454120";"2007-410";"Monte Carlo Masters";"Clay";"56";"Masters";75;74;"Rafael Nadal";"L";185;"ESP";20,8;8;"Tomas Berdych";"R";196;"CZE";21,5;"6-0 7-5";3;"SF";83;2;1;50;24;17;20;9;0;0;1;3;52;30;16;10;9;0;4;2;4875;14;1715;6;7;NA;NA;NA;0;5;NA;NA;NA;2007-04-15;2007;"2007-410:75";17;0;5;2,1926450779424;8;"Tomas Berdych";74;"Rafael Nadal";2,1926450779424;5;-2,8073549220576;21,5;20,8;0,699999999999999;196;185;11;1,5;0;0;1,5;-1,5;4;0;0;0;4;0;0;4;-4;0;1;0
"454121";"2007-410";"Monte Carlo Masters";"Clay";"56";"Masters";76;74;"Rafael Nadal";"L";185;"ESP";20,8;33;"Roger Federer";"R";185;"SUI";25,6;"6-4 6-4";3;"F";95;1;1;66;52;38;8;10;3;3;3;4;66;36;26;13;10;6;8;2;4875;1;7290;6;6;NA;NA;NA;4;4;NA;NA;NA;2007-04-15;2007;"2007-410:76";18;0;5;6;33;"Roger Federer";74;"Rafael Nadal";6;5;1;25,6;20,8;4,8;185;185;0;1;0,75;0,75;1;-0,25;8;3;6;3;2;0;0;2;-2;0;1;0
"455841";"2007-416";"Rome Masters";"Clay";"56";"Masters";26;70;"Albert Montanes";"R";175;"ESP";26,4;107;"Stan Wawrinka";"R";183;"SUI";22,1;"3-6 6-1 7-6(3)";3;"R64";138;2;3;90;59;42;19;14;7;9;5;5;104;60;39;22;14;9;12;57;638;48;740;3;6;7;NA;NA;6;1;6;NA;NA;2007-05-07;2007;"2007-416:26";19;1;0,167109985835259;0,415037499278844;70;"Albert Montanes";107;"Stan Wawrinka";0,167109985835259;0,415037499278844;-0,247927513443585;26,4;22,1;4,3;175;183;-8;0,777777777777778;0,75;0,777777777777778;0,75;0,0277777777777778;12;9;9;7;3;2;3;2;1;0;1;0
"455851";"2007-416";"Rome Masters";"Clay";"56";"Masters";36;92;"Gilles Simon";"R";183;"FRA";22,3;72;"Andy Murray";"R";190;"GBR";19,9;"6-1 1-6 6-3";3;"R64";125;0;0;69;46;32;8;12;2;7;3;6;71;33;20;15;11;5;11;58;615;10;2120;6;1;6;NA;NA;1;6;3;NA;NA;2007-05-07;2007;"2007-416:36";20;0;0,142019004872428;2,67807190511264;72;"Andy Murray";92;"Gilles Simon";2,67807190511264;0,142019004872428;2,53605290024021;19,9;22,3;-2,4;190;183;7;0,285714285714286;0,454545454545455;0,454545454545455;0,285714285714286;0,168831168831169;11;7;5;2;6;5;5;6;-1;0;1;0
"455884";"2007-416";"Rome Masters";"Clay";"56";"Masters";69;74;"Rafael Nadal";"L";185;"ESP";20,9;108;"Mikhail Youzhny";"R";183;"RUS";24,8;"6-2 6-2";3;"R16";86;1;0;41;28;21;11;8;0;0;3;1;66;41;24;9;8;10;14;2;4875;16;1645;6;6;NA;NA;NA;2;2;NA;NA;NA;2007-05-07;2007;"2007-416:69";21;1;5;2;74;"Rafael Nadal";108;"Mikhail Youzhny";5;2;3;20,9;24,8;-3,9;185;183;2;1,5;0,714285714285714;1,5;0,714285714285714;0,785714285714286;14;0;10;0;4;0;4;0;4;0;1;0
"455888";"2007-416";"Rome Masters";"Clay";"56";"Masters";73;74;"Rafael Nadal";"L";185;"ESP";20,9;28;"Novak Djokovic";"R";188;"SRB";19,9;"6-2 6-3";3;"QF";101;2;2;46;34;28;5;8;1;1;1;1;67;48;27;6;9;8;12;2;4875;5;2720;6;6;NA;NA;NA;2;3;NA;NA;NA;2007-05-07;2007;"2007-416:73";22;0;5;3,67807190511264;28;"Novak Djokovic";74;"Rafael Nadal";3,67807190511264;5;-1,32192809488736;19,9;20,9;-1;188;185;3;1;0,666666666666667;0,666666666666667;1;-0,333333333333333;12;1;8;1;4;0;0;4;-4;0;1;0
"456401";"2007-414";"Hamburg Masters";"Clay";"56";"Masters";76;33;"Roger Federer";"R";185;"SUI";25,7;74;"Rafael Nadal";"L";185;"ESP";20,9;"2-6 6-2 6-0";3;"F";115;6;0;73;38;29;17;11;5;7;1;1;79;62;32;8;11;6;11;1;7015;2;4875;2;6;6;NA;NA;6;2;0;NA;NA;2007-05-14;2007;"2007-414:76";23;1;6;5;33;"Roger Federer";74;"Rafael Nadal";6;5;1;25,7;20,9;4,8;185;185;0;0,714285714285714;0,545454545454545;0,714285714285714;0,545454545454545;0,168831168831169;11;7;6;5;5;2;5;2;3;0;1;0
"480243";"2008-410";"Monte Carlo Masters";"Clay";"56";"Masters";23;69;"Gael Monfils";"R";193;"FRA";21,6;105;"Fernando Verdasco";"L";188;"ESP";24,4;"7-5 6-4";3;"R64";79;6;2;57;31;26;17;11;0;1;1;3;66;49;31;10;11;7;10;64;587;27;1105;7;6;NA;NA;NA;5;4;NA;NA;NA;2008-04-20;2008;"2008-410:23";24;1;0;1,24511249783653;69;"Gael Monfils";105;"Fernando Verdasco";0;1,24511249783653;-1,24511249783653;21,6;24,4;-2,8;193;188;5;0;0,7;0;0,7;-0,7;10;1;7;0;3;1;3;1;2;0;1;0
"480250";"2008-410";"Monte Carlo Masters";"Clay";"56";"Masters";30;72;"Andy Murray";"R";190;"GBR";20,9;60;"Feliciano Lopez";"L";188;"ESP";26,5;"7-6(5) 6-4";3;"R64";94;2;1;68;44;34;14;11;2;3;2;2;70;44;30;15;11;1;3;20;1330;34;935;7;6;NA;NA;NA;6;4;NA;NA;NA;2008-04-20;2008;"2008-410:30";25;0;1,67807190511264;0,912537158749661;60;"Feliciano Lopez";72;"Andy Murray";0,912537158749661;1,67807190511264;-0,765534746362976;26,5;20,9;5,6;188;190;-2;0,666666666666667;0,333333333333333;0,333333333333333;0,666666666666667;-0,333333333333333;3;3;1;2;2;1;1;2;-1;0;1;0
"480271";"2008-410";"Monte Carlo Masters";"Clay";"56";"Masters";51;72;"Andy Murray";"R";190;"GBR";20,9;106;"Filippo Volandri";"R";183;"ITA";26,6;"6-4 6-1";3;"R32";85;5;0;72;40;23;21;9;8;9;0;0;49;28;15;7;8;4;8;20;1330;42;786;6;6;NA;NA;NA;4;1;NA;NA;NA;2008-04-20;2008;"2008-410:51";26;1;1,67807190511264;0,607682577221239;72;"Andy Murray";106;"Filippo Volandri";1,67807190511264;0,607682577221239;1,0703893278914;20,9;26,6;-5,7;190;183;7;0,888888888888889;0,5;0,888888888888889;0,5;0,388888888888889;8;9;4;8;4;1;4;1;3;0;1;0
"480282";"2008-410";"Monte Carlo Masters";"Clay";"56";"Masters";62;33;"Roger Federer";"R";185;"SUI";26,7;69;"Gael Monfils";"R";193;"FRA";21,6;"6-3 6-4";3;"R16";71;0;0;57;36;22;17;10;0;1;7;4;55;33;21;12;9;5;8;1;6425;64;587;6;6;NA;NA;NA;3;4;NA;NA;NA;2008-04-20;2008;"2008-410:62";27;1;6;0;33;"Roger Federer";69;"Gael Monfils";6;0;6;26,7;21,6;5,1;185;193;-8;0;0,625;0;0,625;-0,625;8;1;5;0;3;1;3;1;2;0;1;0
"480284";"2008-410";"Monte Carlo Masters";"Clay";"56";"Masters";64;28;"Novak Djokovic";"R";188;"SRB";20,9;72;"Andy Murray";"R";190;"GBR";20,9;"6-0 6-4";3;"R16";78;0;0;45;20;14;17;8;4;5;3;5;60;25;14;14;8;5;10;3;4725;20;1330;6;6;NA;NA;NA;0;4;NA;NA;NA;2008-04-20;2008;"2008-410:64";28;1;4,41503749927884;1,67807190511264;28;"Novak Djokovic";72;"Andy Murray";4,41503749927884;1,67807190511264;2,73696559416621;20,9;20,9;0;188;190;-2;0,8;0,5;0,8;0,5;0,3;10;5;5;4;5;1;5;1;4;0;1;0
"480291";"2008-410";"Monte Carlo Masters";"Clay";"56";"Masters";71;28;"Novak Djokovic";"R";188;"SRB";20,9;84;"Sam Querrey";"R";198;"USA";20,5;"6-4 6-0";3;"QF";60;5;1;41;33;29;4;8;0;0;1;2;57;31;16;12;8;6;10;3;4725;50;710;6;6;NA;NA;NA;4;0;NA;NA;NA;2008-04-20;2008;"2008-410:71";29;1;4,41503749927884;0,356143810225276;28;"Novak Djokovic";84;"Sam Querrey";4,41503749927884;0,356143810225276;4,05889368905357;20,9;20,5;0,399999999999999;188;198;-10;1,5;0,6;1,5;0,6;0,9;10;0;6;0;4;0;4;0;4;0;1;0
"480293";"2008-410";"Monte Carlo Masters";"Clay";"56";"Masters";73;74;"Rafael Nadal";"L";185;"ESP";21,8;34;"David Ferrer";"R";175;"ESP";26;"6-1 7-5";3;"QF";100;0;1;52;38;26;7;9;2;4;0;2;71;48;25;8;10;2;8;2;5455;5;2620;6;7;NA;NA;NA;1;5;NA;NA;NA;2008-04-20;2008;"2008-410:73";30;0;5;3,67807190511264;34;"David Ferrer";74;"Rafael Nadal";3,67807190511264;5;-1,32192809488736;26;21,8;4,2;175;185;-10;0,5;0,25;0,25;0,5;-0,25;8;4;2;2;6;2;2;6;-4;0;1;0
"480296";"2008-410";"Monte Carlo Masters";"Clay";"56";"Masters";76;74;"Rafael Nadal";"L";185;"ESP";21,8;33;"Roger Federer";"R";185;"SUI";26,7;"7-5 7-5";3;"F";103;1;2;63;51;32;5;12;1;5;5;0;75;47;28;8;12;1;7;2;5455;1;6425;7;7;NA;NA;NA;5;5;NA;NA;NA;2008-04-20;2008;"2008-410:76";31;0;5;6;33;"Roger Federer";74;"Rafael Nadal";6;5;1;26,7;21,8;4,9;185;185;0;0,2;0,142857142857143;0,142857142857143;0,2;-0,0571428571428572;7;5;1;1;6;4;4;6;-2;0;1;0
"481704";"2008-416";"Rome Masters";"Clay";"56";"Masters";38;61;"Nicolas Mahut";"R";190;"FRA";26,2;32;"Thomas Fabbiano";"R";173;"ITA";18,9;"6-7(5) 6-4 7-5";3;"R64";153;9;4;116;71;53;26;17;5;6;3;6;111;77;51;18;17;2;5;44;761;412;74;6;6;7;NA;NA;7;4;5;NA;NA;2008-05-05;2008;"2008-416:38";32;0;0,540568381362703;-2,68650052718322;32;"Thomas Fabbiano";61;"Nicolas Mahut";-2,68650052718322;0,540568381362703;-3,22706890854592;18,9;26,2;-7,3;173;190;-17;0,833333333333333;0,4;0,4;0,833333333333333;-0,433333333333333;5;6;2;5;3;1;1;3;-2;0;1;0
"481726";"2008-416";"Rome Masters";"Clay";"56";"Masters";60;107;"Stan Wawrinka";"R";183;"SUI";23,1;72;"Andy Murray";"R";190;"GBR";20,9;"6-2 7-6(5)";3;"R32";105;1;1;70;51;34;14;10;1;2;0;2;72;39;25;16;10;6;9;24;1200;18;1380;6;7;NA;NA;NA;2;6;NA;NA;NA;2008-05-05;2008;"2008-416:60";33;0;1,41503749927884;1,83007499855769;72;"Andy Murray";107;"Stan Wawrinka";1,83007499855769;1,41503749927884;0,415037499278844;20,9;23,1;-2,2;190;183;7;0,5;0,666666666666667;0,666666666666667;0,5;0,166666666666667;9;2;6;1;3;1;1;3;-2;0;1;0
"481742";"2008-416";"Rome Masters";"Clay";"56";"Masters";76;28;"Novak Djokovic";"R";188;"SRB";20,9;107;"Stan Wawrinka";"R";183;"SUI";23,1;"4-6 6-3 6-3";3;"F";124;0;1;71;48;40;15;14;2;3;2;3;87;55;36;19;14;3;6;3;4750;24;1200;4;6;6;NA;NA;6;3;3;NA;NA;2008-05-05;2008;"2008-416:76";34;1;4,41503749927884;1,41503749927884;28;"Novak Djokovic";107;"Stan Wawrinka";4,41503749927884;1,41503749927884;3;20,9;23,1;-2,2;188;183;5;0,666666666666667;0,5;0,666666666666667;0,5;0,166666666666667;6;3;3;2;3;1;3;1;2;0;1;0
"481957";"2008-414";"Hamburg Masters";"Clay";"56";"Masters";60;72;"Andy Murray";"R";190;"GBR";20,9;92;"Gilles Simon";"R";183;"FRA";23,3;"6-3 6-3";3;"R32";77;0;1;53;24;20;16;9;3;4;0;4;59;29;16;14;9;5;9;14;1410;35;900;6;6;NA;NA;NA;3;3;NA;NA;NA;2008-05-11;2008;"2008-414:60";35;1;2,1926450779424;0,870716983055034;72;"Andy Murray";92;"Gilles Simon";2,1926450779424;0,870716983055034;1,32192809488736;20,9;23,3;-2,4;190;183;7;0,75;0,555555555555556;0,75;0,555555555555556;0,194444444444444;9;4;5;3;4;1;4;1;3;0;1;0
"481966";"2008-414";"Hamburg Masters";"Clay";"56";"Masters";69;74;"Rafael Nadal";"L";185;"ESP";21,9;72;"Andy Murray";"R";190;"GBR";20,9;"6-3 6-2";3;"R16";78;1;0;43;34;25;6;8;2;3;3;0;64;40;21;11;9;3;8;2;5435;14;1410;6;6;NA;NA;NA;3;2;NA;NA;NA;2008-05-11;2008;"2008-414:69";36;0;5;2,1926450779424;72;"Andy Murray";74;"Rafael Nadal";2,1926450779424;5;-2,8073549220576;20,9;21,9;-1;190;185;5;0,666666666666667;0,375;0,375;0,666666666666667;-0,291666666666667;8;3;3;2;5;1;1;5;-4;0;1;0
"481969";"2008-414";"Hamburg Masters";"Clay";"56";"Masters";72;28;"Novak Djokovic";"R";188;"SRB";20,9;70;"Albert Montanes";"R";175;"ESP";27,4;"6-2 6-3";3;"QF";77;4;0;62;48;33;8;9;3;4;0;2;56;37;20;8;8;3;7;3;5125;78;511;6;6;NA;NA;NA;2;3;NA;NA;NA;2008-05-11;2008;"2008-414:72";37;1;4,41503749927884;-0,285402218862249;28;"Novak Djokovic";70;"Albert Montanes";4,41503749927884;-0,285402218862249;4,70043971814109;20,9;27,4;-6,5;188;175;13;0,75;0,428571428571429;0,75;0,428571428571429;0,321428571428571;7;4;3;3;4;1;4;1;3;0;1;0
"481972";"2008-414";"Hamburg Masters";"Clay";"56";"Masters";75;74;"Rafael Nadal";"L";185;"ESP";21,9;28;"Novak Djokovic";"R";188;"SRB";20,9;"7-5 2-6 6-2";3;"SF";183;3;2;110;82;47;14;14;15;19;0;0;93;60;35;15;14;4;9;2;5435;3;5125;7;2;6;NA;NA;5;6;2;NA;NA;2008-05-11;2008;"2008-414:75";38;0;5;4,41503749927884;28;"Novak Djokovic";74;"Rafael Nadal";4,41503749927884;5;-0,584962500721156;20,9;21,9;-1;188;185;3;0,789473684210526;0,444444444444444;0,444444444444444;0,789473684210526;-0,345029239766082;9;19;4;15;5;4;4;5;-1;0;1;0
"481973";"2008-414";"Hamburg Masters";"Clay";"56";"Masters";76;74;"Rafael Nadal";"L";185;"ESP";21,9;33;"Roger Federer";"R";185;"SUI";26,7;"7-5 6-7(3) 6-3";3;"F";172;3;3;101;77;51;8;17;3;7;7;0;118;72;48;16;16;11;17;2;5435;1;6825;7;6;6;NA;NA;5;7;3;NA;NA;2008-05-11;2008;"2008-414:76";39;0;5;6;33;"Roger Federer";74;"Rafael Nadal";6;5;1;26,7;21,9;4,8;185;185;0;0,428571428571429;0,647058823529412;0,647058823529412;0,428571428571429;0,218487394957983;17;7;11;3;6;4;4;6;-2;0;1;0
"506469";"2009-410";"Monte Carlo Masters";"Clay";"56";"Masters";29;35;"Fabio Fognini";"R";178;"ITA";21,8;8;"Tomas Berdych";"R";196;"CZE";23,5;"1-6 6-3 6-3";3;"R64";119;4;5;81;38;22;23;13;5;10;2;0;70;45;29;8;12;5;10;108;800;25;1870;1;6;6;NA;NA;6;3;3;NA;NA;2009-04-12;2009;"2009-410:29";40;0;-0,754887502163468;1,35614381022528;8;"Tomas Berdych";35;"Fabio Fognini";1,35614381022528;-0,754887502163468;2,11103131238874;23,5;21,8;1,7;196;178;18;0,5;0,5;0,5;0,5;0;10;10;5;5;5;5;5;5;0;0;1;0
"506481";"2009-410";"Monte Carlo Masters";"Clay";"56";"Masters";41;68;"Juan Monaco";"R";185;"ARG";25;15;"Jeremy Chardy";"R";188;"FRA";22,1;"6-2 7-5";3;"R64";100;1;6;64;34;25;18;10;3;4;6;3;85;46;28;17;10;9;13;60;1120;43;1391;6;7;NA;NA;NA;2;5;NA;NA;NA;2009-04-12;2009;"2009-410:41";41;0;0,0931094043914813;0,573735245297902;15;"Jeremy Chardy";68;"Juan Monaco";0,573735245297902;0,0931094043914813;0,480625840906421;22,1;25;-2,9;188;185;3;0,75;0,692307692307692;0,692307692307692;0,75;-0,0576923076923077;13;4;9;3;4;1;1;4;-3;0;1;0
"506483";"2009-410";"Monte Carlo Masters";"Clay";"56";"Masters";43;107;"Stan Wawrinka";"R";183;"SUI";24;102;"Viktor Troicki";"R";193;"SRB";23,1;"6-2 6-3";3;"R64";65;0;1;44;25;19;12;9;1;3;4;3;51;20;11;11;8;3;8;16;2620;38;1527;6;6;NA;NA;NA;2;3;NA;NA;NA;2009-04-12;2009;"2009-410:43";42;0;2;0,752072486556415;102;"Viktor Troicki";107;"Stan Wawrinka";0,752072486556415;2;-1,24792751344359;23,1;24;-0,899999999999999;193;183;10;0,333333333333333;0,375;0,375;0,333333333333333;0,0416666666666667;8;3;3;1;5;2;2;5;-3;0;1;0
"506491";"2009-410";"Monte Carlo Masters";"Clay";"56";"Masters";51;35;"Fabio Fognini";"R";178;"ITA";21,8;16;"Marin Cilic";"R";198;"CRO";20,5;"6-2 6-0";3;"R32";67;1;5;43;17;15;13;7;2;3;0;2;53;29;11;9;7;7;13;108;800;18;2520;6;6;NA;NA;NA;2;0;NA;NA;NA;2009-04-12;2009;"2009-410:51";43;0;-0,754887502163468;1,83007499855769;16;"Marin Cilic";35;"Fabio Fognini";1,83007499855769;-0,754887502163468;2,58496250072116;20,5;21,8;-1,3;198;178;20;0,666666666666667;0,538461538461538;0,538461538461538;0,666666666666667;-0,128205128205128;13;3;7;2;6;1;1;6;-5;0;1;0
"506504";"2009-410";"Monte Carlo Masters";"Clay";"56";"Masters";64;72;"Andy Murray";"R";190;"GBR";21,9;35;"Fabio Fognini";"R";178;"ITA";21,8;"7-6(11) 6-4";3;"R16";122;3;1;83;58;36;14;11;6;9;1;4;85;56;31;15;11;8;12;4;8840;108;800;7;6;NA;NA;NA;6;4;NA;NA;NA;2009-04-12;2009;"2009-410:64";44;0;4;-0,754887502163468;35;"Fabio Fognini";72;"Andy Murray";-0,754887502163468;4;-4,75488750216347;21,8;21,9;-0,0999999999999979;178;190;-12;0,666666666666667;0,666666666666667;0,666666666666667;0,666666666666667;0;12;9;8;6;4;3;3;4;-1;0;1;0
"506507";"2009-410";"Monte Carlo Masters";"Clay";"56";"Masters";67;28;"Novak Djokovic";"R";188;"SRB";21,8;70;"Albert Montanes";"R";175;"ESP";28,3;"6-1 6-7(4) 6-0";3;"R16";105;5;1;77;53;40;8;13;0;2;4;5;86;52;31;10;12;10;17;3;9010;36;1549;6;6;6;NA;NA;1;7;0;NA;NA;2009-04-12;2009;"2009-410:67";45;1;4,41503749927884;0,830074998557688;28;"Novak Djokovic";70;"Albert Montanes";4,41503749927884;0,830074998557688;3,58496250072116;21,8;28,3;-6,5;188;175;13;0;0,588235294117647;0;0,588235294117647;-0,588235294117647;17;2;10;0;7;2;7;2;5;0;1;0
"506509";"2009-410";"Monte Carlo Masters";"Clay";"56";"Masters";69;107;"Stan Wawrinka";"R";183;"SUI";24;33;"Roger Federer";"R";185;"SUI";27,6;"6-4 7-5";3;"R16";110;0;1;77;48;33;17;11;3;4;2;1;85;44;29;21;11;11;14;16;2620;2;11020;6;7;NA;NA;NA;4;5;NA;NA;NA;2009-04-12;2009;"2009-410:69";46;0;2;5;33;"Roger Federer";107;"Stan Wawrinka";5;2;3;27,6;24;3,6;185;183;2;0,75;0,785714285714286;0,785714285714286;0,75;0,0357142857142857;14;4;11;3;3;1;1;3;-2;0;1;0
"506512";"2009-410";"Monte Carlo Masters";"Clay";"56";"Masters";72;28;"Novak Djokovic";"R";188;"SRB";21,8;105;"Fernando Verdasco";"L";188;"ESP";25,4;"6-2 4-6 6-3";3;"QF";138;4;5;87;54;42;17;14;4;6;2;5;82;56;34;14;13;6;10;3;9010;8;3760;6;4;6;NA;NA;2;6;3;NA;NA;2009-04-12;2009;"2009-410:72";47;1;4,41503749927884;3;28;"Novak Djokovic";105;"Fernando Verdasco";4,41503749927884;3;1,41503749927884;21,8;25,4;-3,6;188;188;0;0,666666666666667;0,6;0,666666666666667;0,6;0,0666666666666667;10;6;6;4;4;2;4;2;2;0;1;0
"506514";"2009-410";"Monte Carlo Masters";"Clay";"56";"Masters";74;74;"Rafael Nadal";"L";185;"ESP";22,8;72;"Andy Murray";"R";190;"GBR";21,9;"6-2 7-6(4)";3;"SF";129;0;1;65;40;27;14;10;2;4;1;0;74;37;24;14;10;5;9;1;14470;4;8840;6;7;NA;NA;NA;2;6;NA;NA;NA;2009-04-12;2009;"2009-410:74";48;0;6;4;72;"Andy Murray";74;"Rafael Nadal";4;6;-2;21,9;22,8;-0,900000000000002;190;185;5;0,5;0,555555555555556;0,555555555555556;0,5;0,0555555555555556;9;4;5;2;4;2;2;4;-2;0;1;0
"506515";"2009-410";"Monte Carlo Masters";"Clay";"56";"Masters";75;28;"Novak Djokovic";"R";188;"SRB";21,8;107;"Stan Wawrinka";"R";183;"SUI";24;"4-6 6-1 6-3";3;"SF";147;1;4;81;46;35;17;13;4;6;1;3;97;60;36;16;13;9;14;3;9010;16;2620;4;6;6;NA;NA;6;1;3;NA;NA;2009-04-12;2009;"2009-410:75";49;1;4,41503749927884;2;28;"Novak Djokovic";107;"Stan Wawrinka";4,41503749927884;2;2,41503749927884;21,8;24;-2,2;188;183;5;0,666666666666667;0,642857142857143;0,666666666666667;0,642857142857143;0,0238095238095237;14;6;9;4;5;2;5;2;3;0;1;0
"506516";"2009-410";"Monte Carlo Masters";"Clay";"56";"Masters";76;74;"Rafael Nadal";"L";185;"ESP";22,8;28;"Novak Djokovic";"R";188;"SRB";21,8;"6-3 2-6 6-1";3;"F";163;2;1;87;57;35;14;12;6;11;4;3;87;54;30;11;12;7;14;1;14470;3;9010;6;2;6;NA;NA;3;6;1;NA;NA;2009-04-12;2009;"2009-410:76";50;0;6;4,41503749927884;28;"Novak Djokovic";74;"Rafael Nadal";4,41503749927884;6;-1,58496250072116;21,8;22,8;-1;188;185;3;0,545454545454545;0,5;0,5;0,545454545454545;-0,0454545454545454;14;11;7;6;7;5;5;7;-2;0;1;0
"507562";"2009-416";"Rome Masters";"Clay";"56";"Masters";40;35;"Fabio Fognini";"R";178;"ITA";21,9;106;"Filippo Volandri";"R";183;"ITA";27,6;"6-7(3) 6-1 7-6(4)";3;"R64";165;3;6;117;67;42;23;16;6;11;0;5;111;91;49;9;15;12;19;81;925;149;547;6;6;7;NA;NA;7;1;6;NA;NA;2009-04-27;2009;"2009-416:40";51;1;-0,339850002884624;-1,21916852046216;35;"Fabio Fognini";106;"Filippo Volandri";-0,339850002884624;-1,21916852046216;0,879318517577537;21,9;27,6;-5,7;178;183;-5;0,545454545454545;0,631578947368421;0,545454545454545;0,631578947368421;-0,0861244019138756;19;11;12;6;7;5;7;5;2;0;1;0
"507568";"2009-416";"Rome Masters";"Clay";"56";"Masters";46;74;"Rafael Nadal";"L";185;"ESP";22,8;90;"Andreas Seppi";"R";190;"ITA";25,1;"6-2 6-3";3;"R32";80;1;0;44;30;24;10;9;2;3;2;2;50;33;21;5;8;3;7;1;14890;37;1470;6;6;NA;NA;NA;2;3;NA;NA;NA;2009-04-27;2009;"2009-416:46";52;1;6;0,79054663437105;74;"Rafael Nadal";90;"Andreas Seppi";6;0,79054663437105;5,20945336562895;22,8;25,1;-2,3;185;190;-5;0,666666666666667;0,428571428571429;0,666666666666667;0,428571428571429;0,238095238095238;7;3;3;2;4;1;4;1;3;0;1;0
"507572";"2009-416";"Rome Masters";"Clay";"56";"Masters";50;68;"Juan Monaco";"R";185;"ARG";25;72;"Andy Murray";"R";190;"GBR";21,9;"1-6 6-3 7-5";3;"R32";160;0;2;91;76;43;5;14;7;13;3;2;92;55;35;15;14;8;14;58;1105;4;9050;1;6;7;NA;NA;6;3;5;NA;NA;2009-04-27;2009;"2009-416:50";53;1;0,142019004872428;4;68;"Juan Monaco";72;"Andy Murray";0,142019004872428;4;-3,85798099512757;25;21,9;3,1;185;190;-5;0,538461538461538;0,571428571428571;0,538461538461538;0,571428571428571;-0,032967032967033;14;13;8;7;6;6;6;6;0;0;1;0
"507577";"2009-416";"Rome Masters";"Clay";"56";"Masters";55;107;"Stan Wawrinka";"R";183;"SUI";24;108;"Mikhail Youzhny";"R";183;"RUS";26,8;"6-3 7-6(5)";3;"R32";105;1;2;61;36;24;18;10;2;4;0;3;79;50;28;18;11;4;8;12;3015;67;1020;6;7;NA;NA;NA;3;6;NA;NA;NA;2009-04-27;2009;"2009-416:55";54;1;2,41503749927884;-0,0660891904577721;107;"Stan Wawrinka";108;"Mikhail Youzhny";2,41503749927884;-0,0660891904577721;2,48112668973662;24;26,8;-2,8;183;183;0;0,5;0,5;0,5;0,5;0;8;4;4;2;4;2;4;2;2;0;1;0
"507579";"2009-416";"Rome Masters";"Clay";"56";"Masters";57;28;"Novak Djokovic";"R";188;"SRB";21,9;70;"Albert Montanes";"R";175;"ESP";28,4;"7-6(5) 6-0";3;"R32";98;4;5;64;32;24;14;9;2;4;0;2;73;34;20;14;9;5;10;3;9160;33;1609;7;6;NA;NA;NA;6;0;NA;NA;NA;2009-04-27;2009;"2009-416:57";55;1;4,41503749927884;0,955605880641547;28;"Novak Djokovic";70;"Albert Montanes";4,41503749927884;0,955605880641547;3,4594316186373;21,9;28,4;-6,5;188;175;13;0,5;0,5;0,5;0,5;0;10;4;5;2;5;2;5;2;3;0;1;0
"507580";"2009-416";"Rome Masters";"Clay";"56";"Masters";58;92;"Gilles Simon";"R";183;"FRA";24,3;35;"Fabio Fognini";"R";178;"ITA";21,9;"6-7(6) 6-2 6-3";3;"R32";129;3;2;87;45;34;23;14;2;4;1;6;95;54;32;22;15;6;12;7;4010;81;925;6;6;6;NA;NA;7;2;3;NA;NA;2009-04-27;2009;"2009-416:58";56;0;3,1926450779424;-0,339850002884624;35;"Fabio Fognini";92;"Gilles Simon";-0,339850002884624;3,1926450779424;-3,53249508082702;21,9;24,3;-2,4;178;183;-5;0,5;0,5;0,5;0,5;0;12;4;6;2;6;2;2;6;-4;0;1;0
"507586";"2009-416";"Rome Masters";"Clay";"56";"Masters";64;68;"Juan Monaco";"R";185;"ARG";25;16;"Marin Cilic";"R";198;"CRO";20,5;"6-4 6-4";3;"R16";90;0;0;49;39;32;8;10;0;0;5;3;66;36;25;17;10;8;10;58;1105;15;2555;6;6;NA;NA;NA;4;4;NA;NA;NA;2009-04-27;2009;"2009-416:64";57;0;0,142019004872428;2,09310940439148;16;"Marin Cilic";68;"Juan Monaco";2,09310940439148;0,142019004872428;1,95109039951905;20,5;25;-4,5;198;185;13;1,5;0,8;0,8;1,5;-0,7;10;0;8;0;2;0;0;2;-2;0;1;0
"507588";"2009-416";"Rome Masters";"Clay";"56";"Masters";66;23;"Juan Martin del Potro";"R";198;"ARG";20,5;107;"Stan Wawrinka";"R";183;"SUI";24;"6-2 6-7(5) 6-3";3;"R16";170;7;1;88;46;40;23;15;6;7;4;3;101;66;41;18;14;10;14;5;4580;12;3015;6;6;6;NA;NA;2;7;3;NA;NA;2009-04-27;2009;"2009-416:66";58;1;3,67807190511264;2,41503749927884;23;"Juan Martin del Potro";107;"Stan Wawrinka";3,67807190511264;2,41503749927884;1,26303440583379;20,5;24;-3,5;198;183;15;0,857142857142857;0,714285714285714;0,857142857142857;0,714285714285714;0,142857142857143;14;7;10;6;4;1;4;1;3;0;1;0
"507592";"2009-416";"Rome Masters";"Clay";"56";"Masters";70;74;"Rafael Nadal";"L";185;"ESP";22,8;105;"Fernando Verdasco";"L";188;"ESP";25,4;"6-3 6-3";3;"QF";111;0;0;60;42;27;11;9;5;6;0;5;55;36;20;9;9;2;6;1;14890;8;3870;6;6;NA;NA;NA;3;3;NA;NA;NA;2009-04-27;2009;"2009-416:70";59;1;6;3;74;"Rafael Nadal";105;"Fernando Verdasco";6;3;3;22,8;25,4;-2,6;185;188;-3;0,833333333333333;0,333333333333333;0,833333333333333;0,333333333333333;0,5;6;6;2;5;4;1;4;1;3;0;1;0
"507594";"2009-416";"Rome Masters";"Clay";"56";"Masters";72;28;"Novak Djokovic";"R";188;"SRB";21,9;23;"Juan Martin del Potro";"R";198;"ARG";20,5;"6-3 6-4";3;"QF";97;4;3;64;41;27;15;10;2;3;2;3;55;29;20;11;9;3;6;3;9160;5;4580;6;6;NA;NA;NA;3;4;NA;NA;NA;2009-04-27;2009;"2009-416:72";60;0;4,41503749927884;3,67807190511264;23;"Juan Martin del Potro";28;"Novak Djokovic";3,67807190511264;4,41503749927884;-0,736965594166206;20,5;21,9;-1,4;198;188;10;0,666666666666667;0,5;0,5;0,666666666666667;-0,166666666666667;6;3;3;2;3;1;1;3;-2;0;1;0
"507597";"2009-416";"Rome Masters";"Clay";"56";"Masters";75;28;"Novak Djokovic";"R";188;"SRB";21,9;33;"Roger Federer";"R";185;"SUI";27,7;"4-6 6-3 6-3";3;"SF";131;3;6;100;50;32;28;14;8;11;6;3;81;40;29;17;14;3;8;3;9160;2;10060;4;6;6;NA;NA;6;3;3;NA;NA;2009-04-27;2009;"2009-416:75";61;1;4,41503749927884;5;28;"Novak Djokovic";33;"Roger Federer";4,41503749927884;5;-0,584962500721156;21,9;27,7;-5,8;188;185;3;0,727272727272727;0,375;0,727272727272727;0,375;0,352272727272727;8;11;3;8;5;3;5;3;2;0;1;0
"507598";"2009-416";"Rome Masters";"Clay";"56";"Masters";76;74;"Rafael Nadal";"L";185;"ESP";22,8;28;"Novak Djokovic";"R";188;"SRB";21,9;"7-6(2) 6-2";3;"F";123;0;1;70;50;34;11;10;2;4;0;2;66;39;23;13;10;1;5;1;14890;3;9160;7;6;NA;NA;NA;6;2;NA;NA;NA;2009-04-27;2009;"2009-416:76";62;0;6;4,41503749927884;28;"Novak Djokovic";74;"Rafael Nadal";4,41503749927884;6;-1,58496250072116;21,9;22,8;-0,900000000000002;188;185;3;0,5;0,2;0,2;0,5;-0,3;5;4;1;2;4;2;2;4;-2;0;1;0
"508428";"2009-1536";"Madrid Masters";"Clay";"56";"Masters";24;16;"Marin Cilic";"R";198;"CRO";20,6;44;"Marcel Granollers";"R";190;"ESP";23;"6-2 6-7(4) 6-1";3;"R64";149;3;3;108;57;38;31;14;8;9;0;4;79;45;26;21;13;5;10;14;2635;90;835;6;6;6;NA;NA;2;7;1;NA;NA;2009-05-10;2009;"2009-1536:24";63;1;2,1926450779424;-0,491853096329675;16;"Marin Cilic";44;"Marcel Granollers";2,1926450779424;-0,491853096329675;2,68449817427207;20,6;23;-2,4;198;190;8;0,888888888888889;0,5;0,888888888888889;0,5;0,388888888888889;10;9;5;8;5;1;5;1;4;0;1;0
"508451";"2009-1536";"Madrid Masters";"Clay";"56";"Masters";47;55;"Philipp Kohlschreiber";"R";178;"GER";25,5;16;"Marin Cilic";"R";198;"CRO";20,6;"6-1 6-7(5) 7-6(2)";3;"R32";175;4;2;122;85;57;22;16;7;8;7;3;123;71;48;24;15;15;18;35;1510;14;2635;6;6;7;NA;NA;1;7;6;NA;NA;2009-05-10;2009;"2009-1536:47";64;0;0,870716983055034;2,1926450779424;16;"Marin Cilic";55;"Philipp Kohlschreiber";2,1926450779424;0,870716983055034;1,32192809488736;20,6;25,5;-4,9;198;178;20;0,875;0,833333333333333;0,833333333333333;0,875;-0,0416666666666666;18;8;15;7;3;1;1;3;-2;0;1;0
"508457";"2009-1536";"Madrid Masters";"Clay";"56";"Masters";53;92;"Gilles Simon";"R";183;"FRA";24,3;35;"Fabio Fognini";"R";178;"ITA";21,9;"6-3 6-2";3;"R32";71;2;0;59;37;25;13;9;2;4;1;7;55;28;16;10;8;3;8;7;4030;72;970;6;6;NA;NA;NA;3;2;NA;NA;NA;2009-05-10;2009;"2009-1536:53";65;0;3,1926450779424;-0,169925001442312;35;"Fabio Fognini";92;"Gilles Simon";-0,169925001442312;3,1926450779424;-3,36257007938471;21,9;24,3;-2,4;178;183;-5;0,5;0,375;0,375;0,5;-0,125;8;4;3;2;5;2;2;5;-3;0;1;0
"508459";"2009-1536";"Madrid Masters";"Clay";"56";"Masters";55;107;"Stan Wawrinka";"R";183;"SUI";24,1;15;"Jeremy Chardy";"R";188;"FRA";22,2;"6-4 7-5";3;"R32";98;12;0;63;39;29;17;11;2;3;4;3;77;49;31;15;11;8;11;18;2135;40;1461;6;7;NA;NA;NA;4;5;NA;NA;NA;2009-05-10;2009;"2009-1536:55";66;0;1,83007499855769;0,678071905112637;15;"Jeremy Chardy";107;"Stan Wawrinka";0,678071905112637;1,83007499855769;-1,15200309344505;22,2;24,1;-1,9;188;183;5;0,666666666666667;0,727272727272727;0,727272727272727;0,666666666666667;0,0606060606060607;11;3;8;2;3;1;1;3;-2;0;1;0
"508468";"2009-1536";"Madrid Masters";"Clay";"56";"Masters";64;28;"Novak Djokovic";"R";188;"SRB";21,9;90;"Andreas Seppi";"R";190;"ITA";25,2;"6-4 6-4";3;"R16";98;3;2;57;37;29;11;10;1;2;3;1;77;56;33;11;10;8;11;4;8920;36;1490;6;6;NA;NA;NA;4;4;NA;NA;NA;2009-05-10;2009;"2009-1536:64";67;1;4;0,830074998557688;28;"Novak Djokovic";90;"Andreas Seppi";4;0,830074998557688;3,16992500144231;21,9;25,2;-3,3;188;190;-2;0,5;0,727272727272727;0,5;0,727272727272727;-0,227272727272727;11;2;8;1;3;1;3;1;2;0;1;0
"508470";"2009-1536";"Madrid Masters";"Clay";"56";"Masters";66;23;"Juan Martin del Potro";"R";198;"ARG";20,6;107;"Stan Wawrinka";"R";183;"SUI";24,1;"4-6 6-4 6-4";3;"R16";176;5;3;110;55;40;26;15;9;13;8;1;92;59;40;13;15;4;9;5;4720;18;2135;4;6;6;NA;NA;6;4;4;NA;NA;2009-05-10;2009;"2009-1536:66";68;1;3,67807190511264;1,83007499855769;23;"Juan Martin del Potro";107;"Stan Wawrinka";3,67807190511264;1,83007499855769;1,84799690655495;20,6;24,1;-3,5;198;183;15;0,692307692307692;0,444444444444444;0,692307692307692;0,444444444444444;0,247863247863248;9;13;4;9;5;4;5;4;1;0;1;0
"508474";"2009-1536";"Madrid Masters";"Clay";"56";"Masters";70;74;"Rafael Nadal";"L";185;"ESP";22,9;105;"Fernando Verdasco";"L";188;"ESP";25,4;"6-4 7-5";3;"QF";119;1;1;76;59;37;10;11;3;5;5;7;62;44;26;7;11;5;9;1;15360;8;3900;6;7;NA;NA;NA;4;5;NA;NA;NA;2009-05-10;2009;"2009-1536:70";69;1;6;3;74;"Rafael Nadal";105;"Fernando Verdasco";6;3;3;22,9;25,4;-2,5;185;188;-3;0,6;0,555555555555556;0,6;0,555555555555556;0,0444444444444444;9;5;5;3;4;2;4;2;2;0;1;0
"508476";"2009-1536";"Madrid Masters";"Clay";"56";"Masters";72;23;"Juan Martin del Potro";"R";198;"ARG";20,6;72;"Andy Murray";"R";190;"GBR";21,9;"7-6(4) 6-3";3;"QF";112;5;2;76;42;30;23;11;4;5;11;1;62;36;24;15;10;2;4;5;4720;3;8990;7;6;NA;NA;NA;6;3;NA;NA;NA;2009-05-10;2009;"2009-1536:72";70;1;3,67807190511264;4,41503749927884;23;"Juan Martin del Potro";72;"Andy Murray";3,67807190511264;4,41503749927884;-0,736965594166206;20,6;21,9;-1,3;198;190;8;0,8;0,5;0,8;0,5;0,3;4;5;2;4;2;1;2;1;1;0;1;0
"508478";"2009-1536";"Madrid Masters";"Clay";"56";"Masters";74;74;"Rafael Nadal";"L";185;"ESP";22,9;28;"Novak Djokovic";"R";188;"SRB";21,9;"3-6 7-6(5) 7-6(9)";3;"SF";243;4;4;133;101;72;16;16;6;8;7;3;112;69;56;24;17;1;2;1;15360;4;8920;3;7;7;NA;NA;6;6;6;NA;NA;2009-05-10;2009;"2009-1536:74";71;0;6;4;28;"Novak Djokovic";74;"Rafael Nadal";4;6;-2;21,9;22,9;-1;188;185;3;0,75;0,5;0,5;0,75;-0,25;2;8;1;6;1;2;2;1;1;0;1;0
"508480";"2009-1536";"Madrid Masters";"Clay";"56";"Masters";76;33;"Roger Federer";"R";185;"SUI";27,7;74;"Rafael Nadal";"L";185;"ESP";22,9;"6-4 6-4";3;"F";86;6;3;67;42;29;17;10;4;4;1;1;54;43;32;5;10;0;2;2;10170;1;15360;6;6;NA;NA;NA;4;4;NA;NA;NA;2009-05-10;2009;"2009-1536:76";72;1;5;6;33;"Roger Federer";74;"Rafael Nadal";5;6;-1;27,7;22,9;4,8;185;185;0;1;0;1;0;1;2;4;0;4;2;0;2;0;2;0;1;0
"531208";"2010-410";"Monte Carlo Masters";"Clay";"56";"Masters";47;107;"Stan Wawrinka";"R";183;"SUI";25;45;"Ernests Gulbis";"R";190;"LAT";21,6;"6-1 6-4";3;"R32";71;5;1;64;43;32;12;9;3;3;6;6;40;26;18;4;8;0;3;20;1780;44;904;6;6;NA;NA;NA;1;4;NA;NA;NA;2010-04-11;2010;"2010-410:47";73;0;1,67807190511264;0,540568381362703;45;"Ernests Gulbis";107;"Stan Wawrinka";0,540568381362703;1,67807190511264;-1,13750352374993;21,6;25;-3,4;190;183;7;1;0;0;1;-1;3;3;0;3;3;0;0;3;-3;0;1;0
"531218";"2010-410";"Monte Carlo Masters";"Clay";"56";"Masters";57;55;"Philipp Kohlschreiber";"R";178;"GER";26,4;72;"Andy Murray";"R";190;"GBR";22,9;"6-2 6-1";3;"R32";64;2;1;37;27;23;6;7;0;0;1;2;46;17;10;12;8;2;7;33;1265;4;5845;6;6;NA;NA;NA;2;1;NA;NA;NA;2010-04-11;2010;"2010-410:57";74;1;0,955605880641547;4;55;"Philipp Kohlschreiber";72;"Andy Murray";0,955605880641547;4;-3,04439411935845;26,4;22,9;3,5;178;190;-12;1,5;0,285714285714286;1,5;0,285714285714286;1,21428571428571;7;0;2;0;5;0;5;0;5;0;1;0
"531223";"2010-410";"Monte Carlo Masters";"Clay";"56";"Masters";62;28;"Novak Djokovic";"R";188;"SRB";22,8;107;"Stan Wawrinka";"R";183;"SUI";25;"6-4 6-4";3;"R16";101;2;1;61;43;28;10;10;3;5;4;1;66;39;23;14;10;6;10;2;7630;20;1780;6;6;NA;NA;NA;4;4;NA;NA;NA;2010-04-11;2010;"2010-410:62";75;1;5;1,67807190511264;28;"Novak Djokovic";107;"Stan Wawrinka";5;1,67807190511264;3,32192809488736;22,8;25;-2,2;188;183;5;0,6;0,6;0,6;0,6;0;10;5;6;3;4;2;4;2;2;0;1;0
"531225";"2010-410";"Monte Carlo Masters";"Clay";"56";"Masters";64;70;"Albert Montanes";"R";175;"ESP";29,3;16;"Marin Cilic";"R";198;"CRO";21,5;"6-4 6-4";3;"R16";96;1;2;59;35;27;12;10;7;9;3;2;61;38;25;8;10;4;8;32;1270;9;2980;6;6;NA;NA;NA;4;4;NA;NA;NA;2010-04-11;2010;"2010-410:64";76;0;1;2,83007499855769;16;"Marin Cilic";70;"Albert Montanes";2,83007499855769;1;1,83007499855769;21,5;29,3;-7,8;198;175;23;0,777777777777778;0,5;0,5;0,777777777777778;-0,277777777777778;8;9;4;7;4;2;2;4;-2;0;1;0
"531235";"2010-410";"Monte Carlo Masters";"Clay";"56";"Masters";74;105;"Fernando Verdasco";"L";188;"ESP";26,4;28;"Novak Djokovic";"R";188;"SRB";22,8;"6-2 6-2";3;"SF";92;4;1;45;35;25;5;8;2;3;0;5;66;40;21;8;8;7;12;12;2725;2;7630;6;6;NA;NA;NA;2;2;NA;NA;NA;2010-04-11;2010;"2010-410:74";77;0;2,41503749927884;5;28;"Novak Djokovic";105;"Fernando Verdasco";5;2,41503749927884;2,58496250072116;22,8;26,4;-3,6;188;188;0;0,666666666666667;0,583333333333333;0,583333333333333;0,666666666666667;-0,0833333333333333;12;3;7;2;5;1;1;5;-4;0;1;0
"531236";"2010-410";"Monte Carlo Masters";"Clay";"56";"Masters";75;74;"Rafael Nadal";"L";185;"ESP";23,8;34;"David Ferrer";"R";175;"ESP";28;"6-2 6-3";3;"SF";75;2;2;50;35;23;8;8;2;4;1;2;48;29;15;7;9;3;9;3;6980;17;2045;6;6;NA;NA;NA;2;3;NA;NA;NA;2010-04-11;2010;"2010-410:75";78;0;4,41503749927884;1,91253715874966;34;"David Ferrer";74;"Rafael Nadal";1,91253715874966;4,41503749927884;-2,50250034052918;28;23,8;4,2;175;185;-10;0,5;0,333333333333333;0,333333333333333;0,5;-0,166666666666667;9;4;3;2;6;2;2;6;-4;0;1;0
"531237";"2010-410";"Monte Carlo Masters";"Clay";"56";"Masters";76;74;"Rafael Nadal";"L";185;"ESP";23,8;105;"Fernando Verdasco";"L";188;"ESP";26,4;"6-0 6-1";3;"F";86;2;1;45;31;20;9;6;5;5;2;3;53;31;12;7;7;8;14;3;6980;12;2725;6;6;NA;NA;NA;0;1;NA;NA;NA;2010-04-11;2010;"2010-410:76";79;1;4,41503749927884;2,41503749927884;74;"Rafael Nadal";105;"Fernando Verdasco";4,41503749927884;2,41503749927884;2;23,8;26,4;-2,6;185;188;-3;1;0,571428571428571;1;0,571428571428571;0,428571428571429;14;5;8;5;6;0;6;0;6;0;1;0
"532104";"2010-416";"Rome Masters";"Clay";"56";"Masters";39;90;"Andreas Seppi";"R";190;"ITA";26,1;35;"Fabio Fognini";"R";178;"ITA";22,9;"6-0 6-3";3;"R64";70;0;1;59;46;31;7;8;4;5;0;5;46;23;11;7;7;2;7;47;885;74;665;6;6;NA;NA;NA;0;3;NA;NA;NA;2010-04-25;2010;"2010-416:39";80;0;0,445411148322362;-0,20945336562895;35;"Fabio Fognini";90;"Andreas Seppi";-0,20945336562895;0,445411148322362;-0,654864513951313;22,9;26,1;-3,2;178;190;-12;0,8;0,285714285714286;0,285714285714286;0,8;-0,514285714285714;7;5;2;4;5;1;1;5;-4;0;1;0
"532114";"2010-416";"Rome Masters";"Clay";"56";"Masters";49;60;"Feliciano Lopez";"L";188;"ESP";28,5;16;"Marin Cilic";"R";198;"CRO";21,5;"2-6 7-6(2) 6-4";3;"R32";145;12;4;108;61;46;24;15;8;10;6;2;94;57;44;21;15;3;4;35;1205;11;2980;2;7;6;NA;NA;6;6;4;NA;NA;2010-04-25;2010;"2010-416:49";81;0;0,870716983055034;2,5405683813627;16;"Marin Cilic";60;"Feliciano Lopez";2,5405683813627;0,870716983055034;1,66985139830767;21,5;28,5;-7;198;188;10;0,8;0,75;0,75;0,8;-0,05;4;10;3;8;1;2;2;1;1;0;1;0
"532115";"2010-416";"Rome Masters";"Clay";"56";"Masters";50;74;"Rafael Nadal";"L";185;"ESP";23,8;55;"Philipp Kohlschreiber";"R";178;"GER";26,5;"6-1 6-3";3;"R32";70;2;0;42;29;23;10;8;1;1;2;0;48;28;16;9;8;2;6;3;6480;29;1400;6;6;NA;NA;NA;1;3;NA;NA;NA;2010-04-25;2010;"2010-416:50";82;0;4,41503749927884;1,14201900487243;55;"Philipp Kohlschreiber";74;"Rafael Nadal";1,14201900487243;4,41503749927884;-3,27301849440642;26,5;23,8;2,7;178;185;-7;1;0,333333333333333;0,333333333333333;1;-0,666666666666667;6;1;2;1;4;0;0;4;-4;0;1;0
"532117";"2010-416";"Rome Masters";"Clay";"56";"Masters";52;107;"Stan Wawrinka";"R";183;"SUI";25;8;"Tomas Berdych";"R";196;"CZE";24,6;"2-6 6-3 7-6(6)";3;"R32";184;4;3;106;66;43;21;15;7;11;4;3;97;56;36;24;14;7;10;26;1510;14;2270;2;6;7;NA;NA;6;3;6;NA;NA;2010-04-25;2010;"2010-416:52";83;0;1,29956028185891;2,1926450779424;8;"Tomas Berdych";107;"Stan Wawrinka";2,1926450779424;1,29956028185891;0,893084796083488;24,6;25;-0,399999999999999;196;183;13;0,636363636363636;0,7;0,7;0,636363636363636;0,0636363636363636;10;11;7;7;3;4;4;3;1;0;1;0
"532122";"2010-416";"Rome Masters";"Clay";"56";"Masters";57;72;"Andy Murray";"R";190;"GBR";22,9;90;"Andreas Seppi";"R";190;"ITA";26,1;"6-2 6-4";3;"R32";81;11;3;55;29;26;12;9;2;2;4;1;59;36;20;13;9;1;4;5;5485;47;885;6;6;NA;NA;NA;2;4;NA;NA;NA;2010-04-25;2010;"2010-416:57";84;1;3,67807190511264;0,445411148322362;72;"Andy Murray";90;"Andreas Seppi";3,67807190511264;0,445411148322362;3,23266075679028;22,9;26,1;-3,2;190;190;0;1;0,25;1;0,25;0,75;4;2;1;2;3;0;3;0;3;0;1;0
"532125";"2010-416";"Rome Masters";"Clay";"56";"Masters";60;7;"Thomaz Bellucci";"L";188;"BRA";22,3;50;"John Isner";"R";206;"USA";24,9;"7-6(7) 7-5";3;"R32";120;8;2;75;46;37;18;12;3;4;16;3;97;66;41;19;12;2;4;28;1402;22;1618;7;7;NA;NA;NA;6;5;NA;NA;NA;2010-04-25;2010;"2010-416:60";85;1;1,1926450779424;1,5405683813627;7;"Thomaz Bellucci";50;"John Isner";1,1926450779424;1,5405683813627;-0,347923303420306;22,3;24,9;-2,6;188;206;-18;0,75;0,5;0,75;0,5;0,25;4;4;2;3;2;1;2;1;1;0;1;0
"532126";"2010-416";"Rome Masters";"Clay";"56";"Masters";61;28;"Novak Djokovic";"R";188;"SRB";22,9;15;"Jeremy Chardy";"R";188;"FRA";23,2;"6-1 6-1";3;"R32";60;1;2;39;27;22;7;7;0;0;5;2;52;29;19;4;7;2;7;2;7390;46;920;6;6;NA;NA;NA;1;1;NA;NA;NA;2010-04-25;2010;"2010-416:61";86;0;5;0,476438043942987;15;"Jeremy Chardy";28;"Novak Djokovic";0,476438043942987;5;-4,52356195605701;23,2;22,9;0,300000000000001;188;188;0;1,5;0,285714285714286;0,285714285714286;1,5;-1,21428571428571;7;0;2;0;5;0;0;5;-5;0;1;0
"532132";"2010-416";"Rome Masters";"Clay";"56";"Masters";67;34;"David Ferrer";"R";175;"ESP";28;72;"Andy Murray";"R";190;"GBR";22,9;"6-3 6-4";3;"R16";96;1;2;64;50;35;9;10;3;3;7;0;61;25;19;18;9;4;6;17;2105;5;5485;6;6;NA;NA;NA;3;4;NA;NA;NA;2010-04-25;2010;"2010-416:67";87;1;1,91253715874966;3,67807190511264;34;"David Ferrer";72;"Andy Murray";1,91253715874966;3,67807190511264;-1,76553474636298;28;22,9;5,1;175;190;-15;1;0,666666666666667;1;0,666666666666667;0,333333333333333;6;3;4;3;2;0;2;0;2;0;1;0
"532134";"2010-416";"Rome Masters";"Clay";"56";"Masters";69;28;"Novak Djokovic";"R";188;"SRB";22,9;7;"Thomaz Bellucci";"L";188;"BRA";22,3;"6-4 6-4";3;"R16";87;1;3;49;28;22;12;10;1;3;5;6;61;41;24;7;10;5;9;2;7390;28;1402;6;6;NA;NA;NA;4;4;NA;NA;NA;2010-04-25;2010;"2010-416:69";88;0;5;1,1926450779424;7;"Thomaz Bellucci";28;"Novak Djokovic";1,1926450779424;5;-3,8073549220576;22,3;22,9;-0,599999999999998;188;188;0;0,333333333333333;0,555555555555556;0,555555555555556;0,333333333333333;0,222222222222222;9;3;5;1;4;2;2;4;-2;0;1;0
"532136";"2010-416";"Rome Masters";"Clay";"56";"Masters";71;74;"Rafael Nadal";"L";185;"ESP";23,8;107;"Stan Wawrinka";"R";183;"SUI";25;"6-4 6-1";3;"QF";91;2;2;64;48;35;8;9;2;2;2;1;43;25;18;9;8;3;6;3;6480;26;1510;6;6;NA;NA;NA;4;1;NA;NA;NA;2010-04-25;2010;"2010-416:71";89;1;4,41503749927884;1,29956028185891;74;"Rafael Nadal";107;"Stan Wawrinka";4,41503749927884;1,29956028185891;3,11547721741994;23,8;25;-1,2;185;183;2;1;0,5;1;0,5;0,5;6;2;3;2;3;0;3;0;3;0;1;0
"532138";"2010-416";"Rome Masters";"Clay";"56";"Masters";73;105;"Fernando Verdasco";"L";188;"ESP";26,4;28;"Novak Djokovic";"R";188;"SRB";22,9;"7-6(4) 3-6 6-4";3;"QF";198;3;3;99;78;49;11;16;6;11;6;7;121;79;56;14;15;10;14;9;3555;2;7390;7;3;6;NA;NA;6;6;4;NA;NA;2010-04-25;2010;"2010-416:73";90;0;2,83007499855769;5;28;"Novak Djokovic";105;"Fernando Verdasco";5;2,83007499855769;2,16992500144231;22,9;26,4;-3,5;188;188;0;0,545454545454545;0,714285714285714;0,714285714285714;0,545454545454545;0,168831168831169;14;11;10;6;4;5;5;4;1;0;1;0
"532139";"2010-416";"Rome Masters";"Clay";"56";"Masters";74;74;"Rafael Nadal";"L";185;"ESP";23,8;45;"Ernests Gulbis";"R";190;"LAT";21,6;"6-4 3-6 6-4";3;"SF";167;0;1;94;72;50;12;14;6;7;14;2;110;85;62;7;15;10;12;3;6480;40;1009;6;3;6;NA;NA;4;6;4;NA;NA;2010-04-25;2010;"2010-416:74";91;0;4,41503749927884;0,678071905112637;45;"Ernests Gulbis";74;"Rafael Nadal";0,678071905112637;4,41503749927884;-3,73696559416621;21,6;23,8;-2,2;190;185;5;0,857142857142857;0,833333333333333;0,833333333333333;0,857142857142857;-0,0238095238095237;12;7;10;6;2;1;1;2;-1;0;1;0
"532141";"2010-416";"Rome Masters";"Clay";"56";"Masters";76;74;"Rafael Nadal";"L";185;"ESP";23,8;34;"David Ferrer";"R";175;"ESP";28;"7-5 6-2";3;"F";104;3;0;55;44;34;7;10;1;1;1;5;81;58;36;9;10;10;13;3;6480;17;2105;7;6;NA;NA;NA;5;2;NA;NA;NA;2010-04-25;2010;"2010-416:76";92;0;4,41503749927884;1,91253715874966;34;"David Ferrer";74;"Rafael Nadal";1,91253715874966;4,41503749927884;-2,50250034052918;28;23,8;4,2;175;185;-10;1;0,769230769230769;0,769230769230769;1;-0,230769230769231;13;1;10;1;3;0;0;3;-3;0;1;0
"533284";"2010-1536";"Madrid Masters";"Clay";"56";"Masters";24;107;"Stan Wawrinka";"R";183;"SUI";25,1;44;"Marcel Granollers";"R";190;"ESP";24;"6-4 6-4";3;"R64";92;3;2;70;36;20;15;10;6;10;0;1;62;33;17;11;10;3;9;23;1600;87;588;6;6;NA;NA;NA;4;4;NA;NA;NA;2010-05-09;2010;"2010-1536:24";93;0;1,47643804394299;-0,442943495848728;44;"Marcel Granollers";107;"Stan Wawrinka";-0,442943495848728;1,47643804394299;-1,91938153979171;24;25,1;-1,1;190;183;7;0,6;0,333333333333333;0,333333333333333;0,6;-0,266666666666667;9;10;3;6;6;4;4;6;-2;0;1;0
"533291";"2010-1536";"Madrid Masters";"Clay";"56";"Masters";31;34;"David Ferrer";"R";175;"ESP";28,1;15;"Jeremy Chardy";"R";188;"FRA";23,2;"6-3 7-6(2)";3;"R64";111;0;2;65;47;30;10;10;4;7;3;0;92;50;30;18;11;13;18;12;2695;44;910;6;7;NA;NA;NA;3;6;NA;NA;NA;2010-05-09;2010;"2010-1536:31";94;0;2,41503749927884;0,540568381362703;15;"Jeremy Chardy";34;"David Ferrer";0,540568381362703;2,41503749927884;-1,87446911791614;23,2;28,1;-4,9;188;175;13;0,571428571428571;0,722222222222222;0,722222222222222;0,571428571428571;0,150793650793651;18;7;13;4;5;3;3;5;-2;0;1;0
"533320";"2010-1536";"Madrid Masters";"Clay";"56";"Masters";60;50;"John Isner";"R";206;"USA";25;41;"Santiago Giraldo";"R";188;"COL";22,4;"1-6 7-6(6) 6-2";3;"R32";115;22;3;110;77;48;16;14;11;14;1;0;75;59;42;9;13;2;4;19;1800;59;764;1;7;6;NA;NA;6;6;2;NA;NA;2010-05-09;2010;"2010-1536:60";95;0;1,75207248655641;0,117356950638158;41;"Santiago Giraldo";50;"John Isner";0,117356950638158;1,75207248655641;-1,63471553591826;22,4;25;-2,6;188;206;-18;0,785714285714286;0,5;0,5;0,785714285714286;-0,285714285714286;4;14;2;11;2;3;3;2;1;0;1;0
"533321";"2010-1536";"Madrid Masters";"Clay";"56";"Masters";61;74;"Rafael Nadal";"L";185;"ESP";23,9;29;"Alexandr Dolgopolov";"R";180;"UKR";21,5;"6-4 6-3";3;"R32";87;0;2;68;52;37;9;9;1;1;3;0;59;33;22;13;10;1;4;3;6480;62;734;6;6;NA;NA;NA;4;3;NA;NA;NA;2010-05-09;2010;"2010-1536:61";96;0;4,41503749927884;0,0458036896131251;29;"Alexandr Dolgopolov";74;"Rafael Nadal";0,0458036896131251;4,41503749927884;-4,36923380966572;21,5;23,9;-2,4;180;185;-5;1;0,25;0,25;1;-0,75;4;1;1;1;3;0;0;3;-3;0;1;0
"533322";"2010-1536";"Madrid Masters";"Clay";"56";"Masters";62;33;"Roger Federer";"R";185;"SUI";28,7;107;"Stan Wawrinka";"R";183;"SUI";25,1;"6-3 6-1";3;"R16";69;6;1;41;26;22;8;8;0;1;3;1;64;44;21;8;8;6;11;1;10430;23;1600;6;6;NA;NA;NA;3;1;NA;NA;NA;2010-05-09;2010;"2010-1536:62";97;1;6;1,47643804394299;33;"Roger Federer";107;"Stan Wawrinka";6;1,47643804394299;4,52356195605701;28,7;25,1;3,6;185;183;2;0;0,545454545454545;0;0,545454545454545;-0,545454545454545;11;1;6;0;5;1;5;1;4;0;1;0
"533325";"2010-1536";"Madrid Masters";"Clay";"56";"Masters";65;34;"David Ferrer";"R";175;"ESP";28,1;16;"Marin Cilic";"R";198;"CRO";21,6;"6-3 6-2";3;"R16";71;3;0;47;34;30;7;9;3;3;1;1;48;31;14;11;8;0;3;12;2695;11;2900;6;6;NA;NA;NA;3;2;NA;NA;NA;2010-05-09;2010;"2010-1536:65";98;0;2,41503749927884;2,5405683813627;16;"Marin Cilic";34;"David Ferrer";2,5405683813627;2,41503749927884;0,125530882083859;21,6;28,1;-6,5;198;175;23;1;0;0;1;-1;3;3;0;3;3;0;0;3;-3;0;1;0
"533328";"2010-1536";"Madrid Masters";"Clay";"56";"Masters";68;69;"Gael Monfils";"R";193;"FRA";23,6;38;"Guillermo Garcia Lopez";"R";188;"ESP";26,9;"7-6(5) 6-4";3;"R16";130;3;1;86;60;44;15;11;6;6;1;2;98;67;41;20;11;15;16;18;2040;39;1104;7;6;NA;NA;NA;6;4;NA;NA;NA;2010-05-09;2010;"2010-1536:68";99;0;1,83007499855769;0,714597781137751;38;"Guillermo Garcia Lopez";69;"Gael Monfils";0,714597781137751;1,83007499855769;-1,11547721741994;26,9;23,6;3,3;188;193;-5;1;0,9375;0,9375;1;-0,0625;16;6;15;6;1;0;0;1;-1;0;1;0
"533329";"2010-1536";"Madrid Masters";"Clay";"56";"Masters";69;74;"Rafael Nadal";"L";185;"ESP";23,9;50;"John Isner";"R";206;"USA";25;"7-5 6-4";3;"R16";87;1;0;52;34;29;15;11;0;0;11;0;66;43;33;11;11;0;2;3;6480;19;1800;7;6;NA;NA;NA;5;4;NA;NA;NA;2010-05-09;2010;"2010-1536:69";100;0;4,41503749927884;1,75207248655641;50;"John Isner";74;"Rafael Nadal";1,75207248655641;4,41503749927884;-2,66296501272243;25;23,9;1,1;206;185;21;1,5;0;0;1,5;-1,5;2;0;0;0;2;0;0;2;-2;0;1;0
"533331";"2010-1536";"Madrid Masters";"Clay";"56";"Masters";71;34;"David Ferrer";"R";175;"ESP";28,1;72;"Andy Murray";"R";190;"GBR";22,9;"7-5 6-3";3;"QF";131;0;1;80;69;45;5;11;6;8;10;2;100;50;34;19;10;11;15;12;2695;4;5565;7;6;NA;NA;NA;5;3;NA;NA;NA;2010-05-09;2010;"2010-1536:71";101;1;2,41503749927884;4;34;"David Ferrer";72;"Andy Murray";2,41503749927884;4;-1,58496250072116;28,1;22,9;5,2;175;190;-15;0,75;0,733333333333333;0,75;0,733333333333333;0,0166666666666667;15;8;11;6;4;2;4;2;2;0;1;0
"533333";"2010-1536";"Madrid Masters";"Clay";"56";"Masters";73;74;"Rafael Nadal";"L";185;"ESP";23,9;69;"Gael Monfils";"R";193;"FRA";23,6;"6-1 6-3";3;"QF";78;1;1;41;30;27;6;8;2;2;3;7;67;36;24;10;8;4;8;3;6480;18;2040;6;6;NA;NA;NA;1;3;NA;NA;NA;2010-05-09;2010;"2010-1536:73";102;0;4,41503749927884;1,83007499855769;69;"Gael Monfils";74;"Rafael Nadal";1,83007499855769;4,41503749927884;-2,58496250072116;23,6;23,9;-0,299999999999997;193;185;8;1;0,5;0,5;1;-0,5;8;2;4;2;4;0;0;4;-4;0;1;0
"533336";"2010-1536";"Madrid Masters";"Clay";"56";"Masters";76;74;"Rafael Nadal";"L";185;"ESP";23,9;33;"Roger Federer";"R";185;"SUI";28,7;"6-4 7-6(5)";3;"F";131;2;2;81;59;32;14;11;8;11;9;0;88;59;35;14;11;7;11;3;6480;1;10430;6;7;NA;NA;NA;4;6;NA;NA;NA;2010-05-09;2010;"2010-1536:76";103;0;4,41503749927884;6;33;"Roger Federer";74;"Rafael Nadal";6;4,41503749927884;1,58496250072116;28,7;23,9;4,8;185;185;0;0,727272727272727;0,636363636363636;0,636363636363636;0,727272727272727;-0,0909090909090909;11;11;7;8;4;3;3;4;-1;0;1;0
"556344";"2011-410";"Monte Carlo Masters";"Clay";"56";"Masters";35;35;"Fabio Fognini";"R";178;"ITA";23,8;1;"Kevin Anderson";"R";203;"RSA";24,8;"3-6 6-2 6-2";3;"R64";114;1;3;60;29;18;21;12;0;3;6;1;78;53;33;7;13;5;11;53;935;33;1185;3;6;6;NA;NA;6;2;2;NA;NA;2011-04-10;2011;"2011-410:35";104;0;0,272079545436801;0,955605880641547;1;"Kevin Anderson";35;"Fabio Fognini";0,955605880641547;0,272079545436801;0,683526335204745;24,8;23,8;1;203;178;25;0;0,454545454545455;0,454545454545455;0;0,454545454545455;11;3;5;0;6;3;3;6;-3;0;1;0
"556352";"2011-410";"Monte Carlo Masters";"Clay";"56";"Masters";43;16;"Marin Cilic";"R";198;"CRO";22,5;106;"Filippo Volandri";"R";183;"ITA";29,5;"6-2 6-1";3;"R64";65;3;1;34;21;19;9;7;0;0;0;2;52;33;15;11;8;4;9;22;1495;76;668;6;6;NA;NA;NA;2;1;NA;NA;NA;2011-04-10;2011;"2011-410:43";105;1;1,5405683813627;-0,247927513443585;16;"Marin Cilic";106;"Filippo Volandri";1,5405683813627;-0,247927513443585;1,78849589480629;22,5;29,5;-7;198;183;15;1,5;0,444444444444444;1,5;0,444444444444444;1,05555555555556;9;0;4;0;5;0;5;0;5;0;1;0
"556359";"2011-410";"Monte Carlo Masters";"Clay";"56";"Masters";50;72;"Andy Murray";"R";190;"GBR";23,9;96;"Radek Stepanek";"R";185;"CZE";32,3;"6-1 6-4";3;"R32";92;7;1;47;28;22;11;8;4;5;2;0;69;44;25;9;9;3;8;4;5545;70;758;6;6;NA;NA;NA;1;4;NA;NA;NA;2011-04-10;2011;"2011-410:50";106;1;4;-0,129283016944966;72;"Andy Murray";96;"Radek Stepanek";4;-0,129283016944966;4,12928301694497;23,9;32,3;-8,4;190;185;5;0,8;0,375;0,8;0,375;0,425;8;5;3;4;5;1;5;1;4;0;1;0
"556364";"2011-410";"Monte Carlo Masters";"Clay";"56";"Masters";55;102;"Viktor Troicki";"R";193;"SRB";25,1;35;"Fabio Fognini";"R";178;"ITA";23,8;"6-3 4-6 6-4";3;"R32";129;2;0;89;53;30;16;14;5;12;0;2;90;58;31;12;15;6;15;16;1790;53;935;6;4;6;NA;NA;3;6;4;NA;NA;2011-04-10;2011;"2011-410:55";107;0;2;0,272079545436801;35;"Fabio Fognini";102;"Viktor Troicki";0,272079545436801;2;-1,7279204545632;23,8;25,1;-1,3;178;193;-15;0,416666666666667;0,4;0,4;0,416666666666667;-0,0166666666666667;15;12;6;5;9;7;7;9;-2;0;1;0
"556371";"2011-410";"Monte Carlo Masters";"Clay";"56";"Masters";62;74;"Rafael Nadal";"L";185;"ESP";24,8;40;"Richard Gasquet";"R";185;"FRA";24,8;"6-2 6-4";3;"R16";94;3;2;50;33;25;11;9;0;1;1;0;63;32;18;15;9;5;9;1;12870;18;1700;6;6;NA;NA;NA;2;4;NA;NA;NA;2011-04-10;2011;"2011-410:62";108;0;6;1,83007499855769;40;"Richard Gasquet";74;"Rafael Nadal";1,83007499855769;6;-4,16992500144231;24,8;24,8;0;185;185;0;0;0,555555555555556;0,555555555555556;0;0,555555555555556;9;1;5;0;4;1;1;4;-3;0;1;0
"556373";"2011-410";"Monte Carlo Masters";"Clay";"56";"Masters";64;72;"Andy Murray";"R";190;"GBR";23,9;92;"Gilles Simon";"R";183;"FRA";26,2;"6-3 6-3";3;"R16";95;0;1;49;27;19;10;9;2;5;2;2;69;33;15;16;9;4;10;4;5545;24;1475;6;6;NA;NA;NA;3;3;NA;NA;NA;2011-04-10;2011;"2011-410:64";109;1;4;1,41503749927884;72;"Andy Murray";92;"Gilles Simon";4;1,41503749927884;2,58496250072116;23,9;26,2;-2,3;190;183;7;0,4;0,4;0,4;0,4;0;10;5;4;2;6;3;6;3;3;0;1;0
"556378";"2011-410";"Monte Carlo Masters";"Clay";"56";"Masters";69;33;"Roger Federer";"R";185;"SUI";29,6;16;"Marin Cilic";"R";198;"CRO";22,5;"6-4 6-3";3;"R16";72;0;0;54;38;30;12;10;1;1;3;2;52;26;19;15;9;2;4;3;8550;22;1495;6;6;NA;NA;NA;4;3;NA;NA;NA;2011-04-10;2011;"2011-410:69";110;0;4,41503749927884;1,5405683813627;16;"Marin Cilic";33;"Roger Federer";1,5405683813627;4,41503749927884;-2,87446911791614;22,5;29,6;-7,1;198;185;13;1;0,5;0,5;1;-0,5;4;1;2;1;2;0;0;2;-2;0;1;0
"556383";"2011-410";"Monte Carlo Masters";"Clay";"56";"Masters";74;74;"Rafael Nadal";"L";185;"ESP";24,8;72;"Andy Murray";"R";190;"GBR";23,9;"6-4 2-6 6-1";3;"SF";179;3;2;82;56;33;11;13;6;12;2;1;105;57;31;18;12;12;19;1;12870;4;5545;6;2;6;NA;NA;4;6;1;NA;NA;2011-04-10;2011;"2011-410:74";111;0;6;4;72;"Andy Murray";74;"Rafael Nadal";4;6;-2;23,9;24,8;-0,900000000000002;190;185;5;0,5;0,631578947368421;0,631578947368421;0,5;0,131578947368421;19;12;12;6;7;6;6;7;-1;0;1;0
"556385";"2011-410";"Monte Carlo Masters";"Clay";"56";"Masters";76;74;"Rafael Nadal";"L";185;"ESP";24,8;34;"David Ferrer";"R";175;"ESP";29;"6-4 7-5";3;"F";137;0;3;83;51;33;18;11;5;7;0;2;70;36;25;15;11;7;11;1;12870;6;4600;6;7;NA;NA;NA;4;5;NA;NA;NA;2011-04-10;2011;"2011-410:76";112;0;6;3,41503749927884;34;"David Ferrer";74;"Rafael Nadal";3,41503749927884;6;-2,58496250072116;29;24,8;4,2;175;185;-10;0,714285714285714;0,636363636363636;0,636363636363636;0,714285714285714;-0,077922077922078;11;7;7;5;4;2;2;4;-2;0;1;0
"557786";"2011-1536";"Madrid Masters";"Clay";"56";"Masters";1;24;"Federico Delbonis";"L";190;"ARG";20,5;35;"Fabio Fognini";"R";178;"ITA";23,9;"3-6 7-6(4) 6-2";3;"Q1";108;6;2;85;52;39;18;14;4;7;3;4;85;58;41;12;15;2;6;195;276;47;970;3;7;6;NA;NA;6;6;2;NA;NA;2011-05-01;2011;"2011-1536:1";113;1;-1,60733031374961;0,445411148322362;24;"Federico Delbonis";35;"Fabio Fognini";-1,60733031374961;0,445411148322362;-2,05274146207197;20,5;23,9;-3,4;190;178;12;0,571428571428571;0,333333333333333;0,571428571428571;0,333333333333333;0,238095238095238;6;7;2;4;4;3;4;3;1;0;1;0
"557823";"2011-1536";"Madrid Masters";"Clay";"56";"Masters";38;7;"Thomaz Bellucci";"L";188;"BRA";23,3;2;"Pablo Andujar";"R";180;"ESP";25,2;"6-4 6-2";3;"R64";91;4;1;56;35;24;13;9;2;3;1;4;69;40;22;15;9;8;12;36;1115;48;967;6;6;NA;NA;NA;4;2;NA;NA;NA;2011-05-01;2011;"2011-1536:38";114;0;0,830074998557688;0,415037499278844;2;"Pablo Andujar";7;"Thomaz Bellucci";0,415037499278844;0,830074998557688;-0,415037499278844;25,2;23,3;1,9;180;188;-8;0,666666666666667;0,666666666666667;0,666666666666667;0,666666666666667;0;12;3;8;2;4;1;1;4;-3;0;1;0
"557828";"2011-1536";"Madrid Masters";"Clay";"56";"Masters";43;38;"Guillermo Garcia Lopez";"R";188;"ESP";27,9;107;"Stan Wawrinka";"R";183;"SUI";26;"6-4 5-7 6-4";3;"R64";165;3;2;111;57;42;29;16;5;7;5;2;105;69;50;14;16;5;8;29;1285;14;2000;6;5;6;NA;NA;4;7;4;NA;NA;2011-05-01;2011;"2011-1536:43";115;1;1,14201900487243;2,1926450779424;38;"Guillermo Garcia Lopez";107;"Stan Wawrinka";1,14201900487243;2,1926450779424;-1,05062607306997;27,9;26;1,9;188;183;5;0,714285714285714;0,625;0,714285714285714;0,625;0,0892857142857143;8;7;5;5;3;2;3;2;1;0;1;0
"557832";"2011-1536";"Madrid Masters";"Clay";"56";"Masters";47;23;"Juan Martin del Potro";"R";198;"ARG";22,6;16;"Marin Cilic";"R";198;"CRO";22,5;"6-3 6-0";3;"R32";64;2;1;35;23;21;7;7;0;0;2;2;44;23;13;6;8;1;6;32;1265;19;1530;6;6;NA;NA;NA;3;0;NA;NA;NA;2011-05-01;2011;"2011-1536:47";116;0;1;1,75207248655641;16;"Marin Cilic";23;"Juan Martin del Potro";1,75207248655641;1;0,752072486556415;22,5;22,6;-0,100000000000001;198;198;0;1,5;0,166666666666667;0,166666666666667;1,5;-1,33333333333333;6;0;1;0;5;0;0;5;-5;0;1;0
"557842";"2011-1536";"Madrid Masters";"Clay";"56";"Masters";57;72;"Andy Murray";"R";190;"GBR";23,9;92;"Gilles Simon";"R";183;"FRA";26,3;"6-4 3-6 6-0";3;"R32";143;8;3;95;59;39;18;12;8;10;4;2;88;46;28;20;13;10;15;4;5815;20;1520;6;3;6;NA;NA;4;6;0;NA;NA;2011-05-01;2011;"2011-1536:57";117;1;4;1,67807190511264;72;"Andy Murray";92;"Gilles Simon";4;1,67807190511264;2,32192809488736;23,9;26,3;-2,4;190;183;7;0,8;0,666666666666667;0,8;0,666666666666667;0,133333333333333;15;10;10;8;5;2;5;2;3;0;1;0
"557846";"2011-1536";"Madrid Masters";"Clay";"56";"Masters";61;28;"Novak Djokovic";"R";188;"SRB";23,9;1;"Kevin Anderson";"R";203;"RSA";24,9;"6-3 6-4";3;"R32";101;2;2;55;39;32;9;10;2;2;7;0;64;39;28;11;9;4;6;2;9710;35;1150;6;6;NA;NA;NA;3;4;NA;NA;NA;2011-05-01;2011;"2011-1536:61";118;0;5;0,870716983055034;1;"Kevin Anderson";28;"Novak Djokovic";0,870716983055034;5;-4,12928301694497;24,9;23,9;1;203;188;15;1;0,666666666666667;0,666666666666667;1;-0,333333333333333;6;2;4;2;2;0;0;2;-2;0;1;0
"557852";"2011-1536";"Madrid Masters";"Clay";"56";"Masters";67;7;"Thomaz Bellucci";"L";188;"BRA";23,3;72;"Andy Murray";"R";190;"GBR";23,9;"6-4 6-2";3;"R16";91;4;1;57;36;29;11;9;3;3;1;2;56;34;21;11;9;0;3;36;1115;4;5815;6;6;NA;NA;NA;4;2;NA;NA;NA;2011-05-01;2011;"2011-1536:67";119;1;0,830074998557688;4;7;"Thomaz Bellucci";72;"Andy Murray";0,830074998557688;4;-3,16992500144231;23,3;23,9;-0,599999999999998;188;190;-2;1;0;1;0;1;3;3;0;3;3;0;3;0;3;0;1;0
"557854";"2011-1536";"Madrid Masters";"Clay";"56";"Masters";69;28;"Novak Djokovic";"R";188;"SRB";23,9;38;"Guillermo Garcia Lopez";"R";188;"ESP";27,9;"6-1 6-2";3;"R16";51;5;1;34;21;21;11;8;0;0;3;2;37;24;16;3;7;3;7;2;9710;29;1285;6;6;NA;NA;NA;1;2;NA;NA;NA;2011-05-01;2011;"2011-1536:69";120;1;5;1,14201900487243;28;"Novak Djokovic";38;"Guillermo Garcia Lopez";5;1,14201900487243;3,85798099512757;23,9;27,9;-4;188;188;0;1,5;0,428571428571429;1,5;0,428571428571429;1,07142857142857;7;0;3;0;4;0;4;0;4;0;1;0
"557858";"2011-1536";"Madrid Masters";"Clay";"56";"Masters";73;28;"Novak Djokovic";"R";188;"SRB";23,9;34;"David Ferrer";"R";175;"ESP";29;"6-4 4-6 6-3";3;"QF";148;6;1;85;56;43;12;14;3;6;1;2;93;58;36;15;15;6;11;2;9710;6;4330;6;4;6;NA;NA;4;6;3;NA;NA;2011-05-01;2011;"2011-1536:73";121;1;5;3,41503749927884;28;"Novak Djokovic";34;"David Ferrer";5;3,41503749927884;1,58496250072116;23,9;29;-5,1;188;175;13;0,5;0,545454545454545;0,5;0,545454545454545;-0,0454545454545454;11;6;6;3;5;3;5;3;2;0;1;0
"557859";"2011-1536";"Madrid Masters";"Clay";"56";"Masters";74;74;"Rafael Nadal";"L";185;"ESP";24,9;33;"Roger Federer";"R";185;"SUI";29,7;"5-7 6-1 6-3";3;"SF";156;1;0;101;82;55;10;14;9;11;0;1;103;63;41;16;14;7;12;1;11915;3;8690;5;6;6;NA;NA;7;1;3;NA;NA;2011-05-01;2011;"2011-1536:74";122;0;6;4,41503749927884;33;"Roger Federer";74;"Rafael Nadal";4,41503749927884;6;-1,58496250072116;29,7;24,9;4,8;185;185;0;0,818181818181818;0,583333333333333;0,583333333333333;0,818181818181818;-0,234848484848485;12;11;7;9;5;2;2;5;-3;0;1;0
"557860";"2011-1536";"Madrid Masters";"Clay";"56";"Masters";75;28;"Novak Djokovic";"R";188;"SRB";23,9;7;"Thomaz Bellucci";"L";188;"BRA";23,3;"4-6 6-4 6-1";3;"SF";130;6;1;80;51;35;18;14;1;3;5;1;75;48;30;16;13;4;8;2;9710;36;1115;4;6;6;NA;NA;6;4;1;NA;NA;2011-05-01;2011;"2011-1536:75";123;0;5;0,830074998557688;7;"Thomaz Bellucci";28;"Novak Djokovic";0,830074998557688;5;-4,16992500144231;23,3;23,9;-0,599999999999998;188;188;0;0,333333333333333;0,5;0,5;0,333333333333333;0,166666666666667;8;3;4;1;4;2;2;4;-2;0;1;0
"557861";"2011-1536";"Madrid Masters";"Clay";"56";"Masters";76;28;"Novak Djokovic";"R";188;"SRB";23,9;74;"Rafael Nadal";"L";185;"ESP";24,9;"7-5 6-4";3;"F";138;3;1;58;33;23;13;11;3;6;3;0;75;52;29;9;11;7;12;2;9710;1;11915;7;6;NA;NA;NA;5;4;NA;NA;NA;2011-05-01;2011;"2011-1536:76";124;1;5;6;28;"Novak Djokovic";74;"Rafael Nadal";5;6;-1;23,9;24,9;-1;188;185;3;0,5;0,583333333333333;0,5;0,583333333333333;-0,0833333333333334;12;6;7;3;5;3;5;3;2;0;1;0
"558356";"2011-416";"Rome Masters";"Clay";"56";"Masters";22;107;"Stan Wawrinka";"R";183;"SUI";26,1;35;"Fabio Fognini";"R";178;"ITA";23,9;"6-7(5) 6-2 6-4";3;"R64";141;9;0;92;63;50;16;15;4;5;1;4;104;65;43;20;15;1;5;14;1920;48;970;6;6;6;NA;NA;7;2;4;NA;NA;2011-05-08;2011;"2011-416:22";125;0;2,1926450779424;0,415037499278844;35;"Fabio Fognini";107;"Stan Wawrinka";0,415037499278844;2,1926450779424;-1,77760757866355;23,9;26,1;-2,2;178;183;-5;0,8;0,2;0,2;0,8;-0,6;5;5;1;4;4;1;1;4;-3;0;1;0
"558373";"2011-416";"Rome Masters";"Clay";"56";"Masters";39;107;"Stan Wawrinka";"R";183;"SUI";26,1;106;"Filippo Volandri";"R";183;"ITA";29,6;"6-1 3-6 6-2";3;"R32";114;4;5;91;66;39;10;12;8;12;0;4;69;46;26;9;12;5;12;14;1920;79;656;6;3;6;NA;NA;1;6;2;NA;NA;2011-05-08;2011;"2011-416:39";126;0;2,1926450779424;-0,303780748177103;106;"Filippo Volandri";107;"Stan Wawrinka";-0,303780748177103;2,1926450779424;-2,4964258261195;29,6;26,1;3,5;183;183;0;0,666666666666667;0,416666666666667;0,416666666666667;0,666666666666667;-0,25;12;12;5;8;7;4;4;7;-3;0;1;0
"558375";"2011-416";"Rome Masters";"Clay";"56";"Masters";41;74;"Rafael Nadal";"L";185;"ESP";24,9;60;"Feliciano Lopez";"L";188;"ESP";29,6;"6-4 6-2";3;"R16";76;3;0;41;36;29;5;9;1;2;3;0;57;38;21;10;9;2;6;1;12470;40;1065;6;6;NA;NA;NA;4;2;NA;NA;NA;2011-05-08;2011;"2011-416:41";127;0;6;0,678071905112637;60;"Feliciano Lopez";74;"Rafael Nadal";0,678071905112637;6;-5,32192809488736;29,6;24,9;4,7;188;185;3;0,5;0,333333333333333;0,333333333333333;0,5;-0,166666666666667;6;2;2;1;4;1;1;4;-3;0;1;0
"558382";"2011-416";"Rome Masters";"Clay";"56";"Masters";48;28;"Novak Djokovic";"R";188;"SRB";23,9;107;"Stan Wawrinka";"R";183;"SUI";26,1;"6-4 6-1";3;"R16";94;2;0;61;37;27;15;9;6;6;4;0;56;44;26;5;8;6;9;2;10665;14;1920;6;6;NA;NA;NA;4;1;NA;NA;NA;2011-05-08;2011;"2011-416:48";128;1;5;2,1926450779424;28;"Novak Djokovic";107;"Stan Wawrinka";5;2,1926450779424;2,8073549220576;23,9;26,1;-2,2;188;183;5;1;0,666666666666667;1;0,666666666666667;0,333333333333333;9;6;6;6;3;0;3;0;3;0;1;0
"558383";"2011-416";"Rome Masters";"Clay";"56";"Masters";49;74;"Rafael Nadal";"L";185;"ESP";24,9;16;"Marin Cilic";"R";198;"CRO";22,6;"6-1 6-3";3;"QF";86;2;0;45;31;25;9;8;0;0;3;0;53;31;18;8;8;3;7;1;12470;23;1425;6;6;NA;NA;NA;1;3;NA;NA;NA;2011-05-08;2011;"2011-416:49";129;0;6;1,47643804394299;16;"Marin Cilic";74;"Rafael Nadal";1,47643804394299;6;-4,52356195605701;22,6;24,9;-2,3;198;185;13;1,5;0,428571428571429;0,428571428571429;1,5;-1,07142857142857;7;0;3;0;4;0;0;4;-4;0;1;0
"558385";"2011-416";"Rome Masters";"Clay";"56";"Masters";51;72;"Andy Murray";"R";190;"GBR";23,9;64;"Florian Mayer";"R";190;"GER";27,5;"1-6 6-1 6-1";3;"QF";96;1;1;66;36;22;16;11;3;7;0;1;62;43;22;5;10;7;13;4;5905;28;1300;1;6;6;NA;NA;6;1;1;NA;NA;2011-05-08;2011;"2011-416:51";130;0;4;1,1926450779424;64;"Florian Mayer";72;"Andy Murray";1,1926450779424;4;-2,8073549220576;27,5;23,9;3,6;190;190;0;0,428571428571429;0,538461538461538;0,538461538461538;0,428571428571429;0,10989010989011;13;7;7;3;6;4;4;6;-2;0;1;0
"558387";"2011-416";"Rome Masters";"Clay";"56";"Masters";53;74;"Rafael Nadal";"L";185;"ESP";24,9;40;"Richard Gasquet";"R";185;"FRA";24,8;"7-5 6-1";3;"SF";94;4;0;54;40;31;8;9;4;4;1;1;56;32;19;11;10;1;5;1;12470;16;1710;7;6;NA;NA;NA;5;1;NA;NA;NA;2011-05-08;2011;"2011-416:53";131;0;6;2;40;"Richard Gasquet";74;"Rafael Nadal";2;6;-4;24,8;24,9;-0,0999999999999979;185;185;0;1;0,2;0,2;1;-0,8;5;4;1;4;4;0;0;4;-4;0;1;0
"558388";"2011-416";"Rome Masters";"Clay";"56";"Masters";54;28;"Novak Djokovic";"R";188;"SRB";23,9;72;"Andy Murray";"R";190;"GBR";23,9;"6-1 3-6 7-6(2)";3;"SF";182;4;2;96;66;44;14;14;5;10;6;4;98;62;40;13;14;7;13;2;10665;4;5905;6;3;7;NA;NA;1;6;6;NA;NA;2011-05-08;2011;"2011-416:54";132;1;5;4;28;"Novak Djokovic";72;"Andy Murray";5;4;1;23,9;23,9;0;188;190;-2;0,5;0,538461538461538;0,5;0,538461538461538;-0,0384615384615384;13;10;7;5;6;5;6;5;1;0;1;0
"558389";"2011-416";"Rome Masters";"Clay";"56";"Masters";55;28;"Novak Djokovic";"R";188;"SRB";23,9;74;"Rafael Nadal";"L";185;"ESP";24,9;"6-4 6-4";3;"F";133;0;1;61;46;31;7;10;1;3;2;1;69;49;33;5;10;7;11;2;10665;1;12470;6;6;NA;NA;NA;4;4;NA;NA;NA;2011-05-08;2011;"2011-416:55";133;1;5;6;28;"Novak Djokovic";74;"Rafael Nadal";5;6;-1;23,9;24,9;-1;188;185;3;0,333333333333333;0,636363636363636;0,333333333333333;0,636363636363636;-0,303030303030303;11;3;7;1;4;2;4;2;2;0;1;0
"583384";"2012-410";"Monte Carlo Masters";"Clay";"56";"Masters";7;24;"Federico Delbonis";"L";190;"ARG";21,5;65;"Leonardo Mayer";"R";188;"ARG";24,9;"7-6(5) 6-4";3;"Q1";126;2;0;72;40;29;16;11;6;8;5;5;74;41;30;13;11;3;6;144;373;72;690;7;6;NA;NA;NA;6;4;NA;NA;NA;2012-04-15;2012;"2012-410:7";134;1;-1,16992500144231;-0,169925001442312;24;"Federico Delbonis";65;"Leonardo Mayer";-1,16992500144231;-0,169925001442312;-1;21,5;24,9;-3,4;190;188;2;0,75;0,5;0,75;0,5;0,25;6;8;3;6;3;2;3;2;1;0;1;0
"583393";"2012-410";"Monte Carlo Masters";"Clay";"56";"Masters";16;57;"Mikhail Kukushkin";"R";183;"KAZ";24,3;26;"Grigor Dimitrov";"R";188;"BUL";20,9;"6-4 7-5";3;"Q2";93;1;0;80;51;34;19;11;8;8;7;1;69;50;35;11;11;4;6;68;707;86;608;6;7;NA;NA;NA;4;5;NA;NA;NA;2012-04-15;2012;"2012-410:16";135;0;-0,0874628412503391;-0,426264754702098;26;"Grigor Dimitrov";57;"Mikhail Kukushkin";-0,426264754702098;-0,0874628412503391;-0,338801913451759;20,9;24,3;-3,4;188;183;5;1;0,666666666666667;0,666666666666667;1;-0,333333333333333;6;8;4;8;2;0;0;2;-2;0;1;0
"583408";"2012-410";"Monte Carlo Masters";"Clay";"56";"Masters";31;75;"Kei Nishikori";"R";178;"JPN";22,2;85;"Albert Ramos";"L";188;"ESP";24,2;"6-2 7-5";3;"R64";109;0;1;55;34;26;11;10;2;4;1;5;84;57;30;11;10;12;17;17;1625;42;987;6;7;NA;NA;NA;2;5;NA;NA;NA;2012-04-15;2012;"2012-410:31";136;1;1,91253715874966;0,607682577221239;75;"Kei Nishikori";85;"Albert Ramos";1,91253715874966;0,607682577221239;1,30485458152842;22,2;24,2;-2;178;188;-10;0,5;0,705882352941177;0,5;0,705882352941177;-0,205882352941177;17;4;12;2;5;2;5;2;3;0;1;0
"583418";"2012-410";"Monte Carlo Masters";"Clay";"56";"Masters";41;2;"Pablo Andujar";"R";180;"ESP";26,2;24;"Federico Delbonis";"L";190;"ARG";21,5;"3-6 6-4 6-2";3;"R64";150;1;5;87;54;30;16;14;6;12;1;7;95;46;26;21;13;12;19;39;1045;144;373;3;6;6;NA;NA;6;4;2;NA;NA;2012-04-15;2012;"2012-410:41";137;1;0,714597781137751;-1,16992500144231;2;"Pablo Andujar";24;"Federico Delbonis";0,714597781137751;-1,16992500144231;1,88452278258006;26,2;21,5;4,7;180;190;-10;0,5;0,631578947368421;0,5;0,631578947368421;-0,131578947368421;19;12;12;6;7;6;7;6;1;0;1;0
"583419";"2012-410";"Monte Carlo Masters";"Clay";"56";"Masters";42;107;"Stan Wawrinka";"R";183;"SUI";27;60;"Feliciano Lopez";"L";188;"ESP";30,5;"6-1 6-4";3;"R64";69;14;3;48;30;26;11;9;1;1;1;3;62;34;22;11;8;5;8;26;1290;16;1900;6;6;NA;NA;NA;1;4;NA;NA;NA;2012-04-15;2012;"2012-410:42";138;0;1,29956028185891;2;60;"Feliciano Lopez";107;"Stan Wawrinka";2;1,29956028185891;0,700439718141092;30,5;27;3,5;188;183;5;1;0,625;0,625;1;-0,375;8;1;5;1;3;0;0;3;-3;0;1;0
"583423";"2012-410";"Monte Carlo Masters";"Clay";"56";"Masters";46;28;"Novak Djokovic";"R";188;"SRB";24,9;90;"Andreas Seppi";"R";190;"ITA";28,1;"6-1 6-4";3;"R32";89;5;1;63;43;33;10;9;3;3;0;0;66;40;22;13;8;6;9;1;12670;44;980;6;6;NA;NA;NA;1;4;NA;NA;NA;2012-04-15;2012;"2012-410:46";139;1;6;0,540568381362703;28;"Novak Djokovic";90;"Andreas Seppi";6;0,540568381362703;5,4594316186373;24,9;28,1;-3,2;188;190;-2;1;0,666666666666667;1;0,666666666666667;0,333333333333333;9;3;6;3;3;0;3;0;3;0;1;0
"583424";"2012-410";"Monte Carlo Masters";"Clay";"56";"Masters";47;29;"Alexandr Dolgopolov";"R";180;"UKR";23,4;100;"Bernard Tomic";"R";193;"AUS";19,4;"6-2 5-7 6-1";3;"R32";100;11;0;86;54;39;19;14;6;7;4;1;78;53;38;10;13;6;10;21;1495;36;1100;6;5;6;NA;NA;2;7;1;NA;NA;2012-04-15;2012;"2012-410:47";140;1;1,60768257722124;0,830074998557688;29;"Alexandr Dolgopolov";100;"Bernard Tomic";1,60768257722124;0,830074998557688;0,777607578663551;23,4;19,4;4;180;193;-13;0,857142857142857;0,6;0,857142857142857;0,6;0,257142857142857;10;7;6;6;4;1;4;1;3;0;1;0
"583425";"2012-410";"Monte Carlo Masters";"Clay";"56";"Masters";48;46;"Robin Haase";"R";190;"NED";25;35;"Fabio Fognini";"R";178;"ITA";24,8;"6-4 6-4";3;"R32";85;3;3;60;34;24;12;10;2;5;0;1;67;45;26;9;10;6;11;55;821;60;775;6;6;NA;NA;NA;4;4;NA;NA;NA;2012-04-15;2012;"2012-410:48";141;0;0,21864028647534;0,0931094043914813;35;"Fabio Fognini";46;"Robin Haase";0,0931094043914813;0,21864028647534;-0,125530882083859;24,8;25;-0,199999999999999;178;190;-12;0,4;0,545454545454545;0,545454545454545;0,4;0,145454545454545;11;5;6;2;5;3;3;5;-2;0;1;0
"583427";"2012-410";"Monte Carlo Masters";"Clay";"56";"Masters";50;72;"Andy Murray";"R";190;"GBR";24,9;102;"Viktor Troicki";"R";193;"SRB";26,1;"6-0 6-3";3;"R32";67;1;1;33;27;25;3;7;0;0;0;1;53;32;17;7;8;7;12;4;7680;30;1185;6;6;NA;NA;NA;0;3;NA;NA;NA;2012-04-15;2012;"2012-410:50";142;1;4;1,09310940439148;72;"Andy Murray";102;"Viktor Troicki";4;1,09310940439148;2,90689059560852;24,9;26,1;-1,2;190;193;-3;1,5;0,583333333333333;1,5;0,583333333333333;0,916666666666667;12;0;7;0;5;0;5;0;5;0;1;0
"583430";"2012-410";"Monte Carlo Masters";"Clay";"56";"Masters";53;8;"Tomas Berdych";"R";196;"CZE";26,5;16;"Marin Cilic";"R";198;"CRO";23,5;"7-6(3) 6-1";3;"R32";103;5;1;59;32;25;17;10;1;3;6;5;67;33;23;12;9;5;9;7;3810;22;1400;7;6;NA;NA;NA;6;1;NA;NA;NA;2012-04-15;2012;"2012-410:53";143;1;3,1926450779424;1,5405683813627;8;"Tomas Berdych";16;"Marin Cilic";3,1926450779424;1,5405683813627;1,65207669657969;26,5;23,5;3;196;198;-2;0,333333333333333;0,555555555555556;0,333333333333333;0,555555555555556;-0,222222222222222;9;3;5;1;4;2;4;2;2;0;1;0
"583436";"2012-410";"Monte Carlo Masters";"Clay";"56";"Masters";59;107;"Stan Wawrinka";"R";183;"SUI";27;2;"Pablo Andujar";"R";180;"ESP";26,2;"7-5 6-3";3;"R32";81;7;2;64;30;22;21;11;5;7;0;3;62;39;21;12;10;2;6;26;1290;39;1045;7;6;NA;NA;NA;5;3;NA;NA;NA;2012-04-15;2012;"2012-410:59";144;0;1,29956028185891;0,714597781137751;2;"Pablo Andujar";107;"Stan Wawrinka";0,714597781137751;1,29956028185891;-0,584962500721157;26,2;27;-0,800000000000001;180;183;-3;0,714285714285714;0,333333333333333;0,333333333333333;0,714285714285714;-0,380952380952381;6;7;2;5;4;2;2;4;-2;0;1;0
"583439";"2012-410";"Monte Carlo Masters";"Clay";"56";"Masters";62;28;"Novak Djokovic";"R";188;"SRB";24,9;29;"Alexandr Dolgopolov";"R";180;"UKR";23,4;"2-6 6-1 6-4";3;"R16";100;5;2;67;48;37;10;13;3;5;5;0;87;49;32;20;12;6;9;1;12670;21;1495;2;6;6;NA;NA;6;1;4;NA;NA;2012-04-15;2012;"2012-410:62";145;1;6;1,60768257722124;28;"Novak Djokovic";29;"Alexandr Dolgopolov";6;1,60768257722124;4,39231742277876;24,9;23,4;1,5;188;180;8;0,6;0,666666666666667;0,6;0,666666666666667;-0,0666666666666667;9;5;6;3;3;2;3;2;1;0;1;0
"583442";"2012-410";"Monte Carlo Masters";"Clay";"56";"Masters";65;8;"Tomas Berdych";"R";196;"CZE";26,5;75;"Kei Nishikori";"R";178;"JPN";22,2;"2-6 6-2 6-4";3;"R16";120;8;2;73;44;35;14;13;2;4;1;1;71;45;30;16;13;5;8;7;3810;17;1625;2;6;6;NA;NA;6;2;4;NA;NA;2012-04-15;2012;"2012-410:65";146;1;3,1926450779424;1,91253715874966;8;"Tomas Berdych";75;"Kei Nishikori";3,1926450779424;1,91253715874966;1,28010791919273;26,5;22,2;4,3;196;178;18;0,5;0,625;0,5;0,625;-0,125;8;4;5;2;3;2;3;2;1;0;1;0
"583446";"2012-410";"Monte Carlo Masters";"Clay";"56";"Masters";69;74;"Rafael Nadal";"L";185;"ESP";25,8;57;"Mikhail Kukushkin";"R";183;"KAZ";24,3;"6-1 6-1";3;"R16";60;5;0;34;28;24;4;7;0;0;1;0;44;27;9;7;7;1;6;2;9215;68;707;6;6;NA;NA;NA;1;1;NA;NA;NA;2012-04-15;2012;"2012-410:69";147;0;5;-0,0874628412503391;57;"Mikhail Kukushkin";74;"Rafael Nadal";-0,0874628412503391;5;-5,08746284125034;24,3;25,8;-1,5;183;185;-2;1,5;0,166666666666667;0,166666666666667;1,5;-1,33333333333333;6;0;1;0;5;0;0;5;-5;0;1;0
"583447";"2012-410";"Monte Carlo Masters";"Clay";"56";"Masters";70;28;"Novak Djokovic";"R";188;"SRB";24,9;46;"Robin Haase";"R";190;"NED";25;"6-4 6-2";3;"QF";78;1;0;55;33;18;11;9;4;8;0;0;61;37;16;7;9;5;12;1;12670;55;821;6;6;NA;NA;NA;4;2;NA;NA;NA;2012-04-15;2012;"2012-410:70";148;1;6;0,21864028647534;28;"Novak Djokovic";46;"Robin Haase";6;0,21864028647534;5,78135971352466;24,9;25;-0,100000000000001;188;190;-2;0,5;0,416666666666667;0,5;0,416666666666667;0,0833333333333333;12;8;5;4;7;4;7;4;3;0;1;0
"583448";"2012-410";"Monte Carlo Masters";"Clay";"56";"Masters";71;8;"Tomas Berdych";"R";196;"CZE";26,5;72;"Andy Murray";"R";190;"GBR";24,9;"6-7(4) 6-2 6-3";3;"QF";168;5;3;79;51;42;15;14;0;1;4;0;112;70;45;21;15;11;16;7;3810;4;7680;6;6;6;NA;NA;7;2;3;NA;NA;2012-04-15;2012;"2012-410:71";149;1;3,1926450779424;4;8;"Tomas Berdych";72;"Andy Murray";3,1926450779424;4;-0,807354922057604;26,5;24,9;1,6;196;190;6;0;0,6875;0;0,6875;-0,6875;16;1;11;0;5;1;5;1;4;0;1;0
"583450";"2012-410";"Monte Carlo Masters";"Clay";"56";"Masters";73;74;"Rafael Nadal";"L";185;"ESP";25,8;107;"Stan Wawrinka";"R";183;"SUI";27;"7-5 6-4";3;"QF";107;4;2;61;45;37;8;11;1;2;5;3;70;37;26;16;11;4;7;2;9215;26;1290;7;6;NA;NA;NA;5;4;NA;NA;NA;2012-04-15;2012;"2012-410:73";150;1;5;1,29956028185891;74;"Rafael Nadal";107;"Stan Wawrinka";5;1,29956028185891;3,70043971814109;25,8;27;-1,2;185;183;2;0,5;0,571428571428571;0,5;0,571428571428571;-0,0714285714285714;7;2;4;1;3;1;3;1;2;0;1;0
"583451";"2012-410";"Monte Carlo Masters";"Clay";"56";"Masters";74;28;"Novak Djokovic";"R";188;"SRB";24,9;8;"Tomas Berdych";"R";196;"CZE";26,5;"4-6 6-3 6-2";3;"SF";162;6;6;97;60;40;21;14;8;10;3;8;89;41;31;21;13;3;7;1;12670;7;3810;4;6;6;NA;NA;6;3;2;NA;NA;2012-04-15;2012;"2012-410:74";151;0;6;3,1926450779424;8;"Tomas Berdych";28;"Novak Djokovic";3,1926450779424;6;-2,8073549220576;26,5;24,9;1,6;196;188;8;0,8;0,428571428571429;0,428571428571429;0,8;-0,371428571428571;7;10;3;8;4;2;2;4;-2;0;1;0
"583452";"2012-410";"Monte Carlo Masters";"Clay";"56";"Masters";75;74;"Rafael Nadal";"L";185;"ESP";25,8;92;"Gilles Simon";"R";183;"FRA";27,3;"6-3 6-4";3;"SF";111;3;2;65;37;27;19;10;7;7;2;2;56;32;23;12;9;3;5;2;9215;15;1980;6;6;NA;NA;NA;3;4;NA;NA;NA;2012-04-15;2012;"2012-410:75";152;1;5;2,09310940439148;74;"Rafael Nadal";92;"Gilles Simon";5;2,09310940439148;2,90689059560852;25,8;27,3;-1,5;185;183;2;1;0,6;1;0,6;0,4;5;7;3;7;2;0;2;0;2;0;1;0
"583453";"2012-410";"Monte Carlo Masters";"Clay";"56";"Masters";76;74;"Rafael Nadal";"L";185;"ESP";25,8;28;"Novak Djokovic";"R";188;"SRB";24,9;"6-3 6-1";3;"F";79;3;1;38;26;22;6;8;0;1;0;0;48;30;12;10;8;3;8;2;9215;1;12670;6;6;NA;NA;NA;3;1;NA;NA;NA;2012-04-15;2012;"2012-410:76";153;0;5;6;28;"Novak Djokovic";74;"Rafael Nadal";6;5;1;24,9;25,8;-0,900000000000002;188;185;3;0;0,375;0,375;0;0,375;8;1;3;0;5;1;1;5;-4;0;1;0
"585083";"2012-1536";"Madrid Masters";"Clay";"56";"Masters";25;92;"Gilles Simon";"R";183;"FRA";27,3;35;"Fabio Fognini";"R";178;"ITA";24,9;"6-7(1) 6-3 6-3";3;"R64";149;2;2;83;44;29;20;15;2;7;0;3;116;80;45;11;15;10;18;12;2500;47;930;6;6;6;NA;NA;7;3;3;NA;NA;2012-05-06;2012;"2012-1536:25";154;0;2,41503749927884;0,445411148322362;35;"Fabio Fognini";92;"Gilles Simon";0,445411148322362;2,41503749927884;-1,96962635095648;24,9;27,3;-2,4;178;183;-5;0,285714285714286;0,555555555555556;0,555555555555556;0,285714285714286;0,26984126984127;18;7;10;2;8;5;5;8;-3;0;1;0
"585085";"2012-1536";"Madrid Masters";"Clay";"56";"Masters";27;24;"Federico Delbonis";"L";190;"ARG";21,5;85;"Albert Ramos";"L";188;"ESP";24,3;"6-3 6-2";3;"R64";72;3;0;53;38;30;9;9;3;3;0;1;52;32;20;8;8;4;7;131;422;39;1063;6;6;NA;NA;NA;3;2;NA;NA;NA;2012-05-06;2012;"2012-1536:27";155;1;-1,03342300153745;0,714597781137751;24;"Federico Delbonis";85;"Albert Ramos";-1,03342300153745;0,714597781137751;-1,7480207826752;21,5;24,3;-2,8;190;188;2;1;0,571428571428571;1;0,571428571428571;0,428571428571429;7;3;4;3;3;0;3;0;3;0;1;0
"585091";"2012-1536";"Madrid Masters";"Clay";"56";"Masters";33;96;"Radek Stepanek";"R";185;"CZE";33,4;100;"Bernard Tomic";"R";193;"AUS";19,5;"6-2 7-5";3;"R64";85;4;4;66;35;28;15;10;6;7;1;3;74;46;23;16;10;7;11;26;1340;31;1210;6;7;NA;NA;NA;2;5;NA;NA;NA;2012-05-06;2012;"2012-1536:33";156;1;1,29956028185891;1,04580368961313;96;"Radek Stepanek";100;"Bernard Tomic";1,29956028185891;1,04580368961313;0,253756592245783;33,4;19,5;13,9;185;193;-8;0,857142857142857;0,636363636363636;0,857142857142857;0,636363636363636;0,220779220779221;11;7;7;6;4;1;4;1;3;0;1;0
"585092";"2012-1536";"Madrid Masters";"Clay";"56";"Masters";34;16;"Marin Cilic";"R";198;"CRO";23,6;70;"Albert Montanes";"R";175;"ESP";31,4;"6-3 6-3";3;"R64";78;3;3;67;31;21;25;9;7;7;2;1;57;40;25;8;9;5;8;22;1505;64;725;6;6;NA;NA;NA;3;3;NA;NA;NA;2012-05-06;2012;"2012-1536:34";157;1;1,5405683813627;0;16;"Marin Cilic";70;"Albert Montanes";1,5405683813627;0;1,5405683813627;23,6;31,4;-7,8;198;175;23;1;0,625;1;0,625;0,375;8;7;5;7;3;0;3;0;3;0;1;0
"585095";"2012-1536";"Madrid Masters";"Clay";"56";"Masters";37;29;"Alexandr Dolgopolov";"R";180;"UKR";23,4;2;"Pablo Andujar";"R";180;"ESP";26,2;"7-6(5) 6-4";3;"R64";100;10;1;69;36;31;15;11;2;3;0;7;76;39;25;20;11;3;5;20;1575;37;1160;7;6;NA;NA;NA;6;4;NA;NA;NA;2012-05-06;2012;"2012-1536:37";158;0;1,67807190511264;0,79054663437105;2;"Pablo Andujar";29;"Alexandr Dolgopolov";0,79054663437105;1,67807190511264;-0,887525270741587;26,2;23,4;2,8;180;180;0;0,666666666666667;0,6;0,6;0,666666666666667;-0,0666666666666667;5;3;3;2;2;1;1;2;-1;0;1;0
"585100";"2012-1536";"Madrid Masters";"Clay";"56";"Masters";42;69;"Gael Monfils";"R";193;"FRA";25,6;55;"Philipp Kohlschreiber";"R";178;"GER";28,5;"7-5 6-7(2) 6-3";3;"R64";130;11;2;108;69;52;19;17;4;6;3;2;101;63;47;16;16;4;8;14;2120;25;1405;7;6;6;NA;NA;5;7;3;NA;NA;2012-05-06;2012;"2012-1536:42";159;0;2,1926450779424;1,35614381022528;55;"Philipp Kohlschreiber";69;"Gael Monfils";1,35614381022528;2,1926450779424;-0,83650126771712;28,5;25,6;2,9;178;193;-15;0,666666666666667;0,5;0,5;0,666666666666667;-0,166666666666667;8;6;4;4;4;2;2;4;-2;0;1;0
"585112";"2012-1536";"Madrid Masters";"Clay";"56";"Masters";54;16;"Marin Cilic";"R";198;"CRO";23,6;50;"John Isner";"R";206;"USA";27;"7-6(4) 7-6(3)";3;"R32";117;7;6;88;42;32;31;12;3;3;14;2;87;54;40;20;12;2;2;22;1505;10;2725;7;7;NA;NA;NA;6;6;NA;NA;NA;2012-05-06;2012;"2012-1536:54";160;1;1,5405683813627;2,67807190511264;16;"Marin Cilic";50;"John Isner";1,5405683813627;2,67807190511264;-1,13750352374994;23,6;27;-3,4;198;206;-8;1;1;1;1;0;2;3;2;3;0;0;0;0;0;0;1;0
"585120";"2012-1536";"Madrid Masters";"Clay";"56";"Masters";62;28;"Novak Djokovic";"R";188;"SRB";24,9;107;"Stan Wawrinka";"R";183;"SUI";27,1;"7-6(5) 6-4";3;"R16";105;7;2;61;44;36;11;11;0;1;7;4;82;43;32;17;11;8;10;1;12020;21;1505;7;6;NA;NA;NA;6;4;NA;NA;NA;2012-05-06;2012;"2012-1536:62";161;1;6;1,60768257722124;28;"Novak Djokovic";107;"Stan Wawrinka";6;1,60768257722124;4,39231742277876;24,9;27,1;-2,2;188;183;5;0;0,8;0;0,8;-0,8;10;1;8;0;2;1;2;1;1;0;1;0
"585124";"2012-1536";"Madrid Masters";"Clay";"56";"Masters";66;23;"Juan Martin del Potro";"R";198;"ARG";23,6;16;"Marin Cilic";"R";198;"CRO";23,6;"6-2 6-4";3;"R16";98;6;0;57;35;29;12;9;6;6;4;2;67;28;18;18;9;4;7;11;2655;22;1505;6;6;NA;NA;NA;2;4;NA;NA;NA;2012-05-06;2012;"2012-1536:66";162;0;2,5405683813627;1,5405683813627;16;"Marin Cilic";23;"Juan Martin del Potro";1,5405683813627;2,5405683813627;-1;23,6;23,6;0;198;198;0;1;0,571428571428571;0,571428571428571;1;-0,428571428571429;7;6;4;6;3;0;0;3;-3;0;1;0
"585126";"2012-1536";"Madrid Masters";"Clay";"56";"Masters";68;8;"Tomas Berdych";"R";196;"CZE";26,6;69;"Gael Monfils";"R";193;"FRA";25,6;"6-1 6-1";3;"R16";50;4;0;32;23;21;7;7;0;0;2;2;39;20;9;6;7;1;6;7;3990;14;2120;6;6;NA;NA;NA;1;1;NA;NA;NA;2012-05-06;2012;"2012-1536:68";163;1;3,1926450779424;2,1926450779424;8;"Tomas Berdych";69;"Gael Monfils";3,1926450779424;2,1926450779424;1;26,6;25,6;1;196;193;3;1,5;0,166666666666667;1,5;0,166666666666667;1,33333333333333;6;0;1;0;5;0;5;0;5;0;1;0
"585127";"2012-1536";"Madrid Masters";"Clay";"56";"Masters";69;105;"Fernando Verdasco";"L";188;"ESP";28,4;74;"Rafael Nadal";"L";185;"ESP";25,9;"6-3 3-6 7-5";3;"R16";190;5;9;101;63;39;15;15;9;15;7;2;83;55;31;12;15;3;10;19;1675;2;9615;6;3;7;NA;NA;3;6;5;NA;NA;2012-05-06;2012;"2012-1536:69";164;0;1,75207248655641;5;74;"Rafael Nadal";105;"Fernando Verdasco";5;1,75207248655641;3,24792751344359;25,9;28,4;-2,5;185;188;-3;0,6;0,3;0,3;0,6;-0,3;10;15;3;9;7;6;6;7;-1;0;1;0
"585761";"2012-416";"Rome Masters";"Clay";"56";"Masters";22;100;"Bernard Tomic";"R";193;"AUS";19,5;41;"Santiago Giraldo";"R";188;"COL";24,4;"4-6 6-2 6-4";3;"R64";121;4;0;86;64;44;11;14;4;6;0;0;82;52;31;19;14;5;9;32;1215;51;853;4;6;6;NA;NA;6;2;4;NA;NA;2012-05-13;2012;"2012-416:22";165;0;1;0,327574658028505;41;"Santiago Giraldo";100;"Bernard Tomic";0,327574658028505;1;-0,672425341971495;24,4;19,5;4,9;188;193;-5;0,666666666666667;0,555555555555556;0,555555555555556;0,666666666666667;-0,111111111111111;9;6;5;4;4;2;2;4;-2;0;1;0
"585770";"2012-416";"Rome Masters";"Clay";"56";"Masters";31;50;"John Isner";"R";206;"USA";27;55;"Philipp Kohlschreiber";"R";178;"GER";28,5;"2-6 7-6(3) 6-2";3;"R64";99;10;1;89;60;44;16;14;2;5;5;0;78;51;34;19;14;3;6;10;2725;24;1370;2;7;6;NA;NA;6;6;2;NA;NA;2012-05-13;2012;"2012-416:31";166;1;2,67807190511264;1,41503749927884;50;"John Isner";55;"Philipp Kohlschreiber";2,67807190511264;1,41503749927884;1,26303440583379;27;28,5;-1,5;206;178;28;0,4;0,5;0,4;0,5;-0,1;6;5;3;2;3;3;3;3;0;0;1;0
"585772";"2012-416";"Rome Masters";"Clay";"56";"Masters";33;107;"Stan Wawrinka";"R";183;"SUI";27,1;46;"Robin Haase";"R";190;"NED";25,1;"6-1 4-6 7-5";3;"R64";136;4;2;114;67;46;24;15;10;12;1;1;84;55;35;15;14;2;6;20;1505;40;1026;6;4;7;NA;NA;1;6;5;NA;NA;2012-05-13;2012;"2012-416:33";167;0;1,67807190511264;0,678071905112637;46;"Robin Haase";107;"Stan Wawrinka";0,678071905112637;1,67807190511264;-1;25,1;27,1;-2;190;183;7;0,833333333333333;0,333333333333333;0,333333333333333;0,833333333333333;-0,5;6;12;2;10;4;2;2;4;-2;0;1;0
"585774";"2012-416";"Rome Masters";"Clay";"56";"Masters";35;38;"Guillermo Garcia Lopez";"R";188;"ESP";28,9;2;"Pablo Andujar";"R";180;"ESP";26,3;"6-4 6-1";3;"R64";89;3;2;52;33;26;9;8;1;2;1;6;63;32;14;16;9;3;8;85;611;36;1150;6;6;NA;NA;NA;4;1;NA;NA;NA;2012-05-13;2012;"2012-416:35";168;0;-0,409390936137702;0,830074998557688;2;"Pablo Andujar";38;"Guillermo Garcia Lopez";0,830074998557688;-0,409390936137702;1,23946593469539;26,3;28,9;-2,6;180;188;-8;0,5;0,375;0,375;0,5;-0,125;8;2;3;1;5;1;1;5;-4;0;1;0
"585785";"2012-416";"Rome Masters";"Clay";"56";"Masters";46;28;"Novak Djokovic";"R";188;"SRB";24,9;100;"Bernard Tomic";"R";193;"AUS";19,5;"6-3 6-3";3;"R32";69;5;1;52;34;24;12;9;1;2;2;0;63;43;25;8;9;4;8;1;11200;32;1215;6;6;NA;NA;NA;3;3;NA;NA;NA;2012-05-13;2012;"2012-416:46";169;1;6;1;28;"Novak Djokovic";100;"Bernard Tomic";6;1;5;24,9;19,5;5,4;188;193;-5;0,5;0,5;0,5;0,5;0;8;2;4;1;4;1;4;1;3;0;1;0
"585791";"2012-416";"Rome Masters";"Clay";"56";"Masters";52;90;"Andreas Seppi";"R";190;"ITA";28,2;50;"John Isner";"R";206;"USA";27;"2-6 7-6(5) 7-5";3;"R32";171;8;4;99;61;49;21;16;4;6;15;3;118;69;50;30;16;11;12;30;1220;10;2725;2;7;7;NA;NA;6;6;5;NA;NA;2012-05-13;2012;"2012-416:52";170;0;1,09310940439148;2,67807190511264;50;"John Isner";90;"Andreas Seppi";2,67807190511264;1,09310940439148;1,58496250072116;27;28,2;-1,2;206;190;16;0,666666666666667;0,916666666666667;0,916666666666667;0,666666666666667;0,25;12;6;11;4;1;2;2;1;1;0;1;0
"585799";"2012-416";"Rome Masters";"Clay";"56";"Masters";60;44;"Marcel Granollers";"R";190;"ESP";26;35;"Fabio Fognini";"R";178;"ITA";24,9;"6-3 6-4";3;"R32";95;2;2;64;49;30;9;9;1;3;1;1;57;44;23;6;10;7;12;26;1295;45;940;6;6;NA;NA;NA;3;4;NA;NA;NA;2012-05-13;2012;"2012-416:60";171;0;1,29956028185891;0,508146903670325;35;"Fabio Fognini";44;"Marcel Granollers";0,508146903670325;1,29956028185891;-0,791413378188583;24,9;26;-1,1;178;190;-12;0,333333333333333;0,583333333333333;0,583333333333333;0,333333333333333;0,25;12;3;7;1;5;2;2;5;-3;0;1;0
"585800";"2012-416";"Rome Masters";"Clay";"56";"Masters";61;74;"Rafael Nadal";"L";185;"ESP";25,9;64;"Florian Mayer";"R";190;"GER";28,6;"6-1 7-5";3;"R32";81;1;1;48;27;25;15;10;0;0;2;0;50;34;23;7;9;2;5;3;9105;28;1265;6;7;NA;NA;NA;1;5;NA;NA;NA;2012-05-13;2012;"2012-416:61";172;0;4,41503749927884;1,1926450779424;64;"Florian Mayer";74;"Rafael Nadal";1,1926450779424;4,41503749927884;-3,22239242133645;28,6;25,9;2,7;190;185;5;1,5;0,4;0,4;1,5;-1,1;5;0;2;0;3;0;0;3;-3;0;1;0
"585801";"2012-416";"Rome Masters";"Clay";"56";"Masters";62;28;"Novak Djokovic";"R";188;"SRB";24,9;68;"Juan Monaco";"R";185;"ARG";28,1;"4-6 6-2 6-3";3;"R16";140;3;0;82;55;37;17;14;2;4;0;2;79;61;37;9;13;2;6;1;11200;15;1925;4;6;6;NA;NA;6;2;3;NA;NA;2012-05-13;2012;"2012-416:62";173;1;6;2,09310940439148;28;"Novak Djokovic";68;"Juan Monaco";6;2,09310940439148;3,90689059560852;24,9;28,1;-3,2;188;185;3;0,5;0,333333333333333;0,5;0,333333333333333;0,166666666666667;6;4;2;2;4;2;4;2;2;0;1;0
"585804";"2012-416";"Rome Masters";"Clay";"56";"Masters";65;90;"Andreas Seppi";"R";190;"ITA";28,2;107;"Stan Wawrinka";"R";183;"SUI";27,1;"6-7(1) 7-6(6) 7-6(6)";3;"R16";201;2;1;123;71;52;26;18;8;12;14;5;124;65;50;30;18;1;5;30;1220;20;1505;6;7;7;NA;NA;7;6;6;NA;NA;2012-05-13;2012;"2012-416:65";174;1;1,09310940439148;1,67807190511264;90;"Andreas Seppi";107;"Stan Wawrinka";1,09310940439148;1,67807190511264;-0,584962500721156;28,2;27,1;1,1;190;183;7;0,666666666666667;0,2;0,666666666666667;0,2;0,466666666666667;5;12;1;8;4;4;4;4;0;0;1;0
"585806";"2012-416";"Rome Masters";"Clay";"56";"Masters";67;40;"Richard Gasquet";"R";185;"FRA";25,9;72;"Andy Murray";"R";190;"GBR";24,9;"6-7(1) 6-3 6-2";3;"R16";179;6;3;123;76;49;24;14;15;17;4;5;105;54;36;24;15;11;17;22;1465;4;7500;6;6;6;NA;NA;7;3;2;NA;NA;2012-05-13;2012;"2012-416:67";175;1;1,5405683813627;4;40;"Richard Gasquet";72;"Andy Murray";1,5405683813627;4;-2,4594316186373;25,9;24,9;1;185;190;-5;0,88235294117647;0,647058823529412;0,88235294117647;0,647058823529412;0,235294117647059;17;17;11;15;6;2;6;2;4;0;1;0
"585808";"2012-416";"Rome Masters";"Clay";"56";"Masters";69;74;"Rafael Nadal";"L";185;"ESP";25,9;44;"Marcel Granollers";"R";190;"ESP";26;"6-1 6-1";3;"R16";88;0;4;47;37;27;5;7;3;3;3;3;54;40;17;6;7;4;9;3;9105;26;1295;6;6;NA;NA;NA;1;1;NA;NA;NA;2012-05-13;2012;"2012-416:69";176;0;4,41503749927884;1,29956028185891;44;"Marcel Granollers";74;"Rafael Nadal";1,29956028185891;4,41503749927884;-3,11547721741994;26;25,9;0,100000000000001;190;185;5;1;0,444444444444444;0,444444444444444;1;-0,555555555555556;9;3;4;3;5;0;0;5;-5;0;1;0
"585809";"2012-416";"Rome Masters";"Clay";"56";"Masters";70;28;"Novak Djokovic";"R";188;"SRB";24,9;104;"Jo-Wilfried Tsonga";"R";188;"FRA";27;"7-5 6-1";3;"QF";83;5;1;58;43;33;6;10;2;4;3;2;52;38;21;4;9;5;10;1;11200;5;4930;7;6;NA;NA;NA;5;1;NA;NA;NA;2012-05-13;2012;"2012-416:70";177;1;6;3,67807190511264;28;"Novak Djokovic";104;"Jo-Wilfried Tsonga";6;3,67807190511264;2,32192809488736;24,9;27;-2,1;188;188;0;0,5;0,5;0,5;0,5;0;10;4;5;2;5;2;5;2;3;0;1;0
"585812";"2012-416";"Rome Masters";"Clay";"56";"Masters";73;74;"Rafael Nadal";"L";185;"ESP";25,9;8;"Tomas Berdych";"R";196;"CZE";26,6;"6-4 7-5";3;"QF";126;2;0;60;46;35;10;11;2;3;2;2;78;51;34;12;11;6;9;3;9105;7;4410;6;7;NA;NA;NA;4;5;NA;NA;NA;2012-05-13;2012;"2012-416:73";178;0;4,41503749927884;3,1926450779424;8;"Tomas Berdych";74;"Rafael Nadal";3,1926450779424;4,41503749927884;-1,22239242133645;26,6;25,9;0,700000000000003;196;185;11;0,666666666666667;0,666666666666667;0,666666666666667;0,666666666666667;0;9;3;6;2;3;1;1;3;-2;0;1;0
"585813";"2012-416";"Rome Masters";"Clay";"56";"Masters";74;28;"Novak Djokovic";"R";188;"SRB";24,9;33;"Roger Federer";"R";185;"SUI";30,7;"6-2 7-6(4)";3;"SF";100;1;1;66;38;31;16;10;0;1;6;0;65;32;25;16;10;3;6;1;11200;2;9430;6;7;NA;NA;NA;2;6;NA;NA;NA;2012-05-13;2012;"2012-416:74";179;1;6;5;28;"Novak Djokovic";33;"Roger Federer";6;5;1;24,9;30,7;-5,8;188;185;3;0;0,5;0;0,5;-0,5;6;1;3;0;3;1;3;1;2;0;1;0
"585814";"2012-416";"Rome Masters";"Clay";"56";"Masters";75;74;"Rafael Nadal";"L";185;"ESP";25,9;34;"David Ferrer";"R";175;"ESP";30,1;"7-6(6) 6-0";3;"SF";126;2;0;75;52;39;11;9;9;10;2;2;71;51;30;9;9;7;11;3;9105;6;4460;7;6;NA;NA;NA;6;0;NA;NA;NA;2012-05-13;2012;"2012-416:75";180;0;4,41503749927884;3,41503749927884;34;"David Ferrer";74;"Rafael Nadal";3,41503749927884;4,41503749927884;-1;30,1;25,9;4,2;175;185;-10;0,9;0,636363636363636;0,636363636363636;0,9;-0,263636363636364;11;10;7;9;4;1;1;4;-3;0;1;0
"585815";"2012-416";"Rome Masters";"Clay";"56";"Masters";76;74;"Rafael Nadal";"L";185;"ESP";25,9;28;"Novak Djokovic";"R";188;"SRB";24,9;"7-5 6-3";3;"F";141;0;0;69;39;27;17;10;6;7;1;4;74;47;32;10;11;3;7;3;9105;1;11200;7;6;NA;NA;NA;5;3;NA;NA;NA;2012-05-13;2012;"2012-416:76";181;0;4,41503749927884;6;28;"Novak Djokovic";74;"Rafael Nadal";6;4,41503749927884;1,58496250072116;24,9;25,9;-1;188;185;3;0,857142857142857;0,428571428571429;0,428571428571429;0,857142857142857;-0,428571428571429;7;7;3;6;4;1;1;4;-3;0;1;0
"610391";"2013-410";"Monte Carlo Masters";"Clay";"56";"Masters";15;85;"Albert Ramos";"L";188;"ESP";25,2;106;"Filippo Volandri";"R";183;"ITA";31,6;"6-2 6-2";3;"Q2";75;4;0;68;38;26;16;8;8;9;1;0;44;34;16;4;8;0;5;67;705;110;485;6;6;NA;NA;NA;2;2;NA;NA;NA;2013-04-14;2013;"2013-410:15";182;1;-0,0660891904577721;-0,78135971352466;85;"Albert Ramos";106;"Filippo Volandri";-0,0660891904577721;-0,78135971352466;0,715270523066888;25,2;31,6;-6,4;188;183;5;0,888888888888889;0;0,888888888888889;0;0,888888888888889;5;9;0;8;5;1;5;1;4;0;1;0
"610399";"2013-410";"Monte Carlo Masters";"Clay";"56";"Masters";23;45;"Ernests Gulbis";"R";190;"LAT";24,6;50;"John Isner";"R";206;"USA";27,9;"4-6 6-2 6-3";3;"R64";109;11;2;73;47;40;13;14;0;2;6;0;93;60;38;12;13;9;13;56;791;23;1600;4;6;6;NA;NA;6;2;3;NA;NA;2013-04-14;2013;"2013-410:23";183;1;0,192645077942396;1,47643804394299;45;"Ernests Gulbis";50;"John Isner";0,192645077942396;1,47643804394299;-1,28379296600059;24,6;27,9;-3,3;190;206;-16;0;0,692307692307692;0;0,692307692307692;-0,692307692307692;13;2;9;0;4;2;4;2;2;0;1;0
"610403";"2013-410";"Monte Carlo Masters";"Clay";"56";"Masters";27;29;"Alexandr Dolgopolov";"R";180;"UKR";24,4;100;"Bernard Tomic";"R";193;"AUS";20,4;"6-2 6-4";3;"R64";60;1;0;52;17;14;25;9;3;3;4;4;58;36;21;10;9;3;6;22;1635;44;910;6;6;NA;NA;NA;2;4;NA;NA;NA;2013-04-14;2013;"2013-410:27";184;1;1,5405683813627;0,540568381362703;29;"Alexandr Dolgopolov";100;"Bernard Tomic";1,5405683813627;0,540568381362703;1;24,4;20,4;4;180;193;-13;1;0,5;1;0,5;0,5;6;3;3;3;3;0;3;0;3;0;1;0
"610405";"2013-410";"Monte Carlo Masters";"Clay";"56";"Masters";29;85;"Albert Ramos";"L";188;"ESP";25,2;96;"Radek Stepanek";"R";185;"CZE";34,3;"6-3 6-3";3;"R64";74;4;1;50;32;25;10;9;0;1;4;0;56;32;17;13;9;3;7;67;705;46;880;6;6;NA;NA;NA;3;3;NA;NA;NA;2013-04-14;2013;"2013-410:29";185;1;-0,0660891904577721;0,476438043942987;85;"Albert Ramos";96;"Radek Stepanek";-0,0660891904577721;0,476438043942987;-0,542527234400759;25,2;34,3;-9,1;188;185;3;0;0,428571428571429;0;0,428571428571429;-0,428571428571429;7;1;3;0;4;1;4;1;3;0;1;0
"610406";"2013-410";"Monte Carlo Masters";"Clay";"56";"Masters";30;35;"Fabio Fognini";"R";178;"ITA";25,8;90;"Andreas Seppi";"R";190;"ITA";29,1;"3-6 6-4 6-4";3;"R64";118;3;2;84;44;25;19;14;6;12;8;2;91;61;40;9;15;3;10;32;1135;18;1895;3;6;6;NA;NA;6;4;4;NA;NA;2013-04-14;2013;"2013-410:30";186;1;1;1,83007499855769;35;"Fabio Fognini";90;"Andreas Seppi";1;1,83007499855769;-0,830074998557688;25,8;29,1;-3,3;178;190;-12;0,5;0,3;0,5;0,3;0,2;10;12;3;6;7;6;7;6;1;0;1;0
"610412";"2013-410";"Monte Carlo Masters";"Clay";"56";"Masters";36;5;"Roberto Bautista Agut";"R";183;"ESP";25;92;"Gilles Simon";"R";183;"FRA";28,2;"6-3 7-6(6)";3;"R64";116;0;1;83;65;32;9;11;9;15;2;2;68;34;18;10;10;3;10;59;784;13;2390;6;7;NA;NA;NA;3;6;NA;NA;NA;2013-04-14;2013;"2013-410:36";187;1;0,117356950638158;2,29956028185891;5;"Roberto Bautista Agut";92;"Gilles Simon";0,117356950638158;2,29956028185891;-2,18220333122075;25;28,2;-3,2;183;183;0;0,6;0,3;0,6;0,3;0,3;10;15;3;9;7;6;7;6;1;0;1;0
"610414";"2013-410";"Monte Carlo Masters";"Clay";"56";"Masters";38;2;"Pablo Andujar";"R";180;"ESP";27,2;15;"Jeremy Chardy";"R";188;"FRA";26,1;"6-7(4) 7-5 6-2";3;"R64";169;4;6;112;78;51;19;16;9;11;6;8;127;63;39;33;16;11;16;96;540;25;1295;6;7;6;NA;NA;7;5;2;NA;NA;2013-04-14;2013;"2013-410:38";188;1;-0,584962500721156;1,35614381022528;2;"Pablo Andujar";15;"Jeremy Chardy";-0,584962500721156;1,35614381022528;-1,94110631094643;27,2;26,1;1,1;180;188;-8;0,818181818181818;0,6875;0,818181818181818;0,6875;0,130681818181818;16;11;11;9;5;2;5;2;3;0;1;0
"610420";"2013-410";"Monte Carlo Masters";"Clay";"56";"Masters";44;70;"Albert Montanes";"R";175;"ESP";32,3;69;"Gael Monfils";"R";193;"FRA";26,6;"6-2 2-6 6-4";3;"R64";108;2;1;81;49;34;16;13;2;4;9;7;88;54;38;15;13;6;9;83;605;105;515;6;2;6;NA;NA;2;6;4;NA;NA;2013-04-14;2013;"2013-410:44";189;0;-0,375039431346925;-0,714245517666122;69;"Gael Monfils";70;"Albert Montanes";-0,714245517666122;-0,375039431346925;-0,339206086319198;26,6;32,3;-5,7;193;175;18;0,5;0,666666666666667;0,666666666666667;0,5;0,166666666666667;9;4;6;2;3;2;2;3;-1;0;1;0
"610422";"2013-410";"Monte Carlo Masters";"Clay";"56";"Masters";46;28;"Novak Djokovic";"R";188;"SRB";25,9;108;"Mikhail Youzhny";"R";183;"RUS";30,8;"4-6 6-1 6-4";3;"R32";135;4;3;86;47;33;22;14;3;6;3;6;88;48;30;17;13;5;10;1;12500;27;1220;4;6;6;NA;NA;6;1;4;NA;NA;2013-04-14;2013;"2013-410:46";190;1;6;1,24511249783653;28;"Novak Djokovic";108;"Mikhail Youzhny";6;1,24511249783653;4,75488750216347;25,9;30,8;-4,9;188;183;5;0,5;0,5;0,5;0,5;0;10;6;5;3;5;3;5;3;2;0;1;0
"610427";"2013-410";"Monte Carlo Masters";"Clay";"56";"Masters";51;35;"Fabio Fognini";"R";178;"ITA";25,8;85;"Albert Ramos";"L";188;"ESP";25,2;"6-3 7-5";3;"R32";96;0;2;63;37;27;15;11;1;2;0;2;61;29;21;15;10;1;4;32;1135;67;705;6;7;NA;NA;NA;3;5;NA;NA;NA;2013-04-14;2013;"2013-410:51";191;1;1;-0,0660891904577721;35;"Fabio Fognini";85;"Albert Ramos";1;-0,0660891904577721;1,06608919045777;25,8;25,2;0,600000000000001;178;188;-10;0,5;0,25;0,5;0,25;0,25;4;2;1;1;3;1;3;1;2;0;1;0
"610428";"2013-410";"Monte Carlo Masters";"Clay";"56";"Masters";52;16;"Marin Cilic";"R";198;"CRO";24,5;1;"Kevin Anderson";"R";203;"RSA";26,9;"6-2 6-3";3;"R32";75;4;1;48;22;20;15;9;0;1;2;2;60;42;26;5;8;3;7;11;2675;26;1295;6;6;NA;NA;NA;2;3;NA;NA;NA;2013-04-14;2013;"2013-410:52";192;0;2,5405683813627;1,29956028185891;1;"Kevin Anderson";16;"Marin Cilic";1,29956028185891;2,5405683813627;-1,24100809950379;26,9;24,5;2,4;203;198;5;0;0,428571428571429;0,428571428571429;0;0,428571428571429;7;1;3;0;4;1;1;4;-3;0;1;0
"610429";"2013-410";"Monte Carlo Masters";"Clay";"56";"Masters";53;40;"Richard Gasquet";"R";185;"FRA";26,8;79;"Benoit Paire";"R";196;"FRA";23,9;"6-1 3-6 6-1";3;"R32";87;1;5;67;35;25;19;12;1;3;6;4;65;31;25;10;11;1;6;9;3230;33;1120;6;3;6;NA;NA;1;6;1;NA;NA;2013-04-14;2013;"2013-410:53";193;1;2,83007499855769;0,955605880641547;40;"Richard Gasquet";79;"Benoit Paire";2,83007499855769;0,955605880641547;1,87446911791614;26,8;23,9;2,9;185;196;-11;0,333333333333333;0,166666666666667;0,333333333333333;0,166666666666667;0,166666666666667;6;3;1;1;5;2;5;2;3;0;1;0
"610431";"2013-410";"Monte Carlo Masters";"Clay";"56";"Masters";55;64;"Florian Mayer";"R";190;"GER";29,5;5;"Roberto Bautista Agut";"R";183;"ESP";25;"5-7 6-4 6-4";3;"R32";133;3;0;100;64;39;20;16;6;10;0;1;109;85;51;11;16;13;18;30;1195;59;784;5;6;6;NA;NA;7;4;4;NA;NA;2013-04-14;2013;"2013-410:55";194;0;1,09310940439148;0,117356950638158;5;"Roberto Bautista Agut";64;"Florian Mayer";0,117356950638158;1,09310940439148;-0,975752453753323;25;29,5;-4,5;183;190;-7;0,6;0,722222222222222;0,722222222222222;0,6;0,122222222222222;18;10;13;6;5;4;4;5;-1;0;1;0
"610432";"2013-410";"Monte Carlo Masters";"Clay";"56";"Masters";56;55;"Philipp Kohlschreiber";"R";178;"GER";29,4;2;"Pablo Andujar";"R";180;"ESP";27,2;"6-2 2-6 7-6(3)";3;"R32";133;4;3;91;57;40;19;14;6;9;0;2;95;58;39;20;14;3;6;21;1670;96;540;6;2;7;NA;NA;2;6;6;NA;NA;2013-04-14;2013;"2013-410:56";195;0;1,60768257722124;-0,584962500721156;2;"Pablo Andujar";55;"Philipp Kohlschreiber";-0,584962500721156;1,60768257722124;-2,1926450779424;27,2;29,4;-2,2;180;178;2;0,666666666666667;0,5;0,5;0,666666666666667;-0,166666666666667;6;9;3;6;3;3;3;3;0;0;1;0
"610436";"2013-410";"Monte Carlo Masters";"Clay";"56";"Masters";60;107;"Stan Wawrinka";"R";183;"SUI";28;70;"Albert Montanes";"R";175;"ESP";32,3;"6-1 6-1";3;"R32";54;2;0;44;30;19;12;7;1;1;0;4;58;32;17;8;7;7;12;17;2005;83;605;6;6;NA;NA;NA;1;1;NA;NA;NA;2013-04-14;2013;"2013-410:60";196;0;1,91253715874966;-0,375039431346925;70;"Albert Montanes";107;"Stan Wawrinka";-0,375039431346925;1,91253715874966;-2,28757659009659;32,3;28;4,3;175;183;-8;1;0,583333333333333;0,583333333333333;1;-0,416666666666667;12;1;7;1;5;0;0;5;-5;0;1;0
"610438";"2013-410";"Monte Carlo Masters";"Clay";"56";"Masters";62;28;"Novak Djokovic";"R";188;"SRB";25,9;68;"Juan Monaco";"R";185;"ARG";29;"4-6 6-2 6-2";3;"R16";122;5;3;77;51;34;10;13;2;6;0;2;78;53;25;13;13;4;11;1;12500;20;1740;4;6;6;NA;NA;6;2;2;NA;NA;2013-04-14;2013;"2013-410:62";197;1;6;1,67807190511264;28;"Novak Djokovic";68;"Juan Monaco";6;1,67807190511264;4,32192809488736;25,9;29;-3,1;188;185;3;0,333333333333333;0,363636363636364;0,333333333333333;0,363636363636364;-0,0303030303030303;11;6;4;2;7;4;7;4;3;0;1;0
"610440";"2013-410";"Monte Carlo Masters";"Clay";"56";"Masters";64;35;"Fabio Fognini";"R";178;"ITA";25,8;8;"Tomas Berdych";"R";196;"CZE";27,5;"6-4 6-2";3;"R16";79;3;3;53;32;25;11;9;5;6;2;1;64;32;19;14;9;7;11;32;1135;6;5015;6;6;NA;NA;NA;4;2;NA;NA;NA;2013-04-14;2013;"2013-410:64";198;0;1;3,41503749927884;8;"Tomas Berdych";35;"Fabio Fognini";3,41503749927884;1;2,41503749927884;27,5;25,8;1,7;196;178;18;0,833333333333333;0,636363636363636;0,636363636363636;0,833333333333333;-0,196969696969697;11;6;7;5;4;1;1;4;-3;0;1;0
"610441";"2013-410";"Monte Carlo Masters";"Clay";"56";"Masters";65;40;"Richard Gasquet";"R";185;"FRA";26,8;16;"Marin Cilic";"R";198;"CRO";24,5;"7-5 6-4";3;"R16";100;3;3;65;37;25;15;11;2;5;0;4;62;31;19;14;11;4;9;9;3230;11;2675;7;6;NA;NA;NA;5;4;NA;NA;NA;2013-04-14;2013;"2013-410:65";199;0;2,83007499855769;2,5405683813627;16;"Marin Cilic";40;"Richard Gasquet";2,5405683813627;2,83007499855769;-0,289506617194985;24,5;26,8;-2,3;198;185;13;0,4;0,444444444444444;0,444444444444444;0,4;0,0444444444444444;9;5;4;2;5;3;3;5;-2;0;1;0
"610442";"2013-410";"Monte Carlo Masters";"Clay";"56";"Masters";66;26;"Grigor Dimitrov";"R";188;"BUL";21,9;64;"Florian Mayer";"R";190;"GER";29,5;"6-2 6-4";3;"R16";67;4;2;47;30;24;10;9;2;3;1;3;55;36;20;8;9;3;7;34;1112;30;1195;6;6;NA;NA;NA;2;4;NA;NA;NA;2013-04-14;2013;"2013-410:66";200;1;0,912537158749661;1,09310940439148;26;"Grigor Dimitrov";64;"Florian Mayer";0,912537158749661;1,09310940439148;-0,18057224564182;21,9;29,5;-7,6;188;190;-2;0,666666666666667;0,428571428571429;0,666666666666667;0,428571428571429;0,238095238095238;7;3;3;2;4;1;4;1;3;0;1;0
"610443";"2013-410";"Monte Carlo Masters";"Clay";"56";"Masters";67;74;"Rafael Nadal";"L";185;"ESP";26,8;55;"Philipp Kohlschreiber";"R";178;"GER";29,4;"6-2 6-4";3;"R16";81;1;1;45;26;23;13;9;0;0;1;1;62;34;19;16;9;4;7;5;6385;21;1670;6;6;NA;NA;NA;2;4;NA;NA;NA;2013-04-14;2013;"2013-410:67";201;0;3,67807190511264;1,60768257722124;55;"Philipp Kohlschreiber";74;"Rafael Nadal";1,60768257722124;3,67807190511264;-2,0703893278914;29,4;26,8;2,6;178;185;-7;1,5;0,571428571428571;0,571428571428571;1,5;-0,928571428571429;7;0;4;0;3;0;0;3;-3;0;1;0
"610445";"2013-410";"Monte Carlo Masters";"Clay";"56";"Masters";69;107;"Stan Wawrinka";"R";183;"SUI";28;72;"Andy Murray";"R";190;"GBR";25,9;"6-1 6-2";3;"R16";58;5;0;40;26;21;9;7;2;2;0;2;47;27;13;8;8;5;10;17;2005;2;8750;6;6;NA;NA;NA;1;2;NA;NA;NA;2013-04-14;2013;"2013-410:69";202;0;1,91253715874966;5;72;"Andy Murray";107;"Stan Wawrinka";5;1,91253715874966;3,08746284125034;25,9;28;-2,1;190;183;7;1;0,5;0,5;1;-0,5;10;2;5;2;5;0;0;5;-5;0;1;0
"610447";"2013-410";"Monte Carlo Masters";"Clay";"56";"Masters";71;35;"Fabio Fognini";"R";178;"ITA";25,8;40;"Richard Gasquet";"R";185;"FRA";26,8;"7-6(0) 6-2";3;"QF";87;3;1;64;34;27;16;10;4;6;3;3;72;41;22;15;10;5;9;32;1135;9;3230;7;6;NA;NA;NA;6;2;NA;NA;NA;2013-04-14;2013;"2013-410:71";203;1;1;2,83007499855769;35;"Fabio Fognini";40;"Richard Gasquet";1;2,83007499855769;-1,83007499855769;25,8;26,8;-1;178;185;-7;0,666666666666667;0,555555555555556;0,666666666666667;0,555555555555556;0,111111111111111;9;6;5;4;4;2;4;2;2;0;1;0
"610448";"2013-410";"Monte Carlo Masters";"Clay";"56";"Masters";72;74;"Rafael Nadal";"L";185;"ESP";26,8;26;"Grigor Dimitrov";"R";188;"BUL";21,9;"6-2 2-6 6-4";3;"QF";129;2;0;87;69;45;8;13;5;8;8;2;71;38;30;15;13;2;6;5;6385;34;1112;6;2;6;NA;NA;2;6;4;NA;NA;2013-04-14;2013;"2013-410:72";204;0;3,67807190511264;0,912537158749661;26;"Grigor Dimitrov";74;"Rafael Nadal";0,912537158749661;3,67807190511264;-2,76553474636298;21,9;26,8;-4,9;188;185;3;0,625;0,333333333333333;0,333333333333333;0,625;-0,291666666666667;6;8;2;5;4;3;3;4;-1;0;1;0
"610449";"2013-410";"Monte Carlo Masters";"Clay";"56";"Masters";73;104;"Jo-Wilfried Tsonga";"R";188;"FRA";27,9;107;"Stan Wawrinka";"R";183;"SUI";28;"2-6 6-3 6-4";3;"QF";131;6;3;106;55;39;27;14;10;12;2;4;83;42;27;27;13;4;6;8;3695;17;2005;2;6;6;NA;NA;6;3;4;NA;NA;2013-04-14;2013;"2013-410:73";205;1;3;1,91253715874966;104;"Jo-Wilfried Tsonga";107;"Stan Wawrinka";3;1,91253715874966;1,08746284125034;27,9;28;-0,100000000000001;188;183;5;0,833333333333333;0,666666666666667;0,833333333333333;0,666666666666667;0,166666666666667;6;12;4;10;2;2;2;2;0;0;1;0
"610450";"2013-410";"Monte Carlo Masters";"Clay";"56";"Masters";74;28;"Novak Djokovic";"R";188;"SRB";25,9;35;"Fabio Fognini";"R";178;"ITA";25,8;"6-2 6-1";3;"SF";52;3;0;40;28;23;9;8;0;0;1;4;40;20;13;5;7;2;6;1;12500;32;1135;6;6;NA;NA;NA;2;1;NA;NA;NA;2013-04-14;2013;"2013-410:74";206;1;6;1;28;"Novak Djokovic";35;"Fabio Fognini";6;1;5;25,9;25,8;0,0999999999999979;188;178;10;1,5;0,333333333333333;1,5;0,333333333333333;1,16666666666667;6;0;2;0;4;0;4;0;4;0;1;0
"610451";"2013-410";"Monte Carlo Masters";"Clay";"56";"Masters";75;74;"Rafael Nadal";"L";185;"ESP";26,8;104;"Jo-Wilfried Tsonga";"R";188;"FRA";27,9;"6-3 7-6(3)";3;"SF";97;3;0;64;51;36;8;10;5;7;4;1;75;47;30;12;11;6;10;5;6385;8;3695;6;7;NA;NA;NA;3;6;NA;NA;NA;2013-04-14;2013;"2013-410:75";207;1;3,67807190511264;3;74;"Rafael Nadal";104;"Jo-Wilfried Tsonga";3,67807190511264;3;0,678071905112638;26,8;27,9;-1,1;185;188;-3;0,714285714285714;0,6;0,714285714285714;0,6;0,114285714285714;10;7;6;5;4;2;4;2;2;0;1;0
"610452";"2013-410";"Monte Carlo Masters";"Clay";"56";"Masters";76;28;"Novak Djokovic";"R";188;"SRB";25,9;74;"Rafael Nadal";"L";185;"ESP";26,8;"6-2 7-6(1)";3;"F";112;2;0;61;38;24;14;10;3;6;2;3;78;56;31;7;10;7;12;1;12500;5;6385;6;7;NA;NA;NA;2;6;NA;NA;NA;2013-04-14;2013;"2013-410:76";208;1;6;3,67807190511264;28;"Novak Djokovic";74;"Rafael Nadal";6;3,67807190511264;2,32192809488736;25,9;26,8;-0,900000000000002;188;185;3;0,5;0,583333333333333;0,5;0,583333333333333;-0,0833333333333334;12;6;7;3;5;3;5;3;2;0;1;0
"612248";"2013-1536";"Madrid Masters";"Clay";"56";"Masters";8;41;"Santiago Giraldo";"R";188;"COL";25,4;95;"Joao Sousa";"R";185;"POR";24,1;"6-2 6-2";3;"Q1";59;2;2;49;31;25;10;8;2;2;2;2;44;22;16;8;8;0;4;81;615;123;441;6;6;NA;NA;NA;2;2;NA;NA;NA;2013-05-05;2013;"2013-1536:8";209;1;-0,339850002884624;-0,94251450533924;41;"Santiago Giraldo";95;"Joao Sousa";-0,339850002884624;-0,94251450533924;0,602664502454616;25,4;24,1;1,3;188;185;3;1;0;1;0;1;4;2;0;2;4;0;4;0;4;0;1;0
"612266";"2013-1536";"Madrid Masters";"Clay";"56";"Masters";26;105;"Fernando Verdasco";"L";188;"ESP";29,4;43;"David Goffin";"R";180;"BEL";22,4;"7-6(2) 6-2";3;"R64";94;3;2;59;42;29;11;10;1;3;3;2;66;47;31;6;10;3;7;46;920;59;760;7;6;NA;NA;NA;6;2;NA;NA;NA;2013-05-05;2013;"2013-1536:26";210;0;0,476438043942987;0,117356950638158;43;"David Goffin";105;"Fernando Verdasco";0,117356950638158;0,476438043942987;-0,359081093304829;22,4;29,4;-7;180;188;-8;0,333333333333333;0,428571428571429;0,428571428571429;0,333333333333333;0,0952380952380952;7;3;3;1;4;2;2;4;-2;0;1;0
"612275";"2013-1536";"Madrid Masters";"Clay";"56";"Masters";35;108;"Mikhail Youzhny";"R";183;"RUS";30,8;35;"Fabio Fognini";"R";178;"ITA";25,9;"7-6(4) 2-6 7-6(5)";3;"R64";145;3;0;108;90;57;11;16;6;10;2;3;109;66;46;23;16;2;4;31;1220;25;1345;7;2;7;NA;NA;6;6;6;NA;NA;2013-05-05;2013;"2013-1536:35";211;0;1,04580368961313;1,35614381022528;35;"Fabio Fognini";108;"Mikhail Youzhny";1,35614381022528;1,04580368961313;0,310340120612151;25,9;30,8;-4,9;178;183;-5;0,6;0,5;0,5;0,6;-0,1;4;10;2;6;2;4;4;2;2;0;1;0
"612281";"2013-1536";"Madrid Masters";"Clay";"56";"Masters";41;50;"John Isner";"R";206;"USA";28;38;"Guillermo Garcia Lopez";"R";188;"ESP";29,9;"7-5 7-6(8)";3;"R64";102;13;0;71;48;40;19;12;1;1;3;4;81;52;43;15;12;3;4;21;1690;68;686;7;7;NA;NA;NA;5;6;NA;NA;NA;2013-05-05;2013;"2013-1536:41";212;0;1,60768257722124;-0,0874628412503391;38;"Guillermo Garcia Lopez";50;"John Isner";-0,0874628412503391;1,60768257722124;-1,69514541847158;29,9;28;1,9;188;206;-18;1;0,75;0,75;1;-0,25;4;1;3;1;1;0;0;1;-1;0;1;0
"612282";"2013-1536";"Madrid Masters";"Clay";"56";"Masters";42;2;"Pablo Andujar";"R";180;"ESP";27,2;16;"Marin Cilic";"R";198;"CRO";24,6;"6-7(6) 6-4 6-1";3;"R64";125;2;0;99;70;52;18;15;7;8;5;1;79;44;32;21;14;1;5;113;475;11;2615;6;6;6;NA;NA;7;4;1;NA;NA;2013-05-05;2013;"2013-1536:42";213;1;-0,820178962415188;2,5405683813627;2;"Pablo Andujar";16;"Marin Cilic";-0,820178962415188;2,5405683813627;-3,36074734377789;27,2;24,6;2,6;180;198;-18;0,875;0,2;0,875;0,2;0,675;5;8;1;7;4;1;4;1;3;0;1;0
"612285";"2013-1536";"Madrid Masters";"Clay";"56";"Masters";45;96;"Radek Stepanek";"R";185;"CZE";34,4;100;"Bernard Tomic";"R";193;"AUS";20,5;"6-3 6-2";3;"R64";64;4;2;66;50;37;7;9;3;3;3;0;47;31;19;7;8;0;3;48;880;53;835;6;6;NA;NA;NA;3;2;NA;NA;NA;2013-05-05;2013;"2013-1536:45";214;1;0,415037499278844;0,272079545436801;96;"Radek Stepanek";100;"Bernard Tomic";0,415037499278844;0,272079545436801;0,142957953842043;34,4;20,5;13,9;185;193;-8;1;0;1;0;1;3;3;0;3;3;0;3;0;3;0;1;0
"612286";"2013-1536";"Madrid Masters";"Clay";"56";"Masters";46;26;"Grigor Dimitrov";"R";188;"BUL";21,9;28;"Novak Djokovic";"R";188;"SRB";25,9;"7-6(6) 6-7(8) 6-3";3;"R32";186;13;6;131;70;51;32;16;10;12;5;0;125;90;59;20;17;7;11;28;1272;1;12900;7;6;6;NA;NA;6;7;3;NA;NA;2013-05-05;2013;"2013-1536:46";215;1;1,1926450779424;6;26;"Grigor Dimitrov";28;"Novak Djokovic";1,1926450779424;6;-4,8073549220576;21,9;25,9;-4;188;188;0;0,833333333333333;0,636363636363636;0,833333333333333;0,636363636363636;0,196969696969697;11;12;7;10;4;2;4;2;2;0;1;0
"612287";"2013-1536";"Madrid Masters";"Clay";"56";"Masters";47;107;"Stan Wawrinka";"R";183;"SUI";28,1;41;"Santiago Giraldo";"R";188;"COL";25,4;"6-3 6-3";3;"R32";63;4;3;48;31;27;9;9;4;5;3;1;61;38;21;11;9;5;9;15;2165;81;615;6;6;NA;NA;NA;3;3;NA;NA;NA;2013-05-05;2013;"2013-1536:47";216;0;2,09310940439148;-0,339850002884624;41;"Santiago Giraldo";107;"Stan Wawrinka";-0,339850002884624;2,09310940439148;-2,43295940727611;25,4;28,1;-2,7;188;183;5;0,8;0,555555555555556;0,555555555555556;0,8;-0,244444444444444;9;5;5;4;4;1;1;4;-3;0;1;0
"612290";"2013-1536";"Madrid Masters";"Clay";"56";"Masters";50;72;"Andy Murray";"R";190;"GBR";25,9;64;"Florian Mayer";"R";190;"GER";29,5;"7-6(11) 7-6(3)";3;"R32";124;6;2;80;47;36;21;12;0;1;12;1;95;59;42;19;12;6;7;3;8570;26;1305;7;7;NA;NA;NA;6;6;NA;NA;NA;2013-05-05;2013;"2013-1536:50";217;0;4,41503749927884;1,29956028185891;64;"Florian Mayer";72;"Andy Murray";1,29956028185891;4,41503749927884;-3,11547721741994;29,5;25,9;3,6;190;190;0;0;0,857142857142857;0,857142857142857;0;0,857142857142857;7;1;6;0;1;1;1;1;0;0;1;0
"612291";"2013-1536";"Madrid Masters";"Clay";"56";"Masters";51;92;"Gilles Simon";"R";183;"FRA";28,3;15;"Jeremy Chardy";"R";188;"FRA";26,2;"6-4 7-6(5)";3;"R32";97;6;2;65;41;34;10;11;2;4;4;9;83;46;33;15;11;9;12;17;1940;29;1266;6;7;NA;NA;NA;4;6;NA;NA;NA;2013-05-05;2013;"2013-1536:51";218;0;1,91253715874966;1,14201900487243;15;"Jeremy Chardy";92;"Gilles Simon";1,14201900487243;1,91253715874966;-0,770518153877233;26,2;28,3;-2,1;188;183;5;0,5;0,75;0,75;0,5;0,25;12;4;9;2;3;2;2;3;-1;0;1;0
"612294";"2013-1536";"Madrid Masters";"Clay";"56";"Masters";54;74;"Rafael Nadal";"L";185;"ESP";26,9;79;"Benoit Paire";"R";196;"FRA";23,9;"6-3 6-4";3;"R32";87;3;0;59;47;35;9;10;1;1;6;3;69;34;26;16;9;5;7;5;5985;37;1040;6;6;NA;NA;NA;3;4;NA;NA;NA;2013-05-05;2013;"2013-1536:54";219;1;3,67807190511264;0,79054663437105;74;"Rafael Nadal";79;"Benoit Paire";3,67807190511264;0,79054663437105;2,88752527074159;26,9;23,9;3;185;196;-11;1;0,714285714285714;1;0,714285714285714;0,285714285714286;7;1;5;1;2;0;2;0;2;0;1;0
"612299";"2013-1536";"Madrid Masters";"Clay";"56";"Masters";59;2;"Pablo Andujar";"R";180;"ESP";27,2;50;"John Isner";"R";206;"USA";28;"6-4 6-4";3;"R32";75;0;1;60;46;36;9;10;2;2;5;0;58;47;33;5;10;3;5;113;475;21;1690;6;6;NA;NA;NA;4;4;NA;NA;NA;2013-05-05;2013;"2013-1536:59";220;1;-0,820178962415188;1,60768257722124;2;"Pablo Andujar";50;"John Isner";-0,820178962415188;1,60768257722124;-2,42786153963643;27,2;28;-0,800000000000001;180;206;-26;1;0,6;1;0,6;0,4;5;2;3;2;2;0;2;0;2;0;1;0
"612300";"2013-1536";"Madrid Masters";"Clay";"56";"Masters";60;75;"Kei Nishikori";"R";178;"JPN";23,3;102;"Viktor Troicki";"R";193;"SRB";27,2;"7-5 6-2";3;"R32";91;1;3;66;40;26;15;10;4;6;3;2;66;42;24;9;10;7;12;16;2090;44;930;7;6;NA;NA;NA;5;2;NA;NA;NA;2013-05-05;2013;"2013-1536:60";221;1;2;0,540568381362703;75;"Kei Nishikori";102;"Viktor Troicki";2;0,540568381362703;1,4594316186373;23,3;27,2;-3,9;178;193;-15;0,666666666666667;0,583333333333333;0,666666666666667;0,583333333333333;0,0833333333333333;12;6;7;4;5;2;5;2;3;0;1;0
"612302";"2013-1536";"Madrid Masters";"Clay";"56";"Masters";62;107;"Stan Wawrinka";"R";183;"SUI";28,1;26;"Grigor Dimitrov";"R";188;"BUL";21,9;"3-6 6-4 6-1";3;"R16";102;3;3;87;62;42;14;13;2;4;4;1;74;50;33;12;13;3;7;15;2165;28;1272;3;6;6;NA;NA;6;4;1;NA;NA;2013-05-05;2013;"2013-1536:62";222;0;2,09310940439148;1,1926450779424;26;"Grigor Dimitrov";107;"Stan Wawrinka";1,1926450779424;2,09310940439148;-0,900464326449085;21,9;28,1;-6,2;188;183;5;0,5;0,428571428571429;0,428571428571429;0,5;-0,0714285714285715;7;4;3;2;4;2;2;4;-2;0;1;0
"612304";"2013-1536";"Madrid Masters";"Clay";"56";"Masters";64;72;"Andy Murray";"R";190;"GBR";25,9;92;"Gilles Simon";"R";183;"FRA";28,3;"2-6 6-4 7-6(6)";3;"R16";177;9;0;97;49;33;29;15;3;7;2;1;120;72;43;29;15;15;18;3;8570;17;1940;2;6;7;NA;NA;6;4;6;NA;NA;2013-05-05;2013;"2013-1536:64";223;1;4,41503749927884;1,91253715874966;72;"Andy Murray";92;"Gilles Simon";4,41503749927884;1,91253715874966;2,50250034052918;25,9;28,3;-2,4;190;183;7;0,428571428571429;0,833333333333333;0,428571428571429;0,833333333333333;-0,404761904761905;18;7;15;3;3;4;3;4;-1;0;1;0
"612306";"2013-1536";"Madrid Masters";"Clay";"56";"Masters";66;74;"Rafael Nadal";"L";185;"ESP";26,9;108;"Mikhail Youzhny";"R";183;"RUS";30,8;"6-2 6-3";3;"R16";75;0;0;44;33;25;6;8;2;3;1;1;50;35;20;5;9;5;10;5;5985;31;1220;6;6;NA;NA;NA;2;3;NA;NA;NA;2013-05-05;2013;"2013-1536:66";224;1;3,67807190511264;1,04580368961313;74;"Rafael Nadal";108;"Mikhail Youzhny";3,67807190511264;1,04580368961313;2,63226821549951;26,9;30,8;-3,9;185;183;2;0,666666666666667;0,5;0,666666666666667;0,5;0,166666666666667;10;3;5;2;5;1;5;1;4;0;1;0
"612309";"2013-1536";"Madrid Masters";"Clay";"56";"Masters";69;75;"Kei Nishikori";"R";178;"JPN";23,3;33;"Roger Federer";"R";185;"SUI";31,7;"6-4 1-6 6-2";3;"R16";95;1;0;80;55;38;12;12;5;7;7;0;65;42;31;15;13;1;4;16;2090;2;8670;6;1;6;NA;NA;4;6;2;NA;NA;2013-05-05;2013;"2013-1536:69";225;0;2;5;33;"Roger Federer";75;"Kei Nishikori";5;2;3;31,7;23,3;8,4;185;178;7;0,714285714285714;0,25;0,25;0,714285714285714;-0,464285714285714;4;7;1;5;3;2;2;3;-1;0;1;0
"612310";"2013-1536";"Madrid Masters";"Clay";"56";"Masters";70;107;"Stan Wawrinka";"R";183;"SUI";28,1;104;"Jo-Wilfried Tsonga";"R";188;"FRA";28;"6-2 6-7(9) 6-4";3;"QF";137;1;1;103;75;53;13;15;3;5;5;2;107;67;44;16;15;5;10;15;2165;8;3875;6;6;6;NA;NA;2;7;4;NA;NA;2013-05-05;2013;"2013-1536:70";226;0;2,09310940439148;3;104;"Jo-Wilfried Tsonga";107;"Stan Wawrinka";3;2,09310940439148;0,906890595608519;28;28,1;-0,100000000000001;188;183;5;0,6;0,5;0,5;0,6;-0,1;10;5;5;3;5;2;2;5;-3;0;1;0
"612311";"2013-1536";"Madrid Masters";"Clay";"56";"Masters";71;8;"Tomas Berdych";"R";196;"CZE";27,6;72;"Andy Murray";"R";190;"GBR";25,9;"7-6(3) 6-4";3;"QF";122;2;0;83;47;32;20;11;7;9;6;3;82;46;32;16;11;4;7;6;4760;3;8570;7;6;NA;NA;NA;6;4;NA;NA;NA;2013-05-05;2013;"2013-1536:71";227;1;3,41503749927884;4,41503749927884;8;"Tomas Berdych";72;"Andy Murray";3,41503749927884;4,41503749927884;-1;27,6;25,9;1,7;196;190;6;0,777777777777778;0,571428571428571;0,777777777777778;0,571428571428571;0,206349206349206;7;9;4;7;3;2;3;2;1;0;1;0
"612312";"2013-1536";"Madrid Masters";"Clay";"56";"Masters";72;74;"Rafael Nadal";"L";185;"ESP";26,9;34;"David Ferrer";"R";175;"ESP";31;"4-6 7-6(3) 6-0";3;"QF";157;2;2;98;70;45;9;14;6;11;0;5;98;48;27;20;14;6;13;5;5985;4;6920;4;7;6;NA;NA;6;6;0;NA;NA;2013-05-05;2013;"2013-1536:72";228;0;3,67807190511264;4;34;"David Ferrer";74;"Rafael Nadal";4;3,67807190511264;0,321928094887362;31;26,9;4,1;175;185;-10;0,545454545454545;0,461538461538462;0,461538461538462;0,545454545454545;-0,0839160839160839;13;11;6;6;7;5;5;7;-2;0;1;0
"612313";"2013-1536";"Madrid Masters";"Clay";"56";"Masters";73;2;"Pablo Andujar";"R";180;"ESP";27,2;75;"Kei Nishikori";"R";178;"JPN";23,3;"6-3 7-5";3;"QF";112;4;3;98;64;45;15;11;11;12;3;2;65;45;30;10;10;8;11;113;475;16;2090;6;7;NA;NA;NA;3;5;NA;NA;NA;2013-05-05;2013;"2013-1536:73";229;1;-0,820178962415188;2;2;"Pablo Andujar";75;"Kei Nishikori";-0,820178962415188;2;-2,82017896241519;27,2;23,3;3,9;180;178;2;0,916666666666667;0,727272727272727;0,916666666666667;0,727272727272727;0,189393939393939;11;12;8;11;3;1;3;1;2;0;1;0
"612314";"2013-1536";"Madrid Masters";"Clay";"56";"Masters";74;107;"Stan Wawrinka";"R";183;"SUI";28,1;8;"Tomas Berdych";"R";196;"CZE";27,6;"6-3 4-6 6-4";3;"SF";115;5;4;88;46;33;23;14;6;8;8;1;79;52;43;11;15;4;8;15;2165;6;4760;6;4;6;NA;NA;3;6;4;NA;NA;2013-05-05;2013;"2013-1536:74";230;0;2,09310940439148;3,41503749927884;8;"Tomas Berdych";107;"Stan Wawrinka";3,41503749927884;2,09310940439148;1,32192809488736;27,6;28,1;-0,5;196;183;13;0,75;0,5;0,5;0,75;-0,25;8;8;4;6;4;2;2;4;-2;0;1;0
"612315";"2013-1536";"Madrid Masters";"Clay";"56";"Masters";75;74;"Rafael Nadal";"L";185;"ESP";26,9;2;"Pablo Andujar";"R";180;"ESP";27,2;"6-0 6-4";3;"SF";77;2;2;46;28;22;13;8;3;3;0;3;49;32;19;6;8;3;7;5;5985;113;475;6;6;NA;NA;NA;0;4;NA;NA;NA;2013-05-05;2013;"2013-1536:75";231;0;3,67807190511264;-0,820178962415188;2;"Pablo Andujar";74;"Rafael Nadal";-0,820178962415188;3,67807190511264;-4,49825086752783;27,2;26,9;0,300000000000001;180;185;-5;1;0,428571428571429;0,428571428571429;1;-0,571428571428571;7;3;3;3;4;0;0;4;-4;0;1;0
"612316";"2013-1536";"Madrid Masters";"Clay";"56";"Masters";76;74;"Rafael Nadal";"L";185;"ESP";26,9;107;"Stan Wawrinka";"R";183;"SUI";28,1;"6-2 6-4";3;"F";72;3;1;44;29;26;11;9;0;0;5;4;54;33;22;10;9;8;11;5;5985;15;2165;6;6;NA;NA;NA;2;4;NA;NA;NA;2013-05-05;2013;"2013-1536:76";232;1;3,67807190511264;2,09310940439148;74;"Rafael Nadal";107;"Stan Wawrinka";3,67807190511264;2,09310940439148;1,58496250072116;26,9;28,1;-1,2;185;183;2;1,5;0,727272727272727;1,5;0,727272727272727;0,772727272727273;11;0;8;0;3;0;3;0;3;0;1;0
"613035";"2013-416";"Rome Masters";"Clay";"56";"Masters";21;41;"Santiago Giraldo";"R";188;"COL";25,4;14;"Marco Cecchinato";"R";185;"ITA";20,6;"7-5 6-2";3;"Q2";82;1;2;58;43;32;7;10;4;6;3;3;63;38;22;11;10;8;13;78;650;358;112;7;6;NA;NA;NA;5;2;NA;NA;NA;2013-05-12;2013;"2013-416:21";233;0;-0,285402218862249;-2,48381577726426;14;"Marco Cecchinato";41;"Santiago Giraldo";-2,48381577726426;-0,285402218862249;-2,19841355840201;20,6;25,4;-4,8;185;188;-3;0,666666666666667;0,615384615384615;0,615384615384615;0,666666666666667;-0,0512820512820512;13;6;8;4;5;2;2;5;-3;0;1;0
"613047";"2013-416";"Rome Masters";"Clay";"56";"Masters";33;35;"Fabio Fognini";"R";178;"ITA";25,9;90;"Andreas Seppi";"R";190;"ITA";29,2;"6-4 6-1";3;"R64";70;1;0;59;39;26;13;8;2;3;4;3;54;35;19;5;9;3;8;25;1345;21;1700;6;6;NA;NA;NA;4;1;NA;NA;NA;2013-05-12;2013;"2013-416:33";234;1;1,35614381022528;1,60768257722124;35;"Fabio Fognini";90;"Andreas Seppi";1,35614381022528;1,60768257722124;-0,251538766995964;25,9;29,2;-3,3;178;190;-12;0,666666666666667;0,375;0,666666666666667;0,375;0,291666666666667;8;3;3;2;5;1;5;1;4;0;1;0
"613049";"2013-416";"Rome Masters";"Clay";"56";"Masters";35;79;"Benoit Paire";"R";196;"FRA";24;68;"Juan Monaco";"R";185;"ARG";29,1;"7-6(4) 1-6 6-4";3;"R64";119;13;3;90;49;31;20;14;6;11;1;1;93;76;45;9;15;2;6;36;1065;18;1830;7;1;6;NA;NA;6;6;4;NA;NA;2013-05-12;2013;"2013-416:35";235;0;0,830074998557688;1,83007499855769;68;"Juan Monaco";79;"Benoit Paire";1,83007499855769;0,830074998557688;1;29,1;24;5,1;185;196;-11;0,545454545454545;0,333333333333333;0,333333333333333;0,545454545454545;-0,212121212121212;6;11;2;6;4;5;5;4;1;0;1;0
"613052";"2013-416";"Rome Masters";"Clay";"56";"Masters";38;15;"Jeremy Chardy";"R";188;"FRA";26,2;60;"Feliciano Lopez";"L";188;"ESP";31,6;"3-6 7-5 7-6(4)";3;"R64";153;9;6;95;56;46;22;16;3;6;16;1;122;69;48;26;17;5;8;29;1301;43;930;3;7;7;NA;NA;6;5;6;NA;NA;2013-05-12;2013;"2013-416:38";236;1;1,14201900487243;0,573735245297902;15;"Jeremy Chardy";60;"Feliciano Lopez";1,14201900487243;0,573735245297902;0,568283759574526;26,2;31,6;-5,4;188;188;0;0,5;0,625;0,5;0,625;-0,125;8;6;5;3;3;3;3;3;0;0;1;0
"613060";"2013-416";"Rome Masters";"Clay";"56";"Masters";46;28;"Novak Djokovic";"R";188;"SRB";25,9;70;"Albert Montanes";"R";175;"ESP";32,4;"6-2 6-3";3;"R32";71;3;0;52;40;30;8;9;4;5;1;4;56;32;17;11;8;7;11;1;12730;89;573;6;6;NA;NA;NA;2;3;NA;NA;NA;2013-05-12;2013;"2013-416:46";237;1;6;-0,475733430966398;28;"Novak Djokovic";70;"Albert Montanes";6;-0,475733430966398;6,4757334309664;25,9;32,4;-6,5;188;175;13;0,8;0,636363636363636;0,8;0,636363636363636;0,163636363636364;11;5;7;4;4;1;4;1;3;0;1;0
"613062";"2013-416";"Rome Masters";"Clay";"56";"Masters";48;1;"Kevin Anderson";"R";203;"RSA";26,9;16;"Marin Cilic";"R";198;"CRO";24,6;"6-3 7-6(7)";3;"R32";109;13;2;82;61;46;12;11;6;6;7;3;74;41;28;19;10;8;9;27;1340;13;2535;6;7;NA;NA;NA;3;6;NA;NA;NA;2013-05-12;2013;"2013-416:48";238;1;1,24511249783653;2,29956028185891;1;"Kevin Anderson";16;"Marin Cilic";1,24511249783653;2,29956028185891;-1,05444778402238;26,9;24,6;2,3;203;198;5;1;0,888888888888889;1;0,888888888888889;0,111111111111111;9;6;8;6;1;0;1;0;1;0;1;0
"613065";"2013-416";"Rome Masters";"Clay";"56";"Masters";51;55;"Philipp Kohlschreiber";"R";178;"GER";29,5;85;"Albert Ramos";"L";188;"ESP";25,3;"6-4 6-1";3;"R32";77;4;0;54;28;21;12;9;2;4;4;1;50;33;17;7;8;1;6;22;1670;65;740;6;6;NA;NA;NA;4;1;NA;NA;NA;2013-05-12;2013;"2013-416:51";239;1;1,5405683813627;-0,0223678130284544;55;"Philipp Kohlschreiber";85;"Albert Ramos";1,5405683813627;-0,0223678130284544;1,56293619439116;29,5;25,3;4,2;178;188;-10;0,5;0,166666666666667;0,5;0,166666666666667;0,333333333333333;6;4;1;2;5;2;5;2;3;0;1;0
"613067";"2013-416";"Rome Masters";"Clay";"56";"Masters";53;74;"Rafael Nadal";"L";185;"ESP";26,9;35;"Fabio Fognini";"R";178;"ITA";25,9;"6-1 6-3";3;"R32";61;0;0;43;34;26;6;8;2;3;0;0;46;33;15;5;8;6;11;5;6895;25;1345;6;6;NA;NA;NA;1;3;NA;NA;NA;2013-05-12;2013;"2013-416:53";240;0;3,67807190511264;1,35614381022528;35;"Fabio Fognini";74;"Rafael Nadal";1,35614381022528;3,67807190511264;-2,32192809488736;25,9;26,9;-1;178;185;-7;0,666666666666667;0,545454545454545;0,545454545454545;0,666666666666667;-0,121212121212121;11;3;6;2;5;1;1;5;-4;0;1;0
"613070";"2013-416";"Rome Masters";"Clay";"56";"Masters";56;15;"Jeremy Chardy";"R";188;"FRA";26,2;75;"Kei Nishikori";"R";178;"JPN";23,3;"6-4 6-1";3;"R32";70;6;0;47;33;25;10;8;0;0;0;4;54;33;19;9;9;1;5;29;1301;15;2270;6;6;NA;NA;NA;4;1;NA;NA;NA;2013-05-12;2013;"2013-416:56";241;1;1,14201900487243;2,09310940439148;15;"Jeremy Chardy";75;"Kei Nishikori";1,14201900487243;2,09310940439148;-0,951090399519053;26,2;23,3;2,9;188;178;10;1,5;0,2;1,5;0,2;1,3;5;0;1;0;4;0;4;0;4;0;1;0
"613073";"2013-416";"Rome Masters";"Clay";"56";"Masters";59;40;"Richard Gasquet";"R";185;"FRA";26,9;26;"Grigor Dimitrov";"R";188;"BUL";21,9;"6-4 6-4";3;"R32";74;2;1;47;34;28;8;10;0;1;5;2;60;34;23;12;10;2;5;9;3180;26;1342;6;6;NA;NA;NA;4;4;NA;NA;NA;2013-05-12;2013;"2013-416:59";242;0;2,83007499855769;1,29956028185891;26;"Grigor Dimitrov";40;"Richard Gasquet";1,29956028185891;2,83007499855769;-1,53051471669878;21,9;26,9;-5;188;185;3;0;0,4;0,4;0;0,4;5;1;2;0;3;1;1;3;-2;0;1;0
"613076";"2013-416";"Rome Masters";"Clay";"56";"Masters";62;28;"Novak Djokovic";"R";188;"SRB";25,9;29;"Alexandr Dolgopolov";"R";180;"UKR";24,5;"6-1 6-4";3;"R16";61;5;2;55;38;30;10;9;3;3;4;2;47;26;14;13;8;3;6;1;12730;23;1420;6;6;NA;NA;NA;1;4;NA;NA;NA;2013-05-12;2013;"2013-416:62";243;1;6;1,47643804394299;28;"Novak Djokovic";29;"Alexandr Dolgopolov";6;1,47643804394299;4,52356195605701;25,9;24,5;1,4;188;180;8;1;0,5;1;0,5;0,5;6;3;3;3;3;0;3;0;3;0;1;0
"613079";"2013-416";"Rome Masters";"Clay";"56";"Masters";65;74;"Rafael Nadal";"L";185;"ESP";26,9;45;"Ernests Gulbis";"R";190;"LAT";24,7;"1-6 7-5 6-4";3;"R16";158;0;1;92;70;44;10;14;5;9;15;3;99;60;43;16;15;7;11;5;6895;46;885;1;7;6;NA;NA;6;5;4;NA;NA;2013-05-12;2013;"2013-416:65";244;0;3,67807190511264;0,476438043942987;45;"Ernests Gulbis";74;"Rafael Nadal";0,476438043942987;3,67807190511264;-3,20163386116965;24,7;26,9;-2,2;190;185;5;0,555555555555556;0,636363636363636;0,636363636363636;0,555555555555556;0,0808080808080808;11;9;7;5;4;4;4;4;0;0;1;0
"613080";"2013-416";"Rome Masters";"Clay";"56";"Masters";66;79;"Benoit Paire";"R";196;"FRA";24;23;"Juan Martin del Potro";"R";198;"ARG";24,6;"6-4 7-6(3)";3;"R16";82;6;1;59;32;27;18;11;0;1;3;1;64;40;29;11;11;0;2;36;1065;7;4320;6;7;NA;NA;NA;4;6;NA;NA;NA;2013-05-12;2013;"2013-416:66";245;0;0,830074998557688;3,1926450779424;23;"Juan Martin del Potro";79;"Benoit Paire";3,1926450779424;0,830074998557688;2,36257007938471;24,6;24;0,600000000000001;198;196;2;0;0;0;0;0;2;1;0;0;2;1;1;2;-1;0;1;0
"613081";"2013-416";"Rome Masters";"Clay";"56";"Masters";67;44;"Marcel Granollers";"R";190;"ESP";27;15;"Jeremy Chardy";"R";188;"FRA";26,2;"6-4 1-6 7-5";3;"R16";131;1;0;91;61;39;15;14;2;5;6;4;90;54;40;20;15;4;7;37;1055;29;1301;6;1;7;NA;NA;4;6;5;NA;NA;2013-05-12;2013;"2013-416:67";246;0;0,79054663437105;1,14201900487243;15;"Jeremy Chardy";44;"Marcel Granollers";1,14201900487243;0,79054663437105;0,351472370501378;26,2;27;-0,800000000000001;188;190;-2;0,4;0,571428571428571;0,571428571428571;0,4;0,171428571428571;7;5;4;2;3;3;3;3;0;0;1;0
"613084";"2013-416";"Rome Masters";"Clay";"56";"Masters";70;8;"Tomas Berdych";"R";196;"CZE";27,6;28;"Novak Djokovic";"R";188;"SRB";25,9;"2-6 7-5 6-4";3;"QF";142;9;3;106;67;53;14;15;3;6;8;1;90;62;43;15;15;2;5;6;4520;1;12730;2;7;6;NA;NA;6;5;4;NA;NA;2013-05-12;2013;"2013-416:70";247;1;3,41503749927884;6;8;"Tomas Berdych";28;"Novak Djokovic";3,41503749927884;6;-2,58496250072116;27,6;25,9;1,7;196;188;8;0,5;0,4;0,5;0,4;0,1;5;6;2;3;3;3;3;3;0;0;1;0
"613085";"2013-416";"Rome Masters";"Clay";"56";"Masters";71;74;"Rafael Nadal";"L";185;"ESP";26,9;34;"David Ferrer";"R";175;"ESP";31,1;"6-4 4-6 6-2";3;"QF";166;1;2;115;80;53;12;14;13;16;1;3;100;66;39;16;14;5;10;5;6895;4;6920;6;4;6;NA;NA;4;6;2;NA;NA;2013-05-12;2013;"2013-416:71";248;0;3,67807190511264;4;34;"David Ferrer";74;"Rafael Nadal";4;3,67807190511264;0,321928094887362;31,1;26,9;4,2;175;185;-10;0,8125;0,5;0,5;0,8125;-0,3125;10;16;5;13;5;3;3;5;-2;0;1;0
"613086";"2013-416";"Rome Masters";"Clay";"56";"Masters";72;79;"Benoit Paire";"R";196;"FRA";24;44;"Marcel Granollers";"R";190;"ESP";27;"6-1 6-0";3;"QF";57;2;3;43;21;16;14;7;0;0;0;1;44;30;12;6;6;6;11;36;1065;37;1055;6;6;NA;NA;NA;1;0;NA;NA;NA;2013-05-12;2013;"2013-416:72";249;0;0,830074998557688;0,79054663437105;44;"Marcel Granollers";79;"Benoit Paire";0,79054663437105;0,830074998557688;-0,039528364186638;27;24;3;190;196;-6;1,5;0,545454545454545;0,545454545454545;1,5;-0,954545454545455;11;0;6;0;5;0;0;5;-5;0;1;0
"613088";"2013-416";"Rome Masters";"Clay";"56";"Masters";74;74;"Rafael Nadal";"L";185;"ESP";26,9;8;"Tomas Berdych";"R";196;"CZE";27,6;"6-2 6-4";3;"SF";78;0;0;45;35;27;10;9;1;1;5;0;48;30;18;10;9;1;4;5;6895;6;4520;6;6;NA;NA;NA;2;4;NA;NA;NA;2013-05-12;2013;"2013-416:74";250;0;3,67807190511264;3,41503749927884;8;"Tomas Berdych";74;"Rafael Nadal";3,41503749927884;3,67807190511264;-0,263034405833794;27,6;26,9;0,700000000000003;196;185;11;1;0,25;0,25;1;-0,75;4;1;1;1;3;0;0;3;-3;0;1;0
"613089";"2013-416";"Rome Masters";"Clay";"56";"Masters";75;33;"Roger Federer";"R";185;"SUI";31,7;79;"Benoit Paire";"R";196;"FRA";24;"7-6(5) 6-4";3;"SF";88;1;3;74;44;34;15;11;5;6;8;5;74;33;25;20;11;4;6;3;7760;36;1065;7;6;NA;NA;NA;6;4;NA;NA;NA;2013-05-12;2013;"2013-416:75";251;1;4,41503749927884;0,830074998557688;33;"Roger Federer";79;"Benoit Paire";4,41503749927884;0,830074998557688;3,58496250072116;31,7;24;7,7;185;196;-11;0,833333333333333;0,666666666666667;0,833333333333333;0,666666666666667;0,166666666666667;6;6;4;5;2;1;2;1;1;0;1;0
"613090";"2013-416";"Rome Masters";"Clay";"56";"Masters";76;74;"Rafael Nadal";"L";185;"ESP";26,9;33;"Roger Federer";"R";185;"SUI";31,7;"6-1 6-3";3;"F";69;1;1;42;31;22;8;8;1;2;3;0;53;30;17;7;8;1;6;5;6895;3;7760;6;6;NA;NA;NA;1;3;NA;NA;NA;2013-05-12;2013;"2013-416:76";252;0;3,67807190511264;4,41503749927884;33;"Roger Federer";74;"Rafael Nadal";4,41503749927884;3,67807190511264;0,736965594166206;31,7;26,9;4,8;185;185;0;0,5;0,166666666666667;0,166666666666667;0,5;-0,333333333333333;6;2;1;1;5;1;1;5;-4;0;1;0
"640755";"2014-410";"Monte Carlo Masters";"Clay";"56";"Masters";13;12;"Pablo Carreno Busta";"R";188;"ESP";22,7;97;"Jan Lennard Struff";"R";193;"GER";23,9;"5-7 6-4 6-2";3;"Q1";120;7;0;95;49;32;19;15;3;9;5;5;92;45;27;16;15;2;10;62;730;96;593;5;6;6;NA;NA;7;4;2;NA;NA;2014-04-13;2014;"2014-410:13";253;1;0,0458036896131251;-0,584962500721156;12;"Pablo Carreno Busta";97;"Jan Lennard Struff";0,0458036896131251;-0,584962500721156;0,630766190334281;22,7;23,9;-1,2;188;193;-5;0,333333333333333;0,2;0,333333333333333;0,2;0,133333333333333;10;9;2;3;8;6;8;6;2;0;1;0
"640767";"2014-410";"Monte Carlo Masters";"Clay";"56";"Masters";25;26;"Grigor Dimitrov";"R";188;"BUL";22,9;44;"Marcel Granollers";"R";190;"ESP";28;"6-2 4-6 6-2";3;"R64";122;5;2;69;44;32;16;13;0;2;1;3;98;58;40;12;13;5;10;14;2130;32;1215;6;4;6;NA;NA;2;6;2;NA;NA;2014-04-13;2014;"2014-410:25";254;1;2,1926450779424;1;26;"Grigor Dimitrov";44;"Marcel Granollers";2,1926450779424;1;1,1926450779424;22,9;28;-5,1;188;190;-2;0;0,5;0;0,5;-0,5;10;2;5;0;5;2;5;2;3;0;1;0
"640771";"2014-410";"Monte Carlo Masters";"Clay";"56";"Masters";29;61;"Nicolas Mahut";"R";190;"FRA";32,2;98;"Dominic Thiem";"R";185;"AUT";20,6;"4-6 6-3 6-2";3;"R64";127;11;4;102;62;48;16;14;10;12;1;2;96;66;38;17;13;7;11;40;1042;84;635;4;6;6;NA;NA;6;3;2;NA;NA;2014-04-13;2014;"2014-410:29";255;1;0,678071905112637;-0,392317422778761;61;"Nicolas Mahut";98;"Dominic Thiem";0,678071905112637;-0,392317422778761;1,0703893278914;32,2;20,6;11,6;190;185;5;0,833333333333333;0,636363636363636;0,833333333333333;0,636363636363636;0,196969696969697;11;12;7;10;4;2;4;2;2;0;1;0
"640778";"2014-410";"Monte Carlo Masters";"Clay";"56";"Masters";36;35;"Fabio Fognini";"R";178;"ITA";26,8;95;"Joao Sousa";"R";185;"POR";25;"5-7 7-5 6-4";3;"R64";141;1;3;100;54;33;26;17;4;9;0;0;109;69;37;25;17;3;9;13;2400;39;1050;5;7;6;NA;NA;7;5;4;NA;NA;2014-04-13;2014;"2014-410:36";256;1;2,29956028185891;0,714597781137751;35;"Fabio Fognini";95;"Joao Sousa";2,29956028185891;0,714597781137751;1,58496250072116;26,8;25;1,8;178;185;-7;0,444444444444444;0,333333333333333;0,444444444444444;0,333333333333333;0,111111111111111;9;9;3;4;6;5;6;5;1;0;1;0
"640785";"2014-410";"Monte Carlo Masters";"Clay";"56";"Masters";43;69;"Gael Monfils";"R";193;"FRA";27,6;1;"Kevin Anderson";"R";203;"RSA";27,9;"6-4 7-6(4)";3;"R64";92;7;0;61;36;31;18;11;0;0;6;2;82;54;35;18;11;6;7;24;1555;19;1835;6;7;NA;NA;NA;4;6;NA;NA;NA;2014-04-13;2014;"2014-410:43";257;0;1,41503749927884;1,75207248655641;1;"Kevin Anderson";69;"Gael Monfils";1,75207248655641;1,41503749927884;0,337034987277571;27,9;27,6;0,299999999999997;203;193;10;1,5;0,857142857142857;0,857142857142857;1,5;-0,642857142857143;7;0;6;0;1;0;0;1;-1;0;1;0
"640787";"2014-410";"Monte Carlo Masters";"Clay";"56";"Masters";45;70;"Albert Montanes";"R";175;"ESP";33,3;79;"Benoit Paire";"R";196;"FRA";24,9;"7-5 4-6 6-2";3;"R64";118;3;1;89;61;44;18;15;4;6;5;6;109;52;39;24;15;11;15;57;810;34;1155;7;4;6;NA;NA;5;6;2;NA;NA;2014-04-13;2014;"2014-410:45";258;1;0,167109985835259;0,912537158749661;70;"Albert Montanes";79;"Benoit Paire";0,167109985835259;0,912537158749661;-0,745427172914402;33,3;24,9;8,4;175;196;-21;0,666666666666667;0,733333333333333;0,666666666666667;0,733333333333333;-0,0666666666666667;15;6;11;4;4;2;4;2;2;0;1;0
"640789";"2014-410";"Monte Carlo Masters";"Clay";"56";"Masters";47;90;"Andreas Seppi";"R";190;"ITA";30,1;2;"Pablo Andujar";"R";180;"ESP";28,2;"7-6(5) 5-7 6-4";3;"R32";169;10;1;122;64;45;31;17;12;15;5;2;112;82;53;16;17;6;9;35;1150;36;1116;7;5;6;NA;NA;6;7;4;NA;NA;2014-04-13;2014;"2014-410:47";259;0;0,870716983055034;0,830074998557688;2;"Pablo Andujar";90;"Andreas Seppi";0,830074998557688;0,870716983055034;-0,0406419844973458;28,2;30,1;-1,9;180;190;-10;0,8;0,666666666666667;0,666666666666667;0,8;-0,133333333333333;9;15;6;12;3;3;3;3;0;0;1;0
"640790";"2014-410";"Monte Carlo Masters";"Clay";"56";"Masters";48;26;"Grigor Dimitrov";"R";188;"BUL";22,9;85;"Albert Ramos";"L";188;"ESP";26,2;"4-6 6-3 6-4";3;"R32";121;8;2;76;48;42;17;15;0;1;3;1;83;53;35;19;14;3;5;14;2130;101;569;4;6;6;NA;NA;6;3;4;NA;NA;2014-04-13;2014;"2014-410:48";260;1;2,1926450779424;-0,658211482751795;26;"Grigor Dimitrov";85;"Albert Ramos";2,1926450779424;-0,658211482751795;2,85085656069419;22,9;26,2;-3,3;188;188;0;0;0,6;0;0,6;-0,6;5;1;3;0;2;1;2;1;1;0;1;0
"640791";"2014-410";"Monte Carlo Masters";"Clay";"56";"Masters";49;34;"David Ferrer";"R";175;"ESP";32;15;"Jeremy Chardy";"R";188;"FRA";27,1;"6-3 6-0";3;"R32";66;0;3;45;29;25;8;8;0;1;0;5;46;15;5;15;7;4;9;6;4640;48;970;6;6;NA;NA;NA;3;0;NA;NA;NA;2014-04-13;2014;"2014-410:49";261;0;3,41503749927884;0,415037499278844;15;"Jeremy Chardy";34;"David Ferrer";0,415037499278844;3,41503749927884;-3;27,1;32;-4,9;188;175;13;0;0,444444444444444;0,444444444444444;0;0,444444444444444;9;1;4;0;5;1;1;5;-4;0;1;0
"640792";"2014-410";"Monte Carlo Masters";"Clay";"56";"Masters";50;107;"Stan Wawrinka";"R";183;"SUI";29;16;"Marin Cilic";"R";198;"CRO";25,5;"6-0 6-2";3;"R32";46;3;1;34;23;18;10;7;0;0;0;1;36;17;12;3;7;2;7;3;5760;27;1330;6;6;NA;NA;NA;0;2;NA;NA;NA;2014-04-13;2014;"2014-410:50";262;0;4,41503749927884;1,24511249783653;16;"Marin Cilic";107;"Stan Wawrinka";1,24511249783653;4,41503749927884;-3,16992500144231;25,5;29;-3,5;198;183;15;1,5;0,285714285714286;0,285714285714286;1,5;-1,21428571428571;7;0;2;0;5;0;0;5;-5;0;1;0
"640797";"2014-410";"Monte Carlo Masters";"Clay";"56";"Masters";55;35;"Fabio Fognini";"R";178;"ITA";26,8;5;"Roberto Bautista Agut";"R";183;"ESP";25,9;"7-6(6) 6-4";3;"R32";104;2;5;77;43;28;14;11;0;5;0;4;73;53;31;6;11;1;7;13;2400;45;1000;7;6;NA;NA;NA;6;4;NA;NA;NA;2014-04-13;2014;"2014-410:55";263;0;2,29956028185891;0,508146903670325;5;"Roberto Bautista Agut";35;"Fabio Fognini";0,508146903670325;2,29956028185891;-1,79141337818858;25,9;26,8;-0,900000000000002;183;178;5;0;0,142857142857143;0,142857142857143;0;0,142857142857143;7;5;1;0;6;5;5;6;-1;0;1;0
"640802";"2014-410";"Monte Carlo Masters";"Clay";"56";"Masters";60;12;"Pablo Carreno Busta";"R";188;"ESP";22,7;69;"Gael Monfils";"R";193;"FRA";27,6;"6-3 7-6(6)";3;"R32";98;2;2;84;53;36;16;10;7;9;5;4;69;44;26;13;11;3;7;62;730;24;1555;6;7;NA;NA;NA;3;6;NA;NA;NA;2014-04-13;2014;"2014-410:60";264;1;0,0458036896131251;1,41503749927884;12;"Pablo Carreno Busta";69;"Gael Monfils";0,0458036896131251;1,41503749927884;-1,36923380966572;22,7;27,6;-4,9;188;193;-5;0,777777777777778;0,428571428571429;0,777777777777778;0,428571428571429;0,349206349206349;7;9;3;7;4;2;4;2;2;0;1;0
"640803";"2014-410";"Monte Carlo Masters";"Clay";"56";"Masters";61;28;"Novak Djokovic";"R";188;"SRB";26,8;70;"Albert Montanes";"R";175;"ESP";33,3;"6-1 6-0";3;"R32";45;5;0;41;29;24;7;7;4;4;0;1;37;21;7;6;6;7;12;2;11680;57;810;6;6;NA;NA;NA;1;0;NA;NA;NA;2014-04-13;2014;"2014-410:61";265;1;5;0,167109985835259;28;"Novak Djokovic";70;"Albert Montanes";5;0,167109985835259;4,83289001416474;26,8;33,3;-6,5;188;175;13;1;0,583333333333333;1;0,583333333333333;0,416666666666667;12;4;7;4;5;0;5;0;5;0;1;0
"640804";"2014-410";"Monte Carlo Masters";"Clay";"56";"Masters";62;74;"Rafael Nadal";"L";185;"ESP";27,8;90;"Andreas Seppi";"R";190;"ITA";30,1;"6-1 6-3";3;"R16";74;2;2;45;29;24;7;8;5;6;1;0;49;27;15;7;8;0;5;1;13730;35;1150;6;6;NA;NA;NA;1;3;NA;NA;NA;2014-04-13;2014;"2014-410:62";266;1;6;0,870716983055034;74;"Rafael Nadal";90;"Andreas Seppi";6;0,870716983055034;5,12928301694497;27,8;30,1;-2,3;185;190;-5;0,833333333333333;0;0,833333333333333;0;0,833333333333333;5;6;0;5;5;1;5;1;4;0;1;0
"640805";"2014-410";"Monte Carlo Masters";"Clay";"56";"Masters";63;34;"David Ferrer";"R";175;"ESP";32;26;"Grigor Dimitrov";"R";188;"BUL";22,9;"6-4 6-2";3;"R16";96;0;0;58;36;21;14;9;2;4;1;1;70;35;21;15;9;8;13;6;4640;14;2130;6;6;NA;NA;NA;4;2;NA;NA;NA;2014-04-13;2014;"2014-410:63";267;0;3,41503749927884;2,1926450779424;26;"Grigor Dimitrov";34;"David Ferrer";2,1926450779424;3,41503749927884;-1,22239242133645;22,9;32;-9,1;188;175;13;0,5;0,615384615384615;0,615384615384615;0,5;0,115384615384615;13;4;8;2;5;2;2;5;-3;0;1;0
"640808";"2014-410";"Monte Carlo Masters";"Clay";"56";"Masters";66;104;"Jo-Wilfried Tsonga";"R";188;"FRA";28,9;35;"Fabio Fognini";"R";178;"ITA";26,8;"5-7 6-3 6-0";3;"R16";116;6;2;86;49;36;19;14;7;10;1;3;75;51;30;9;13;2;8;12;2550;13;2400;5;6;6;NA;NA;7;3;0;NA;NA;2014-04-13;2014;"2014-410:66";268;0;2,41503749927884;2,29956028185891;35;"Fabio Fognini";104;"Jo-Wilfried Tsonga";2,29956028185891;2,41503749927884;-0,115477217419936;26,8;28,9;-2,1;178;188;-10;0,7;0,25;0,25;0,7;-0,45;8;10;2;7;6;3;3;6;-3;0;1;0
"640811";"2014-410";"Monte Carlo Masters";"Clay";"56";"Masters";69;28;"Novak Djokovic";"R";188;"SRB";26,8;12;"Pablo Carreno Busta";"R";188;"ESP";22,7;"6-0 6-1";3;"R16";48;2;0;34;25;19;9;7;0;0;0;0;38;22;8;6;6;2;7;2;11680;62;730;6;6;NA;NA;NA;0;1;NA;NA;NA;2014-04-13;2014;"2014-410:69";269;0;5;0,0458036896131251;12;"Pablo Carreno Busta";28;"Novak Djokovic";0,0458036896131251;5;-4,95419631038687;22,7;26,8;-4,1;188;188;0;1,5;0,285714285714286;0,285714285714286;1,5;-1,21428571428571;7;0;2;0;5;0;0;5;-5;0;1;0
"640812";"2014-410";"Monte Carlo Masters";"Clay";"56";"Masters";70;34;"David Ferrer";"R";175;"ESP";32;74;"Rafael Nadal";"L";185;"ESP";27,8;"7-6(1) 6-4";3;"QF";134;1;1;90;55;33;20;11;7;10;1;2;80;49;29;14;11;6;10;6;4640;1;13730;7;6;NA;NA;NA;6;4;NA;NA;NA;2014-04-13;2014;"2014-410:70";270;1;3,41503749927884;6;34;"David Ferrer";74;"Rafael Nadal";3,41503749927884;6;-2,58496250072116;32;27,8;4,2;175;185;-10;0,7;0,6;0,7;0,6;0,1;10;10;6;7;4;3;4;3;1;0;1;0
"640813";"2014-410";"Monte Carlo Masters";"Clay";"56";"Masters";71;107;"Stan Wawrinka";"R";183;"SUI";29;86;"Milos Raonic";"R";196;"CAN";23,2;"7-6(5) 6-2";3;"QF";91;5;3;63;30;24;22;10;0;0;6;0;62;38;28;14;10;1;3;3;5760;10;2580;7;6;NA;NA;NA;6;2;NA;NA;NA;2014-04-13;2014;"2014-410:71";271;0;4,41503749927884;2,67807190511264;86;"Milos Raonic";107;"Stan Wawrinka";2,67807190511264;4,41503749927884;-1,73696559416621;23,2;29;-5,8;196;183;13;1,5;0,333333333333333;0,333333333333333;1,5;-1,16666666666667;3;0;1;0;2;0;0;2;-2;0;1;0
"640815";"2014-410";"Monte Carlo Masters";"Clay";"56";"Masters";73;28;"Novak Djokovic";"R";188;"SRB";26,8;38;"Guillermo Garcia Lopez";"R";188;"ESP";30,8;"4-6 6-3 6-1";3;"QF";132;6;1;87;55;41;16;13;3;5;0;1;93;55;33;18;13;6;11;2;11680;38;1071;4;6;6;NA;NA;6;3;1;NA;NA;2014-04-13;2014;"2014-410:73";272;1;5;0,752072486556415;28;"Novak Djokovic";38;"Guillermo Garcia Lopez";5;0,752072486556415;4,24792751344359;26,8;30,8;-4;188;188;0;0,6;0,545454545454545;0,6;0,545454545454545;0,0545454545454546;11;5;6;3;5;2;5;2;3;0;1;0
"640816";"2014-410";"Monte Carlo Masters";"Clay";"56";"Masters";74;107;"Stan Wawrinka";"R";183;"SUI";29;34;"David Ferrer";"R";175;"ESP";32;"6-1 7-6(3)";3;"SF";90;6;1;66;34;29;18;10;2;2;1;2;65;39;27;13;9;4;6;3;5760;6;4640;6;7;NA;NA;NA;1;6;NA;NA;NA;2014-04-13;2014;"2014-410:74";273;0;4,41503749927884;3,41503749927884;34;"David Ferrer";107;"Stan Wawrinka";3,41503749927884;4,41503749927884;-1;32;29;3;175;183;-8;1;0,666666666666667;0,666666666666667;1;-0,333333333333333;6;2;4;2;2;0;0;2;-2;0;1;0
"640817";"2014-410";"Monte Carlo Masters";"Clay";"56";"Masters";75;33;"Roger Federer";"R";185;"SUI";32,6;28;"Novak Djokovic";"R";188;"SRB";26,8;"7-5 6-2";3;"SF";75;3;1;57;40;33;10;10;2;2;2;0;59;40;24;12;10;2;5;4;5355;2;11680;7;6;NA;NA;NA;5;2;NA;NA;NA;2014-04-13;2014;"2014-410:75";274;0;4;5;28;"Novak Djokovic";33;"Roger Federer";5;4;1;26,8;32,6;-5,8;188;185;3;1;0,4;0,4;1;-0,6;5;2;2;2;3;0;0;3;-3;0;1;0
"640818";"2014-410";"Monte Carlo Masters";"Clay";"56";"Masters";76;107;"Stan Wawrinka";"R";183;"SUI";29;33;"Roger Federer";"R";185;"SUI";32,6;"4-6 7-6(5) 6-2";3;"F";134;5;2;93;54;43;22;15;1;3;3;1;103;69;51;15;15;4;7;3;5760;4;5355;4;7;6;NA;NA;6;6;2;NA;NA;2014-04-13;2014;"2014-410:76";275;0;4,41503749927884;4;33;"Roger Federer";107;"Stan Wawrinka";4;4,41503749927884;-0,415037499278844;32,6;29;3,6;185;183;2;0,333333333333333;0,571428571428571;0,571428571428571;0,333333333333333;0,238095238095238;7;3;4;1;3;2;2;3;-1;0;1;0
"642678";"2014-1536";"Madrid Masters";"Clay";"56";"Masters";14;98;"Dominic Thiem";"R";185;"AUT";20,6;65;"Leonardo Mayer";"R";188;"ARG";26,9;"6-7(6) 6-2 6-4";3;"Q1";124;1;5;95;63;49;19;15;3;3;8;2;94;69;48;14;15;5;8;70;687;76;676;6;6;6;NA;NA;7;2;4;NA;NA;2014-05-04;2014;"2014-1536:14";276;0;-0,129283016944966;-0,247927513443585;65;"Leonardo Mayer";98;"Dominic Thiem";-0,247927513443585;-0,129283016944966;-0,118644496498619;26,9;20,6;6,3;188;185;3;1;0,625;0,625;1;-0,375;8;3;5;3;3;0;0;3;-3;0;1;0
"642689";"2014-1536";"Madrid Masters";"Clay";"56";"Masters";25;26;"Grigor Dimitrov";"R";188;"BUL";22,9;12;"Pablo Carreno Busta";"R";188;"ESP";22,8;"6-2 6-4";3;"R64";71;3;1;51;31;24;11;9;0;1;1;2;53;32;19;9;9;2;6;14;2200;63;734;6;6;NA;NA;NA;2;4;NA;NA;NA;2014-05-04;2014;"2014-1536:25";277;0;2,1926450779424;0,0227200765000832;12;"Pablo Carreno Busta";26;"Grigor Dimitrov";0,0227200765000832;2,1926450779424;-2,16992500144231;22,8;22,9;-0,0999999999999979;188;188;0;0;0,333333333333333;0,333333333333333;0;0,333333333333333;6;1;2;0;4;1;1;4;-3;0;1;0
"642699";"2014-1536";"Madrid Masters";"Clay";"56";"Masters";35;38;"Guillermo Garcia Lopez";"R";188;"ESP";30,9;2;"Pablo Andujar";"R";180;"ESP";28,2;"6-2 2-6 6-2";3;"R64";106;4;1;69;48;35;12;12;2;4;4;2;77;52;30;14;12;4;8;38;1073;36;1091;6;2;6;NA;NA;2;6;2;NA;NA;2014-05-04;2014;"2014-1536:35";278;0;0,752072486556415;0,830074998557688;2;"Pablo Andujar";38;"Guillermo Garcia Lopez";0,830074998557688;0,752072486556415;0,0780025120012731;28,2;30,9;-2,7;180;188;-8;0,5;0,5;0,5;0,5;0;8;4;4;2;4;2;2;4;-2;0;1;0
"642702";"2014-1536";"Madrid Masters";"Clay";"56";"Masters";38;60;"Feliciano Lopez";"L";188;"ESP";32,6;24;"Federico Delbonis";"L";190;"ARG";23,5;"7-6(4) 4-6 6-2";3;"R64";127;18;2;105;69;53;19;15;13;14;4;1;85;63;50;11;15;2;4;29;1225;42;1023;7;4;6;NA;NA;6;6;2;NA;NA;2014-05-04;2014;"2014-1536:38";279;0;1,14201900487243;0,607682577221239;24;"Federico Delbonis";60;"Feliciano Lopez";0,607682577221239;1,14201900487243;-0,534336427651189;23,5;32,6;-9,1;190;188;2;0,928571428571429;0,5;0,5;0,928571428571429;-0,428571428571429;4;14;2;13;2;1;1;2;-1;0;1;0
"642704";"2014-1536";"Madrid Masters";"Clay";"56";"Masters";40;85;"Albert Ramos";"L";188;"ESP";26,2;61;"Nicolas Mahut";"R";190;"FRA";32,2;"6-1 7-6(7)";3;"R64";92;1;2;53;33;26;13;9;0;1;5;4;74;49;28;11;10;4;8;115;511;37;1077;6;7;NA;NA;NA;1;6;NA;NA;NA;2014-05-04;2014;"2014-1536:40";280;0;-0,845490050944375;0,79054663437105;61;"Nicolas Mahut";85;"Albert Ramos";0,79054663437105;-0,845490050944375;1,63603668531542;32,2;26,2;6;190;188;2;0;0,5;0,5;0;0,5;8;1;4;0;4;1;1;4;-3;0;1;0
"642707";"2014-1536";"Madrid Masters";"Clay";"56";"Masters";43;29;"Alexandr Dolgopolov";"R";180;"UKR";25,4;35;"Fabio Fognini";"R";178;"ITA";26,9;"7-5 4-6 6-3";3;"R64";125;7;0;88;45;36;24;16;4;7;2;3;100;66;46;17;15;3;7;22;1690;15;2190;7;4;6;NA;NA;5;6;3;NA;NA;2014-05-04;2014;"2014-1536:43";281;1;1,5405683813627;2,09310940439148;29;"Alexandr Dolgopolov";35;"Fabio Fognini";1,5405683813627;2,09310940439148;-0,552541023028779;25,4;26,9;-1,5;180;178;2;0,571428571428571;0,428571428571429;0,571428571428571;0,428571428571429;0,142857142857143;7;7;3;4;4;3;4;3;1;0;1;0
"642709";"2014-1536";"Madrid Masters";"Clay";"56";"Masters";45;16;"Marin Cilic";"R";198;"CRO";25,5;95;"Joao Sousa";"R";185;"POR";25;"6-1 6-1";3;"R64";54;7;4;38;20;18;12;7;1;1;1;0;42;22;9;8;7;2;7;26;1330;40;1050;6;6;NA;NA;NA;1;1;NA;NA;NA;2014-05-04;2014;"2014-1536:45";282;1;1,29956028185891;0,678071905112637;16;"Marin Cilic";95;"Joao Sousa";1,29956028185891;0,678071905112637;0,621488376746271;25,5;25;0,5;198;185;13;1;0,285714285714286;1;0,285714285714286;0,714285714285714;7;1;2;1;5;0;5;0;5;0;1;0
"642710";"2014-1536";"Madrid Masters";"Clay";"56";"Masters";46;74;"Rafael Nadal";"L";185;"ESP";27,9;68;"Juan Monaco";"R";185;"ARG";30;"6-1 6-0";3;"R32";69;3;0;44;35;24;5;7;1;2;0;1;38;22;8;3;6;4;10;1;12900;56;880;6;6;NA;NA;NA;1;0;NA;NA;NA;2014-05-04;2014;"2014-1536:46";283;0;6;0,192645077942396;68;"Juan Monaco";74;"Rafael Nadal";0,192645077942396;6;-5,8073549220576;30;27,9;2,1;185;185;0;0,5;0,4;0,4;0,5;-0,1;10;2;4;1;6;1;1;6;-5;0;1;0
"642715";"2014-1536";"Madrid Masters";"Clay";"56";"Masters";51;5;"Roberto Bautista Agut";"R";183;"ESP";26;105;"Fernando Verdasco";"L";188;"ESP";30,4;"2-6 7-6(4) 6-1";3;"R32";121;5;0;86;62;43;13;14;4;7;1;1;78;60;38;12;13;0;3;45;1000;25;1500;2;7;6;NA;NA;6;6;1;NA;NA;2014-05-04;2014;"2014-1536:51";284;1;0,508146903670325;1,35614381022528;5;"Roberto Bautista Agut";105;"Fernando Verdasco";0,508146903670325;1,35614381022528;-0,84799690655495;26;30,4;-4,4;183;188;-5;0,571428571428571;0;0,571428571428571;0;0,571428571428571;3;7;0;4;3;3;3;3;0;0;1;0
"642718";"2014-1536";"Madrid Masters";"Clay";"56";"Masters";54;86;"Milos Raonic";"R";196;"CAN";23,3;15;"Jeremy Chardy";"R";188;"FRA";27,2;"6-3 6-3";3;"R32";62;11;0;45;28;24;12;9;0;0;5;4;50;27;21;9;9;2;5;9;2580;49;970;6;6;NA;NA;NA;3;3;NA;NA;NA;2014-05-04;2014;"2014-1536:54";285;0;2,83007499855769;0,385290155884792;15;"Jeremy Chardy";86;"Milos Raonic";0,385290155884792;2,83007499855769;-2,4447848426729;27,2;23,3;3,9;188;196;-8;1,5;0,4;0,4;1,5;-1,1;5;0;2;0;3;0;0;3;-3;0;1;0
"642719";"2014-1536";"Madrid Masters";"Clay";"56";"Masters";55;75;"Kei Nishikori";"R";178;"JPN";24,3;38;"Guillermo Garcia Lopez";"R";188;"ESP";30,9;"6-3 6-1";3;"R32";65;1;0;50;32;23;10;8;3;4;2;1;43;30;15;5;8;2;7;12;2440;38;1073;6;6;NA;NA;NA;3;1;NA;NA;NA;2014-05-04;2014;"2014-1536:55";286;0;2,41503749927884;0,752072486556415;38;"Guillermo Garcia Lopez";75;"Kei Nishikori";0,752072486556415;2,41503749927884;-1,66296501272243;30,9;24,3;6,6;188;178;10;0,75;0,285714285714286;0,285714285714286;0,75;-0,464285714285714;7;4;2;3;5;1;1;5;-4;0;1;0
"642721";"2014-1536";"Madrid Masters";"Clay";"56";"Masters";57;98;"Dominic Thiem";"R";185;"AUT";20,6;107;"Stan Wawrinka";"R";183;"SUI";29,1;"1-6 6-2 6-4";3;"R32";105;1;1;85;51;40;14;12;9;11;7;0;71;47;32;14;13;3;6;70;687;3;6375;1;6;6;NA;NA;6;2;4;NA;NA;2014-05-04;2014;"2014-1536:57";287;1;-0,129283016944966;4,41503749927884;98;"Dominic Thiem";107;"Stan Wawrinka";-0,129283016944966;4,41503749927884;-4,54432051622381;20,6;29,1;-8,5;185;183;2;0,818181818181818;0,5;0,818181818181818;0,5;0,318181818181818;6;11;3;9;3;2;3;2;1;0;1;0
"642722";"2014-1536";"Madrid Masters";"Clay";"56";"Masters";58;34;"David Ferrer";"R";175;"ESP";32;85;"Albert Ramos";"L";188;"ESP";26,2;"7-6(6) 5-7 6-3";3;"R32";170;1;3;106;70;47;17;17;2;7;2;3;108;72;46;15;16;7;12;5;4850;115;511;7;5;6;NA;NA;6;7;3;NA;NA;2014-05-04;2014;"2014-1536:58";288;1;3,67807190511264;-0,845490050944375;34;"David Ferrer";85;"Albert Ramos";3,67807190511264;-0,845490050944375;4,52356195605701;32;26,2;5,8;175;188;-13;0,285714285714286;0,583333333333333;0,285714285714286;0,583333333333333;-0,297619047619048;12;7;7;2;5;5;5;5;0;0;1;0
"642727";"2014-1536";"Madrid Masters";"Clay";"56";"Masters";63;8;"Tomas Berdych";"R";196;"CZE";28,6;26;"Grigor Dimitrov";"R";188;"BUL";22,9;"3-6 6-3 6-2";3;"R16";110;7;1;78;46;34;19;13;3;4;12;2;74;46;33;16;13;4;7;6;4780;14;2200;3;6;6;NA;NA;6;3;2;NA;NA;2014-05-04;2014;"2014-1536:63";289;1;3,41503749927884;2,1926450779424;8;"Tomas Berdych";26;"Grigor Dimitrov";3,41503749927884;2,1926450779424;1,22239242133645;28,6;22,9;5,7;196;188;8;0,75;0,571428571428571;0,75;0,571428571428571;0,178571428571429;7;4;4;3;3;1;3;1;2;0;1;0
"642729";"2014-1536";"Madrid Masters";"Clay";"56";"Masters";65;41;"Santiago Giraldo";"R";188;"COL";26,4;72;"Andy Murray";"R";190;"GBR";26,9;"6-3 6-2";3;"R16";70;3;0;54;35;31;9;9;1;1;6;1;48;27;19;9;8;4;7;46;983;8;4040;6;6;NA;NA;NA;3;2;NA;NA;NA;2014-05-04;2014;"2014-1536:65";290;1;0,476438043942987;3;41;"Santiago Giraldo";72;"Andy Murray";0,476438043942987;3;-2,52356195605701;26,4;26,9;-0,5;188;190;-2;1;0,571428571428571;1;0,571428571428571;0,428571428571429;7;1;4;1;3;0;3;0;3;0;1;0
"642730";"2014-1536";"Madrid Masters";"Clay";"56";"Masters";66;75;"Kei Nishikori";"R";178;"JPN";24,3;86;"Milos Raonic";"R";196;"CAN";23,3;"7-6(5) 7-6(5)";3;"R16";126;9;1;91;60;44;20;12;6;7;12;3;84;52;40;18;12;5;6;12;2440;9;2580;7;7;NA;NA;NA;6;6;NA;NA;NA;2014-05-04;2014;"2014-1536:66";291;1;2,41503749927884;2,83007499855769;75;"Kei Nishikori";86;"Milos Raonic";2,41503749927884;2,83007499855769;-0,415037499278844;24,3;23,3;1;178;196;-18;0,857142857142857;0,833333333333333;0,857142857142857;0,833333333333333;0,0238095238095237;6;7;5;6;1;1;1;1;0;0;1;0
"642732";"2014-1536";"Madrid Masters";"Clay";"56";"Masters";68;34;"David Ferrer";"R";175;"ESP";32;50;"John Isner";"R";206;"USA";29;"6-4 6-4";3;"R16";78;2;1;52;37;33;9;10;2;2;6;0;64;50;30;9;10;5;7;5;4850;10;2555;6;6;NA;NA;NA;4;4;NA;NA;NA;2014-05-04;2014;"2014-1536:68";292;1;3,67807190511264;2,67807190511264;34;"David Ferrer";50;"John Isner";3,67807190511264;2,67807190511264;1;32;29;3;175;206;-31;1;0,714285714285714;1;0,714285714285714;0,285714285714286;7;2;5;2;2;0;2;0;2;0;1;0
"642733";"2014-1536";"Madrid Masters";"Clay";"56";"Masters";69;45;"Ernests Gulbis";"R";190;"LAT";25,6;16;"Marin Cilic";"R";198;"CRO";25,5;"6-3 6-4";3;"R16";87;11;3;64;45;38;7;10;1;1;9;3;59;22;19;17;9;3;5;20;1780;26;1330;6;6;NA;NA;NA;3;4;NA;NA;NA;2014-05-04;2014;"2014-1536:69";293;0;1,67807190511264;1,29956028185891;16;"Marin Cilic";45;"Ernests Gulbis";1,29956028185891;1,67807190511264;-0,378511623253729;25,5;25,6;-0,100000000000001;198;190;8;1;0,6;0,6;1;-0,4;5;1;3;1;2;0;0;2;-2;0;1;0
"642734";"2014-1536";"Madrid Masters";"Clay";"56";"Masters";70;74;"Rafael Nadal";"L";185;"ESP";27,9;8;"Tomas Berdych";"R";196;"CZE";28,6;"6-4 6-2";3;"QF";88;4;0;54;41;32;7;9;1;1;0;1;55;39;23;9;9;2;5;1;12900;6;4780;6;6;NA;NA;NA;4;2;NA;NA;NA;2014-05-04;2014;"2014-1536:70";294;0;6;3,41503749927884;8;"Tomas Berdych";74;"Rafael Nadal";3,41503749927884;6;-2,58496250072116;28,6;27,9;0,700000000000003;196;185;11;1;0,4;0,4;1;-0,6;5;1;2;1;3;0;0;3;-3;0;1;0
"642735";"2014-1536";"Madrid Masters";"Clay";"56";"Masters";71;5;"Roberto Bautista Agut";"R";183;"ESP";26;41;"Santiago Giraldo";"R";188;"COL";26,4;"6-3 6-4";3;"QF";87;5;1;65;40;31;14;10;6;6;5;0;54;32;22;13;9;3;5;45;1000;46;983;6;6;NA;NA;NA;3;4;NA;NA;NA;2014-05-04;2014;"2014-1536:71";295;1;0,508146903670325;0,476438043942987;5;"Roberto Bautista Agut";41;"Santiago Giraldo";0,508146903670325;0,476438043942987;0,0317088597273383;26;26,4;-0,399999999999999;183;188;-5;1;0,6;1;0,6;0,4;5;6;3;6;2;0;2;0;2;0;1;0
"642736";"2014-1536";"Madrid Masters";"Clay";"56";"Masters";72;75;"Kei Nishikori";"R";178;"JPN";24,3;60;"Feliciano Lopez";"L";188;"ESP";32,6;"6-4 6-4";3;"QF";91;1;0;62;35;25;20;10;3;3;9;1;68;51;36;4;10;7;9;12;2440;29;1225;6;6;NA;NA;NA;4;4;NA;NA;NA;2014-05-04;2014;"2014-1536:72";296;0;2,41503749927884;1,14201900487243;60;"Feliciano Lopez";75;"Kei Nishikori";1,14201900487243;2,41503749927884;-1,27301849440642;32,6;24,3;8,3;188;178;10;1;0,777777777777778;0,777777777777778;1;-0,222222222222222;9;3;7;3;2;0;0;2;-2;0;1;0
"642738";"2014-1536";"Madrid Masters";"Clay";"56";"Masters";74;74;"Rafael Nadal";"L";185;"ESP";27,9;5;"Roberto Bautista Agut";"R";183;"ESP";26;"6-4 6-3";3;"SF";103;2;3;51;35;25;9;9;2;4;0;1;77;55;33;6;10;8;13;1;12900;45;1000;6;6;NA;NA;NA;4;3;NA;NA;NA;2014-05-04;2014;"2014-1536:74";297;0;6;0,508146903670325;5;"Roberto Bautista Agut";74;"Rafael Nadal";0,508146903670325;6;-5,49185309632967;26;27,9;-1,9;183;185;-2;0,5;0,615384615384615;0,615384615384615;0,5;0,115384615384615;13;4;8;2;5;2;2;5;-3;0;1;0
"642739";"2014-1536";"Madrid Masters";"Clay";"56";"Masters";75;75;"Kei Nishikori";"R";178;"JPN";24,3;34;"David Ferrer";"R";175;"ESP";32;"7-6(5) 5-7 6-3";3;"SF";176;5;3;137;88;62;24;17;12;15;9;2;96;62;42;23;16;4;7;12;2440;5;4850;7;5;6;NA;NA;6;7;3;NA;NA;2014-05-04;2014;"2014-1536:75";298;0;2,41503749927884;3,67807190511264;34;"David Ferrer";75;"Kei Nishikori";3,67807190511264;2,41503749927884;1,26303440583379;32;24,3;7,7;175;178;-3;0,8;0,571428571428571;0,571428571428571;0,8;-0,228571428571429;7;15;4;12;3;3;3;3;0;0;1;0
"643179";"2014-416";"Rome Masters";"Clay";"56";"Masters";5;101;"Stefano Travaglia";"R";185;"ITA";22,3;70;"Albert Montanes";"R";175;"ESP";33,4;"7-6(3) 6-4";3;"Q1";91;2;2;82;48;34;20;11;4;5;4;2;69;46;34;12;11;2;4;293;157;58;835;7;6;NA;NA;NA;6;4;NA;NA;NA;2014-05-11;2014;"2014-416:5";299;0;-2,19475685442225;0,142019004872428;70;"Albert Montanes";101;"Stefano Travaglia";0,142019004872428;-2,19475685442225;2,33677585929468;33,4;22,3;11,1;175;185;-10;0,8;0,5;0,5;0,8;-0,3;4;5;2;4;2;1;1;2;-1;0;1;0
"643187";"2014-416";"Rome Masters";"Clay";"56";"Masters";13;84;"Sam Querrey";"R";198;"USA";26,5;13;"Salvatore Caruso";"R";185;"ITA";21,4;"6-2 6-3";3;"Q1";65;9;3;55;37;33;8;9;4;4;2;0;47;27;18;9;8;1;4;66;720;342;131;6;6;NA;NA;NA;2;3;NA;NA;NA;2014-05-11;2014;"2014-416:13";300;0;-0,0443941193584534;-2,4178525148859;13;"Salvatore Caruso";84;"Sam Querrey";-2,4178525148859;-0,0443941193584534;-2,37345839552744;21,4;26,5;-5,1;185;198;-13;1;0,25;0,25;1;-0,75;4;4;1;4;3;0;0;3;-3;0;1;0
"643193";"2014-416";"Rome Masters";"Clay";"56";"Masters";19;12;"Pablo Carreno Busta";"R";188;"ESP";22,8;58;"Dusan Lajovic";"R";180;"SRB";23,8;"6-2 2-6 6-3";3;"Q2";112;1;0;86;53;34;17;12;4;7;4;1;83;56;37;10;13;6;11;68;714;87;622;6;2;6;NA;NA;2;6;3;NA;NA;2014-05-11;2014;"2014-416:19";301;1;-0,0874628412503391;-0,442943495848728;12;"Pablo Carreno Busta";58;"Dusan Lajovic";-0,0874628412503391;-0,442943495848728;0,355480654598389;22,8;23,8;-1;188;180;8;0,571428571428571;0,545454545454545;0,571428571428571;0,545454545454545;0,025974025974026;11;7;6;4;5;3;5;3;2;0;1;0
"643213";"2014-416";"Rome Masters";"Clay";"56";"Masters";39;15;"Jeremy Chardy";"R";188;"FRA";27,2;46;"Robin Haase";"R";190;"NED";27;"6-4 6-4";3;"R64";85;9;0;55;34;29;12;10;2;2;1;0;69;36;24;16;10;4;6;47;970;50;945;6;6;NA;NA;NA;4;4;NA;NA;NA;2014-05-11;2014;"2014-416:39";302;1;0,445411148322362;0,356143810225276;15;"Jeremy Chardy";46;"Robin Haase";0,445411148322362;0,356143810225276;0,0892673380970868;27,2;27;0,199999999999999;188;190;-2;1;0,666666666666667;1;0,666666666666667;0,333333333333333;6;2;4;2;2;0;2;0;2;0;1;0
"643214";"2014-416";"Rome Masters";"Clay";"56";"Masters";40;57;"Mikhail Kukushkin";"R";183;"KAZ";26,3;95;"Joao Sousa";"R";185;"POR";25,1;"6-3 6-7(1) 6-3";3;"R64";151;1;0;122;86;56;24;16;7;7;4;0;91;63;48;13;14;6;8;60;819;41;1045;6;6;6;NA;NA;3;7;3;NA;NA;2014-05-11;2014;"2014-416:40";303;1;0,0931094043914813;0,642447995381916;57;"Mikhail Kukushkin";95;"Joao Sousa";0,0931094043914813;0,642447995381916;-0,549338590990435;26,3;25,1;1,2;183;185;-2;1;0,75;1;0,75;0,25;8;7;6;7;2;0;2;0;2;0;1;0
"643219";"2014-416";"Rome Masters";"Clay";"56";"Masters";45;96;"Radek Stepanek";"R";185;"CZE";35,4;2;"Pablo Andujar";"R";180;"ESP";28,2;"5-7 6-3 6-4";3;"R64";156;7;5;110;69;52;15;15;10;13;0;0;104;75;42;19;16;4;9;43;1005;64;741;5;6;6;NA;NA;7;3;4;NA;NA;2014-05-11;2014;"2014-416:45";304;0;0,573735245297902;0;2;"Pablo Andujar";96;"Radek Stepanek";0;0,573735245297902;-0,573735245297902;28,2;35,4;-7,2;180;185;-5;0,769230769230769;0,444444444444444;0,444444444444444;0,769230769230769;-0,324786324786325;9;13;4;10;5;3;3;5;-2;0;1;0
"643220";"2014-416";"Rome Masters";"Clay";"56";"Masters";46;74;"Rafael Nadal";"L";185;"ESP";27,9;92;"Gilles Simon";"R";183;"FRA";29,3;"7-6(1) 6-7(4) 6-2";3;"R32";199;4;2;109;86;53;13;16;6;10;7;1;132;78;49;24;16;7;13;1;12900;30;1225;7;6;6;NA;NA;6;7;2;NA;NA;2014-05-11;2014;"2014-416:46";305;1;6;1,09310940439148;74;"Rafael Nadal";92;"Gilles Simon";6;1,09310940439148;4,90689059560852;27,9;29,3;-1,4;185;183;2;0,6;0,538461538461538;0,6;0,538461538461538;0,0615384615384615;13;10;7;6;6;4;6;4;2;0;1;0
"643223";"2014-416";"Rome Masters";"Clay";"56";"Masters";49;72;"Andy Murray";"R";190;"GBR";26,9;44;"Marcel Granollers";"R";190;"ESP";28;"6-2 7-5";3;"R32";86;0;0;49;40;29;8;10;0;1;0;2;60;40;26;8;10;4;8;8;3950;31;1215;6;7;NA;NA;NA;2;5;NA;NA;NA;2014-05-11;2014;"2014-416:49";306;0;3;1,04580368961313;44;"Marcel Granollers";72;"Andy Murray";1,04580368961313;3;-1,95419631038687;28;26,9;1,1;190;190;0;0;0,5;0,5;0;0,5;8;1;4;0;4;1;1;4;-3;0;1;0
"643231";"2014-416";"Rome Masters";"Clay";"56";"Masters";57;15;"Jeremy Chardy";"R";188;"FRA";27,2;33;"Roger Federer";"R";185;"SUI";32,7;"1-6 6-3 7-6(6)";3;"R32";127;2;5;92;52;42;18;14;4;7;9;1;101;69;47;16;14;9;11;47;970;4;5715;1;6;7;NA;NA;6;3;6;NA;NA;2014-05-11;2014;"2014-416:57";307;1;0,445411148322362;4;15;"Jeremy Chardy";33;"Roger Federer";0,445411148322362;4;-3,55458885167764;27,2;32,7;-5,5;188;185;3;0,571428571428571;0,818181818181818;0,571428571428571;0,818181818181818;-0,246753246753247;11;7;9;4;2;3;2;3;-1;0;1;0
"643235";"2014-416";"Rome Masters";"Clay";"56";"Masters";61;28;"Novak Djokovic";"R";188;"SRB";26,9;96;"Radek Stepanek";"R";185;"CZE";35,4;"6-3 7-5";3;"R32";97;2;0;58;39;26;12;11;2;5;4;7;79;49;32;8;10;6;11;2;11030;43;1005;6;7;NA;NA;NA;3;5;NA;NA;NA;2014-05-11;2014;"2014-416:61";308;1;5;0,573735245297902;28;"Novak Djokovic";96;"Radek Stepanek";5;0,573735245297902;4,4262647547021;26,9;35,4;-8,5;188;185;3;0,4;0,545454545454545;0,4;0,545454545454545;-0,145454545454545;11;5;6;2;5;3;5;3;2;0;1;0
"643236";"2014-416";"Rome Masters";"Clay";"56";"Masters";62;74;"Rafael Nadal";"L";185;"ESP";27,9;108;"Mikhail Youzhny";"R";183;"RUS";31,8;"6-7(4) 6-2 6-1";3;"R16";164;1;4;99;75;55;7;14;7;9;0;2;102;73;38;15;13;9;15;1;12900;16;2020;6;6;6;NA;NA;7;2;1;NA;NA;2014-05-11;2014;"2014-416:62";309;1;6;2;74;"Rafael Nadal";108;"Mikhail Youzhny";6;2;4;27,9;31,8;-3,9;185;183;2;0,777777777777778;0,6;0,777777777777778;0,6;0,177777777777778;15;9;9;7;6;2;6;2;4;0;1;0
"643239";"2014-416";"Rome Masters";"Clay";"56";"Masters";65;26;"Grigor Dimitrov";"R";188;"BUL";22,9;8;"Tomas Berdych";"R";196;"CZE";28,6;"6-7(3) 6-2 6-2";3;"R16";145;8;2;89;58;48;15;14;2;3;7;3;99;62;42;17;14;8;13;14;2200;6;4600;6;6;6;NA;NA;7;2;2;NA;NA;2014-05-11;2014;"2014-416:65";310;0;2,1926450779424;3,41503749927884;8;"Tomas Berdych";26;"Grigor Dimitrov";3,41503749927884;2,1926450779424;1,22239242133645;28,6;22,9;5,7;196;188;8;0,666666666666667;0,615384615384615;0,615384615384615;0,666666666666667;-0,0512820512820512;13;3;8;2;5;1;1;5;-4;0;1;0
"643243";"2014-416";"Rome Masters";"Clay";"56";"Masters";69;28;"Novak Djokovic";"R";188;"SRB";26,9;55;"Philipp Kohlschreiber";"R";178;"GER";30,5;"4-6 6-2 6-1";3;"R16";96;2;1;72;54;38;9;13;1;4;2;0;70;42;27;8;12;4;10;2;11030;29;1280;4;6;6;NA;NA;6;2;1;NA;NA;2014-05-11;2014;"2014-416:69";311;1;5;1,14201900487243;28;"Novak Djokovic";55;"Philipp Kohlschreiber";5;1,14201900487243;3,85798099512757;26,9;30,5;-3,6;188;178;10;0,25;0,4;0,25;0,4;-0,15;10;4;4;1;6;3;6;3;3;0;1;0
"643244";"2014-416";"Rome Masters";"Clay";"56";"Masters";70;74;"Rafael Nadal";"L";185;"ESP";27,9;72;"Andy Murray";"R";190;"GBR";26,9;"1-6 6-3 7-5";3;"QF";161;6;1;86;61;41;13;14;6;10;5;4;98;63;44;11;14;8;12;1;12900;8;3950;1;6;7;NA;NA;6;3;5;NA;NA;2014-05-11;2014;"2014-416:70";312;0;6;3;72;"Andy Murray";74;"Rafael Nadal";3;6;-3;26,9;27,9;-1;190;185;5;0,6;0,666666666666667;0,666666666666667;0,6;0,0666666666666667;12;10;8;6;4;4;4;4;0;0;1;0
"643246";"2014-416";"Rome Masters";"Clay";"56";"Masters";72;86;"Milos Raonic";"R";196;"CAN";23,3;15;"Jeremy Chardy";"R";188;"FRA";27,2;"6-3 5-7 6-2";3;"QF";122;14;2;85;54;47;12;15;5;7;8;3;88;54;40;14;14;5;9;10;2625;47;970;6;5;6;NA;NA;3;7;2;NA;NA;2014-05-11;2014;"2014-416:72";313;0;2,67807190511264;0,445411148322362;15;"Jeremy Chardy";86;"Milos Raonic";0,445411148322362;2,67807190511264;-2,23266075679028;27,2;23,3;3,9;188;196;-8;0,714285714285714;0,555555555555556;0,555555555555556;0,714285714285714;-0,158730158730159;9;7;5;5;4;2;2;4;-2;0;1;0
"643247";"2014-416";"Rome Masters";"Clay";"56";"Masters";73;28;"Novak Djokovic";"R";188;"SRB";26,9;34;"David Ferrer";"R";175;"ESP";32,1;"7-5 4-6 6-3";3;"QF";152;3;2;97;60;41;20;16;3;6;2;0;92;59;38;17;15;8;12;2;11030;5;5030;7;4;6;NA;NA;5;6;3;NA;NA;2014-05-11;2014;"2014-416:73";314;1;5;3,67807190511264;28;"Novak Djokovic";34;"David Ferrer";5;3,67807190511264;1,32192809488736;26,9;32,1;-5,2;188;175;13;0,5;0,666666666666667;0,5;0,666666666666667;-0,166666666666667;12;6;8;3;4;3;4;3;1;0;1;0
"643248";"2014-416";"Rome Masters";"Clay";"56";"Masters";74;74;"Rafael Nadal";"L";185;"ESP";27,9;26;"Grigor Dimitrov";"R";188;"BUL";22,9;"6-2 6-2";3;"SF";83;1;0;55;44;29;8;8;3;3;2;3;46;29;17;4;8;3;7;1;12900;14;2200;6;6;NA;NA;NA;2;2;NA;NA;NA;2014-05-11;2014;"2014-416:74";315;0;6;2,1926450779424;26;"Grigor Dimitrov";74;"Rafael Nadal";2,1926450779424;6;-3,8073549220576;22,9;27,9;-5;188;185;3;1;0,428571428571429;0,428571428571429;1;-0,571428571428571;7;3;3;3;4;0;0;4;-4;0;1;0
"643249";"2014-416";"Rome Masters";"Clay";"56";"Masters";75;28;"Novak Djokovic";"R";188;"SRB";26,9;86;"Milos Raonic";"R";196;"CAN";23,3;"6-7(5) 7-6(4) 6-3";3;"SF";181;3;1;114;82;58;21;16;7;8;17;3;121;81;61;18;17;7;10;2;11030;10;2625;6;7;6;NA;NA;7;6;3;NA;NA;2014-05-11;2014;"2014-416:75";316;1;5;2,67807190511264;28;"Novak Djokovic";86;"Milos Raonic";5;2,67807190511264;2,32192809488736;26,9;23,3;3,6;188;196;-8;0,875;0,7;0,875;0,7;0,175;10;8;7;7;3;1;3;1;2;0;1;0
"643250";"2014-416";"Rome Masters";"Clay";"56";"Masters";76;28;"Novak Djokovic";"R";188;"SRB";26,9;74;"Rafael Nadal";"L";185;"ESP";27,9;"4-6 6-3 6-3";3;"F";139;7;0;72;45;32;15;14;2;6;0;2;93;70;38;10;14;8;14;2;11030;1;12900;4;6;6;NA;NA;6;3;3;NA;NA;2014-05-11;2014;"2014-416:76";317;1;5;6;28;"Novak Djokovic";74;"Rafael Nadal";5;6;-1;26,9;27,9;-1;188;185;3;0,333333333333333;0,571428571428571;0,333333333333333;0,571428571428571;-0,238095238095238;14;6;8;2;6;4;6;4;2;0;1;0
"670777";"2015-410";"Monte Carlo Masters";"Clay";"56";"Masters";15;89;"Diego Schwartzman";"R";170;"ARG";22,6;70;"Albert Montanes";"R";175;"ESP";34,3;"6-4 6-4";3;"Q2";85;2;3;63;39;25;13;10;4;7;4;5;61;37;23;7;10;3;8;64;759;114;504;6;6;NA;NA;NA;4;4;NA;NA;NA;2015-04-12;2015;"2015-410:15";318;0;0;-0,832890014164741;70;"Albert Montanes";89;"Diego Schwartzman";-0,832890014164741;0;-0,832890014164741;34,3;22,6;11,7;175;170;5;0,571428571428571;0,375;0,375;0,571428571428571;-0,196428571428571;8;7;3;4;5;3;3;5;-2;0;1;0
"670780";"2015-410";"Monte Carlo Masters";"Clay";"56";"Masters";18;85;"Albert Ramos";"L";188;"ESP";27,2;46;"Robin Haase";"R";190;"NED";28;"6-4 7-5";3;"Q2";102;1;2;89;68;47;12;11;10;10;5;1;67;44;31;12;11;2;4;67;742;87;596;6;7;NA;NA;NA;4;5;NA;NA;NA;2015-04-12;2015;"2015-410:18";319;0;-0,0660891904577721;-0,442943495848728;46;"Robin Haase";85;"Albert Ramos";-0,442943495848728;-0,0660891904577721;-0,376854305390956;28;27,2;0,800000000000001;190;188;2;1;0,5;0,5;1;-0,5;4;10;2;10;2;0;0;2;-2;0;1;0
"670784";"2015-410";"Monte Carlo Masters";"Clay";"56";"Masters";22;85;"Albert Ramos";"L";188;"ESP";27,2;46;"Robin Haase";"R";190;"NED";28;"6-1 6-1";3;"R64";60;1;2;43;27;22;9;7;1;1;0;3;51;30;13;10;7;8;13;67;742;87;596;6;6;NA;NA;NA;1;1;NA;NA;NA;2015-04-12;2015;"2015-410:22";320;0;-0,0660891904577721;-0,442943495848728;46;"Robin Haase";85;"Albert Ramos";-0,442943495848728;-0,0660891904577721;-0,376854305390956;28;27,2;0,800000000000001;190;188;2;1;0,615384615384615;0,615384615384615;1;-0,384615384615385;13;1;8;1;5;0;0;5;-5;0;1;0
"670787";"2015-410";"Monte Carlo Masters";"Clay";"56";"Masters";25;104;"Jo-Wilfried Tsonga";"R";188;"FRA";29,9;97;"Jan Lennard Struff";"R";193;"GER";24,9;"6-4 6-4";3;"R64";77;4;1;66;32;25;21;10;7;7;2;4;59;39;29;10;10;1;3;14;2135;76;656;6;6;NA;NA;NA;4;4;NA;NA;NA;2015-04-12;2015;"2015-410:25";321;0;2,1926450779424;-0,247927513443585;97;"Jan Lennard Struff";104;"Jo-Wilfried Tsonga";-0,247927513443585;2,1926450779424;-2,44057259138598;24,9;29,9;-5;193;188;5;1;0,333333333333333;0,333333333333333;1;-0,666666666666667;3;7;1;7;2;0;0;2;-2;0;1;0
"670790";"2015-410";"Monte Carlo Masters";"Clay";"56";"Masters";28;83;"Lucas Pouille";"R";185;"FRA";21,1;98;"Dominic Thiem";"R";185;"AUT";21,6;"6-4 6-4";3;"R64";84;2;5;63;27;17;17;10;6;10;3;1;63;32;17;14;10;6;12;108;515;44;1030;6;6;NA;NA;NA;4;4;NA;NA;NA;2015-04-12;2015;"2015-410:28";322;1;-0,754887502163468;0,540568381362703;83;"Lucas Pouille";98;"Dominic Thiem";-0,754887502163468;0,540568381362703;-1,29545588352617;21,1;21,6;-0,5;185;185;0;0,6;0,5;0,6;0,5;0,1;12;10;6;6;6;4;6;4;2;0;1;0
"670804";"2015-410";"Monte Carlo Masters";"Clay";"56";"Masters";42;26;"Grigor Dimitrov";"R";188;"BUL";23,9;105;"Fernando Verdasco";"L";188;"ESP";31,4;"6-4 4-6 6-4";3;"R64";147;6;2;112;68;48;22;15;15;17;2;4;94;66;45;15;15;7;10;11;3055;40;1100;6;4;6;NA;NA;4;6;4;NA;NA;2015-04-12;2015;"2015-410:42";323;1;2,5405683813627;0,678071905112637;26;"Grigor Dimitrov";105;"Fernando Verdasco";2,5405683813627;0,678071905112637;1,86249647625007;23,9;31,4;-7,5;188;188;0;0,88235294117647;0,7;0,88235294117647;0,7;0,182352941176471;10;17;7;15;3;2;3;2;1;0;1;0
"670807";"2015-410";"Monte Carlo Masters";"Clay";"56";"Masters";45;15;"Jeremy Chardy";"R";188;"FRA";28,1;89;"Diego Schwartzman";"R";170;"ARG";22,6;"7-5 6-2";3;"R64";74;6;0;60;37;24;15;10;3;5;1;4;58;37;20;8;10;5;10;35;1155;64;759;7;6;NA;NA;NA;5;2;NA;NA;NA;2015-04-12;2015;"2015-410:45";324;1;0,870716983055034;0;15;"Jeremy Chardy";89;"Diego Schwartzman";0,870716983055034;0;0,870716983055034;28,1;22,6;5,5;188;170;18;0,6;0,5;0,6;0,5;0,1;10;5;5;3;5;2;5;2;3;0;1;0
"670808";"2015-410";"Monte Carlo Masters";"Clay";"56";"Masters";46;28;"Novak Djokovic";"R";188;"SRB";27,8;85;"Albert Ramos";"L";188;"ESP";27,2;"6-1 6-4";3;"R32";87;3;2;54;29;23;16;9;3;4;0;3;62;35;18;14;8;9;13;1;13205;67;742;6;6;NA;NA;NA;1;4;NA;NA;NA;2015-04-12;2015;"2015-410:46";325;1;6;-0,0660891904577721;28;"Novak Djokovic";85;"Albert Ramos";6;-0,0660891904577721;6,06608919045777;27,8;27,2;0,600000000000001;188;188;0;0,75;0,692307692307692;0,75;0,692307692307692;0,0576923076923077;13;4;9;3;4;1;4;1;3;0;1;0
"670810";"2015-410";"Monte Carlo Masters";"Clay";"56";"Masters";48;104;"Jo-Wilfried Tsonga";"R";188;"FRA";29,9;43;"David Goffin";"R";180;"BEL";24,3;"6-3 6-4";3;"R32";85;5;3;71;41;29;19;10;4;4;4;2;60;31;21;16;9;7;9;14;2135;21;1695;6;6;NA;NA;NA;3;4;NA;NA;NA;2015-04-12;2015;"2015-410:48";326;0;2,1926450779424;1,60768257722124;43;"David Goffin";104;"Jo-Wilfried Tsonga";1,60768257722124;2,1926450779424;-0,584962500721157;24,3;29,9;-5,6;180;188;-8;1;0,777777777777778;0,777777777777778;1;-0,222222222222222;9;4;7;4;2;0;0;2;-2;0;1;0
"670812";"2015-410";"Monte Carlo Masters";"Clay";"56";"Masters";50;74;"Rafael Nadal";"L";185;"ESP";28,8;83;"Lucas Pouille";"R";185;"FRA";21,1;"6-2 6-1";3;"R32";69;0;0;44;28;25;8;8;0;0;0;0;43;21;11;9;7;3;7;5;5255;108;515;6;6;NA;NA;NA;2;1;NA;NA;NA;2015-04-12;2015;"2015-410:50";327;1;3,67807190511264;-0,754887502163468;74;"Rafael Nadal";83;"Lucas Pouille";3,67807190511264;-0,754887502163468;4,43295940727611;28,8;21,1;7,7;185;185;0;1,5;0,428571428571429;1,5;0,428571428571429;1,07142857142857;7;0;3;0;4;0;4;0;4;0;1;0
"670813";"2015-410";"Monte Carlo Masters";"Clay";"56";"Masters";51;50;"John Isner";"R";206;"USA";29,9;102;"Viktor Troicki";"R";193;"SRB";29,1;"7-6(4) 7-6(5)";3;"R32";101;16;1;86;67;52;12;12;7;7;5;0;86;60;45;16;12;3;3;19;1720;37;1127;7;7;NA;NA;NA;6;6;NA;NA;NA;2015-04-12;2015;"2015-410:51";328;1;1,75207248655641;0,79054663437105;50;"John Isner";102;"Viktor Troicki";1,75207248655641;0,79054663437105;0,961525852185365;29,9;29,1;0,799999999999997;206;193;13;1;1;1;1;0;3;7;3;7;0;0;0;0;0;0;1;0
"670814";"2015-410";"Monte Carlo Masters";"Clay";"56";"Masters";52;92;"Gilles Simon";"R";183;"FRA";30,2;79;"Benoit Paire";"R";196;"FRA";25,9;"6-4 7-5";3;"R32";108;1;6;96;64;37;13;11;10;15;4;8;68;35;21;8;11;2;9;13;2210;90;587;6;7;NA;NA;NA;4;5;NA;NA;NA;2015-04-12;2015;"2015-410:52";329;0;2,29956028185891;-0,491853096329675;79;"Benoit Paire";92;"Gilles Simon";-0,491853096329675;2,29956028185891;-2,79141337818858;25,9;30,2;-4,3;196;183;13;0,666666666666667;0,222222222222222;0,222222222222222;0,666666666666667;-0,444444444444444;9;15;2;10;7;5;5;7;-2;0;1;0
"670817";"2015-410";"Monte Carlo Masters";"Clay";"56";"Masters";55;5;"Roberto Bautista Agut";"R";183;"ESP";26,9;55;"Philipp Kohlschreiber";"R";178;"GER";31,4;"6-7(3) 6-3 7-6(4)";3;"R32";161;3;3;107;68;52;16;16;5;9;3;3;136;94;55;21;17;8;14;16;1940;25;1395;6;6;7;NA;NA;7;3;6;NA;NA;2015-04-12;2015;"2015-410:55";330;1;2;1,35614381022528;5;"Roberto Bautista Agut";55;"Philipp Kohlschreiber";2;1,35614381022528;0,643856189774724;26,9;31,4;-4,5;183;178;5;0,555555555555556;0,571428571428571;0,555555555555556;0,571428571428571;-0,0158730158730158;14;9;8;5;6;4;6;4;2;0;1;0
"670819";"2015-410";"Monte Carlo Masters";"Clay";"56";"Masters";57;86;"Milos Raonic";"R";196;"CAN";24,2;95;"Joao Sousa";"R";185;"POR";26;"6-3 7-6(4)";3;"R32";86;12;2;61;35;31;20;11;0;0;4;1;67;40;32;13;10;1;2;6;5070;56;852;6;7;NA;NA;NA;3;6;NA;NA;NA;2015-04-12;2015;"2015-410:57";331;1;3,41503749927884;0,192645077942396;86;"Milos Raonic";95;"Joao Sousa";3,41503749927884;0,192645077942396;3,22239242133645;24,2;26;-1,8;196;185;11;1,5;0,5;1,5;0,5;1;2;0;1;0;1;0;1;0;1;0;1;0
"670820";"2015-410";"Monte Carlo Masters";"Clay";"56";"Masters";58;107;"Stan Wawrinka";"R";183;"SUI";30;68;"Juan Monaco";"R";185;"ARG";31;"6-1 6-4";3;"R32";72;2;2;48;21;19;14;9;2;4;1;2;64;42;19;11;8;9;14;9;4405;42;1090;6;6;NA;NA;NA;1;4;NA;NA;NA;2015-04-12;2015;"2015-410:58";332;0;2,83007499855769;0,607682577221239;68;"Juan Monaco";107;"Stan Wawrinka";0,607682577221239;2,83007499855769;-2,22239242133645;31;30;1;185;183;2;0,5;0,642857142857143;0,642857142857143;0,5;0,142857142857143;14;4;9;2;5;2;2;5;-3;0;1;0
"670821";"2015-410";"Monte Carlo Masters";"Clay";"56";"Masters";59;26;"Grigor Dimitrov";"R";188;"BUL";23,9;35;"Fabio Fognini";"R";178;"ITA";27,8;"6-3 6-4";3;"R32";71;4;0;55;41;34;8;10;1;1;3;1;57;35;24;11;9;3;5;11;3055;28;1285;6;6;NA;NA;NA;3;4;NA;NA;NA;2015-04-12;2015;"2015-410:59";333;1;2,5405683813627;1,1926450779424;26;"Grigor Dimitrov";35;"Fabio Fognini";2,5405683813627;1,1926450779424;1,34792330342031;23,9;27,8;-3,9;188;178;10;1;0,6;1;0,6;0,4;5;1;3;1;2;0;2;0;2;0;1;0
"670822";"2015-410";"Monte Carlo Masters";"Clay";"56";"Masters";60;69;"Gael Monfils";"R";193;"FRA";28,6;29;"Alexandr Dolgopolov";"R";180;"UKR";26,4;"7-6(5) 7-6(6)";3;"R32";112;8;1;90;60;40;14;12;3;6;2;4;89;60;44;9;12;9;12;18;1750;71;670;7;7;NA;NA;NA;6;6;NA;NA;NA;2015-04-12;2015;"2015-410:60";334;0;1,83007499855769;-0,149747119504682;29;"Alexandr Dolgopolov";69;"Gael Monfils";-0,149747119504682;1,83007499855769;-1,97982211806237;26,4;28,6;-2,2;180;193;-13;0,5;0,75;0,75;0,5;0,25;12;6;9;3;3;3;3;3;0;0;1;0
"670823";"2015-410";"Monte Carlo Masters";"Clay";"56";"Masters";61;33;"Roger Federer";"R";185;"SUI";33,6;15;"Jeremy Chardy";"R";188;"FRA";28,1;"6-2 6-1";3;"R32";55;5;1;41;31;22;7;8;0;1;1;5;50;26;14;8;7;5;10;2;8895;35;1155;6;6;NA;NA;NA;2;1;NA;NA;NA;2015-04-12;2015;"2015-410:61";335;0;5;0,870716983055034;15;"Jeremy Chardy";33;"Roger Federer";0,870716983055034;5;-4,12928301694497;28,1;33,6;-5,5;188;185;3;0;0,5;0,5;0;0,5;10;1;5;0;5;1;1;5;-4;0;1;0
"670825";"2015-410";"Monte Carlo Masters";"Clay";"56";"Masters";63;16;"Marin Cilic";"R";198;"CRO";26,5;104;"Jo-Wilfried Tsonga";"R";188;"FRA";29,9;"6-3 7-6(5)";3;"R16";85;5;2;69;43;36;16;11;1;1;4;0;62;47;36;6;10;2;3;10;3360;14;2135;6;7;NA;NA;NA;3;6;NA;NA;NA;2015-04-12;2015;"2015-410:63";336;1;2,67807190511264;2,1926450779424;16;"Marin Cilic";104;"Jo-Wilfried Tsonga";2,67807190511264;2,1926450779424;0,485426827170242;26,5;29,9;-3,4;198;188;10;1;0,666666666666667;1;0,666666666666667;0,333333333333333;3;1;2;1;1;0;1;0;1;0;1;0
"670826";"2015-410";"Monte Carlo Masters";"Clay";"56";"Masters";64;74;"Rafael Nadal";"L";185;"ESP";28,8;50;"John Isner";"R";206;"USA";29,9;"7-6(6) 4-6 6-3";3;"R16";140;7;0;90;66;51;18;16;2;3;12;1;102;62;47;19;15;4;5;5;5255;19;1720;7;4;6;NA;NA;6;6;3;NA;NA;2015-04-12;2015;"2015-410:64";337;0;3,67807190511264;1,75207248655641;50;"John Isner";74;"Rafael Nadal";1,75207248655641;3,67807190511264;-1,92599941855622;29,9;28,8;1,1;206;185;21;0,666666666666667;0,8;0,8;0,666666666666667;0,133333333333333;5;3;4;2;1;1;1;1;0;0;1;0
"670828";"2015-410";"Monte Carlo Masters";"Clay";"56";"Masters";66;8;"Tomas Berdych";"R";196;"CZE";29,5;5;"Roberto Bautista Agut";"R";183;"ESP";26,9;"7-6(7) 6-4";3;"R16";100;12;4;66;39;34;14;11;3;5;2;1;73;46;32;12;11;0;3;8;4510;16;1940;7;6;NA;NA;NA;6;4;NA;NA;NA;2015-04-12;2015;"2015-410:66";338;0;3;2;5;"Roberto Bautista Agut";8;"Tomas Berdych";2;3;-1;26,9;29,5;-2,6;183;196;-13;0,6;0;0;0,6;-0,6;3;5;0;3;3;2;2;3;-1;0;1;0
"670830";"2015-410";"Monte Carlo Masters";"Clay";"56";"Masters";68;26;"Grigor Dimitrov";"R";188;"BUL";23,9;107;"Stan Wawrinka";"R";183;"SUI";30;"6-1 6-2";3;"R16";55;1;2;50;29;23;12;7;6;6;0;0;47;34;16;6;8;4;9;11;3055;9;4405;6;6;NA;NA;NA;1;2;NA;NA;NA;2015-04-12;2015;"2015-410:68";339;1;2,5405683813627;2,83007499855769;26;"Grigor Dimitrov";107;"Stan Wawrinka";2,5405683813627;2,83007499855769;-0,289506617194985;23,9;30;-6,1;188;183;5;1;0,444444444444444;1;0,444444444444444;0,555555555555556;9;6;4;6;5;0;5;0;5;0;1;0
"670831";"2015-410";"Monte Carlo Masters";"Clay";"56";"Masters";69;69;"Gael Monfils";"R";193;"FRA";28,6;33;"Roger Federer";"R";185;"SUI";33,6;"6-4 7-6(5)";3;"R16";105;3;0;81;44;30;23;11;2;3;4;1;87;45;30;21;11;6;8;18;1750;2;8895;6;7;NA;NA;NA;4;6;NA;NA;NA;2015-04-12;2015;"2015-410:69";340;0;1,83007499855769;5;33;"Roger Federer";69;"Gael Monfils";5;1,83007499855769;3,16992500144231;33,6;28,6;5;185;193;-8;0,666666666666667;0,75;0,75;0,666666666666667;0,0833333333333334;8;3;6;2;2;1;1;2;-1;0;1;0
"670832";"2015-410";"Monte Carlo Masters";"Clay";"56";"Masters";70;28;"Novak Djokovic";"R";188;"SRB";27,8;16;"Marin Cilic";"R";198;"CRO";26,5;"6-0 6-3";3;"QF";66;1;0;44;27;23;8;7;2;2;3;1;56;32;18;8;8;5;10;1;13205;10;3360;6;6;NA;NA;NA;0;3;NA;NA;NA;2015-04-12;2015;"2015-410:70";341;0;6;2,67807190511264;16;"Marin Cilic";28;"Novak Djokovic";2,67807190511264;6;-3,32192809488736;26,5;27,8;-1,3;198;188;10;1;0,5;0,5;1;-0,5;10;2;5;2;5;0;0;5;-5;0;1;0
"670833";"2015-410";"Monte Carlo Masters";"Clay";"56";"Masters";71;74;"Rafael Nadal";"L";185;"ESP";28,8;34;"David Ferrer";"R";175;"ESP";33;"6-4 5-7 6-2";3;"QF";165;0;2;99;73;44;14;15;3;7;1;4;99;62;36;16;15;4;10;5;5255;7;4670;6;5;6;NA;NA;4;7;2;NA;NA;2015-04-12;2015;"2015-410:71";342;0;3,67807190511264;3,1926450779424;34;"David Ferrer";74;"Rafael Nadal";3,1926450779424;3,67807190511264;-0,485426827170242;33;28,8;4,2;175;185;-10;0,428571428571429;0,4;0,4;0,428571428571429;-0,0285714285714285;10;7;4;3;6;4;4;6;-2;0;1;0
"670835";"2015-410";"Monte Carlo Masters";"Clay";"56";"Masters";73;69;"Gael Monfils";"R";193;"FRA";28,6;26;"Grigor Dimitrov";"R";188;"BUL";23,9;"6-1 6-3";3;"QF";59;0;0;53;36;26;10;8;2;2;1;1;37;21;13;5;8;0;4;18;1750;11;3055;6;6;NA;NA;NA;1;3;NA;NA;NA;2015-04-12;2015;"2015-410:73";343;0;1,83007499855769;2,5405683813627;26;"Grigor Dimitrov";69;"Gael Monfils";2,5405683813627;1,83007499855769;0,710493382805015;23,9;28,6;-4,7;188;193;-5;1;0;0;1;-1;4;2;0;2;4;0;0;4;-4;0;1;0
"670836";"2015-410";"Monte Carlo Masters";"Clay";"56";"Masters";74;28;"Novak Djokovic";"R";188;"SRB";27,8;74;"Rafael Nadal";"L";185;"ESP";28,8;"6-3 6-3";3;"SF";98;1;0;57;43;31;8;9;2;3;2;3;66;43;25;11;9;6;10;1;13205;5;5255;6;6;NA;NA;NA;3;3;NA;NA;NA;2015-04-12;2015;"2015-410:74";344;1;6;3,67807190511264;28;"Novak Djokovic";74;"Rafael Nadal";6;3,67807190511264;2,32192809488736;27,8;28,8;-1;188;185;3;0,666666666666667;0,6;0,666666666666667;0,6;0,0666666666666667;10;3;6;2;4;1;4;1;3;0;1;0
"670837";"2015-410";"Monte Carlo Masters";"Clay";"56";"Masters";75;8;"Tomas Berdych";"R";196;"CZE";29,5;69;"Gael Monfils";"R";193;"FRA";28,6;"6-1 6-4";3;"SF";68;3;1;50;28;23;12;9;4;5;0;0;46;21;9;14;8;2;6;8;4510;18;1750;6;6;NA;NA;NA;1;4;NA;NA;NA;2015-04-12;2015;"2015-410:75";345;1;3;1,83007499855769;8;"Tomas Berdych";69;"Gael Monfils";3;1,83007499855769;1,16992500144231;29,5;28,6;0,899999999999999;196;193;3;0,8;0,333333333333333;0,8;0,333333333333333;0,466666666666667;6;5;2;4;4;1;4;1;3;0;1;0
"670838";"2015-410";"Monte Carlo Masters";"Clay";"56";"Masters";76;28;"Novak Djokovic";"R";188;"SRB";27,8;8;"Tomas Berdych";"R";196;"CZE";29,5;"7-5 4-6 6-3";3;"F";163;2;5;102;60;40;21;16;6;10;1;0;108;48;36;27;15;9;14;1;13205;8;4510;7;4;6;NA;NA;5;6;3;NA;NA;2015-04-12;2015;"2015-410:76";346;0;6;3;8;"Tomas Berdych";28;"Novak Djokovic";3;6;-3;29,5;27,8;1,7;196;188;8;0,6;0,642857142857143;0,642857142857143;0,6;0,0428571428571429;14;10;9;6;5;4;4;5;-1;0;1;0
"672626";"2015-1536";"Madrid Masters";"Clay";"56";"Masters";21;7;"Thomaz Bellucci";"L";188;"BRA";27,3;24;"Federico Delbonis";"L";190;"ARG";24,5;"4-6 7-6(1) 7-6(3)";3;"Q2";145;2;4;119;81;54;23;17;4;7;4;4;103;63;46;23;17;3;5;77;660;70;675;4;7;7;NA;NA;6;6;6;NA;NA;2015-05-03;2015;"2015-1536:21";347;1;-0,266786540694901;-0,129283016944966;7;"Thomaz Bellucci";24;"Federico Delbonis";-0,266786540694901;-0,129283016944966;-0,137503523749935;27,3;24,5;2,8;188;190;-2;0,571428571428571;0,6;0,571428571428571;0,6;-0,0285714285714286;5;7;3;4;2;3;2;3;-1;0;1;0
"672628";"2015-1536";"Madrid Masters";"Clay";"56";"Masters";23;7;"Thomaz Bellucci";"L";188;"BRA";27,3;15;"Jeremy Chardy";"R";188;"FRA";28,2;"6-4 7-5";3;"R64";93;7;1;58;40;32;14;11;2;2;3;1;85;53;35;15;11;8;10;77;660;32;1155;6;7;NA;NA;NA;4;5;NA;NA;NA;2015-05-03;2015;"2015-1536:23";348;1;-0,266786540694901;1;7;"Thomaz Bellucci";15;"Jeremy Chardy";-0,266786540694901;1;-1,2667865406949;27,3;28,2;-0,899999999999999;188;188;0;1;0,8;1;0,8;0,2;10;2;8;2;2;0;2;0;2;0;1;0
"672629";"2015-1536";"Madrid Masters";"Clay";"56";"Masters";24;50;"John Isner";"R";206;"USA";30;62;"Adrian Mannarino";"L";183;"FRA";26,8;"7-6(2) 6-4";3;"R64";80;13;2;68;47;37;12;11;0;0;4;4;61;36;28;16;11;0;1;18;1765;29;1258;7;6;NA;NA;NA;6;4;NA;NA;NA;2015-05-03;2015;"2015-1536:24";349;1;1,83007499855769;1,14201900487243;50;"John Isner";62;"Adrian Mannarino";1,83007499855769;1,14201900487243;0,68805599368526;30;26,8;3,2;206;183;23;1,5;0;1,5;0;1,5;1;0;0;0;1;0;1;0;1;0;1;0
"672637";"2015-1536";"Madrid Masters";"Clay";"56";"Masters";32;35;"Fabio Fognini";"R";178;"ITA";27,9;41;"Santiago Giraldo";"R";188;"COL";27,4;"6-2 6-3";3;"R64";74;1;1;53;28;20;15;8;7;8;1;2;69;47;25;9;9;4;9;31;1180;49;930;6;6;NA;NA;NA;2;3;NA;NA;NA;2015-05-03;2015;"2015-1536:32";350;1;1,04580368961313;0,385290155884792;35;"Fabio Fognini";41;"Santiago Giraldo";1,04580368961313;0,385290155884792;0,660513533728333;27,9;27,4;0,5;178;188;-10;0,875;0,444444444444444;0,875;0,444444444444444;0,430555555555556;9;8;4;7;5;1;5;1;4;0;1;0
"672639";"2015-1536";"Madrid Masters";"Clay";"56";"Masters";34;85;"Albert Ramos";"L";188;"ESP";27,2;19;"Pablo Cuevas";"R";180;"URU";29,3;"3-6 6-3 6-4";3;"R64";135;3;2;83;52;40;19;14;3;4;9;4;93;53;38;23;14;5;7;65;730;22;1547;3;6;6;NA;NA;6;3;4;NA;NA;2015-05-03;2015;"2015-1536:34";351;0;-0,0223678130284544;1,5405683813627;19;"Pablo Cuevas";85;"Albert Ramos";1,5405683813627;-0,0223678130284544;1,56293619439116;29,3;27,2;2,1;180;188;-8;0,75;0,714285714285714;0,714285714285714;0,75;-0,0357142857142857;7;4;5;3;2;1;1;2;-1;0;1;0
"672644";"2015-1536";"Madrid Masters";"Clay";"56";"Masters";39;43;"David Goffin";"R";180;"BEL";24,4;45;"Ernests Gulbis";"R";190;"LAT";26,6;"3-6 6-1 7-5";3;"R64";133;6;3;98;58;42;20;14;5;7;6;5;102;70;44;14;14;9;13;21;1705;20;1730;3;6;7;NA;NA;6;1;5;NA;NA;2015-05-03;2015;"2015-1536:39";352;1;1,60768257722124;1,67807190511264;43;"David Goffin";45;"Ernests Gulbis";1,60768257722124;1,67807190511264;-0,0703893278913981;24,4;26,6;-2,2;180;190;-10;0,714285714285714;0,692307692307692;0,714285714285714;0,692307692307692;0,021978021978022;13;7;9;5;4;2;4;2;2;0;1;0
"672648";"2015-1536";"Madrid Masters";"Clay";"56";"Masters";43;69;"Gael Monfils";"R";193;"FRA";28,6;102;"Viktor Troicki";"R";193;"SRB";29,2;"6-2 6-0";3;"R64";60;1;0;49;37;26;8;7;3;3;3;1;42;30;16;2;7;1;6;15;2020;33;1155;6;6;NA;NA;NA;2;0;NA;NA;NA;2015-05-03;2015;"2015-1536:43";353;1;2,09310940439148;0,955605880641547;69;"Gael Monfils";102;"Viktor Troicki";2,09310940439148;0,955605880641547;1,13750352374993;28,6;29,2;-0,599999999999998;193;193;0;1;0,166666666666667;1;0,166666666666667;0,833333333333333;6;3;1;3;5;0;5;0;5;0;1;0
"672652";"2015-1536";"Madrid Masters";"Clay";"56";"Masters";47;50;"John Isner";"R";206;"USA";30;7;"Thomaz Bellucci";"L";188;"BRA";27,3;"7-6(5) 6-7(11) 6-1";3;"R32";132;23;2;108;77;61;20;16;1;1;13;4;108;68;54;21;15;3;5;18;1765;77;660;7;6;6;NA;NA;6;7;1;NA;NA;2015-05-03;2015;"2015-1536:47";354;0;1,83007499855769;-0,266786540694901;7;"Thomaz Bellucci";50;"John Isner";-0,266786540694901;1,83007499855769;-2,09686153925259;27,3;30;-2,7;188;206;-18;1;0,6;0,6;1;-0,4;5;1;3;1;2;0;0;2;-2;0;1;0
"672657";"2015-1536";"Madrid Masters";"Clay";"56";"Masters";52;26;"Grigor Dimitrov";"R";188;"BUL";23,9;35;"Fabio Fognini";"R";178;"ITA";27,9;"3-6 6-2 7-5";3;"R32";125;2;1;91;67;44;12;14;11;14;5;0;90;47;28;24;15;5;10;11;2985;31;1180;3;6;7;NA;NA;6;2;5;NA;NA;2015-05-03;2015;"2015-1536:52";355;1;2,5405683813627;1,04580368961313;26;"Grigor Dimitrov";35;"Fabio Fognini";2,5405683813627;1,04580368961313;1,49476469174958;23,9;27,9;-4;188;178;10;0,785714285714286;0,5;0,785714285714286;0,5;0,285714285714286;10;14;5;11;5;3;5;3;2;0;1;0
"672658";"2015-1536";"Madrid Masters";"Clay";"56";"Masters";53;107;"Stan Wawrinka";"R";183;"SUI";30;95;"Joao Sousa";"R";185;"POR";26;"7-6(1) 7-5";3;"R32";93;2;1;76;42;37;17;12;2;3;2;2;79;47;36;11;12;3;5;9;3495;56;852;7;7;NA;NA;NA;6;5;NA;NA;NA;2015-05-03;2015;"2015-1536:53";356;0;2,83007499855769;0,192645077942396;95;"Joao Sousa";107;"Stan Wawrinka";0,192645077942396;2,83007499855769;-2,63742992061529;26;30;-4;185;183;2;0,666666666666667;0,6;0,6;0,666666666666667;-0,0666666666666667;5;3;3;2;2;1;1;2;-1;0;1;0
"672659";"2015-1536";"Madrid Masters";"Clay";"56";"Masters";54;34;"David Ferrer";"R";175;"ESP";33;85;"Albert Ramos";"L";188;"ESP";27,2;"6-4 6-0";3;"R32";79;1;2;46;29;22;9;8;0;1;1;3;59;43;23;4;8;8;13;8;4490;65;730;6;6;NA;NA;NA;4;0;NA;NA;NA;2015-05-03;2015;"2015-1536:54";357;1;3;-0,0223678130284544;34;"David Ferrer";85;"Albert Ramos";3;-0,0223678130284544;3,02236781302845;33;27,2;5,8;175;188;-13;0;0,615384615384615;0;0,615384615384615;-0,615384615384615;13;1;8;0;5;1;5;1;4;0;1;0
"672660";"2015-1536";"Madrid Masters";"Clay";"56";"Masters";55;105;"Fernando Verdasco";"L";188;"ESP";31,4;16;"Marin Cilic";"R";198;"CRO";26,5;"6-7(5) 7-6(5) 6-3";3;"R32";147;5;4;103;72;52;17;16;2;5;8;4;111;63;46;25;17;2;7;38;1100;10;3405;6;7;6;NA;NA;7;6;3;NA;NA;2015-05-03;2015;"2015-1536:55";358;0;0,752072486556415;2,67807190511264;16;"Marin Cilic";105;"Fernando Verdasco";2,67807190511264;0,752072486556415;1,92599941855622;26,5;31,4;-4,9;198;188;10;0,4;0,285714285714286;0,285714285714286;0,4;-0,114285714285714;7;5;2;2;5;3;3;5;-2;0;1;0
"672661";"2015-1536";"Madrid Masters";"Clay";"56";"Masters";56;5;"Roberto Bautista Agut";"R";183;"ESP";27;84;"Sam Querrey";"R";198;"USA";27,5;"7-5 6-4";3;"R32";73;1;0;53;39;34;9;11;2;3;9;1;68;46;27;13;11;3;6;16;1985;39;1100;7;6;NA;NA;NA;5;4;NA;NA;NA;2015-05-03;2015;"2015-1536:56";359;1;2;0,714597781137751;5;"Roberto Bautista Agut";84;"Sam Querrey";2;0,714597781137751;1,28540221886225;27;27,5;-0,5;183;198;-15;0,666666666666667;0,5;0,666666666666667;0,5;0,166666666666667;6;3;3;2;3;1;3;1;2;0;1;0
"672662";"2015-1536";"Madrid Masters";"Clay";"56";"Masters";57;75;"Kei Nishikori";"R";178;"JPN";25,3;43;"David Goffin";"R";180;"BEL";24,4;"6-2 4-6 6-4";3;"R32";114;1;1;78;54;40;12;14;2;4;6;2;89;48;34;19;14;3;7;5;5280;21;1705;6;4;6;NA;NA;2;6;4;NA;NA;2015-05-03;2015;"2015-1536:57";360;0;3,67807190511264;1,60768257722124;43;"David Goffin";75;"Kei Nishikori";1,60768257722124;3,67807190511264;-2,0703893278914;24,4;25,3;-0,900000000000002;180;178;2;0,5;0,428571428571429;0,428571428571429;0,5;-0,0714285714285715;7;4;3;2;4;2;2;4;-2;0;1;0
"672665";"2015-1536";"Madrid Masters";"Clay";"56";"Masters";60;44;"Marcel Granollers";"R";190;"ESP";29;69;"Gael Monfils";"R";193;"FRA";28,6;"7-6(6) 6-7(7) 6-4";3;"R32";200;6;3;132;85;62;23;17;9;11;5;7;144;104;70;17;17;14;17;62;800;15;2020;7;6;6;NA;NA;6;7;4;NA;NA;2015-05-03;2015;"2015-1536:60";361;1;0,0458036896131251;2,09310940439148;44;"Marcel Granollers";69;"Gael Monfils";0,0458036896131251;2,09310940439148;-2,04730571477836;29;28,6;0,399999999999999;190;193;-3;0,818181818181818;0,823529411764706;0,818181818181818;0,823529411764706;-0,00534759358288761;17;11;14;9;3;2;3;2;1;0;1;0
"672666";"2015-1536";"Madrid Masters";"Clay";"56";"Masters";61;72;"Andy Murray";"R";190;"GBR";27,9;55;"Philipp Kohlschreiber";"R";178;"GER";31,5;"6-4 3-6 6-0";3;"R32";108;4;3;73;44;33;13;12;4;7;4;2;76;51;30;9;13;5;11;3;6220;24;1500;6;3;6;NA;NA;4;6;0;NA;NA;2015-05-03;2015;"2015-1536:61";362;0;4,41503749927884;1,41503749927884;55;"Philipp Kohlschreiber";72;"Andy Murray";1,41503749927884;4,41503749927884;-3;31,5;27,9;3,6;178;190;-12;0,571428571428571;0,454545454545455;0,454545454545455;0,571428571428571;-0,116883116883117;11;7;5;4;6;3;3;6;-3;0;1;0
"672670";"2015-1536";"Madrid Masters";"Clay";"56";"Masters";65;26;"Grigor Dimitrov";"R";188;"BUL";23,9;107;"Stan Wawrinka";"R";183;"SUI";30;"7-6(5) 3-6 6-3";3;"R16";119;4;2;102;75;59;9;15;10;12;7;2;83;50;43;18;15;3;5;11;2985;9;3495;7;3;6;NA;NA;6;6;3;NA;NA;2015-05-03;2015;"2015-1536:65";363;1;2,5405683813627;2,83007499855769;26;"Grigor Dimitrov";107;"Stan Wawrinka";2,5405683813627;2,83007499855769;-0,289506617194985;23,9;30;-6,1;188;183;5;0,833333333333333;0,6;0,833333333333333;0,6;0,233333333333333;5;12;3;10;2;2;2;2;0;0;1;0
"672672";"2015-1536";"Madrid Masters";"Clay";"56";"Masters";67;75;"Kei Nishikori";"R";178;"JPN";25,3;5;"Roberto Bautista Agut";"R";183;"ESP";27;"6-3 6-3";3;"R16";72;1;2;54;30;26;13;9;2;2;4;2;51;33;20;10;9;1;4;5;5280;16;1985;6;6;NA;NA;NA;3;3;NA;NA;NA;2015-05-03;2015;"2015-1536:67";364;0;3,67807190511264;2;5;"Roberto Bautista Agut";75;"Kei Nishikori";2;3,67807190511264;-1,67807190511264;27;25,3;1,7;183;178;5;1;0,25;0,25;1;-0,75;4;2;1;2;3;0;0;3;-3;0;1;0
"672674";"2015-1536";"Madrid Masters";"Clay";"56";"Masters";69;72;"Andy Murray";"R";190;"GBR";27,9;44;"Marcel Granollers";"R";190;"ESP";29;"6-2 6-0";3;"R16";65;1;3;46;34;27;6;7;1;1;1;0;36;21;10;3;7;1;6;3;6220;62;800;6;6;NA;NA;NA;2;0;NA;NA;NA;2015-05-03;2015;"2015-1536:69";365;0;4,41503749927884;0,0458036896131251;44;"Marcel Granollers";72;"Andy Murray";0,0458036896131251;4,41503749927884;-4,36923380966572;29;27,9;1,1;190;190;0;1;0,166666666666667;0,166666666666667;1;-0,833333333333333;6;1;1;1;5;0;0;5;-5;0;1;0
"672675";"2015-1536";"Madrid Masters";"Clay";"56";"Masters";70;8;"Tomas Berdych";"R";196;"CZE";29,6;50;"John Isner";"R";206;"USA";30;"3-6 7-6(7) 7-6(1)";3;"QF";130;11;1;91;50;43;29;16;0;1;29;0;104;80;63;13;17;4;4;7;4960;18;1765;3;7;7;NA;NA;6;6;6;NA;NA;2015-05-03;2015;"2015-1536:70";366;1;3,1926450779424;1,83007499855769;8;"Tomas Berdych";50;"John Isner";3,1926450779424;1,83007499855769;1,36257007938471;29,6;30;-0,399999999999999;196;206;-10;0;1;0;1;-1;4;1;4;0;0;1;0;1;-1;0;1;0
"672676";"2015-1536";"Madrid Masters";"Clay";"56";"Masters";71;74;"Rafael Nadal";"L";185;"ESP";28,9;26;"Grigor Dimitrov";"R";188;"BUL";23,9;"6-3 6-4";3;"QF";108;4;1;55;38;24;10;9;3;5;4;4;83;53;29;12;10;10;15;4;5390;11;2985;6;6;NA;NA;NA;3;4;NA;NA;NA;2015-05-03;2015;"2015-1536:71";367;0;4;2,5405683813627;26;"Grigor Dimitrov";74;"Rafael Nadal";2,5405683813627;4;-1,4594316186373;23,9;28,9;-5;188;185;3;0,6;0,666666666666667;0,666666666666667;0,6;0,0666666666666667;15;5;10;3;5;2;2;5;-3;0;1;0
"672677";"2015-1536";"Madrid Masters";"Clay";"56";"Masters";72;75;"Kei Nishikori";"R";178;"JPN";25,3;34;"David Ferrer";"R";175;"ESP";33;"6-4 6-2";3;"QF";73;3;1;51;30;23;9;9;3;5;1;4;49;32;16;8;9;1;6;5;5280;8;4490;6;6;NA;NA;NA;4;2;NA;NA;NA;2015-05-03;2015;"2015-1536:72";368;0;3,67807190511264;3;34;"David Ferrer";75;"Kei Nishikori";3;3,67807190511264;-0,678071905112638;33;25,3;7,7;175;178;-3;0,6;0,166666666666667;0,166666666666667;0,6;-0,433333333333333;6;5;1;3;5;2;2;5;-3;0;1;0
"672678";"2015-1536";"Madrid Masters";"Clay";"56";"Masters";73;72;"Andy Murray";"R";190;"GBR";27,9;86;"Milos Raonic";"R";196;"CAN";24,3;"6-4 7-5";3;"QF";101;2;0;68;51;40;9;11;5;5;8;4;66;39;32;11;11;4;6;3;6220;6;5070;6;7;NA;NA;NA;4;5;NA;NA;NA;2015-05-03;2015;"2015-1536:73";369;1;4,41503749927884;3,41503749927884;72;"Andy Murray";86;"Milos Raonic";4,41503749927884;3,41503749927884;1;27,9;24,3;3,6;190;196;-6;1;0,666666666666667;1;0,666666666666667;0,333333333333333;6;5;4;5;2;0;2;0;2;0;1;0
"672679";"2015-1536";"Madrid Masters";"Clay";"56";"Masters";74;74;"Rafael Nadal";"L";185;"ESP";28,9;8;"Tomas Berdych";"R";196;"CZE";29,6;"7-6(3) 6-1";3;"SF";104;2;0;55;37;32;13;10;0;0;8;5;73;33;23;21;9;7;9;4;5390;7;4960;7;6;NA;NA;NA;6;1;NA;NA;NA;2015-05-03;2015;"2015-1536:74";370;0;4;3,1926450779424;8;"Tomas Berdych";74;"Rafael Nadal";3,1926450779424;4;-0,807354922057604;29,6;28,9;0,700000000000003;196;185;11;1,5;0,777777777777778;0,777777777777778;1,5;-0,722222222222222;9;0;7;0;2;0;0;2;-2;0;1;0
"672680";"2015-1536";"Madrid Masters";"Clay";"56";"Masters";75;72;"Andy Murray";"R";190;"GBR";27,9;75;"Kei Nishikori";"R";178;"JPN";25,3;"6-3 6-4";3;"SF";98;4;2;58;34;27;13;9;2;3;1;1;71;46;27;11;10;4;8;3;6220;5;5280;6;6;NA;NA;NA;3;4;NA;NA;NA;2015-05-03;2015;"2015-1536:75";371;1;4,41503749927884;3,67807190511264;72;"Andy Murray";75;"Kei Nishikori";4,41503749927884;3,67807190511264;0,736965594166206;27,9;25,3;2,6;190;178;12;0,666666666666667;0,5;0,666666666666667;0,5;0,166666666666667;8;3;4;2;4;1;4;1;3;0;1;0
"672681";"2015-1536";"Madrid Masters";"Clay";"56";"Masters";76;72;"Andy Murray";"R";190;"GBR";27,9;74;"Rafael Nadal";"L";185;"ESP";28,9;"6-3 6-2";3;"F";89;3;1;52;31;21;17;9;3;3;1;1;47;34;23;6;8;3;6;3;6220;4;5390;6;6;NA;NA;NA;3;2;NA;NA;NA;2015-05-03;2015;"2015-1536:76";372;1;4,41503749927884;4;72;"Andy Murray";74;"Rafael Nadal";4,41503749927884;4;0,415037499278844;27,9;28,9;-1;190;185;5;1;0,5;1;0,5;0,5;6;3;3;3;3;0;3;0;3;0;1;0
"673302";"2015-416";"Rome Masters";"Clay";"56";"Masters";1;18;"Borna Coric";"R";188;"CRO";18,4;13;"Salvatore Caruso";"R";185;"ITA";22,4;"4-6 6-2 7-6(5)";3;"Q1";175;6;4;98;55;40;20;15;2;6;3;3;121;79;44;24;15;9;14;53;881;394;112;4;6;7;NA;NA;6;2;6;NA;NA;2015-05-10;2015;"2015-416:1";373;0;0,272079545436801;-2,62205181945638;13;"Salvatore Caruso";18;"Borna Coric";-2,62205181945638;0,272079545436801;-2,89413136489318;22,4;18,4;4;185;188;-3;0,333333333333333;0,642857142857143;0,642857142857143;0,333333333333333;0,30952380952381;14;6;9;2;5;4;4;5;-1;0;1;0
"673303";"2015-416";"Rome Masters";"Clay";"56";"Masters";2;58;"Dusan Lajovic";"R";180;"SRB";24,8;14;"Marco Cecchinato";"R";185;"ITA";22,6;"7-6(3) 6-2";3;"Q1";80;5;1;59;45;38;7;10;0;0;1;0;74;45;28;17;10;6;8;75;666;126;437;7;6;NA;NA;NA;6;2;NA;NA;NA;2015-05-10;2015;"2015-416:2";374;0;-0,22881869049588;-0,977279923499917;14;"Marco Cecchinato";58;"Dusan Lajovic";-0,977279923499917;-0,22881869049588;-0,748461233004036;22,6;24,8;-2,2;185;180;5;1,5;0,75;0,75;1,5;-0,75;8;0;6;0;2;0;0;2;-2;0;1;0
"673308";"2015-416";"Rome Masters";"Clay";"56";"Masters";7;87;"Andrey Rublev";"R";188;"RUS";17,5;12;"Pablo Carreno Busta";"R";188;"ESP";23,8;"6-4 6-7(6) 6-3";3;"Q1";119;6;3;102;59;41;27;16;3;5;11;5;93;55;40;18;15;5;9;254;194;59;840;6;6;6;NA;NA;4;7;3;NA;NA;2015-05-10;2015;"2015-416:7";375;0;-1,98868468677217;0,117356950638158;12;"Pablo Carreno Busta";87;"Andrey Rublev";0,117356950638158;-1,98868468677217;2,10604163741032;23,8;17,5;6,3;188;188;0;0,6;0,555555555555556;0,555555555555556;0,6;-0,0444444444444444;9;5;5;3;4;2;2;4;-2;0;1;0
"673316";"2015-416";"Rome Masters";"Clay";"56";"Masters";15;58;"Dusan Lajovic";"R";180;"SRB";24,8;18;"Borna Coric";"R";188;"CRO";18,4;"6-1 6-4";3;"Q2";75;4;2;47;26;20;17;9;0;0;3;1;58;41;25;7;8;6;9;75;666;53;881;6;6;NA;NA;NA;1;4;NA;NA;NA;2015-05-10;2015;"2015-416:15";376;0;-0,22881869049588;0,272079545436801;18;"Borna Coric";58;"Dusan Lajovic";0,272079545436801;-0,22881869049588;0,500898235932682;18,4;24,8;-6,4;188;180;8;1,5;0,666666666666667;0,666666666666667;1,5;-0,833333333333333;9;0;6;0;3;0;0;3;-3;0;1;0
"673318";"2015-416";"Rome Masters";"Clay";"56";"Masters";17;89;"Diego Schwartzman";"R";170;"ARG";22,7;79;"Benoit Paire";"R";196;"FRA";26;"7-5 4-6 6-2";3;"Q2";107;0;4;105;77;46;12;15;13;18;3;5;89;52;34;14;15;10;17;62;765;72;682;7;4;6;NA;NA;5;6;2;NA;NA;2015-05-10;2015;"2015-416:17";377;0;0,0458036896131251;-0,169925001442312;79;"Benoit Paire";89;"Diego Schwartzman";-0,169925001442312;0,0458036896131251;-0,215728691055437;26;22,7;3,3;196;170;26;0,722222222222222;0,588235294117647;0,588235294117647;0,722222222222222;-0,133986928104575;17;18;10;13;7;5;5;7;-2;0;1;0
"673319";"2015-416";"Rome Masters";"Clay";"56";"Masters";18;32;"Thomas Fabbiano";"R";173;"ITA";25,9;87;"Andrey Rublev";"R";188;"RUS";17,5;"7-6(3) 6-3";3;"Q2";104;5;3;84;57;43;12;11;6;7;2;6;78;49;29;14;10;8;10;199;240;254;194;7;6;NA;NA;NA;6;3;NA;NA;NA;2015-05-10;2015;"2015-416:18";378;1;-1,63662462054365;-1,98868468677217;32;"Thomas Fabbiano";87;"Andrey Rublev";-1,63662462054365;-1,98868468677217;0,352060066228517;25,9;17,5;8,4;173;188;-15;0,857142857142857;0,8;0,857142857142857;0,8;0,057142857142857;10;7;8;6;2;1;2;1;1;0;1;0
"673322";"2015-416";"Rome Masters";"Clay";"56";"Masters";21;29;"Alexandr Dolgopolov";"R";180;"UKR";26,5;24;"Federico Delbonis";"L";190;"ARG";24,5;"6-3 6-4";3;"Q2";65;6;2;50;30;25;13;10;3;4;0;4;50;32;21;9;9;0;3;80;645;73;681;6;6;NA;NA;NA;3;4;NA;NA;NA;2015-05-10;2015;"2015-416:21";379;0;-0,321928094887363;-0,189824558880018;24;"Federico Delbonis";29;"Alexandr Dolgopolov";-0,189824558880018;-0,321928094887363;0,132103536007345;24,5;26,5;-2;190;180;10;0,75;0;0;0,75;-0,75;3;4;0;3;3;1;1;3;-2;0;1;0
"673325";"2015-416";"Rome Masters";"Clay";"56";"Masters";24;5;"Roberto Bautista Agut";"R";183;"ESP";27;44;"Marcel Granollers";"R";190;"ESP";29;"6-1 6-3";3;"R64";76;3;1;51;35;29;7;8;4;4;1;0;53;33;18;9;8;2;6;19;1715;54;880;6;6;NA;NA;NA;1;3;NA;NA;NA;2015-05-10;2015;"2015-416:24";380;1;1,75207248655641;0,245112497836532;5;"Roberto Bautista Agut";44;"Marcel Granollers";1,75207248655641;0,245112497836532;1,50695998871988;27;29;-2;183;190;-7;1;0,333333333333333;1;0,333333333333333;0,666666666666667;6;4;2;4;4;0;4;0;4;0;1;0
"673327";"2015-416";"Rome Masters";"Clay";"56";"Masters";26;102;"Viktor Troicki";"R";193;"SRB";29,2;100;"Bernard Tomic";"R";193;"AUS";22,5;"7-6(3) 6-7(4) 7-6(4)";3;"R64";166;12;0;105;68;56;21;18;1;4;5;5;155;95;61;34;18;12;15;34;1147;27;1355;7;6;7;NA;NA;6;7;6;NA;NA;2015-05-10;2015;"2015-416:26";381;0;0,912537158749661;1,24511249783653;100;"Bernard Tomic";102;"Viktor Troicki";1,24511249783653;0,912537158749661;0,332575339086871;22,5;29,2;-6,7;193;193;0;0,25;0,8;0,8;0,25;0,55;15;4;12;1;3;3;3;3;0;0;1;0
"673332";"2015-416";"Rome Masters";"Clay";"56";"Masters";31;38;"Guillermo Garcia Lopez";"R";188;"ESP";31,9;16;"Marin Cilic";"R";198;"CRO";26,6;"6-4 6-3";3;"R64";105;9;2;63;43;34;10;9;5;5;7;7;93;59;40;12;10;11;14;28;1290;10;3360;6;6;NA;NA;NA;4;3;NA;NA;NA;2015-05-10;2015;"2015-416:31";382;0;1,1926450779424;2,67807190511264;16;"Marin Cilic";38;"Guillermo Garcia Lopez";2,67807190511264;1,1926450779424;1,48542682717024;26,6;31,9;-5,3;198;188;10;1;0,785714285714286;0,785714285714286;1;-0,214285714285714;14;5;11;5;3;0;0;3;-3;0;1;0
"673334";"2015-416";"Rome Masters";"Clay";"56";"Masters";33;40;"Richard Gasquet";"R";185;"FRA";28,8;32;"Thomas Fabbiano";"R";173;"ITA";25,9;"6-1 7-6(0)";3;"R64";87;4;0;57;32;26;18;10;0;1;2;2;63;37;24;10;9;4;7;21;1580;199;240;6;7;NA;NA;NA;1;6;NA;NA;NA;2015-05-10;2015;"2015-416:33";383;0;1,60768257722124;-1,63662462054365;32;"Thomas Fabbiano";40;"Richard Gasquet";-1,63662462054365;1,60768257722124;-3,24430719776489;25,9;28,8;-2,9;173;185;-12;0;0,571428571428571;0,571428571428571;0;0,571428571428571;7;1;4;0;3;1;1;3;-2;0;1;0
"673335";"2015-416";"Rome Masters";"Clay";"56";"Masters";34;68;"Juan Monaco";"R";185;"ARG";31,1;58;"Dusan Lajovic";"R";180;"SRB";24,8;"6-3 6-7(5) 6-2";3;"R64";140;1;0;109;79;51;21;15;6;8;0;0;90;60;40;15;14;5;10;36;1135;75;666;6;6;6;NA;NA;3;7;2;NA;NA;2015-05-10;2015;"2015-416:34";384;0;0,830074998557688;-0,22881869049588;58;"Dusan Lajovic";68;"Juan Monaco";-0,22881869049588;0,830074998557688;-1,05889368905357;24,8;31,1;-6,3;180;185;-5;0,75;0,5;0,5;0,75;-0,25;10;8;5;6;5;2;2;5;-3;0;1;0
"673338";"2015-416";"Rome Masters";"Clay";"56";"Masters";37;50;"John Isner";"R";206;"USA";30;95;"Joao Sousa";"R";185;"POR";26,1;"7-5 6-3";3;"R64";71;13;1;61;45;35;10;11;1;1;2;3;50;23;17;18;10;0;2;17;1855;51;903;7;6;NA;NA;NA;5;3;NA;NA;NA;2015-05-10;2015;"2015-416:37";385;1;1,91253715874966;0,327574658028505;50;"John Isner";95;"Joao Sousa";1,91253715874966;0,327574658028505;1,58496250072116;30;26,1;3,9;206;185;21;1;0;1;0;1;2;1;0;1;2;0;2;0;2;0;1;0
"673348";"2015-416";"Rome Masters";"Clay";"56";"Masters";47;7;"Thomaz Bellucci";"L";188;"BRA";27,3;5;"Roberto Bautista Agut";"R";183;"ESP";27;"1-6 6-1 6-4";3;"R32";98;6;0;71;40;31;17;12;3;5;2;1;66;39;24;19;12;2;5;68;714;19;1715;1;6;6;NA;NA;6;1;4;NA;NA;2015-05-10;2015;"2015-416:47";386;0;-0,0874628412503391;1,75207248655641;5;"Roberto Bautista Agut";7;"Thomaz Bellucci";1,75207248655641;-0,0874628412503391;1,83953532780675;27;27,3;-0,300000000000001;183;188;-5;0,6;0,4;0,4;0,6;-0,2;5;5;2;3;3;2;2;3;-1;0;1;0
"673351";"2015-416";"Rome Masters";"Clay";"56";"Masters";50;72;"Andy Murray";"R";190;"GBR";27,9;15;"Jeremy Chardy";"R";188;"FRA";28,2;"6-4 6-3";3;"R32";85;6;0;50;36;28;9;9;2;2;1;2;54;40;28;6;10;2;5;3;7130;38;1120;6;6;NA;NA;NA;4;3;NA;NA;NA;2015-05-10;2015;"2015-416:50";387;0;4,41503749927884;0,752072486556415;15;"Jeremy Chardy";72;"Andy Murray";0,752072486556415;4,41503749927884;-3,66296501272243;28,2;27,9;0,300000000000001;188;190;-2;1;0,4;0,4;1;-0,6;5;2;2;2;3;0;0;3;-3;0;1;0
"673352";"2015-416";"Rome Masters";"Clay";"56";"Masters";51;43;"David Goffin";"R";180;"BEL";24,4;104;"Jo-Wilfried Tsonga";"R";188;"FRA";30;"6-2 4-6 7-5";3;"R32";151;1;2;106;54;34;30;15;8;11;6;2;104;63;44;17;15;10;15;20;1705;14;2090;6;4;7;NA;NA;2;6;5;NA;NA;2015-05-10;2015;"2015-416:51";388;1;1,67807190511264;2,1926450779424;43;"David Goffin";104;"Jo-Wilfried Tsonga";1,67807190511264;2,1926450779424;-0,514573172829758;24,4;30;-5,6;180;188;-8;0,727272727272727;0,666666666666667;0,727272727272727;0,666666666666667;0,0606060606060607;15;11;10;8;5;3;5;3;2;0;1;0
"673355";"2015-416";"Rome Masters";"Clay";"56";"Masters";54;107;"Stan Wawrinka";"R";183;"SUI";30,1;68;"Juan Monaco";"R";185;"ARG";31,1;"4-6 6-3 6-2";3;"R32";133;7;1;102;56;40;18;14;8;12;1;2;81;56;30;11;13;4;10;9;3575;36;1135;4;6;6;NA;NA;6;3;2;NA;NA;2015-05-10;2015;"2015-416:54";389;0;2,83007499855769;0,830074998557688;68;"Juan Monaco";107;"Stan Wawrinka";0,830074998557688;2,83007499855769;-2;31,1;30,1;1;185;183;2;0,666666666666667;0,4;0,4;0,666666666666667;-0,266666666666667;10;12;4;8;6;4;4;6;-2;0;1;0
"673357";"2015-416";"Rome Masters";"Clay";"56";"Masters";56;50;"John Isner";"R";206;"USA";30;65;"Leonardo Mayer";"R";188;"ARG";27,9;"7-6(6) 6-4";3;"R32";94;11;2;62;41;35;16;11;0;0;4;2;72;49;40;13;11;3;4;17;1855;25;1442;7;6;NA;NA;NA;6;4;NA;NA;NA;2015-05-10;2015;"2015-416:56";390;1;1,91253715874966;1,35614381022528;50;"John Isner";65;"Leonardo Mayer";1,91253715874966;1,35614381022528;0,556393348524385;30;27,9;2,1;206;188;18;1,5;0,75;1,5;0,75;0,75;4;0;3;0;1;0;1;0;1;0;1;0
"673360";"2015-416";"Rome Masters";"Clay";"56";"Masters";59;35;"Fabio Fognini";"R";178;"ITA";27,9;26;"Grigor Dimitrov";"R";188;"BUL";23,9;"7-6(9) 4-6 6-0";3;"R32";138;5;4;100;64;44;20;14;7;10;3;1;95;64;46;11;14;5;10;31;1215;11;3075;7;4;6;NA;NA;6;6;0;NA;NA;2015-05-10;2015;"2015-416:59";391;0;1,04580368961313;2,5405683813627;26;"Grigor Dimitrov";35;"Fabio Fognini";2,5405683813627;1,04580368961313;1,49476469174958;23,9;27,9;-4;188;178;10;0,7;0,5;0,5;0,7;-0,2;10;10;5;7;5;3;3;5;-2;0;1;0
"673363";"2015-416";"Rome Masters";"Clay";"56";"Masters";62;28;"Novak Djokovic";"R";188;"SRB";27,9;7;"Thomaz Bellucci";"L";188;"BRA";27,3;"5-7 6-2 6-3";3;"R16";120;2;0;73;51;42;12;15;0;2;6;3;94;60;39;17;14;8;12;1;13845;68;714;5;6;6;NA;NA;7;2;3;NA;NA;2015-05-10;2015;"2015-416:62";392;0;6;-0,0874628412503391;7;"Thomaz Bellucci";28;"Novak Djokovic";-0,0874628412503391;6;-6,08746284125034;27,3;27,9;-0,599999999999998;188;188;0;0;0,666666666666667;0,666666666666667;0;0,666666666666667;12;2;8;0;4;2;2;4;-2;0;1;0
"673364";"2015-416";"Rome Masters";"Clay";"56";"Masters";63;75;"Kei Nishikori";"R";178;"JPN";25,3;102;"Viktor Troicki";"R";193;"SRB";29,2;"6-4 6-3";3;"R16";89;1;2;70;38;29;15;10;2;4;3;1;61;39;21;10;9;8;12;6;5040;34;1147;6;6;NA;NA;NA;4;3;NA;NA;NA;2015-05-10;2015;"2015-416:63";393;1;3,41503749927884;0,912537158749661;75;"Kei Nishikori";102;"Viktor Troicki";3,41503749927884;0,912537158749661;2,50250034052918;25,3;29,2;-3,9;178;193;-15;0,5;0,666666666666667;0,5;0,666666666666667;-0,166666666666667;12;4;8;2;4;2;4;2;2;0;1;0
"673367";"2015-416";"Rome Masters";"Clay";"56";"Masters";66;107;"Stan Wawrinka";"R";183;"SUI";30,1;98;"Dominic Thiem";"R";185;"AUT";21,6;"7-6(3) 6-4";3;"R16";98;9;3;61;32;30;18;11;1;1;5;1;75;40;27;20;11;1;2;9;3575;49;915;7;6;NA;NA;NA;6;4;NA;NA;NA;2015-05-10;2015;"2015-416:66";394;0;2,83007499855769;0,385290155884792;98;"Dominic Thiem";107;"Stan Wawrinka";0,385290155884792;2,83007499855769;-2,4447848426729;21,6;30,1;-8,5;185;183;2;1;0,5;0,5;1;-0,5;2;1;1;1;1;0;0;1;-1;0;1;0
"673368";"2015-416";"Rome Masters";"Clay";"56";"Masters";67;74;"Rafael Nadal";"L";185;"ESP";28,9;50;"John Isner";"R";206;"USA";30;"6-4 6-4";3;"R16";80;3;3;51;39;35;5;10;0;0;7;2;56;39;32;5;10;4;6;7;4990;17;1855;6;6;NA;NA;NA;4;4;NA;NA;NA;2015-05-10;2015;"2015-416:67";395;0;3,1926450779424;1,91253715874966;50;"John Isner";74;"Rafael Nadal";1,91253715874966;3,1926450779424;-1,28010791919273;30;28,9;1,1;206;185;21;1,5;0,666666666666667;0,666666666666667;1,5;-0,833333333333333;6;0;4;0;2;0;0;2;-2;0;1;0
"673369";"2015-416";"Rome Masters";"Clay";"56";"Masters";68;8;"Tomas Berdych";"R";196;"CZE";29,6;35;"Fabio Fognini";"R";178;"ITA";27,9;"6-3 3-6 7-6(2)";3;"R16";155;10;4;110;56;39;31;15;8;10;6;1;86;48;39;20;15;2;4;5;5140;31;1215;6;3;7;NA;NA;3;6;6;NA;NA;2015-05-10;2015;"2015-416:68";396;1;3,67807190511264;1,04580368961313;8;"Tomas Berdych";35;"Fabio Fognini";3,67807190511264;1,04580368961313;2,63226821549951;29,6;27,9;1,7;196;178;18;0,8;0,5;0,8;0,5;0,3;4;10;2;8;2;2;2;2;0;0;1;0
"673371";"2015-416";"Rome Masters";"Clay";"56";"Masters";70;28;"Novak Djokovic";"R";188;"SRB";27,9;75;"Kei Nishikori";"R";178;"JPN";25,3;"6-3 3-6 6-1";3;"QF";108;3;2;72;49;41;11;13;2;3;6;2;76;46;28;18;12;3;6;1;13845;6;5040;6;3;6;NA;NA;3;6;1;NA;NA;2015-05-10;2015;"2015-416:70";397;1;6;3,41503749927884;28;"Novak Djokovic";75;"Kei Nishikori";6;3,41503749927884;2,58496250072116;27,9;25,3;2,6;188;178;10;0,666666666666667;0,5;0,666666666666667;0,5;0,166666666666667;6;3;3;2;3;1;3;1;2;0;1;0
"673372";"2015-416";"Rome Masters";"Clay";"56";"Masters";71;34;"David Ferrer";"R";175;"ESP";33,1;43;"David Goffin";"R";180;"BEL";24,4;"6-2 4-6 6-3";3;"QF";129;6;3;75;46;33;16;14;2;5;2;3;102;62;41;15;13;12;17;8;4310;20;1705;6;4;6;NA;NA;2;6;3;NA;NA;2015-05-10;2015;"2015-416:71";398;1;3;1,67807190511264;34;"David Ferrer";43;"David Goffin";3;1,67807190511264;1,32192809488736;33,1;24,4;8,7;175;180;-5;0,4;0,705882352941177;0,4;0,705882352941177;-0,305882352941176;17;5;12;2;5;3;5;3;2;0;1;0
"673373";"2015-416";"Rome Masters";"Clay";"56";"Masters";72;107;"Stan Wawrinka";"R";183;"SUI";30,1;74;"Rafael Nadal";"L";185;"ESP";28,9;"7-6(7) 6-2";3;"QF";126;1;2;82;47;30;20;10;7;9;1;0;74;52;35;8;10;3;7;9;3575;7;4990;7;6;NA;NA;NA;6;2;NA;NA;NA;2015-05-10;2015;"2015-416:72";399;0;2,83007499855769;3,1926450779424;74;"Rafael Nadal";107;"Stan Wawrinka";3,1926450779424;2,83007499855769;0,362570079384708;28,9;30,1;-1,2;185;183;2;0,777777777777778;0,428571428571429;0,428571428571429;0,777777777777778;-0,349206349206349;7;9;3;7;4;2;2;4;-2;0;1;0
"673375";"2015-416";"Rome Masters";"Clay";"56";"Masters";74;28;"Novak Djokovic";"R";188;"SRB";27,9;34;"David Ferrer";"R";175;"ESP";33,1;"6-4 6-4";3;"SF";95;4;0;73;49;33;16;10;3;3;1;1;51;37;29;5;10;3;5;1;13845;8;4310;6;6;NA;NA;NA;4;4;NA;NA;NA;2015-05-10;2015;"2015-416:74";400;1;6;3;28;"Novak Djokovic";34;"David Ferrer";6;3;3;27,9;33,1;-5,2;188;175;13;1;0,6;1;0,6;0,4;5;3;3;3;2;0;2;0;2;0;1;0
"673376";"2015-416";"Rome Masters";"Clay";"56";"Masters";75;33;"Roger Federer";"R";185;"SUI";33,7;107;"Stan Wawrinka";"R";183;"SUI";30,1;"6-4 6-2";3;"SF";55;6;1;48;35;28;8;9;1;2;4;2;45;27;19;6;9;2;6;2;8645;9;3575;6;6;NA;NA;NA;4;2;NA;NA;NA;2015-05-10;2015;"2015-416:75";401;1;5;2,83007499855769;33;"Roger Federer";107;"Stan Wawrinka";5;2,83007499855769;2,16992500144231;33,7;30,1;3,6;185;183;2;0,5;0,333333333333333;0,5;0,333333333333333;0,166666666666667;6;2;2;1;4;1;4;1;3;0;1;0
"673377";"2015-416";"Rome Masters";"Clay";"56";"Masters";76;28;"Novak Djokovic";"R";188;"SRB";27,9;33;"Roger Federer";"R";185;"SUI";33,7;"6-4 6-3";3;"F";76;5;1;53;38;32;10;10;1;1;7;1;62;39;30;8;9;3;5;1;13845;2;8645;6;6;NA;NA;NA;4;3;NA;NA;NA;2015-05-10;2015;"2015-416:76";402;1;6;5;28;"Novak Djokovic";33;"Roger Federer";6;5;1;27,9;33,7;-5,8;188;185;3;1;0,6;1;0,6;0,4;5;1;3;1;2;0;2;0;2;0;1;0
"702289";"2016-0410";"Monte Carlo Masters";"Clay";"64";"Masters";2;20;"Taro Daniel";"R";191;"JPN";23,2;53;"Karen Khachanov";"R";198;"RUS";19,8;"6-2 6-4";3;"Q1";73;1;3;49;30;21;8;9;3;6;4;4;56;30;16;9;9;6;12;90;619;136;426;6;6;NA;NA;NA;2;4;NA;NA;NA;2016-04-11;2016;"2016-0410:2";403;1;-0,491853096329675;-1,08746284125034;20;"Taro Daniel";53;"Karen Khachanov";-0,491853096329675;-1,08746284125034;0,595609744920664;23,2;19,8;3,4;191;198;-7;0,5;0,5;0,5;0,5;0;12;6;6;3;6;3;6;3;3;0;1;0
"702292";"2016-0410";"Monte Carlo Masters";"Clay";"64";"Masters";5;32;"Thomas Fabbiano";"R";173;"ITA";26,8;106;"Filippo Volandri";"R";183;"ITA";34,5;"6-4 6-4";3;"Q1";86;3;2;70;52;32;4;10;5;10;0;2;68;56;24;6;10;3;10;106;541;205;253;6;6;NA;NA;NA;4;4;NA;NA;NA;2016-04-11;2016;"2016-0410:5";404;1;-0,727920454563199;-1,67948009950545;32;"Thomas Fabbiano";106;"Filippo Volandri";-0,727920454563199;-1,67948009950545;0,951559644942248;26,8;34,5;-7,7;173;183;-10;0,5;0,3;0,5;0,3;0,2;10;10;3;5;7;5;7;5;2;0;1;0
"702301";"2016-0410";"Monte Carlo Masters";"Clay";"64";"Masters";14;44;"Marcel Granollers";"R";190;"ESP";29,9;66;"Daniil Medvedev";"R";198;"RUS";20,1;"6-4 6-4";3;"Q1";79;1;0;62;47;31;10;10;3;5;3;3;67;42;27;10;10;2;6;67;745;244;214;6;6;NA;NA;NA;4;4;NA;NA;NA;2016-04-11;2016;"2016-0410:14";405;1;-0,0660891904577721;-1,93073733756289;44;"Marcel Granollers";66;"Daniil Medvedev";-0,0660891904577721;-1,93073733756289;1,86464814710511;29,9;20,1;9,8;190;198;-8;0,6;0,333333333333333;0,6;0,333333333333333;0,266666666666667;6;5;2;3;4;2;4;2;2;0;1;0
"702303";"2016-0410";"Monte Carlo Masters";"Clay";"64";"Masters";16;56;"Filip Krajinovic";"R";185;"SRB";24,1;41;"Santiago Giraldo";"R";188;"COL";28,3;"6-4 7-6(2)";3;"Q2";91;8;0;60;47;33;7;11;1;4;1;1;72;40;29;13;11;4;8;110;534;91;608;6;7;NA;NA;NA;4;6;NA;NA;NA;2016-04-11;2016;"2016-0410:16";406;0;-0,78135971352466;-0,507794640198696;41;"Santiago Giraldo";56;"Filip Krajinovic";-0,507794640198696;-0,78135971352466;0,273565073325964;28,3;24,1;4,2;188;185;3;0,25;0,5;0,5;0,25;0,25;8;4;4;1;4;3;3;4;-1;0;1;0
"702306";"2016-0410";"Monte Carlo Masters";"Clay";"64";"Masters";19;47;"Pierre Hugues Herbert";"R";188;"FRA";25;108;"Mikhail Youzhny";"R";183;"RUS";33,7;"2-6 7-6(6) 6-4";3;"Q2";137;13;8;105;50;41;26;15;5;8;3;3;90;48;35;27;15;4;6;95;590;77;695;2;7;6;NA;NA;6;6;4;NA;NA;2016-04-11;2016;"2016-0410:19";407;1;-0,569855608330948;-0,266786540694901;47;"Pierre Hugues Herbert";108;"Mikhail Youzhny";-0,569855608330948;-0,266786540694901;-0,303069067636047;25;33,7;-8,7;188;183;5;0,625;0,666666666666667;0,625;0,666666666666667;-0,0416666666666666;6;8;4;5;2;3;2;3;-1;0;1;0
"702309";"2016-0410";"Monte Carlo Masters";"Clay";"64";"Masters";22;47;"Pierre Hugues Herbert";"R";188;"FRA";25;81;"Guido Pella";"L";185;"ARG";25,9;"6-3 6-4";3;"R64";68;7;2;69;38;34;10;10;8;9;2;2;49;34;21;9;9;0;3;95;590;47;968;6;6;NA;NA;NA;3;4;NA;NA;NA;2016-04-11;2016;"2016-0410:22";408;1;-0,569855608330948;0,445411148322362;47;"Pierre Hugues Herbert";81;"Guido Pella";-0,569855608330948;0,445411148322362;-1,01526675665331;25;25,9;-0,899999999999999;188;185;3;0,888888888888889;0;0,888888888888889;0;0,888888888888889;3;9;0;8;3;1;3;1;2;0;1;0
"702312";"2016-0410";"Monte Carlo Masters";"Clay";"64";"Masters";25;86;"Milos Raonic";"R";196;"CAN";25,2;14;"Marco Cecchinato";"R";185;"ITA";23,5;"6-3 7-5";3;"R64";81;13;3;66;39;32;18;11;3;3;3;0;55;35;23;14;10;4;6;12;2740;98;575;6;7;NA;NA;NA;3;5;NA;NA;NA;2016-04-11;2016;"2016-0410:25";409;0;2,41503749927884;-0,614709844115208;14;"Marco Cecchinato";86;"Milos Raonic";-0,614709844115208;2,41503749927884;-3,02974734339405;23,5;25,2;-1,7;185;196;-11;1;0,666666666666667;0,666666666666667;1;-0,333333333333333;6;3;4;3;2;0;0;2;-2;0;1;0
"702316";"2016-0410";"Monte Carlo Masters";"Clay";"64";"Masters";29;26;"Grigor Dimitrov";"R";188;"BUL";24,9;56;"Filip Krajinovic";"R";185;"SRB";24,1;"6-3 6-2";3;"R64";77;5;0;51;34;25;13;9;4;4;0;0;53;38;23;6;8;4;7;26;1430;110;534;6;6;NA;NA;NA;3;2;NA;NA;NA;2016-04-11;2016;"2016-0410:29";410;1;1,29956028185891;-0,78135971352466;26;"Grigor Dimitrov";56;"Filip Krajinovic";1,29956028185891;-0,78135971352466;2,08091999538357;24,9;24,1;0,799999999999997;188;185;3;1;0,571428571428571;1;0,571428571428571;0,428571428571429;7;4;4;4;3;0;3;0;3;0;1;0
"702318";"2016-0410";"Monte Carlo Masters";"Clay";"64";"Masters";31;98;"Dominic Thiem";"R";185;"AUT";22,6;97;"Jan Lennard Struff";"R";193;"GER";25,9;"1-6 6-3 6-4";3;"R64";96;6;3;94;62;41;16;13;5;7;10;1;71;35;29;22;13;4;6;14;2420;115;528;1;6;6;NA;NA;6;3;4;NA;NA;2016-04-11;2016;"2016-0410:31";411;0;2,1926450779424;-0,845490050944375;97;"Jan Lennard Struff";98;"Dominic Thiem";-0,845490050944375;2,1926450779424;-3,03813512888677;25,9;22,6;3,3;193;185;8;0,714285714285714;0,666666666666667;0,666666666666667;0,714285714285714;-0,0476190476190477;6;7;4;5;2;2;2;2;0;0;1;0
"702319";"2016-0410";"Monte Carlo Masters";"Clay";"64";"Masters";32;20;"Taro Daniel";"R";191;"JPN";23,2;62;"Adrian Mannarino";"L";183;"FRA";27,7;"6-3 6-4";3;"R64";108;4;1;51;28;18;11;9;3;6;4;1;78;53;28;9;10;7;13;90;619;73;710;6;6;NA;NA;NA;3;4;NA;NA;NA;2016-04-11;2016;"2016-0410:32";412;1;-0,491853096329675;-0,189824558880018;20;"Taro Daniel";62;"Adrian Mannarino";-0,491853096329675;-0,189824558880018;-0,302028537449657;23,2;27,7;-4,5;191;183;8;0,5;0,538461538461538;0,5;0,538461538461538;-0,0384615384615384;13;6;7;3;6;3;6;3;3;0;1;0
"702322";"2016-0410";"Monte Carlo Masters";"Clay";"64";"Masters";35;83;"Lucas Pouille";"R";185;"FRA";22,1;61;"Nicolas Mahut";"R";190;"FRA";34,2;"7-6(1) 6-3";3;"R64";74;5;1;57;31;24;18;10;0;1;6;1;63;32;21;19;11;0;3;82;683;48;927;7;6;NA;NA;NA;6;3;NA;NA;NA;2016-04-11;2016;"2016-0410:35";413;0;-0,357552004618084;0,415037499278844;61;"Nicolas Mahut";83;"Lucas Pouille";0,415037499278844;-0,357552004618084;0,772589503896928;34,2;22,1;12,1;190;185;5;0;0;0;0;0;3;1;0;0;3;1;1;3;-2;0;1;0
"702324";"2016-0410";"Monte Carlo Masters";"Clay";"64";"Masters";37;5;"Roberto Bautista Agut";"R";183;"ESP";27,9;85;"Albert Ramos";"L";188;"ESP";28,2;"6-4 7-6(4)";3;"R64";117;2;1;64;39;27;12;11;1;4;0;3;80;59;34;9;11;9;13;17;2015;50;903;6;7;NA;NA;NA;4;6;NA;NA;NA;2016-04-11;2016;"2016-0410:37";414;1;1,91253715874966;0,356143810225276;5;"Roberto Bautista Agut";85;"Albert Ramos";1,91253715874966;0,356143810225276;1,55639334852439;27,9;28,2;-0,300000000000001;183;188;-5;0,25;0,692307692307692;0,25;0,692307692307692;-0,442307692307692;13;4;9;1;4;3;4;3;1;0;1;0
"702327";"2016-0410";"Monte Carlo Masters";"Clay";"64";"Masters";40;109;"Alexander Zverev";"R";198;"GER";18,9;87;"Andrey Rublev";"R";188;"RUS";18,4;"6-1 6-3";3;"R64";60;3;2;45;26;23;11;8;2;2;0;2;46;24;11;13;8;2;6;54;870;157;364;6;6;NA;NA;NA;1;3;NA;NA;NA;2016-04-11;2016;"2016-0410:40";415;0;0,245112497836532;-1,29462074889163;87;"Andrey Rublev";109;"Alexander Zverev";-1,29462074889163;0,245112497836532;-1,53973324672816;18,4;18,9;-0,5;188;198;-10;1;0,333333333333333;0,333333333333333;1;-0,666666666666667;6;2;2;2;4;0;0;4;-4;0;1;0
"702328";"2016-0410";"Monte Carlo Masters";"Clay";"64";"Masters";41;105;"Fernando Verdasco";"L";188;"ESP";32,4;24;"Federico Delbonis";"L";190;"ARG";25,5;"6-0 6-3";3;"R64";57;0;1;46;34;28;6;8;0;0;0;1;40;23;12;7;7;0;4;88;635;36;1150;6;6;NA;NA;NA;0;3;NA;NA;NA;2016-04-11;2016;"2016-0410:41";416;0;-0,459431618637297;0,830074998557688;24;"Federico Delbonis";105;"Fernando Verdasco";0,830074998557688;-0,459431618637297;1,28950661719499;25,5;32,4;-6,9;190;188;2;1,5;0;0;1,5;-1,5;4;0;0;0;4;0;0;4;-4;0;1;0
"702329";"2016-0410";"Monte Carlo Masters";"Clay";"64";"Masters";42;43;"David Goffin";"R";180;"BEL";25,3;60;"Feliciano Lopez";"L";188;"ESP";34,5;"7-5 6-0";3;"R64";70;2;3;44;28;23;10;9;1;2;2;2;56;35;20;6;9;5;10;13;2560;23;1585;7;6;NA;NA;NA;5;0;NA;NA;NA;2016-04-11;2016;"2016-0410:42";417;1;2,29956028185891;1,47643804394299;43;"David Goffin";60;"Feliciano Lopez";2,29956028185891;1,47643804394299;0,823122237915921;25,3;34,5;-9,2;180;188;-8;0,5;0,5;0,5;0,5;0;10;2;5;1;5;1;5;1;4;0;1;0
"702333";"2016-0410";"Monte Carlo Masters";"Clay";"64";"Masters";46;72;"Andy Murray";"R";190;"GBR";28,9;47;"Pierre Hugues Herbert";"R";188;"FRA";25;"6-2 4-6 6-3";3;"R32";126;5;4;101;60;40;17;14;4;8;4;1;73;34;24;16;13;4;10;2;7815;95;590;6;4;6;NA;NA;2;6;3;NA;NA;2016-04-11;2016;"2016-0410:46";418;0;5;-0,569855608330948;47;"Pierre Hugues Herbert";72;"Andy Murray";-0,569855608330948;5;-5,56985560833095;25;28,9;-3,9;188;190;-2;0,5;0,4;0,4;0,5;-0,1;10;8;4;4;6;4;4;6;-2;0;1;0
"702334";"2016-0410";"Monte Carlo Masters";"Clay";"64";"Masters";47;79;"Benoit Paire";"R";196;"FRA";26,9;95;"Joao Sousa";"R";185;"POR";27;"6-4 6-3";3;"R32";72;3;2;52;29;21;14;10;2;4;0;1;61;35;17;16;9;0;4;22;1596;34;1181;6;6;NA;NA;NA;4;3;NA;NA;NA;2016-04-11;2016;"2016-0410:47";419;1;1,5405683813627;0,912537158749661;79;"Benoit Paire";95;"Joao Sousa";1,5405683813627;0,912537158749661;0,628031222613042;26,9;27;-0,100000000000001;196;185;11;0,5;0;0,5;0;0,5;4;4;0;2;4;2;4;2;2;0;1;0
"702337";"2016-0410";"Monte Carlo Masters";"Clay";"64";"Masters";50;107;"Stan Wawrinka";"R";183;"SUI";31;55;"Philipp Kohlschreiber";"R";178;"GER";32,4;"7-6(2) 7-5";3;"R32";96;2;2;70;39;33;16;12;3;5;2;1;81;47;31;18;12;10;13;4;6370;28;1330;7;7;NA;NA;NA;6;5;NA;NA;NA;2016-04-11;2016;"2016-0410:50";420;0;4;1,1926450779424;55;"Philipp Kohlschreiber";107;"Stan Wawrinka";1,1926450779424;4;-2,8073549220576;32,4;31;1,4;178;183;-5;0,6;0,769230769230769;0,769230769230769;0,6;0,169230769230769;13;5;10;3;3;2;2;3;-1;0;1;0
"702338";"2016-0410";"Monte Carlo Masters";"Clay";"64";"Masters";51;92;"Gilles Simon";"R";183;"FRA";31,2;26;"Grigor Dimitrov";"R";188;"BUL";24,9;"6-4 6-3";3;"R32";87;1;0;56;38;27;13;10;1;2;2;5;52;31;19;11;9;1;4;18;1900;26;1430;6;6;NA;NA;NA;4;3;NA;NA;NA;2016-04-11;2016;"2016-0410:51";421;0;1,83007499855769;1,29956028185891;26;"Grigor Dimitrov";92;"Gilles Simon";1,29956028185891;1,83007499855769;-0,53051471669878;24,9;31,2;-6,3;188;183;5;0,5;0,25;0,25;0,5;-0,25;4;2;1;1;3;1;1;3;-2;0;1;0
"702339";"2016-0410";"Monte Carlo Masters";"Clay";"64";"Masters";52;98;"Dominic Thiem";"R";185;"AUT";22,6;20;"Taro Daniel";"R";191;"JPN";23,2;"4-6 6-2 6-0";3;"R32";103;6;4;72;43;31;16;12;2;4;2;4;67;44;28;9;12;4;10;14;2420;90;619;4;6;6;NA;NA;6;2;0;NA;NA;2016-04-11;2016;"2016-0410:52";422;0;2,1926450779424;-0,491853096329675;20;"Taro Daniel";98;"Dominic Thiem";-0,491853096329675;2,1926450779424;-2,68449817427207;23,2;22,6;0,599999999999998;191;185;6;0,5;0,4;0,4;0,5;-0,1;10;4;4;2;6;2;2;6;-4;0;1;0
"702340";"2016-0410";"Monte Carlo Masters";"Clay";"64";"Masters";53;74;"Rafael Nadal";"L";185;"ESP";29,8;6;"Aljaz Bedene";"R";181;"SLO";26,7;"6-3 6-3";3;"R32";79;2;2;53;36;24;9;9;3;5;1;3;48;25;14;8;9;2;7;5;4955;60;795;6;6;NA;NA;NA;3;3;NA;NA;NA;2016-04-11;2016;"2016-0410:53";423;0;3,67807190511264;0,0931094043914813;6;"Aljaz Bedene";74;"Rafael Nadal";0,0931094043914813;3,67807190511264;-3,58496250072116;26,7;29,8;-3,1;181;185;-4;0,6;0,285714285714286;0,285714285714286;0,6;-0,314285714285714;7;5;2;3;5;2;2;5;-3;0;1;0
"702341";"2016-0410";"Monte Carlo Masters";"Clay";"64";"Masters";54;104;"Jo-Wilfried Tsonga";"R";188;"FRA";30,9;12;"Pablo Carreno Busta";"R";188;"ESP";24,7;"7-6(1) 7-6(5)";3;"R32";122;10;2;93;47;38;22;12;7;9;3;1;77;52;37;13;12;2;4;9;3130;51;899;7;7;NA;NA;NA;6;6;NA;NA;NA;2016-04-11;2016;"2016-0410:54";424;0;2,83007499855769;0,327574658028505;12;"Pablo Carreno Busta";104;"Jo-Wilfried Tsonga";0,327574658028505;2,83007499855769;-2,50250034052918;24,7;30,9;-6,2;188;188;0;0,777777777777778;0,5;0,5;0,777777777777778;-0,277777777777778;4;9;2;7;2;2;2;2;0;0;1;0
"702342";"2016-0410";"Monte Carlo Masters";"Clay";"64";"Masters";55;83;"Lucas Pouille";"R";185;"FRA";22,1;40;"Richard Gasquet";"R";185;"FRA";29,8;"4-6 7-5 6-1";3;"R32";134;6;2;97;56;40;25;15;2;3;6;1;88;49;35;20;14;9;12;82;683;10;2840;4;7;6;NA;NA;6;5;1;NA;NA;2016-04-11;2016;"2016-0410:55";425;0;-0,357552004618084;2,67807190511264;40;"Richard Gasquet";83;"Lucas Pouille";2,67807190511264;-0,357552004618084;3,03562390973072;29,8;22,1;7,7;185;185;0;0,666666666666667;0,75;0,75;0,666666666666667;0,0833333333333334;12;3;9;2;3;1;1;3;-2;0;1;0
"702343";"2016-0410";"Monte Carlo Masters";"Clay";"64";"Masters";56;5;"Roberto Bautista Agut";"R";183;"ESP";27,9;15;"Jeremy Chardy";"R";188;"FRA";29,1;"6-3 5-7 7-5";3;"R32";174;7;2;125;83;53;23;17;14;18;6;4;123;74;46;23;16;16;21;17;2015;33;1220;6;5;7;NA;NA;3;7;5;NA;NA;2016-04-11;2016;"2016-0410:56";426;1;1,91253715874966;0,955605880641547;5;"Roberto Bautista Agut";15;"Jeremy Chardy";1,91253715874966;0,955605880641547;0,956931278108114;27,9;29,1;-1,2;183;188;-5;0,777777777777778;0,761904761904762;0,777777777777778;0,761904761904762;0,0158730158730159;21;18;16;14;5;4;5;4;1;0;1;0
"702345";"2016-0410";"Monte Carlo Masters";"Clay";"64";"Masters";58;44;"Marcel Granollers";"R";190;"ESP";29,9;109;"Alexander Zverev";"R";198;"GER";18,9;"6-4 4-6 6-3";3;"R32";147;0;1;83;49;29;19;15;1;6;1;4;90;41;26;21;14;6;12;67;745;54;870;6;4;6;NA;NA;4;6;3;NA;NA;2016-04-11;2016;"2016-0410:58";427;1;-0,0660891904577721;0,245112497836532;44;"Marcel Granollers";109;"Alexander Zverev";-0,0660891904577721;0,245112497836532;-0,311201688294304;29,9;18,9;11;190;198;-8;0,166666666666667;0,5;0,166666666666667;0,5;-0,333333333333333;12;6;6;1;6;5;6;5;1;0;1;0
"702346";"2016-0410";"Monte Carlo Masters";"Clay";"64";"Masters";59;43;"David Goffin";"R";180;"BEL";25,3;105;"Fernando Verdasco";"L";188;"ESP";32,4;"7-6(2) 2-6 7-6(1)";3;"R32";150;8;4;108;70;44;19;16;7;13;4;6;110;77;47;18;16;3;7;13;2560;88;635;7;2;7;NA;NA;6;6;6;NA;NA;2016-04-11;2016;"2016-0410:59";428;1;2,29956028185891;-0,459431618637297;43;"David Goffin";105;"Fernando Verdasco";2,29956028185891;-0,459431618637297;2,7589919004962;25,3;32,4;-7,1;180;188;-8;0,538461538461538;0,428571428571429;0,538461538461538;0,428571428571429;0,10989010989011;7;13;3;7;4;6;4;6;-2;0;1;0
"702349";"2016-0410";"Monte Carlo Masters";"Clay";"64";"Masters";62;72;"Andy Murray";"R";190;"GBR";28,9;79;"Benoit Paire";"R";196;"FRA";26,9;"2-6 7-5 7-5";3;"R16";152;0;4;113;65;41;25;16;9;14;8;7;106;54;32;29;16;4;9;2;7815;22;1596;2;7;7;NA;NA;6;5;5;NA;NA;2016-04-11;2016;"2016-0410:62";429;1;5;1,5405683813627;72;"Andy Murray";79;"Benoit Paire";5;1,5405683813627;3,4594316186373;28,9;26,9;2;190;196;-6;0,642857142857143;0,444444444444444;0,642857142857143;0,444444444444444;0,198412698412698;9;14;4;9;5;5;5;5;0;0;1;0
"702351";"2016-0410";"Monte Carlo Masters";"Clay";"64";"Masters";64;107;"Stan Wawrinka";"R";183;"SUI";31;92;"Gilles Simon";"R";183;"FRA";31,2;"6-1 6-2";3;"R16";82;2;0;58;30;19;15;8;7;8;1;2;56;28;16;10;7;4;9;4;6370;18;1900;6;6;NA;NA;NA;1;2;NA;NA;NA;2016-04-11;2016;"2016-0410:64";430;0;4;1,83007499855769;92;"Gilles Simon";107;"Stan Wawrinka";1,83007499855769;4;-2,16992500144231;31,2;31;0,199999999999999;183;183;0;0,875;0,444444444444444;0,444444444444444;0,875;-0,430555555555556;9;8;4;7;5;1;1;5;-4;0;1;0
"702352";"2016-0410";"Monte Carlo Masters";"Clay";"64";"Masters";65;74;"Rafael Nadal";"L";185;"ESP";29,8;98;"Dominic Thiem";"R";185;"AUT";22,6;"7-5 6-3";3;"R16";123;3;0;79;58;38;12;11;15;17;3;3;73;38;25;16;10;4;8;5;4955;14;2420;7;6;NA;NA;NA;5;3;NA;NA;NA;2016-04-11;2016;"2016-0410:65";431;1;3,67807190511264;2,1926450779424;74;"Rafael Nadal";98;"Dominic Thiem";3,67807190511264;2,1926450779424;1,48542682717024;29,8;22,6;7,2;185;185;0;0,88235294117647;0,5;0,88235294117647;0,5;0,382352941176471;8;17;4;15;4;2;4;2;2;0;1;0
"702353";"2016-0410";"Monte Carlo Masters";"Clay";"64";"Masters";66;104;"Jo-Wilfried Tsonga";"R";188;"FRA";30,9;83;"Lucas Pouille";"R";185;"FRA";22,1;"6-4 6-4";3;"R16";94;3;1;62;33;28;17;10;3;3;1;5;77;30;21;24;10;7;9;9;3130;82;683;6;6;NA;NA;NA;4;4;NA;NA;NA;2016-04-11;2016;"2016-0410:66";432;0;2,83007499855769;-0,357552004618084;83;"Lucas Pouille";104;"Jo-Wilfried Tsonga";-0,357552004618084;2,83007499855769;-3,18762700317577;22,1;30,9;-8,8;185;188;-3;1;0,777777777777778;0,777777777777778;1;-0,222222222222222;9;3;7;3;2;0;0;2;-2;0;1;0
"702354";"2016-0410";"Monte Carlo Masters";"Clay";"64";"Masters";67;33;"Roger Federer";"R";185;"SUI";34,6;5;"Roberto Bautista Agut";"R";183;"ESP";27,9;"6-2 6-4";3;"R16";68;5;2;52;33;26;12;9;3;3;2;2;64;47;24;11;9;3;6;3;7695;17;2015;6;6;NA;NA;NA;2;4;NA;NA;NA;2016-04-11;2016;"2016-0410:67";433;0;4,41503749927884;1,91253715874966;5;"Roberto Bautista Agut";33;"Roger Federer";1,91253715874966;4,41503749927884;-2,50250034052918;27,9;34,6;-6,7;183;185;-2;1;0,5;0,5;1;-0,5;6;3;3;3;3;0;0;3;-3;0;1;0
"702355";"2016-0410";"Monte Carlo Masters";"Clay";"64";"Masters";68;44;"Marcel Granollers";"R";190;"ESP";29,9;43;"David Goffin";"R";180;"BEL";25,3;"7-6(1) 6-4";3;"R16";114;6;0;77;50;32;12;11;6;9;0;4;68;30;21;16;11;4;8;67;745;13;2560;7;6;NA;NA;NA;6;4;NA;NA;NA;2016-04-11;2016;"2016-0410:68";434;0;-0,0660891904577721;2,29956028185891;43;"David Goffin";44;"Marcel Granollers";2,29956028185891;-0,0660891904577721;2,36564947231668;25,3;29,9;-4,6;180;190;-10;0,666666666666667;0,5;0,5;0,666666666666667;-0,166666666666667;8;9;4;6;4;3;3;4;-1;0;1;0
"702357";"2016-0410";"Monte Carlo Masters";"Clay";"64";"Masters";70;72;"Andy Murray";"R";190;"GBR";28,9;86;"Milos Raonic";"R";196;"CAN";25,2;"6-2 6-0";3;"QF";66;4;1;39;22;18;12;7;0;0;0;0;47;23;12;9;7;4;9;2;7815;12;2740;6;6;NA;NA;NA;2;0;NA;NA;NA;2016-04-11;2016;"2016-0410:70";435;1;5;2,41503749927884;72;"Andy Murray";86;"Milos Raonic";5;2,41503749927884;2,58496250072116;28,9;25,2;3,7;190;196;-6;1,5;0,444444444444444;1,5;0,444444444444444;1,05555555555556;9;0;4;0;5;0;5;0;5;0;1;0
"702358";"2016-0410";"Monte Carlo Masters";"Clay";"64";"Masters";71;74;"Rafael Nadal";"L";185;"ESP";29,8;107;"Stan Wawrinka";"R";183;"SUI";31;"6-1 6-4";3;"QF";77;2;1;45;26;22;11;9;0;1;3;1;51;26;18;7;8;5;9;5;4955;4;6370;6;6;NA;NA;NA;1;4;NA;NA;NA;2016-04-11;2016;"2016-0410:71";436;1;3,67807190511264;4;74;"Rafael Nadal";107;"Stan Wawrinka";3,67807190511264;4;-0,321928094887362;29,8;31;-1,2;185;183;2;0;0,555555555555556;0;0,555555555555556;-0,555555555555556;9;1;5;0;4;1;4;1;3;0;1;0
"702360";"2016-0410";"Monte Carlo Masters";"Clay";"64";"Masters";73;69;"Gael Monfils";"R";193;"FRA";29,6;44;"Marcel Granollers";"R";190;"ESP";29,9;"6-2 6-4";3;"QF";74;1;1;48;36;25;9;9;0;1;1;1;49;29;17;9;9;1;5;16;2220;67;745;6;6;NA;NA;NA;2;4;NA;NA;NA;2016-04-11;2016;"2016-0410:73";437;0;2;-0,0660891904577721;44;"Marcel Granollers";69;"Gael Monfils";-0,0660891904577721;2;-2,06608919045777;29,9;29,6;0,299999999999997;190;193;-3;0;0,2;0,2;0;0,2;5;1;1;0;4;1;1;4;-3;0;1;0
"702361";"2016-0410";"Monte Carlo Masters";"Clay";"64";"Masters";74;74;"Rafael Nadal";"L";185;"ESP";29,8;72;"Andy Murray";"R";190;"GBR";28,9;"2-6 6-4 6-2";3;"SF";163;2;2;90;67;43;13;13;8;11;4;2;87;44;30;19;13;6;10;5;4955;2;7815;2;6;6;NA;NA;6;4;2;NA;NA;2016-04-11;2016;"2016-0410:74";438;0;3,67807190511264;5;72;"Andy Murray";74;"Rafael Nadal";5;3,67807190511264;1,32192809488736;28,9;29,8;-0,900000000000002;190;185;5;0,727272727272727;0,6;0,6;0,727272727272727;-0,127272727272727;10;11;6;8;4;3;3;4;-1;0;1;0
"702362";"2016-0410";"Monte Carlo Masters";"Clay";"64";"Masters";75;69;"Gael Monfils";"R";193;"FRA";29,6;104;"Jo-Wilfried Tsonga";"R";188;"FRA";30,9;"6-1 6-3";3;"SF";69;3;1;49;40;27;2;8;1;3;2;2;57;37;17;8;8;5;11;16;2220;9;3130;6;6;NA;NA;NA;1;3;NA;NA;NA;2016-04-11;2016;"2016-0410:75";439;1;2;2,83007499855769;69;"Gael Monfils";104;"Jo-Wilfried Tsonga";2;2,83007499855769;-0,830074998557688;29,6;30,9;-1,3;193;188;5;0,333333333333333;0,454545454545455;0,333333333333333;0,454545454545455;-0,121212121212121;11;3;5;1;6;2;6;2;4;0;1;0
"702363";"2016-0410";"Monte Carlo Masters";"Clay";"64";"Masters";76;74;"Rafael Nadal";"L";185;"ESP";29,8;69;"Gael Monfils";"R";193;"FRA";29,6;"7-5 5-7 6-0";3;"F";166;1;4;95;67;47;8;15;8;13;4;7;98;63;33;14;15;13;21;5;4955;16;2220;7;5;6;NA;NA;5;7;0;NA;NA;2016-04-11;2016;"2016-0410:76";440;0;3,67807190511264;2;69;"Gael Monfils";74;"Rafael Nadal";2;3,67807190511264;-1,67807190511264;29,6;29,8;-0,199999999999999;193;185;8;0,615384615384615;0,619047619047619;0,619047619047619;0,615384615384615;0,00366300366300365;21;13;13;8;8;5;5;8;-3;0;1;0
"704232";"2016-M021";"Madrid Masters";"Clay";"64";"Masters";2;58;"Dusan Lajovic";"R";180;"SRB";25,8;71;"Jaume Munar";"R";183;"ESP";18,9;"7-5 6-2";3;"Q1";83;1;0;54;46;33;5;10;2;3;0;2;84;62;39;6;10;9;13;70;748;448;89;7;6;NA;NA;NA;5;2;NA;NA;NA;2016-05-02;2016;"2016-M021:2";441;1;-0,129283016944966;-2,8073549220576;58;"Dusan Lajovic";71;"Jaume Munar";-0,129283016944966;-2,8073549220576;2,67807190511264;25,8;18,9;6,9;180;183;-3;0,666666666666667;0,692307692307692;0,666666666666667;0,692307692307692;-0,0256410256410257;13;3;9;2;4;1;4;1;3;0;1;0
"704242";"2016-M021";"Madrid Masters";"Clay";"64";"Masters";12;83;"Lucas Pouille";"R";185;"FRA";22,1;45;"Ernests Gulbis";"R";190;"LAT";27,6;"7-6(2) 7-6(4)";3;"Q1";108;6;5;92;42;36;27;12;6;7;6;3;77;49;40;13;12;4;5;58;860;83;676;7;7;NA;NA;NA;6;6;NA;NA;NA;2016-05-02;2016;"2016-M021:12";442;0;0,142019004872428;-0,375039431346925;45;"Ernests Gulbis";83;"Lucas Pouille";-0,375039431346925;0,142019004872428;-0,517058436219353;27,6;22,1;5,5;190;185;5;0,857142857142857;0,8;0,8;0,857142857142857;-0,057142857142857;5;7;4;6;1;1;1;1;0;0;1;0
"704243";"2016-M021";"Madrid Masters";"Clay";"64";"Masters";13;96;"Radek Stepanek";"R";185;"CZE";37,4;36;"Taylor Fritz";"R";193;"USA";18,5;"3-6 6-3 6-4";3;"Q1";113;9;1;74;49;37;14;14;2;5;14;4;103;63;44;17;14;12;16;148;373;71;744;3;6;6;NA;NA;6;3;4;NA;NA;2016-05-02;2016;"2016-M021:13";443;0;-1,20945336562895;-0,149747119504682;36;"Taylor Fritz";96;"Radek Stepanek";-0,149747119504682;-1,20945336562895;1,05970624612427;18,5;37,4;-18,9;193;185;8;0,4;0,75;0,75;0,4;0,35;16;5;12;2;4;3;3;4;-1;0;1;0
"704245";"2016-M021";"Madrid Masters";"Clay";"64";"Masters";15;41;"Santiago Giraldo";"R";188;"COL";28,4;58;"Dusan Lajovic";"R";180;"SRB";25,8;"6-4 6-3";3;"Q2";83;1;1;50;29;25;11;9;4;5;7;1;72;51;30;10;10;5;9;105;554;70;748;6;6;NA;NA;NA;4;3;NA;NA;NA;2016-05-02;2016;"2016-M021:15";444;1;-0,714245517666122;-0,129283016944966;41;"Santiago Giraldo";58;"Dusan Lajovic";-0,714245517666122;-0,129283016944966;-0,584962500721156;28,4;25,8;2,6;188;180;8;0,8;0,555555555555556;0,8;0,555555555555556;0,244444444444444;9;5;5;4;4;1;4;1;3;0;1;0
"704246";"2016-M021";"Madrid Masters";"Clay";"64";"Masters";16;11;"Roberto Carballes Baena";"R";183;"ESP";23,1;46;"Robin Haase";"R";190;"NED";29;"7-6(3) 6-3";3;"Q2";99;4;2;77;53;36;15;11;2;4;0;0;65;49;29;7;10;1;4;116;514;65;765;7;6;NA;NA;NA;6;3;NA;NA;NA;2016-05-02;2016;"2016-M021:16";445;1;-0,857980995127572;-0,0223678130284544;11;"Roberto Carballes Baena";46;"Robin Haase";-0,857980995127572;-0,0223678130284544;-0,835613182099118;23,1;29;-5,9;183;190;-7;0,5;0,25;0,5;0,25;0,25;4;4;1;2;3;2;3;2;1;0;1;0
"704248";"2016-M021";"Madrid Masters";"Clay";"64";"Masters";18;47;"Pierre Hugues Herbert";"R";188;"FRA";25,1;108;"Mikhail Youzhny";"R";183;"RUS";33,8;"7-5 6-1";3;"Q2";70;14;1;62;42;33;10;10;1;2;0;2;63;45;24;8;9;4;8;84;660;78;711;7;6;NA;NA;NA;5;1;NA;NA;NA;2016-05-02;2016;"2016-M021:18";446;1;-0,392317422778761;-0,285402218862249;47;"Pierre Hugues Herbert";108;"Mikhail Youzhny";-0,392317422778761;-0,285402218862249;-0,106915203916512;25,1;33,8;-8,7;188;183;5;0,5;0,5;0,5;0,5;0;8;2;4;1;4;1;4;1;3;0;1;0
"704253";"2016-M021";"Madrid Masters";"Clay";"64";"Masters";23;12;"Pablo Carreno Busta";"R";188;"ESP";24,8;26;"Grigor Dimitrov";"R";188;"BUL";24,9;"7-6(3) 6-3";3;"R64";101;5;4;76;48;40;12;11;5;6;6;2;79;57;36;12;10;7;9;46;979;28;1355;7;6;NA;NA;NA;6;3;NA;NA;NA;2016-05-02;2016;"2016-M021:23";447;1;0,476438043942987;1,1926450779424;12;"Pablo Carreno Busta";26;"Grigor Dimitrov";0,476438043942987;1,1926450779424;-0,716207033999409;24,8;24,9;-0,0999999999999979;188;188;0;0,833333333333333;0,777777777777778;0,833333333333333;0,777777777777778;0,0555555555555556;9;6;7;5;2;1;2;1;1;0;1;0
"704258";"2016-M021";"Madrid Masters";"Clay";"64";"Masters";28;95;"Joao Sousa";"R";185;"POR";27;61;"Nicolas Mahut";"R";190;"FRA";34,2;"6-4 6-4";3;"R64";71;4;0;67;52;33;13;10;6;6;4;2;51;33;29;8;10;0;2;35;1181;49;937;6;6;NA;NA;NA;4;4;NA;NA;NA;2016-05-02;2016;"2016-M021:28";448;0;0,870716983055034;0,385290155884792;61;"Nicolas Mahut";95;"Joao Sousa";0,385290155884792;0,870716983055034;-0,485426827170242;34,2;27;7,2;190;185;5;1;0;0;1;-1;2;6;0;6;2;0;0;2;-2;0;1;0
"704260";"2016-M021";"Madrid Masters";"Clay";"64";"Masters";30;23;"Juan Martin del Potro";"R";198;"ARG";27,6;98;"Dominic Thiem";"R";185;"AUT";22,6;"7-6(5) 6-3";3;"R64";104;10;1;84;59;44;15;11;7;7;3;4;65;40;31;15;10;5;6;274;185;14;2480;7;6;NA;NA;NA;6;3;NA;NA;NA;2016-05-02;2016;"2016-M021:30";449;1;-2,09803208296053;2,1926450779424;23;"Juan Martin del Potro";98;"Dominic Thiem";-2,09803208296053;2,1926450779424;-4,29067716090292;27,6;22,6;5;198;185;13;1;0,833333333333333;1;0,833333333333333;0,166666666666667;6;7;5;7;1;0;1;0;1;0;1;0
"704261";"2016-M021";"Madrid Masters";"Clay";"64";"Masters";31;83;"Lucas Pouille";"R";185;"FRA";22,1;43;"David Goffin";"R";180;"BEL";25,4;"7-6(4) 2-6 7-6(7)";3;"R64";148;10;1;110;72;52;17;16;9;14;8;2;116;76;52;21;16;7;10;58;860;13;2605;7;2;7;NA;NA;6;6;6;NA;NA;2016-05-02;2016;"2016-M021:31";450;0;0,142019004872428;2,29956028185891;43;"David Goffin";83;"Lucas Pouille";2,29956028185891;0,142019004872428;2,15754127698648;25,4;22,1;3,3;180;185;-5;0,642857142857143;0,7;0,7;0,642857142857143;0,057142857142857;10;14;7;9;3;5;5;3;2;0;1;0
"704262";"2016-M021";"Madrid Masters";"Clay";"64";"Masters";32;84;"Sam Querrey";"R";198;"USA";28,5;47;"Pierre Hugues Herbert";"R";188;"FRA";25,1;"6-7(5) 7-6(5) 6-4";3;"R64";118;20;2;97;59;52;22;17;1;2;16;3;116;72;54;28;17;7;9;37;1090;84;660;6;7;6;NA;NA;7;6;4;NA;NA;2016-05-02;2016;"2016-M021:32";451;0;0,79054663437105;-0,392317422778761;47;"Pierre Hugues Herbert";84;"Sam Querrey";-0,392317422778761;0,79054663437105;-1,18286405714981;25,1;28,5;-3,4;188;198;-10;0,5;0,777777777777778;0,777777777777778;0,5;0,277777777777778;9;2;7;1;2;1;1;2;-1;0;1;0
"704264";"2016-M021";"Madrid Masters";"Clay";"64";"Masters";34;35;"Fabio Fognini";"R";178;"ITA";28,9;100;"Bernard Tomic";"R";193;"AUS";23,5;"6-2 6-4";3;"R64";55;4;4;48;26;22;15;9;1;1;4;1;49;35;25;5;9;2;5;31;1285;22;1625;6;6;NA;NA;NA;2;4;NA;NA;NA;2016-05-02;2016;"2016-M021:34";452;1;1,04580368961313;1,5405683813627;35;"Fabio Fognini";100;"Bernard Tomic";1,04580368961313;1,5405683813627;-0,494764691749578;28,9;23,5;5,4;178;193;-15;1;0,4;1;0,4;0,6;5;1;2;1;3;0;3;0;3;0;1;0
"704266";"2016-M021";"Madrid Masters";"Clay";"64";"Masters";36;40;"Richard Gasquet";"R";185;"FRA";29,8;11;"Roberto Carballes Baena";"R";183;"ESP";23,1;"6-1 7-6(5)";3;"R64";107;3;2;70;48;38;12;10;3;3;4;3;62;34;22;17;9;4;6;12;2635;116;514;6;7;NA;NA;NA;1;6;NA;NA;NA;2016-05-02;2016;"2016-M021:36";453;0;2,41503749927884;-0,857980995127572;11;"Roberto Carballes Baena";40;"Richard Gasquet";-0,857980995127572;2,41503749927884;-3,27301849440642;23,1;29,8;-6,7;183;185;-2;1;0,666666666666667;0,666666666666667;1;-0,333333333333333;6;3;4;3;2;0;0;2;-2;0;1;0
"704267";"2016-M021";"Madrid Masters";"Clay";"64";"Masters";37;69;"Gael Monfils";"R";193;"FRA";29,6;1;"Kevin Anderson";"R";203;"RSA";29,9;"6-4 6-1";3;"R64";68;5;1;47;30;25;12;9;0;0;6;2;49;30;20;6;8;3;6;15;2460;19;1840;6;6;NA;NA;NA;4;1;NA;NA;NA;2016-05-02;2016;"2016-M021:37";454;0;2,09310940439148;1,75207248655641;1;"Kevin Anderson";69;"Gael Monfils";1,75207248655641;2,09310940439148;-0,341036917835067;29,9;29,6;0,299999999999997;203;193;10;1,5;0,5;0,5;1,5;-1;6;0;3;0;3;0;0;3;-3;0;1;0
"704270";"2016-M021";"Madrid Masters";"Clay";"64";"Masters";40;85;"Albert Ramos";"L";188;"ESP";28,2;15;"Jeremy Chardy";"R";188;"FRA";29,2;"6-3 6-4";3;"R64";68;2;3;55;37;31;8;10;2;3;4;3;50;35;21;9;9;0;3;56;878;33;1220;6;6;NA;NA;NA;3;4;NA;NA;NA;2016-05-02;2016;"2016-M021:40";455;0;0,192645077942396;0,955605880641547;15;"Jeremy Chardy";85;"Albert Ramos";0,955605880641547;0,192645077942396;0,76296080269915;29,2;28,2;1;188;188;0;0,666666666666667;0;0;0,666666666666667;-0,666666666666667;3;3;0;2;3;1;1;3;-2;0;1;0
"704273";"2016-M021";"Madrid Masters";"Clay";"64";"Masters";43;5;"Roberto Bautista Agut";"R";183;"ESP";28;41;"Santiago Giraldo";"R";188;"COL";28,4;"6-3 7-5";3;"R64";103;2;0;66;49;34;8;11;1;3;3;2;77;46;32;11;10;7;11;17;2015;105;554;6;7;NA;NA;NA;3;5;NA;NA;NA;2016-05-02;2016;"2016-M021:43";456;1;1,91253715874966;-0,714245517666122;5;"Roberto Bautista Agut";41;"Santiago Giraldo";1,91253715874966;-0,714245517666122;2,62678267641578;28;28,4;-0,399999999999999;183;188;-5;0,333333333333333;0,636363636363636;0,333333333333333;0,636363636363636;-0,303030303030303;11;3;7;1;4;2;4;2;2;0;1;0
"704276";"2016-M021";"Madrid Masters";"Clay";"64";"Masters";46;72;"Andy Murray";"R";190;"GBR";28,9;96;"Radek Stepanek";"R";185;"CZE";37,4;"7-6(3) 3-6 6-1";3;"R32";136;11;2;96;57;43;21;14;8;10;4;5;81;53;40;13;14;5;8;2;7925;148;373;7;3;6;NA;NA;6;6;1;NA;NA;2016-05-02;2016;"2016-M021:46";457;1;5;-1,20945336562895;72;"Andy Murray";96;"Radek Stepanek";5;-1,20945336562895;6,20945336562895;28,9;37,4;-8,5;190;185;5;0,8;0,625;0,8;0,625;0,175;8;10;5;8;3;2;3;2;1;0;1;0
"704277";"2016-M021";"Madrid Masters";"Clay";"64";"Masters";47;92;"Gilles Simon";"R";183;"FRA";31,3;12;"Pablo Carreno Busta";"R";188;"ESP";24,8;"2-6 6-3 6-4";3;"R32";109;1;1;79;45;30;23;14;2;4;6;0;72;46;34;16;13;1;3;18;1900;46;979;2;6;6;NA;NA;6;3;4;NA;NA;2016-05-02;2016;"2016-M021:47";458;0;1,83007499855769;0,476438043942987;12;"Pablo Carreno Busta";92;"Gilles Simon";0,476438043942987;1,83007499855769;-1,3536369546147;24,8;31,3;-6,5;188;183;5;0,5;0,333333333333333;0,333333333333333;0,5;-0,166666666666667;3;4;1;2;2;2;2;2;0;0;1;0
"704280";"2016-M021";"Madrid Masters";"Clay";"64";"Masters";50;95;"Joao Sousa";"R";185;"POR";27;44;"Marcel Granollers";"R";190;"ESP";30;"6-3 6-3";3;"R32";72;2;1;56;37;28;12;9;3;4;1;0;49;35;23;5;9;3;7;35;1181;53;898;6;6;NA;NA;NA;3;3;NA;NA;NA;2016-05-02;2016;"2016-M021:50";459;0;0,870716983055034;0,272079545436801;44;"Marcel Granollers";95;"Joao Sousa";0,272079545436801;0,870716983055034;-0,598637437618232;30;27;3;190;185;5;0,75;0,428571428571429;0,428571428571429;0,75;-0,321428571428571;7;4;3;3;4;1;1;4;-3;0;1;0
"704282";"2016-M021";"Madrid Masters";"Clay";"64";"Masters";52;84;"Sam Querrey";"R";198;"USA";28,5;83;"Lucas Pouille";"R";185;"FRA";22,1;"6-7(5) 6-3 6-4";3;"R32";109;15;2;100;59;47;23;16;1;2;7;5;102;57;41;27;15;6;9;37;1090;58;860;6;6;6;NA;NA;7;3;4;NA;NA;2016-05-02;2016;"2016-M021:52";460;0;0,79054663437105;0,142019004872428;83;"Lucas Pouille";84;"Sam Querrey";0,142019004872428;0,79054663437105;-0,648527629498622;22,1;28,5;-6,4;185;198;-13;0,5;0,666666666666667;0,666666666666667;0,5;0,166666666666667;9;2;6;1;3;1;1;3;-2;0;1;0
"704284";"2016-M021";"Madrid Masters";"Clay";"64";"Masters";54;75;"Kei Nishikori";"R";178;"JPN";26,3;35;"Fabio Fognini";"R";178;"ITA";28,9;"6-2 3-6 7-5";3;"R32";132;3;4;96;64;46;13;14;11;13;3;1;111;66;41;22;15;9;13;6;4290;31;1285;6;3;7;NA;NA;2;6;5;NA;NA;2016-05-02;2016;"2016-M021:54";461;0;3,41503749927884;1,04580368961313;35;"Fabio Fognini";75;"Kei Nishikori";1,04580368961313;3,41503749927884;-2,36923380966572;28,9;26,3;2,6;178;178;0;0,846153846153846;0,692307692307692;0,692307692307692;0,846153846153846;-0,153846153846154;13;13;9;11;4;2;2;4;-2;0;1;0
"704286";"2016-M021";"Madrid Masters";"Clay";"64";"Masters";56;19;"Pablo Cuevas";"R";180;"URU";30,3;69;"Gael Monfils";"R";193;"FRA";29,6;"6-7(5) 6-3 7-6(4)";3;"R32";169;8;0;102;75;60;19;17;0;1;9;5;110;75;57;18;16;5;7;27;1405;15;2460;6;6;7;NA;NA;7;3;6;NA;NA;2016-05-02;2016;"2016-M021:56";462;1;1,24511249783653;2,09310940439148;19;"Pablo Cuevas";69;"Gael Monfils";1,24511249783653;2,09310940439148;-0,84799690655495;30,3;29,6;0,699999999999999;180;193;-13;0;0,714285714285714;0;0,714285714285714;-0,714285714285714;7;1;5;0;2;1;2;1;1;0;1;0
"704288";"2016-M021";"Madrid Masters";"Clay";"64";"Masters";58;104;"Jo-Wilfried Tsonga";"R";188;"FRA";31;85;"Albert Ramos";"L";188;"ESP";28,2;"7-6(6) 5-7 6-4";3;"R32";161;11;2;115;73;53;27;17;5;7;2;2;113;78;56;22;17;5;7;7;3400;56;878;7;5;6;NA;NA;6;7;4;NA;NA;2016-05-02;2016;"2016-M021:58";463;0;3,1926450779424;0,192645077942396;85;"Albert Ramos";104;"Jo-Wilfried Tsonga";0,192645077942396;3,1926450779424;-3;28,2;31;-2,8;188;188;0;0,714285714285714;0,714285714285714;0,714285714285714;0,714285714285714;0;7;7;5;5;2;2;2;2;0;0;1;0
"704290";"2016-M021";"Madrid Masters";"Clay";"64";"Masters";60;5;"Roberto Bautista Agut";"R";183;"ESP";28;60;"Feliciano Lopez";"L";188;"ESP";34,6;"6-3 5-7 7-5";3;"R32";147;4;4;107;68;54;20;17;4;5;5;0;106;59;42;25;16;3;5;17;2015;23;1585;6;5;7;NA;NA;3;7;5;NA;NA;2016-05-02;2016;"2016-M021:60";464;1;1,91253715874966;1,47643804394299;5;"Roberto Bautista Agut";60;"Feliciano Lopez";1,91253715874966;1,47643804394299;0,436099114806674;28;34,6;-6,6;183;188;-5;0,8;0,6;0,8;0,6;0,2;5;5;3;4;2;1;2;1;1;0;1;0
"704291";"2016-M021";"Madrid Masters";"Clay";"64";"Masters";61;28;"Novak Djokovic";"R";188;"SRB";28,9;18;"Borna Coric";"R";188;"CRO";19,4;"6-2 6-4";3;"R32";78;2;4;49;26;22;16;9;1;1;4;0;50;28;18;10;9;2;5;1;15550;40;1015;6;6;NA;NA;NA;2;4;NA;NA;NA;2016-05-02;2016;"2016-M021:61";465;0;6;0,678071905112637;18;"Borna Coric";28;"Novak Djokovic";0,678071905112637;6;-5,32192809488736;19,4;28,9;-9,5;188;188;0;1;0,4;0,4;1;-0,6;5;1;2;1;3;0;0;3;-3;0;1;0
"704292";"2016-M021";"Madrid Masters";"Clay";"64";"Masters";62;72;"Andy Murray";"R";190;"GBR";28,9;92;"Gilles Simon";"R";183;"FRA";31,3;"6-4 6-2";3;"R16";99;2;1;53;37;28;12;9;0;0;1;1;64;34;23;12;9;3;6;2;7925;18;1900;6;6;NA;NA;NA;4;2;NA;NA;NA;2016-05-02;2016;"2016-M021:62";466;1;5;1,83007499855769;72;"Andy Murray";92;"Gilles Simon";5;1,83007499855769;3,16992500144231;28,9;31,3;-2,4;190;183;7;1,5;0,5;1,5;0,5;1;6;0;3;0;3;0;3;0;3;0;1;0
"704295";"2016-M021";"Madrid Masters";"Clay";"64";"Masters";65;74;"Rafael Nadal";"L";185;"ESP";29,9;84;"Sam Querrey";"R";198;"USA";28,5;"6-4 6-2";3;"R16";69;1;1;51;39;28;5;9;4;6;9;2;50;34;22;5;9;3;8;5;5915;37;1090;6;6;NA;NA;NA;4;2;NA;NA;NA;2016-05-02;2016;"2016-M021:65";467;1;3,67807190511264;0,79054663437105;74;"Rafael Nadal";84;"Sam Querrey";3,67807190511264;0,79054663437105;2,88752527074159;29,9;28,5;1,4;185;198;-13;0,666666666666667;0,375;0,666666666666667;0,375;0,291666666666667;8;6;3;4;5;2;5;2;3;0;1;0
"704296";"2016-M021";"Madrid Masters";"Clay";"64";"Masters";66;75;"Kei Nishikori";"R";178;"JPN";26,3;40;"Richard Gasquet";"R";185;"FRA";29,8;"6-4 7-5";3;"R16";99;1;1;62;40;29;12;11;1;3;3;1;76;50;28;13;11;5;9;6;4290;12;2635;6;7;NA;NA;NA;4;5;NA;NA;NA;2016-05-02;2016;"2016-M021:66";468;0;3,41503749927884;2,41503749927884;40;"Richard Gasquet";75;"Kei Nishikori";2,41503749927884;3,41503749927884;-1;29,8;26,3;3,5;185;178;7;0,333333333333333;0,555555555555556;0,555555555555556;0,333333333333333;0,222222222222222;9;3;5;1;4;2;2;4;-2;0;1;0
"704299";"2016-M021";"Madrid Masters";"Clay";"64";"Masters";69;28;"Novak Djokovic";"R";188;"SRB";28,9;5;"Roberto Bautista Agut";"R";183;"ESP";28;"6-2 6-1";3;"R16";68;1;0;43;27;24;7;7;0;0;1;0;50;31;13;9;8;3;8;1;15550;17;2015;6;6;NA;NA;NA;2;1;NA;NA;NA;2016-05-02;2016;"2016-M021:69";469;0;6;1,91253715874966;5;"Roberto Bautista Agut";28;"Novak Djokovic";1,91253715874966;6;-4,08746284125034;28;28,9;-0,899999999999999;183;188;-5;1,5;0,375;0,375;1,5;-1,125;8;0;3;0;5;0;0;5;-5;0;1;0
"704300";"2016-M021";"Madrid Masters";"Clay";"64";"Masters";70;72;"Andy Murray";"R";190;"GBR";28,9;8;"Tomas Berdych";"R";196;"CZE";30,6;"6-3 6-2";3;"QF";76;4;0;44;24;22;14;9;0;0;0;1;56;30;20;11;8;1;4;2;7925;8;3120;6;6;NA;NA;NA;3;2;NA;NA;NA;2016-05-02;2016;"2016-M021:70";470;0;5;3;8;"Tomas Berdych";72;"Andy Murray";3;5;-2;30,6;28,9;1,7;196;190;6;1,5;0,25;0,25;1,5;-1,25;4;0;1;0;3;0;0;3;-3;0;1;0
"704301";"2016-M021";"Madrid Masters";"Clay";"64";"Masters";71;74;"Rafael Nadal";"L";185;"ESP";29,9;95;"Joao Sousa";"R";185;"POR";27;"6-0 4-6 6-3";3;"QF";125;3;0;73;55;40;12;13;2;3;1;1;71;52;35;7;12;9;13;5;5915;35;1181;6;4;6;NA;NA;0;6;3;NA;NA;2016-05-02;2016;"2016-M021:71";471;1;3,67807190511264;0,870716983055034;74;"Rafael Nadal";95;"Joao Sousa";3,67807190511264;0,870716983055034;2,8073549220576;29,9;27;2,9;185;185;0;0,666666666666667;0,692307692307692;0,666666666666667;0,692307692307692;-0,0256410256410257;13;3;9;2;4;1;4;1;3;0;1;0
"704303";"2016-M021";"Madrid Masters";"Clay";"64";"Masters";73;28;"Novak Djokovic";"R";188;"SRB";28,9;86;"Milos Raonic";"R";196;"CAN";25,3;"6-3 6-4";3;"QF";104;1;3;64;42;31;15;10;3;3;4;2;69;47;31;10;9;8;10;1;15550;10;2740;6;6;NA;NA;NA;3;4;NA;NA;NA;2016-05-02;2016;"2016-M021:73";472;1;6;2,67807190511264;28;"Novak Djokovic";86;"Milos Raonic";6;2,67807190511264;3,32192809488736;28,9;25,3;3,6;188;196;-8;1;0,8;1;0,8;0,2;10;3;8;3;2;0;2;0;2;0;1;0
"704304";"2016-M021";"Madrid Masters";"Clay";"64";"Masters";74;72;"Andy Murray";"R";190;"GBR";28,9;74;"Rafael Nadal";"L";185;"ESP";29,9;"7-5 6-4";3;"SF";131;8;1;90;49;34;19;11;11;13;1;0;62;50;31;4;11;2;6;2;7925;5;5915;7;6;NA;NA;NA;5;4;NA;NA;NA;2016-05-02;2016;"2016-M021:74";473;1;5;3,67807190511264;72;"Andy Murray";74;"Rafael Nadal";5;3,67807190511264;1,32192809488736;28,9;29,9;-1;190;185;5;0,846153846153846;0,333333333333333;0,846153846153846;0,333333333333333;0,512820512820513;6;13;2;11;4;2;4;2;2;0;1;0
"704305";"2016-M021";"Madrid Masters";"Clay";"64";"Masters";75;28;"Novak Djokovic";"R";188;"SRB";28,9;75;"Kei Nishikori";"R";178;"JPN";26,3;"6-3 7-6(4)";3;"SF";118;4;2;79;58;44;9;11;4;5;1;2;80;49;34;14;10;5;7;1;15550;6;4290;6;7;NA;NA;NA;3;6;NA;NA;NA;2016-05-02;2016;"2016-M021:75";474;1;6;3,41503749927884;28;"Novak Djokovic";75;"Kei Nishikori";6;3,41503749927884;2,58496250072116;28,9;26,3;2,6;188;178;10;0,8;0,714285714285714;0,8;0,714285714285714;0,0857142857142857;7;5;5;4;2;1;2;1;1;0;1;0
"704306";"2016-M021";"Madrid Masters";"Clay";"64";"Masters";76;28;"Novak Djokovic";"R";188;"SRB";28,9;72;"Andy Murray";"R";190;"GBR";28,9;"6-2 3-6 6-3";3;"F";126;2;3;82;59;43;12;13;8;10;10;2;75;53;36;7;13;2;6;1;15550;2;7925;6;3;6;NA;NA;2;6;3;NA;NA;2016-05-02;2016;"2016-M021:76";475;1;6;5;28;"Novak Djokovic";72;"Andy Murray";6;5;1;28,9;28,9;0;188;190;-2;0,8;0,333333333333333;0,8;0,333333333333333;0,466666666666667;6;10;2;8;4;2;4;2;2;0;1;0
"705130";"2016-M009";"Rome Masters";"Clay";"64";"Masters";5;96;"Radek Stepanek";"R";185;"CZE";37,4;36;"Taylor Fritz";"R";193;"USA";18,5;"4-6 7-6(4) 6-1";3;"Q1";136;8;2;104;67;49;17;15;4;7;4;4;115;73;45;19;14;8;12;132;443;73;744;4;7;6;NA;NA;6;6;1;NA;NA;2016-05-09;2016;"2016-M009:5";476;0;-1,04439411935845;-0,189824558880018;36;"Taylor Fritz";96;"Radek Stepanek";-0,189824558880018;-1,04439411935845;0,854569560478436;18,5;37,4;-18,9;193;185;8;0,571428571428571;0,666666666666667;0,666666666666667;0,571428571428571;0,0952380952380952;12;7;8;4;4;3;3;4;-1;0;1;0
"705146";"2016-M009";"Rome Masters";"Clay";"64";"Masters";21;57;"Mikhail Kukushkin";"R";183;"KAZ";28,3;83;"Lucas Pouille";"R";185;"FRA";22,2;"7-5 6-2";3;"Q2";78;0;0;58;34;22;18;10;2;3;4;5;58;34;22;9;10;1;5;87;639;52;910;7;6;NA;NA;NA;5;2;NA;NA;NA;2016-05-09;2016;"2016-M009:21";477;1;-0,442943495848728;0,299560281858908;57;"Mikhail Kukushkin";83;"Lucas Pouille";-0,442943495848728;0,299560281858908;-0,742503777707636;28,3;22,2;6,1;183;185;-2;0,666666666666667;0,2;0,666666666666667;0,2;0,466666666666667;5;3;1;2;4;1;4;1;3;0;1;0
"705150";"2016-M009";"Rome Masters";"Clay";"64";"Masters";25;43;"David Goffin";"R";180;"BEL";25,4;65;"Leonardo Mayer";"R";188;"ARG";28,9;"2-6 7-6(8) 6-3";3;"R64";133;6;4;89;53;37;17;14;3;7;7;2;102;63;44;16;15;3;7;13;2570;49;920;2;7;6;NA;NA;6;6;3;NA;NA;2016-05-09;2016;"2016-M009:25";478;1;2,29956028185891;0,385290155884792;43;"David Goffin";65;"Leonardo Mayer";2,29956028185891;0,385290155884792;1,91427012597412;25,4;28,9;-3,5;180;188;-8;0,428571428571429;0,428571428571429;0,428571428571429;0,428571428571429;0;7;7;3;3;4;4;4;4;0;0;1;0
"705152";"2016-M009";"Rome Masters";"Clay";"64";"Masters";27;85;"Albert Ramos";"L";188;"ESP";28,3;84;"Sam Querrey";"R";198;"USA";28,5;"6-4 6-4";3;"R64";76;4;1;56;39;31;12;10;1;1;5;1;67;42;27;15;10;7;9;57;853;36;1135;6;6;NA;NA;NA;4;4;NA;NA;NA;2016-05-09;2016;"2016-M009:27";479;0;0,167109985835259;0,830074998557688;84;"Sam Querrey";85;"Albert Ramos";0,830074998557688;0,167109985835259;0,662965012722429;28,5;28,3;0,199999999999999;198;188;10;1;0,777777777777778;0,777777777777778;1;-0,222222222222222;9;1;7;1;2;0;0;2;-2;0;1;0
"705157";"2016-M009";"Rome Masters";"Clay";"64";"Masters";32;38;"Guillermo Garcia Lopez";"R";188;"ESP";32,9;35;"Fabio Fognini";"R";178;"ITA";28,9;"6-1 7-6(2)";3;"R64";98;3;1;66;40;31;15;10;5;6;4;5;69;33;25;14;9;5;8;51;910;31;1285;6;7;NA;NA;NA;1;6;NA;NA;NA;2016-05-09;2016;"2016-M009:32";480;0;0,327574658028505;1,04580368961313;35;"Fabio Fognini";38;"Guillermo Garcia Lopez";1,04580368961313;0,327574658028505;0,71822903158462;28,9;32,9;-4;178;188;-10;0,833333333333333;0,625;0,625;0,833333333333333;-0,208333333333333;8;6;5;5;3;1;1;3;-2;0;1;0
"705162";"2016-M009";"Rome Masters";"Clay";"64";"Masters";37;98;"Dominic Thiem";"R";185;"AUT";22,6;29;"Alexandr Dolgopolov";"R";180;"UKR";27,5;"6-3 3-6 6-4";3;"R64";101;6;2;76;43;36;19;14;1;2;7;3;76;50;35;15;14;1;3;15;2340;28;1330;6;3;6;NA;NA;3;6;4;NA;NA;2016-05-09;2016;"2016-M009:37";481;0;2,09310940439148;1,1926450779424;29;"Alexandr Dolgopolov";98;"Dominic Thiem";1,1926450779424;2,09310940439148;-0,900464326449085;27,5;22,6;4,9;180;185;-5;0,5;0,333333333333333;0,333333333333333;0,5;-0,166666666666667;3;2;1;1;2;1;1;2;-1;0;1;0
"705163";"2016-M009";"Rome Masters";"Clay";"64";"Masters";38;95;"Joao Sousa";"R";185;"POR";27,1;94;"Lorenzo Sonego";"R";191;"ITA";20,9;"6-7(5) 6-3 7-5";3;"R64";176;2;6;109;74;54;13;17;8;12;5;4;130;80;47;24;16;9;15;30;1300;333;146;6;6;7;NA;NA;7;3;5;NA;NA;2016-05-09;2016;"2016-M009:38";482;0;1,09310940439148;-2,37937836707126;94;"Lorenzo Sonego";95;"Joao Sousa";-2,37937836707126;1,09310940439148;-3,47248777146274;20,9;27,1;-6,2;191;185;6;0,666666666666667;0,6;0,6;0,666666666666667;-0,0666666666666667;15;12;9;8;6;4;4;6;-2;0;1;0
"705164";"2016-M009";"Rome Masters";"Clay";"64";"Masters";39;109;"Alexander Zverev";"R";198;"GER";19;26;"Grigor Dimitrov";"R";188;"BUL";24,9;"6-1 6-4";3;"R64";69;6;0;47;34;26;10;9;0;1;0;0;51;34;17;8;8;5;9;44;975;35;1185;6;6;NA;NA;NA;1;4;NA;NA;NA;2016-05-09;2016;"2016-M009:39";483;0;0,540568381362703;0,870716983055034;26;"Grigor Dimitrov";109;"Alexander Zverev";0,870716983055034;0,540568381362703;0,330148601692331;24,9;19;5,9;188;198;-10;0;0,555555555555556;0,555555555555556;0;0,555555555555556;9;1;5;0;4;1;1;4;-3;0;1;0
"705167";"2016-M009";"Rome Masters";"Clay";"64";"Masters";42;86;"Milos Raonic";"R";196;"CAN";25,3;14;"Marco Cecchinato";"R";185;"ITA";23,6;"6-4 4-6 6-4";3;"R64";128;5;4;86;53;40;21;15;9;11;2;1;89;61;43;15;15;6;9;10;2740;119;483;6;4;6;NA;NA;4;6;4;NA;NA;2016-05-09;2016;"2016-M009:42";484;0;2,67807190511264;-0,894817763307944;14;"Marco Cecchinato";86;"Milos Raonic";-0,894817763307944;2,67807190511264;-3,57288966842058;23,6;25,3;-1,7;185;196;-11;0,818181818181818;0,666666666666667;0,666666666666667;0,818181818181818;-0,151515151515152;9;11;6;9;3;2;2;3;-1;0;1;0
"705168";"2016-M009";"Rome Masters";"Clay";"64";"Masters";43;7;"Thomaz Bellucci";"L";188;"BRA";28,3;69;"Gael Monfils";"R";193;"FRA";29,6;"6-3 7-6(2)";3;"R64";96;2;3;76;45;29;18;11;1;3;5;3;69;43;24;12;10;12;15;37;1080;14;2460;6;7;NA;NA;NA;3;6;NA;NA;NA;2016-05-09;2016;"2016-M009:43";485;1;0,79054663437105;2,1926450779424;7;"Thomaz Bellucci";69;"Gael Monfils";0,79054663437105;2,1926450779424;-1,40209844357135;28,3;29,6;-1,3;188;193;-5;0,333333333333333;0,8;0,333333333333333;0,8;-0,466666666666667;15;3;12;1;3;2;3;2;1;0;1;0
"705171";"2016-M009";"Rome Masters";"Clay";"64";"Masters";46;72;"Andy Murray";"R";190;"GBR";28,9;57;"Mikhail Kukushkin";"R";183;"KAZ";28,3;"6-3 6-3";3;"R32";84;7;3;57;39;32;8;9;2;2;0;0;61;39;23;13;9;2;5;3;7525;87;639;6;6;NA;NA;NA;3;3;NA;NA;NA;2016-05-09;2016;"2016-M009:46";486;0;4,41503749927884;-0,442943495848728;57;"Mikhail Kukushkin";72;"Andy Murray";-0,442943495848728;4,41503749927884;-4,85798099512757;28,3;28,9;-0,599999999999998;183;190;-7;1;0,4;0,4;1;-0,6;5;2;2;2;3;0;0;3;-3;0;1;0
"705172";"2016-M009";"Rome Masters";"Clay";"64";"Masters";47;15;"Jeremy Chardy";"R";188;"FRA";29,2;5;"Roberto Bautista Agut";"R";183;"ESP";28;"7-6(6) 6-4";3;"R32";122;6;4;83;51;37;15;11;4;6;1;1;91;67;36;15;11;9;12;32;1220;17;2015;7;6;NA;NA;NA;6;4;NA;NA;NA;2016-05-09;2016;"2016-M009:47";487;0;1;1,91253715874966;5;"Roberto Bautista Agut";15;"Jeremy Chardy";1,91253715874966;1;0,912537158749661;28;29,2;-1,2;183;188;-5;0,666666666666667;0,75;0,75;0,666666666666667;0,0833333333333334;12;6;9;4;3;2;2;3;-1;0;1;0
"705174";"2016-M009";"Rome Masters";"Clay";"64";"Masters";49;8;"Tomas Berdych";"R";196;"CZE";30,6;85;"Albert Ramos";"L";188;"ESP";28,3;"6-3 6-4";3;"R32";89;2;1;69;40;28;19;10;7;7;5;1;49;38;26;7;9;0;2;8;2940;57;853;6;6;NA;NA;NA;3;4;NA;NA;NA;2016-05-09;2016;"2016-M009:49";488;1;3;0,167109985835259;8;"Tomas Berdych";85;"Albert Ramos";3;0,167109985835259;2,83289001416474;30,6;28,3;2,3;196;188;8;1;0;1;0;1;2;7;0;7;2;0;2;0;2;0;1;0
"705175";"2016-M009";"Rome Masters";"Clay";"64";"Masters";50;107;"Stan Wawrinka";"R";183;"SUI";31,1;79;"Benoit Paire";"R";196;"FRA";27;"5-7 6-2 6-1";3;"R32";110;4;4;74;45;36;17;14;2;4;6;3;105;53;34;23;13;12;17;4;6380;21;1686;5;6;6;NA;NA;7;2;1;NA;NA;2016-05-09;2016;"2016-M009:50";489;0;4;1,60768257722124;79;"Benoit Paire";107;"Stan Wawrinka";1,60768257722124;4;-2,39231742277876;27;31,1;-4,1;196;183;13;0,5;0,705882352941177;0,705882352941177;0,5;0,205882352941177;17;4;12;2;5;2;2;5;-3;0;1;0
"705178";"2016-M009";"Rome Masters";"Clay";"64";"Masters";53;83;"Lucas Pouille";"R";185;"FRA";22,2;45;"Ernests Gulbis";"R";190;"LAT";27,6;"3-6 6-4 7-5";3;"R32";136;1;2;96;49;30;27;16;5;10;7;6;91;56;42;11;15;3;8;52;910;84;666;3;6;7;NA;NA;6;4;5;NA;NA;2016-05-09;2016;"2016-M009:53";490;0;0,299560281858908;-0,392317422778761;45;"Ernests Gulbis";83;"Lucas Pouille";-0,392317422778761;0,299560281858908;-0,691877704637669;27,6;22,2;5,4;190;185;5;0,5;0,375;0,375;0,5;-0,125;8;10;3;5;5;5;5;5;0;0;1;0
"705179";"2016-M009";"Rome Masters";"Clay";"64";"Masters";54;75;"Kei Nishikori";"R";178;"JPN";26,3;102;"Viktor Troicki";"R";193;"SRB";30,2;"5-7 6-2 6-3";3;"R32";115;1;0;76;47;35;21;14;2;3;10;1;89;60;43;12;15;1;5;6;4290;24;1580;5;6;6;NA;NA;7;2;3;NA;NA;2016-05-09;2016;"2016-M009:54";491;1;3,41503749927884;1,41503749927884;75;"Kei Nishikori";102;"Viktor Troicki";3,41503749927884;1,41503749927884;2;26,3;30,2;-3,9;178;193;-15;0,666666666666667;0,2;0,666666666666667;0,2;0,466666666666667;5;3;1;2;4;1;4;1;3;0;1;0
"705181";"2016-M009";"Rome Masters";"Clay";"64";"Masters";56;98;"Dominic Thiem";"R";185;"AUT";22,6;95;"Joao Sousa";"R";185;"POR";27,1;"6-3 6-2";3;"R32";65;4;0;51;26;18;16;9;2;4;1;1;41;28;15;4;8;1;6;15;2340;30;1300;6;6;NA;NA;NA;3;2;NA;NA;NA;2016-05-09;2016;"2016-M009:56";492;0;2,09310940439148;1,09310940439148;95;"Joao Sousa";98;"Dominic Thiem";1,09310940439148;2,09310940439148;-1;27,1;22,6;4,5;185;185;0;0,5;0,166666666666667;0,166666666666667;0,5;-0,333333333333333;6;4;1;2;5;2;2;5;-3;0;1;0
"705182";"2016-M009";"Rome Masters";"Clay";"64";"Masters";57;33;"Roger Federer";"R";185;"SUI";34,7;109;"Alexander Zverev";"R";198;"GER";19;"6-3 7-5";3;"R32";87;1;0;59;33;27;18;11;1;2;4;2;72;43;26;15;10;6;9;2;7525;44;975;6;7;NA;NA;NA;3;5;NA;NA;NA;2016-05-09;2016;"2016-M009:57";493;1;5;0,540568381362703;33;"Roger Federer";109;"Alexander Zverev";5;0,540568381362703;4,4594316186373;34,7;19;15,7;185;198;-13;0,5;0,666666666666667;0,5;0,666666666666667;-0,166666666666667;9;2;6;1;3;1;3;1;2;0;1;0
"705183";"2016-M009";"Rome Masters";"Clay";"64";"Masters";58;74;"Rafael Nadal";"L";185;"ESP";29,9;55;"Philipp Kohlschreiber";"R";178;"GER";32,5;"6-3 6-3";3;"R32";83;0;0;49;39;28;7;9;1;2;3;0;59;37;24;8;9;4;8;5;5675;26;1485;6;6;NA;NA;NA;3;3;NA;NA;NA;2016-05-09;2016;"2016-M009:58";494;0;3,67807190511264;1,29956028185891;55;"Philipp Kohlschreiber";74;"Rafael Nadal";1,29956028185891;3,67807190511264;-2,37851162325373;32,5;29,9;2,6;178;185;-7;0,5;0,5;0,5;0,5;0;8;2;4;1;4;1;1;4;-3;0;1;0
"705187";"2016-M009";"Rome Masters";"Clay";"64";"Masters";62;72;"Andy Murray";"R";190;"GBR";28,9;15;"Jeremy Chardy";"R";188;"FRA";29,2;"6-0 6-4";3;"R16";77;7;2;42;18;15;15;8;1;2;2;8;62;28;20;9;8;7;12;3;7525;32;1220;6;6;NA;NA;NA;0;4;NA;NA;NA;2016-05-09;2016;"2016-M009:62";495;0;4,41503749927884;1;15;"Jeremy Chardy";72;"Andy Murray";1;4,41503749927884;-3,41503749927884;29,2;28,9;0,300000000000001;188;190;-2;0,5;0,583333333333333;0,583333333333333;0,5;0,0833333333333334;12;2;7;1;5;1;1;5;-4;0;1;0
"705188";"2016-M009";"Rome Masters";"Clay";"64";"Masters";63;43;"David Goffin";"R";180;"BEL";25,4;8;"Tomas Berdych";"R";196;"CZE";30,6;"6-0 6-0";3;"R16";48;4;0;33;21;19;6;6;3;3;3;2;32;17;6;1;6;5;11;13;2570;8;2940;6;6;NA;NA;NA;0;0;NA;NA;NA;2016-05-09;2016;"2016-M009:63";496;0;2,29956028185891;3;8;"Tomas Berdych";43;"David Goffin";3;2,29956028185891;0,700439718141092;30,6;25,4;5,2;196;180;16;1;0,454545454545455;0,454545454545455;1;-0,545454545454545;11;3;5;3;6;0;0;6;-6;0;1;0
"705189";"2016-M009";"Rome Masters";"Clay";"64";"Masters";64;68;"Juan Monaco";"R";185;"ARG";32,1;107;"Stan Wawrinka";"R";183;"SUI";31,1;"6-7(5) 6-3 6-4";3;"R16";144;0;2;103;74;44;20;16;2;5;8;3;94;46;31;22;15;3;8;114;530;4;6380;6;6;6;NA;NA;7;3;4;NA;NA;2016-05-09;2016;"2016-M009:64";497;1;-0,832890014164741;4;68;"Juan Monaco";107;"Stan Wawrinka";-0,832890014164741;4;-4,83289001416474;32,1;31,1;1;185;183;2;0,4;0,375;0,4;0,375;0,025;8;5;3;2;5;3;5;3;2;0;1;0
"705190";"2016-M009";"Rome Masters";"Clay";"64";"Masters";65;83;"Lucas Pouille";"R";185;"FRA";22,2;34;"David Ferrer";"R";175;"ESP";34,1;"6-4 6-1";3;"R16";60;6;2;46;27;21;9;8;1;3;2;2;52;32;15;7;9;2;8;52;910;9;2920;6;6;NA;NA;NA;4;1;NA;NA;NA;2016-05-09;2016;"2016-M009:65";498;0;0,299560281858908;2,83007499855769;34;"David Ferrer";83;"Lucas Pouille";2,83007499855769;0,299560281858908;2,53051471669878;34,1;22,2;11,9;175;185;-10;0,333333333333333;0,25;0,25;0,333333333333333;-0,0833333333333333;8;3;2;1;6;2;2;6;-4;0;1;0
"705191";"2016-M009";"Rome Masters";"Clay";"64";"Masters";66;75;"Kei Nishikori";"R";178;"JPN";26,3;40;"Richard Gasquet";"R";185;"FRA";29,8;"6-1 6-4";3;"R16";88;3;4;66;43;32;9;8;7;8;0;1;59;40;19;9;9;1;6;6;4290;12;2680;6;6;NA;NA;NA;1;4;NA;NA;NA;2016-05-09;2016;"2016-M009:66";499;0;3,41503749927884;2,41503749927884;40;"Richard Gasquet";75;"Kei Nishikori";2,41503749927884;3,41503749927884;-1;29,8;26,3;3,5;185;178;7;0,875;0,166666666666667;0,166666666666667;0,875;-0,708333333333333;6;8;1;7;5;1;1;5;-4;0;1;0
"705192";"2016-M009";"Rome Masters";"Clay";"64";"Masters";67;98;"Dominic Thiem";"R";185;"AUT";22,6;33;"Roger Federer";"R";185;"SUI";34,7;"7-6(2) 6-4";3;"R16";78;5;2;63;39;31;16;11;2;3;5;1;75;47;30;17;11;3;5;15;2340;2;7525;7;6;NA;NA;NA;6;4;NA;NA;NA;2016-05-09;2016;"2016-M009:67";500;0;2,09310940439148;5;33;"Roger Federer";98;"Dominic Thiem";5;2,09310940439148;2,90689059560852;34,7;22,6;12,1;185;185;0;0,666666666666667;0,6;0,6;0,666666666666667;-0,0666666666666667;5;3;3;2;2;1;1;2;-1;0;1;0
"705194";"2016-M009";"Rome Masters";"Clay";"64";"Masters";69;28;"Novak Djokovic";"R";188;"SRB";28,9;7;"Thomaz Bellucci";"L";188;"BRA";28,3;"0-6 6-3 6-2";3;"R16";97;1;0;71;54;37;7;12;0;3;1;3;59;34;21;15;11;0;3;1;16550;37;1080;0;6;6;NA;NA;6;3;2;NA;NA;2016-05-09;2016;"2016-M009:69";501;0;6;0,79054663437105;7;"Thomaz Bellucci";28;"Novak Djokovic";0,79054663437105;6;-5,20945336562895;28,3;28,9;-0,599999999999998;188;188;0;0;0;0;0;0;3;3;0;0;3;3;3;3;0;0;1;0
"705195";"2016-M009";"Rome Masters";"Clay";"64";"Masters";70;72;"Andy Murray";"R";190;"GBR";28,9;43;"David Goffin";"R";180;"BEL";25,4;"6-1 7-5";3;"QF";94;3;3;56;32;21;12;10;3;7;1;1;60;41;19;6;9;7;14;3;7525;13;2570;6;7;NA;NA;NA;1;5;NA;NA;NA;2016-05-09;2016;"2016-M009:70";502;0;4,41503749927884;2,29956028185891;43;"David Goffin";72;"Andy Murray";2,29956028185891;4,41503749927884;-2,11547721741994;25,4;28,9;-3,5;180;190;-10;0,428571428571429;0,5;0,5;0,428571428571429;0,0714285714285715;14;7;7;3;7;4;4;7;-3;0;1;0
"705197";"2016-M009";"Rome Masters";"Clay";"64";"Masters";72;75;"Kei Nishikori";"R";178;"JPN";26,3;98;"Dominic Thiem";"R";185;"AUT";22,6;"6-3 7-5";3;"QF";99;1;0;73;52;37;13;11;4;5;1;1;69;44;27;12;10;7;10;6;4290;15;2340;6;7;NA;NA;NA;3;5;NA;NA;NA;2016-05-09;2016;"2016-M009:72";503;1;3,41503749927884;2,09310940439148;75;"Kei Nishikori";98;"Dominic Thiem";3,41503749927884;2,09310940439148;1,32192809488736;26,3;22,6;3,7;178;185;-7;0,8;0,7;0,8;0,7;0,1;10;5;7;4;3;1;3;1;2;0;1;0
"705198";"2016-M009";"Rome Masters";"Clay";"64";"Masters";73;28;"Novak Djokovic";"R";188;"SRB";28,9;74;"Rafael Nadal";"L";185;"ESP";29,9;"7-5 7-6(4)";3;"QF";144;3;2;79;56;36;15;12;1;3;2;1;92;76;45;11;12;6;9;1;16550;5;5675;7;7;NA;NA;NA;5;6;NA;NA;NA;2016-05-09;2016;"2016-M009:73";504;1;6;3,67807190511264;28;"Novak Djokovic";74;"Rafael Nadal";6;3,67807190511264;2,32192809488736;28,9;29,9;-1;188;185;3;0,333333333333333;0,666666666666667;0,333333333333333;0,666666666666667;-0,333333333333333;9;3;6;1;3;2;3;2;1;0;1;0
"705199";"2016-M009";"Rome Masters";"Clay";"64";"Masters";74;72;"Andy Murray";"R";190;"GBR";28,9;83;"Lucas Pouille";"R";185;"FRA";22,2;"6-2 6-1";3;"SF";59;5;1;37;22;20;12;8;0;0;4;3;52;28;18;8;7;4;8;3;7525;52;910;6;6;NA;NA;NA;2;1;NA;NA;NA;2016-05-09;2016;"2016-M009:74";505;1;4,41503749927884;0,299560281858908;72;"Andy Murray";83;"Lucas Pouille";4,41503749927884;0,299560281858908;4,11547721741994;28,9;22,2;6,7;190;185;5;1,5;0,5;1,5;0,5;1;8;0;4;0;4;0;4;0;4;0;1;0
"705200";"2016-M009";"Rome Masters";"Clay";"64";"Masters";75;28;"Novak Djokovic";"R";188;"SRB";28,9;75;"Kei Nishikori";"R";178;"JPN";26,3;"2-6 6-4 7-6(5)";3;"SF";181;5;2;99;70;49;14;15;5;8;4;2;124;77;48;27;15;12;14;1;16550;6;4290;2;6;7;NA;NA;6;4;6;NA;NA;2016-05-09;2016;"2016-M009:75";506;1;6;3,41503749927884;28;"Novak Djokovic";75;"Kei Nishikori";6;3,41503749927884;2,58496250072116;28,9;26,3;2,6;188;178;10;0,625;0,857142857142857;0,625;0,857142857142857;-0,232142857142857;14;8;12;5;2;3;2;3;-1;0;1;0
"705201";"2016-M009";"Rome Masters";"Clay";"64";"Masters";76;72;"Andy Murray";"R";190;"GBR";28,9;28;"Novak Djokovic";"R";188;"SRB";28,9;"6-3 6-3";3;"F";95;5;1;59;38;31;10;9;3;3;5;1;56;32;20;12;9;3;6;3;7525;1;16550;6;6;NA;NA;NA;3;3;NA;NA;NA;2016-05-09;2016;"2016-M009:76";507;0;4,41503749927884;6;28;"Novak Djokovic";72;"Andy Murray";6;4,41503749927884;1,58496250072116;28,9;28,9;0;188;190;-2;1;0,5;0,5;1;-0,5;6;3;3;3;3;0;0;3;-3;0;1;0
"735314";"2017-0410";"Monte Carlo Masters";"Clay";"64";"Masters";3;108;"Mikhail Youzhny";"R";183;"RUS";34,8;20;"Taro Daniel";"R";191;"JPN";24,2;"6-3 1-6 7-6(4)";3;"Q1";NA;7;3;102;66;45;17;14;7;10;1;0;94;63;42;19;14;6;8;86;624;108;529;6;1;7;NA;NA;3;6;6;NA;NA;2017-04-17;2017;"2017-0410:3";508;0;-0,426264754702098;-0,754887502163468;20;"Taro Daniel";108;"Mikhail Youzhny";-0,754887502163468;-0,426264754702098;-0,32862274746137;24,2;34,8;-10,6;191;183;8;0,7;0,75;0,75;0,7;0,05;8;10;6;7;2;3;3;2;1;0;1;0
"735331";"2017-0410";"Monte Carlo Masters";"Clay";"64";"Masters";20;97;"Jan Lennard Struff";"R";193;"GER";26,9;47;"Pierre Hugues Herbert";"R";188;"FRA";26;"6-3 6-2";3;"Q2";58;4;0;50;29;24;12;9;0;1;2;1;42;27;16;5;8;2;6;58;813;90;601;6;6;NA;NA;NA;3;2;NA;NA;NA;2017-04-17;2017;"2017-0410:20";509;0;0,142019004872428;-0,491853096329675;47;"Pierre Hugues Herbert";97;"Jan Lennard Struff";-0,491853096329675;0,142019004872428;-0,633872101202103;26;26,9;-0,899999999999999;188;193;-5;0;0,333333333333333;0,333333333333333;0;0,333333333333333;6;1;2;0;4;1;1;4;-3;0;1;0
"735334";"2017-0410";"Monte Carlo Masters";"Clay";"64";"Masters";23;53;"Karen Khachanov";"R";198;"RUS";20,9;61;"Nicolas Mahut";"R";190;"FRA";35,2;"6-2 6-4";3;"R64";NA;4;3;67;30;21;21;9;5;6;2;1;61;40;22;10;9;6;10;52;877;47;925;6;6;NA;NA;NA;2;4;NA;NA;NA;2017-04-17;2017;"2017-0410:23";510;1;0,299560281858908;0,445411148322362;53;"Karen Khachanov";61;"Nicolas Mahut";0,299560281858908;0,445411148322362;-0,145850866463454;20,9;35,2;-14,3;198;190;8;0,833333333333333;0,6;0,833333333333333;0,6;0,233333333333333;10;6;6;5;4;1;4;1;3;0;1;0
"735335";"2017-0410";"Monte Carlo Masters";"Clay";"64";"Masters";24;12;"Pablo Carreno Busta";"R";188;"ESP";25,7;35;"Fabio Fognini";"R";178;"ITA";29,9;"7-6(0) 6-7(4) 6-3";3;"R64";143;3;0;107;78;51;16;17;5;10;0;8;109;62;39;21;16;10;16;19;2025;29;1385;7;6;6;NA;NA;6;7;3;NA;NA;2017-04-17;2017;"2017-0410:24";511;1;1,75207248655641;1,14201900487243;12;"Pablo Carreno Busta";35;"Fabio Fognini";1,75207248655641;1,14201900487243;0,610053481683987;25,7;29,9;-4,2;188;178;10;0,5;0,625;0,5;0,625;-0,125;16;10;10;5;6;5;6;5;1;0;1;0
"735339";"2017-0410";"Monte Carlo Masters";"Clay";"64";"Masters";28;30;"Kyle Edmund";"R";188;"GBR";22,2;31;"Daniel Evans";"R";175;"GBR";26,9;"7-5 6-1";3;"R64";80;2;2;66;40;24;15;10;5;8;1;2;52;31;18;6;9;2;8;45;933;44;944;7;6;NA;NA;NA;5;1;NA;NA;NA;2017-04-17;2017;"2017-0410:28";512;1;0,508146903670325;0,540568381362703;30;"Kyle Edmund";31;"Daniel Evans";0,508146903670325;0,540568381362703;-0,0324214776923775;22,2;26,9;-4,7;188;175;13;0,625;0,25;0,625;0,25;0,375;8;8;2;5;6;3;6;3;3;0;1;0
"735340";"2017-0410";"Monte Carlo Masters";"Clay";"64";"Masters";29;60;"Feliciano Lopez";"L";188;"ESP";35,5;66;"Daniil Medvedev";"R";198;"RUS";21,1;"7-6(6) 7-5";3;"R64";NA;6;2;78;49;33;17;12;2;4;5;6;107;62;35;26;12;8;11;39;1045;62;789;7;7;NA;NA;NA;6;5;NA;NA;NA;2017-04-17;2017;"2017-0410:29";513;1;0,714597781137751;0,0458036896131251;60;"Feliciano Lopez";66;"Daniil Medvedev";0,714597781137751;0,0458036896131251;0,668794091524626;35,5;21,1;14,4;188;198;-10;0,5;0,727272727272727;0,5;0,727272727272727;-0,227272727272727;11;4;8;2;3;2;3;2;1;0;1;0
"735341";"2017-0410";"Monte Carlo Masters";"Clay";"64";"Masters";30;109;"Alexander Zverev";"R";198;"GER";19,9;90;"Andreas Seppi";"R";190;"ITA";33,1;"6-1 6-2";3;"R64";68;3;3;43;21;17;14;7;2;2;1;3;61;27;19;9;8;5;10;20;2005;75;685;6;6;NA;NA;NA;1;2;NA;NA;NA;2017-04-17;2017;"2017-0410:30";514;0;1,67807190511264;-0,22881869049588;90;"Andreas Seppi";109;"Alexander Zverev";-0,22881869049588;1,67807190511264;-1,90689059560852;33,1;19,9;13,2;190;198;-8;1;0,5;0,5;1;-0,5;10;2;5;2;5;0;0;5;-5;0;1;0
"735342";"2017-0410";"Monte Carlo Masters";"Clay";"64";"Masters";31;5;"Roberto Bautista Agut";"R";183;"ESP";29;4;"Nikoloz Basilashvili";"R";185;"GEO";25,1;"1-6 6-3 7-5";3;"R64";126;5;0;80;55;35;14;14;3;7;0;4;88;53;34;17;14;6;10;18;2145;59;809;1;6;7;NA;NA;6;3;5;NA;NA;2017-04-17;2017;"2017-0410:31";515;0;1,83007499855769;0,117356950638158;4;"Nikoloz Basilashvili";5;"Roberto Bautista Agut";0,117356950638158;1,83007499855769;-1,71271804791953;25,1;29;-3,9;185;183;2;0,428571428571429;0,6;0,6;0,428571428571429;0,171428571428571;10;7;6;3;4;4;4;4;0;0;1;0
"735343";"2017-0410";"Monte Carlo Masters";"Clay";"64";"Masters";32;89;"Diego Schwartzman";"R";170;"ARG";24,6;100;"Bernard Tomic";"R";193;"AUS";24,4;"6-1 7-6(3)";3;"R64";78;3;3;67;41;28;16;9;3;4;6;1;78;51;31;10;10;5;9;41;982;43;950;6;7;NA;NA;NA;1;6;NA;NA;NA;2017-04-17;2017;"2017-0410:32";516;1;0,642447995381916;0,573735245297902;89;"Diego Schwartzman";100;"Bernard Tomic";0,642447995381916;0,573735245297902;0,0687127500840141;24,6;24,4;0,200000000000003;170;193;-23;0,75;0,555555555555556;0,75;0,555555555555556;0,194444444444444;9;4;5;3;4;1;4;1;3;0;1;0
"735344";"2017-0410";"Monte Carlo Masters";"Clay";"64";"Masters";33;97;"Jan Lennard Struff";"R";193;"GER";26,9;88;"Casper Ruud";"R";183;"NOR";18,3;"6-4 6-4";3;"R64";NA;4;2;56;30;27;11;10;5;7;2;0;62;46;27;8;10;5;9;58;813;127;448;6;6;NA;NA;NA;4;4;NA;NA;NA;2017-04-17;2017;"2017-0410:33";517;0;0,142019004872428;-0,988684686772165;88;"Casper Ruud";97;"Jan Lennard Struff";-0,988684686772165;0,142019004872428;-1,13070369164459;18,3;26,9;-8,6;183;193;-10;0,714285714285714;0,555555555555556;0,555555555555556;0,714285714285714;-0,158730158730159;9;7;5;5;4;2;2;4;-2;0;1;0
"735349";"2017-0410";"Monte Carlo Masters";"Clay";"64";"Masters";38;95;"Joao Sousa";"R";185;"POR";28;64;"Florian Mayer";"R";190;"GER";33,5;"6-3 6-2";3;"R64";62;6;4;61;37;28;13;9;8;8;0;3;46;29;19;6;8;0;3;36;1080;48;923;6;6;NA;NA;NA;3;2;NA;NA;NA;2017-04-17;2017;"2017-0410:38";518;0;0,830074998557688;0,415037499278844;64;"Florian Mayer";95;"Joao Sousa";0,415037499278844;0,830074998557688;-0,415037499278844;33,5;28;5,5;190;185;5;1;0;0;1;-1;3;8;0;8;3;0;0;3;-3;0;1;0
"735351";"2017-0410";"Monte Carlo Masters";"Clay";"64";"Masters";40;15;"Jeremy Chardy";"R";188;"FRA";30,1;18;"Borna Coric";"R";188;"CRO";20,4;"7-6(3) 3-6 6-3";3;"R64";NA;8;5;89;57;47;17;15;3;4;12;3;134;87;59;21;15;6;7;71;710;49;915;7;3;6;NA;NA;6;6;3;NA;NA;2017-04-17;2017;"2017-0410:40";519;1;-0,149747119504682;0,385290155884792;15;"Jeremy Chardy";18;"Borna Coric";-0,149747119504682;0,385290155884792;-0,535037275389474;30,1;20,4;9,7;188;188;0;0,75;0,857142857142857;0,75;0,857142857142857;-0,107142857142857;7;4;6;3;1;1;1;1;0;0;1;0
"735357";"2017-0410";"Monte Carlo Masters";"Clay";"64";"Masters";46;28;"Novak Djokovic";"R";188;"SRB";29,9;92;"Gilles Simon";"R";183;"FRA";32,3;"6-3 3-6 7-5";3;"R32";NA;2;1;83;51;32;19;15;1;6;0;1;93;52;31;20;15;10;16;2;7905;32;1255;6;3;7;NA;NA;3;6;5;NA;NA;2017-04-17;2017;"2017-0410:46";520;1;5;1;28;"Novak Djokovic";92;"Gilles Simon";5;1;4;29,9;32,3;-2,4;188;183;5;0,166666666666667;0,625;0,166666666666667;0,625;-0,458333333333333;16;6;10;1;6;5;6;5;1;0;1;0
"735358";"2017-0410";"Monte Carlo Masters";"Clay";"64";"Masters";47;12;"Pablo Carreno Busta";"R";188;"ESP";25,7;53;"Karen Khachanov";"R";198;"RUS";20,9;"6-4 6-4";3;"R32";88;2;0;66;45;29;8;10;8;12;0;1;62;32;21;8;10;5;11;19;2025;52;877;6;6;NA;NA;NA;4;4;NA;NA;NA;2017-04-17;2017;"2017-0410:47";521;1;1,75207248655641;0,299560281858908;12;"Pablo Carreno Busta";53;"Karen Khachanov";1,75207248655641;0,299560281858908;1,45251220469751;25,7;20,9;4,8;188;198;-10;0,666666666666667;0,454545454545455;0,666666666666667;0,454545454545455;0,212121212121212;11;12;5;8;6;4;6;4;2;0;1;0
"735360";"2017-0410";"Monte Carlo Masters";"Clay";"64";"Masters";49;98;"Dominic Thiem";"R";185;"AUT";23,6;46;"Robin Haase";"R";190;"NED";30;"6-3 6-2";3;"R32";61;3;2;48;29;25;9;9;0;1;0;0;47;27;16;8;8;1;5;9;3385;46;933;6;6;NA;NA;NA;3;2;NA;NA;NA;2017-04-17;2017;"2017-0410:49";522;0;2,83007499855769;0,476438043942987;46;"Robin Haase";98;"Dominic Thiem";0,476438043942987;2,83007499855769;-2,3536369546147;30;23,6;6,4;190;185;5;0;0,2;0,2;0;0,2;5;1;1;0;4;1;1;4;-3;0;1;0
"735361";"2017-0410";"Monte Carlo Masters";"Clay";"64";"Masters";50;74;"Rafael Nadal";"L";185;"ESP";30,8;30;"Kyle Edmund";"R";188;"GBR";22,2;"6-0 5-7 6-3";3;"R32";138;1;3;73;48;32;11;13;3;7;0;4;98;66;33;15;14;3;11;7;3735;45;933;6;5;6;NA;NA;0;7;3;NA;NA;2017-04-17;2017;"2017-0410:50";523;0;3,1926450779424;0,508146903670325;30;"Kyle Edmund";74;"Rafael Nadal";0,508146903670325;3,1926450779424;-2,68449817427207;22,2;30,8;-8,6;188;185;3;0,428571428571429;0,272727272727273;0,272727272727273;0,428571428571429;-0,155844155844156;11;7;3;3;8;4;4;8;-4;0;1;0
"735362";"2017-0410";"Monte Carlo Masters";"Clay";"64";"Masters";51;109;"Alexander Zverev";"R";198;"GER";19,9;60;"Feliciano Lopez";"L";188;"ESP";35,5;"6-0 6-4";3;"R32";59;5;3;43;27;21;10;8;1;2;5;0;57;38;18;8;8;4;9;20;2005;39;1045;6;6;NA;NA;NA;0;4;NA;NA;NA;2017-04-17;2017;"2017-0410:51";524;0;1,67807190511264;0,714597781137751;60;"Feliciano Lopez";109;"Alexander Zverev";0,714597781137751;1,67807190511264;-0,963474123974886;35,5;19,9;15,6;188;198;-10;0,5;0,444444444444444;0,444444444444444;0,5;-0,0555555555555556;9;2;4;1;5;1;1;5;-4;0;1;0
"735363";"2017-0410";"Monte Carlo Masters";"Clay";"64";"Masters";52;89;"Diego Schwartzman";"R";170;"ARG";24,6;5;"Roberto Bautista Agut";"R";183;"ESP";29;"6-3 7-6(3)";3;"R32";107;0;3;77;44;23;14;10;6;12;0;1;70;48;21;6;11;3;11;41;982;18;2145;6;7;NA;NA;NA;3;6;NA;NA;NA;2017-04-17;2017;"2017-0410:52";525;0;0,642447995381916;1,83007499855769;5;"Roberto Bautista Agut";89;"Diego Schwartzman";1,83007499855769;0,642447995381916;1,18762700317577;29;24,6;4,4;183;170;13;0,5;0,272727272727273;0,272727272727273;0,5;-0,227272727272727;11;12;3;6;8;6;6;8;-2;0;1;0
"735364";"2017-0410";"Monte Carlo Masters";"Clay";"64";"Masters";53;97;"Jan Lennard Struff";"R";193;"GER";26,9;26;"Grigor Dimitrov";"R";188;"BUL";25,9;"4-6 6-3 6-2";3;"R32";117;10;1;87;54;40;18;14;1;2;4;6;88;53;34;19;13;7;10;58;813;11;2880;4;6;6;NA;NA;6;3;2;NA;NA;2017-04-17;2017;"2017-0410:53";526;0;0,142019004872428;2,5405683813627;26;"Grigor Dimitrov";97;"Jan Lennard Struff";2,5405683813627;0,142019004872428;2,39854937649027;25,9;26,9;-1;188;193;-5;0,5;0,7;0,7;0,5;0,2;10;2;7;1;3;1;1;3;-2;0;1;0
"735367";"2017-0410";"Monte Carlo Masters";"Clay";"64";"Masters";56;19;"Pablo Cuevas";"R";180;"URU";31,2;95;"Joao Sousa";"R";185;"POR";28;"6-3 6-3";3;"R32";NA;1;0;51;28;22;17;9;2;2;6;2;67;42;25;13;9;5;8;27;1425;36;1080;6;6;NA;NA;NA;3;3;NA;NA;NA;2017-04-17;2017;"2017-0410:56";527;1;1,24511249783653;0,830074998557688;19;"Pablo Cuevas";95;"Joao Sousa";1,24511249783653;0,830074998557688;0,415037499278844;31,2;28;3,2;180;185;-5;1;0,625;1;0,625;0,375;8;2;5;2;3;0;3;0;3;0;1;0
"735369";"2017-0410";"Monte Carlo Masters";"Clay";"64";"Masters";58;16;"Marin Cilic";"R";198;"CRO";28,5;15;"Jeremy Chardy";"R";188;"FRA";30,1;"6-3 6-0";3;"R32";66;8;2;48;27;25;7;8;1;2;1;3;47;24;13;7;7;5;10;8;3385;71;710;6;6;NA;NA;NA;3;0;NA;NA;NA;2017-04-17;2017;"2017-0410:58";528;0;3;-0,149747119504682;15;"Jeremy Chardy";16;"Marin Cilic";-0,149747119504682;3;-3,14974711950468;30,1;28,5;1,6;188;198;-10;0,5;0,5;0,5;0,5;0;10;2;5;1;5;1;1;5;-4;0;1;0
"735373";"2017-0410";"Monte Carlo Masters";"Clay";"64";"Masters";62;28;"Novak Djokovic";"R";188;"SRB";29,9;12;"Pablo Carreno Busta";"R";188;"ESP";25,7;"6-2 4-6 6-4";3;"R16";146;2;5;96;58;44;14;14;8;12;0;0;96;74;42;8;14;8;14;2;7905;19;2025;6;4;6;NA;NA;2;6;4;NA;NA;2017-04-17;2017;"2017-0410:62";529;0;5;1,75207248655641;12;"Pablo Carreno Busta";28;"Novak Djokovic";1,75207248655641;5;-3,24792751344359;25,7;29,9;-4,2;188;188;0;0,666666666666667;0,571428571428571;0,571428571428571;0,666666666666667;-0,0952380952380952;14;12;8;8;6;4;4;6;-2;0;1;0
"735374";"2017-0410";"Monte Carlo Masters";"Clay";"64";"Masters";63;43;"David Goffin";"R";180;"BEL";26,3;98;"Dominic Thiem";"R";185;"AUT";23,6;"7-6(4) 4-6 6-3";3;"R16";134;2;3;93;46;33;29;16;0;4;4;3;99;66;41;18;15;5;9;13;2705;9;3385;7;4;6;NA;NA;6;6;3;NA;NA;2017-04-17;2017;"2017-0410:63";530;1;2,29956028185891;2,83007499855769;43;"David Goffin";98;"Dominic Thiem";2,29956028185891;2,83007499855769;-0,53051471669878;26,3;23,6;2,7;180;185;-5;0;0,555555555555556;0;0,555555555555556;-0,555555555555556;9;4;5;0;4;4;4;4;0;0;1;0
"735375";"2017-0410";"Monte Carlo Masters";"Clay";"64";"Masters";64;74;"Rafael Nadal";"L";185;"ESP";30,8;109;"Alexander Zverev";"R";198;"GER";19,9;"6-1 6-1";3;"R16";68;1;2;35;20;16;12;7;0;0;2;1;57;38;18;8;7;7;12;7;3735;20;2005;6;6;NA;NA;NA;1;1;NA;NA;NA;2017-04-17;2017;"2017-0410:64";531;1;3,1926450779424;1,67807190511264;74;"Rafael Nadal";109;"Alexander Zverev";3,1926450779424;1,67807190511264;1,51457317282976;30,8;19,9;10,9;185;198;-13;1,5;0,583333333333333;1,5;0,583333333333333;0,916666666666667;12;0;7;0;5;0;5;0;5;0;1;0
"735376";"2017-0410";"Monte Carlo Masters";"Clay";"64";"Masters";65;89;"Diego Schwartzman";"R";170;"ARG";24,6;97;"Jan Lennard Struff";"R";193;"GER";26,9;"6-3 6-0";3;"R16";70;1;0;48;36;25;9;7;5;5;2;3;56;30;17;9;8;6;11;41;982;58;813;6;6;NA;NA;NA;3;0;NA;NA;NA;2017-04-17;2017;"2017-0410:65";532;1;0,642447995381916;0,142019004872428;89;"Diego Schwartzman";97;"Jan Lennard Struff";0,642447995381916;0,142019004872428;0,500428990509488;24,6;26,9;-2,3;170;193;-23;1;0,545454545454545;1;0,545454545454545;0,454545454545455;11;5;6;5;5;0;5;0;5;0;1;0
"735378";"2017-0410";"Monte Carlo Masters";"Clay";"64";"Masters";67;19;"Pablo Cuevas";"R";180;"URU";31,2;107;"Stan Wawrinka";"R";183;"SUI";32;"6-4 6-4";3;"R16";76;2;1;48;30;25;15;10;0;0;2;2;75;46;29;15;10;6;8;27;1425;3;5605;6;6;NA;NA;NA;4;4;NA;NA;NA;2017-04-17;2017;"2017-0410:67";533;1;1,24511249783653;4,41503749927884;19;"Pablo Cuevas";107;"Stan Wawrinka";1,24511249783653;4,41503749927884;-3,16992500144231;31,2;32;-0,800000000000001;180;183;-3;1,5;0,75;1,5;0,75;0,75;8;0;6;0;2;0;2;0;2;0;1;0
"735379";"2017-0410";"Monte Carlo Masters";"Clay";"64";"Masters";68;16;"Marin Cilic";"R";198;"CRO";28,5;8;"Tomas Berdych";"R";196;"CZE";31,5;"6-2 7-6(0)";3;"R16";120;4;2;69;31;25;21;10;3;4;3;2;90;49;32;16;10;11;14;8;3385;12;2780;6;7;NA;NA;NA;2;6;NA;NA;NA;2017-04-17;2017;"2017-0410:68";534;0;3;2,41503749927884;8;"Tomas Berdych";16;"Marin Cilic";2,41503749927884;3;-0,584962500721156;31,5;28,5;3;196;198;-2;0,75;0,785714285714286;0,785714285714286;0,75;0,0357142857142857;14;4;11;3;3;1;1;3;-2;0;1;0
"735380";"2017-0410";"Monte Carlo Masters";"Clay";"64";"Masters";69;85;"Albert Ramos";"L";188;"ESP";29,2;72;"Andy Murray";"R";190;"GBR";29,9;"2-6 6-2 7-5";3;"R16";152;0;3;99;68;38;14;14;6;12;6;2;87;52;30;13;14;7;14;24;1625;1;11600;2;6;7;NA;NA;6;2;5;NA;NA;2017-04-17;2017;"2017-0410:69";535;0;1,41503749927884;6;72;"Andy Murray";85;"Albert Ramos";6;1,41503749927884;4,58496250072116;29,9;29,2;0,699999999999999;190;188;2;0,5;0,5;0,5;0,5;0;14;12;7;6;7;6;6;7;-1;0;1;0
"735381";"2017-0410";"Monte Carlo Masters";"Clay";"64";"Masters";70;43;"David Goffin";"R";180;"BEL";26,3;28;"Novak Djokovic";"R";188;"SRB";29,9;"6-2 3-6 7-5";3;"QF";157;3;2;100;53;32;28;14;7;9;4;4;110;71;47;18;15;13;17;13;2705;2;7905;6;3;7;NA;NA;2;6;5;NA;NA;2017-04-17;2017;"2017-0410:70";536;0;2,29956028185891;5;28;"Novak Djokovic";43;"David Goffin";5;2,29956028185891;2,70043971814109;29,9;26,3;3,6;188;180;8;0,777777777777778;0,764705882352941;0,764705882352941;0,777777777777778;-0,0130718954248367;17;9;13;7;4;2;2;4;-2;0;1;0
"735382";"2017-0410";"Monte Carlo Masters";"Clay";"64";"Masters";71;74;"Rafael Nadal";"L";185;"ESP";30,8;89;"Diego Schwartzman";"R";170;"ARG";24,6;"6-4 6-4";3;"QF";99;2;1;58;39;22;9;10;2;6;1;0;58;30;15;12;10;2;8;7;3735;41;982;6;6;NA;NA;NA;4;4;NA;NA;NA;2017-04-17;2017;"2017-0410:71";537;1;3,1926450779424;0,642447995381916;74;"Rafael Nadal";89;"Diego Schwartzman";3,1926450779424;0,642447995381916;2,55019708256048;30,8;24,6;6,2;185;170;15;0,333333333333333;0,25;0,333333333333333;0,25;0,0833333333333333;8;6;2;2;6;4;6;4;2;0;1;0
"735383";"2017-0410";"Monte Carlo Masters";"Clay";"64";"Masters";72;83;"Lucas Pouille";"R";185;"FRA";23,1;19;"Pablo Cuevas";"R";180;"URU";31,2;"6-0 3-6 7-5";3;"QF";117;2;4;91;45;31;22;13;8;12;7;5;83;47;32;10;14;3;10;17;2306;27;1425;6;3;7;NA;NA;0;6;5;NA;NA;2017-04-17;2017;"2017-0410:72";538;0;1,91253715874966;1,24511249783653;19;"Pablo Cuevas";83;"Lucas Pouille";1,24511249783653;1,91253715874966;-0,667424660913129;31,2;23,1;8,1;180;185;-5;0,666666666666667;0,3;0,3;0,666666666666667;-0,366666666666667;10;12;3;8;7;4;4;7;-3;0;1;0
"735384";"2017-0410";"Monte Carlo Masters";"Clay";"64";"Masters";73;85;"Albert Ramos";"L";188;"ESP";29,2;16;"Marin Cilic";"R";198;"CRO";28,5;"6-2 6-7(5) 6-2";3;"QF";152;4;1;97;61;37;22;14;3;5;5;3;92;45;30;19;14;6;12;24;1625;8;3385;6;6;6;NA;NA;2;7;2;NA;NA;2017-04-17;2017;"2017-0410:73";539;0;1,41503749927884;3;16;"Marin Cilic";85;"Albert Ramos";3;1,41503749927884;1,58496250072116;28,5;29,2;-0,699999999999999;198;188;10;0,6;0,5;0,5;0,6;-0,1;12;5;6;3;6;2;2;6;-4;0;1;0
"735385";"2017-0410";"Monte Carlo Masters";"Clay";"64";"Masters";74;74;"Rafael Nadal";"L";185;"ESP";30,8;43;"David Goffin";"R";180;"BEL";26,3;"6-3 6-1";3;"SF";89;4;0;42;28;19;12;8;3;4;4;0;66;36;20;12;8;6;11;7;3735;13;2705;6;6;NA;NA;NA;3;1;NA;NA;NA;2017-04-17;2017;"2017-0410:74";540;0;3,1926450779424;2,29956028185891;43;"David Goffin";74;"Rafael Nadal";2,29956028185891;3,1926450779424;-0,893084796083488;26,3;30,8;-4,5;180;185;-5;0,75;0,545454545454545;0,545454545454545;0,75;-0,204545454545455;11;4;6;3;5;1;1;5;-4;0;1;0
"735386";"2017-0410";"Monte Carlo Masters";"Clay";"64";"Masters";75;85;"Albert Ramos";"L";188;"ESP";29,2;83;"Lucas Pouille";"R";185;"FRA";23,1;"6-3 5-7 6-1";3;"SF";135;3;2;103;59;43;22;14;7;9;0;4;83;45;26;19;14;1;6;24;1625;17;2306;6;5;6;NA;NA;3;7;1;NA;NA;2017-04-17;2017;"2017-0410:75";541;0;1,41503749927884;1,91253715874966;83;"Lucas Pouille";85;"Albert Ramos";1,91253715874966;1,41503749927884;0,497499659470817;23,1;29,2;-6,1;185;188;-3;0,777777777777778;0,166666666666667;0,166666666666667;0,777777777777778;-0,611111111111111;6;9;1;7;5;2;2;5;-3;0;1;0
"735387";"2017-0410";"Monte Carlo Masters";"Clay";"64";"Masters";76;74;"Rafael Nadal";"L";185;"ESP";30,8;85;"Albert Ramos";"L";188;"ESP";29,2;"6-1 6-3";3;"F";76;5;1;41;31;25;7;8;0;0;0;2;52;29;16;10;8;7;11;7;3735;24;1625;6;6;NA;NA;NA;1;3;NA;NA;NA;2017-04-17;2017;"2017-0410:76";542;1;3,1926450779424;1,41503749927884;74;"Rafael Nadal";85;"Albert Ramos";3,1926450779424;1,41503749927884;1,77760757866355;30,8;29,2;1,6;185;188;-3;1,5;0,636363636363636;1,5;0,636363636363636;0,863636363636364;11;0;7;0;4;0;4;0;4;0;1;0
"737072";"2017-M021";"Madrid Masters";"Clay";"64";"Masters";9;108;"Mikhail Youzhny";"R";183;"RUS";34,8;11;"Roberto Carballes Baena";"R";183;"ESP";24,1;"3-6 6-3 6-4";3;"Q1";125;0;3;101;57;40;18;14;8;12;3;8;78;39;28;17;14;0;5;83;624;135;435;3;6;6;NA;NA;6;3;4;NA;NA;2017-05-08;2017;"2017-M021:9";543;0;-0,375039431346925;-1,07681559705083;11;"Roberto Carballes Baena";108;"Mikhail Youzhny";-1,07681559705083;-0,375039431346925;-0,701776165703906;24,1;34,8;-10,7;183;183;0;0,666666666666667;0;0;0,666666666666667;-0,666666666666667;5;12;0;8;5;4;4;5;-1;0;1;0
"737077";"2017-M021";"Madrid Masters";"Clay";"64";"Masters";14;62;"Adrian Mannarino";"L";183;"FRA";28,8;71;"Jaume Munar";"R";183;"ESP";20;"3-6 7-6(3) 6-3";3;"Q1";132;1;2;109;78;45;15;16;8;13;4;4;81;47;33;16;14;4;8;50;911;249;206;3;7;6;NA;NA;6;6;3;NA;NA;2017-05-08;2017;"2017-M021:14";544;1;0,356143810225276;-1,96000193206808;62;"Adrian Mannarino";71;"Jaume Munar";0,356143810225276;-1,96000193206808;2,31614574229336;28,8;20;8,8;183;183;0;0,615384615384615;0,5;0,615384615384615;0,5;0,115384615384615;8;13;4;8;4;5;4;5;-1;0;1;0
"737080";"2017-M021";"Madrid Masters";"Clay";"64";"Masters";17;47;"Pierre Hugues Herbert";"R";188;"FRA";26,1;90;"Andreas Seppi";"R";190;"ITA";33,2;"7-6(3) 7-6(5)";3;"Q2";106;11;1;81;38;31;24;12;1;3;4;1;84;48;34;20;12;2;4;88;592;72;705;7;7;NA;NA;NA;6;6;NA;NA;NA;2017-05-08;2017;"2017-M021:17";545;1;-0,459431618637297;-0,169925001442312;47;"Pierre Hugues Herbert";90;"Andreas Seppi";-0,459431618637297;-0,169925001442312;-0,289506617194985;26,1;33,2;-7,1;188;190;-2;0,333333333333333;0,5;0,333333333333333;0,5;-0,166666666666667;4;3;2;1;2;2;2;2;0;0;1;0
"737087";"2017-M021";"Madrid Masters";"Clay";"64";"Masters";24;92;"Gilles Simon";"R";183;"FRA";32,3;69;"Gael Monfils";"R";193;"FRA";30,6;"0-6 6-0 7-6(0)";3;"R64";121;2;10;94;53;33;22;12;9;13;3;4;72;49;30;8;12;0;4;32;1165;16;2365;0;6;7;NA;NA;6;0;6;NA;NA;2017-05-08;2017;"2017-M021:24";546;0;1;2;69;"Gael Monfils";92;"Gilles Simon";2;1;1;30,6;32,3;-1,7;193;183;10;0,692307692307692;0;0;0,692307692307692;-0,692307692307692;4;13;0;9;4;4;4;4;0;0;1;0
"737090";"2017-M021";"Madrid Masters";"Clay";"64";"Masters";27;89;"Diego Schwartzman";"R";170;"ARG";24,7;85;"Albert Ramos";"L";188;"ESP";29,3;"6-1 6-3";3;"R64";70;0;0;51;35;21;10;8;4;6;1;1;46;29;12;5;8;2;8;40;1002;17;2180;6;6;NA;NA;NA;1;3;NA;NA;NA;2017-05-08;2017;"2017-M021:27";547;0;0,678071905112637;1,91253715874966;85;"Albert Ramos";89;"Diego Schwartzman";1,91253715874966;0,678071905112637;1,23446525363702;29,3;24,7;4,6;188;170;18;0,666666666666667;0,25;0,25;0,666666666666667;-0,416666666666667;8;6;2;4;6;2;2;6;-4;0;1;0
"737091";"2017-M021";"Madrid Masters";"Clay";"64";"Masters";28;35;"Fabio Fognini";"R";178;"ITA";29,9;95;"Joao Sousa";"R";185;"POR";28,1;"6-4 6-4";3;"R64";67;3;2;55;40;31;10;10;0;0;5;0;55;36;25;11;10;2;4;29;1235;41;945;6;6;NA;NA;NA;4;4;NA;NA;NA;2017-05-08;2017;"2017-M021:28";548;1;1,14201900487243;0,642447995381916;35;"Fabio Fognini";95;"Joao Sousa";1,14201900487243;0,642447995381916;0,499571009490512;29,9;28,1;1,8;178;185;-7;1,5;0,5;1,5;0,5;1;4;0;2;0;2;0;2;0;2;0;1;0
"737094";"2017-M021";"Madrid Masters";"Clay";"64";"Masters";31;43;"David Goffin";"R";180;"BEL";26,4;53;"Karen Khachanov";"R";198;"RUS";20,9;"6-2 7-6(8)";3;"R64";101;3;3;69;33;25;22;10;2;3;1;2;77;38;26;17;10;7;10;10;3055;42;940;6;7;NA;NA;NA;2;6;NA;NA;NA;2017-05-08;2017;"2017-M021:31";549;1;2,67807190511264;0,607682577221239;43;"David Goffin";53;"Karen Khachanov";2,67807190511264;0,607682577221239;2,0703893278914;26,4;20,9;5,5;180;198;-18;0,666666666666667;0,7;0,666666666666667;0,7;-0,0333333333333333;10;3;7;2;3;1;3;1;2;0;1;0
"737097";"2017-M021";"Madrid Masters";"Clay";"64";"Masters";34;109;"Alexander Zverev";"R";198;"GER";20;105;"Fernando Verdasco";"L";188;"ESP";33,4;"7-5 6-3";3;"R64";83;7;3;61;44;30;10;11;0;2;1;1;62;43;28;6;10;3;7;19;2165;35;1120;7;6;NA;NA;NA;5;3;NA;NA;NA;2017-05-08;2017;"2017-M021:34";550;0;1,75207248655641;0,870716983055034;105;"Fernando Verdasco";109;"Alexander Zverev";0,870716983055034;1,75207248655641;-0,881355503501381;33,4;20;13,4;188;198;-10;0;0,428571428571429;0,428571428571429;0;0,428571428571429;7;2;3;0;4;2;2;4;-2;0;1;0
"737098";"2017-M021";"Madrid Masters";"Clay";"64";"Masters";35;46;"Robin Haase";"R";190;"NED";30;31;"Daniel Evans";"R";175;"GBR";26,9;"7-5 6-2";3;"R64";80;8;0;70;48;35;11;10;6;7;2;1;53;39;24;5;10;1;5;45;933;58;834;7;6;NA;NA;NA;5;2;NA;NA;NA;2017-05-08;2017;"2017-M021:35";551;0;0,508146903670325;0,142019004872428;31;"Daniel Evans";46;"Robin Haase";0,142019004872428;0,508146903670325;-0,366127898797897;26,9;30;-3,1;175;190;-15;0,857142857142857;0,2;0,2;0,857142857142857;-0,657142857142857;5;7;1;6;4;1;1;4;-3;0;1;0
"737102";"2017-M021";"Madrid Masters";"Clay";"64";"Masters";39;79;"Benoit Paire";"R";196;"FRA";28;12;"Pablo Carreno Busta";"R";188;"ESP";25,8;"6-3 6-4";3;"R64";75;5;4;80;44;34;18;10;9;10;2;0;54;44;29;5;9;3;6;52;900;18;2170;6;6;NA;NA;NA;3;4;NA;NA;NA;2017-05-08;2017;"2017-M021:39";552;0;0,299560281858908;1,83007499855769;12;"Pablo Carreno Busta";79;"Benoit Paire";1,83007499855769;0,299560281858908;1,53051471669878;25,8;28;-2,2;188;196;-8;0,9;0,5;0,5;0,9;-0,4;6;10;3;9;3;1;1;3;-2;0;1;0
"737105";"2017-M021";"Madrid Masters";"Clay";"64";"Masters";42;26;"Grigor Dimitrov";"R";188;"BUL";25,9;55;"Philipp Kohlschreiber";"R";178;"GER";33,5;"7-6(7) 6-4";3;"R64";107;9;4;79;50;39;14;11;4;6;4;2;81;47;33;18;11;4;7;12;2820;37;1070;7;6;NA;NA;NA;6;4;NA;NA;NA;2017-05-08;2017;"2017-M021:42";553;1;2,41503749927884;0,79054663437105;26;"Grigor Dimitrov";55;"Philipp Kohlschreiber";2,41503749927884;0,79054663437105;1,62449086490779;25,9;33,5;-7,6;188;178;10;0,666666666666667;0,571428571428571;0,666666666666667;0,571428571428571;0,0952380952380952;7;6;4;4;3;2;3;2;1;0;1;0
"737106";"2017-M021";"Madrid Masters";"Clay";"64";"Masters";43;47;"Pierre Hugues Herbert";"R";188;"FRA";26,1;83;"Lucas Pouille";"R";185;"FRA";23,2;"7-6(5) 6-7(4) 6-3";3;"R64";129;22;4;103;72;61;16;17;3;4;4;3;102;63;49;23;16;3;5;88;592;13;2696;7;6;6;NA;NA;6;7;3;NA;NA;2017-05-08;2017;"2017-M021:43";554;1;-0,459431618637297;2,29956028185891;47;"Pierre Hugues Herbert";83;"Lucas Pouille";-0,459431618637297;2,29956028185891;-2,7589919004962;26,1;23,2;2,9;188;185;3;0,75;0,6;0,75;0,6;0,15;5;4;3;3;2;1;2;1;1;0;1;0
"737112";"2017-M021";"Madrid Masters";"Clay";"64";"Masters";49;75;"Kei Nishikori";"R";178;"JPN";27,3;89;"Diego Schwartzman";"R";170;"ARG";24,7;"1-6 6-0 6-4";3;"R32";120;5;0;92;60;36;14;11;9;13;1;5;82;52;31;8;12;7;13;8;3650;40;1002;1;6;6;NA;NA;6;0;4;NA;NA;2017-05-08;2017;"2017-M021:49";555;1;3;0,678071905112637;75;"Kei Nishikori";89;"Diego Schwartzman";3;0,678071905112637;2,32192809488736;27,3;24,7;2,6;178;170;8;0,692307692307692;0,538461538461538;0,692307692307692;0,538461538461538;0,153846153846154;13;13;7;9;6;4;6;4;2;0;1;0
"737113";"2017-M021";"Madrid Masters";"Clay";"64";"Masters";50;74;"Rafael Nadal";"L";185;"ESP";30,9;35;"Fabio Fognini";"R";178;"ITA";29,9;"7-6(3) 3-6 6-4";3;"R32";177;5;5;122;77;52;22;15;12;16;3;3;111;76;50;15;16;7;11;5;4375;29;1235;7;3;6;NA;NA;6;6;4;NA;NA;2017-05-08;2017;"2017-M021:50";556;0;3,67807190511264;1,14201900487243;35;"Fabio Fognini";74;"Rafael Nadal";1,14201900487243;3,67807190511264;-2,53605290024021;29,9;30,9;-1;178;185;-7;0,75;0,636363636363636;0,636363636363636;0,75;-0,113636363636364;11;16;7;12;4;4;4;4;0;0;1;0
"737115";"2017-M021";"Madrid Masters";"Clay";"64";"Masters";52;43;"David Goffin";"R";180;"BEL";26,4;64;"Florian Mayer";"R";190;"GER";33,5;"7-6(3) 6-0";3;"R32";74;9;1;54;37;29;14;9;0;0;1;0;67;45;26;11;9;3;6;10;3055;51;901;7;6;NA;NA;NA;6;0;NA;NA;NA;2017-05-08;2017;"2017-M021:52";557;1;2,67807190511264;0,327574658028505;43;"David Goffin";64;"Florian Mayer";2,67807190511264;0,327574658028505;2,35049724708413;26,4;33,5;-7,1;180;190;-10;1,5;0,5;1,5;0,5;1;6;0;3;0;3;0;3;0;3;0;1;0
"737117";"2017-M021";"Madrid Masters";"Clay";"64";"Masters";54;109;"Alexander Zverev";"R";198;"GER";20;16;"Marin Cilic";"R";198;"CRO";28,6;"6-7(3) 6-3 6-4";3;"R32";154;7;3;117;77;55;23;16;7;8;12;0;107;59;45;24;15;8;11;19;2165;7;3725;6;6;6;NA;NA;7;3;4;NA;NA;2017-05-08;2017;"2017-M021:54";558;0;1,75207248655641;3,1926450779424;16;"Marin Cilic";109;"Alexander Zverev";3,1926450779424;1,75207248655641;1,44057259138598;28,6;20;8,6;198;198;0;0,875;0,727272727272727;0,727272727272727;0,875;-0,147727272727273;11;8;8;7;3;1;1;3;-2;0;1;0
"737120";"2017-M021";"Madrid Masters";"Clay";"64";"Masters";57;79;"Benoit Paire";"R";196;"FRA";28;107;"Stan Wawrinka";"R";183;"SUI";32,1;"7-5 4-6 6-2";3;"R32";108;10;4;101;61;45;19;15;6;9;7;2;89;62;41;12;15;5;10;52;900;3;5685;7;4;6;NA;NA;5;6;2;NA;NA;2017-05-08;2017;"2017-M021:57";559;1;0,299560281858908;4,41503749927884;79;"Benoit Paire";107;"Stan Wawrinka";0,299560281858908;4,41503749927884;-4,11547721741994;28;32,1;-4,1;196;183;13;0,666666666666667;0,5;0,666666666666667;0,5;0,166666666666667;10;9;5;6;5;3;5;3;2;0;1;0
"737123";"2017-M021";"Madrid Masters";"Clay";"64";"Masters";60;18;"Borna Coric";"R";188;"CRO";20,4;47;"Pierre Hugues Herbert";"R";188;"FRA";26,1;"7-5 6-4";3;"R32";86;5;1;61;43;36;11;11;1;1;9;1;65;43;31;12;11;1;3;59;825;88;592;7;6;NA;NA;NA;5;4;NA;NA;NA;2017-05-08;2017;"2017-M021:60";560;1;0,117356950638158;-0,459431618637297;18;"Borna Coric";47;"Pierre Hugues Herbert";0,117356950638158;-0,459431618637297;0,576788569275456;20,4;26,1;-5,7;188;188;0;1;0,333333333333333;1;0,333333333333333;0,666666666666667;3;1;1;1;2;0;2;0;2;0;1;0
"737125";"2017-M021";"Madrid Masters";"Clay";"64";"Masters";62;28;"Novak Djokovic";"R";188;"SRB";29,9;60;"Feliciano Lopez";"L";188;"ESP";35,6;"6-4 7-5";3;"R16";93;6;1;65;44;35;13;11;1;1;5;0;56;35;29;12;11;3;5;2;7085;38;1045;6;7;NA;NA;NA;4;5;NA;NA;NA;2017-05-08;2017;"2017-M021:62";561;1;5;0,752072486556415;28;"Novak Djokovic";60;"Feliciano Lopez";5;0,752072486556415;4,24792751344359;29,9;35,6;-5,7;188;188;0;1;0,6;1;0,6;0,4;5;1;3;1;2;0;2;0;2;0;1;0
"737126";"2017-M021";"Madrid Masters";"Clay";"64";"Masters";63;75;"Kei Nishikori";"R";178;"JPN";27,3;34;"David Ferrer";"R";175;"ESP";35;"6-4 6-3";3;"R16";85;1;0;51;33;24;11;9;1;2;1;3;52;33;21;8;10;1;5;8;3650;30;1230;6;6;NA;NA;NA;4;3;NA;NA;NA;2017-05-08;2017;"2017-M021:63";562;0;3;1,09310940439148;34;"David Ferrer";75;"Kei Nishikori";1,09310940439148;3;-1,90689059560852;35;27,3;7,7;175;178;-3;0,5;0,2;0,2;0,5;-0,3;5;2;1;1;4;1;1;4;-3;0;1;0
"737128";"2017-M021";"Madrid Masters";"Clay";"64";"Masters";65;43;"David Goffin";"R";180;"BEL";26,4;86;"Milos Raonic";"R";196;"CAN";26,3;"6-4 6-2";3;"R16";74;4;1;48;34;26;8;9;0;1;5;3;53;26;19;8;9;4;8;10;3055;6;4135;6;6;NA;NA;NA;4;2;NA;NA;NA;2017-05-08;2017;"2017-M021:65";563;1;2,67807190511264;3,41503749927884;43;"David Goffin";86;"Milos Raonic";2,67807190511264;3,41503749927884;-0,736965594166206;26,4;26,3;0,0999999999999979;180;196;-16;0;0,5;0;0,5;-0,5;8;1;4;0;4;1;4;1;3;0;1;0
"737129";"2017-M021";"Madrid Masters";"Clay";"64";"Masters";66;109;"Alexander Zverev";"R";198;"GER";20;8;"Tomas Berdych";"R";196;"CZE";31,6;"6-4 6-4";3;"R16";74;5;0;52;36;26;10;10;2;4;1;1;56;33;24;9;10;4;8;19;2165;14;2690;6;6;NA;NA;NA;4;4;NA;NA;NA;2017-05-08;2017;"2017-M021:66";564;0;1,75207248655641;2,1926450779424;8;"Tomas Berdych";109;"Alexander Zverev";2,1926450779424;1,75207248655641;0,440572591385981;31,6;20;11,6;196;198;-2;0,5;0,5;0,5;0,5;0;8;4;4;2;4;2;2;4;-2;0;1;0
"737130";"2017-M021";"Madrid Masters";"Clay";"64";"Masters";67;19;"Pablo Cuevas";"R";180;"URU";31,3;79;"Benoit Paire";"R";196;"FRA";28;"7-5 0-6 6-1";3;"R16";96;1;1;63;46;31;9;12;1;4;8;7;93;48;35;17;13;9;13;27;1490;52;900;7;0;6;NA;NA;5;6;1;NA;NA;2017-05-08;2017;"2017-M021:67";565;1;1,24511249783653;0,299560281858908;19;"Pablo Cuevas";79;"Benoit Paire";1,24511249783653;0,299560281858908;0,945552215977624;31,3;28;3,3;180;196;-16;0,25;0,692307692307692;0,25;0,692307692307692;-0,442307692307692;13;4;9;1;4;3;4;3;1;0;1;0
"737131";"2017-M021";"Madrid Masters";"Clay";"64";"Masters";68;98;"Dominic Thiem";"R";185;"AUT";23,6;26;"Grigor Dimitrov";"R";188;"BUL";25,9;"4-6 6-4 7-6(9)";3;"R16";154;9;3;118;72;53;22;16;8;12;6;3;105;65;49;19;16;3;7;9;3615;12;2820;4;6;7;NA;NA;6;4;6;NA;NA;2017-05-08;2017;"2017-M021:68";566;0;2,83007499855769;2,41503749927884;26;"Grigor Dimitrov";98;"Dominic Thiem";2,41503749927884;2,83007499855769;-0,415037499278844;25,9;23,6;2,3;188;185;3;0,666666666666667;0,428571428571429;0,428571428571429;0,666666666666667;-0,238095238095238;7;12;3;8;4;4;4;4;0;0;1;0
"737132";"2017-M021";"Madrid Masters";"Clay";"64";"Masters";69;18;"Borna Coric";"R";188;"CRO";20,4;72;"Andy Murray";"R";190;"GBR";29,9;"6-3 6-3";3;"R16";85;3;1;53;31;23;12;9;4;5;3;1;52;32;22;7;9;4;8;59;825;1;11270;6;6;NA;NA;NA;3;3;NA;NA;NA;2017-05-08;2017;"2017-M021:69";567;1;0,117356950638158;6;18;"Borna Coric";72;"Andy Murray";0,117356950638158;6;-5,88264304936184;20,4;29,9;-9,5;188;190;-2;0,8;0,5;0,8;0,5;0,3;8;5;4;4;4;1;4;1;3;0;1;0
"737134";"2017-M021";"Madrid Masters";"Clay";"64";"Masters";71;74;"Rafael Nadal";"L";185;"ESP";30,9;43;"David Goffin";"R";180;"BEL";26,4;"7-6(3) 6-2";3;"QF";119;0;0;66;46;35;13;10;5;5;2;3;82;50;32;14;10;12;14;5;4375;10;3055;7;6;NA;NA;NA;6;2;NA;NA;NA;2017-05-08;2017;"2017-M021:71";568;0;3,67807190511264;2,67807190511264;43;"David Goffin";74;"Rafael Nadal";2,67807190511264;3,67807190511264;-1;26,4;30,9;-4,5;180;185;-5;1;0,857142857142857;0,857142857142857;1;-0,142857142857143;14;5;12;5;2;0;0;2;-2;0;1;0
"737135";"2017-M021";"Madrid Masters";"Clay";"64";"Masters";72;19;"Pablo Cuevas";"R";180;"URU";31,3;109;"Alexander Zverev";"R";198;"GER";20;"3-6 6-0 6-4";3;"QF";90;0;3;63;38;28;16;12;0;1;11;4;77;52;39;9;13;5;9;27;1490;19;2165;3;6;6;NA;NA;6;0;4;NA;NA;2017-05-08;2017;"2017-M021:72";569;1;1,24511249783653;1,75207248655641;19;"Pablo Cuevas";109;"Alexander Zverev";1,24511249783653;1,75207248655641;-0,506959988719883;31,3;20;11,3;180;198;-18;0;0,555555555555556;0;0,555555555555556;-0,555555555555556;9;1;5;0;4;1;4;1;3;0;1;0
"737136";"2017-M021";"Madrid Masters";"Clay";"64";"Masters";73;98;"Dominic Thiem";"R";185;"AUT";23,6;18;"Borna Coric";"R";188;"CRO";20,4;"6-1 6-4";3;"QF";79;0;0;49;31;25;13;9;3;3;3;1;56;38;26;6;8;3;6;9;3615;59;825;6;6;NA;NA;NA;1;4;NA;NA;NA;2017-05-08;2017;"2017-M021:73";570;0;2,83007499855769;0,117356950638158;18;"Borna Coric";98;"Dominic Thiem";0,117356950638158;2,83007499855769;-2,71271804791953;20,4;23,6;-3,2;188;185;3;1;0,5;0,5;1;-0,5;6;3;3;3;3;0;0;3;-3;0;1;0
"737137";"2017-M021";"Madrid Masters";"Clay";"64";"Masters";74;74;"Rafael Nadal";"L";185;"ESP";30,9;28;"Novak Djokovic";"R";188;"SRB";29,9;"6-2 6-4";3;"SF";98;2;1;57;36;28;10;9;1;2;4;2;56;39;22;7;9;2;6;5;4375;2;7085;6;6;NA;NA;NA;2;4;NA;NA;NA;2017-05-08;2017;"2017-M021:74";571;0;3,67807190511264;5;28;"Novak Djokovic";74;"Rafael Nadal";5;3,67807190511264;1,32192809488736;29,9;30,9;-1;188;185;3;0,5;0,333333333333333;0,333333333333333;0,5;-0,166666666666667;6;2;2;1;4;1;1;4;-3;0;1;0
"737138";"2017-M021";"Madrid Masters";"Clay";"64";"Masters";75;98;"Dominic Thiem";"R";185;"AUT";23,6;19;"Pablo Cuevas";"R";180;"URU";31,3;"6-4 6-4";3;"SF";83;3;0;52;38;32;8;10;0;0;1;4;76;50;35;12;10;8;10;9;3615;27;1490;6;6;NA;NA;NA;4;4;NA;NA;NA;2017-05-08;2017;"2017-M021:75";572;0;2,83007499855769;1,24511249783653;19;"Pablo Cuevas";98;"Dominic Thiem";1,24511249783653;2,83007499855769;-1,58496250072116;31,3;23,6;7,7;180;185;-5;1,5;0,8;0,8;1,5;-0,7;10;0;8;0;2;0;0;2;-2;0;1;0
"737139";"2017-M021";"Madrid Masters";"Clay";"64";"Masters";76;74;"Rafael Nadal";"L";185;"ESP";30,9;98;"Dominic Thiem";"R";185;"AUT";23,6;"7-6(8) 6-4";3;"F";137;4;4;87;60;43;16;11;5;6;4;1;80;59;40;11;11;6;8;5;4375;9;3615;7;6;NA;NA;NA;6;4;NA;NA;NA;2017-05-08;2017;"2017-M021:76";573;1;3,67807190511264;2,83007499855769;74;"Rafael Nadal";98;"Dominic Thiem";3,67807190511264;2,83007499855769;0,84799690655495;30,9;23,6;7,3;185;185;0;0,833333333333333;0,75;0,833333333333333;0,75;0,0833333333333334;8;6;6;5;2;1;2;1;1;0;1;0
"737858";"2017-M009";"Rome Masters";"Clay";"64";"Masters";12;62;"Adrian Mannarino";"L";183;"FRA";28,8;13;"Salvatore Caruso";"R";185;"ITA";24,4;"4-6 6-4 7-5";3;"Q1";154;6;1;106;65;38;21;16;9;15;5;2;93;62;39;13;16;10;17;47;926;198;272;4;6;7;NA;NA;6;4;5;NA;NA;2017-05-15;2017;"2017-M009:12";574;0;0,445411148322362;-1,62935662007961;13;"Salvatore Caruso";62;"Adrian Mannarino";-1,62935662007961;0,445411148322362;-2,07476776840197;24,4;28,8;-4,4;185;183;2;0,6;0,588235294117647;0,588235294117647;0,6;-0,0117647058823529;17;15;10;9;7;6;6;7;-1;0;1;0
"737860";"2017-M009";"Rome Masters";"Clay";"64";"Masters";14;97;"Jan Lennard Struff";"R";193;"GER";27;20;"Taro Daniel";"R";191;"JPN";24,2;"6-1 6-2";3;"Q1";58;10;1;43;27;23;10;8;2;2;1;4;43;24;16;5;7;2;6;52;893;97;544;6;6;NA;NA;NA;1;2;NA;NA;NA;2017-05-15;2017;"2017-M009:14";575;0;0,299560281858908;-0,599912842187128;20;"Taro Daniel";97;"Jan Lennard Struff";-0,599912842187128;0,299560281858908;-0,899473124046036;24,2;27;-2,8;191;193;-2;1;0,333333333333333;0,333333333333333;1;-0,666666666666667;6;2;2;2;4;0;0;4;-4;0;1;0
"737869";"2017-M009";"Rome Masters";"Clay";"64";"Masters";23;5;"Roberto Bautista Agut";"R";183;"ESP";29;29;"Alexandr Dolgopolov";"R";180;"UKR";28,5;"6-4 6-2";3;"R64";65;5;3;52;32;24;12;9;0;1;4;2;56;32;17;14;9;1;5;20;2110;89;585;6;6;NA;NA;NA;4;2;NA;NA;NA;2017-05-15;2017;"2017-M009:23";576;1;1,67807190511264;-0,475733430966398;5;"Roberto Bautista Agut";29;"Alexandr Dolgopolov";1,67807190511264;-0,475733430966398;2,15380533607904;29;28,5;0,5;183;180;3;0;0,2;0;0,2;-0,2;5;1;1;0;4;1;4;1;3;0;1;0
"737870";"2017-M009";"Rome Masters";"Clay";"64";"Masters";24;12;"Pablo Carreno Busta";"R";188;"ESP";25,8;92;"Gilles Simon";"R";183;"FRA";32,3;"6-3 6-3";3;"R64";74;3;1;45;34;23;7;9;3;5;2;1;54;26;15;12;9;2;7;21;2090;31;1210;6;6;NA;NA;NA;3;3;NA;NA;NA;2017-05-15;2017;"2017-M009:24";577;1;1,60768257722124;1,04580368961313;12;"Pablo Carreno Busta";92;"Gilles Simon";1,60768257722124;1,04580368961313;0,561878887608114;25,8;32,3;-6,5;188;183;5;0,6;0,285714285714286;0,6;0,285714285714286;0,314285714285714;7;5;2;3;5;2;5;2;3;0;1;0
"737871";"2017-M009";"Rome Masters";"Clay";"64";"Masters";25;23;"Juan Martin del Potro";"R";198;"ARG";28,6;26;"Grigor Dimitrov";"R";188;"BUL";25,9;"3-6 6-2 6-3";3;"R64";128;7;0;76;43;33;18;13;3;5;4;7;80;47;31;18;13;7;11;34;1125;11;2900;3;6;6;NA;NA;6;2;3;NA;NA;2017-05-15;2017;"2017-M009:25";578;1;0,912537158749661;2,5405683813627;23;"Juan Martin del Potro";26;"Grigor Dimitrov";0,912537158749661;2,5405683813627;-1,62803122261304;28,6;25,9;2,7;198;188;10;0,6;0,636363636363636;0,6;0,636363636363636;-0,0363636363636364;11;5;7;3;4;2;4;2;2;0;1;0
"737872";"2017-M009";"Rome Masters";"Clay";"64";"Masters";26;30;"Kyle Edmund";"R";188;"GBR";22,3;95;"Joao Sousa";"R";185;"POR";28,1;"6-3 6-4";3;"R64";69;12;0;57;34;26;17;10;3;3;5;0;45;28;21;10;9;0;2;53;878;51;910;6;6;NA;NA;NA;3;4;NA;NA;NA;2017-05-15;2017;"2017-M009:26";579;1;0,272079545436801;0,327574658028505;30;"Kyle Edmund";95;"Joao Sousa";0,272079545436801;0,327574658028505;-0,0554951125917036;22,3;28,1;-5,8;188;185;3;1;0;1;0;1;2;3;0;3;2;0;2;0;2;0;1;0
"737877";"2017-M009";"Rome Masters";"Clay";"64";"Masters";31;84;"Sam Querrey";"R";198;"USA";29,6;83;"Lucas Pouille";"R";185;"FRA";23,2;"7-6(6) 7-6(8)";3;"R64";113;14;3;90;55;46;16;12;2;3;9;7;92;46;34;24;12;2;3;28;1400;16;2330;7;7;NA;NA;NA;6;6;NA;NA;NA;2017-05-15;2017;"2017-M009:31";580;0;1,1926450779424;2;83;"Lucas Pouille";84;"Sam Querrey";2;1,1926450779424;0,807354922057604;23,2;29,6;-6,4;185;198;-13;0,666666666666667;0,666666666666667;0,666666666666667;0,666666666666667;0;3;3;2;2;1;1;1;1;0;0;1;0
"737878";"2017-M009";"Rome Masters";"Clay";"64";"Masters";32;97;"Jan Lennard Struff";"R";193;"GER";27;100;"Bernard Tomic";"R";193;"AUS";24,5;"6-7(8) 6-1 6-4";3;"R64";121;18;6;97;54;43;29;15;3;3;9;1;97;62;43;18;14;5;8;52;893;40;1015;6;6;6;NA;NA;7;1;4;NA;NA;2017-05-15;2017;"2017-M009:32";581;1;0,299560281858908;0,678071905112637;97;"Jan Lennard Struff";100;"Bernard Tomic";0,299560281858908;0,678071905112637;-0,378511623253729;27;24,5;2,5;193;193;0;1;0,625;1;0,625;0,375;8;3;5;3;3;0;3;0;3;0;1;0
"737882";"2017-M009";"Rome Masters";"Clay";"64";"Masters";36;43;"David Goffin";"R";180;"BEL";26,4;7;"Thomaz Bellucci";"L";188;"BRA";29,3;"6-7(5) 6-3 6-4";3;"R64";151;9;2;95;56;43;16;16;4;8;5;4;95;56;37;15;15;0;6;10;3055;59;821;6;6;6;NA;NA;7;3;4;NA;NA;2017-05-15;2017;"2017-M009:36";582;0;2,67807190511264;0,117356950638158;7;"Thomaz Bellucci";43;"David Goffin";0,117356950638158;2,67807190511264;-2,56071495447448;29,3;26,4;2,9;188;180;8;0,5;0;0;0,5;-0,5;6;8;0;4;6;4;4;6;-2;0;1;0
"737883";"2017-M009";"Rome Masters";"Clay";"64";"Masters";37;50;"John Isner";"R";206;"USA";32;85;"Albert Ramos";"L";188;"ESP";29,3;"6-7(4) 7-6(4) 6-1";3;"R64";127;32;3;93;71;61;13;16;0;0;6;1;94;71;54;14;15;1;3;24;1705;19;2145;6;7;6;NA;NA;7;6;1;NA;NA;2017-05-15;2017;"2017-M009:37";583;1;1,41503749927884;1,75207248655641;50;"John Isner";85;"Albert Ramos";1,41503749927884;1,75207248655641;-0,337034987277571;32;29,3;2,7;206;188;18;1,5;0,333333333333333;1,5;0,333333333333333;1,16666666666667;3;0;1;0;2;0;2;0;2;0;1;0
"737885";"2017-M009";"Rome Masters";"Clay";"64";"Masters";39;79;"Benoit Paire";"R";196;"FRA";28;61;"Nicolas Mahut";"R";190;"FRA";35,3;"6-3 6-4";3;"R64";72;3;2;53;31;25;12;10;2;4;0;1;55;34;19;11;9;4;8;44;945;48;925;6;6;NA;NA;NA;3;4;NA;NA;NA;2017-05-15;2017;"2017-M009:39";584;0;0,540568381362703;0,415037499278844;61;"Nicolas Mahut";79;"Benoit Paire";0,415037499278844;0,540568381362703;-0,125530882083859;35,3;28;7,3;190;196;-6;0,5;0,5;0,5;0,5;0;8;4;4;2;4;2;2;4;-2;0;1;0
"737889";"2017-M009";"Rome Masters";"Clay";"64";"Masters";43;109;"Alexander Zverev";"R";198;"GER";20;1;"Kevin Anderson";"R";203;"RSA";30,9;"6-4 4-6 6-4";3;"R64";145;4;3;92;62;44;16;15;3;5;5;2;102;62;42;22;15;10;13;17;2300;63;810;6;4;6;NA;NA;4;6;4;NA;NA;2017-05-15;2017;"2017-M009:43";585;0;1,91253715874966;0,0227200765000832;1;"Kevin Anderson";109;"Alexander Zverev";0,0227200765000832;1,91253715874966;-1,88981708224958;30,9;20;10,9;203;198;5;0,6;0,769230769230769;0,769230769230769;0,6;0,169230769230769;13;5;10;3;3;2;2;3;-1;0;1;0
"737891";"2017-M009";"Rome Masters";"Clay";"64";"Masters";45;35;"Fabio Fognini";"R";178;"ITA";29,9;9;"Matteo Berrettini";"R";196;"ITA";21;"6-1 6-3";3;"R64";70;0;2;39;21;19;13;8;0;0;1;3;61;31;19;11;8;6;10;29;1270;249;205;6;6;NA;NA;NA;1;3;NA;NA;NA;2017-05-15;2017;"2017-M009:45";586;0;1,14201900487243;-1,96000193206808;9;"Matteo Berrettini";35;"Fabio Fognini";-1,96000193206808;1,14201900487243;-3,10202093694051;21;29,9;-8,9;196;178;18;1,5;0,6;0,6;1,5;-0,9;10;0;6;0;4;0;0;4;-4;0;1;0
"737892";"2017-M009";"Rome Masters";"Clay";"64";"Masters";46;28;"Novak Djokovic";"R";188;"SRB";29,9;6;"Aljaz Bedene";"R";181;"SLO";27,8;"7-6(2) 6-2";3;"R32";105;4;0;68;48;36;11;10;1;2;4;1;74;48;29;14;10;4;7;2;6845;55;848;7;6;NA;NA;NA;6;2;NA;NA;NA;2017-05-15;2017;"2017-M009:46";587;0;5;0,21864028647534;6;"Aljaz Bedene";28;"Novak Djokovic";0,21864028647534;5;-4,78135971352466;27,8;29,9;-2,1;181;188;-7;0,5;0,571428571428571;0,571428571428571;0,5;0,0714285714285714;7;2;4;1;3;1;1;3;-2;0;1;0
"737893";"2017-M009";"Rome Masters";"Clay";"64";"Masters";47;5;"Roberto Bautista Agut";"R";183;"ESP";29;12;"Pablo Carreno Busta";"R";188;"ESP";25,8;"6-7(6) 6-1 6-4";3;"R32";158;1;0;114;76;54;18;14;7;9;4;1;96;67;40;15;15;1;7;20;2110;21;2090;6;6;6;NA;NA;7;1;4;NA;NA;2017-05-15;2017;"2017-M009:47";588;1;1,67807190511264;1,60768257722124;5;"Roberto Bautista Agut";12;"Pablo Carreno Busta";1,67807190511264;1,60768257722124;0,0703893278913981;29;25,8;3,2;183;188;-5;0,777777777777778;0,142857142857143;0,777777777777778;0,142857142857143;0,634920634920635;7;9;1;7;6;2;6;2;4;0;1;0
"737895";"2017-M009";"Rome Masters";"Clay";"64";"Masters";49;75;"Kei Nishikori";"R";178;"JPN";27,3;34;"David Ferrer";"R";175;"ESP";35,1;"7-5 6-2";3;"R32";81;3;1;57;43;29;8;10;1;3;5;2;56;31;19;11;10;7;12;9;3470;30;1230;7;6;NA;NA;NA;5;2;NA;NA;NA;2017-05-15;2017;"2017-M009:49";589;0;2,83007499855769;1,09310940439148;34;"David Ferrer";75;"Kei Nishikori";1,09310940439148;2,83007499855769;-1,73696559416621;35,1;27,3;7,8;175;178;-3;0,333333333333333;0,583333333333333;0,583333333333333;0,333333333333333;0,25;12;3;7;1;5;2;2;5;-3;0;1;0
"737898";"2017-M009";"Rome Masters";"Clay";"64";"Masters";52;84;"Sam Querrey";"R";198;"USA";29,6;97;"Jan Lennard Struff";"R";193;"GER";27;"6-4 6-3";3;"R32";74;7;2;63;36;29;15;10;2;2;4;1;66;35;23;17;9;4;6;28;1400;52;893;6;6;NA;NA;NA;4;3;NA;NA;NA;2017-05-15;2017;"2017-M009:52";590;1;1,1926450779424;0,299560281858908;84;"Sam Querrey";97;"Jan Lennard Struff";1,1926450779424;0,299560281858908;0,893084796083488;29,6;27;2,6;198;193;5;1;0,666666666666667;1;0,666666666666667;0,333333333333333;6;2;4;2;2;0;2;0;2;0;1;0
"737899";"2017-M009";"Rome Masters";"Clay";"64";"Masters";53;98;"Dominic Thiem";"R";185;"AUT";23,6;19;"Pablo Cuevas";"R";180;"URU";31,3;"7-6(4) 6-4";3;"R32";103;3;2;65;34;26;20;11;2;4;2;5;82;53;35;13;11;7;10;7;4035;23;1840;7;6;NA;NA;NA;6;4;NA;NA;NA;2017-05-15;2017;"2017-M009:53";591;0;3,1926450779424;1,47643804394299;19;"Pablo Cuevas";98;"Dominic Thiem";1,47643804394299;3,1926450779424;-1,71620703399941;31,3;23,6;7,7;180;185;-5;0,5;0,7;0,7;0,5;0,2;10;4;7;2;3;2;2;3;-1;0;1;0
"737901";"2017-M009";"Rome Masters";"Clay";"64";"Masters";55;43;"David Goffin";"R";180;"BEL";26,4;105;"Fernando Verdasco";"L";188;"ESP";33,4;"3-6 6-3 6-2";3;"R32";115;4;2;92;51;36;22;13;10;13;4;3;69;54;35;5;13;4;9;10;3055;37;1085;3;6;6;NA;NA;6;3;2;NA;NA;2017-05-15;2017;"2017-M009:55";592;1;2,67807190511264;0,79054663437105;43;"David Goffin";105;"Fernando Verdasco";2,67807190511264;0,79054663437105;1,88752527074159;26,4;33,4;-7;180;188;-8;0,769230769230769;0,444444444444444;0,769230769230769;0,444444444444444;0,324786324786325;9;13;4;10;5;3;5;3;2;0;1;0
"737902";"2017-M009";"Rome Masters";"Clay";"64";"Masters";56;50;"John Isner";"R";206;"USA";32;64;"Florian Mayer";"R";190;"GER";33,6;"7-6(4) 7-6(4)";3;"R32";94;21;2;77;53;45;13;12;0;1;2;1;80;49;38;19;12;7;8;24;1705;46;928;7;7;NA;NA;NA;6;6;NA;NA;NA;2017-05-15;2017;"2017-M009:56";593;1;1,41503749927884;0,476438043942987;50;"John Isner";64;"Florian Mayer";1,41503749927884;0,476438043942987;0,938599455335857;32;33,6;-1,6;206;190;16;0;0,875;0;0,875;-0,875;8;1;7;0;1;1;1;1;0;0;1;0
"737903";"2017-M009";"Rome Masters";"Clay";"64";"Masters";57;107;"Stan Wawrinka";"R";183;"SUI";32,1;79;"Benoit Paire";"R";196;"FRA";28;"6-3 1-6 6-3";3;"R32";102;2;0;77;46;31;18;13;2;4;5;6;81;39;30;21;12;4;6;3;5605;44;945;6;1;6;NA;NA;3;6;3;NA;NA;2017-05-15;2017;"2017-M009:57";594;0;4,41503749927884;0,540568381362703;79;"Benoit Paire";107;"Stan Wawrinka";0,540568381362703;4,41503749927884;-3,87446911791614;28;32,1;-4,1;196;183;13;0,5;0,666666666666667;0,666666666666667;0,5;0,166666666666667;6;4;4;2;2;2;2;2;0;0;1;0
"737906";"2017-M009";"Rome Masters";"Clay";"64";"Masters";60;109;"Alexander Zverev";"R";198;"GER";20;102;"Viktor Troicki";"R";193;"SRB";31,2;"6-3 6-4";3;"R32";81;9;2;52;35;30;12;10;0;0;3;5;68;39;27;14;9;4;6;17;2300;36;1110;6;6;NA;NA;NA;3;4;NA;NA;NA;2017-05-15;2017;"2017-M009:60";595;0;1,91253715874966;0,830074998557688;102;"Viktor Troicki";109;"Alexander Zverev";0,830074998557688;1,91253715874966;-1,08246216019197;31,2;20;11,2;193;198;-5;1,5;0,666666666666667;0,666666666666667;1,5;-0,833333333333333;6;0;4;0;2;0;0;2;-2;0;1;0
"737907";"2017-M009";"Rome Masters";"Clay";"64";"Masters";61;35;"Fabio Fognini";"R";178;"ITA";29,9;72;"Andy Murray";"R";190;"GBR";30;"6-2 6-4";3;"R32";93;3;3;55;35;26;11;9;4;5;3;1;67;32;23;13;9;4;8;29;1270;1;10360;6;6;NA;NA;NA;2;4;NA;NA;NA;2017-05-15;2017;"2017-M009:61";596;1;1,14201900487243;6;35;"Fabio Fognini";72;"Andy Murray";1,14201900487243;6;-4,85798099512757;29,9;30;-0,100000000000001;178;190;-12;0,8;0,5;0,8;0,5;0,3;8;5;4;4;4;1;4;1;3;0;1;0
"737908";"2017-M009";"Rome Masters";"Clay";"64";"Masters";62;28;"Novak Djokovic";"R";188;"SRB";29,9;5;"Roberto Bautista Agut";"R";183;"ESP";29;"6-4 6-4";3;"R16";101;6;1;62;44;32;9;10;1;2;1;1;64;45;27;9;10;4;7;2;6845;20;2110;6;6;NA;NA;NA;4;4;NA;NA;NA;2017-05-15;2017;"2017-M009:62";597;0;5;1,67807190511264;5;"Roberto Bautista Agut";28;"Novak Djokovic";1,67807190511264;5;-3,32192809488736;29;29,9;-0,899999999999999;183;188;-5;0,5;0,571428571428571;0,571428571428571;0,5;0,0714285714285714;7;2;4;1;3;1;1;3;-2;0;1;0
"737909";"2017-M009";"Rome Masters";"Clay";"64";"Masters";63;23;"Juan Martin del Potro";"R";198;"ARG";28,6;75;"Kei Nishikori";"R";178;"JPN";27,3;"7-6(4) 6-3";3;"R16";114;8;3;69;40;33;13;11;0;2;1;1;64;37;24;14;10;2;5;34;1125;9;3470;7;6;NA;NA;NA;6;3;NA;NA;NA;2017-05-15;2017;"2017-M009:63";598;1;0,912537158749661;2,83007499855769;23;"Juan Martin del Potro";75;"Kei Nishikori";0,912537158749661;2,83007499855769;-1,91753783980803;28,6;27,3;1,3;198;178;20;0;0,4;0;0,4;-0,4;5;2;2;0;3;2;3;2;1;0;1;0
"737911";"2017-M009";"Rome Masters";"Clay";"64";"Masters";65;98;"Dominic Thiem";"R";185;"AUT";23,6;84;"Sam Querrey";"R";198;"USA";29,6;"3-6 6-3 7-6(7)";3;"R16";115;8;2;82;52;45;17;15;0;1;10;0;93;56;45;19;15;3;4;7;4035;28;1400;3;6;7;NA;NA;6;3;6;NA;NA;2017-05-15;2017;"2017-M009:65";599;0;3,1926450779424;1,1926450779424;84;"Sam Querrey";98;"Dominic Thiem";1,1926450779424;3,1926450779424;-2;29,6;23,6;6;198;185;13;0;0,75;0,75;0;0,75;4;1;3;0;1;1;1;1;0;0;1;0
"737912";"2017-M009";"Rome Masters";"Clay";"64";"Masters";66;16;"Marin Cilic";"R";198;"CRO";28,6;43;"David Goffin";"R";180;"BEL";26,4;"6-3 6-4";3;"R16";85;7;1;56;30;23;17;10;3;4;3;5;66;34;22;15;9;8;11;8;3735;10;3055;6;6;NA;NA;NA;3;4;NA;NA;NA;2017-05-15;2017;"2017-M009:66";600;1;3;2,67807190511264;16;"Marin Cilic";43;"David Goffin";3;2,67807190511264;0,321928094887362;28,6;26,4;2,2;198;180;18;0,75;0,727272727272727;0,75;0,727272727272727;0,0227272727272727;11;4;8;3;3;1;3;1;2;0;1;0
"737913";"2017-M009";"Rome Masters";"Clay";"64";"Masters";67;50;"John Isner";"R";206;"USA";32;107;"Stan Wawrinka";"R";183;"SUI";32,1;"7-6(1) 6-4";3;"R16";85;19;1;68;57;47;6;11;5;5;6;1;65;37;31;15;11;3;4;24;1705;3;5605;7;6;NA;NA;NA;6;4;NA;NA;NA;2017-05-15;2017;"2017-M009:67";601;1;1,41503749927884;4,41503749927884;50;"John Isner";107;"Stan Wawrinka";1,41503749927884;4,41503749927884;-3;32;32,1;-0,100000000000001;206;183;23;1;0,75;1;0,75;0,25;4;5;3;5;1;0;1;0;1;0;1;0
"737915";"2017-M009";"Rome Masters";"Clay";"64";"Masters";69;109;"Alexander Zverev";"R";198;"GER";20;35;"Fabio Fognini";"R";178;"ITA";29,9;"6-3 6-3";3;"R16";78;0;1;54;31;23;15;9;1;2;1;6;61;33;25;8;9;4;8;17;2300;29;1270;6;6;NA;NA;NA;3;3;NA;NA;NA;2017-05-15;2017;"2017-M009:69";602;0;1,91253715874966;1,14201900487243;35;"Fabio Fognini";109;"Alexander Zverev";1,14201900487243;1,91253715874966;-0,770518153877233;29,9;20;9,9;178;198;-20;0,5;0,5;0,5;0,5;0;8;2;4;1;4;1;1;4;-3;0;1;0
"737916";"2017-M009";"Rome Masters";"Clay";"64";"Masters";70;28;"Novak Djokovic";"R";188;"SRB";29,9;23;"Juan Martin del Potro";"R";198;"ARG";28,6;"6-1 6-4";3;"QF";NA;4;1;61;39;27;13;9;4;5;4;1;46;35;22;4;8;1;5;2;6845;34;1125;6;6;NA;NA;NA;1;4;NA;NA;NA;2017-05-15;2017;"2017-M009:70";603;0;5;0,912537158749661;23;"Juan Martin del Potro";28;"Novak Djokovic";0,912537158749661;5;-4,08746284125034;28,6;29,9;-1,3;198;188;10;0,8;0,2;0,2;0,8;-0,6;5;5;1;4;4;1;1;4;-3;0;1;0
"737917";"2017-M009";"Rome Masters";"Clay";"64";"Masters";71;98;"Dominic Thiem";"R";185;"AUT";23,6;74;"Rafael Nadal";"L";185;"ESP";30,9;"6-4 6-3";3;"QF";111;2;2;67;41;28;15;9;6;7;1;0;70;53;29;9;10;4;8;7;4035;4;5195;6;6;NA;NA;NA;4;3;NA;NA;NA;2017-05-15;2017;"2017-M009:71";604;0;3,1926450779424;4;74;"Rafael Nadal";98;"Dominic Thiem";4;3,1926450779424;0,807354922057604;30,9;23,6;7,3;185;185;0;0,857142857142857;0,5;0,5;0,857142857142857;-0,357142857142857;8;7;4;6;4;1;1;4;-3;0;1;0
"737918";"2017-M009";"Rome Masters";"Clay";"64";"Masters";72;50;"John Isner";"R";206;"USA";32;16;"Marin Cilic";"R";198;"CRO";28,6;"7-6(3) 2-6 7-6(2)";3;"QF";157;21;1;105;79;54;18;16;4;6;8;5;107;58;48;28;16;2;2;24;1705;8;3735;7;2;7;NA;NA;6;6;6;NA;NA;2017-05-15;2017;"2017-M009:72";605;0;1,41503749927884;3;16;"Marin Cilic";50;"John Isner";3;1,41503749927884;1,58496250072116;28,6;32;-3,4;198;206;-8;0,666666666666667;1;1;0,666666666666667;0,333333333333333;2;6;2;4;0;2;2;0;2;0;1;0
"737919";"2017-M009";"Rome Masters";"Clay";"64";"Masters";73;109;"Alexander Zverev";"R";198;"GER";20;86;"Milos Raonic";"R";196;"CAN";26,3;"7-6(4) 6-1";3;"QF";89;4;1;61;47;35;8;10;2;4;4;6;65;35;23;12;9;1;5;17;2300;6;4180;7;6;NA;NA;NA;6;1;NA;NA;NA;2017-05-15;2017;"2017-M009:73";606;0;1,91253715874966;3,41503749927884;86;"Milos Raonic";109;"Alexander Zverev";3,41503749927884;1,91253715874966;1,50250034052918;26,3;20;6,3;196;198;-2;0,5;0,2;0,2;0,5;-0,3;5;4;1;2;4;2;2;4;-2;0;1;0
"737920";"2017-M009";"Rome Masters";"Clay";"64";"Masters";74;28;"Novak Djokovic";"R";188;"SRB";29,9;98;"Dominic Thiem";"R";185;"AUT";23,6;"6-1 6-0";3;"SF";59;2;0;43;31;25;6;7;2;2;0;1;37;24;11;2;6;2;7;2;6845;7;4035;6;6;NA;NA;NA;1;0;NA;NA;NA;2017-05-15;2017;"2017-M009:74";607;1;5;3,1926450779424;28;"Novak Djokovic";98;"Dominic Thiem";5;3,1926450779424;1,8073549220576;29,9;23,6;6,3;188;185;3;1;0,285714285714286;1;0,285714285714286;0,714285714285714;7;2;2;2;5;0;5;0;5;0;1;0
"737921";"2017-M009";"Rome Masters";"Clay";"64";"Masters";75;109;"Alexander Zverev";"R";198;"GER";20;50;"John Isner";"R";206;"USA";32;"6-4 6-7(5) 6-1";3;"SF";117;12;3;82;59;52;13;15;3;3;8;0;89;70;48;10;14;2;5;17;2300;24;1705;6;6;6;NA;NA;4;7;1;NA;NA;2017-05-15;2017;"2017-M009:75";608;0;1,91253715874966;1,41503749927884;50;"John Isner";109;"Alexander Zverev";1,41503749927884;1,91253715874966;-0,497499659470817;32;20;12;206;198;8;1;0,4;0,4;1;-0,6;5;3;2;3;3;0;0;3;-3;0;1;0
"737922";"2017-M009";"Rome Masters";"Clay";"64";"Masters";76;109;"Alexander Zverev";"R";198;"GER";20;28;"Novak Djokovic";"R";188;"SRB";29,9;"6-4 6-3";3;"F";81;7;2;45;32;27;9;9;0;0;1;3;67;43;30;9;10;2;5;17;2300;2;6845;6;6;NA;NA;NA;4;3;NA;NA;NA;2017-05-15;2017;"2017-M009:76";609;0;1,91253715874966;5;28;"Novak Djokovic";109;"Alexander Zverev";5;1,91253715874966;3,08746284125034;29,9;20;9,9;188;198;-10;1,5;0,4;0,4;1,5;-1,1;5;0;2;0;3;0;0;3;-3;0;1;0
"765677";"2018-0410";"Monte Carlo Masters";"Clay";"64";"Masters";2;61;"Nicolas Mahut";"R";190;"FRA";36,2;24;"Federico Delbonis";"L";190;"ARG";27,5;"6-4 6-3";3;"Q1";86;4;2;69;36;25;18;10;7;9;0;5;66;38;24;11;9;5;9;111;508;79;710;6;6;NA;NA;NA;4;3;NA;NA;NA;2018-04-16;2018;"2018-0410:2";610;0;-0,794415866350106;-0,303780748177103;24;"Federico Delbonis";61;"Nicolas Mahut";-0,303780748177103;-0,794415866350106;0,490635118173003;27,5;36,2;-8,7;190;190;0;0,777777777777778;0,555555555555556;0,555555555555556;0,777777777777778;-0,222222222222222;9;9;5;7;4;2;2;4;-2;0;1;0
"765680";"2018-0410";"Monte Carlo Masters";"Clay";"64";"Masters";5;47;"Pierre Hugues Herbert";"R";188;"FRA";27;101;"Stefano Travaglia";"R";185;"ITA";26,2;"7-5 6-7(3) 7-6(4)";3;"Q1";165;12;1;108;71;60;19;18;5;7;8;1;125;62;46;37;18;4;7;82;690;109;515;7;6;7;NA;NA;5;7;6;NA;NA;2018-04-16;2018;"2018-0410:5";611;1;-0,357552004618084;-0,768184324776926;47;"Pierre Hugues Herbert";101;"Stefano Travaglia";-0,357552004618084;-0,768184324776926;0,410632320158842;27;26,2;0,800000000000001;188;185;3;0,714285714285714;0,571428571428571;0,714285714285714;0,571428571428571;0,142857142857143;7;7;4;5;3;2;3;2;1;0;1;0
"765686";"2018-0410";"Monte Carlo Masters";"Clay";"64";"Masters";11;14;"Marco Cecchinato";"R";185;"ITA";25,5;57;"Mikhail Kukushkin";"R";183;"KAZ";30,3;"6-3 6-4";3;"Q1";80;5;1;67;43;32;9;10;4;6;0;2;61;34;19;13;9;8;12;100;606;95;634;6;6;NA;NA;NA;3;4;NA;NA;NA;2018-04-16;2018;"2018-0410:11";612;1;-0,643856189774724;-0,569855608330948;14;"Marco Cecchinato";57;"Mikhail Kukushkin";-0,643856189774724;-0,569855608330948;-0,0740005814437765;25,5;30,3;-4,8;185;183;2;0,666666666666667;0,666666666666667;0,666666666666667;0,666666666666667;0;12;6;8;4;4;2;4;2;2;0;1;0
"765687";"2018-0410";"Monte Carlo Masters";"Clay";"64";"Masters";12;38;"Guillermo Garcia Lopez";"R";188;"ESP";34,8;94;"Lorenzo Sonego";"R";191;"ITA";22,9;"6-4 6-3";3;"Q1";87;1;2;53;39;32;7;9;2;2;3;2;66;36;23;16;10;6;9;68;798;159;352;6;6;NA;NA;NA;4;3;NA;NA;NA;2018-04-16;2018;"2018-0410:12";613;1;-0,0874628412503391;-1,31288295528436;38;"Guillermo Garcia Lopez";94;"Lorenzo Sonego";-0,0874628412503391;-1,31288295528436;1,22542011403402;34,8;22,9;11,9;188;191;-3;1;0,666666666666667;1;0,666666666666667;0,333333333333333;9;2;6;2;3;0;3;0;3;0;1;0
"765689";"2018-0410";"Monte Carlo Masters";"Clay";"64";"Masters";14;90;"Andreas Seppi";"R";190;"ITA";34,1;22;"Alex De Minaur";"R";183;"AUS";19,1;"6-4 7-5";3;"Q1";114;3;3;76;48;33;12;11;8;11;2;3;81;39;20;20;11;3;8;62;851;112;505;6;7;NA;NA;NA;4;5;NA;NA;NA;2018-04-16;2018;"2018-0410:14";614;0;0,0458036896131251;-0,807354922057604;22;"Alex De Minaur";90;"Andreas Seppi";-0,807354922057604;0,0458036896131251;-0,853158611670729;19,1;34,1;-15;183;190;-7;0,727272727272727;0,375;0,375;0,727272727272727;-0,352272727272727;8;11;3;8;5;3;3;5;-2;0;1;0
"765690";"2018-0410";"Monte Carlo Masters";"Clay";"64";"Masters";15;15;"Jeremy Chardy";"R";188;"FRA";31,1;61;"Nicolas Mahut";"R";190;"FRA";36,2;"6-4 6-1";3;"Q2";69;5;1;54;34;28;11;9;4;4;1;3;51;33;24;4;8;1;4;84;685;111;508;6;6;NA;NA;NA;4;1;NA;NA;NA;2018-04-16;2018;"2018-0410:15";615;1;-0,392317422778761;-0,794415866350106;15;"Jeremy Chardy";61;"Nicolas Mahut";-0,392317422778761;-0,794415866350106;0,402098443571345;31,1;36,2;-5,1;188;190;-2;1;0,25;1;0,25;0,75;4;4;1;4;3;0;3;0;3;0;1;0
"765695";"2018-0410";"Monte Carlo Masters";"Clay";"64";"Masters";20;14;"Marco Cecchinato";"R";185;"ITA";25,5;38;"Guillermo Garcia Lopez";"R";188;"ESP";34,8;"6-4 6-2";3;"Q2";72;2;4;51;34;23;8;9;3;5;0;2;53;31;15;9;9;3;8;100;606;68;798;6;6;NA;NA;NA;4;2;NA;NA;NA;2018-04-16;2018;"2018-0410:20";616;1;-0,643856189774724;-0,0874628412503391;14;"Marco Cecchinato";38;"Guillermo Garcia Lopez";-0,643856189774724;-0,0874628412503391;-0,556393348524385;25,5;34,8;-9,3;185;188;-3;0,6;0,375;0,6;0,375;0,225;8;5;3;3;5;2;5;2;3;0;1;0
"765703";"2018-0410";"Monte Carlo Masters";"Clay";"64";"Masters";28;75;"Kei Nishikori";"R";178;"JPN";28,2;8;"Tomas Berdych";"R";196;"CZE";32,5;"4-6 6-2 6-1";3;"R64";105;3;3;65;36;28;17;12;2;4;1;6;73;35;17;21;13;6;12;36;1280;18;2140;4;6;6;NA;NA;6;2;1;NA;NA;2018-04-16;2018;"2018-0410:28";617;0;0,830074998557688;1,83007499855769;8;"Tomas Berdych";75;"Kei Nishikori";1,83007499855769;0,830074998557688;1;32,5;28,2;4,3;196;178;18;0,5;0,5;0,5;0,5;0;12;4;6;2;6;2;2;6;-4;0;1;0
"765704";"2018-0410";"Monte Carlo Masters";"Clay";"64";"Masters";29;66;"Daniil Medvedev";"R";198;"RUS";22,1;37;"Marton Fucsovics";"R";188;"HUN";26,1;"6-7(4) 6-2 7-5";3;"R64";165;2;2;117;65;47;30;16;7;8;1;6;115;55;39;31;16;10;14;49;984;59;864;6;6;7;NA;NA;7;2;5;NA;NA;2018-04-16;2018;"2018-0410:29";618;0;0,385290155884792;0,117356950638158;37;"Marton Fucsovics";66;"Daniil Medvedev";0,117356950638158;0,385290155884792;-0,267933205246633;26,1;22,1;4;188;198;-10;0,875;0,714285714285714;0,714285714285714;0,875;-0,160714285714286;14;8;10;7;4;1;1;4;-3;0;1;0
"765709";"2018-0410";"Monte Carlo Masters";"Clay";"64";"Masters";34;89;"Diego Schwartzman";"R";170;"ARG";25,6;81;"Guido Pella";"L";185;"ARG";27,9;"0-6 6-2 6-3";3;"R64";111;1;1;72;37;24;20;11;6;9;3;2;77;45;29;15;12;10;14;15;2220;60;858;0;6;6;NA;NA;6;2;3;NA;NA;2018-04-16;2018;"2018-0410:34";619;0;2,09310940439148;0,0931094043914813;81;"Guido Pella";89;"Diego Schwartzman";0,0931094043914813;2,09310940439148;-2;27,9;25,6;2,3;185;170;15;0,666666666666667;0,714285714285714;0,714285714285714;0,666666666666667;0,0476190476190477;14;9;10;6;4;3;3;4;-1;0;1;0
"765710";"2018-0410";"Monte Carlo Masters";"Clay";"64";"Masters";35;40;"Richard Gasquet";"R";185;"FRA";31,8;15;"Jeremy Chardy";"R";188;"FRA";31,1;"6-4 7-6(5)";3;"R64";112;2;1;73;39;29;19;11;5;7;4;4;73;50;32;12;11;5;8;34;1340;84;685;6;7;NA;NA;NA;4;6;NA;NA;NA;2018-04-16;2018;"2018-0410:35";620;0;0,912537158749661;-0,392317422778761;15;"Jeremy Chardy";40;"Richard Gasquet";-0,392317422778761;0,912537158749661;-1,30485458152842;31,1;31,8;-0,699999999999999;188;185;3;0,714285714285714;0,625;0,625;0,714285714285714;-0,0892857142857143;8;7;5;5;3;2;2;3;-1;0;1;0
"765712";"2018-0410";"Monte Carlo Masters";"Clay";"64";"Masters";37;103;"Stefanos Tsitsipas";"R";193;"GRE";19,6;91;"Denis Shapovalov";"L";185;"CAN";19;"6-3 6-4";3;"R64";80;2;0;50;31;26;13;10;4;5;2;3;60;25;16;20;9;6;9;71;767;45;1118;6;6;NA;NA;NA;3;4;NA;NA;NA;2018-04-16;2018;"2018-0410:37";621;0;-0,149747119504682;0,508146903670325;91;"Denis Shapovalov";103;"Stefanos Tsitsipas";0,508146903670325;-0,149747119504682;0,657894023175007;19;19,6;-0,600000000000001;185;193;-8;0,8;0,666666666666667;0,666666666666667;0,8;-0,133333333333333;9;5;6;4;3;1;1;3;-2;0;1;0
"765713";"2018-0410";"Monte Carlo Masters";"Clay";"64";"Masters";38;60;"Feliciano Lopez";"L";188;"ESP";36,5;79;"Benoit Paire";"R";196;"FRA";28,9;"5-7 7-6(5) 6-4";3;"R64";139;6;5;120;67;50;23;17;7;11;11;5;102;57;42;25;17;3;7;30;1420;48;1020;5;7;6;NA;NA;7;6;4;NA;NA;2018-04-16;2018;"2018-0410:38";622;1;1,09310940439148;0,415037499278844;60;"Feliciano Lopez";79;"Benoit Paire";1,09310940439148;0,415037499278844;0,678071905112637;36,5;28,9;7,6;188;196;-8;0,636363636363636;0,428571428571429;0,636363636363636;0,428571428571429;0,207792207792208;7;11;3;7;4;4;4;4;0;0;1;0
"765718";"2018-0410";"Monte Carlo Masters";"Clay";"64";"Masters";43;87;"Andrey Rublev";"R";188;"RUS";20,4;46;"Robin Haase";"R";190;"NED";31;"7-6(7) 2-6 7-5";3;"R64";150;2;3;110;83;58;12;16;7;10;9;3;123;68;52;27;16;8;10;33;1378;44;1120;7;2;7;NA;NA;6;6;5;NA;NA;2018-04-16;2018;"2018-0410:43";623;0;0,955605880641547;0,540568381362703;46;"Robin Haase";87;"Andrey Rublev";0,540568381362703;0,955605880641547;-0,415037499278844;31;20,4;10,6;190;188;2;0,7;0,8;0,8;0,7;0,1;10;10;8;7;2;3;3;2;1;0;1;0
"765720";"2018-0410";"Monte Carlo Masters";"Clay";"64";"Masters";45;28;"Novak Djokovic";"R";188;"SRB";30,9;58;"Dusan Lajovic";"R";180;"SRB";27,7;"6-0 6-1";3;"R64";56;1;2;45;28;23;9;7;4;4;0;1;36;18;6;6;6;4;9;13;2310;93;639;6;6;NA;NA;NA;0;1;NA;NA;NA;2018-04-16;2018;"2018-0410:45";624;1;2,29956028185891;-0,539158811108031;28;"Novak Djokovic";58;"Dusan Lajovic";2,29956028185891;-0,539158811108031;2,83871909296694;30,9;27,7;3,2;188;180;8;1;0,444444444444444;1;0,444444444444444;0,555555555555556;9;4;4;4;5;0;5;0;5;0;1;0
"765724";"2018-0410";"Monte Carlo Masters";"Clay";"64";"Masters";49;16;"Marin Cilic";"R";198;"CRO";29,5;105;"Fernando Verdasco";"L";188;"ESP";34,4;"6-3 7-6(4)";3;"R32";93;7;3;77;53;43;8;11;6;8;1;1;65;48;30;9;10;0;3;3;4985;37;1280;6;7;NA;NA;NA;3;6;NA;NA;NA;2018-04-16;2018;"2018-0410:49";625;1;4,41503749927884;0,79054663437105;16;"Marin Cilic";105;"Fernando Verdasco";4,41503749927884;0,79054663437105;3,62449086490779;29,5;34,4;-4,9;198;188;10;0,75;0;0,75;0;0,75;3;8;0;6;3;2;3;2;1;0;1;0
"765725";"2018-0410";"Monte Carlo Masters";"Clay";"64";"Masters";50;86;"Milos Raonic";"R";196;"CAN";27,3;14;"Marco Cecchinato";"R";185;"ITA";25,5;"7-6(5) 6-2";3;"R32";85;16;2;55;33;27;16;10;0;1;3;2;75;56;35;9;10;5;8;22;1765;100;606;7;6;NA;NA;NA;6;2;NA;NA;NA;2018-04-16;2018;"2018-0410:50";626;0;1,5405683813627;-0,643856189774724;14;"Marco Cecchinato";86;"Milos Raonic";-0,643856189774724;1,5405683813627;-2,18442457113743;25,5;27,3;-1,8;185;196;-11;0;0,625;0,625;0;0,625;8;1;5;0;3;1;1;3;-2;0;1;0
"765726";"2018-0410";"Monte Carlo Masters";"Clay";"64";"Masters";51;75;"Kei Nishikori";"R";178;"JPN";28,2;66;"Daniil Medvedev";"R";198;"RUS";22,1;"7-5 6-2";3;"R32";100;1;3;62;28;24;20;10;5;6;1;5;81;43;29;14;10;6;10;36;1280;49;984;7;6;NA;NA;NA;5;2;NA;NA;NA;2018-04-16;2018;"2018-0410:51";627;0;0,830074998557688;0,385290155884792;66;"Daniil Medvedev";75;"Kei Nishikori";0,385290155884792;0,830074998557688;-0,444784842672896;22,1;28,2;-6,1;198;178;20;0,833333333333333;0,6;0,6;0,833333333333333;-0,233333333333333;10;6;6;5;4;1;1;4;-3;0;1;0
"765729";"2018-0410";"Monte Carlo Masters";"Clay";"64";"Masters";54;97;"Jan Lennard Struff";"R";193;"GER";27,9;35;"Fabio Fognini";"R";178;"ITA";30,8;"6-4 6-2";3;"R32";65;4;3;46;27;25;10;9;2;3;2;1;51;35;21;6;9;2;6;61;855;20;1840;6;6;NA;NA;NA;4;2;NA;NA;NA;2018-04-16;2018;"2018-0410:54";628;0;0,0692626624371133;1,67807190511264;35;"Fabio Fognini";97;"Jan Lennard Struff";1,67807190511264;0,0692626624371133;1,60880924267552;30,8;27,9;2,9;178;193;-15;0,666666666666667;0,333333333333333;0,333333333333333;0,666666666666667;-0,333333333333333;6;3;2;2;4;1;1;4;-3;0;1;0
"765730";"2018-0410";"Monte Carlo Masters";"Clay";"64";"Masters";55;40;"Richard Gasquet";"R";185;"FRA";31,8;89;"Diego Schwartzman";"R";170;"ARG";25,6;"6-2 6-1";3;"R32";70;2;1;45;24;20;13;8;1;1;1;3;40;23;13;6;7;4;8;34;1340;15;2220;6;6;NA;NA;NA;2;1;NA;NA;NA;2018-04-16;2018;"2018-0410:55";629;1;0,912537158749661;2,09310940439148;40;"Richard Gasquet";89;"Diego Schwartzman";0,912537158749661;2,09310940439148;-1,18057224564182;31,8;25,6;6,2;185;170;15;1;0,5;1;0,5;0,5;8;1;4;1;4;0;4;0;4;0;1;0
"765732";"2018-0410";"Monte Carlo Masters";"Clay";"64";"Masters";57;43;"David Goffin";"R";180;"BEL";27,3;103;"Stefanos Tsitsipas";"R";193;"GRE";19,6;"7-6(4) 7-5";3;"R32";122;6;0;72;49;35;13;12;1;4;7;2;107;60;34;26;12;11;15;10;3110;71;767;7;7;NA;NA;NA;6;5;NA;NA;NA;2018-04-16;2018;"2018-0410:57";630;1;2,67807190511264;-0,149747119504682;43;"David Goffin";103;"Stefanos Tsitsipas";2,67807190511264;-0,149747119504682;2,82781902461732;27,3;19,6;7,7;180;193;-13;0,25;0,733333333333333;0,25;0,733333333333333;-0,483333333333333;15;4;11;1;4;3;4;3;1;0;1;0
"765733";"2018-0410";"Monte Carlo Masters";"Clay";"64";"Masters";58;5;"Roberto Bautista Agut";"R";183;"ESP";30;60;"Feliciano Lopez";"L";188;"ESP";36,5;"6-3 7-6(5)";3;"R32";97;3;0;79;56;42;13;11;4;5;7;0;65;42;31;10;10;3;5;16;2175;30;1420;6;7;NA;NA;NA;3;6;NA;NA;NA;2018-04-16;2018;"2018-0410:58";631;1;2;1,09310940439148;5;"Roberto Bautista Agut";60;"Feliciano Lopez";2;1,09310940439148;0,906890595608519;30;36,5;-6,5;183;188;-5;0,8;0,6;0,8;0,6;0,2;5;5;3;4;2;1;2;1;1;0;1;0
"765734";"2018-0410";"Monte Carlo Masters";"Clay";"64";"Masters";59;55;"Philipp Kohlschreiber";"R";178;"GER";34,4;85;"Albert Ramos";"L";188;"ESP";30,2;"6-4 6-2";3;"R32";83;5;1;52;30;24;15;9;3;3;0;4;54;25;13;18;9;0;3;40;1230;24;1745;6;6;NA;NA;NA;4;2;NA;NA;NA;2018-04-16;2018;"2018-0410:59";632;1;0,678071905112637;1,41503749927884;55;"Philipp Kohlschreiber";85;"Albert Ramos";0,678071905112637;1,41503749927884;-0,736965594166207;34,4;30,2;4,2;178;188;-10;1;0;1;0;1;3;3;0;3;3;0;3;0;3;0;1;0
"765735";"2018-0410";"Monte Carlo Masters";"Clay";"64";"Masters";60;26;"Grigor Dimitrov";"R";188;"BUL";26,9;47;"Pierre Hugues Herbert";"R";188;"FRA";27;"3-6 6-2 6-4";3;"R32";109;2;4;72;40;30;21;14;0;3;1;0;81;48;28;20;13;5;9;5;4635;82;690;3;6;6;NA;NA;6;2;4;NA;NA;2018-04-16;2018;"2018-0410:60";633;1;3,67807190511264;-0,357552004618084;26;"Grigor Dimitrov";47;"Pierre Hugues Herbert";3,67807190511264;-0,357552004618084;4,03562390973072;26,9;27;-0,100000000000001;188;188;0;0;0,555555555555556;0;0,555555555555556;-0,555555555555556;9;3;5;0;4;3;4;3;1;0;1;0
"765736";"2018-0410";"Monte Carlo Masters";"Clay";"64";"Masters";61;98;"Dominic Thiem";"R";185;"AUT";24,6;87;"Andrey Rublev";"R";188;"RUS";20,4;"5-7 7-5 7-5";3;"R32";160;5;3;121;77;52;25;18;7;10;2;4;121;90;57;16;18;9;13;7;3665;33;1378;5;7;7;NA;NA;7;5;5;NA;NA;2018-04-16;2018;"2018-0410:61";634;0;3,1926450779424;0,955605880641547;87;"Andrey Rublev";98;"Dominic Thiem";0,955605880641547;3,1926450779424;-2,23703919730085;20,4;24,6;-4,2;188;185;3;0,7;0,692307692307692;0,692307692307692;0,7;-0,00769230769230766;13;10;9;7;4;3;3;4;-1;0;1;0
"765737";"2018-0410";"Monte Carlo Masters";"Clay";"64";"Masters";62;28;"Novak Djokovic";"R";188;"SRB";30,9;18;"Borna Coric";"R";188;"CRO";21,4;"7-6(2) 7-5";3;"R32";135;5;1;92;60;40;18;12;6;9;1;3;80;48;31;14;12;4;8;13;2310;39;1251;7;7;NA;NA;NA;6;5;NA;NA;NA;2018-04-16;2018;"2018-0410:62";635;0;2,29956028185891;0,714597781137751;18;"Borna Coric";28;"Novak Djokovic";0,714597781137751;2,29956028185891;-1,58496250072116;21,4;30,9;-9,5;188;188;0;0,666666666666667;0,5;0,5;0,666666666666667;-0,166666666666667;8;9;4;6;4;3;3;4;-1;0;1;0
"765738";"2018-0410";"Monte Carlo Masters";"Clay";"64";"Masters";63;53;"Karen Khachanov";"R";198;"RUS";21,9;92;"Gilles Simon";"R";183;"FRA";33,3;"6-2 6-2";3;"R32";83;4;1;53;31;24;14;8;7;7;1;1;52;35;20;6;8;5;9;38;1255;69;780;6;6;NA;NA;NA;2;2;NA;NA;NA;2018-04-16;2018;"2018-0410:63";636;1;0,752072486556415;-0,108524456778169;53;"Karen Khachanov";92;"Gilles Simon";0,752072486556415;-0,108524456778169;0,860596943334584;21,9;33,3;-11,4;198;183;15;1;0,555555555555556;1;0,555555555555556;0,444444444444444;9;7;5;7;4;0;4;0;4;0;1;0
"765739";"2018-0410";"Monte Carlo Masters";"Clay";"64";"Masters";64;74;"Rafael Nadal";"L";185;"ESP";31,8;6;"Aljaz Bedene";"R";181;"SLO";28,7;"6-1 6-3";3;"R32";78;0;0;48;32;24;11;8;2;2;2;1;51;31;19;8;8;4;8;1;8770;58;877;6;6;NA;NA;NA;1;3;NA;NA;NA;2018-04-16;2018;"2018-0410:64";637;0;6;0,142019004872428;6;"Aljaz Bedene";74;"Rafael Nadal";0,142019004872428;6;-5,85798099512757;28,7;31,8;-3,1;181;185;-4;1;0,5;0,5;1;-0,5;8;2;4;2;4;0;0;4;-4;0;1;0
"765741";"2018-0410";"Monte Carlo Masters";"Clay";"64";"Masters";66;75;"Kei Nishikori";"R";178;"JPN";28,2;90;"Andreas Seppi";"R";190;"ITA";34,1;"6-0 2-6 6-3";3;"R16";106;1;0;75;44;30;19;12;5;7;3;1;73;41;26;16;11;5;9;36;1280;62;851;6;2;6;NA;NA;0;6;3;NA;NA;2018-04-16;2018;"2018-0410:66";638;1;0,830074998557688;0,0458036896131251;75;"Kei Nishikori";90;"Andreas Seppi";0,830074998557688;0,0458036896131251;0,784271308944563;28,2;34,1;-5,9;178;190;-12;0,714285714285714;0,555555555555556;0,714285714285714;0,555555555555556;0,158730158730159;9;7;5;5;4;2;4;2;2;0;1;0
"765742";"2018-0410";"Monte Carlo Masters";"Clay";"64";"Masters";67;109;"Alexander Zverev";"R";198;"GER";20,9;97;"Jan Lennard Struff";"R";193;"GER";27,9;"6-4 4-6 6-4";3;"R16";123;5;7;92;53;32;13;15;3;10;2;6;87;47;27;13;15;4;12;4;4925;61;855;6;4;6;NA;NA;4;6;4;NA;NA;2018-04-16;2018;"2018-0410:67";639;0;4;0,0692626624371133;97;"Jan Lennard Struff";109;"Alexander Zverev";0,0692626624371133;4;-3,93073733756289;27,9;20,9;7;193;198;-5;0,3;0,333333333333333;0,333333333333333;0,3;0,0333333333333333;12;10;4;3;8;7;7;8;-1;0;1;0
"765744";"2018-0410";"Monte Carlo Masters";"Clay";"64";"Masters";69;43;"David Goffin";"R";180;"BEL";27,3;5;"Roberto Bautista Agut";"R";183;"ESP";30;"6-4 7-5";3;"R16";101;2;2;64;36;27;13;11;1;4;1;2;69;41;23;15;11;5;10;10;3110;16;2175;6;7;NA;NA;NA;4;5;NA;NA;NA;2018-04-16;2018;"2018-0410:69";640;0;2,67807190511264;2;5;"Roberto Bautista Agut";43;"David Goffin";2;2,67807190511264;-0,678071905112638;30;27,3;2,7;183;180;3;0,25;0,5;0,5;0,25;0,25;10;4;5;1;5;3;3;5;-2;0;1;0
"765745";"2018-0410";"Monte Carlo Masters";"Clay";"64";"Masters";70;26;"Grigor Dimitrov";"R";188;"BUL";26,9;55;"Philipp Kohlschreiber";"R";178;"GER";34,4;"4-6 6-3 6-4";3;"R16";142;5;4;89;59;40;15;15;2;5;3;1;99;54;33;26;14;6;10;5;4635;40;1230;4;6;6;NA;NA;6;3;4;NA;NA;2018-04-16;2018;"2018-0410:70";641;1;3,67807190511264;0,678071905112637;26;"Grigor Dimitrov";55;"Philipp Kohlschreiber";3,67807190511264;0,678071905112637;3;26,9;34,4;-7,5;188;178;10;0,4;0,6;0,4;0,6;-0,2;10;5;6;2;4;3;4;3;1;0;1;0
"765746";"2018-0410";"Monte Carlo Masters";"Clay";"64";"Masters";71;98;"Dominic Thiem";"R";185;"AUT";24,6;28;"Novak Djokovic";"R";188;"SRB";30,9;"6-7(2) 6-2 6-3";3;"R16";149;9;5;95;51;38;23;14;2;3;3;2;114;72;46;20;15;5;10;7;3665;13;2310;6;6;6;NA;NA;7;2;3;NA;NA;2018-04-16;2018;"2018-0410:71";642;0;3,1926450779424;2,29956028185891;28;"Novak Djokovic";98;"Dominic Thiem";2,29956028185891;3,1926450779424;-0,893084796083488;30,9;24,6;6,3;188;185;3;0,666666666666667;0,5;0,5;0,666666666666667;-0,166666666666667;10;3;5;2;5;1;1;5;-4;0;1;0
"765747";"2018-0410";"Monte Carlo Masters";"Clay";"64";"Masters";72;74;"Rafael Nadal";"L";185;"ESP";31,8;53;"Karen Khachanov";"R";198;"RUS";21,9;"6-3 6-2";3;"R16";79;3;1;45;28;22;11;9;0;1;1;2;46;20;10;13;8;3;7;1;8770;38;1255;6;6;NA;NA;NA;3;2;NA;NA;NA;2018-04-16;2018;"2018-0410:72";643;0;6;0,752072486556415;53;"Karen Khachanov";74;"Rafael Nadal";0,752072486556415;6;-5,24792751344359;21,9;31,8;-9,9;198;185;13;0;0,428571428571429;0,428571428571429;0;0,428571428571429;7;1;3;0;4;1;1;4;-3;0;1;0
"765748";"2018-0410";"Monte Carlo Masters";"Clay";"64";"Masters";73;75;"Kei Nishikori";"R";178;"JPN";28,2;16;"Marin Cilic";"R";198;"CRO";29,5;"6-4 6-7(1) 6-3";3;"QF";175;5;5;119;66;48;26;16;4;6;12;4;117;63;45;27;15;10;14;36;1280;3;4985;6;6;6;NA;NA;4;7;3;NA;NA;2018-04-16;2018;"2018-0410:73";644;0;0,830074998557688;4,41503749927884;16;"Marin Cilic";75;"Kei Nishikori";4,41503749927884;0,830074998557688;3,58496250072116;29,5;28,2;1,3;198;178;20;0,666666666666667;0,714285714285714;0,714285714285714;0,666666666666667;0,0476190476190477;14;6;10;4;4;2;2;4;-2;0;1;0
"765749";"2018-0410";"Monte Carlo Masters";"Clay";"64";"Masters";74;109;"Alexander Zverev";"R";198;"GER";20,9;40;"Richard Gasquet";"R";185;"FRA";31,8;"4-6 6-2 7-5";3;"QF";159;5;4;100;55;33;20;15;10;17;1;2;98;54;28;17;15;3;12;4;4925;34;1340;4;6;7;NA;NA;6;2;5;NA;NA;2018-04-16;2018;"2018-0410:74";645;0;4;0,912537158749661;40;"Richard Gasquet";109;"Alexander Zverev";0,912537158749661;4;-3,08746284125034;31,8;20,9;10,9;185;198;-13;0,588235294117647;0,25;0,25;0,588235294117647;-0,338235294117647;12;17;3;10;9;7;7;9;-2;0;1;0
"765750";"2018-0410";"Monte Carlo Masters";"Clay";"64";"Masters";75;26;"Grigor Dimitrov";"R";188;"BUL";26,9;43;"David Goffin";"R";180;"BEL";27,3;"6-4 7-6(5)";3;"QF";106;6;3;74;48;36;10;11;3;6;1;1;80;57;35;11;11;9;13;5;4635;10;3110;6;7;NA;NA;NA;4;6;NA;NA;NA;2018-04-16;2018;"2018-0410:75";646;1;3,67807190511264;2,67807190511264;26;"Grigor Dimitrov";43;"David Goffin";3,67807190511264;2,67807190511264;1;26,9;27,3;-0,400000000000002;188;180;8;0,5;0,692307692307692;0,5;0,692307692307692;-0,192307692307692;13;6;9;3;4;3;4;3;1;0;1;0
"765751";"2018-0410";"Monte Carlo Masters";"Clay";"64";"Masters";76;74;"Rafael Nadal";"L";185;"ESP";31,8;98;"Dominic Thiem";"R";185;"AUT";24,6;"6-0 6-2";3;"QF";68;0;1;35;25;21;8;7;0;0;4;5;51;21;11;11;7;7;12;1;8770;7;3665;6;6;NA;NA;NA;0;2;NA;NA;NA;2018-04-16;2018;"2018-0410:76";647;1;6;3,1926450779424;74;"Rafael Nadal";98;"Dominic Thiem";6;3,1926450779424;2,8073549220576;31,8;24,6;7,2;185;185;0;1,5;0,583333333333333;1,5;0,583333333333333;0,916666666666667;12;0;7;0;5;0;5;0;5;0;1;0
"765752";"2018-0410";"Monte Carlo Masters";"Clay";"64";"Masters";77;75;"Kei Nishikori";"R";178;"JPN";28,2;109;"Alexander Zverev";"R";198;"GER";20,9;"3-6 6-3 6-4";3;"SF";133;1;4;89;53;32;24;14;3;6;6;7;87;43;34;16;14;3;7;36;1280;4;4925;3;6;6;NA;NA;6;3;4;NA;NA;2018-04-16;2018;"2018-0410:77";648;1;0,830074998557688;4;75;"Kei Nishikori";109;"Alexander Zverev";0,830074998557688;4;-3,16992500144231;28,2;20,9;7,3;178;198;-20;0,5;0,428571428571429;0,5;0,428571428571429;0,0714285714285715;7;6;3;3;4;3;4;3;1;0;1;0
"765753";"2018-0410";"Monte Carlo Masters";"Clay";"64";"Masters";78;74;"Rafael Nadal";"L";185;"ESP";31,8;26;"Grigor Dimitrov";"R";188;"BUL";26,9;"6-4 6-1";3;"SF";92;0;1;53;35;22;13;9;1;2;2;5;52;33;20;5;8;4;8;1;8770;5;4635;6;6;NA;NA;NA;4;1;NA;NA;NA;2018-04-16;2018;"2018-0410:78";649;0;6;3,67807190511264;26;"Grigor Dimitrov";74;"Rafael Nadal";3,67807190511264;6;-2,32192809488736;26,9;31,8;-4,9;188;185;3;0,5;0,5;0,5;0,5;0;8;2;4;1;4;1;1;4;-3;0;1;0
"765754";"2018-0410";"Monte Carlo Masters";"Clay";"64";"Masters";79;74;"Rafael Nadal";"L";185;"ESP";31,8;75;"Kei Nishikori";"R";178;"JPN";28,2;"6-3 6-2";3;"F";93;1;3;54;38;28;9;9;1;2;1;2;54;28;15;13;8;4;8;1;8770;36;1280;6;6;NA;NA;NA;3;2;NA;NA;NA;2018-04-16;2018;"2018-0410:79";650;1;6;0,830074998557688;74;"Rafael Nadal";75;"Kei Nishikori";6;0,830074998557688;5,16992500144231;31,8;28,2;3,6;185;178;7;0,5;0,5;0,5;0,5;0;8;2;4;1;4;1;4;1;3;0;1;0
"767862";"2018-M021";"Madrid Masters";"Clay";"64";"Masters";3;108;"Mikhail Youzhny";"R";183;"RUS";35,8;9;"Matteo Berrettini";"R";196;"ITA";22;"4-6 6-3 6-2";3;"Q1";112;3;1;102;72;48;17;14;4;5;3;1;66;38;27;15;13;1;4;101;610;103;594;4;6;6;NA;NA;6;3;2;NA;NA;2018-05-07;2018;"2018-M021:3";651;0;-0,658211482751795;-0,686500527183219;9;"Matteo Berrettini";108;"Mikhail Youzhny";-0,686500527183219;-0,658211482751795;-0,0282890444314239;22;35,8;-13,8;196;183;13;0,8;0,25;0,25;0,8;-0,55;4;5;1;4;3;1;1;3;-2;0;1;0
"767873";"2018-M021";"Madrid Masters";"Clay";"64";"Masters";14;36;"Taylor Fritz";"R";193;"USA";20,5;21;"Alejandro Davidovich Fokina";"R";183;"ESP";18,9;"3-6 6-4 6-4";3;"Q1";121;7;1;95;50;35;24;15;8;11;4;4;103;74;45;16;14;6;9;68;819;408;98;3;6;6;NA;NA;6;4;4;NA;NA;2018-05-07;2018;"2018-M021:14";652;0;-0,0874628412503391;-2,6724253419715;21;"Alejandro Davidovich Fokina";36;"Taylor Fritz";-2,6724253419715;-0,0874628412503391;-2,58496250072116;18,9;20,5;-1,6;183;193;-10;0,727272727272727;0,666666666666667;0,666666666666667;0,727272727272727;-0,0606060606060607;9;11;6;8;3;3;3;3;0;0;1;0
"767875";"2018-M021";"Madrid Masters";"Clay";"64";"Masters";16;24;"Federico Delbonis";"L";190;"ARG";27,5;108;"Mikhail Youzhny";"R";183;"RUS";35,8;"6-3 6-1";3;"Q2";54;1;2;39;30;24;5;8;0;1;3;1;52;35;19;6;8;3;8;78;730;101;610;6;6;NA;NA;NA;3;1;NA;NA;NA;2018-05-07;2018;"2018-M021:16";653;1;-0,285402218862249;-0,658211482751795;24;"Federico Delbonis";108;"Mikhail Youzhny";-0,285402218862249;-0,658211482751795;0,372809263889546;27,5;35,8;-8,3;190;183;7;0;0,375;0;0,375;-0,375;8;1;3;0;5;1;5;1;4;0;1;0
"767878";"2018-M021";"Madrid Masters";"Clay";"64";"Masters";19;58;"Dusan Lajovic";"R";180;"SRB";27,8;64;"Florian Mayer";"R";190;"GER";34,5;"6-3 6-3";3;"Q2";55;5;1;50;30;27;11;9;0;0;2;1;55;36;25;7;9;5;8;95;639;75;745;6;6;NA;NA;NA;3;3;NA;NA;NA;2018-05-07;2018;"2018-M021:19";654;1;-0,569855608330948;-0,22881869049588;58;"Dusan Lajovic";64;"Florian Mayer";-0,569855608330948;-0,22881869049588;-0,341036917835067;27,8;34,5;-6,7;180;190;-10;1,5;0,625;1,5;0,625;0,875;8;0;5;0;3;0;3;0;3;0;1;0
"767883";"2018-M021";"Madrid Masters";"Clay";"64";"Masters";24;65;"Leonardo Mayer";"R";188;"ARG";30,9;35;"Fabio Fognini";"R";178;"ITA";30,9;"6-3 6-4";3;"R64";85;4;5;78;48;32;16;10;9;10;1;1;44;20;14;15;9;0;3;45;1086;19;1840;6;6;NA;NA;NA;3;4;NA;NA;NA;2018-05-07;2018;"2018-M021:24";655;0;0,508146903670325;1,75207248655641;35;"Fabio Fognini";65;"Leonardo Mayer";1,75207248655641;0,508146903670325;1,24392558288609;30,9;30,9;0;178;188;-10;0,9;0;0;0,9;-0,9;3;10;0;9;3;1;1;3;-2;0;1;0
"767889";"2018-M021";"Madrid Masters";"Clay";"64";"Masters";30;79;"Benoit Paire";"R";196;"FRA";28,9;83;"Lucas Pouille";"R";185;"FRA";24,1;"6-2 6-3";3;"R64";80;4;3;71;47;37;9;9;8;9;2;3;65;40;22;11;8;4;8;50;1020;18;1995;6;6;NA;NA;NA;2;3;NA;NA;NA;2018-05-07;2018;"2018-M021:30";656;1;0,356143810225276;1,83007499855769;79;"Benoit Paire";83;"Lucas Pouille";0,356143810225276;1,83007499855769;-1,47393118833241;28,9;24,1;4,8;196;185;11;0,888888888888889;0,5;0,888888888888889;0,5;0,388888888888889;8;9;4;8;4;1;4;1;3;0;1;0
"767890";"2018-M021";"Madrid Masters";"Clay";"64";"Masters";31;28;"Novak Djokovic";"R";188;"SRB";30,9;75;"Kei Nishikori";"R";178;"JPN";28,3;"7-5 6-4";3;"R64";119;6;5;73;46;33;13;11;5;6;1;1;84;49;34;15;11;4;7;12;2220;20;1835;7;6;NA;NA;NA;5;4;NA;NA;NA;2018-05-07;2018;"2018-M021:31";657;1;2,41503749927884;1,67807190511264;28;"Novak Djokovic";75;"Kei Nishikori";2,41503749927884;1,67807190511264;0,736965594166207;30,9;28,3;2,6;188;178;10;0,833333333333333;0,571428571428571;0,833333333333333;0,571428571428571;0,261904761904762;7;6;4;5;3;1;3;1;2;0;1;0
"767891";"2018-M021";"Madrid Masters";"Clay";"64";"Masters";32;30;"Kyle Edmund";"R";188;"GBR";23,3;66;"Daniil Medvedev";"R";198;"RUS";22,2;"6-4 6-0";3;"R64";77;2;2;66;41;27;15;8;7;7;3;5;52;30;17;9;8;3;7;22;1757;51;1019;6;6;NA;NA;NA;4;0;NA;NA;NA;2018-05-07;2018;"2018-M021:32";658;1;1,5405683813627;0,327574658028505;30;"Kyle Edmund";66;"Daniil Medvedev";1,5405683813627;0,327574658028505;1,2129937233342;23,3;22,2;1,1;188;198;-10;1;0,428571428571429;1;0,428571428571429;0,571428571428571;7;7;3;7;4;0;4;0;4;0;1;0
"767893";"2018-M021";"Madrid Masters";"Clay";"64";"Masters";34;57;"Mikhail Kukushkin";"R";183;"KAZ";30,3;11;"Roberto Carballes Baena";"R";183;"ESP";25,1;"6-3 6-2";3;"R64";67;2;0;54;36;23;11;9;3;5;2;1;44;34;19;2;8;1;6;96;634;73;750;6;6;NA;NA;NA;3;2;NA;NA;NA;2018-05-07;2018;"2018-M021:34";659;0;-0,584962500721156;-0,189824558880018;11;"Roberto Carballes Baena";57;"Mikhail Kukushkin";-0,189824558880018;-0,584962500721156;0,395137941841138;25,1;30,3;-5,2;183;183;0;0,6;0,166666666666667;0,166666666666667;0,6;-0,433333333333333;6;5;1;3;5;2;2;5;-3;0;1;0
"767897";"2018-M021";"Madrid Masters";"Clay";"64";"Masters";38;58;"Dusan Lajovic";"R";180;"SRB";27,8;53;"Karen Khachanov";"R";198;"RUS";21,9;"6-3 6-2";3;"R64";60;1;1;47;38;30;3;9;3;4;5;0;44;27;15;8;8;1;5;95;639;38;1255;6;6;NA;NA;NA;3;2;NA;NA;NA;2018-05-07;2018;"2018-M021:38";660;0;-0,569855608330948;0,752072486556415;53;"Karen Khachanov";58;"Dusan Lajovic";0,752072486556415;-0,569855608330948;1,32192809488736;21,9;27,8;-5,9;198;180;18;0,75;0,2;0,2;0,75;-0,55;5;4;1;3;4;1;1;4;-3;0;1;0
"767901";"2018-M021";"Madrid Masters";"Clay";"64";"Masters";42;18;"Borna Coric";"R";188;"CRO";21,4;12;"Pablo Carreno Busta";"R";188;"ESP";26,8;"6-4 6-2";3;"R64";81;12;1;50;35;27;12;9;2;2;2;2;65;41;25;12;9;8;11;35;1296;11;2280;6;6;NA;NA;NA;4;2;NA;NA;NA;2018-05-07;2018;"2018-M021:42";661;0;0,870716983055034;2,5405683813627;12;"Pablo Carreno Busta";18;"Borna Coric";2,5405683813627;0,870716983055034;1,66985139830767;26,8;21,4;5,4;188;188;0;1;0,727272727272727;0,727272727272727;1;-0,272727272727273;11;2;8;2;3;0;0;3;-3;0;1;0
"767902";"2018-M021";"Madrid Masters";"Clay";"64";"Masters";43;89;"Diego Schwartzman";"R";170;"ARG";25,7;62;"Adrian Mannarino";"L";183;"FRA";29,8;"6-1 6-3";3;"R64";68;1;1;45;22;21;14;8;1;1;0;0;51;36;21;7;8;3;7;16;2085;27;1585;6;6;NA;NA;NA;1;3;NA;NA;NA;2018-05-07;2018;"2018-M021:43";662;0;2;1,24511249783653;62;"Adrian Mannarino";89;"Diego Schwartzman";1,24511249783653;2;-0,754887502163468;29,8;25,7;4,1;183;170;13;1;0,428571428571429;0,428571428571429;1;-0,571428571428571;7;1;3;1;4;0;0;4;-4;0;1;0
"767903";"2018-M021";"Madrid Masters";"Clay";"64";"Masters";44;60;"Feliciano Lopez";"L";188;"ESP";36,6;2;"Pablo Andujar";"R";180;"ESP";32,2;"7-6(4) 6-3";3;"R64";100;12;3;75;48;38;10;11;3;5;2;1;76;55;35;8;10;3;6;30;1420;134;425;7;6;NA;NA;NA;6;3;NA;NA;NA;2018-05-07;2018;"2018-M021:44";663;0;1,09310940439148;-1,06608919045777;2;"Pablo Andujar";60;"Feliciano Lopez";-1,06608919045777;1,09310940439148;-2,15919859484925;32,2;36,6;-4,4;180;188;-8;0,6;0,5;0,5;0,6;-0,1;6;5;3;3;3;2;2;3;-1;0;1;0
"767904";"2018-M021";"Madrid Masters";"Clay";"64";"Masters";45;69;"Gael Monfils";"R";193;"FRA";31,6;4;"Nikoloz Basilashvili";"R";185;"GEO";26,2;"6-2 3-6 6-3";3;"R64";99;9;4;93;71;47;11;13;8;10;2;5;77;50;31;15;13;0;4;41;1175;77;732;6;3;6;NA;NA;2;6;3;NA;NA;2018-05-07;2018;"2018-M021:45";664;0;0,642447995381916;-0,266786540694901;4;"Nikoloz Basilashvili";69;"Gael Monfils";-0,266786540694901;0,642447995381916;-0,909234536076817;26,2;31,6;-5,4;185;193;-8;0,8;0;0;0,8;-0,8;4;10;0;8;4;2;2;4;-2;0;1;0
"767907";"2018-M021";"Madrid Masters";"Clay";"64";"Masters";48;19;"Pablo Cuevas";"R";180;"URU";32,3;85;"Albert Ramos";"L";188;"ESP";30,3;"6-1 6-7(2) 6-2";3;"R32";119;15;0;67;46;41;17;14;0;0;4;1;85;56;34;18;13;6;10;47;1060;42;1145;6;6;6;NA;NA;1;7;2;NA;NA;2018-05-07;2018;"2018-M021:48";665;1;0,445411148322362;0,607682577221239;19;"Pablo Cuevas";85;"Albert Ramos";0,445411148322362;0,607682577221239;-0,162271428898877;32,3;30,3;2;180;188;-8;1,5;0,6;1,5;0,6;0,9;10;0;6;0;4;0;4;0;4;0;1;0
"767909";"2018-M021";"Madrid Masters";"Clay";"64";"Masters";50;86;"Milos Raonic";"R";196;"CAN";27,3;26;"Grigor Dimitrov";"R";188;"BUL";26,9;"7-5 3-6 6-3";3;"R32";119;12;2;78;53;41;17;15;1;2;6;5;89;57;45;16;15;7;9;24;1705;4;4950;7;3;6;NA;NA;5;6;3;NA;NA;2018-05-07;2018;"2018-M021:50";666;0;1,41503749927884;4;26;"Grigor Dimitrov";86;"Milos Raonic";4;1,41503749927884;2,58496250072116;26,9;27,3;-0,400000000000002;188;196;-8;0,5;0,777777777777778;0,777777777777778;0,5;0,277777777777778;9;2;7;1;2;1;1;2;-1;0;1;0
"767910";"2018-M021";"Madrid Masters";"Clay";"64";"Masters";51;91;"Denis Shapovalov";"L";185;"CAN";19;79;"Benoit Paire";"R";196;"FRA";28,9;"7-6(5) 4-6 6-4";3;"R32";129;8;6;102;57;43;24;16;6;9;8;7;98;54;43;21;16;4;7;43;1128;50;1020;7;4;6;NA;NA;6;6;4;NA;NA;2018-05-07;2018;"2018-M021:51";667;0;0,573735245297902;0,356143810225276;79;"Benoit Paire";91;"Denis Shapovalov";0,356143810225276;0,573735245297902;-0,217591435072626;28,9;19;9,9;196;185;11;0,666666666666667;0,571428571428571;0,571428571428571;0,666666666666667;-0,0952380952380952;7;9;4;6;3;3;3;3;0;0;1;0
"767911";"2018-M021";"Madrid Masters";"Clay";"64";"Masters";52;30;"Kyle Edmund";"R";188;"GBR";23,3;28;"Novak Djokovic";"R";188;"SRB";30,9;"6-3 2-6 6-3";3;"R32";102;5;2;71;45;31;14;13;4;7;2;2;67;48;33;9;13;1;5;22;1757;12;2220;6;2;6;NA;NA;3;6;3;NA;NA;2018-05-07;2018;"2018-M021:52";668;0;1,5405683813627;2,41503749927884;28;"Novak Djokovic";30;"Kyle Edmund";2,41503749927884;1,5405683813627;0,874469117916141;30,9;23,3;7,6;188;188;0;0,571428571428571;0,2;0,2;0,571428571428571;-0,371428571428571;5;7;1;4;4;3;3;4;-1;0;1;0
"767912";"2018-M021";"Madrid Masters";"Clay";"64";"Masters";53;43;"David Goffin";"R";180;"BEL";27,4;46;"Robin Haase";"R";190;"NED";31;"7-5 6-3";3;"R32";83;6;3;55;35;28;11;11;3;5;3;0;77;42;25;16;10;2;6;10;3020;44;1120;7;6;NA;NA;NA;5;3;NA;NA;NA;2018-05-07;2018;"2018-M021:53";669;1;2,67807190511264;0,540568381362703;43;"David Goffin";46;"Robin Haase";2,67807190511264;0,540568381362703;2,13750352374994;27,4;31;-3,6;180;190;-10;0,6;0,333333333333333;0,6;0,333333333333333;0,266666666666667;6;5;2;3;4;2;4;2;2;0;1;0
"767914";"2018-M021";"Madrid Masters";"Clay";"64";"Masters";55;55;"Philipp Kohlschreiber";"R";178;"GER";34,5;5;"Roberto Bautista Agut";"R";183;"ESP";30;"6-3 4-6 7-5";3;"R32";152;7;2;99;70;46;16;15;8;11;6;0;109;82;52;12;16;5;10;28;1450;14;2175;6;4;7;NA;NA;3;6;5;NA;NA;2018-05-07;2018;"2018-M021:55";670;0;1,1926450779424;2,1926450779424;5;"Roberto Bautista Agut";55;"Philipp Kohlschreiber";2,1926450779424;1,1926450779424;1;30;34,5;-4,5;183;178;5;0,727272727272727;0,5;0,5;0,727272727272727;-0,227272727272727;10;11;5;8;5;3;3;5;-2;0;1;0
"767915";"2018-M021";"Madrid Masters";"Clay";"64";"Masters";56;58;"Dusan Lajovic";"R";180;"SRB";27,8;40;"Richard Gasquet";"R";185;"FRA";31,8;"7-6(1) 7-6(1)";3;"R32";116;8;0;85;62;47;15;12;0;0;6;0;89;59;41;17;12;6;6;95;639;29;1430;7;7;NA;NA;NA;6;6;NA;NA;NA;2018-05-07;2018;"2018-M021:56";671;0;-0,569855608330948;1,14201900487243;40;"Richard Gasquet";58;"Dusan Lajovic";1,14201900487243;-0,569855608330948;1,71187461320338;31,8;27,8;4;185;180;5;1,5;1;1;1,5;-0,5;6;0;6;0;0;0;0;0;0;0;1;0
"767917";"2018-M021";"Madrid Masters";"Clay";"64";"Masters";58;98;"Dominic Thiem";"R";185;"AUT";24,6;24;"Federico Delbonis";"L";190;"ARG";27,5;"4-6 6-3 7-5";3;"R32";143;6;2;100;69;56;12;16;3;5;0;4;100;59;41;22;15;7;10;7;3545;78;730;4;6;7;NA;NA;6;3;5;NA;NA;2018-05-07;2018;"2018-M021:58";672;0;3,1926450779424;-0,285402218862249;24;"Federico Delbonis";98;"Dominic Thiem";-0,285402218862249;3,1926450779424;-3,47804729680464;27,5;24,6;2,9;190;185;5;0,6;0,7;0,7;0,6;0,1;10;5;7;3;3;2;2;3;-1;0;1;0
"767918";"2018-M021";"Madrid Masters";"Clay";"64";"Masters";59;18;"Borna Coric";"R";188;"CRO";21,4;97;"Jan Lennard Struff";"R";193;"GER";28;"6-0 6-2";3;"R32";70;7;0;42;26;19;11;7;2;2;3;2;69;45;24;7;7;12;17;35;1296;65;855;6;6;NA;NA;NA;0;2;NA;NA;NA;2018-05-07;2018;"2018-M021:59";673;1;0,870716983055034;-0,0223678130284544;18;"Borna Coric";97;"Jan Lennard Struff";0,870716983055034;-0,0223678130284544;0,893084796083488;21,4;28;-6,6;188;193;-5;1;0,705882352941177;1;0,705882352941177;0,294117647058823;17;2;12;2;5;0;5;0;5;0;1;0
"767919";"2018-M021";"Madrid Masters";"Clay";"64";"Masters";60;89;"Diego Schwartzman";"R";170;"ARG";25,7;60;"Feliciano Lopez";"L";188;"ESP";36,6;"7-5 2-6 6-2";3;"R32";140;5;3;100;64;41;17;14;9;13;10;4;106;53;33;25;14;6;11;16;2085;30;1420;7;2;6;NA;NA;5;6;2;NA;NA;2018-05-07;2018;"2018-M021:60";674;0;2;1,09310940439148;60;"Feliciano Lopez";89;"Diego Schwartzman";1,09310940439148;2;-0,906890595608519;36,6;25,7;10,9;188;170;18;0,692307692307692;0,545454545454545;0,545454545454545;0,692307692307692;-0,146853146853147;11;13;6;9;5;4;4;5;-1;0;1;0
"767920";"2018-M021";"Madrid Masters";"Clay";"64";"Masters";61;74;"Rafael Nadal";"L";185;"ESP";31,9;69;"Gael Monfils";"R";193;"FRA";31,6;"6-3 6-1";3;"R32";73;1;0;45;30;26;9;8;3;3;3;2;49;32;20;7;8;6;10;1;8770;41;1175;6;6;NA;NA;NA;3;1;NA;NA;NA;2018-05-07;2018;"2018-M021:61";675;0;6;0,642447995381916;69;"Gael Monfils";74;"Rafael Nadal";0,642447995381916;6;-5,35755200461808;31,6;31,9;-0,299999999999997;193;185;8;1;0,6;0,6;1;-0,4;10;3;6;3;4;0;0;4;-4;0;1;0
"767921";"2018-M021";"Madrid Masters";"Clay";"64";"Masters";62;109;"Alexander Zverev";"R";198;"GER";21;65;"Leonardo Mayer";"R";188;"ARG";30,9;"6-4 6-2";3;"R16";70;3;0;45;33;27;10;9;1;1;0;0;57;38;20;12;9;2;5;3;5195;45;1086;6;6;NA;NA;NA;4;2;NA;NA;NA;2018-05-07;2018;"2018-M021:62";676;0;4,41503749927884;0,508146903670325;65;"Leonardo Mayer";109;"Alexander Zverev";0,508146903670325;4,41503749927884;-3,90689059560852;30,9;21;9,9;188;198;-10;1;0,4;0,4;1;-0,6;5;1;2;1;3;0;0;3;-3;0;1;0
"767922";"2018-M021";"Madrid Masters";"Clay";"64";"Masters";63;50;"John Isner";"R";206;"USA";33;19;"Pablo Cuevas";"R";180;"URU";32,3;"6-7(9) 7-6(3) 7-6(4)";3;"R16";141;32;1;118;89;71;20;18;2;2;16;2;108;74;67;20;18;0;0;9;3125;47;1060;6;7;7;NA;NA;7;6;6;NA;NA;2018-05-07;2018;"2018-M021:63";677;0;2,83007499855769;0,445411148322362;19;"Pablo Cuevas";50;"John Isner";0,445411148322362;2,83007499855769;-2,38466385023533;32,3;33;-0,700000000000003;180;206;-26;1;1,5;1,5;1;0,5;0;2;0;2;0;0;0;0;0;0;1;0
"767923";"2018-M021";"Madrid Masters";"Clay";"64";"Masters";64;91;"Denis Shapovalov";"L";185;"CAN";19;86;"Milos Raonic";"R";196;"CAN";27,3;"6-4 6-4";3;"R16";82;5;1;58;37;29;13;10;1;1;9;0;59;45;32;6;10;4;6;43;1128;24;1705;6;6;NA;NA;NA;4;4;NA;NA;NA;2018-05-07;2018;"2018-M021:64";678;0;0,573735245297902;1,41503749927884;86;"Milos Raonic";91;"Denis Shapovalov";1,41503749927884;0,573735245297902;0,841302253980942;27,3;19;8,3;196;185;11;1;0,666666666666667;0,666666666666667;1;-0,333333333333333;6;1;4;1;2;0;0;2;-2;0;1;0
"767924";"2018-M021";"Madrid Masters";"Clay";"64";"Masters";65;30;"Kyle Edmund";"R";188;"GBR";23,3;43;"David Goffin";"R";180;"BEL";27,4;"6-3 6-3";3;"R16";72;7;1;51;29;25;13;9;2;2;4;1;58;38;23;10;9;4;7;22;1757;10;3020;6;6;NA;NA;NA;3;3;NA;NA;NA;2018-05-07;2018;"2018-M021:65";679;1;1,5405683813627;2,67807190511264;30;"Kyle Edmund";43;"David Goffin";1,5405683813627;2,67807190511264;-1,13750352374994;23,3;27,4;-4,1;188;180;8;1;0,571428571428571;1;0,571428571428571;0,428571428571429;7;2;4;2;3;0;3;0;3;0;1;0
"767926";"2018-M021";"Madrid Masters";"Clay";"64";"Masters";67;58;"Dusan Lajovic";"R";180;"SRB";27,8;23;"Juan Martin del Potro";"R";198;"ARG";29,6;"3-6 6-4 7-6(6)";3;"R16";137;6;0;95;57;43;22;16;3;6;6;0;86;62;49;12;15;3;5;95;639;6;4470;3;6;7;NA;NA;6;4;6;NA;NA;2018-05-07;2018;"2018-M021:67";680;0;-0,569855608330948;3,41503749927884;23;"Juan Martin del Potro";58;"Dusan Lajovic";3,41503749927884;-0,569855608330948;3,98489310760979;29,6;27,8;1,8;198;180;18;0,5;0,6;0,6;0,5;0,1;5;6;3;3;2;3;3;2;1;0;1;0
"767927";"2018-M021";"Madrid Masters";"Clay";"64";"Masters";68;98;"Dominic Thiem";"R";185;"AUT";24,6;18;"Borna Coric";"R";188;"CRO";21,4;"2-6 7-6(5) 6-4";3;"R16";144;6;3;100;59;40;23;15;4;7;8;1;96;71;53;10;15;2;4;7;3545;35;1296;2;7;6;NA;NA;6;6;4;NA;NA;2018-05-07;2018;"2018-M021:68";681;0;3,1926450779424;0,870716983055034;18;"Borna Coric";98;"Dominic Thiem";0,870716983055034;3,1926450779424;-2,32192809488736;21,4;24,6;-3,2;188;185;3;0,571428571428571;0,5;0,5;0,571428571428571;-0,0714285714285714;4;7;2;4;2;3;3;2;1;0;1;0
"767928";"2018-M021";"Madrid Masters";"Clay";"64";"Masters";69;74;"Rafael Nadal";"L";185;"ESP";31,9;89;"Diego Schwartzman";"R";170;"ARG";25,7;"6-3 6-4";3;"R16";104;1;1;63;44;29;14;10;3;4;1;3;62;34;20;16;9;4;7;1;8770;16;2085;6;6;NA;NA;NA;3;4;NA;NA;NA;2018-05-07;2018;"2018-M021:69";682;1;6;2;74;"Rafael Nadal";89;"Diego Schwartzman";6;2;4;31,9;25,7;6,2;185;170;15;0,75;0,571428571428571;0,75;0,571428571428571;0,178571428571429;7;4;4;3;3;1;3;1;2;0;1;0
"767929";"2018-M021";"Madrid Masters";"Clay";"64";"Masters";70;109;"Alexander Zverev";"R";198;"GER";21;50;"John Isner";"R";206;"USA";33;"6-4 7-5";3;"QF";78;5;0;51;35;29;16;11;0;0;9;0;77;66;43;4;11;5;7;3;5195;9;3125;6;7;NA;NA;NA;4;5;NA;NA;NA;2018-05-07;2018;"2018-M021:70";683;0;4,41503749927884;2,83007499855769;50;"John Isner";109;"Alexander Zverev";2,83007499855769;4,41503749927884;-1,58496250072116;33;21;12;206;198;8;1,5;0,714285714285714;0,714285714285714;1,5;-0,785714285714286;7;0;5;0;2;0;0;2;-2;0;1;0
"767930";"2018-M021";"Madrid Masters";"Clay";"64";"Masters";71;91;"Denis Shapovalov";"L";185;"CAN";19;30;"Kyle Edmund";"R";188;"GBR";23,3;"7-5 6-7(6) 6-4";3;"QF";148;11;3;97;55;44;28;17;2;3;5;7;113;58;43;31;17;2;5;43;1128;22;1757;7;6;6;NA;NA;5;7;4;NA;NA;2018-05-07;2018;"2018-M021:71";684;0;0,573735245297902;1,5405683813627;30;"Kyle Edmund";91;"Denis Shapovalov";1,5405683813627;0,573735245297902;0,966833136064801;23,3;19;4,3;188;185;3;0,666666666666667;0,4;0,4;0,666666666666667;-0,266666666666667;5;3;2;2;3;1;1;3;-2;0;1;0
"767931";"2018-M021";"Madrid Masters";"Clay";"64";"Masters";72;1;"Kevin Anderson";"R";203;"RSA";31,9;58;"Dusan Lajovic";"R";180;"SRB";27,8;"7-6(3) 3-6 6-3";3;"QF";132;15;3;92;63;43;19;15;1;3;1;2;93;66;46;14;15;3;5;8;3345;95;639;7;3;6;NA;NA;6;6;3;NA;NA;2018-05-07;2018;"2018-M021:72";685;1;3;-0,569855608330948;1;"Kevin Anderson";58;"Dusan Lajovic";3;-0,569855608330948;3,56985560833095;31,9;27,8;4,1;203;180;23;0,333333333333333;0,6;0,333333333333333;0,6;-0,266666666666667;5;3;3;1;2;2;2;2;0;0;1;0
"767932";"2018-M021";"Madrid Masters";"Clay";"64";"Masters";73;98;"Dominic Thiem";"R";185;"AUT";24,6;74;"Rafael Nadal";"L";185;"ESP";31,9;"7-5 6-3";3;"QF";116;2;5;60;39;29;9;10;3;5;3;2;77;45;29;11;11;7;12;7;3545;1;8770;7;6;NA;NA;NA;5;3;NA;NA;NA;2018-05-07;2018;"2018-M021:73";686;0;3,1926450779424;6;74;"Rafael Nadal";98;"Dominic Thiem";6;3,1926450779424;2,8073549220576;31,9;24,6;7,3;185;185;0;0,6;0,583333333333333;0,583333333333333;0,6;-0,0166666666666666;12;5;7;3;5;2;2;5;-3;0;1;0
"767933";"2018-M021";"Madrid Masters";"Clay";"64";"Masters";74;109;"Alexander Zverev";"R";198;"GER";21;91;"Denis Shapovalov";"L";185;"CAN";19;"6-4 6-1";3;"SF";57;2;1;42;26;23;10;8;0;0;0;1;46;31;18;6;9;0;4;3;5195;43;1128;6;6;NA;NA;NA;4;1;NA;NA;NA;2018-05-07;2018;"2018-M021:74";687;0;4,41503749927884;0,573735245297902;91;"Denis Shapovalov";109;"Alexander Zverev";0,573735245297902;4,41503749927884;-3,84130225398094;19;21;-2;185;198;-13;1,5;0;0;1,5;-1,5;4;0;0;0;4;0;0;4;-4;0;1;0
"767934";"2018-M021";"Madrid Masters";"Clay";"64";"Masters";75;98;"Dominic Thiem";"R";185;"AUT";24,6;1;"Kevin Anderson";"R";203;"RSA";31,9;"6-4 6-2";3;"SF";85;5;1;46;28;24;13;9;3;3;4;1;70;39;25;15;9;5;8;7;3545;8;3345;6;6;NA;NA;NA;4;2;NA;NA;NA;2018-05-07;2018;"2018-M021:75";688;0;3,1926450779424;3;1;"Kevin Anderson";98;"Dominic Thiem";3;3,1926450779424;-0,192645077942396;31,9;24,6;7,3;203;185;18;1;0,625;0,625;1;-0,375;8;3;5;3;3;0;0;3;-3;0;1;0
"767935";"2018-M021";"Madrid Masters";"Clay";"64";"Masters";76;109;"Alexander Zverev";"R";198;"GER";21;98;"Dominic Thiem";"R";185;"AUT";24,6;"6-4 6-4";3;"F";78;1;0;54;35;29;13;10;0;0;2;2;56;36;26;11;10;2;4;3;5195;7;3545;6;6;NA;NA;NA;4;4;NA;NA;NA;2018-05-07;2018;"2018-M021:76";689;0;4,41503749927884;3,1926450779424;98;"Dominic Thiem";109;"Alexander Zverev";3,1926450779424;4,41503749927884;-1,22239242133645;24,6;21;3,6;185;198;-13;1,5;0,5;0,5;1,5;-1;4;0;2;0;2;0;0;2;-2;0;1;0
"768764";"2018-M009";"Rome Masters";"Clay";"64";"Masters";1;108;"Mikhail Youzhny";"R";183;"RUS";35,8;36;"Taylor Fritz";"R";193;"USA";20,5;"6-4 3-6 6-4";3;"Q1";124;6;7;108;52;34;26;15;8;13;5;3;79;41;26;21;14;5;10;101;610;68;820;6;3;6;NA;NA;4;6;4;NA;NA;2018-05-14;2018;"2018-M009:1";690;0;-0,658211482751795;-0,0874628412503391;36;"Taylor Fritz";108;"Mikhail Youzhny";-0,0874628412503391;-0,658211482751795;0,570748641501456;20,5;35,8;-15,3;193;183;10;0,615384615384615;0,5;0,5;0,615384615384615;-0,115384615384615;10;13;5;8;5;5;5;5;0;0;1;0
"768770";"2018-M009";"Rome Masters";"Clay";"64";"Masters";7;102;"Viktor Troicki";"R";193;"SRB";32,2;32;"Thomas Fabbiano";"R";173;"ITA";28,9;"7-5 6-3";3;"Q1";89;6;2;81;51;38;13;11;2;3;1;1;54;34;24;10;10;1;4;83;701;118;466;7;6;NA;NA;NA;5;3;NA;NA;NA;2018-05-14;2018;"2018-M009:7";691;0;-0,375039431346925;-0,882643049361842;32;"Thomas Fabbiano";102;"Viktor Troicki";-0,882643049361842;-0,375039431346925;-0,507603618014917;28,9;32,2;-3,3;173;193;-20;0,666666666666667;0,25;0,25;0,666666666666667;-0,416666666666667;4;3;1;2;3;1;1;3;-2;0;1;0
"768771";"2018-M009";"Rome Masters";"Clay";"64";"Masters";8;99;"Frances Tiafoe";"R";188;"USA";20,3;13;"Salvatore Caruso";"R";185;"ITA";25,4;"3-6 7-5 6-4";3;"Q1";129;9;2;89;52;38;19;15;2;5;4;2;97;61;43;19;16;2;6;63;848;229;255;3;7;6;NA;NA;6;5;4;NA;NA;2018-05-14;2018;"2018-M009:8";692;0;0,0227200765000832;-1,83920378809694;13;"Salvatore Caruso";99;"Frances Tiafoe";-1,83920378809694;0,0227200765000832;-1,86192386459703;25,4;20,3;5,1;185;188;-3;0,4;0,333333333333333;0,333333333333333;0,4;-0,0666666666666667;6;5;2;2;4;3;3;4;-1;0;1;0
"768772";"2018-M009";"Rome Masters";"Clay";"64";"Masters";9;24;"Federico Delbonis";"L";190;"ARG";27,6;77;"Cameron Norrie";"L";188;"GBR";22,7;"6-2 6-0";3;"Q1";62;0;3;46;24;17;14;7;1;1;1;3;51;32;16;6;7;4;9;70;800;102;599;6;6;NA;NA;NA;2;0;NA;NA;NA;2018-05-14;2018;"2018-M009:9";693;1;-0,129283016944966;-0,672425341971495;24;"Federico Delbonis";77;"Cameron Norrie";-0,129283016944966;-0,672425341971495;0,543142325026529;27,6;22,7;4,9;190;188;2;1;0,444444444444444;1;0,444444444444444;0,555555555555556;9;1;4;1;5;0;5;0;5;0;1;0
"768776";"2018-M009";"Rome Masters";"Clay";"64";"Masters";13;58;"Dusan Lajovic";"R";180;"SRB";27,8;64;"Florian Mayer";"R";190;"GER";34,6;"7-5 3-6 6-2";3;"Q1";108;7;0;81;59;37;15;14;2;5;1;1;100;60;41;17;15;5;10;66;824;79;716;7;3;6;NA;NA;5;6;2;NA;NA;2018-05-14;2018;"2018-M009:13";694;1;-0,0443941193584534;-0,303780748177103;58;"Dusan Lajovic";64;"Florian Mayer";-0,0443941193584534;-0,303780748177103;0,25938662881865;27,8;34,6;-6,8;180;190;-10;0,4;0,5;0,4;0,5;-0,1;10;5;5;2;5;3;5;3;2;0;1;0
"768777";"2018-M009";"Rome Masters";"Clay";"64";"Masters";14;103;"Stefanos Tsitsipas";"R";193;"GRE";19,7;57;"Mikhail Kukushkin";"R";183;"KAZ";30,3;"5-7 6-3 7-6(5)";3;"Q1";157;3;4;105;57;46;21;17;2;6;2;1;106;73;49;17;16;1;5;43;1162;91;669;5;6;7;NA;NA;7;3;6;NA;NA;2018-05-14;2018;"2018-M009:14";695;0;0,573735245297902;-0,507794640198696;57;"Mikhail Kukushkin";103;"Stefanos Tsitsipas";-0,507794640198696;0,573735245297902;-1,0815298854966;30,3;19,7;10,6;183;193;-10;0,333333333333333;0,2;0,2;0,333333333333333;-0,133333333333333;5;6;1;2;4;4;4;4;0;0;1;0
"768784";"2018-M009";"Rome Masters";"Clay";"64";"Masters";21;103;"Stefanos Tsitsipas";"R";193;"GRE";19,7;58;"Dusan Lajovic";"R";180;"SRB";27,8;"7-6(9) 6-4";3;"Q2";116;4;0;84;38;28;26;11;7;8;7;2;80;52;39;12;11;6;8;43;1162;66;824;7;6;NA;NA;NA;6;4;NA;NA;NA;2018-05-14;2018;"2018-M009:21";696;0;0,573735245297902;-0,0443941193584534;58;"Dusan Lajovic";103;"Stefanos Tsitsipas";-0,0443941193584534;0,573735245297902;-0,618129364656355;27,8;19,7;8,1;180;193;-13;0,875;0,75;0,75;0,875;-0,125;8;8;6;7;2;1;1;2;-1;0;1;0
"768785";"2018-M009";"Rome Masters";"Clay";"64";"Masters";22;9;"Matteo Berrettini";"R";196;"ITA";22;99;"Frances Tiafoe";"R";188;"USA";20,3;"6-3 7-6(1)";3;"R64";98;7;1;76;46;37;15;11;2;2;3;0;73;47;34;12;10;3;4;103;594;63;848;6;7;NA;NA;NA;3;6;NA;NA;NA;2018-05-14;2018;"2018-M009:22";697;1;-0,686500527183219;0,0227200765000832;9;"Matteo Berrettini";99;"Frances Tiafoe";-0,686500527183219;0,0227200765000832;-0,709220603683302;22;20,3;1,7;196;188;8;1;0,75;1;0,75;0,25;4;2;3;2;1;0;1;0;1;0;1;0
"768787";"2018-M009";"Rome Masters";"Clay";"64";"Masters";24;83;"Lucas Pouille";"R";185;"FRA";24,2;90;"Andreas Seppi";"R";190;"ITA";34,2;"6-2 3-6 7-6(3)";3;"R64";124;7;1;83;53;40;20;14;2;4;4;2;100;57;40;23;15;7;10;16;1995;49;1020;6;3;7;NA;NA;2;6;6;NA;NA;2018-05-14;2018;"2018-M009:24";698;1;2;0,385290155884792;83;"Lucas Pouille";90;"Andreas Seppi";2;0,385290155884792;1,61470984411521;24,2;34,2;-10;185;190;-5;0,5;0,7;0,5;0,7;-0,2;10;4;7;2;3;2;3;2;1;0;1;0
"768788";"2018-M009";"Rome Masters";"Clay";"64";"Masters";25;43;"David Goffin";"R";180;"BEL";27,4;65;"Leonardo Mayer";"R";188;"ARG";30,9;"6-1 6-2";3;"R64";61;2;2;41;28;23;10;8;0;0;3;3;44;26;16;6;7;1;5;10;2930;42;1176;6;6;NA;NA;NA;1;2;NA;NA;NA;2018-05-14;2018;"2018-M009:25";699;1;2,67807190511264;0,607682577221239;43;"David Goffin";65;"Leonardo Mayer";2,67807190511264;0,607682577221239;2,0703893278914;27,4;30,9;-3,5;180;188;-8;1,5;0,2;1,5;0,2;1,3;5;0;1;0;4;0;4;0;4;0;1;0
"768789";"2018-M009";"Rome Masters";"Clay";"64";"Masters";26;14;"Marco Cecchinato";"R";185;"ITA";25,6;19;"Pablo Cuevas";"R";180;"URU";32,3;"2-6 7-5 6-4";3;"R64";126;6;4;92;73;56;4;15;2;4;5;0;95;60;41;20;15;2;4;73;778;71;790;2;7;6;NA;NA;6;5;4;NA;NA;2018-05-14;2018;"2018-M009:26";700;1;-0,189824558880018;-0,149747119504682;14;"Marco Cecchinato";19;"Pablo Cuevas";-0,189824558880018;-0,149747119504682;-0,0400774393753354;25,6;32,3;-6,7;185;180;5;0,5;0,5;0,5;0,5;0;4;4;2;2;2;2;2;2;0;0;1;0
"768792";"2018-M009";"Rome Masters";"Clay";"64";"Masters";29;79;"Benoit Paire";"R";196;"FRA";29;40;"Richard Gasquet";"R";185;"FRA";31,9;"6-4 6-4";3;"R64";78;2;1;57;26;18;19;10;1;3;0;2;65;46;24;11;10;7;11;52;975;30;1475;6;6;NA;NA;NA;4;4;NA;NA;NA;2018-05-14;2018;"2018-M009:29";701;0;0,299560281858908;1,09310940439148;40;"Richard Gasquet";79;"Benoit Paire";1,09310940439148;0,299560281858908;0,793549122532573;31,9;29;2,9;185;196;-11;0,333333333333333;0,636363636363636;0,636363636363636;0,333333333333333;0,303030303030303;11;3;7;1;4;2;2;4;-2;0;1;0
"768797";"2018-M009";"Rome Masters";"Clay";"64";"Masters";34;85;"Albert Ramos";"L";188;"ESP";30,3;24;"Federico Delbonis";"L";190;"ARG";27,6;"2-6 7-5 6-1";3;"R64";134;4;1;92;63;38;14;14;6;11;2;2;75;46;26;14;13;2;8;41;1180;70;800;2;7;6;NA;NA;6;5;1;NA;NA;2018-05-14;2018;"2018-M009:34";702;0;0,642447995381916;-0,129283016944966;24;"Federico Delbonis";85;"Albert Ramos";-0,129283016944966;0,642447995381916;-0,771731012326883;27,6;30,3;-2,7;190;188;2;0,545454545454545;0,25;0,25;0,545454545454545;-0,295454545454545;8;11;2;6;6;5;5;6;-1;0;1;0
"768799";"2018-M009";"Rome Masters";"Clay";"64";"Masters";36;28;"Novak Djokovic";"R";188;"SRB";30,9;29;"Alexandr Dolgopolov";"R";180;"UKR";29,5;"6-1 6-3";3;"R64";55;6;0;45;30;24;10;8;1;1;0;2;46;24;13;9;8;1;5;18;1905;54;966;6;6;NA;NA;NA;1;3;NA;NA;NA;2018-05-14;2018;"2018-M009:36";703;1;1,83007499855769;0,245112497836532;28;"Novak Djokovic";29;"Alexandr Dolgopolov";1,83007499855769;0,245112497836532;1,58496250072116;30,9;29,5;1,4;188;180;8;1;0,2;1;0,2;0,8;5;1;1;1;4;0;4;0;4;0;1;0
"768801";"2018-M009";"Rome Masters";"Clay";"64";"Masters";38;55;"Philipp Kohlschreiber";"R";178;"GER";34,5;53;"Karen Khachanov";"R";198;"RUS";21,9;"7-5 6-7(7) 7-6(6)";3;"R64";185;8;2;118;66;51;25;18;4;7;8;3;143;90;62;23;18;6;10;28;1530;36;1255;7;6;7;NA;NA;5;7;6;NA;NA;2018-05-14;2018;"2018-M009:38";704;0;1,1926450779424;0,830074998557688;53;"Karen Khachanov";55;"Philipp Kohlschreiber";0,830074998557688;1,1926450779424;-0,362570079384708;21,9;34,5;-12,6;198;178;20;0,571428571428571;0,6;0,6;0,571428571428571;0,0285714285714286;10;7;6;4;4;3;3;4;-1;0;1;0
"768802";"2018-M009";"Rome Masters";"Clay";"64";"Masters";39;75;"Kei Nishikori";"R";178;"JPN";28,3;60;"Feliciano Lopez";"L";188;"ESP";36,6;"7-6(5) 6-4";3;"R64";108;1;1;67;40;31;16;11;2;3;7;3;80;46;32;15;11;3;5;24;1665;33;1375;7;6;NA;NA;NA;6;4;NA;NA;NA;2018-05-14;2018;"2018-M009:39";705;0;1,41503749927884;0,955605880641547;60;"Feliciano Lopez";75;"Kei Nishikori";0,955605880641547;1,41503749927884;-0,459431618637297;36,6;28,3;8,3;188;178;10;0,666666666666667;0,6;0,6;0,666666666666667;-0,0666666666666667;5;3;3;2;2;1;1;2;-1;0;1;0
"768803";"2018-M009";"Rome Masters";"Clay";"64";"Masters";40;35;"Fabio Fognini";"R";178;"ITA";30,9;69;"Gael Monfils";"R";193;"FRA";31,6;"6-3 6-1";3;"R64";53;1;1;41;28;25;8;8;0;0;3;1;44;32;19;3;8;1;5;21;1805;39;1210;6;6;NA;NA;NA;3;1;NA;NA;NA;2018-05-14;2018;"2018-M009:40";706;1;1,60768257722124;0,714597781137751;35;"Fabio Fognini";69;"Gael Monfils";1,60768257722124;0,714597781137751;0,893084796083488;30,9;31,6;-0,700000000000003;178;193;-15;1,5;0,2;1,5;0,2;1,3;5;0;1;0;4;0;4;0;4;0;1;0
"768804";"2018-M009";"Rome Masters";"Clay";"64";"Masters";41;94;"Lorenzo Sonego";"R";191;"ITA";23;62;"Adrian Mannarino";"L";183;"FRA";29,8;"2-6 7-6(4) 6-3";3;"R64";138;6;3;88;51;40;17;15;1;4;2;2;89;57;45;15;14;3;5;140;402;27;1560;2;7;6;NA;NA;6;6;3;NA;NA;2018-05-14;2018;"2018-M009:41";707;0;-1,12928301694497;1,24511249783653;62;"Adrian Mannarino";94;"Lorenzo Sonego";1,24511249783653;-1,12928301694497;2,3743955147815;29,8;23;6,8;183;191;-8;0,25;0,6;0,6;0,25;0,35;5;4;3;1;2;3;3;2;1;0;1;0
"768806";"2018-M009";"Rome Masters";"Clay";"64";"Masters";43;91;"Denis Shapovalov";"L";185;"CAN";19;8;"Tomas Berdych";"R";196;"CZE";32,6;"1-6 6-3 7-6(5)";3;"R64";124;8;4;89;56;46;14;14;1;3;4;1;86;55;43;17;14;3;4;29;1488;17;1980;1;6;7;NA;NA;6;3;6;NA;NA;2018-05-14;2018;"2018-M009:43";708;0;1,14201900487243;1,91253715874966;8;"Tomas Berdych";91;"Denis Shapovalov";1,91253715874966;1,14201900487243;0,770518153877233;32,6;19;13,6;196;185;11;0,333333333333333;0,75;0,75;0,333333333333333;0,416666666666667;4;3;3;1;1;2;2;1;1;0;1;0
"768807";"2018-M009";"Rome Masters";"Clay";"64";"Masters";44;46;"Robin Haase";"R";190;"NED";31,1;66;"Daniil Medvedev";"R";198;"RUS";22,2;"3-6 6-4 6-1";3;"R64";104;2;3;80;54;33;12;13;3;8;7;1;79;44;26;14;13;2;9;44;1120;50;1009;3;6;6;NA;NA;6;4;1;NA;NA;2018-05-14;2018;"2018-M009:44";709;1;0,540568381362703;0,356143810225276;46;"Robin Haase";66;"Daniil Medvedev";0,540568381362703;0,356143810225276;0,184424571137427;31,1;22,2;8,9;190;198;-8;0,375;0,222222222222222;0,375;0,222222222222222;0,152777777777778;9;8;2;3;7;5;7;5;2;0;1;0
"768809";"2018-M009";"Rome Masters";"Clay";"64";"Masters";46;109;"Alexander Zverev";"R";198;"GER";21;9;"Matteo Berrettini";"R";196;"ITA";22;"7-5 6-2";3;"R32";91;4;0;60;33;25;18;10;4;4;1;1;64;41;25;13;10;4;7;3;6015;103;594;7;6;NA;NA;NA;5;2;NA;NA;NA;2018-05-14;2018;"2018-M009:46";710;0;4,41503749927884;-0,686500527183219;9;"Matteo Berrettini";109;"Alexander Zverev";-0,686500527183219;4,41503749927884;-5,10153802646206;22;21;1;196;198;-2;1;0,571428571428571;0,571428571428571;1;-0,428571428571429;7;4;4;4;3;0;0;3;-3;0;1;0
"768810";"2018-M009";"Rome Masters";"Clay";"64";"Masters";47;30;"Kyle Edmund";"R";188;"GBR";23,3;83;"Lucas Pouille";"R";185;"FRA";24,2;"6-2 7-6(3)";3;"R32";94;3;2;65;41;29;18;10;1;1;5;1;79;46;33;14;10;5;7;19;1905;16;1995;6;7;NA;NA;NA;2;6;NA;NA;NA;2018-05-14;2018;"2018-M009:47";711;1;1,75207248655641;2;30;"Kyle Edmund";83;"Lucas Pouille";1,75207248655641;2;-0,247927513443585;23,3;24,2;-0,899999999999999;188;185;3;1;0,714285714285714;1;0,714285714285714;0,285714285714286;7;1;5;1;2;0;2;0;2;0;1;0
"768811";"2018-M009";"Rome Masters";"Clay";"64";"Masters";48;43;"David Goffin";"R";180;"BEL";27,4;14;"Marco Cecchinato";"R";185;"ITA";25,6;"5-7 6-2 6-2";3;"R32";124;3;2;86;51;36;18;14;3;7;7;1;93;69;38;10;14;7;14;10;2930;73;778;5;6;6;NA;NA;7;2;2;NA;NA;2018-05-14;2018;"2018-M009:48";712;0;2,67807190511264;-0,189824558880018;14;"Marco Cecchinato";43;"David Goffin";-0,189824558880018;2,67807190511264;-2,86789646399266;25,6;27,4;-1,8;185;180;5;0,428571428571429;0,5;0,5;0,428571428571429;0,0714285714285715;14;7;7;3;7;4;4;7;-3;0;1;0
"768812";"2018-M009";"Rome Masters";"Clay";"64";"Masters";49;23;"Juan Martin del Potro";"R";198;"ARG";29,6;103;"Stefanos Tsitsipas";"R";193;"GRE";19,7;"7-5 6-3";3;"R32";102;4;1;57;39;32;10;11;1;2;4;4;83;40;25;20;10;5;8;6;4540;43;1162;7;6;NA;NA;NA;5;3;NA;NA;NA;2018-05-14;2018;"2018-M009:49";713;1;3,41503749927884;0,573735245297902;23;"Juan Martin del Potro";103;"Stefanos Tsitsipas";3,41503749927884;0,573735245297902;2,84130225398094;29,6;19,7;9,9;198;193;5;0,5;0,625;0,5;0,625;-0,125;8;2;5;1;3;1;3;1;2;0;1;0
"768814";"2018-M009";"Rome Masters";"Clay";"64";"Masters";51;79;"Benoit Paire";"R";196;"FRA";29;89;"Diego Schwartzman";"R";170;"ARG";25,7;"2-6 6-4 6-2";3;"R32";111;6;3;82;36;28;22;13;4;7;0;2;98;73;42;12;13;11;15;52;975;15;2130;2;6;6;NA;NA;6;4;2;NA;NA;2018-05-14;2018;"2018-M009:51";714;1;0,299560281858908;2,09310940439148;79;"Benoit Paire";89;"Diego Schwartzman";0,299560281858908;2,09310940439148;-1,79354912253257;29;25,7;3,3;196;170;26;0,571428571428571;0,733333333333333;0,571428571428571;0,733333333333333;-0,161904761904762;15;7;11;4;4;3;4;3;1;0;1;0
"768817";"2018-M009";"Rome Masters";"Clay";"64";"Masters";54;85;"Albert Ramos";"L";188;"ESP";30,3;50;"John Isner";"R";206;"USA";33;"6-7(5) 7-6(2) 7-6(5)";3;"R32";172;4;1;119;85;64;23;18;1;2;30;4;127;82;66;24;18;5;6;41;1180;9;3305;6;7;7;NA;NA;7;6;6;NA;NA;2018-05-14;2018;"2018-M009:54";715;0;0,642447995381916;2,83007499855769;50;"John Isner";85;"Albert Ramos";2,83007499855769;0,642447995381916;2,18762700317577;33;30,3;2,7;206;188;18;0,5;0,833333333333333;0,833333333333333;0,5;0,333333333333333;6;2;5;1;1;1;1;1;0;0;1;0
"768818";"2018-M009";"Rome Masters";"Clay";"64";"Masters";55;28;"Novak Djokovic";"R";188;"SRB";30,9;4;"Nikoloz Basilashvili";"R";185;"GEO";26,2;"6-4 6-2";3;"R32";77;5;3;63;37;30;15;9;4;4;1;9;51;29;20;9;9;2;5;18;1905;74;767;6;6;NA;NA;NA;4;2;NA;NA;NA;2018-05-14;2018;"2018-M009:55";716;0;1,83007499855769;-0,20945336562895;4;"Nikoloz Basilashvili";28;"Novak Djokovic";-0,20945336562895;1,83007499855769;-2,03952836418664;26,2;30,9;-4,7;185;188;-3;1;0,4;0,4;1;-0,6;5;4;2;4;3;0;0;3;-3;0;1;0
"768820";"2018-M009";"Rome Masters";"Clay";"64";"Masters";57;75;"Kei Nishikori";"R";178;"JPN";28,3;26;"Grigor Dimitrov";"R";188;"BUL";26,9;"6-7(4) 7-5 6-4";3;"R32";175;1;0;101;61;42;22;17;2;5;8;4;113;76;54;16;17;9;14;24;1665;4;4870;6;7;6;NA;NA;7;5;4;NA;NA;2018-05-14;2018;"2018-M009:57";717;0;1,41503749927884;4;26;"Grigor Dimitrov";75;"Kei Nishikori";4;1,41503749927884;2,58496250072116;26,9;28,3;-1,4;188;178;10;0,4;0,642857142857143;0,642857142857143;0,4;0,242857142857143;14;5;9;2;5;3;3;5;-2;0;1;0
"768821";"2018-M009";"Rome Masters";"Clay";"64";"Masters";58;35;"Fabio Fognini";"R";178;"ITA";30,9;98;"Dominic Thiem";"R";185;"AUT";24,6;"6-4 1-6 6-3";3;"R32";124;2;1;75;53;34;13;13;3;6;3;6;94;52;35;22;13;9;12;21;1805;8;3545;6;1;6;NA;NA;4;6;3;NA;NA;2018-05-14;2018;"2018-M009:58";718;1;1,60768257722124;3;35;"Fabio Fognini";98;"Dominic Thiem";1,60768257722124;3;-1,39231742277876;30,9;24,6;6,3;178;185;-7;0,5;0,75;0,5;0,75;-0,25;12;6;9;3;3;3;3;3;0;0;1;0
"768823";"2018-M009";"Rome Masters";"Clay";"64";"Masters";60;91;"Denis Shapovalov";"L";185;"CAN";19;46;"Robin Haase";"R";190;"NED";31,1;"7-6(3) 6-7(5) 6-3";3;"R32";146;7;6;118;68;52;26;17;3;5;4;4;114;78;54;19;16;8;11;29;1488;44;1120;7;6;6;NA;NA;6;7;3;NA;NA;2018-05-14;2018;"2018-M009:60";719;0;1,14201900487243;0,540568381362703;46;"Robin Haase";91;"Denis Shapovalov";0,540568381362703;1,14201900487243;-0,601450623509725;31,1;19;12,1;190;185;5;0,6;0,727272727272727;0,727272727272727;0,6;0,127272727272727;11;5;8;3;3;2;2;3;-1;0;1;0
"768825";"2018-M009";"Rome Masters";"Clay";"64";"Masters";62;109;"Alexander Zverev";"R";198;"GER";21;30;"Kyle Edmund";"R";188;"GBR";23,3;"7-5 7-6(11)";3;"R16";118;9;2;95;73;51;10;12;3;5;4;2;82;49;34;14;12;4;7;3;6015;19;1905;7;7;NA;NA;NA;5;6;NA;NA;NA;2018-05-14;2018;"2018-M009:62";720;0;4,41503749927884;1,75207248655641;30;"Kyle Edmund";109;"Alexander Zverev";1,75207248655641;4,41503749927884;-2,66296501272243;23,3;21;2,3;188;198;-10;0,6;0,571428571428571;0,571428571428571;0,6;-0,0285714285714286;7;5;4;3;3;2;2;3;-1;0;1;0
"768827";"2018-M009";"Rome Masters";"Clay";"64";"Masters";64;16;"Marin Cilic";"R";198;"CRO";29,6;79;"Benoit Paire";"R";196;"FRA";29;"6-3 6-4";3;"R16";87;4;0;57;35;27;14;10;1;2;4;7;72;25;18;21;9;6;9;5;4770;52;975;6;6;NA;NA;NA;3;4;NA;NA;NA;2018-05-14;2018;"2018-M009:64";721;1;3,67807190511264;0,299560281858908;16;"Marin Cilic";79;"Benoit Paire";3,67807190511264;0,299560281858908;3,37851162325373;29,6;29;0,600000000000001;198;196;2;0,5;0,666666666666667;0,5;0,666666666666667;-0,166666666666667;9;2;6;1;3;1;3;1;2;0;1;0
"768828";"2018-M009";"Rome Masters";"Clay";"64";"Masters";65;12;"Pablo Carreno Busta";"R";188;"ESP";26,8;6;"Aljaz Bedene";"R";181;"SLO";28,8;"6-4 6-7(3) 6-2";3;"R16";156;2;3;106;67;46;16;15;6;10;15;1;107;58;40;17;15;5;12;11;2280;65;830;6;6;6;NA;NA;4;7;2;NA;NA;2018-05-14;2018;"2018-M009:65";722;0;2,5405683813627;-0,0223678130284544;6;"Aljaz Bedene";12;"Pablo Carreno Busta";-0,0223678130284544;2,5405683813627;-2,56293619439116;28,8;26,8;2;181;188;-7;0,6;0,416666666666667;0,416666666666667;0,6;-0,183333333333333;12;10;5;6;7;4;4;7;-3;0;1;0
"768829";"2018-M009";"Rome Masters";"Clay";"64";"Masters";66;28;"Novak Djokovic";"R";188;"SRB";30,9;85;"Albert Ramos";"L";188;"ESP";30,3;"6-1 7-5";3;"R16";88;1;1;59;41;30;10;10;2;3;2;0;57;34;18;12;9;1;5;18;1905;41;1180;6;7;NA;NA;NA;1;5;NA;NA;NA;2018-05-14;2018;"2018-M009:66";723;1;1,83007499855769;0,642447995381916;28;"Novak Djokovic";85;"Albert Ramos";1,83007499855769;0,642447995381916;1,18762700317577;30,9;30,3;0,599999999999998;188;188;0;0,666666666666667;0,2;0,666666666666667;0,2;0,466666666666667;5;3;1;2;4;1;4;1;3;0;1;0
"768830";"2018-M009";"Rome Masters";"Clay";"64";"Masters";67;75;"Kei Nishikori";"R";178;"JPN";28,3;55;"Philipp Kohlschreiber";"R";178;"GER";34,5;"6-1 6-2";3;"R16";63;1;1;47;28;20;15;8;2;2;2;2;40;23;12;7;7;3;7;24;1665;28;1530;6;6;NA;NA;NA;1;2;NA;NA;NA;2018-05-14;2018;"2018-M009:67";724;0;1,41503749927884;1,1926450779424;55;"Philipp Kohlschreiber";75;"Kei Nishikori";1,1926450779424;1,41503749927884;-0,222392421336448;34,5;28,3;6,2;178;178;0;1;0,428571428571429;0,428571428571429;1;-0,571428571428571;7;2;3;2;4;0;0;4;-4;0;1;0
"768832";"2018-M009";"Rome Masters";"Clay";"64";"Masters";69;74;"Rafael Nadal";"L";185;"ESP";31,9;91;"Denis Shapovalov";"L";185;"CAN";19;"6-4 6-1";3;"R16";82;2;1;37;31;28;4;8;0;0;5;6;72;46;26;11;9;9;13;2;7950;29;1488;6;6;NA;NA;NA;4;1;NA;NA;NA;2018-05-14;2018;"2018-M009:69";725;1;5;1,14201900487243;74;"Rafael Nadal";91;"Denis Shapovalov";5;1,14201900487243;3,85798099512757;31,9;19;12,9;185;185;0;1,5;0,692307692307692;1,5;0,692307692307692;0,807692307692308;13;0;9;0;4;0;4;0;4;0;1;0
"768833";"2018-M009";"Rome Masters";"Clay";"64";"Masters";70;109;"Alexander Zverev";"R";198;"GER";21;43;"David Goffin";"R";180;"BEL";27,4;"6-4 3-6 6-3";3;"QF";107;7;2;73;55;41;11;14;1;3;3;1;81;52;36;17;14;6;9;3;6015;10;2930;6;3;6;NA;NA;4;6;3;NA;NA;2018-05-14;2018;"2018-M009:70";726;0;4,41503749927884;2,67807190511264;43;"David Goffin";109;"Alexander Zverev";2,67807190511264;4,41503749927884;-1,73696559416621;27,4;21;6,4;180;198;-18;0,333333333333333;0,666666666666667;0,666666666666667;0,333333333333333;0,333333333333333;9;3;6;1;3;2;2;3;-1;0;1;0
"768834";"2018-M009";"Rome Masters";"Clay";"64";"Masters";71;16;"Marin Cilic";"R";198;"CRO";29,6;12;"Pablo Carreno Busta";"R";188;"ESP";26,8;"6-3 6-3";3;"QF";65;5;4;43;23;22;14;9;0;0;4;1;52;30;20;12;9;0;3;5;4770;11;2280;6;6;NA;NA;NA;3;3;NA;NA;NA;2018-05-14;2018;"2018-M009:71";727;0;3,67807190511264;2,5405683813627;12;"Pablo Carreno Busta";16;"Marin Cilic";2,5405683813627;3,67807190511264;-1,13750352374994;26,8;29,6;-2,8;188;198;-10;1,5;0;0;1,5;-1,5;3;0;0;0;3;0;0;3;-3;0;1;0
"768835";"2018-M009";"Rome Masters";"Clay";"64";"Masters";72;28;"Novak Djokovic";"R";188;"SRB";30,9;75;"Kei Nishikori";"R";178;"JPN";28,3;"2-6 6-1 6-3";3;"QF";141;4;3;93;63;42;12;12;5;9;2;2;85;53;31;11;12;4;10;18;1905;24;1665;2;6;6;NA;NA;6;1;3;NA;NA;2018-05-14;2018;"2018-M009:72";728;1;1,83007499855769;1,41503749927884;28;"Novak Djokovic";75;"Kei Nishikori";1,83007499855769;1,41503749927884;0,415037499278844;30,9;28,3;2,6;188;178;10;0,555555555555556;0,4;0,555555555555556;0,4;0,155555555555556;10;9;4;5;6;4;6;4;2;0;1;0
"768836";"2018-M009";"Rome Masters";"Clay";"64";"Masters";73;74;"Rafael Nadal";"L";185;"ESP";31,9;35;"Fabio Fognini";"R";178;"ITA";30,9;"4-6 6-1 6-2";3;"QF";134;3;1;74;46;35;16;13;3;5;3;0;82;54;33;10;12;2;7;2;7950;21;1805;4;6;6;NA;NA;6;1;2;NA;NA;2018-05-14;2018;"2018-M009:73";729;0;5;1,60768257722124;35;"Fabio Fognini";74;"Rafael Nadal";1,60768257722124;5;-3,39231742277876;30,9;31,9;-1;178;185;-7;0,6;0,285714285714286;0,285714285714286;0,6;-0,314285714285714;7;5;2;3;5;2;2;5;-3;0;1;0
"768837";"2018-M009";"Rome Masters";"Clay";"64";"Masters";74;109;"Alexander Zverev";"R";198;"GER";21;16;"Marin Cilic";"R";198;"CRO";29,6;"7-6(13) 7-5";3;"SF";121;9;1;77;58;44;12;12;1;2;6;0;85;60;44;13;12;7;9;3;6015;5;4770;7;7;NA;NA;NA;6;5;NA;NA;NA;2018-05-14;2018;"2018-M009:74";730;0;4,41503749927884;3,67807190511264;16;"Marin Cilic";109;"Alexander Zverev";3,67807190511264;4,41503749927884;-0,736965594166206;29,6;21;8,6;198;198;0;0,5;0,777777777777778;0,777777777777778;0,5;0,277777777777778;9;2;7;1;2;1;1;2;-1;0;1;0
"768838";"2018-M009";"Rome Masters";"Clay";"64";"Masters";75;74;"Rafael Nadal";"L";185;"ESP";31,9;28;"Novak Djokovic";"R";188;"SRB";30,9;"7-6(4) 6-3";3;"SF";116;1;2;65;39;25;18;10;2;3;4;0;63;45;27;11;11;2;5;2;7950;18;1905;7;6;NA;NA;NA;6;3;NA;NA;NA;2018-05-14;2018;"2018-M009:75";731;0;5;1,83007499855769;28;"Novak Djokovic";74;"Rafael Nadal";1,83007499855769;5;-3,16992500144231;30,9;31,9;-1;188;185;3;0,666666666666667;0,4;0,4;0,666666666666667;-0,266666666666667;5;3;2;2;3;1;1;3;-2;0;1;0
"768839";"2018-M009";"Rome Masters";"Clay";"64";"Masters";76;74;"Rafael Nadal";"L";185;"ESP";31,9;109;"Alexander Zverev";"R";198;"GER";21;"6-1 1-6 6-3";3;"F";129;0;1;72;47;27;17;12;7;11;2;1;65;41;23;11;11;1;6;2;7950;3;6015;6;1;6;NA;NA;1;6;3;NA;NA;2018-05-14;2018;"2018-M009:76";732;1;5;4,41503749927884;74;"Rafael Nadal";109;"Alexander Zverev";5;4,41503749927884;0,584962500721156;31,9;21;10,9;185;198;-13;0,636363636363636;0,166666666666667;0,636363636363636;0,166666666666667;0,46969696969697;6;11;1;7;5;4;5;4;1;0;1;0
"794879";"2019-0410";"Monte Carlo Masters";"Clay";"64";"Masters";7;32;"Thomas Fabbiano";"R";173;"ITA";29,8;60;"Feliciano Lopez";"L";188;"ESP";37,5;"3-6 6-4 6-2";3;"Q1";101;3;2;64;46;38;11;13;1;2;13;6;82;44;32;21;14;4;7;93;648;88;655;3;6;6;NA;NA;6;4;2;NA;NA;2019-04-15;2019;"2019-0410:7";733;1;-0,539158811108031;-0,459431618637297;32;"Thomas Fabbiano";60;"Feliciano Lopez";-0,539158811108031;-0,459431618637297;-0,0797271924707337;29,8;37,5;-7,7;173;188;-15;0,5;0,571428571428571;0,5;0,571428571428571;-0,0714285714285714;7;2;4;1;3;1;3;1;2;0;1;0
"794882";"2019-0410";"Monte Carlo Masters";"Clay";"64";"Masters";10;94;"Lorenzo Sonego";"R";191;"ITA";23,9;76;"Yoshihito Nishioka";"L";170;"JPN";23,5;"6-2 4-6 6-0";3;"Q1";142;8;4;93;59;36;22;12;10;12;0;3;92;51;24;22;12;6;12;96;622;69;772;6;4;6;NA;NA;2;6;0;NA;NA;2019-04-15;2019;"2019-0410:10";734;0;-0,584962500721156;-0,108524456778169;76;"Yoshihito Nishioka";94;"Lorenzo Sonego";-0,108524456778169;-0,584962500721156;0,476438043942987;23,5;23,9;-0,399999999999999;170;191;-21;0,833333333333333;0,5;0,5;0,833333333333333;-0,333333333333333;12;12;6;10;6;2;2;6;-4;0;1;0
"794883";"2019-0410";"Monte Carlo Masters";"Clay";"64";"Masters";11;87;"Andrey Rublev";"R";188;"RUS";21,4;100;"Bernard Tomic";"R";193;"AUS";26,4;"4-6 7-6(5) 7-6(6)";3;"Q1";123;9;7;128;73;58;21;17;14;18;17;0;101;61;44;22;17;4;7;90;654;73;724;4;7;7;NA;NA;6;6;6;NA;NA;2019-04-15;2019;"2019-0410:11";735;1;-0,491853096329675;-0,189824558880018;87;"Andrey Rublev";100;"Bernard Tomic";-0,491853096329675;-0,189824558880018;-0,302028537449657;21,4;26,4;-5;188;193;-5;0,777777777777778;0,571428571428571;0,777777777777778;0,571428571428571;0,206349206349206;7;18;4;14;3;4;3;4;-1;0;1;0
"794886";"2019-0410";"Monte Carlo Masters";"Clay";"64";"Masters";14;82;"Alexei Popyrin";"R";196;"AUS";19,6;65;"Leonardo Mayer";"R";188;"ARG";31,9;"7-6(5) 2-6 7-6(2)";3;"Q1";510;4;5;101;60;43;23;16;1;5;3;13;114;63;47;25;16;8;10;120;486;62;850;7;2;7;NA;NA;6;6;6;NA;NA;2019-04-15;2019;"2019-0410:14";736;0;-0,906890595608519;0,0458036896131251;65;"Leonardo Mayer";82;"Alexei Popyrin";0,0458036896131251;-0,906890595608519;0,952694285221644;31,9;19,6;12,3;188;196;-8;0,2;0,8;0,8;0,2;0,6;10;5;8;1;2;4;4;2;2;0;1;0
"794887";"2019-0410";"Monte Carlo Masters";"Clay";"64";"Masters";15;24;"Federico Delbonis";"L";190;"ARG";28,5;85;"Albert Ramos";"L";188;"ESP";31,2;"7-5 6-0";3;"Q2";78;2;1;47;33;22;10;9;1;3;1;0;57;41;21;4;9;7;13;74;721;82;685;7;6;NA;NA;NA;5;0;NA;NA;NA;2019-04-15;2019;"2019-0410:15";737;1;-0,20945336562895;-0,357552004618084;24;"Federico Delbonis";85;"Albert Ramos";-0,20945336562895;-0,357552004618084;0,148098638989134;28,5;31,2;-2,7;190;188;2;0,333333333333333;0,538461538461538;0,333333333333333;0,538461538461538;-0,205128205128205;13;3;7;1;6;2;6;2;4;0;1;0
"794889";"2019-0410";"Monte Carlo Masters";"Clay";"64";"Masters";17;6;"Aljaz Bedene";"R";181;"SLO";29,7;20;"Taro Daniel";"R";191;"JPN";26,2;"7-6(5) 6-3";3;"Q2";91;8;1;61;35;32;11;11;0;2;2;0;60;42;28;8;10;2;5;70;765;72;753;7;6;NA;NA;NA;6;3;NA;NA;NA;2019-04-15;2019;"2019-0410:17";738;1;-0,129283016944966;-0,169925001442312;6;"Aljaz Bedene";20;"Taro Daniel";-0,129283016944966;-0,169925001442312;0,0406419844973458;29,7;26,2;3,5;181;191;-10;0;0,4;0;0,4;-0,4;5;2;2;0;3;2;3;2;1;0;1;0
"794890";"2019-0410";"Monte Carlo Masters";"Clay";"64";"Masters";18;59;"Juan Ignacio Londero";"R";180;"ARG";25,6;32;"Thomas Fabbiano";"R";173;"ITA";29,8;"6-4 6-1";3;"Q2";84;3;0;58;39;24;13;9;2;4;0;0;49;36;19;4;8;6;11;79;697;93;648;6;6;NA;NA;NA;4;1;NA;NA;NA;2019-04-15;2019;"2019-0410:18";739;0;-0,303780748177103;-0,539158811108031;32;"Thomas Fabbiano";59;"Juan Ignacio Londero";-0,539158811108031;-0,303780748177103;-0,235378062930928;29,8;25,6;4,2;173;180;-7;0,5;0,545454545454545;0,545454545454545;0,5;0,0454545454545454;11;4;6;2;5;2;2;5;-3;0;1;0
"794892";"2019-0410";"Monte Carlo Masters";"Clay";"64";"Masters";20;87;"Andrey Rublev";"R";188;"RUS";21,4;48;"Ugo Humbert";"L";188;"FRA";20,8;"6-4 6-4";3;"Q2";88;1;0;58;37;27;15;10;2;3;0;3;67;37;24;14;10;6;9;90;654;64;819;6;6;NA;NA;NA;4;4;NA;NA;NA;2019-04-15;2019;"2019-0410:20";740;0;-0,491853096329675;0;48;"Ugo Humbert";87;"Andrey Rublev";0;-0,491853096329675;0,491853096329675;20,8;21,4;-0,599999999999998;188;188;0;0,666666666666667;0,666666666666667;0,666666666666667;0,666666666666667;0;9;3;6;2;3;1;1;3;-2;0;1;0
"794894";"2019-0410";"Monte Carlo Masters";"Clay";"64";"Masters";22;55;"Philipp Kohlschreiber";"R";178;"GER";35,4;20;"Taro Daniel";"R";191;"JPN";26,2;"6-1 6-3";3;"R64";67;5;0;42;27;23;10;8;1;1;1;2;49;32;19;7;8;4;8;40;1090;72;753;6;6;NA;NA;NA;1;3;NA;NA;NA;2019-04-15;2019;"2019-0410:22";741;0;0,678071905112637;-0,169925001442312;20;"Taro Daniel";55;"Philipp Kohlschreiber";-0,169925001442312;0,678071905112637;-0,84799690655495;26,2;35,4;-9,2;191;178;13;1;0,5;0,5;1;-0,5;8;1;4;1;4;0;0;4;-4;0;1;0
"794896";"2019-0410";"Monte Carlo Masters";"Clay";"64";"Masters";24;89;"Diego Schwartzman";"R";170;"ARG";26,6;30;"Kyle Edmund";"R";188;"GBR";24,2;"4-6 6-3 6-1";3;"R64";121;1;3;78;53;31;17;13;2;6;0;4;92;48;26;20;13;9;16;24;1485;23;1575;4;6;6;NA;NA;6;3;1;NA;NA;2019-04-15;2019;"2019-0410:24";742;0;1,41503749927884;1,47643804394299;30;"Kyle Edmund";89;"Diego Schwartzman";1,47643804394299;1,41503749927884;0,061400544664143;24,2;26,6;-2,4;188;170;18;0,333333333333333;0,5625;0,5625;0,333333333333333;0,229166666666667;16;6;9;2;7;4;4;7;-3;0;1;0
"794897";"2019-0410";"Monte Carlo Masters";"Clay";"64";"Masters";25;66;"Daniil Medvedev";"R";198;"RUS";23,1;95;"Joao Sousa";"R";185;"POR";30;"6-1 6-1";3;"R64";54;5;4;40;18;15;14;7;0;0;1;2;46;26;15;4;7;3;8;14;2295;51;937;6;6;NA;NA;NA;1;1;NA;NA;NA;2019-04-15;2019;"2019-0410:25";743;1;2,1926450779424;0,327574658028505;66;"Daniil Medvedev";95;"Joao Sousa";2,1926450779424;0,327574658028505;1,86507041991389;23,1;30;-6,9;198;185;13;1,5;0,375;1,5;0,375;1,125;8;0;3;0;5;0;5;0;5;0;1;0
"794899";"2019-0410";"Monte Carlo Masters";"Clay";"64";"Masters";27;57;"Mikhail Kukushkin";"R";183;"KAZ";31,3;15;"Jeremy Chardy";"R";188;"FRA";32,1;"6-3 6-4";3;"R64";82;0;0;53;37;27;11;9;3;3;6;2;58;26;18;18;10;5;8;42;1025;41;1055;6;6;NA;NA;NA;3;4;NA;NA;NA;2019-04-15;2019;"2019-0410:27";744;0;0,607682577221239;0,642447995381916;15;"Jeremy Chardy";57;"Mikhail Kukushkin";0,642447995381916;0,607682577221239;0,0347654181606769;32,1;31,3;0,800000000000001;188;183;5;1;0,625;0,625;1;-0,375;8;3;5;3;3;0;0;3;-3;0;1;0
"794903";"2019-0410";"Monte Carlo Masters";"Clay";"64";"Masters";31;37;"Marton Fucsovics";"R";188;"HUN";27,1;4;"Nikoloz Basilashvili";"R";185;"GEO";27,1;"7-5 3-6 6-1";3;"R64";123;6;6;94;53;39;24;14;4;5;2;9;113;64;43;23;14;17;20;37;1180;17;1930;7;3;6;NA;NA;5;6;1;NA;NA;2019-04-15;2019;"2019-0410:31";745;0;0,79054663437105;1,91253715874966;4;"Nikoloz Basilashvili";37;"Marton Fucsovics";1,91253715874966;0,79054663437105;1,12199052437861;27,1;27,1;0;185;188;-3;0,8;0,85;0,85;0,8;0,0499999999999999;20;5;17;4;3;1;1;3;-2;0;1;0
"794904";"2019-0410";"Monte Carlo Masters";"Clay";"64";"Masters";32;77;"Cameron Norrie";"L";188;"GBR";23,6;62;"Adrian Mannarino";"L";183;"FRA";30,7;"6-4 6-3";3;"R64";79;3;1;53;31;27;11;9;0;0;1;1;64;33;21;17;10;4;7;56;925;58;915;6;6;NA;NA;NA;4;3;NA;NA;NA;2019-04-15;2019;"2019-0410:32";746;0;0,192645077942396;0,142019004872428;62;"Adrian Mannarino";77;"Cameron Norrie";0,142019004872428;0,192645077942396;-0,0506260730699681;30,7;23,6;7,1;183;188;-5;1,5;0,571428571428571;0,571428571428571;1,5;-0,928571428571429;7;0;4;0;3;0;0;3;-3;0;1;0
"794905";"2019-0410";"Monte Carlo Masters";"Clay";"64";"Masters";33;94;"Lorenzo Sonego";"R";191;"ITA";23,9;90;"Andreas Seppi";"R";190;"ITA";35,1;"7-6(4) 6-4";3;"R64";104;9;1;65;43;39;11;11;0;0;3;2;77;43;32;18;11;2;3;96;622;46;970;7;6;NA;NA;NA;6;4;NA;NA;NA;2019-04-15;2019;"2019-0410:33";747;0;-0,584962500721156;0,476438043942987;90;"Andreas Seppi";94;"Lorenzo Sonego";0,476438043942987;-0,584962500721156;1,06140054466414;35,1;23,9;11,2;190;191;-1;1,5;0,666666666666667;0,666666666666667;1,5;-0,833333333333333;3;0;2;0;1;0;0;1;-1;0;1;0
"794906";"2019-0410";"Monte Carlo Masters";"Clay";"64";"Masters";34;47;"Pierre Hugues Herbert";"R";188;"FRA";28;105;"Fernando Verdasco";"L";188;"ESP";35,4;"6-4 6-4";3;"R64";92;7;1;62;34;30;13;10;0;1;2;5;61;38;28;7;10;1;4;49;948;38;1155;6;6;NA;NA;NA;4;4;NA;NA;NA;2019-04-15;2019;"2019-0410:34";748;1;0,385290155884792;0,752072486556415;47;"Pierre Hugues Herbert";105;"Fernando Verdasco";0,385290155884792;0,752072486556415;-0,366782330671623;28;35,4;-7,4;188;188;0;0;0,25;0;0,25;-0,25;4;1;1;0;3;1;3;1;2;0;1;0
"794908";"2019-0410";"Monte Carlo Masters";"Clay";"64";"Masters";36;18;"Borna Coric";"R";188;"CRO";22,4;49;"Hubert Hurkacz";"R";196;"POL";22,1;"6-4 5-7 7-5";3;"R64";172;3;3;109;51;36;32;17;4;7;6;5;106;57;35;31;17;8;12;13;2345;52;934;6;5;7;NA;NA;4;7;5;NA;NA;2019-04-15;2019;"2019-0410:36";749;1;2,29956028185891;0,299560281858908;18;"Borna Coric";49;"Hubert Hurkacz";2,29956028185891;0,299560281858908;2;22,4;22,1;0,299999999999997;188;196;-8;0,571428571428571;0,666666666666667;0,571428571428571;0,666666666666667;-0,0952380952380952;12;7;8;4;4;3;4;3;1;0;1;0
"794909";"2019-0410";"Monte Carlo Masters";"Clay";"64";"Masters";37;35;"Fabio Fognini";"R";178;"ITA";31,8;87;"Andrey Rublev";"R";188;"RUS";21,4;"4-6 7-5 6-4";3;"R64";150;4;8;121;55;37;32;16;13;17;6;6;90;42;30;24;16;3;8;18;1885;90;654;4;7;6;NA;NA;6;5;4;NA;NA;2019-04-15;2019;"2019-0410:37";750;1;1,83007499855769;-0,491853096329675;35;"Fabio Fognini";87;"Andrey Rublev";1,83007499855769;-0,491853096329675;2,32192809488736;31,8;21,4;10,4;178;188;-10;0,764705882352941;0,375;0,764705882352941;0,375;0,389705882352941;8;17;3;13;5;4;5;4;1;0;1;0
"794910";"2019-0410";"Monte Carlo Masters";"Clay";"64";"Masters";38;92;"Gilles Simon";"R";183;"FRA";34,2;82;"Alexei Popyrin";"R";196;"AUS";19,6;"7-5 6-1";3;"R64";83;2;4;56;37;26;8;9;3;5;2;4;57;30;20;7;10;3;9;26;1385;120;486;7;6;NA;NA;NA;5;1;NA;NA;NA;2019-04-15;2019;"2019-0410:38";751;0;1,29956028185891;-0,906890595608519;82;"Alexei Popyrin";92;"Gilles Simon";-0,906890595608519;1,29956028185891;-2,20645087746743;19,6;34,2;-14,6;196;183;13;0,6;0,333333333333333;0,333333333333333;0,6;-0,266666666666667;9;5;3;3;6;2;2;6;-4;0;1;0
"794911";"2019-0410";"Monte Carlo Masters";"Clay";"64";"Masters";39;3;"Felix Auger Aliassime";"R";193;"CAN";18,6;59;"Juan Ignacio Londero";"R";180;"ARG";25,6;"7-5 7-6(5)";3;"R64";118;5;5;73;43;38;14;12;2;4;1;4;92;45;31;22;12;6;9;33;1245;79;697;7;7;NA;NA;NA;5;6;NA;NA;NA;2019-04-15;2019;"2019-0410:39";752;1;0,955605880641547;-0,303780748177103;3;"Felix Auger Aliassime";59;"Juan Ignacio Londero";0,955605880641547;-0,303780748177103;1,25938662881865;18,6;25,6;-7;193;180;13;0,5;0,666666666666667;0,5;0,666666666666667;-0,166666666666667;9;4;6;2;3;2;3;2;1;0;1;0
"794912";"2019-0410";"Monte Carlo Masters";"Clay";"64";"Masters";40;81;"Guido Pella";"L";185;"ARG";28,9;27;"Laslo Djere";"R";188;"SRB";23,8;"6-7(2) 6-2 6-4";3;"R64";145;2;4;94;64;46;18;15;3;4;3;1;100;62;46;16;15;5;9;35;1205;32;1246;6;6;6;NA;NA;7;2;4;NA;NA;2019-04-15;2019;"2019-0410:40";753;0;0,870716983055034;1;27;"Laslo Djere";81;"Guido Pella";1;0,870716983055034;0,129283016944966;23,8;28,9;-5,1;188;185;3;0,75;0,555555555555556;0,555555555555556;0,75;-0,194444444444444;9;4;5;3;4;1;1;4;-3;0;1;0
"794913";"2019-0410";"Monte Carlo Masters";"Clay";"64";"Masters";41;107;"Stan Wawrinka";"R";183;"SUI";34;83;"Lucas Pouille";"R";185;"FRA";25,1;"7-5 6-3";3;"R64";75;7;3;59;28;24;19;11;5;6;1;3;55;22;14;19;10;2;5;36;1185;31;1275;7;6;NA;NA;NA;5;3;NA;NA;NA;2019-04-15;2019;"2019-0410:41";754;0;0,830074998557688;1,04580368961313;83;"Lucas Pouille";107;"Stan Wawrinka";1,04580368961313;0,830074998557688;0,215728691055437;25,1;34;-8,9;185;183;2;0,833333333333333;0,4;0,4;0,833333333333333;-0,433333333333333;5;6;2;5;3;1;1;3;-2;0;1;0
"794915";"2019-0410";"Monte Carlo Masters";"Clay";"64";"Masters";43;97;"Jan Lennard Struff";"R";193;"GER";28,9;91;"Denis Shapovalov";"L";185;"CAN";20;"5-7 6-3 6-1";3;"R64";118;4;4;90;46;33;21;14;6;9;1;10;100;58;36;18;14;10;16;44;990;20;1820;5;6;6;NA;NA;7;3;1;NA;NA;2019-04-15;2019;"2019-0410:43";755;0;0,540568381362703;1,67807190511264;91;"Denis Shapovalov";97;"Jan Lennard Struff";1,67807190511264;0,540568381362703;1,13750352374993;20;28,9;-8,9;185;193;-8;0,666666666666667;0,625;0,625;0,666666666666667;-0,0416666666666666;16;9;10;6;6;3;3;6;-3;0;1;0
"794916";"2019-0410";"Monte Carlo Masters";"Clay";"64";"Masters";44;26;"Grigor Dimitrov";"R";188;"BUL";27,9;9;"Matteo Berrettini";"R";196;"ITA";23;"7-5 6-4";3;"R64";113;2;6;80;40;29;20;11;6;8;3;4;83;38;24;22;11;14;18;28;1300;55;927;7;6;NA;NA;NA;5;4;NA;NA;NA;2019-04-15;2019;"2019-0410:44";756;0;1,1926450779424;0,21864028647534;9;"Matteo Berrettini";26;"Grigor Dimitrov";0,21864028647534;1,1926450779424;-0,974004791467056;23;27,9;-4,9;196;188;8;0,75;0,777777777777778;0,777777777777778;0,75;0,0277777777777778;18;8;14;6;4;2;2;4;-2;0;1;0
"794917";"2019-0410";"Monte Carlo Masters";"Clay";"64";"Masters";45;5;"Roberto Bautista Agut";"R";183;"ESP";31;67;"John Millman";"R";183;"AUS";29,8;"3-6 6-1 6-1";3;"R64";111;1;2;74;52;37;11;12;6;8;4;3;77;48;31;9;11;5;10;22;1680;39;1095;3;6;6;NA;NA;6;1;1;NA;NA;2019-04-15;2019;"2019-0410:45";757;1;1,5405683813627;0,714597781137751;5;"Roberto Bautista Agut";67;"John Millman";1,5405683813627;0,714597781137751;0,825970600224951;31;29,8;1,2;183;183;0;0,75;0,5;0,75;0,5;0,25;10;8;5;6;5;2;5;2;3;0;1;0
"794918";"2019-0410";"Monte Carlo Masters";"Clay";"64";"Masters";46;28;"Novak Djokovic";"R";188;"SRB";31,8;55;"Philipp Kohlschreiber";"R";178;"GER";35,4;"6-3 4-6 6-4";3;"R32";156;1;8;118;73;47;22;15;12;16;3;2;89;50;31;18;14;5;10;1;11070;40;1090;6;4;6;NA;NA;3;6;4;NA;NA;2019-04-15;2019;"2019-0410:46";758;1;6;0,678071905112637;28;"Novak Djokovic";55;"Philipp Kohlschreiber";6;0,678071905112637;5,32192809488736;31,8;35,4;-3,6;188;178;10;0,75;0,5;0,75;0,5;0,25;10;16;5;12;5;4;5;4;1;0;1;0
"794919";"2019-0410";"Monte Carlo Masters";"Clay";"64";"Masters";47;36;"Taylor Fritz";"R";193;"USA";21,4;89;"Diego Schwartzman";"R";170;"ARG";26,6;"6-4 6-2";3;"R32";86;3;2;50;25;16;11;9;1;4;1;5;69;45;23;8;9;11;17;65;810;24;1485;6;6;NA;NA;NA;4;2;NA;NA;NA;2019-04-15;2019;"2019-0410:47";759;1;-0,0223678130284544;1,41503749927884;36;"Taylor Fritz";89;"Diego Schwartzman";-0,0223678130284544;1,41503749927884;-1,4374053123073;21,4;26,6;-5,2;193;170;23;0,25;0,647058823529412;0,25;0,647058823529412;-0,397058823529412;17;4;11;1;6;3;6;3;3;0;1;0
"794921";"2019-0410";"Monte Carlo Masters";"Clay";"64";"Masters";49;103;"Stefanos Tsitsipas";"R";193;"GRE";20,6;57;"Mikhail Kukushkin";"R";183;"KAZ";31,3;"6-3 7-5";3;"R32";102;2;2;72;39;29;16;11;2;4;1;1;74;52;27;11;10;7;11;8;3240;42;1025;6;7;NA;NA;NA;3;5;NA;NA;NA;2019-04-15;2019;"2019-0410:49";760;0;3;0,607682577221239;57;"Mikhail Kukushkin";103;"Stefanos Tsitsipas";0,607682577221239;3;-2,39231742277876;31,3;20,6;10,7;183;193;-10;0,5;0,636363636363636;0,636363636363636;0,5;0,136363636363636;11;4;7;2;4;2;2;4;-2;0;1;0
"794923";"2019-0410";"Monte Carlo Masters";"Clay";"64";"Masters";51;58;"Dusan Lajovic";"R";180;"SRB";28,7;43;"David Goffin";"R";180;"BEL";28,3;"6-3 6-4";3;"R32";88;2;1;73;46;31;15;10;4;6;0;5;58;33;23;6;9;4;8;48;950;21;1765;6;6;NA;NA;NA;3;4;NA;NA;NA;2019-04-15;2019;"2019-0410:51";761;0;0,415037499278844;1,60768257722124;43;"David Goffin";58;"Dusan Lajovic";1,60768257722124;0,415037499278844;1,1926450779424;28,3;28,7;-0,399999999999999;180;180;0;0,666666666666667;0,5;0,5;0,666666666666667;-0,166666666666667;8;6;4;4;4;2;2;4;-2;0;1;0
"794924";"2019-0410";"Monte Carlo Masters";"Clay";"64";"Masters";52;77;"Cameron Norrie";"L";188;"GBR";23,6;37;"Marton Fucsovics";"R";188;"HUN";27,1;"7-6(3) 6-3";3;"R32";105;1;2;74;47;31;18;11;3;5;0;4;75;35;25;19;10;5;8;56;925;37;1180;7;6;NA;NA;NA;6;3;NA;NA;NA;2019-04-15;2019;"2019-0410:52";762;0;0,192645077942396;0,79054663437105;37;"Marton Fucsovics";77;"Cameron Norrie";0,79054663437105;0,192645077942396;0,597901556428654;27,1;23,6;3,5;188;188;0;0,6;0,625;0,625;0,6;0,025;8;5;5;3;3;2;2;3;-1;0;1;0
"794925";"2019-0410";"Monte Carlo Masters";"Clay";"64";"Masters";53;94;"Lorenzo Sonego";"R";191;"ITA";23,9;53;"Karen Khachanov";"R";198;"RUS";22,8;"7-6(4) 6-4";3;"R32";112;5;0;78;50;37;19;11;7;8;3;1;73;48;28;17;11;1;3;96;622;12;2810;7;6;NA;NA;NA;6;4;NA;NA;NA;2019-04-15;2019;"2019-0410:53";763;0;-0,584962500721156;2,41503749927884;53;"Karen Khachanov";94;"Lorenzo Sonego";2,41503749927884;-0,584962500721156;3;22,8;23,9;-1,1;198;191;7;0,875;0,333333333333333;0,333333333333333;0,875;-0,541666666666667;3;8;1;7;2;1;1;2;-1;0;1;0
"794926";"2019-0410";"Monte Carlo Masters";"Clay";"64";"Masters";54;47;"Pierre Hugues Herbert";"R";188;"FRA";28;75;"Kei Nishikori";"R";178;"JPN";29,2;"7-5 6-4";3;"R32";102;7;2;74;43;35;18;11;10;10;2;1;68;48;32;12;11;1;3;49;948;6;4200;7;6;NA;NA;NA;5;4;NA;NA;NA;2019-04-15;2019;"2019-0410:54";764;1;0,385290155884792;3,41503749927884;47;"Pierre Hugues Herbert";75;"Kei Nishikori";0,385290155884792;3,41503749927884;-3,02974734339405;28;29,2;-1,2;188;178;10;1;0,333333333333333;1;0,333333333333333;0,666666666666667;3;10;1;10;2;0;2;0;2;0;1;0
"794927";"2019-0410";"Monte Carlo Masters";"Clay";"64";"Masters";55;18;"Borna Coric";"R";188;"CRO";22,4;71;"Jaume Munar";"R";183;"ESP";21,9;"6-7(3) 7-6(7) 6-4";3;"R32";208;3;3;132;78;53;30;17;12;15;5;1;127;75;53;22;17;5;9;13;2345;61;870;6;7;6;NA;NA;7;6;4;NA;NA;2019-04-15;2019;"2019-0410:55";765;1;2,29956028185891;0,0692626624371133;18;"Borna Coric";71;"Jaume Munar";2,29956028185891;0,0692626624371133;2,23029761942179;22,4;21,9;0,5;188;183;5;0,8;0,555555555555556;0,8;0,555555555555556;0,244444444444444;9;15;5;12;4;3;4;3;1;0;1;0
"794929";"2019-0410";"Monte Carlo Masters";"Clay";"64";"Masters";57;109;"Alexander Zverev";"R";198;"GER";21,9;3;"Felix Auger Aliassime";"R";193;"CAN";18,6;"6-1 6-4";3;"R32";78;0;3;47;32;21;7;8;1;3;1;5;53;26;12;10;9;1;7;3;6040;33;1245;6;6;NA;NA;NA;1;4;NA;NA;NA;2019-04-15;2019;"2019-0410:57";766;0;4,41503749927884;0,955605880641547;3;"Felix Auger Aliassime";109;"Alexander Zverev";0,955605880641547;4,41503749927884;-3,4594316186373;18,6;21,9;-3,3;193;198;-5;0,333333333333333;0,142857142857143;0,142857142857143;0,333333333333333;-0,19047619047619;7;3;1;1;6;2;2;6;-4;0;1;0
"794930";"2019-0410";"Monte Carlo Masters";"Clay";"64";"Masters";58;81;"Guido Pella";"L";185;"ARG";28,9;16;"Marin Cilic";"R";198;"CRO";30,5;"6-3 5-7 6-1";3;"R32";136;5;2;76;48;26;17;14;1;6;4;7;93;45;32;13;14;5;13;35;1205;11;3015;6;5;6;NA;NA;3;7;1;NA;NA;2019-04-15;2019;"2019-0410:58";767;0;0,870716983055034;2,5405683813627;16;"Marin Cilic";81;"Guido Pella";2,5405683813627;0,870716983055034;1,66985139830767;30,5;28,9;1,6;198;185;13;0,166666666666667;0,384615384615385;0,384615384615385;0,166666666666667;0,217948717948718;13;6;5;1;8;5;5;8;-3;0;1;0
"794931";"2019-0410";"Monte Carlo Masters";"Clay";"64";"Masters";59;14;"Marco Cecchinato";"R";185;"ITA";26,5;107;"Stan Wawrinka";"R";183;"SUI";34;"0-6 7-5 6-3";3;"R32";104;2;2;92;61;41;14;14;5;9;5;2;69;36;25;18;13;0;3;16;2021;36;1185;0;7;6;NA;NA;6;5;3;NA;NA;2019-04-15;2019;"2019-0410:59";768;1;2;0,830074998557688;14;"Marco Cecchinato";107;"Stan Wawrinka";2;0,830074998557688;1,16992500144231;26,5;34;-7,5;185;183;2;0,555555555555556;0;0,555555555555556;0;0,555555555555556;3;9;0;5;3;4;3;4;-1;0;1;0
"794932";"2019-0410";"Monte Carlo Masters";"Clay";"64";"Masters";60;26;"Grigor Dimitrov";"R";188;"BUL";27,9;97;"Jan Lennard Struff";"R";193;"GER";28,9;"7-6(2) 6-4";3;"R32";117;1;2;85;41;29;24;11;7;8;6;4;76;35;26;20;11;8;10;28;1300;44;990;7;6;NA;NA;NA;6;4;NA;NA;NA;2019-04-15;2019;"2019-0410:60";769;1;1,1926450779424;0,540568381362703;26;"Grigor Dimitrov";97;"Jan Lennard Struff";1,1926450779424;0,540568381362703;0,652076696579694;27,9;28,9;-1;188;193;-5;0,875;0,8;0,875;0,8;0,075;10;8;8;7;2;1;2;1;1;0;1;0
"794933";"2019-0410";"Monte Carlo Masters";"Clay";"64";"Masters";61;74;"Rafael Nadal";"L";185;"ESP";32,8;5;"Roberto Bautista Agut";"R";183;"ESP";31;"6-1 6-1";3;"R32";76;0;3;47;28;18;14;7;5;5;0;0;40;23;9;8;7;3;8;2;8725;22;1680;6;6;NA;NA;NA;1;1;NA;NA;NA;2019-04-15;2019;"2019-0410:61";770;0;5;1,5405683813627;5;"Roberto Bautista Agut";74;"Rafael Nadal";1,5405683813627;5;-3,4594316186373;31;32,8;-1,8;183;185;-2;1;0,375;0,375;1;-0,625;8;5;3;5;5;0;0;5;-5;0;1;0
"794934";"2019-0410";"Monte Carlo Masters";"Clay";"64";"Masters";62;28;"Novak Djokovic";"R";188;"SRB";31,8;36;"Taylor Fritz";"R";193;"USA";21,4;"6-3 6-0";3;"R16";68;3;3;44;23;16;12;7;1;2;2;6;63;31;19;8;8;4;10;1;11070;65;810;6;6;NA;NA;NA;3;0;NA;NA;NA;2019-04-15;2019;"2019-0410:62";771;1;6;-0,0223678130284544;28;"Novak Djokovic";36;"Taylor Fritz";6;-0,0223678130284544;6,02236781302845;31,8;21,4;10,4;188;193;-5;0,5;0,4;0,5;0,4;0,1;10;2;4;1;6;1;6;1;5;0;1;0
"794935";"2019-0410";"Monte Carlo Masters";"Clay";"64";"Masters";63;66;"Daniil Medvedev";"R";198;"RUS";23,1;103;"Stefanos Tsitsipas";"R";193;"GRE";20,6;"6-2 1-6 6-4";3;"R16";105;2;3;66;25;20;21;12;1;4;2;2;78;54;37;9;13;4;8;14;2295;8;3240;6;1;6;NA;NA;2;6;4;NA;NA;2019-04-15;2019;"2019-0410:63";772;1;2,1926450779424;3;66;"Daniil Medvedev";103;"Stefanos Tsitsipas";2,1926450779424;3;-0,807354922057604;23,1;20,6;2,5;198;193;5;0,25;0,5;0,25;0,5;-0,25;8;4;4;1;4;3;4;3;1;0;1;0
"794936";"2019-0410";"Monte Carlo Masters";"Clay";"64";"Masters";64;58;"Dusan Lajovic";"R";180;"SRB";28,7;98;"Dominic Thiem";"R";185;"AUT";25,6;"6-3 6-3";3;"R16";92;1;2;69;42;28;14;9;7;9;0;2;55;42;20;6;9;5;10;48;950;5;4765;6;6;NA;NA;NA;3;3;NA;NA;NA;2019-04-15;2019;"2019-0410:64";773;1;0,415037499278844;3,67807190511264;58;"Dusan Lajovic";98;"Dominic Thiem";0,415037499278844;3,67807190511264;-3,26303440583379;28,7;25,6;3,1;180;185;-5;0,777777777777778;0,5;0,777777777777778;0,5;0,277777777777778;10;9;5;7;5;2;5;2;3;0;1;0
"794937";"2019-0410";"Monte Carlo Masters";"Clay";"64";"Masters";65;94;"Lorenzo Sonego";"R";191;"ITA";23,9;77;"Cameron Norrie";"L";188;"GBR";23,6;"6-2 7-5";3;"R16";84;1;2;53;32;28;12;10;2;3;3;5;64;39;22;13;10;6;10;96;622;56;925;6;7;NA;NA;NA;2;5;NA;NA;NA;2019-04-15;2019;"2019-0410:65";774;0;-0,584962500721156;0,192645077942396;77;"Cameron Norrie";94;"Lorenzo Sonego";0,192645077942396;-0,584962500721156;0,777607578663552;23,6;23,9;-0,299999999999997;188;191;-3;0,666666666666667;0,6;0,6;0,666666666666667;-0,0666666666666667;10;3;6;2;4;1;1;4;-3;0;1;0
"794938";"2019-0410";"Monte Carlo Masters";"Clay";"64";"Masters";66;18;"Borna Coric";"R";188;"CRO";22,4;47;"Pierre Hugues Herbert";"R";188;"FRA";28;"6-4 6-2";3;"R16";101;2;0;64;48;34;9;9;3;3;5;1;73;33;23;18;9;8;11;13;2345;49;948;6;6;NA;NA;NA;4;2;NA;NA;NA;2019-04-15;2019;"2019-0410:66";775;1;2,29956028185891;0,385290155884792;18;"Borna Coric";47;"Pierre Hugues Herbert";2,29956028185891;0,385290155884792;1,91427012597412;22,4;28;-5,6;188;188;0;1;0,727272727272727;1;0,727272727272727;0,272727272727273;11;3;8;3;3;0;3;0;3;0;1;0
"794939";"2019-0410";"Monte Carlo Masters";"Clay";"64";"Masters";67;35;"Fabio Fognini";"R";178;"ITA";31,8;109;"Alexander Zverev";"R";198;"GER";21,9;"7-6(6) 6-1";3;"R16";90;0;0;62;40;30;14;10;0;1;6;4;64;45;30;7;9;4;7;18;1885;3;6040;7;6;NA;NA;NA;6;1;NA;NA;NA;2019-04-15;2019;"2019-0410:67";776;1;1,83007499855769;4,41503749927884;35;"Fabio Fognini";109;"Alexander Zverev";1,83007499855769;4,41503749927884;-2,58496250072116;31,8;21,9;9,9;178;198;-20;0;0,571428571428571;0;0,571428571428571;-0,571428571428571;7;1;4;0;3;1;3;1;2;0;1;0
"794940";"2019-0410";"Monte Carlo Masters";"Clay";"64";"Masters";68;81;"Guido Pella";"L";185;"ARG";28,9;14;"Marco Cecchinato";"R";185;"ITA";26,5;"6-4 4-6 6-4";3;"R16";134;3;2;86;54;40;15;15;6;10;4;4;95;64;41;13;15;4;9;35;1205;16;2021;6;4;6;NA;NA;4;6;4;NA;NA;2019-04-15;2019;"2019-0410:68";777;0;0,870716983055034;2;14;"Marco Cecchinato";81;"Guido Pella";2;0,870716983055034;1,12928301694497;26,5;28,9;-2,4;185;185;0;0,6;0,444444444444444;0,444444444444444;0,6;-0,155555555555556;9;10;4;6;5;4;4;5;-1;0;1;0
"794941";"2019-0410";"Monte Carlo Masters";"Clay";"64";"Masters";69;74;"Rafael Nadal";"L";185;"ESP";32,8;26;"Grigor Dimitrov";"R";188;"BUL";27,9;"6-4 6-1";3;"R16";94;1;3;58;32;26;12;9;1;2;3;4;52;25;17;10;8;4;8;2;8725;28;1300;6;6;NA;NA;NA;4;1;NA;NA;NA;2019-04-15;2019;"2019-0410:69";778;0;5;1,1926450779424;26;"Grigor Dimitrov";74;"Rafael Nadal";1,1926450779424;5;-3,8073549220576;27,9;32,8;-4,9;188;185;3;0,5;0,5;0,5;0,5;0;8;2;4;1;4;1;1;4;-3;0;1;0
"794942";"2019-0410";"Monte Carlo Masters";"Clay";"64";"Masters";70;66;"Daniil Medvedev";"R";198;"RUS";23,1;28;"Novak Djokovic";"R";188;"SRB";31,8;"6-3 4-6 6-2";3;"QF";140;3;2;82;40;28;26;13;2;4;4;3;91;49;32;20;14;5;10;14;2295;1;11070;6;4;6;NA;NA;3;6;2;NA;NA;2019-04-15;2019;"2019-0410:70";779;0;2,1926450779424;6;28;"Novak Djokovic";66;"Daniil Medvedev";6;2,1926450779424;3,8073549220576;31,8;23,1;8,7;188;198;-10;0,5;0,5;0,5;0,5;0;10;4;5;2;5;2;2;5;-3;0;1;0
"794943";"2019-0410";"Monte Carlo Masters";"Clay";"64";"Masters";71;58;"Dusan Lajovic";"R";180;"SRB";28,7;94;"Lorenzo Sonego";"R";191;"ITA";23,9;"6-4 7-5";3;"QF";107;1;2;67;42;33;13;11;3;4;3;1;66;37;25;14;11;1;4;48;950;96;622;6;7;NA;NA;NA;4;5;NA;NA;NA;2019-04-15;2019;"2019-0410:71";780;1;0,415037499278844;-0,584962500721156;58;"Dusan Lajovic";94;"Lorenzo Sonego";0,415037499278844;-0,584962500721156;1;28,7;23,9;4,8;180;191;-11;0,75;0,25;0,75;0,25;0,5;4;4;1;3;3;1;3;1;2;0;1;0
"794944";"2019-0410";"Monte Carlo Masters";"Clay";"64";"Masters";72;35;"Fabio Fognini";"R";178;"ITA";31,8;18;"Borna Coric";"R";188;"CRO";22,4;"1-6 6-3 6-2";3;"QF";119;0;4;83;55;37;12;12;5;8;1;2;73;43;29;13;12;2;6;18;1885;13;2345;1;6;6;NA;NA;6;3;2;NA;NA;2019-04-15;2019;"2019-0410:72";781;0;1,83007499855769;2,29956028185891;18;"Borna Coric";35;"Fabio Fognini";2,29956028185891;1,83007499855769;0,46948528330122;22,4;31,8;-9,4;188;178;10;0,625;0,333333333333333;0,333333333333333;0,625;-0,291666666666667;6;8;2;5;4;3;3;4;-1;0;1;0
"794945";"2019-0410";"Monte Carlo Masters";"Clay";"64";"Masters";73;74;"Rafael Nadal";"L";185;"ESP";32,8;81;"Guido Pella";"L";185;"ARG";28,9;"7-6(1) 6-3";3;"QF";140;4;3;73;48;28;11;10;8;13;1;4;89;58;27;13;11;6;13;2;8725;35;1205;7;6;NA;NA;NA;6;3;NA;NA;NA;2019-04-15;2019;"2019-0410:73";782;1;5;0,870716983055034;74;"Rafael Nadal";81;"Guido Pella";5;0,870716983055034;4,12928301694497;32,8;28,9;3,9;185;185;0;0,615384615384615;0,461538461538462;0,615384615384615;0,461538461538462;0,153846153846154;13;13;6;8;7;5;7;5;2;0;1;0
"794946";"2019-0410";"Monte Carlo Masters";"Clay";"64";"Masters";74;58;"Dusan Lajovic";"R";180;"SRB";28,7;66;"Daniil Medvedev";"R";198;"RUS";23,1;"7-5 6-1";3;"SF";95;2;3;65;43;29;9;9;2;4;0;3;67;36;15;17;10;6;12;48;950;14;2295;7;6;NA;NA;NA;5;1;NA;NA;NA;2019-04-15;2019;"2019-0410:74";783;1;0,415037499278844;2,1926450779424;58;"Dusan Lajovic";66;"Daniil Medvedev";0,415037499278844;2,1926450779424;-1,77760757866355;28,7;23,1;5,6;180;198;-18;0,5;0,5;0,5;0,5;0;12;4;6;2;6;2;6;2;4;0;1;0
"794947";"2019-0410";"Monte Carlo Masters";"Clay";"64";"Masters";75;35;"Fabio Fognini";"R";178;"ITA";31,8;74;"Rafael Nadal";"L";185;"ESP";32,8;"6-4 6-2";3;"SF";96;1;1;50;24;15;14;9;1;4;0;2;59;41;18;7;9;4;10;18;1885;2;8725;6;6;NA;NA;NA;4;2;NA;NA;NA;2019-04-15;2019;"2019-0410:75";784;1;1,83007499855769;5;35;"Fabio Fognini";74;"Rafael Nadal";1,83007499855769;5;-3,16992500144231;31,8;32,8;-0,999999999999996;178;185;-7;0,25;0,4;0,25;0,4;-0,15;10;4;4;1;6;3;6;3;3;0;1;0
"794948";"2019-0410";"Monte Carlo Masters";"Clay";"64";"Masters";76;35;"Fabio Fognini";"R";178;"ITA";31,8;58;"Dusan Lajovic";"R";180;"SRB";28,7;"6-3 6-4";3;"F";98;0;2;65;41;23;18;10;2;4;1;3;60;37;22;10;9;1;5;18;1885;48;950;6;6;NA;NA;NA;3;4;NA;NA;NA;2019-04-15;2019;"2019-0410:76";785;1;1,83007499855769;0,415037499278844;35;"Fabio Fognini";58;"Dusan Lajovic";1,83007499855769;0,415037499278844;1,41503749927884;31,8;28,7;3,1;178;180;-2;0,5;0,2;0,5;0,2;0,3;5;4;1;2;4;2;4;2;2;0;1;0
"796984";"2019-M021";"Madrid Masters";"Clay";"64";"Masters";7;25;"Hugo Dellien";"R";180;"BOL";25,8;65;"Leonardo Mayer";"R";188;"ARG";31,9;"6-2 6-4";3;"Q1";64;0;0;56;51;38;3;9;3;3;2;6;47;27;21;6;9;0;3;109;538;60;860;6;6;NA;NA;NA;2;4;NA;NA;NA;2019-05-06;2019;"2019-M021:7";786;1;-0,768184324776926;0,0931094043914813;25;"Hugo Dellien";65;"Leonardo Mayer";-0,768184324776926;0,0931094043914813;-0,861293729168407;25,8;31,9;-6,1;180;188;-8;1;0;1;0;1;3;3;0;3;3;0;3;0;3;0;1;0
"796986";"2019-M021";"Madrid Masters";"Clay";"64";"Masters";9;11;"Roberto Carballes Baena";"R";183;"ESP";26,1;48;"Ugo Humbert";"L";188;"FRA";20,8;"7-6(1) 6-1";3;"Q1";99;2;2;68;45;32;13;10;5;6;4;3;62;35;17;17;9;6;9;91;627;63;823;7;6;NA;NA;NA;6;1;NA;NA;NA;2019-05-06;2019;"2019-M021:9";787;1;-0,507794640198696;0,0227200765000832;11;"Roberto Carballes Baena";48;"Ugo Humbert";-0,507794640198696;0,0227200765000832;-0,53051471669878;26,1;20,8;5,3;183;188;-5;0,833333333333333;0,666666666666667;0,833333333333333;0,666666666666667;0,166666666666667;9;6;6;5;3;1;3;1;2;0;1;0
"796987";"2019-M021";"Madrid Masters";"Clay";"64";"Masters";10;49;"Hubert Hurkacz";"R";196;"POL";22,2;44;"Marcel Granollers";"R";190;"ESP";33;"6-0 6-2";3;"Q1";50;6;2;38;24;18;10;7;0;0;1;1;35;18;8;6;7;3;8;52;932;108;539;6;6;NA;NA;NA;0;2;NA;NA;NA;2019-05-06;2019;"2019-M021:10";788;0;0,299560281858908;-0,754887502163468;44;"Marcel Granollers";49;"Hubert Hurkacz";-0,754887502163468;0,299560281858908;-1,05444778402238;33;22,2;10,8;190;196;-6;1,5;0,375;0,375;1,5;-1,125;8;0;3;0;5;0;0;5;-5;0;1;0
"796988";"2019-M021";"Madrid Masters";"Clay";"64";"Masters";11;85;"Albert Ramos";"L";188;"ESP";31,2;20;"Taro Daniel";"R";191;"JPN";26,2;"3-6 6-3 7-6(2)";3;"Q1";148;4;2;93;57;46;20;15;8;9;5;3;100;67;49;17;15;3;4;85;645;107;539;3;6;7;NA;NA;6;3;6;NA;NA;2019-05-06;2019;"2019-M021:11";789;0;-0,409390936137702;-0,741466986401147;20;"Taro Daniel";85;"Albert Ramos";-0,741466986401147;-0,409390936137702;-0,332076050263446;26,2;31,2;-5;191;188;3;0,888888888888889;0,75;0,75;0,888888888888889;-0,138888888888889;4;9;3;8;1;1;1;1;0;0;1;0
"796989";"2019-M021";"Madrid Masters";"Clay";"64";"Masters";12;88;"Casper Ruud";"R";183;"NOR";20,3;79;"Benoit Paire";"R";196;"FRA";29,9;"6-1 6-1";3;"Q1";58;1;2;38;28;23;5;7;0;0;3;9;64;34;19;9;7;8;13;71;727;43;1018;6;6;NA;NA;NA;1;1;NA;NA;NA;2019-05-06;2019;"2019-M021:12";790;0;-0,149747119504682;0,573735245297902;79;"Benoit Paire";88;"Casper Ruud";0,573735245297902;-0,149747119504682;0,723482364802584;29,9;20,3;9,6;196;183;13;1,5;0,615384615384615;0,615384615384615;1,5;-0,884615384615385;13;0;8;0;5;0;0;5;-5;0;1;0
"796990";"2019-M021";"Madrid Masters";"Clay";"64";"Masters";13;46;"Robin Haase";"R";190;"NED";32;100;"Bernard Tomic";"R";193;"AUS";26,5;"6-7(6) 6-2 7-5";3;"Q1";106;16;6;95;51;44;21;16;3;6;15;4;112;74;47;18;16;4;10;62;835;73;724;6;6;7;NA;NA;7;2;5;NA;NA;2019-05-06;2019;"2019-M021:13";791;1;0,0458036896131251;-0,189824558880018;46;"Robin Haase";100;"Bernard Tomic";0,0458036896131251;-0,189824558880018;0,235628248493143;32;26,5;5,5;190;193;-3;0,5;0,4;0,5;0,4;0,1;10;6;4;3;6;3;6;3;3;0;1;0
"796993";"2019-M021";"Madrid Masters";"Clay";"64";"Masters";16;78;"Reilly Opelka";"R";211;"USA";21,6;59;"Juan Ignacio Londero";"R";180;"ARG";25,7;"7-6(7) 5-7 6-2";3;"Q2";110;25;5;98;58;47;26;16;3;4;9;5;88;60;49;16;16;0;2;58;877;77;704;7;5;6;NA;NA;6;7;2;NA;NA;2019-05-06;2019;"2019-M021:16";792;0;0,142019004872428;-0,266786540694901;59;"Juan Ignacio Londero";78;"Reilly Opelka";-0,266786540694901;0,142019004872428;-0,408805545567329;25,7;21,6;4,1;180;211;-31;0,75;0;0;0,75;-0,75;2;4;0;3;2;1;1;2;-1;0;1;0
"796996";"2019-M021";"Madrid Masters";"Clay";"64";"Masters";19;49;"Hubert Hurkacz";"R";196;"POL";22,2;11;"Roberto Carballes Baena";"R";183;"ESP";26,1;"6-4 6-4";3;"Q2";95;3;6;71;33;28;18;10;6;7;1;2;69;40;22;17;10;7;10;52;932;91;627;6;6;NA;NA;NA;4;4;NA;NA;NA;2019-05-06;2019;"2019-M021:19";793;0;0,299560281858908;-0,507794640198696;11;"Roberto Carballes Baena";49;"Hubert Hurkacz";-0,507794640198696;0,299560281858908;-0,807354922057605;26,1;22,2;3,9;183;196;-13;0,857142857142857;0,7;0,7;0,857142857142857;-0,157142857142857;10;7;7;6;3;1;1;3;-2;0;1;0
"796997";"2019-M021";"Madrid Masters";"Clay";"64";"Masters";20;85;"Albert Ramos";"L";188;"ESP";31,2;88;"Casper Ruud";"R";183;"NOR";20,3;"2-6 7-6(3) 6-1";3;"Q2";115;5;1;87;65;44;7;14;2;6;4;1;73;52;34;11;13;1;5;85;645;71;727;2;7;6;NA;NA;6;6;1;NA;NA;2019-05-06;2019;"2019-M021:20";794;1;-0,409390936137702;-0,149747119504682;85;"Albert Ramos";88;"Casper Ruud";-0,409390936137702;-0,149747119504682;-0,25964381663302;31,2;20,3;10,9;188;183;5;0,333333333333333;0,2;0,333333333333333;0,2;0,133333333333333;5;6;1;2;4;4;4;4;0;0;1;0
"796998";"2019-M021";"Madrid Masters";"Clay";"64";"Masters";21;47;"Pierre Hugues Herbert";"R";188;"FRA";28,1;46;"Robin Haase";"R";190;"NED";32;"5-7 6-3 7-6(5)";3;"Q2";142;7;8;110;59;45;22;17;2;6;5;4;110;70;50;17;16;7;11;41;1038;62;835;5;6;7;NA;NA;7;3;6;NA;NA;2019-05-06;2019;"2019-M021:21";795;0;0,642447995381916;0,0458036896131251;46;"Robin Haase";47;"Pierre Hugues Herbert";0,0458036896131251;0,642447995381916;-0,596644305768791;32;28,1;3,9;190;188;2;0,333333333333333;0,636363636363636;0,636363636363636;0,333333333333333;0,303030303030303;11;6;7;2;4;4;4;4;0;0;1;0
"796999";"2019-M021";"Madrid Masters";"Clay";"64";"Masters";22;36;"Taylor Fritz";"R";193;"USA";21,5;26;"Grigor Dimitrov";"R";188;"BUL";27,9;"7-6(8) 7-6(4)";3;"R64";107;15;1;80;54;40;14;12;1;3;8;2;87;57;42;13;12;2;4;57;900;46;985;7;7;NA;NA;NA;6;6;NA;NA;NA;2019-05-06;2019;"2019-M021:22";796;0;0,167109985835259;0,476438043942987;26;"Grigor Dimitrov";36;"Taylor Fritz";0,476438043942987;0,167109985835259;0,309328058107728;27,9;21,5;6,4;188;193;-5;0,333333333333333;0,5;0,5;0,333333333333333;0,166666666666667;4;3;2;1;2;2;2;2;0;0;1;0
"797000";"2019-M021";"Madrid Masters";"Clay";"64";"Masters";23;15;"Jeremy Chardy";"R";188;"FRA";32,2;85;"Albert Ramos";"L";188;"ESP";31,2;"6-2 4-6 7-5";3;"R64";131;10;2;87;52;37;24;15;3;5;4;5;92;64;41;14;15;3;7;47;970;85;645;6;4;7;NA;NA;2;6;5;NA;NA;2019-05-06;2019;"2019-M021:23";797;1;0,445411148322362;-0,409390936137702;15;"Jeremy Chardy";85;"Albert Ramos";0,445411148322362;-0,409390936137702;0,854802084460064;32,2;31,2;1;188;188;0;0,6;0,428571428571429;0,6;0,428571428571429;0,171428571428571;7;5;3;3;4;2;4;2;2;0;1;0
"797001";"2019-M021";"Madrid Masters";"Clay";"64";"Masters";24;89;"Diego Schwartzman";"R";170;"ARG";26,7;14;"Marco Cecchinato";"R";185;"ITA";26,5;"6-0 4-6 6-1";3;"R64";75;2;3;57;41;34;9;11;0;1;1;3;65;42;24;10;12;4;10;25;1485;19;1875;6;4;6;NA;NA;0;6;1;NA;NA;2019-05-06;2019;"2019-M021:24";798;0;1,35614381022528;1,75207248655641;14;"Marco Cecchinato";89;"Diego Schwartzman";1,75207248655641;1,35614381022528;0,395928676331139;26,5;26,7;-0,199999999999999;185;170;15;0;0,4;0,4;0;0,4;10;1;4;0;6;1;1;6;-5;0;1;0
"797004";"2019-M021";"Madrid Masters";"Clay";"64";"Masters";27;27;"Laslo Djere";"R";188;"SRB";23,9;58;"Dusan Lajovic";"R";180;"SRB";28,8;"6-4 6-4";3;"R64";85;4;3;56;32;25;12;10;1;2;2;3;73;47;31;12;10;9;12;32;1246;24;1511;6;6;NA;NA;NA;4;4;NA;NA;NA;2019-05-06;2019;"2019-M021:27";799;1;1;1,41503749927884;27;"Laslo Djere";58;"Dusan Lajovic";1;1,41503749927884;-0,415037499278844;23,9;28,8;-4,9;188;180;8;0,5;0,75;0,5;0,75;-0,25;12;2;9;1;3;1;3;1;2;0;1;0
"797005";"2019-M021";"Madrid Masters";"Clay";"64";"Masters";28;40;"Richard Gasquet";"R";185;"FRA";32,8;21;"Alejandro Davidovich Fokina";"R";183;"ESP";19,9;"7-5 7-6(5)";3;"R64";117;3;3;77;54;37;13;12;2;4;3;1;101;73;47;14;12;6;9;39;1105;127;428;7;7;NA;NA;NA;5;6;NA;NA;NA;2019-05-06;2019;"2019-M021:28";800;0;0,714597781137751;-0,988684686772165;21;"Alejandro Davidovich Fokina";40;"Richard Gasquet";-0,988684686772165;0,714597781137751;-1,70328246790992;19,9;32,8;-12,9;183;185;-2;0,5;0,666666666666667;0,666666666666667;0,5;0,166666666666667;9;4;6;2;3;2;2;3;-1;0;1;0
"797006";"2019-M021";"Madrid Masters";"Clay";"64";"Masters";29;37;"Marton Fucsovics";"R";188;"HUN";27,2;43;"David Goffin";"R";180;"BEL";28,4;"6-4 7-5";3;"R64";101;2;2;88;57;34;16;11;7;10;1;0;54;29;19;11;11;1;6;36;1205;23;1540;6;7;NA;NA;NA;4;5;NA;NA;NA;2019-05-06;2019;"2019-M021:29";801;1;0,830074998557688;1,47643804394299;37;"Marton Fucsovics";43;"David Goffin";0,830074998557688;1,47643804394299;-0,646363045385299;27,2;28,4;-1,2;188;180;8;0,7;0,166666666666667;0,7;0,166666666666667;0,533333333333333;6;10;1;7;5;3;5;3;2;0;1;0
"797007";"2019-M021";"Madrid Masters";"Clay";"64";"Masters";30;69;"Gael Monfils";"R";193;"FRA";32,6;90;"Andreas Seppi";"R";190;"ITA";35,2;"6-3 6-1";3;"R64";55;4;0;39;34;25;5;8;1;2;1;0;52;24;13;11;8;6;11;18;1920;67;775;6;6;NA;NA;NA;3;1;NA;NA;NA;2019-05-06;2019;"2019-M021:30";802;1;1,83007499855769;-0,0660891904577721;69;"Gael Monfils";90;"Andreas Seppi";1,83007499855769;-0,0660891904577721;1,89616418901546;32,6;35,2;-2,6;193;190;3;0,5;0,545454545454545;0,5;0,545454545454545;-0,0454545454545454;11;2;6;1;5;1;5;1;4;0;1;0
"797008";"2019-M021";"Madrid Masters";"Clay";"64";"Masters";31;35;"Fabio Fognini";"R";178;"ITA";31,9;30;"Kyle Edmund";"R";188;"GBR";24,3;"6-4 6-3";3;"R64";90;1;3;65;44;30;11;9;7;8;0;1;72;43;26;11;10;12;16;12;2840;22;1575;6;6;NA;NA;NA;4;3;NA;NA;NA;2019-05-06;2019;"2019-M021:31";803;0;2,41503749927884;1,5405683813627;30;"Kyle Edmund";35;"Fabio Fognini";1,5405683813627;2,41503749927884;-0,874469117916141;24,3;31,9;-7,6;188;178;10;0,875;0,75;0,75;0,875;-0,125;16;8;12;7;4;1;1;4;-3;0;1;0
"797010";"2019-M021";"Madrid Masters";"Clay";"64";"Masters";33;78;"Reilly Opelka";"R";211;"USA";21,6;12;"Pablo Carreno Busta";"R";188;"ESP";27,8;"7-6(5) 6-4";3;"R64";85;14;3;64;39;34;16;11;1;1;5;0;67;46;36;12;11;1;2;58;877;42;1030;7;6;NA;NA;NA;6;4;NA;NA;NA;2019-05-06;2019;"2019-M021:33";804;0;0,142019004872428;0,607682577221239;12;"Pablo Carreno Busta";78;"Reilly Opelka";0,607682577221239;0,142019004872428;0,465663572348811;27,8;21,6;6,2;188;211;-23;1;0,5;0,5;1;-0,5;2;1;1;1;1;0;0;1;-1;0;1;0
"797011";"2019-M021";"Madrid Masters";"Clay";"64";"Masters";34;62;"Adrian Mannarino";"L";183;"FRA";30,8;95;"Joao Sousa";"R";185;"POR";30;"7-5 5-7 6-1";3;"R64";140;3;1;97;57;39;21;16;4;9;3;3;91;60;30;15;15;1;8;56;915;75;717;7;5;6;NA;NA;5;7;1;NA;NA;2019-05-06;2019;"2019-M021:34";805;1;0,192645077942396;-0,22881869049588;62;"Adrian Mannarino";95;"Joao Sousa";0,192645077942396;-0,22881869049588;0,421463768438277;30,8;30;0,800000000000001;183;185;-2;0,444444444444444;0,125;0,444444444444444;0,125;0,319444444444444;8;9;1;4;7;5;7;5;2;0;1;0
"797013";"2019-M021";"Madrid Masters";"Clay";"64";"Masters";36;53;"Karen Khachanov";"R";198;"RUS";22,9;71;"Jaume Munar";"R";183;"ESP";22;"6-4 6-7(5) 6-3";3;"R64";180;4;3;117;75;52;19;16;10;14;2;1;131;88;53;20;15;13;19;13;2685;55;920;6;6;6;NA;NA;4;7;3;NA;NA;2019-05-06;2019;"2019-M021:36";806;1;2,29956028185891;0,21864028647534;53;"Karen Khachanov";71;"Jaume Munar";2,29956028185891;0,21864028647534;2,08091999538357;22,9;22;0,899999999999999;198;183;15;0,714285714285714;0,68421052631579;0,714285714285714;0,68421052631579;0,0300751879699248;19;14;13;10;6;4;6;4;2;0;1;0
"797014";"2019-M021";"Madrid Masters";"Clay";"64";"Masters";37;83;"Lucas Pouille";"R";185;"FRA";25,1;18;"Borna Coric";"R";188;"CRO";22,4;"6-3 7-5";3;"R64";104;6;4;91;52;36;21;11;12;13;7;0;62;38;26;13;10;3;6;28;1385;15;2525;6;7;NA;NA;NA;3;5;NA;NA;NA;2019-05-06;2019;"2019-M021:37";807;0;1,1926450779424;2,09310940439148;18;"Borna Coric";83;"Lucas Pouille";2,09310940439148;1,1926450779424;0,900464326449085;22,4;25,1;-2,7;188;185;3;0,923076923076923;0,5;0,5;0,923076923076923;-0,423076923076923;6;13;3;12;3;1;1;3;-2;0;1;0
"797015";"2019-M021";"Madrid Masters";"Clay";"64";"Masters";38;49;"Hubert Hurkacz";"R";196;"POL";22,2;22;"Alex De Minaur";"R";183;"AUS";20,2;"6-3 6-4";3;"R64";72;5;0;49;30;26;14;10;0;0;3;0;54;36;26;6;9;3;5;52;932;27;1439;6;6;NA;NA;NA;3;4;NA;NA;NA;2019-05-06;2019;"2019-M021:38";808;0;0,299560281858908;1,24511249783653;22;"Alex De Minaur";49;"Hubert Hurkacz";1,24511249783653;0,299560281858908;0,945552215977624;20,2;22,2;-2;183;196;-13;1,5;0,6;0,6;1,5;-0,9;5;0;3;0;2;0;0;2;-2;0;1;0
"797016";"2019-M021";"Madrid Masters";"Clay";"64";"Masters";39;34;"David Ferrer";"R";175;"ESP";37;5;"Roberto Bautista Agut";"R";183;"ESP";31;"6-4 4-6 6-4";3;"R64";156;2;4;111;62;40;27;15;7;10;6;1;91;54;39;18;15;5;9;144;400;21;1680;6;4;6;NA;NA;4;6;4;NA;NA;2019-05-06;2019;"2019-M021:39";809;0;-1,16992500144231;1,60768257722124;5;"Roberto Bautista Agut";34;"David Ferrer";1,60768257722124;-1,16992500144231;2,77760757866355;31;37;-6;183;175;8;0,7;0,555555555555556;0,555555555555556;0,7;-0,144444444444444;9;10;5;7;4;3;3;4;-1;0;1;0
"797017";"2019-M021";"Madrid Masters";"Clay";"64";"Masters";40;25;"Hugo Dellien";"R";180;"BOL";25,8;92;"Gilles Simon";"R";183;"FRA";34,3;"4-6 6-1 7-6(4)";3;"R64";146;1;2;100;80;50;12;15;7;11;2;3;108;61;39;19;14;10;15;109;538;29;1385;4;6;7;NA;NA;6;1;6;NA;NA;2019-05-06;2019;"2019-M021:40";810;1;-0,768184324776926;1,14201900487243;25;"Hugo Dellien";92;"Gilles Simon";-0,768184324776926;1,14201900487243;-1,91020332964935;25,8;34,3;-8,5;180;183;-3;0,636363636363636;0,666666666666667;0,636363636363636;0,666666666666667;-0,0303030303030303;15;11;10;7;5;4;5;4;1;0;1;0
"797018";"2019-M021";"Madrid Masters";"Clay";"64";"Masters";41;107;"Stan Wawrinka";"R";183;"SUI";34,1;47;"Pierre Hugues Herbert";"R";188;"FRA";28,1;"6-2 6-3";3;"R64";64;3;2;45;22;16;20;9;0;0;2;4;51;34;22;7;8;3;6;34;1230;41;1038;6;6;NA;NA;NA;2;3;NA;NA;NA;2019-05-06;2019;"2019-M021:41";811;0;0,912537158749661;0,642447995381916;47;"Pierre Hugues Herbert";107;"Stan Wawrinka";0,642447995381916;0,912537158749661;-0,270089163367745;28,1;34,1;-6;188;183;5;1,5;0,5;0,5;1,5;-1;6;0;3;0;3;0;0;3;-3;0;1;0
"797019";"2019-M021";"Madrid Masters";"Clay";"64";"Masters";42;81;"Guido Pella";"L";185;"ARG";28,9;66;"Daniil Medvedev";"R";198;"RUS";23,2;"6-2 1-6 6-3";3;"R64";104;1;2;83;55;40;13;12;6;8;4;3;70;39;27;15;12;1;4;26;1470;14;2625;6;1;6;NA;NA;2;6;3;NA;NA;2019-05-06;2019;"2019-M021:42";812;0;1,29956028185891;2,1926450779424;66;"Daniil Medvedev";81;"Guido Pella";2,1926450779424;1,29956028185891;0,893084796083488;23,2;28,9;-5,7;198;185;13;0,75;0,25;0,25;0,75;-0,5;4;8;1;6;3;2;2;3;-1;0;1;0
"797020";"2019-M021";"Madrid Masters";"Clay";"64";"Masters";43;99;"Frances Tiafoe";"R";188;"USA";21,2;4;"Nikoloz Basilashvili";"R";185;"GEO";27,1;"6-7(8) 6-3 6-4";3;"R64";120;11;0;98;69;53;15;16;0;2;12;10;107;65;47;18;15;2;6;37;1185;17;1930;6;6;6;NA;NA;7;3;4;NA;NA;2019-05-06;2019;"2019-M021:43";813;0;0,79054663437105;1,91253715874966;4;"Nikoloz Basilashvili";99;"Frances Tiafoe";1,91253715874966;0,79054663437105;1,12199052437861;27,1;21,2;5,9;185;188;-3;0;0,333333333333333;0,333333333333333;0;0,333333333333333;6;2;2;0;4;2;2;4;-2;0;1;0
"797022";"2019-M021";"Madrid Masters";"Clay";"64";"Masters";45;3;"Felix Auger Aliassime";"R";193;"CAN";18,7;91;"Denis Shapovalov";"L";185;"CAN";20;"6-2 7-6(7)";3;"R64";109;3;2;85;59;37;17;10;2;3;1;4;72;39;23;18;10;6;9;30;1319;20;1820;6;7;NA;NA;NA;2;6;NA;NA;NA;2019-05-06;2019;"2019-M021:45";814;1;1,09310940439148;1,67807190511264;3;"Felix Auger Aliassime";91;"Denis Shapovalov";1,09310940439148;1,67807190511264;-0,584962500721156;18,7;20;-1,3;193;185;8;0,666666666666667;0,666666666666667;0,666666666666667;0,666666666666667;0;9;3;6;2;3;1;3;1;2;0;1;0
"797023";"2019-M021";"Madrid Masters";"Clay";"64";"Masters";46;28;"Novak Djokovic";"R";188;"SRB";31,9;36;"Taylor Fritz";"R";193;"USA";21,5;"6-4 6-2";3;"R32";65;7;2;46;34;29;9;9;1;1;4;1;60;38;24;11;9;0;3;1;11160;57;900;6;6;NA;NA;NA;4;2;NA;NA;NA;2019-05-06;2019;"2019-M021:46";815;1;6;0,167109985835259;28;"Novak Djokovic";36;"Taylor Fritz";6;0,167109985835259;5,83289001416474;31,9;21,5;10,4;188;193;-5;1;0;1;0;1;3;1;0;1;3;0;3;0;3;0;1;0
"797024";"2019-M021";"Madrid Masters";"Clay";"64";"Masters";47;15;"Jeremy Chardy";"R";188;"FRA";32,2;89;"Diego Schwartzman";"R";170;"ARG";26,7;"6-1 6-2";3;"R32";59;3;2;52;37;31;6;8;3;3;0;1;39;25;13;6;7;3;7;47;970;25;1485;6;6;NA;NA;NA;1;2;NA;NA;NA;2019-05-06;2019;"2019-M021:47";816;1;0,445411148322362;1,35614381022528;15;"Jeremy Chardy";89;"Diego Schwartzman";0,445411148322362;1,35614381022528;-0,910732661902913;32,2;26,7;5,5;188;170;18;1;0,428571428571429;1;0,428571428571429;0,571428571428571;7;3;3;3;4;0;4;0;4;0;1;0
"797025";"2019-M021";"Madrid Masters";"Clay";"64";"Masters";48;16;"Marin Cilic";"R";198;"CRO";30,6;97;"Jan Lennard Struff";"R";193;"GER";29;"4-6 6-3 6-4";3;"R32";120;7;4;93;51;37;27;15;6;7;11;2;81;47;38;17;14;4;6;11;2845;49;965;4;6;6;NA;NA;6;3;4;NA;NA;2019-05-06;2019;"2019-M021:48";817;1;2,5405683813627;0,385290155884792;16;"Marin Cilic";97;"Jan Lennard Struff";2,5405683813627;0,385290155884792;2,15527822547791;30,6;29;1,6;198;193;5;0,857142857142857;0,666666666666667;0,857142857142857;0,666666666666667;0,19047619047619;6;7;4;6;2;1;2;1;1;0;1;0
"797026";"2019-M021";"Madrid Masters";"Clay";"64";"Masters";49;27;"Laslo Djere";"R";188;"SRB";23,9;23;"Juan Martin del Potro";"R";198;"ARG";30,6;"6-3 2-6 7-5";3;"R32";142;8;2;109;70;52;20;15;9;11;11;2;76;51;42;11;14;3;5;32;1246;8;3225;6;2;7;NA;NA;3;6;5;NA;NA;2019-05-06;2019;"2019-M021:49";818;0;1;3;23;"Juan Martin del Potro";27;"Laslo Djere";3;1;2;30,6;23,9;6,7;198;188;10;0,818181818181818;0,6;0,6;0,818181818181818;-0,218181818181818;5;11;3;9;2;2;2;2;0;0;1;0
"797028";"2019-M021";"Madrid Masters";"Clay";"64";"Masters";51;69;"Gael Monfils";"R";193;"FRA";32,6;37;"Marton Fucsovics";"R";188;"HUN";27,2;"1-6 6-4 6-2";3;"R32";114;0;1;82;58;32;17;13;5;9;1;3;74;46;28;15;12;2;6;18;1920;36;1205;1;6;6;NA;NA;6;4;2;NA;NA;2019-05-06;2019;"2019-M021:51";819;0;1,83007499855769;0,830074998557688;37;"Marton Fucsovics";69;"Gael Monfils";0,830074998557688;1,83007499855769;-1;27,2;32,6;-5,4;188;193;-5;0,555555555555556;0,333333333333333;0,333333333333333;0,555555555555556;-0,222222222222222;6;9;2;5;4;4;4;4;0;0;1;0
"797029";"2019-M021";"Madrid Masters";"Clay";"64";"Masters";52;35;"Fabio Fognini";"R";178;"ITA";31,9;67;"John Millman";"R";183;"AUS";29,8;"6-2 6-2";3;"R32";69;0;0;45;32;22;10;8;2;3;0;0;49;33;14;9;8;2;7;12;2840;48;965;6;6;NA;NA;NA;2;2;NA;NA;NA;2019-05-06;2019;"2019-M021:52";820;1;2,41503749927884;0,415037499278844;35;"Fabio Fognini";67;"John Millman";2,41503749927884;0,415037499278844;2;31,9;29,8;2,1;178;183;-5;0,666666666666667;0,285714285714286;0,666666666666667;0,285714285714286;0,380952380952381;7;3;2;2;5;1;5;1;4;0;1;0
"797031";"2019-M021";"Madrid Masters";"Clay";"64";"Masters";54;103;"Stefanos Tsitsipas";"R";193;"GRE";20,7;62;"Adrian Mannarino";"L";183;"FRA";30,8;"6-2 7-5";3;"R32";77;6;1;52;29;23;15;10;3;4;3;0;61;46;27;8;10;3;7;9;3190;56;915;6;7;NA;NA;NA;2;5;NA;NA;NA;2019-05-06;2019;"2019-M021:54";821;0;2,83007499855769;0,192645077942396;62;"Adrian Mannarino";103;"Stefanos Tsitsipas";0,192645077942396;2,83007499855769;-2,63742992061529;30,8;20,7;10,1;183;193;-10;0,75;0,428571428571429;0,428571428571429;0,75;-0,321428571428571;7;4;3;3;4;1;1;4;-3;0;1;0
"797032";"2019-M021";"Madrid Masters";"Clay";"64";"Masters";55;105;"Fernando Verdasco";"L";188;"ESP";35,4;53;"Karen Khachanov";"R";198;"RUS";22,9;"6-7(4) 6-1 7-5";3;"R32";148;12;4;91;65;49;13;15;2;3;6;2;116;82;57;13;16;4;9;38;1155;13;2685;6;6;7;NA;NA;7;1;5;NA;NA;2019-05-06;2019;"2019-M021:55";822;0;0,752072486556415;2,29956028185891;53;"Karen Khachanov";105;"Fernando Verdasco";2,29956028185891;0,752072486556415;1,54748779530249;22,9;35,4;-12,5;198;188;10;0,666666666666667;0,444444444444444;0,444444444444444;0,666666666666667;-0,222222222222222;9;3;4;2;5;1;1;5;-4;0;1;0
"797033";"2019-M021";"Madrid Masters";"Clay";"64";"Masters";56;49;"Hubert Hurkacz";"R";196;"POL";22,2;83;"Lucas Pouille";"R";185;"FRA";25,1;"7-5 6-1";3;"R32";69;6;2;63;42;36;10;10;3;3;0;4;56;31;18;16;9;4;7;52;932;28;1385;7;6;NA;NA;NA;5;1;NA;NA;NA;2019-05-06;2019;"2019-M021:56";823;1;0,299560281858908;1,1926450779424;49;"Hubert Hurkacz";83;"Lucas Pouille";0,299560281858908;1,1926450779424;-0,893084796083488;22,2;25,1;-2,9;196;185;11;1;0,571428571428571;1;0,571428571428571;0,428571428571429;7;3;4;3;3;0;3;0;3;0;1;0
"797034";"2019-M021";"Madrid Masters";"Clay";"64";"Masters";57;109;"Alexander Zverev";"R";198;"GER";22;34;"David Ferrer";"R";175;"ESP";37;"6-4 6-1";3;"R32";70;4;5;49;30;23;10;8;2;3;0;2;45;27;14;8;9;0;5;4;5565;144;400;6;6;NA;NA;NA;4;1;NA;NA;NA;2019-05-06;2019;"2019-M021:57";824;0;4;-1,16992500144231;34;"David Ferrer";109;"Alexander Zverev";-1,16992500144231;4;-5,16992500144231;37;22;15;175;198;-23;0,666666666666667;0;0;0,666666666666667;-0,666666666666667;5;3;0;2;5;1;1;5;-4;0;1;0
"797035";"2019-M021";"Madrid Masters";"Clay";"64";"Masters";58;75;"Kei Nishikori";"R";178;"JPN";29,3;25;"Hugo Dellien";"R";180;"BOL";25,8;"7-5 7-5";3;"R32";121;5;1;78;44;34;13;12;5;8;3;0;103;81;46;8;12;19;24;7;3780;109;538;7;7;NA;NA;NA;5;5;NA;NA;NA;2019-05-06;2019;"2019-M021:58";825;0;3,1926450779424;-0,768184324776926;25;"Hugo Dellien";75;"Kei Nishikori";-0,768184324776926;3,1926450779424;-3,96082940271932;25,8;29,3;-3,5;180;178;2;0,625;0,791666666666667;0,791666666666667;0,625;0,166666666666667;24;8;19;5;5;3;3;5;-2;0;1;0
"797036";"2019-M021";"Madrid Masters";"Clay";"64";"Masters";59;107;"Stan Wawrinka";"R";183;"SUI";34,1;81;"Guido Pella";"L";185;"ARG";28,9;"6-3 6-4";3;"R32";89;2;2;77;50;37;14;10;5;5;2;1;55;35;23;12;9;3;5;34;1230;26;1470;6;6;NA;NA;NA;3;4;NA;NA;NA;2019-05-06;2019;"2019-M021:59";826;0;0,912537158749661;1,29956028185891;81;"Guido Pella";107;"Stan Wawrinka";1,29956028185891;0,912537158749661;0,387023123109247;28,9;34,1;-5,2;185;183;2;1;0,6;0,6;1;-0,4;5;5;3;5;2;0;0;2;-2;0;1;0
"797037";"2019-M021";"Madrid Masters";"Clay";"64";"Masters";60;99;"Frances Tiafoe";"R";188;"USA";21,2;55;"Philipp Kohlschreiber";"R";178;"GER";35,5;"6-4 3-6 6-3";3;"R32";111;4;4;81;50;38;15;14;3;6;4;1;79;53;35;14;14;1;5;37;1185;50;940;6;3;6;NA;NA;4;6;3;NA;NA;2019-05-06;2019;"2019-M021:60";827;0;0,79054663437105;0,356143810225276;55;"Philipp Kohlschreiber";99;"Frances Tiafoe";0,356143810225276;0,79054663437105;-0,434402824145774;35,5;21,2;14,3;178;188;-10;0,5;0,2;0,2;0,5;-0,3;5;6;1;3;4;3;3;4;-1;0;1;0
"797038";"2019-M021";"Madrid Masters";"Clay";"64";"Masters";61;74;"Rafael Nadal";"L";185;"ESP";32,9;3;"Felix Auger Aliassime";"R";193;"CAN";18,7;"6-3 6-3";3;"R32";97;2;3;45;32;27;7;9;0;1;3;3;62;37;24;9;9;6;10;2;7765;30;1319;6;6;NA;NA;NA;3;3;NA;NA;NA;2019-05-06;2019;"2019-M021:61";828;0;5;1,09310940439148;3;"Felix Auger Aliassime";74;"Rafael Nadal";1,09310940439148;5;-3,90689059560852;18,7;32,9;-14,2;193;185;8;0;0,6;0,6;0;0,6;10;1;6;0;4;1;1;4;-3;0;1;0
"797039";"2019-M021";"Madrid Masters";"Clay";"64";"Masters";62;28;"Novak Djokovic";"R";188;"SRB";31,9;15;"Jeremy Chardy";"R";188;"FRA";32,2;"6-1 7-6(2)";3;"R16";85;4;2;62;42;35;12;10;4;4;3;1;57;39;26;10;9;2;4;1;11160;47;970;6;7;NA;NA;NA;1;6;NA;NA;NA;2019-05-06;2019;"2019-M021:62";829;0;6;0,445411148322362;15;"Jeremy Chardy";28;"Novak Djokovic";0,445411148322362;6;-5,55458885167764;32,2;31,9;0,300000000000004;188;188;0;1;0,5;0,5;1;-0,5;4;4;2;4;2;0;0;2;-2;0;1;0
"797040";"2019-M021";"Madrid Masters";"Clay";"64";"Masters";63;16;"Marin Cilic";"R";198;"CRO";30,6;27;"Laslo Djere";"R";188;"SRB";23,9;"4-6 6-3 6-2";3;"R16";129;12;2;88;49;40;18;14;8;10;5;2;83;52;31;16;13;3;7;11;2845;32;1246;4;6;6;NA;NA;6;3;2;NA;NA;2019-05-06;2019;"2019-M021:63";830;1;2,5405683813627;1;16;"Marin Cilic";27;"Laslo Djere";2,5405683813627;1;1,5405683813627;30,6;23,9;6,7;198;188;10;0,8;0,428571428571429;0,8;0,428571428571429;0,371428571428571;7;10;3;8;4;2;4;2;2;0;1;0
"797041";"2019-M021";"Madrid Masters";"Clay";"64";"Masters";64;33;"Roger Federer";"R";185;"SUI";37,7;69;"Gael Monfils";"R";193;"FRA";32,6;"6-0 4-6 7-6(3)";3;"R16";120;4;2;84;49;37;21;14;5;8;7;7;105;60;41;18;14;8;13;3;5590;18;1920;6;4;7;NA;NA;0;6;6;NA;NA;2019-05-06;2019;"2019-M021:64";831;1;4,41503749927884;1,83007499855769;33;"Roger Federer";69;"Gael Monfils";4,41503749927884;1,83007499855769;2,58496250072116;37,7;32,6;5,1;185;193;-8;0,625;0,615384615384615;0,625;0,615384615384615;0,00961538461538458;13;8;8;5;5;3;5;3;2;0;1;0
"797042";"2019-M021";"Madrid Masters";"Clay";"64";"Masters";65;98;"Dominic Thiem";"R";185;"AUT";25,6;35;"Fabio Fognini";"R";178;"ITA";31,9;"6-4 7-5";3;"R16";89;6;0;59;39;32;15;11;1;1;0;1;64;49;33;9;11;3;5;5;5085;12;2840;6;7;NA;NA;NA;4;5;NA;NA;NA;2019-05-06;2019;"2019-M021:65";832;0;3,67807190511264;2,41503749927884;35;"Fabio Fognini";98;"Dominic Thiem";2,41503749927884;3,67807190511264;-1,26303440583379;31,9;25,6;6,3;178;185;-7;1;0,6;0,6;1;-0,4;5;1;3;1;2;0;0;2;-2;0;1;0
"797043";"2019-M021";"Madrid Masters";"Clay";"64";"Masters";66;103;"Stefanos Tsitsipas";"R";193;"GRE";20,7;105;"Fernando Verdasco";"L";188;"ESP";35,4;"6-3 6-4";3;"R16";87;4;2;61;46;39;4;10;3;4;1;1;54;33;21;10;9;2;5;9;3190;38;1155;6;6;NA;NA;NA;3;4;NA;NA;NA;2019-05-06;2019;"2019-M021:66";833;1;2,83007499855769;0,752072486556415;103;"Stefanos Tsitsipas";105;"Fernando Verdasco";2,83007499855769;0,752072486556415;2,07800251200127;20,7;35,4;-14,7;193;188;5;0,75;0,4;0,75;0,4;0,35;5;4;2;3;3;1;3;1;2;0;1;0
"797044";"2019-M021";"Madrid Masters";"Clay";"64";"Masters";67;109;"Alexander Zverev";"R";198;"GER";22;49;"Hubert Hurkacz";"R";196;"POL";22,2;"3-6 6-4 6-4";3;"R16";129;5;8;78;53;36;10;14;0;4;4;8;105;65;43;17;15;3;8;4;5565;52;932;3;6;6;NA;NA;6;4;4;NA;NA;2019-05-06;2019;"2019-M021:67";834;0;4;0,299560281858908;49;"Hubert Hurkacz";109;"Alexander Zverev";0,299560281858908;4;-3,70043971814109;22,2;22;0,199999999999999;196;198;-2;0;0,375;0,375;0;0,375;8;4;3;0;5;4;4;5;-1;0;1;0
"797045";"2019-M021";"Madrid Masters";"Clay";"64";"Masters";68;107;"Stan Wawrinka";"R";183;"SUI";34,1;75;"Kei Nishikori";"R";178;"JPN";29,3;"6-3 7-6(3)";3;"R16";95;9;1;62;38;31;18;11;1;1;1;1;71;45;34;11;10;2;3;34;1230;7;3780;6;7;NA;NA;NA;3;6;NA;NA;NA;2019-05-06;2019;"2019-M021:68";835;0;0,912537158749661;3,1926450779424;75;"Kei Nishikori";107;"Stan Wawrinka";3,1926450779424;0,912537158749661;2,28010791919273;29,3;34,1;-4,8;178;183;-5;1;0,666666666666667;0,666666666666667;1;-0,333333333333333;3;1;2;1;1;0;0;1;-1;0;1;0
"797046";"2019-M021";"Madrid Masters";"Clay";"64";"Masters";69;74;"Rafael Nadal";"L";185;"ESP";32,9;99;"Frances Tiafoe";"R";188;"USA";21,2;"6-3 6-4";3;"R16";92;6;0;51;33;29;12;10;1;1;1;1;58;45;29;6;9;2;4;2;7765;37;1185;6;6;NA;NA;NA;3;4;NA;NA;NA;2019-05-06;2019;"2019-M021:69";836;1;5;0,79054663437105;74;"Rafael Nadal";99;"Frances Tiafoe";5;0,79054663437105;4,20945336562895;32,9;21,2;11,7;185;188;-3;1;0,5;1;0,5;0,5;4;1;2;1;2;0;2;0;2;0;1;0
"797048";"2019-M021";"Madrid Masters";"Clay";"64";"Masters";71;98;"Dominic Thiem";"R";185;"AUT";25,6;33;"Roger Federer";"R";185;"SUI";37,7;"3-6 7-6(11) 6-4";3;"QF";130;8;1;96;67;54;16;15;3;5;6;3;106;76;60;14;16;10;12;5;5085;3;5590;3;7;6;NA;NA;6;6;4;NA;NA;2019-05-06;2019;"2019-M021:71";837;0;3,67807190511264;4,41503749927884;33;"Roger Federer";98;"Dominic Thiem";4,41503749927884;3,67807190511264;0,736965594166206;37,7;25,6;12,1;185;185;0;0,6;0,833333333333333;0,833333333333333;0,6;0,233333333333333;12;5;10;3;2;2;2;2;0;0;1;0
"797049";"2019-M021";"Madrid Masters";"Clay";"64";"Masters";72;103;"Stefanos Tsitsipas";"R";193;"GRE";20,7;109;"Alexander Zverev";"R";198;"GER";22;"7-5 3-6 6-2";3;"QF";130;4;2;88;61;47;13;14;4;5;8;4;96;67;46;16;15;5;8;9;3190;4;5565;7;3;6;NA;NA;5;6;2;NA;NA;2019-05-06;2019;"2019-M021:72";838;1;2,83007499855769;4;103;"Stefanos Tsitsipas";109;"Alexander Zverev";2,83007499855769;4;-1,16992500144231;20,7;22;-1,3;193;198;-5;0,8;0,625;0,8;0,625;0,175;8;5;5;4;3;1;3;1;2;0;1;0
"797050";"2019-M021";"Madrid Masters";"Clay";"64";"Masters";73;74;"Rafael Nadal";"L";185;"ESP";32,9;107;"Stan Wawrinka";"R";183;"SUI";34,1;"6-1 6-2";3;"QF";68;0;0;39;28;22;10;8;0;0;3;2;45;26;14;6;7;6;10;2;7765;34;1230;6;6;NA;NA;NA;1;2;NA;NA;NA;2019-05-06;2019;"2019-M021:73";839;1;5;0,912537158749661;74;"Rafael Nadal";107;"Stan Wawrinka";5;0,912537158749661;4,08746284125034;32,9;34,1;-1,2;185;183;2;1,5;0,6;1,5;0,6;0,9;10;0;6;0;4;0;4;0;4;0;1;0
"797051";"2019-M021";"Madrid Masters";"Clay";"64";"Masters";74;28;"Novak Djokovic";"R";188;"SRB";31,9;98;"Dominic Thiem";"R";185;"AUT";25,6;"7-6(2) 7-6(4)";3;"SF";142;3;1;90;55;41;16;12;7;10;2;2;81;42;27;21;12;0;3;1;11160;5;5085;7;7;NA;NA;NA;6;6;NA;NA;NA;2019-05-06;2019;"2019-M021:74";840;1;6;3,67807190511264;28;"Novak Djokovic";98;"Dominic Thiem";6;3,67807190511264;2,32192809488736;31,9;25,6;6,3;188;185;3;0,7;0;0,7;0;0,7;3;10;0;7;3;3;3;3;0;0;1;0
"797052";"2019-M021";"Madrid Masters";"Clay";"64";"Masters";75;103;"Stefanos Tsitsipas";"R";193;"GRE";20,7;74;"Rafael Nadal";"L";185;"ESP";32,9;"6-4 2-6 6-3";3;"SF";154;5;1;86;60;34;11;13;11;16;1;1;94;69;41;11;14;8;14;9;3190;2;7765;6;2;6;NA;NA;4;6;3;NA;NA;2019-05-06;2019;"2019-M021:75";841;0;2,83007499855769;5;74;"Rafael Nadal";103;"Stefanos Tsitsipas";5;2,83007499855769;2,16992500144231;32,9;20,7;12,2;185;193;-8;0,6875;0,571428571428571;0,571428571428571;0,6875;-0,116071428571429;14;16;8;11;6;5;5;6;-1;0;1;0
"797053";"2019-M021";"Madrid Masters";"Clay";"64";"Masters";76;28;"Novak Djokovic";"R";188;"SRB";31,9;103;"Stefanos Tsitsipas";"R";193;"GRE";20,7;"6-3 6-4";3;"F";92;2;0;59;40;31;11;10;0;0;1;1;56;33;20;13;9;3;5;1;11160;9;3190;6;6;NA;NA;NA;3;4;NA;NA;NA;2019-05-06;2019;"2019-M021:76";842;1;6;2,83007499855769;28;"Novak Djokovic";103;"Stefanos Tsitsipas";6;2,83007499855769;3,16992500144231;31,9;20,7;11,2;188;193;-5;1,5;0,6;1,5;0,6;0,9;5;0;3;0;2;0;2;0;2;0;1;0
"797643";"2019-M009";"Rome Masters";"Clay";"64";"Masters";4;85;"Albert Ramos";"L";188;"ESP";31,3;71;"Jaume Munar";"R";183;"ESP";22;"6-7(2) 6-3 7-6(4)";3;"Q1";182;1;0;121;90;63;15;17;8;10;5;2;106;68;51;19;16;7;10;88;635;55;900;6;6;7;NA;NA;7;3;6;NA;NA;2019-05-13;2019;"2019-M009:4";843;0;-0,459431618637297;0,21864028647534;71;"Jaume Munar";85;"Albert Ramos";0,21864028647534;-0,459431618637297;0,678071905112637;22;31,3;-9,3;183;188;-5;0,8;0,7;0,7;0,8;-0,1;10;10;7;8;3;2;2;3;-1;0;1;0
"797646";"2019-M009";"Rome Masters";"Clay";"64";"Masters";7;88;"Casper Ruud";"R";183;"NOR";20,3;73;"Lorenzo Musetti";"R";185;"ITA";17,1;"6-1 6-4";3;"Q1";85;0;2;56;38;28;11;9;1;1;0;3;69;51;30;8;8;5;8;76;695;456;19;6;6;NA;NA;NA;1;4;NA;NA;NA;2019-05-13;2019;"2019-M009:7";844;0;-0,247927513443585;-2,83289001416474;73;"Lorenzo Musetti";88;"Casper Ruud";-2,83289001416474;-0,247927513443585;-2,58496250072116;17,1;20,3;-3,2;185;183;2;1;0,625;0,625;1;-0,375;8;1;5;1;3;0;0;3;-3;0;1;0
"797647";"2019-M009";"Rome Masters";"Clay";"64";"Masters";8;52;"Miomir Kecmanovic";"R";183;"SRB";19,6;49;"Hubert Hurkacz";"R";196;"POL";22,2;"6-3 1-6 6-4";3;"Q1";94;6;1;77;50;30;15;13;3;7;4;1;65;38;28;11;13;2;6;84;655;41;1040;6;1;6;NA;NA;3;6;4;NA;NA;2019-05-13;2019;"2019-M009:8";845;0;-0,392317422778761;0,642447995381916;49;"Hubert Hurkacz";52;"Miomir Kecmanovic";0,642447995381916;-0,392317422778761;1,03476541816068;22,2;19,6;2,6;196;183;13;0,428571428571429;0,333333333333333;0,333333333333333;0,428571428571429;-0,0952380952380952;6;7;2;3;4;4;4;4;0;0;1;0
"797650";"2019-M009";"Rome Masters";"Clay";"64";"Masters";11;78;"Reilly Opelka";"R";211;"USA";21,7;45;"Ernests Gulbis";"R";190;"LAT";30,6;"7-6(6) 6-3";3;"Q1";94;11;3;70;44;31;16;10;4;5;4;2;66;35;29;13;11;4;7;53;947;74;707;7;6;NA;NA;NA;6;3;NA;NA;NA;2019-05-13;2019;"2019-M009:11";846;0;0,272079545436801;-0,20945336562895;45;"Ernests Gulbis";78;"Reilly Opelka";-0,20945336562895;0,272079545436801;-0,481532911065751;30,6;21,7;8,9;190;211;-21;0,8;0,571428571428571;0,571428571428571;0,8;-0,228571428571429;7;5;4;4;3;1;1;3;-2;0;1;0
"797652";"2019-M009";"Rome Masters";"Clay";"64";"Masters";13;31;"Daniel Evans";"R";175;"GBR";28,9;46;"Robin Haase";"R";190;"NED";32,1;"6-2 6-4";3;"Q1";69;2;0;44;33;26;10;9;0;0;3;3;58;29;17;16;9;3;6;83;656;64;810;6;6;NA;NA;NA;2;4;NA;NA;NA;2019-05-13;2019;"2019-M009:13";847;1;-0,375039431346925;0;31;"Daniel Evans";46;"Robin Haase";-0,375039431346925;0;-0,375039431346925;28,9;32,1;-3,2;175;190;-15;1,5;0,5;1,5;0,5;1;6;0;3;0;3;0;3;0;3;0;1;0
"797653";"2019-M009";"Rome Masters";"Clay";"64";"Masters";14;58;"Dusan Lajovic";"R";180;"SRB";28,8;6;"Aljaz Bedene";"R";181;"SLO";29,8;"7-6(5) 6-7(3) 6-1";3;"Q1";166;5;3;116;76;55;21;16;3;4;6;4;115;65;47;26;15;4;7;31;1316;77;685;7;6;6;NA;NA;6;7;1;NA;NA;2019-05-13;2019;"2019-M009:14";848;0;1,04580368961313;-0,266786540694901;6;"Aljaz Bedene";58;"Dusan Lajovic";-0,266786540694901;1,04580368961313;-1,31259023030803;29,8;28,8;1;181;180;1;0,75;0,571428571428571;0,571428571428571;0,75;-0,178571428571429;7;4;4;3;3;1;1;3;-2;0;1;0
"797655";"2019-M009";"Rome Masters";"Clay";"64";"Masters";16;85;"Albert Ramos";"L";188;"ESP";31,3;100;"Bernard Tomic";"R";193;"AUS";26,5;"7-6(4) 7-5";3;"Q2";113;9;2;79;57;43;12;12;3;4;5;0;90;54;42;13;12;6;8;88;635;85;649;7;7;NA;NA;NA;6;5;NA;NA;NA;2019-05-13;2019;"2019-M009:16";849;1;-0,459431618637297;-0,409390936137702;85;"Albert Ramos";100;"Bernard Tomic";-0,459431618637297;-0,409390936137702;-0,0500406824995956;31,3;26,5;4,8;188;193;-5;0,75;0,75;0,75;0,75;0;8;4;6;3;2;1;2;1;1;0;1;0
"797657";"2019-M009";"Rome Masters";"Clay";"64";"Masters";18;88;"Casper Ruud";"R";183;"NOR";20,3;52;"Miomir Kecmanovic";"R";183;"SRB";19,6;"6-2 6-1";3;"Q2";62;4;1;42;27;20;11;8;3;4;1;2;42;18;12;5;7;1;6;76;695;84;655;6;6;NA;NA;NA;2;1;NA;NA;NA;2019-05-13;2019;"2019-M009:18";850;0;-0,247927513443585;-0,392317422778761;52;"Miomir Kecmanovic";88;"Casper Ruud";-0,392317422778761;-0,247927513443585;-0,144389909335175;19,6;20,3;-0,699999999999999;183;183;0;0,75;0,166666666666667;0,166666666666667;0,75;-0,583333333333333;6;4;1;3;5;1;1;5;-4;0;1;0
"797659";"2019-M009";"Rome Masters";"Clay";"64";"Masters";20;79;"Benoit Paire";"R";196;"FRA";30;78;"Reilly Opelka";"R";211;"USA";21,7;"5-7 6-2 7-6(5)";3;"Q2";113;12;4;99;51;41;26;16;3;5;17;5;109;70;53;16;16;6;9;46;993;53;947;5;6;7;NA;NA;7;2;6;NA;NA;2019-05-13;2019;"2019-M009:20";851;0;0,476438043942987;0,272079545436801;78;"Reilly Opelka";79;"Benoit Paire";0,272079545436801;0,476438043942987;-0,204358498506186;21,7;30;-8,3;211;196;15;0,6;0,666666666666667;0,666666666666667;0,6;0,0666666666666667;9;5;6;3;3;2;2;3;-1;0;1;0
"797660";"2019-M009";"Rome Masters";"Clay";"64";"Masters";21;31;"Daniel Evans";"R";175;"GBR";28,9;58;"Dusan Lajovic";"R";180;"SRB";28,8;"7-5 6-3";3;"Q2";93;4;2;54;35;26;9;10;2;5;1;2;77;55;23;13;11;9;15;83;656;31;1316;7;6;NA;NA;NA;5;3;NA;NA;NA;2019-05-13;2019;"2019-M009:21";852;1;-0,375039431346925;1,04580368961313;31;"Daniel Evans";58;"Dusan Lajovic";-0,375039431346925;1,04580368961313;-1,42084312096005;28,9;28,8;0,0999999999999979;175;180;-5;0,4;0,6;0,4;0,6;-0,2;15;5;9;2;6;3;6;3;3;0;1;0
"797661";"2019-M009";"Rome Masters";"Clay";"64";"Masters";22;91;"Denis Shapovalov";"L";185;"CAN";20;12;"Pablo Carreno Busta";"R";188;"ESP";27,8;"6-3 7-6(5)";3;"R64";95;4;1;70;46;32;18;11;0;0;2;2;78;57;39;9;10;11;12;22;1470;43;1030;6;7;NA;NA;NA;3;6;NA;NA;NA;2019-05-13;2019;"2019-M009:22";853;0;1,5405683813627;0,573735245297902;12;"Pablo Carreno Busta";91;"Denis Shapovalov";0,573735245297902;1,5405683813627;-0,966833136064801;27,8;20;7,8;188;185;3;1,5;0,916666666666667;0,916666666666667;1,5;-0,583333333333333;12;0;11;0;1;0;0;1;-1;0;1;0
"797663";"2019-M009";"Rome Masters";"Clay";"64";"Masters";24;14;"Marco Cecchinato";"R";185;"ITA";26,6;22;"Alex De Minaur";"R";183;"AUS";20,2;"4-6 6-3 6-1";3;"R64";131;4;2;97;67;44;11;13;9;13;0;0;94;64;34;11;13;7;14;19;1840;26;1420;4;6;6;NA;NA;6;3;1;NA;NA;2019-05-13;2019;"2019-M009:24";854;1;1,75207248655641;1,29956028185891;14;"Marco Cecchinato";22;"Alex De Minaur";1,75207248655641;1,29956028185891;0,452512204697507;26,6;20,2;6,4;185;183;2;0,692307692307692;0,5;0,692307692307692;0,5;0,192307692307692;14;13;7;9;7;4;7;4;3;0;1;0
"797665";"2019-M009";"Rome Masters";"Clay";"64";"Masters";26;88;"Casper Ruud";"R";183;"NOR";20,3;31;"Daniel Evans";"R";175;"GBR";28,9;"7-5 0-6 6-3";3;"R64";150;4;4;106;75;47;12;14;11;16;1;5;87;57;35;16;13;8;12;76;695;83;656;7;0;6;NA;NA;5;6;3;NA;NA;2019-05-13;2019;"2019-M009:26";855;0;-0,247927513443585;-0,375039431346925;31;"Daniel Evans";88;"Casper Ruud";-0,375039431346925;-0,247927513443585;-0,127111917903339;28,9;20,3;8,6;175;183;-8;0,6875;0,666666666666667;0,666666666666667;0,6875;-0,0208333333333334;12;16;8;11;4;5;5;4;1;0;1;0
"797666";"2019-M009";"Rome Masters";"Clay";"64";"Masters";27;43;"David Goffin";"R";180;"BEL";28,4;107;"Stan Wawrinka";"R";183;"SUI";34,1;"4-6 6-0 6-2";3;"R64";115;3;5;73;37;28;19;12;6;8;7;1;74;41;25;14;12;4;10;23;1460;29;1365;4;6;6;NA;NA;6;0;2;NA;NA;2019-05-13;2019;"2019-M009:27";856;1;1,47643804394299;1,14201900487243;43;"David Goffin";107;"Stan Wawrinka";1,47643804394299;1,14201900487243;0,334419039070559;28,4;34,1;-5,7;180;183;-3;0,75;0,4;0,75;0,4;0,35;10;8;4;6;6;2;6;2;4;0;1;0
"797667";"2019-M009";"Rome Masters";"Clay";"64";"Masters";28;9;"Matteo Berrettini";"R";196;"ITA";23;83;"Lucas Pouille";"R";185;"FRA";25,2;"6-2 6-4";3;"R64";76;6;4;58;34;30;10;9;1;1;3;2;55;30;20;12;9;5;8;33;1275;25;1420;6;6;NA;NA;NA;2;4;NA;NA;NA;2019-05-13;2019;"2019-M009:28";857;1;0,955605880641547;1,35614381022528;9;"Matteo Berrettini";83;"Lucas Pouille";0,955605880641547;1,35614381022528;-0,400537929583729;23;25,2;-2,2;196;185;11;1;0,625;1;0,625;0,375;8;1;5;1;3;0;3;0;3;0;1;0
"797668";"2019-M009";"Rome Masters";"Clay";"64";"Masters";29;89;"Diego Schwartzman";"R";170;"ARG";26,7;76;"Yoshihito Nishioka";"L";170;"JPN";23,6;"6-1 6-4";3;"R64";72;2;1;54;30;21;13;9;1;3;2;5;47;27;13;8;8;1;6;24;1440;75;706;6;6;NA;NA;NA;1;4;NA;NA;NA;2019-05-13;2019;"2019-M009:29";858;0;1,41503749927884;-0,22881869049588;76;"Yoshihito Nishioka";89;"Diego Schwartzman";-0,22881869049588;1,41503749927884;-1,64385618977472;23,6;26,7;-3,1;170;170;0;0,333333333333333;0,166666666666667;0,166666666666667;0,333333333333333;-0,166666666666667;6;3;1;1;5;2;2;5;-3;0;1;0
"797669";"2019-M009";"Rome Masters";"Clay";"64";"Masters";30;85;"Albert Ramos";"L";188;"ESP";31,3;69;"Gael Monfils";"R";193;"FRA";32,6;"6-3 6-1";3;"R64";61;1;0;47;36;28;8;8;1;1;3;2;41;32;21;2;8;0;4;88;635;16;1965;6;6;NA;NA;NA;3;1;NA;NA;NA;2019-05-13;2019;"2019-M009:30";859;0;-0,459431618637297;2;69;"Gael Monfils";85;"Albert Ramos";2;-0,459431618637297;2,4594316186373;32,6;31,3;1,3;193;188;5;1;0;0;1;-1;4;1;0;1;4;0;0;4;-4;0;1;0
"797671";"2019-M009";"Rome Masters";"Clay";"64";"Masters";32;97;"Jan Lennard Struff";"R";193;"GER";29;26;"Grigor Dimitrov";"R";188;"BUL";27,9;"6-4 6-7(5) 6-3";3;"R64";119;17;2;101;63;53;17;16;5;7;6;1;90;62;48;11;15;7;11;51;965;48;985;6;6;6;NA;NA;4;7;3;NA;NA;2019-05-13;2019;"2019-M009:32";860;0;0,327574658028505;0,415037499278844;26;"Grigor Dimitrov";97;"Jan Lennard Struff";0,415037499278844;0,327574658028505;0,0874628412503391;27,9;29;-1,1;188;193;-5;0,714285714285714;0,636363636363636;0,636363636363636;0,714285714285714;-0,077922077922078;11;7;7;5;4;2;2;4;-2;0;1;0
"797672";"2019-M009";"Rome Masters";"Clay";"64";"Masters";33;36;"Taylor Fritz";"R";193;"USA";21,5;81;"Guido Pella";"L";185;"ARG";28,9;"6-3 6-4";3;"R64";75;4;0;53;29;26;15;10;1;1;3;2;65;48;31;9;9;7;9;52;954;21;1495;6;6;NA;NA;NA;3;4;NA;NA;NA;2019-05-13;2019;"2019-M009:33";861;1;0,299560281858908;1,60768257722124;36;"Taylor Fritz";81;"Guido Pella";0,299560281858908;1,60768257722124;-1,30812229536233;21,5;28,9;-7,4;193;185;8;1;0,777777777777778;1;0,777777777777778;0,222222222222222;9;1;7;1;2;0;2;0;2;0;1;0
"797675";"2019-M009";"Rome Masters";"Clay";"64";"Masters";36;35;"Fabio Fognini";"R";178;"ITA";31,9;104;"Jo-Wilfried Tsonga";"R";188;"FRA";34;"6-3 6-4";3;"R64";82;1;2;69;48;35;10;10;5;6;3;1;56;31;23;11;9;7;10;12;2920;92;623;6;6;NA;NA;NA;3;4;NA;NA;NA;2019-05-13;2019;"2019-M009:36";862;1;2,41503749927884;-0,523561956057013;35;"Fabio Fognini";104;"Jo-Wilfried Tsonga";2,41503749927884;-0,523561956057013;2,93859945533586;31,9;34;-2,1;178;188;-10;0,833333333333333;0,7;0,833333333333333;0,7;0,133333333333333;10;6;7;5;3;1;3;1;2;0;1;0
"797676";"2019-M009";"Rome Masters";"Clay";"64";"Masters";37;18;"Borna Coric";"R";188;"CRO";22,4;3;"Felix Auger Aliassime";"R";193;"CAN";18,7;"6-7(4) 6-3 6-4";3;"R64";149;5;1;92;63;51;16;16;0;1;7;7;96;63;43;18;15;7;10;15;2445;30;1349;6;6;6;NA;NA;7;3;4;NA;NA;2019-05-13;2019;"2019-M009:37";863;0;2,09310940439148;1,09310940439148;3;"Felix Auger Aliassime";18;"Borna Coric";1,09310940439148;2,09310940439148;-1;18,7;22,4;-3,7;193;188;5;0;0,7;0,7;0;0,7;10;1;7;0;3;1;1;3;-2;0;1;0
"797677";"2019-M009";"Rome Masters";"Clay";"64";"Masters";38;77;"Cameron Norrie";"L";188;"GBR";23,7;67;"John Millman";"R";183;"AUS";29,9;"3-6 6-3 6-4";3;"R64";128;2;5;95;66;42;14;14;6;10;5;2;89;50;32;17;14;4;9;45;995;57;885;3;6;6;NA;NA;6;3;4;NA;NA;2019-05-13;2019;"2019-M009:38";864;0;0,508146903670325;0,167109985835259;67;"John Millman";77;"Cameron Norrie";0,167109985835259;0,508146903670325;-0,341036917835067;29,9;23,7;6,2;183;188;-5;0,6;0,444444444444444;0,444444444444444;0,6;-0,155555555555556;9;10;4;6;5;4;4;5;-1;0;1;0
"797678";"2019-M009";"Rome Masters";"Clay";"64";"Masters";39;95;"Joao Sousa";"R";185;"POR";30,1;99;"Frances Tiafoe";"R";188;"USA";21,3;"6-3 6-7(3) 7-6(4)";3;"R64";180;7;2;133;77;52;33;16;10;12;8;3;119;73;52;24;17;5;9;72;717;34;1255;6;6;7;NA;NA;3;7;6;NA;NA;2019-05-13;2019;"2019-M009:39";865;1;-0,169925001442312;0,912537158749661;95;"Joao Sousa";99;"Frances Tiafoe";-0,169925001442312;0,912537158749661;-1,08246216019197;30,1;21,3;8,8;185;188;-3;0,833333333333333;0,555555555555556;0,833333333333333;0,555555555555556;0,277777777777778;9;12;5;10;4;2;4;2;2;0;1;0
"797680";"2019-M009";"Rome Masters";"Clay";"64";"Masters";41;5;"Roberto Bautista Agut";"R";183;"ESP";31;90;"Andreas Seppi";"R";190;"ITA";35,2;"6-1 3-6 6-1";3;"R64";104;3;2;68;47;34;12;12;1;3;1;4;80;51;34;9;11;4;9;20;1645;65;785;6;3;6;NA;NA;1;6;1;NA;NA;2019-05-13;2019;"2019-M009:41";866;1;1,67807190511264;-0,0223678130284544;5;"Roberto Bautista Agut";90;"Andreas Seppi";1,67807190511264;-0,0223678130284544;1,70043971814109;31;35,2;-4,2;183;190;-7;0,333333333333333;0,444444444444444;0,333333333333333;0,444444444444444;-0,111111111111111;9;3;4;1;5;2;5;2;3;0;1;0
"797681";"2019-M009";"Rome Masters";"Clay";"64";"Masters";42;53;"Karen Khachanov";"R";198;"RUS";22,9;94;"Lorenzo Sonego";"R";191;"ITA";24;"6-3 6-7(1) 6-3";3;"R64";145;3;8;100;54;39;27;16;4;5;12;3;92;51;39;21;14;7;10;13;2720;67;774;6;6;6;NA;NA;3;7;3;NA;NA;2019-05-13;2019;"2019-M009:42";867;1;2,29956028185891;-0,0660891904577721;53;"Karen Khachanov";94;"Lorenzo Sonego";2,29956028185891;-0,0660891904577721;2,36564947231668;22,9;24;-1,1;198;191;7;0,8;0,7;0,8;0,7;0,1;10;5;7;4;3;1;3;1;2;0;1;0
"797682";"2019-M009";"Rome Masters";"Clay";"64";"Masters";43;4;"Nikoloz Basilashvili";"R";185;"GEO";27,2;37;"Marton Fucsovics";"R";188;"HUN";27,2;"6-1 7-6(2)";3;"R64";99;0;3;68;35;22;20;9;3;5;3;1;72;40;23;10;10;5;10;18;1905;37;1205;6;7;NA;NA;NA;1;6;NA;NA;NA;2019-05-13;2019;"2019-M009:43";868;1;1,83007499855769;0,79054663437105;4;"Nikoloz Basilashvili";37;"Marton Fucsovics";1,83007499855769;0,79054663437105;1,03952836418664;27,2;27,2;0;185;188;-3;0,6;0,5;0,6;0,5;0,1;10;5;5;3;5;2;5;2;3;0;1;0
"797683";"2019-M009";"Rome Masters";"Clay";"64";"Masters";44;27;"Laslo Djere";"R";188;"SRB";23,9;57;"Mikhail Kukushkin";"R";183;"KAZ";31,3;"6-3 6-4";3;"R64";77;5;1;52;35;31;9;10;0;0;1;1;66;50;32;7;9;5;7;32;1281;47;990;6;6;NA;NA;NA;3;4;NA;NA;NA;2019-05-13;2019;"2019-M009:44";869;1;1;0,445411148322362;27;"Laslo Djere";57;"Mikhail Kukushkin";1;0,445411148322362;0,554588851677638;23,9;31,3;-7,4;188;183;5;1,5;0,714285714285714;1,5;0,714285714285714;0,785714285714286;7;0;5;0;2;0;2;0;2;0;1;0
"797684";"2019-M009";"Rome Masters";"Clay";"64";"Masters";45;15;"Jeremy Chardy";"R";188;"FRA";32,2;40;"Richard Gasquet";"R";185;"FRA";32,9;"6-1 4-6 6-3";3;"R64";128;5;1;91;66;46;13;13;8;9;2;4;84;50;32;19;13;7;11;42;1040;39;1105;6;4;6;NA;NA;1;6;3;NA;NA;2019-05-13;2019;"2019-M009:45";870;1;0,607682577221239;0,714597781137751;15;"Jeremy Chardy";40;"Richard Gasquet";0,607682577221239;0,714597781137751;-0,106915203916512;32,2;32,9;-0,699999999999996;188;185;3;0,888888888888889;0,636363636363636;0,888888888888889;0,636363636363636;0,252525252525252;11;9;7;8;4;1;4;1;3;0;1;0
"797685";"2019-M009";"Rome Masters";"Clay";"64";"Masters";46;28;"Novak Djokovic";"R";188;"SRB";31,9;91;"Denis Shapovalov";"L";185;"CAN";20;"6-1 6-3";3;"R32";66;1;0;40;32;28;4;8;0;0;2;3;61;32;18;12;8;9;13;1;12115;22;1470;6;6;NA;NA;NA;1;3;NA;NA;NA;2019-05-13;2019;"2019-M009:46";871;1;6;1,5405683813627;28;"Novak Djokovic";91;"Denis Shapovalov";6;1,5405683813627;4,4594316186373;31,9;20;11,9;188;185;3;1,5;0,692307692307692;1,5;0,692307692307692;0,807692307692308;13;0;9;0;4;0;4;0;4;0;1;0
"797686";"2019-M009";"Rome Masters";"Clay";"64";"Masters";47;55;"Philipp Kohlschreiber";"R";178;"GER";35,5;14;"Marco Cecchinato";"R";185;"ITA";26,6;"6-3 6-3";3;"R32";69;5;2;53;31;21;17;9;0;1;1;0;46;31;20;5;9;1;5;56;895;19;1840;6;6;NA;NA;NA;3;3;NA;NA;NA;2019-05-13;2019;"2019-M009:47";872;0;0,192645077942396;1,75207248655641;14;"Marco Cecchinato";55;"Philipp Kohlschreiber";1,75207248655641;0,192645077942396;1,55942740861402;26,6;35,5;-8,9;185;178;7;0;0,2;0,2;0;0,2;5;1;1;0;4;1;1;4;-3;0;1;0
"797688";"2019-M009";"Rome Masters";"Clay";"64";"Masters";49;23;"Juan Martin del Potro";"R";198;"ARG";30,6;43;"David Goffin";"R";180;"BEL";28,4;"6-4 6-2";3;"R32";78;7;2;50;25;20;15;9;0;1;3;2;55;40;26;4;9;4;8;9;3145;23;1460;6;6;NA;NA;NA;4;2;NA;NA;NA;2019-05-13;2019;"2019-M009:49";873;1;2,83007499855769;1,47643804394299;23;"Juan Martin del Potro";43;"David Goffin";2,83007499855769;1,47643804394299;1,3536369546147;30,6;28,4;2,2;198;180;18;0;0,5;0;0,5;-0,5;8;1;4;0;4;1;4;1;3;0;1;0
"797689";"2019-M009";"Rome Masters";"Clay";"64";"Masters";50;9;"Matteo Berrettini";"R";196;"ITA";23;109;"Alexander Zverev";"R";198;"GER";22;"7-5 7-5";3;"R32";108;5;3;75;42;33;16;12;7;9;11;6;75;46;37;8;12;4;8;33;1275;5;4745;7;7;NA;NA;NA;5;5;NA;NA;NA;2019-05-13;2019;"2019-M009:50";874;1;0,955605880641547;3,67807190511264;9;"Matteo Berrettini";109;"Alexander Zverev";0,955605880641547;3,67807190511264;-2,72246602447109;23;22;1;196;198;-2;0,777777777777778;0,5;0,777777777777778;0,5;0,277777777777778;8;9;4;7;4;2;4;2;2;0;1;0
"797690";"2019-M009";"Rome Masters";"Clay";"64";"Masters";51;89;"Diego Schwartzman";"R";170;"ARG";26,7;85;"Albert Ramos";"L";188;"ESP";31,3;"7-6(5) 6-1";3;"R32";92;1;1;58;30;20;17;9;3;5;2;4;61;34;23;6;10;2;7;24;1440;88;635;7;6;NA;NA;NA;6;1;NA;NA;NA;2019-05-13;2019;"2019-M009:51";875;0;1,41503749927884;-0,459431618637297;85;"Albert Ramos";89;"Diego Schwartzman";-0,459431618637297;1,41503749927884;-1,87446911791614;31,3;26,7;4,6;188;170;18;0,6;0,285714285714286;0,285714285714286;0,6;-0,314285714285714;7;5;2;3;5;2;2;5;-3;0;1;0
"797691";"2019-M009";"Rome Masters";"Clay";"64";"Masters";52;97;"Jan Lennard Struff";"R";193;"GER";29;16;"Marin Cilic";"R";198;"CRO";30,6;"6-2 6-3";3;"R32";67;8;0;38;17;16;14;8;1;2;2;3;58;26;16;13;9;4;9;51;965;10;3025;6;6;NA;NA;NA;2;3;NA;NA;NA;2019-05-13;2019;"2019-M009:52";876;0;0,327574658028505;2,67807190511264;16;"Marin Cilic";97;"Jan Lennard Struff";2,67807190511264;0,327574658028505;2,35049724708413;30,6;29;1,6;198;193;5;0,5;0,444444444444444;0,444444444444444;0,5;-0,0555555555555556;9;2;4;1;5;1;1;5;-4;0;1;0
"797692";"2019-M009";"Rome Masters";"Clay";"64";"Masters";53;75;"Kei Nishikori";"R";178;"JPN";29,3;36;"Taylor Fritz";"R";193;"USA";21,5;"6-2 6-4";3;"R32";72;3;4;56;35;24;12;9;1;2;3;3;60;29;19;12;9;1;5;6;3860;52;954;6;6;NA;NA;NA;2;4;NA;NA;NA;2019-05-13;2019;"2019-M009:53";877;0;3,41503749927884;0,299560281858908;36;"Taylor Fritz";75;"Kei Nishikori";0,299560281858908;3,41503749927884;-3,11547721741994;21,5;29,3;-7,8;193;178;15;0,5;0,2;0,2;0,5;-0,3;5;2;1;1;4;1;1;4;-3;0;1;0
"797693";"2019-M009";"Rome Masters";"Clay";"64";"Masters";54;103;"Stefanos Tsitsipas";"R";193;"GRE";20,7;93;"Jannik Sinner";"R";188;"ITA";17,7;"6-3 6-2";3;"R32";77;1;1;55;34;22;14;9;2;3;1;0;48;28;16;7;8;2;6;7;3790;263;170;6;6;NA;NA;NA;3;2;NA;NA;NA;2019-05-13;2019;"2019-M009:54";878;0;3,1926450779424;-2,0389189892923;93;"Jannik Sinner";103;"Stefanos Tsitsipas";-2,0389189892923;3,1926450779424;-5,2315640672347;17,7;20,7;-3;188;193;-5;0,666666666666667;0,333333333333333;0,333333333333333;0,666666666666667;-0,333333333333333;6;3;2;2;4;1;1;4;-3;0;1;0
"797695";"2019-M009";"Rome Masters";"Clay";"64";"Masters";56;18;"Borna Coric";"R";188;"CRO";22,4;77;"Cameron Norrie";"L";188;"GBR";23,7;"6-2 6-2";3;"R32";57;4;0;38;27;23;9;8;0;0;2;3;52;35;22;6;8;3;7;15;2445;45;995;6;6;NA;NA;NA;2;2;NA;NA;NA;2019-05-13;2019;"2019-M009:56";879;1;2,09310940439148;0,508146903670325;18;"Borna Coric";77;"Cameron Norrie";2,09310940439148;0,508146903670325;1,58496250072116;22,4;23,7;-1,3;188;188;0;1,5;0,428571428571429;1,5;0,428571428571429;1,07142857142857;7;0;3;0;4;0;4;0;4;0;1;0
"797696";"2019-M009";"Rome Masters";"Clay";"64";"Masters";57;33;"Roger Federer";"R";185;"SUI";37,7;95;"Joao Sousa";"R";185;"POR";30,1;"6-4 6-3";3;"R32";80;3;1;55;31;24;17;9;7;7;2;1;67;37;26;12;10;7;10;3;5770;72;717;6;6;NA;NA;NA;4;3;NA;NA;NA;2019-05-13;2019;"2019-M009:57";880;1;4,41503749927884;-0,169925001442312;33;"Roger Federer";95;"Joao Sousa";4,41503749927884;-0,169925001442312;4,58496250072116;37,7;30,1;7,6;185;185;0;1;0,7;1;0,7;0,3;10;7;7;7;3;0;3;0;3;0;1;0
"797697";"2019-M009";"Rome Masters";"Clay";"64";"Masters";58;105;"Fernando Verdasco";"L";188;"ESP";35,4;98;"Dominic Thiem";"R";185;"AUT";25,6;"4-6 6-4 7-5";3;"R32";163;6;4;102;65;45;20;16;8;11;5;2;103;65;43;21;16;13;17;38;1200;4;4845;4;6;7;NA;NA;6;4;5;NA;NA;2019-05-13;2019;"2019-M009:58";881;0;0,752072486556415;4;98;"Dominic Thiem";105;"Fernando Verdasco";4;0,752072486556415;3,24792751344359;25,6;35,4;-9,8;185;188;-3;0,727272727272727;0,764705882352941;0,764705882352941;0,727272727272727;0,0374331550802138;17;11;13;8;4;3;3;4;-1;0;1;0
"797698";"2019-M009";"Rome Masters";"Clay";"64";"Masters";59;53;"Karen Khachanov";"R";198;"RUS";22,9;5;"Roberto Bautista Agut";"R";183;"ESP";31;"5-7 6-4 6-2";3;"R32";148;6;1;94;62;45;16;15;7;9;3;1;100;65;39;21;15;3;7;13;2720;20;1645;5;6;6;NA;NA;7;4;2;NA;NA;2019-05-13;2019;"2019-M009:59";882;0;2,29956028185891;1,67807190511264;5;"Roberto Bautista Agut";53;"Karen Khachanov";1,67807190511264;2,29956028185891;-0,62148837674627;31;22,9;8,1;183;198;-15;0,777777777777778;0,428571428571429;0,428571428571429;0,777777777777778;-0,349206349206349;7;9;3;7;4;2;2;4;-2;0;1;0
"797699";"2019-M009";"Rome Masters";"Clay";"64";"Masters";60;4;"Nikoloz Basilashvili";"R";185;"GEO";27,2;27;"Laslo Djere";"R";188;"SRB";23,9;"7-5 6-4";3;"R32";86;1;2;63;45;32;9;11;2;4;6;1;70;44;24;16;11;5;9;18;1905;32;1281;7;6;NA;NA;NA;5;4;NA;NA;NA;2019-05-13;2019;"2019-M009:60";883;1;1,83007499855769;1;4;"Nikoloz Basilashvili";27;"Laslo Djere";1,83007499855769;1;0,830074998557688;27,2;23,9;3,3;185;188;-3;0,5;0,555555555555556;0,5;0,555555555555556;-0,0555555555555556;9;4;5;2;4;2;4;2;2;0;1;0
"797700";"2019-M009";"Rome Masters";"Clay";"64";"Masters";61;74;"Rafael Nadal";"L";185;"ESP";32,9;15;"Jeremy Chardy";"R";188;"FRA";32,2;"6-0 6-1";3;"R32";67;1;1;39;25;17;12;7;1;1;0;4;46;25;11;8;6;2;7;2;7945;42;1040;6;6;NA;NA;NA;0;1;NA;NA;NA;2019-05-13;2019;"2019-M009:61";884;0;5;0,607682577221239;15;"Jeremy Chardy";74;"Rafael Nadal";0,607682577221239;5;-4,39231742277876;32,2;32,9;-0,699999999999996;188;185;3;1;0,285714285714286;0,285714285714286;1;-0,714285714285714;7;1;2;1;5;0;0;5;-5;0;1;0
"797701";"2019-M009";"Rome Masters";"Clay";"64";"Masters";62;28;"Novak Djokovic";"R";188;"SRB";31,9;55;"Philipp Kohlschreiber";"R";178;"GER";35,5;"6-3 6-0";3;"R16";62;2;3;54;33;25;13;8;3;3;2;0;38;23;11;7;7;0;4;1;12115;56;895;6;6;NA;NA;NA;3;0;NA;NA;NA;2019-05-13;2019;"2019-M009:62";885;1;6;0,192645077942396;28;"Novak Djokovic";55;"Philipp Kohlschreiber";6;0,192645077942396;5,8073549220576;31,9;35,5;-3,6;188;178;10;1;0;1;0;1;4;3;0;3;4;0;4;0;4;0;1;0
"797702";"2019-M009";"Rome Masters";"Clay";"64";"Masters";63;23;"Juan Martin del Potro";"R";198;"ARG";30,6;88;"Casper Ruud";"R";183;"NOR";20,3;"6-4 6-4";3;"R16";95;8;2;63;39;31;12;10;1;2;2;2;61;39;24;13;10;4;7;9;3145;76;695;6;6;NA;NA;NA;4;4;NA;NA;NA;2019-05-13;2019;"2019-M009:63";886;1;2,83007499855769;-0,247927513443585;23;"Juan Martin del Potro";88;"Casper Ruud";2,83007499855769;-0,247927513443585;3,07800251200127;30,6;20,3;10,3;198;183;15;0,5;0,571428571428571;0,5;0,571428571428571;-0,0714285714285714;7;2;4;1;3;1;3;1;2;0;1;0
"797703";"2019-M009";"Rome Masters";"Clay";"64";"Masters";64;89;"Diego Schwartzman";"R";170;"ARG";26,7;9;"Matteo Berrettini";"R";196;"ITA";23;"6-3 6-4";3;"R16";96;0;4;64;44;31;12;10;4;5;5;4;54;29;16;14;9;3;6;24;1440;33;1275;6;6;NA;NA;NA;3;4;NA;NA;NA;2019-05-13;2019;"2019-M009:64";887;0;1,41503749927884;0,955605880641547;9;"Matteo Berrettini";89;"Diego Schwartzman";0,955605880641547;1,41503749927884;-0,459431618637297;23;26,7;-3,7;196;170;26;0,8;0,5;0,5;0,8;-0,3;6;5;3;4;3;1;1;3;-2;0;1;0
"797704";"2019-M009";"Rome Masters";"Clay";"64";"Masters";65;75;"Kei Nishikori";"R";178;"JPN";29,3;97;"Jan Lennard Struff";"R";193;"GER";29;"3-6 7-6(2) 6-3";3;"R16";128;4;6;93;54;36;16;14;4;9;7;2;85;53;31;15;16;1;7;6;3860;51;965;3;7;6;NA;NA;6;6;3;NA;NA;2019-05-13;2019;"2019-M009:65";888;1;3,41503749927884;0,327574658028505;75;"Kei Nishikori";97;"Jan Lennard Struff";3,41503749927884;0,327574658028505;3,08746284125034;29,3;29;0,300000000000001;178;193;-15;0,444444444444444;0,142857142857143;0,444444444444444;0,142857142857143;0,301587301587302;7;9;1;4;6;5;6;5;1;0;1;0
"797705";"2019-M009";"Rome Masters";"Clay";"64";"Masters";66;103;"Stefanos Tsitsipas";"R";193;"GRE";20,7;35;"Fabio Fognini";"R";178;"ITA";31,9;"6-4 6-3";3;"R16";72;3;1;51;32;26;8;10;1;3;1;1;48;26;15;11;9;3;7;7;3790;12;2920;6;6;NA;NA;NA;4;3;NA;NA;NA;2019-05-13;2019;"2019-M009:66";889;0;3,1926450779424;2,41503749927884;35;"Fabio Fognini";103;"Stefanos Tsitsipas";2,41503749927884;3,1926450779424;-0,777607578663552;31,9;20,7;11,2;178;193;-15;0,333333333333333;0,428571428571429;0,428571428571429;0,333333333333333;0,0952380952380952;7;3;3;1;4;2;2;4;-2;0;1;0
"797707";"2019-M009";"Rome Masters";"Clay";"64";"Masters";68;105;"Fernando Verdasco";"L";188;"ESP";35,4;53;"Karen Khachanov";"R";198;"RUS";22,9;"7-5 3-6 6-3";3;"R16";129;6;2;81;54;40;19;15;2;3;4;3;85;53;35;22;15;1;3;38;1200;13;2720;7;3;6;NA;NA;5;6;3;NA;NA;2019-05-13;2019;"2019-M009:68";890;0;0,752072486556415;2,29956028185891;53;"Karen Khachanov";105;"Fernando Verdasco";2,29956028185891;0,752072486556415;1,54748779530249;22,9;35,4;-12,5;198;188;10;0,666666666666667;0,333333333333333;0,333333333333333;0,666666666666667;-0,333333333333333;3;3;1;2;2;1;1;2;-1;0;1;0
"797708";"2019-M009";"Rome Masters";"Clay";"64";"Masters";69;74;"Rafael Nadal";"L";185;"ESP";32,9;4;"Nikoloz Basilashvili";"R";185;"GEO";27,2;"6-1 6-0";3;"R16";62;1;1;37;25;20;9;7;1;1;1;3;44;32;12;5;6;6;11;2;7945;18;1905;6;6;NA;NA;NA;1;0;NA;NA;NA;2019-05-13;2019;"2019-M009:69";891;0;5;1,83007499855769;4;"Nikoloz Basilashvili";74;"Rafael Nadal";1,83007499855769;5;-3,16992500144231;27,2;32,9;-5,7;185;185;0;1;0,545454545454545;0,545454545454545;1;-0,454545454545455;11;1;6;1;5;0;0;5;-5;0;1;0
"797709";"2019-M009";"Rome Masters";"Clay";"64";"Masters";70;28;"Novak Djokovic";"R";188;"SRB";31,9;23;"Juan Martin del Potro";"R";198;"ARG";30,6;"4-6 7-6(6) 6-4";3;"QF";181;6;3;99;67;45;23;16;5;7;12;1;114;77;55;18;16;9;11;1;12115;9;3145;4;7;6;NA;NA;6;6;4;NA;NA;2019-05-13;2019;"2019-M009:70";892;0;6;2,83007499855769;23;"Juan Martin del Potro";28;"Novak Djokovic";2,83007499855769;6;-3,16992500144231;30,6;31,9;-1,3;198;188;10;0,714285714285714;0,818181818181818;0,818181818181818;0,714285714285714;0,103896103896104;11;7;9;5;2;2;2;2;0;0;1;0
"797710";"2019-M009";"Rome Masters";"Clay";"64";"Masters";71;89;"Diego Schwartzman";"R";170;"ARG";26,7;75;"Kei Nishikori";"R";178;"JPN";29,3;"6-4 6-2";3;"QF";87;2;1;53;33;22;11;9;1;3;2;2;60;39;23;7;9;6;11;24;1440;6;3860;6;6;NA;NA;NA;4;2;NA;NA;NA;2019-05-13;2019;"2019-M009:71";893;0;1,41503749927884;3,41503749927884;75;"Kei Nishikori";89;"Diego Schwartzman";3,41503749927884;1,41503749927884;2;29,3;26,7;2,6;178;170;8;0,333333333333333;0,545454545454545;0,545454545454545;0,333333333333333;0,212121212121212;11;3;6;1;5;2;2;5;-3;0;1;0
"797712";"2019-M009";"Rome Masters";"Clay";"64";"Masters";73;74;"Rafael Nadal";"L";185;"ESP";32,9;105;"Fernando Verdasco";"L";188;"ESP";35,4;"6-4 6-0";3;"QF";98;2;1;59;41;31;7;8;8;9;0;5;52;34;18;4;8;3;8;2;7945;38;1200;6;6;NA;NA;NA;4;0;NA;NA;NA;2019-05-13;2019;"2019-M009:73";894;1;5;0,752072486556415;74;"Rafael Nadal";105;"Fernando Verdasco";5;0,752072486556415;4,24792751344359;32,9;35,4;-2,5;185;188;-3;0,888888888888889;0,375;0,888888888888889;0,375;0,513888888888889;8;9;3;8;5;1;5;1;4;0;1;0
"797713";"2019-M009";"Rome Masters";"Clay";"64";"Masters";74;28;"Novak Djokovic";"R";188;"SRB";31,9;89;"Diego Schwartzman";"R";170;"ARG";26,7;"6-3 6-7(2) 6-3";3;"SF";151;2;1;99;65;45;21;16;2;4;0;2;80;50;33;19;14;1;5;1;12115;24;1440;6;6;6;NA;NA;3;7;3;NA;NA;2019-05-13;2019;"2019-M009:74";895;1;6;1,41503749927884;28;"Novak Djokovic";89;"Diego Schwartzman";6;1,41503749927884;4,58496250072116;31,9;26,7;5,2;188;170;18;0,5;0,2;0,5;0,2;0,3;5;4;1;2;4;2;4;2;2;0;1;0
"797714";"2019-M009";"Rome Masters";"Clay";"64";"Masters";75;74;"Rafael Nadal";"L";185;"ESP";32,9;103;"Stefanos Tsitsipas";"R";193;"GRE";20,7;"6-3 6-4";3;"SF";102;1;1;59;35;25;19;10;2;2;7;1;53;34;26;8;9;2;4;2;7945;7;3790;6;6;NA;NA;NA;3;4;NA;NA;NA;2019-05-13;2019;"2019-M009:75";896;1;5;3,1926450779424;74;"Rafael Nadal";103;"Stefanos Tsitsipas";5;3,1926450779424;1,8073549220576;32,9;20,7;12,2;185;193;-8;1;0,5;1;0,5;0,5;4;2;2;2;2;0;2;0;2;0;1;0
"797715";"2019-M009";"Rome Masters";"Clay";"64";"Masters";76;74;"Rafael Nadal";"L";185;"ESP";32,9;28;"Novak Djokovic";"R";188;"SRB";31,9;"6-0 4-6 6-1";3;"F";145;0;0;66;48;35;11;11;1;2;7;1;96;72;43;7;12;11;17;2;7945;1;12115;6;4;6;NA;NA;0;6;1;NA;NA;2019-05-13;2019;"2019-M009:76";897;0;5;6;28;"Novak Djokovic";74;"Rafael Nadal";6;5;1;31,9;32,9;-1;188;185;3;0,5;0,647058823529412;0,647058823529412;0,5;0,147058823529412;17;2;11;1;6;1;1;6;-5;0;1;0
"822236";"2020-M009";"Rome Masters";"Clay";"64";"Masters";26;21;"Alejandro Davidovich Fokina";"R";183;"ESP";21,2;59;"Juan Ignacio Londero";"R";180;"ARG";27;"2-6 6-2 6-2";3;"Q1";112;3;2;68;44;33;11;12;4;7;0;0;83;53;30;15;12;10;15;70;801;67;832;2;6;6;NA;NA;6;2;2;NA;NA;2020-09-14;2020;"2020-M009:26";898;1;-0,129283016944966;-0,0660891904577721;21;"Alejandro Davidovich Fokina";59;"Juan Ignacio Londero";-0,129283016944966;-0,0660891904577721;-0,0631938264871943;21,2;27;-5,8;183;180;3;0,571428571428571;0,666666666666667;0,571428571428571;0,666666666666667;-0,0952380952380952;15;7;10;4;5;3;5;3;2;0;1;0
"822242";"2020-M009";"Rome Masters";"Clay";"64";"Masters";32;54;"Dominik Koepfer";"L";180;"GER";26,3;92;"Gilles Simon";"R";183;"FRA";35,7;"7-5 2-6 6-3";3;"Q2";172;3;4;98;64;42;14;15;4;8;1;3;110;77;44;19;14;10;14;97;652;54;970;7;2;6;NA;NA;5;6;3;NA;NA;2020-09-14;2020;"2020-M009:32";899;1;-0,599912842187128;0,245112497836532;54;"Dominik Koepfer";92;"Gilles Simon";-0,599912842187128;0,245112497836532;-0,84502534002366;26,3;35,7;-9,4;180;183;-3;0,5;0,714285714285714;0,5;0,714285714285714;-0,214285714285714;14;8;10;4;4;4;4;4;0;0;1;0
"822243";"2020-M009";"Rome Masters";"Clay";"64";"Masters";33;57;"Mikhail Kukushkin";"R";183;"KAZ";32,7;20;"Taro Daniel";"R";191;"JPN";27,6;"6-2 6-2";3;"Q2";77;0;0;49;25;18;15;8;2;3;1;3;50;33;18;5;8;4;9;86;706;117;511;6;6;NA;NA;NA;2;2;NA;NA;NA;2020-09-14;2020;"2020-M009:33";900;0;-0,426264754702098;-0,870364719583405;20;"Taro Daniel";57;"Mikhail Kukushkin";-0,870364719583405;-0,426264754702098;-0,444099964881307;27,6;32,7;-5,1;191;183;8;0,666666666666667;0,444444444444444;0,444444444444444;0,666666666666667;-0,222222222222222;9;3;4;2;5;1;1;5;-4;0;1;0
"822246";"2020-M009";"Rome Masters";"Clay";"64";"Masters";36;73;"Lorenzo Musetti";"R";185;"ITA";18,5;65;"Leonardo Mayer";"R";188;"ARG";33,3;"7-6(4) 6-3";3;"Q2";102;3;0;66;42;30;16;11;2;3;3;3;58;26;21;17;10;0;2;249;207;123;474;7;6;NA;NA;NA;6;3;NA;NA;NA;2020-09-14;2020;"2020-M009:36";901;0;-1,96000193206808;-0,94251450533924;65;"Leonardo Mayer";73;"Lorenzo Musetti";-0,94251450533924;-1,96000193206808;1,01748742672884;33,3;18,5;14,8;188;185;3;0,666666666666667;0;0;0,666666666666667;-0,666666666666667;2;3;0;2;2;1;1;2;-1;0;1;0
"822257";"2020-M009";"Rome Masters";"Clay";"64";"Masters";47;54;"Dominik Koepfer";"L";180;"GER";26,3;57;"Mikhail Kukushkin";"R";183;"KAZ";32,7;"2-6 6-4 6-2";3;"Q3";130;4;4;71;43;31;16;13;2;5;0;1;91;53;30;22;13;8;12;97;652;86;706;2;6;6;NA;NA;6;4;2;NA;NA;2020-09-14;2020;"2020-M009:47";902;1;-0,599912842187128;-0,426264754702098;54;"Dominik Koepfer";57;"Mikhail Kukushkin";-0,599912842187128;-0,426264754702098;-0,17364808748503;26,3;32,7;-6,4;180;183;-3;0,4;0,666666666666667;0,4;0,666666666666667;-0,266666666666667;12;5;8;2;4;3;4;3;1;0;1;0
"822265";"2020-M009";"Rome Masters";"Clay";"64";"Masters";55;14;"Marco Cecchinato";"R";185;"ITA";27,9;30;"Kyle Edmund";"R";188;"GBR";25,6;"3-6 7-6(7) 6-2";3;"R64";138;4;0;85;65;43;15;14;3;5;6;5;91;58;45;13;15;2;5;113;526;45;1085;3;7;6;NA;NA;6;6;2;NA;NA;2020-09-14;2020;"2020-M009:55";903;1;-0,820178962415188;0,508146903670325;14;"Marco Cecchinato";30;"Kyle Edmund";-0,820178962415188;0,508146903670325;-1,32832586608551;27,9;25,6;2,3;185;188;-3;0,6;0,4;0,6;0,4;0,2;5;5;2;3;3;2;3;2;1;0;1;0
"822266";"2020-M009";"Rome Masters";"Clay";"64";"Masters";56;56;"Filip Krajinovic";"R";185;"SRB";28,5;3;"Felix Auger Aliassime";"R";193;"CAN";20,1;"6-4 7-5";3;"R64";103;1;1;59;30;27;17;11;2;3;6;6;74;47;31;13;11;7;10;29;1583;20;1976;6;7;NA;NA;NA;4;5;NA;NA;NA;2020-09-14;2020;"2020-M009:56";904;0;1,14201900487243;1,67807190511264;3;"Felix Auger Aliassime";56;"Filip Krajinovic";1,67807190511264;1,14201900487243;0,536052900240209;20,1;28,5;-8,4;193;185;8;0,666666666666667;0,7;0,7;0,666666666666667;0,0333333333333333;10;3;7;2;3;1;1;3;-2;0;1;0
"822267";"2020-M009";"Rome Masters";"Clay";"64";"Masters";57;73;"Lorenzo Musetti";"R";185;"ITA";18,5;107;"Stan Wawrinka";"R";183;"SUI";35,4;"6-0 7-6(2)";3;"R64";83;5;0;54;36;25;12;9;0;1;2;0;69;39;23;12;9;3;7;249;207;17;2185;6;7;NA;NA;NA;0;6;NA;NA;NA;2020-09-14;2020;"2020-M009:57";905;1;-1,96000193206808;1,91253715874966;73;"Lorenzo Musetti";107;"Stan Wawrinka";-1,96000193206808;1,91253715874966;-3,87253909081774;18,5;35,4;-16,9;185;183;2;0;0,428571428571429;0;0,428571428571429;-0,428571428571429;7;1;3;0;4;1;4;1;3;0;1;0
"822268";"2020-M009";"Rome Masters";"Clay";"64";"Masters";58;75;"Kei Nishikori";"R";178;"JPN";30,7;85;"Albert Ramos";"L";188;"ESP";32,6;"6-4 7-6(3)";3;"R64";123;2;1;78;43;33;22;11;2;2;2;2;83;48;34;21;11;9;10;35;1345;44;1130;6;7;NA;NA;NA;4;6;NA;NA;NA;2020-09-14;2020;"2020-M009:58";906;1;0,870716983055034;0,540568381362703;75;"Kei Nishikori";85;"Albert Ramos";0,870716983055034;0,540568381362703;0,330148601692331;30,7;32,6;-1,9;178;188;-10;1;0,9;1;0,9;0,1;10;2;9;2;1;0;1;0;1;0;1;0
"822269";"2020-M009";"Rome Masters";"Clay";"64";"Masters";59;54;"Dominik Koepfer";"L";180;"GER";26,3;22;"Alex De Minaur";"R";183;"AUS";21,5;"3-6 6-3 7-6(5)";3;"R64";153;2;5;104;69;42;15;15;8;14;1;4;113;58;35;26;15;7;13;97;652;27;1665;3;6;7;NA;NA;6;3;6;NA;NA;2020-09-14;2020;"2020-M009:59";907;0;-0,599912842187128;1,24511249783653;22;"Alex De Minaur";54;"Dominik Koepfer";1,24511249783653;-0,599912842187128;1,84502534002366;21,5;26,3;-4,8;183;180;3;0,571428571428571;0,538461538461538;0,538461538461538;0,571428571428571;-0,032967032967033;13;14;7;8;6;6;6;6;0;0;1;0
"822270";"2020-M009";"Rome Masters";"Clay";"64";"Masters";60;17;"Federico Coria";"R";180;"ARG";28,5;97;"Jan Lennard Struff";"R";193;"GER";30,3;"6-1 7-6(5)";3;"R64";89;1;0;64;50;41;7;10;4;4;4;2;64;36;29;12;9;3;5;104;607;30;1450;6;7;NA;NA;NA;1;6;NA;NA;NA;2020-09-14;2020;"2020-M009:60";908;1;-0,700439718141092;1,09310940439148;17;"Federico Coria";97;"Jan Lennard Struff";-0,700439718141092;1,09310940439148;-1,79354912253257;28,5;30,3;-1,8;180;193;-13;1;0,6;1;0,6;0,4;5;4;3;4;2;0;2;0;2;0;1;0
"822271";"2020-M009";"Rome Masters";"Clay";"64";"Masters";61;101;"Stefano Travaglia";"R";185;"ITA";28,7;36;"Taylor Fritz";"R";193;"USA";22,8;"6-4 7-6(4)";3;"R64";94;7;4;76;39;35;19;11;3;3;9;1;71;42;36;13;11;2;3;84;719;28;1625;6;7;NA;NA;NA;4;6;NA;NA;NA;2020-09-14;2020;"2020-M009:61";909;0;-0,392317422778761;1,1926450779424;36;"Taylor Fritz";101;"Stefano Travaglia";1,1926450779424;-0,392317422778761;1,58496250072116;22,8;28,7;-5,9;193;185;8;1;0,666666666666667;0,666666666666667;1;-0,333333333333333;3;3;2;3;1;0;0;1;-1;0;1;0
"822272";"2020-M009";"Rome Masters";"Clay";"64";"Masters";62;18;"Borna Coric";"R";188;"CRO";23,8;39;"Cristian Garin";"R";185;"CHI";24,2;"6-4 6-4";3;"R64";126;5;4;66;35;25;14;10;3;6;4;11;69;39;24;12;10;8;13;26;1670;21;1900;6;6;NA;NA;NA;4;4;NA;NA;NA;2020-09-14;2020;"2020-M009:62";910;1;1,29956028185891;1,60768257722124;18;"Borna Coric";39;"Cristian Garin";1,29956028185891;1,60768257722124;-0,308122295362331;23,8;24,2;-0,399999999999999;188;185;3;0,5;0,615384615384615;0,5;0,615384615384615;-0,115384615384615;13;6;8;3;5;3;5;3;2;0;1;0
"822273";"2020-M009";"Rome Masters";"Clay";"64";"Masters";63;88;"Casper Ruud";"R";183;"NOR";21,7;53;"Karen Khachanov";"R";198;"RUS";24,3;"6-3 3-6 6-1";3;"R64";133;6;0;75;48;32;18;13;1;3;4;1;90;49;32;20;12;13;17;34;1359;16;2200;6;3;6;NA;NA;3;6;1;NA;NA;2020-09-14;2020;"2020-M009:63";911;0;0,912537158749661;2;53;"Karen Khachanov";88;"Casper Ruud";2;0,912537158749661;1,08746284125034;24,3;21,7;2,6;198;183;15;0,333333333333333;0,764705882352941;0,764705882352941;0,333333333333333;0,431372549019608;17;3;13;1;4;2;2;4;-2;0;1;0
"822274";"2020-M009";"Rome Masters";"Clay";"64";"Masters";64;94;"Lorenzo Sonego";"R";191;"ITA";25,3;4;"Nikoloz Basilashvili";"R";185;"GEO";28,5;"6-3 6-1";3;"R64";79;4;3;51;32;23;10;8;6;7;1;4;52;24;12;11;8;5;10;47;1030;32;1395;6;6;NA;NA;NA;3;1;NA;NA;NA;2020-09-14;2020;"2020-M009:64";912;0;0,445411148322362;1;4;"Nikoloz Basilashvili";94;"Lorenzo Sonego";1;0,445411148322362;0,554588851677638;28,5;25,3;3,2;185;191;-6;0,857142857142857;0,5;0,5;0,857142857142857;-0,357142857142857;10;7;5;6;5;1;1;5;-4;0;1;0
"822275";"2020-M009";"Rome Masters";"Clay";"64";"Masters";65;16;"Marin Cilic";"R";198;"CRO";31,9;10;"Alexander Bublik";"R";196;"KAZ";23,2;"6-7(4) 6-2 6-4";3;"R64";134;7;5;100;58;44;28;15;9;9;17;6;91;49;37;22;15;2;5;40;1225;56;965;6;6;6;NA;NA;7;2;4;NA;NA;2020-09-14;2020;"2020-M009:65";913;0;0,678071905112637;0,192645077942396;10;"Alexander Bublik";16;"Marin Cilic";0,192645077942396;0,678071905112637;-0,485426827170241;23,2;31,9;-8,7;196;198;-2;1;0,4;0,4;1;-0,6;5;9;2;9;3;0;0;3;-3;0;1;0
"822276";"2020-M009";"Rome Masters";"Clay";"64";"Masters";66;48;"Ugo Humbert";"L";188;"FRA";22,2;1;"Kevin Anderson";"R";203;"RSA";34,3;"6-3 7-6(5)";3;"R64";104;4;4;68;29;21;27;11;3;4;9;2;62;40;29;10;10;4;6;42;1146;119;500;6;7;NA;NA;NA;3;6;NA;NA;NA;2020-09-14;2020;"2020-M009:66";914;0;0,607682577221239;-0,894817763307944;1;"Kevin Anderson";48;"Ugo Humbert";-0,894817763307944;0,607682577221239;-1,50250034052918;34,3;22,2;12,1;203;188;15;0,75;0,666666666666667;0,666666666666667;0,75;-0,0833333333333334;6;4;4;3;2;1;1;2;-1;0;1;0
"822277";"2020-M009";"Rome Masters";"Clay";"64";"Masters";67;63;"Pedro Martinez";"R";185;"ESP";23,3;84;"Sam Querrey";"R";198;"USA";32,9;"6-3 7-6(3)";3;"R64";99;3;7;87;53;35;18;11;5;6;13;2;59;33;24;12;10;0;2;109;548;46;1045;6;7;NA;NA;NA;3;6;NA;NA;NA;2020-09-14;2020;"2020-M009:67";915;1;-0,768184324776926;0,476438043942987;63;"Pedro Martinez";84;"Sam Querrey";-0,768184324776926;0,476438043942987;-1,24462236871991;23,3;32,9;-9,6;185;198;-13;0,833333333333333;0;0,833333333333333;0;0,833333333333333;2;6;0;5;2;1;2;1;1;0;1;0
"822278";"2020-M009";"Rome Masters";"Clay";"64";"Masters";68;91;"Denis Shapovalov";"L";185;"CAN";21,4;81;"Guido Pella";"L";185;"ARG";30,3;"6-2 6-3";3;"R64";85;7;6;50;26;22;13;8;2;2;0;2;68;40;25;11;9;7;11;14;2345;37;1310;6;6;NA;NA;NA;2;3;NA;NA;NA;2020-09-14;2020;"2020-M009:68";916;0;2,1926450779424;0,79054663437105;81;"Guido Pella";91;"Denis Shapovalov";0,79054663437105;2,1926450779424;-1,40209844357135;30,3;21,4;8,9;185;185;0;1;0,636363636363636;0,636363636363636;1;-0,363636363636364;11;2;7;2;4;0;0;4;-4;0;1;0
"822280";"2020-M009";"Rome Masters";"Clay";"64";"Masters";70;76;"Yoshihito Nishioka";"L";170;"JPN";24,9;52;"Miomir Kecmanovic";"R";183;"SRB";21;"6-4 6-1";3;"R64";77;4;1;48;34;20;12;8;3;4;2;1;73;37;22;14;9;7;12;50;1007;39;1258;6;6;NA;NA;NA;4;1;NA;NA;NA;2020-09-14;2020;"2020-M009:70";917;0;0,356143810225276;0,714597781137751;52;"Miomir Kecmanovic";76;"Yoshihito Nishioka";0,714597781137751;0,356143810225276;0,358453970912476;21;24,9;-3,9;183;170;13;0,75;0,583333333333333;0,583333333333333;0,75;-0,166666666666667;12;4;7;3;5;1;1;5;-4;0;1;0
"822281";"2020-M009";"Rome Masters";"Clay";"64";"Masters";71;93;"Jannik Sinner";"R";188;"ITA";19;79;"Benoit Paire";"R";196;"FRA";31,3;"6-2 6-1";3;"R64";64;4;0;51;36;26;11;8;4;4;4;0;48;25;14;9;7;5;9;81;743;24;1738;6;6;NA;NA;NA;2;1;NA;NA;NA;2020-09-14;2020;"2020-M009:71";918;0;-0,339850002884624;1,41503749927884;79;"Benoit Paire";93;"Jannik Sinner";1,41503749927884;-0,339850002884624;1,75488750216347;31,3;19;12,3;196;188;8;1;0,555555555555556;0,555555555555556;1;-0,444444444444444;9;4;5;4;4;0;0;4;-4;0;1;0
"822282";"2020-M009";"Rome Masters";"Clay";"64";"Masters";72;67;"John Millman";"R";183;"AUS";31,2;95;"Joao Sousa";"R";185;"POR";31,4;"7-5 7-6(2)";3;"R64";124;6;1;78;50;37;15;12;4;6;3;2;85;48;33;17;12;5;8;43;1131;74;776;7;7;NA;NA;NA;5;6;NA;NA;NA;2020-09-14;2020;"2020-M009:72";919;1;0,573735245297902;-0,20945336562895;67;"John Millman";95;"Joao Sousa";0,573735245297902;-0,20945336562895;0,783188610926852;31,2;31,4;-0,199999999999999;183;185;-2;0,666666666666667;0,625;0,666666666666667;0,625;0,0416666666666666;8;6;5;4;3;2;3;2;1;0;1;0
"822283";"2020-M009";"Rome Masters";"Clay";"64";"Masters";73;49;"Hubert Hurkacz";"R";196;"POL";23,5;31;"Daniel Evans";"R";175;"GBR";30,3;"6-3 3-6 7-5";3;"R64";148;2;2;87;52;36;17;15;2;7;2;5;94;63;43;9;15;6;12;31;1398;33;1384;6;3;7;NA;NA;3;6;5;NA;NA;2020-09-14;2020;"2020-M009:73";920;0;1,04580368961313;0,955605880641547;31;"Daniel Evans";49;"Hubert Hurkacz";0,955605880641547;1,04580368961313;-0,0901978089715785;30,3;23,5;6,8;175;196;-21;0,285714285714286;0,5;0,5;0,285714285714286;0,214285714285714;12;7;6;2;6;5;5;6;-1;0;1;0
"822286";"2020-M009";"Rome Masters";"Clay";"64";"Masters";76;58;"Dusan Lajovic";"R";180;"SRB";30,2;21;"Alejandro Davidovich Fokina";"R";183;"ESP";21,2;"6-4 6-4";3;"R64";103;6;0;58;31;24;16;10;2;3;1;4;71;45;31;9;10;5;8;25;1695;70;801;6;6;NA;NA;NA;4;4;NA;NA;NA;2020-09-14;2020;"2020-M009:76";921;0;1,35614381022528;-0,129283016944966;21;"Alejandro Davidovich Fokina";58;"Dusan Lajovic";-0,129283016944966;1,35614381022528;-1,48542682717024;21,2;30,2;-9;183;180;3;0,666666666666667;0,625;0,625;0,666666666666667;-0,0416666666666666;8;3;5;2;3;1;1;3;-2;0;1;0
"822287";"2020-M009";"Rome Masters";"Clay";"64";"Masters";77;28;"Novak Djokovic";"R";188;"SRB";33,3;13;"Salvatore Caruso";"R";185;"ITA";27,7;"6-3 6-2";3;"R32";84;4;1;48;32;26;11;9;0;0;3;2;62;35;23;11;8;5;8;1;10860;87;703;6;6;NA;NA;NA;3;2;NA;NA;NA;2020-09-14;2020;"2020-M009:77";922;0;6;-0,442943495848728;13;"Salvatore Caruso";28;"Novak Djokovic";-0,442943495848728;6;-6,44294349584873;27,7;33,3;-5,6;185;188;-3;1,5;0,625;0,625;1,5;-0,875;8;0;5;0;3;0;0;3;-3;0;1;0
"822288";"2020-M009";"Rome Masters";"Clay";"64";"Masters";78;56;"Filip Krajinovic";"R";185;"SRB";28,5;14;"Marco Cecchinato";"R";185;"ITA";27,9;"6-4 6-1";3;"R32";76;1;0;41;27;24;9;8;1;1;1;1;67;41;24;11;9;3;7;29;1583;113;526;6;6;NA;NA;NA;4;1;NA;NA;NA;2020-09-14;2020;"2020-M009:78";923;0;1,14201900487243;-0,820178962415188;14;"Marco Cecchinato";56;"Filip Krajinovic";-0,820178962415188;1,14201900487243;-1,96219796728762;27,9;28,5;-0,600000000000001;185;185;0;1;0,428571428571429;0,428571428571429;1;-0,571428571428571;7;1;3;1;4;0;0;4;-4;0;1;0
"822289";"2020-M009";"Rome Masters";"Clay";"64";"Masters";79;73;"Lorenzo Musetti";"R";185;"ITA";18,5;75;"Kei Nishikori";"R";178;"JPN";30,7;"6-3 6-4";3;"R32";102;2;2;73;50;39;10;10;5;5;1;4;61;38;28;10;9;4;6;249;207;35;1345;6;6;NA;NA;NA;3;4;NA;NA;NA;2020-09-14;2020;"2020-M009:79";924;1;-1,96000193206808;0,870716983055034;73;"Lorenzo Musetti";75;"Kei Nishikori";-1,96000193206808;0,870716983055034;-2,83071891512311;18,5;30,7;-12,2;185;178;7;1;0,666666666666667;1;0,666666666666667;0,333333333333333;6;5;4;5;2;0;2;0;2;0;1;0
"822290";"2020-M009";"Rome Masters";"Clay";"64";"Masters";80;54;"Dominik Koepfer";"L";180;"GER";26,3;69;"Gael Monfils";"R";193;"FRA";34;"6-2 6-4";3;"R32";91;1;3;60;37;26;14;9;2;3;4;6;57;31;19;11;9;5;9;97;652;9;2860;6;6;NA;NA;NA;2;4;NA;NA;NA;2020-09-14;2020;"2020-M009:80";925;1;-0,599912842187128;2,83007499855769;54;"Dominik Koepfer";69;"Gael Monfils";-0,599912842187128;2,83007499855769;-3,42998784074482;26,3;34;-7,7;180;193;-13;0,666666666666667;0,555555555555556;0,666666666666667;0,555555555555556;0,111111111111111;9;3;5;2;4;1;4;1;3;0;1;0
"822291";"2020-M009";"Rome Masters";"Clay";"64";"Masters";81;9;"Matteo Berrettini";"R";196;"ITA";24,4;17;"Federico Coria";"R";180;"ARG";28,5;"7-5 6-1";3;"R32";80;7;2;48;34;31;7;10;0;1;1;1;70;52;28;9;9;7;11;8;2940;104;607;7;6;NA;NA;NA;5;1;NA;NA;NA;2020-09-14;2020;"2020-M009:81";926;1;3;-0,700439718141092;9;"Matteo Berrettini";17;"Federico Coria";3;-0,700439718141092;3,70043971814109;24,4;28,5;-4,1;196;180;16;0;0,636363636363636;0;0,636363636363636;-0,636363636363636;11;1;7;0;4;1;4;1;3;0;1;0
"822292";"2020-M009";"Rome Masters";"Clay";"64";"Masters";82;101;"Stefano Travaglia";"R";185;"ITA";28,7;18;"Borna Coric";"R";188;"CRO";23,8;"7-6(2) 7-5";3;"R32";141;9;2;80;35;28;20;12;3;6;7;2;87;40;27;21;12;1;5;84;719;26;1670;7;7;NA;NA;NA;6;5;NA;NA;NA;2020-09-14;2020;"2020-M009:82";927;0;-0,392317422778761;1,29956028185891;18;"Borna Coric";101;"Stefano Travaglia";1,29956028185891;-0,392317422778761;1,69187770463767;23,8;28,7;-4,9;188;185;3;0,5;0,2;0,2;0,5;-0,3;5;6;1;3;4;3;3;4;-1;0;1;0
"822293";"2020-M009";"Rome Masters";"Clay";"64";"Masters";83;88;"Casper Ruud";"R";183;"NOR";21,7;94;"Lorenzo Sonego";"R";191;"ITA";25,3;"6-3 6-4";3;"R32";107;0;0;61;45;30;8;10;1;3;4;1;71;46;26;11;9;7;11;34;1359;47;1030;6;6;NA;NA;NA;3;4;NA;NA;NA;2020-09-14;2020;"2020-M009:83";928;1;0,912537158749661;0,445411148322362;88;"Casper Ruud";94;"Lorenzo Sonego";0,912537158749661;0,445411148322362;0,467126010427299;21,7;25,3;-3,6;183;191;-8;0,333333333333333;0,636363636363636;0,333333333333333;0,636363636363636;-0,303030303030303;11;3;7;1;4;2;4;2;2;0;1;0
"822294";"2020-M009";"Rome Masters";"Clay";"64";"Masters";84;16;"Marin Cilic";"R";198;"CRO";31,9;43;"David Goffin";"R";180;"BEL";29,7;"6-2 6-2";3;"R32";70;8;0;40;26;23;9;8;0;0;2;1;54;25;16;11;8;3;7;40;1225;11;2555;6;6;NA;NA;NA;2;2;NA;NA;NA;2020-09-14;2020;"2020-M009:84";929;1;0,678071905112637;2,5405683813627;16;"Marin Cilic";43;"David Goffin";0,678071905112637;2,5405683813627;-1,86249647625007;31,9;29,7;2,2;198;180;18;1,5;0,428571428571429;1,5;0,428571428571429;1,07142857142857;7;0;3;0;4;0;4;0;4;0;1;0
"822295";"2020-M009";"Rome Masters";"Clay";"64";"Masters";85;48;"Ugo Humbert";"L";188;"FRA";22,2;35;"Fabio Fognini";"R";178;"ITA";33,3;"7-5 7-6(4)";3;"R32";119;2;2;79;50;31;11;12;2;7;3;3;71;37;25;13;12;6;12;42;1146;13;2400;7;7;NA;NA;NA;5;6;NA;NA;NA;2020-09-14;2020;"2020-M009:85";930;0;0,607682577221239;2,29956028185891;35;"Fabio Fognini";48;"Ugo Humbert";2,29956028185891;0,607682577221239;1,69187770463767;33,3;22,2;11,1;178;188;-10;0,285714285714286;0,5;0,5;0,285714285714286;0,214285714285714;12;7;6;2;6;5;5;6;-1;0;1;0
"822296";"2020-M009";"Rome Masters";"Clay";"64";"Masters";86;91;"Denis Shapovalov";"L";185;"CAN";21,4;63;"Pedro Martinez";"R";185;"ESP";23,3;"6-4 6-4";3;"R32";100;3;2;61;30;17;21;10;2;4;1;7;65;38;26;10;10;2;6;14;2345;109;548;6;6;NA;NA;NA;4;4;NA;NA;NA;2020-09-14;2020;"2020-M009:86";931;0;2,1926450779424;-0,768184324776926;63;"Pedro Martinez";91;"Denis Shapovalov";-0,768184324776926;2,1926450779424;-2,96082940271932;23,3;21,4;1,9;185;185;0;0,5;0,333333333333333;0,333333333333333;0,5;-0,166666666666667;6;4;2;2;4;2;2;4;-2;0;1;0
"822297";"2020-M009";"Rome Masters";"Clay";"64";"Masters";87;26;"Grigor Dimitrov";"R";188;"BUL";29,3;76;"Yoshihito Nishioka";"L";170;"JPN";24,9;"6-1 6-0";3;"R32";55;2;4;48;25;24;10;7;1;1;0;1;38;22;8;4;6;3;8;22;1885;50;1007;6;6;NA;NA;NA;1;0;NA;NA;NA;2020-09-14;2020;"2020-M009:87";932;1;1,5405683813627;0,356143810225276;26;"Grigor Dimitrov";76;"Yoshihito Nishioka";1,5405683813627;0,356143810225276;1,18442457113743;29,3;24,9;4,4;188;170;18;1;0,375;1;0,375;0,625;8;1;3;1;5;0;5;0;5;0;1;0
"822298";"2020-M009";"Rome Masters";"Clay";"64";"Masters";88;93;"Jannik Sinner";"R";188;"ITA";19;103;"Stefanos Tsitsipas";"R";193;"GRE";22;"6-1 6-7(9) 6-2";3;"R32";133;1;1;81;55;38;18;13;1;3;5;6;101;60;32;20;14;7;14;81;743;6;5175;6;6;6;NA;NA;1;7;2;NA;NA;2020-09-14;2020;"2020-M009:88";933;1;-0,339850002884624;3,41503749927884;93;"Jannik Sinner";103;"Stefanos Tsitsipas";-0,339850002884624;3,41503749927884;-3,75488750216347;19;22;-3;188;193;-5;0,333333333333333;0,5;0,333333333333333;0,5;-0,166666666666667;14;3;7;1;7;2;7;2;5;0;1;0
"822299";"2020-M009";"Rome Masters";"Clay";"64";"Masters";89;89;"Diego Schwartzman";"R";170;"ARG";28;67;"John Millman";"R";183;"AUS";31,2;"6-4 7-6(1)";3;"R32";137;3;6;77;49;31;14;11;3;6;4;2;90;51;32;16;11;7;11;15;2265;43;1131;6;7;NA;NA;NA;4;6;NA;NA;NA;2020-09-14;2020;"2020-M009:89";934;0;2,09310940439148;0,573735245297902;67;"John Millman";89;"Diego Schwartzman";0,573735245297902;2,09310940439148;-1,51937415909358;31,2;28;3,2;183;170;13;0,5;0,636363636363636;0,636363636363636;0,5;0,136363636363636;11;6;7;3;4;3;3;4;-1;0;1;0
"822300";"2020-M009";"Rome Masters";"Clay";"64";"Masters";90;49;"Hubert Hurkacz";"R";196;"POL";23,5;87;"Andrey Rublev";"R";188;"RUS";22,9;"7-6(6) 3-6 6-2";3;"R32";117;15;1;89;54;41;19;14;4;6;12;1;82;49;38;20;15;4;7;31;1398;12;2414;7;3;6;NA;NA;6;6;2;NA;NA;2020-09-14;2020;"2020-M009:90";935;1;1,04580368961313;2,41503749927884;49;"Hubert Hurkacz";87;"Andrey Rublev";1,04580368961313;2,41503749927884;-1,36923380966572;23,5;22,9;0,600000000000001;196;188;8;0,666666666666667;0,571428571428571;0,666666666666667;0,571428571428571;0,0952380952380952;7;6;4;4;3;2;3;2;1;0;1;0
"822301";"2020-M009";"Rome Masters";"Clay";"64";"Masters";91;58;"Dusan Lajovic";"R";180;"SRB";30,2;86;"Milos Raonic";"R";196;"CAN";29,7;"7-6(3) 4-6 6-2";3;"R32";152;8;4;106;75;52;16;15;4;7;8;10;91;51;38;19;15;6;10;25;1695;19;1995;7;4;6;NA;NA;6;6;2;NA;NA;2020-09-14;2020;"2020-M009:91";936;1;1,35614381022528;1,75207248655641;58;"Dusan Lajovic";86;"Milos Raonic";1,35614381022528;1,75207248655641;-0,395928676331139;30,2;29,7;0,5;180;196;-16;0,571428571428571;0,6;0,571428571428571;0,6;-0,0285714285714286;10;7;6;4;4;3;4;3;1;0;1;0
"822302";"2020-M009";"Rome Masters";"Clay";"64";"Masters";92;74;"Rafael Nadal";"L";185;"ESP";34,2;12;"Pablo Carreno Busta";"R";188;"ESP";29,1;"6-1 6-1";3;"R32";73;2;2;39;19;15;16;7;1;1;0;1;56;41;19;5;7;4;9;2;9850;18;2130;6;6;NA;NA;NA;1;1;NA;NA;NA;2020-09-14;2020;"2020-M009:92";937;0;5;1,83007499855769;12;"Pablo Carreno Busta";74;"Rafael Nadal";1,83007499855769;5;-3,16992500144231;29,1;34,2;-5,1;188;185;3;1;0,444444444444444;0,444444444444444;1;-0,555555555555556;9;1;4;1;5;0;0;5;-5;0;1;0
"822303";"2020-M009";"Rome Masters";"Clay";"64";"Masters";93;28;"Novak Djokovic";"R";188;"SRB";33,3;56;"Filip Krajinovic";"R";185;"SRB";28,5;"7-6(7) 6-3";3;"R16";127;3;4;77;50;35;14;10;5;6;3;3;96;64;40;14;11;10;13;1;10860;29;1583;7;6;NA;NA;NA;6;3;NA;NA;NA;2020-09-14;2020;"2020-M009:93";938;1;6;1,14201900487243;28;"Novak Djokovic";56;"Filip Krajinovic";6;1,14201900487243;4,85798099512757;33,3;28,5;4,8;188;185;3;0,833333333333333;0,769230769230769;0,833333333333333;0,769230769230769;0,0641025641025641;13;6;10;5;3;1;3;1;2;0;1;0
"822304";"2020-M009";"Rome Masters";"Clay";"64";"Masters";94;54;"Dominik Koepfer";"L";180;"GER";26,3;73;"Lorenzo Musetti";"R";185;"ITA";18,5;"6-4 6-0";3;"R16";70;2;1;52;29;22;14;8;5;5;1;2;46;27;17;7;8;0;4;97;652;249;207;6;6;NA;NA;NA;4;0;NA;NA;NA;2020-09-14;2020;"2020-M009:94";939;1;-0,599912842187128;-1,96000193206808;54;"Dominik Koepfer";73;"Lorenzo Musetti";-0,599912842187128;-1,96000193206808;1,36008908988095;26,3;18,5;7,8;180;185;-5;1;0;1;0;1;4;5;0;5;4;0;4;0;4;0;1;0
"822305";"2020-M009";"Rome Masters";"Clay";"64";"Masters";95;9;"Matteo Berrettini";"R";196;"ITA";24,4;101;"Stefano Travaglia";"R";185;"ITA";28,7;"7-6(5) 7-6(1)";3;"R16";119;3;0;70;51;36;14;12;1;3;6;3;82;50;34;18;12;7;9;8;2940;84;719;7;7;NA;NA;NA;6;6;NA;NA;NA;2020-09-14;2020;"2020-M009:95";940;1;3;-0,392317422778761;9;"Matteo Berrettini";101;"Stefano Travaglia";3;-0,392317422778761;3,39231742277876;24,4;28,7;-4,3;196;185;11;0,333333333333333;0,777777777777778;0,333333333333333;0,777777777777778;-0,444444444444444;9;3;7;1;2;2;2;2;0;0;1;0
"822306";"2020-M009";"Rome Masters";"Clay";"64";"Masters";96;88;"Casper Ruud";"R";183;"NOR";21,7;16;"Marin Cilic";"R";198;"CRO";31,9;"6-2 7-6(6)";3;"R16";93;3;1;63;40;34;12;10;2;2;4;3;58;29;27;15;10;1;3;34;1359;40;1225;6;7;NA;NA;NA;2;6;NA;NA;NA;2020-09-14;2020;"2020-M009:96";941;0;0,912537158749661;0,678071905112637;16;"Marin Cilic";88;"Casper Ruud";0,678071905112637;0,912537158749661;-0,234465253637024;31,9;21,7;10,2;198;183;15;1;0,333333333333333;0,333333333333333;1;-0,666666666666667;3;2;1;2;2;0;0;2;-2;0;1;0
"822307";"2020-M009";"Rome Masters";"Clay";"64";"Masters";97;91;"Denis Shapovalov";"L";185;"CAN";21,4;48;"Ugo Humbert";"L";188;"FRA";22,2;"6-7(5) 6-1 6-4";3;"R16";171;4;6;95;55;47;25;15;5;5;4;3;115;66;51;20;14;13;16;14;2345;42;1146;6;6;6;NA;NA;7;1;4;NA;NA;2020-09-14;2020;"2020-M009:97";942;0;2,1926450779424;0,607682577221239;48;"Ugo Humbert";91;"Denis Shapovalov";0,607682577221239;2,1926450779424;-1,58496250072116;22,2;21,4;0,800000000000001;188;185;3;1;0,8125;0,8125;1;-0,1875;16;5;13;5;3;0;0;3;-3;0;1;0
"822308";"2020-M009";"Rome Masters";"Clay";"64";"Masters";98;26;"Grigor Dimitrov";"R";188;"BUL";29,3;93;"Jannik Sinner";"R";188;"ITA";19;"4-6 6-4 6-4";3;"R16";144;0;0;86;50;35;19;15;4;7;1;4;106;66;44;17;15;9;13;22;1885;81;743;4;6;6;NA;NA;6;4;4;NA;NA;2020-09-14;2020;"2020-M009:98";943;1;1,5405683813627;-0,339850002884624;26;"Grigor Dimitrov";93;"Jannik Sinner";1,5405683813627;-0,339850002884624;1,88041838424733;29,3;19;10,3;188;188;0;0,571428571428571;0,692307692307692;0,571428571428571;0,692307692307692;-0,120879120879121;13;7;9;4;4;3;4;3;1;0;1;0
"822309";"2020-M009";"Rome Masters";"Clay";"64";"Masters";99;89;"Diego Schwartzman";"R";170;"ARG";28;49;"Hubert Hurkacz";"R";196;"POL";23,5;"3-6 6-2 6-4";3;"R16";129;1;6;75;53;36;10;13;4;7;3;5;83;45;30;21;14;4;9;15;2265;31;1398;3;6;6;NA;NA;6;2;4;NA;NA;2020-09-14;2020;"2020-M009:99";944;0;2,09310940439148;1,04580368961313;49;"Hubert Hurkacz";89;"Diego Schwartzman";1,04580368961313;2,09310940439148;-1,04730571477836;23,5;28;-4,5;196;170;26;0,571428571428571;0,444444444444444;0,444444444444444;0,571428571428571;-0,126984126984127;9;7;4;4;5;3;3;5;-2;0;1;0
"822310";"2020-M009";"Rome Masters";"Clay";"64";"Masters";100;74;"Rafael Nadal";"L";185;"ESP";34,2;58;"Dusan Lajovic";"R";180;"SRB";30,2;"6-1 6-3";3;"R16";90;2;1;41;27;17;9;8;2;4;1;4;62;42;17;9;8;8;14;2;9850;25;1695;6;6;NA;NA;NA;1;3;NA;NA;NA;2020-09-14;2020;"2020-M009:100";945;0;5;1,35614381022528;58;"Dusan Lajovic";74;"Rafael Nadal";1,35614381022528;5;-3,64385618977472;30,2;34,2;-4;180;185;-5;0,5;0,571428571428571;0,571428571428571;0,5;0,0714285714285714;14;4;8;2;6;2;2;6;-4;0;1;0
"822311";"2020-M009";"Rome Masters";"Clay";"64";"Masters";101;28;"Novak Djokovic";"R";188;"SRB";33,3;54;"Dominik Koepfer";"L";180;"GER";26,3;"6-3 4-6 6-3";3;"QF";130;5;0;75;48;31;14;14;0;4;4;4;102;62;38;13;14;15;21;1;10860;97;652;6;4;6;NA;NA;3;6;3;NA;NA;2020-09-14;2020;"2020-M009:101";946;1;6;-0,599912842187128;28;"Novak Djokovic";54;"Dominik Koepfer";6;-0,599912842187128;6,59991284218713;33,3;26,3;7;188;180;8;0;0,714285714285714;0;0,714285714285714;-0,714285714285714;21;4;15;0;6;4;6;4;2;0;1;0
"822312";"2020-M009";"Rome Masters";"Clay";"64";"Masters";102;88;"Casper Ruud";"R";183;"NOR";21,7;9;"Matteo Berrettini";"R";196;"ITA";24,4;"4-6 6-3 7-6(5)";3;"QF";177;4;3;103;61;46;23;16;4;6;12;1;106;70;54;14;15;7;9;34;1359;8;2940;4;6;7;NA;NA;6;3;6;NA;NA;2020-09-14;2020;"2020-M009:102";947;0;0,912537158749661;3;9;"Matteo Berrettini";88;"Casper Ruud";3;0,912537158749661;2,08746284125034;24,4;21,7;2,7;196;183;13;0,666666666666667;0,777777777777778;0,777777777777778;0,666666666666667;0,111111111111111;9;6;7;4;2;2;2;2;0;0;1;0
"822313";"2020-M009";"Rome Masters";"Clay";"64";"Masters";103;91;"Denis Shapovalov";"L";185;"CAN";21,4;26;"Grigor Dimitrov";"R";188;"BUL";29,3;"6-2 3-6 6-2";3;"QF";110;3;5;67;35;28;17;12;0;2;2;3;71;44;26;16;13;4;9;14;2345;22;1885;6;3;6;NA;NA;2;6;2;NA;NA;2020-09-14;2020;"2020-M009:103";948;0;2,1926450779424;1,5405683813627;26;"Grigor Dimitrov";91;"Denis Shapovalov";1,5405683813627;2,1926450779424;-0,652076696579693;29,3;21,4;7,9;188;185;3;0;0,444444444444444;0,444444444444444;0;0,444444444444444;9;2;4;0;5;2;2;5;-3;0;1;0
"822314";"2020-M009";"Rome Masters";"Clay";"64";"Masters";104;89;"Diego Schwartzman";"R";170;"ARG";28;74;"Rafael Nadal";"L";185;"ESP";34,2;"6-2 7-5";3;"QF";123;0;0;60;36;23;14;10;3;5;2;0;63;27;13;16;10;4;9;15;2265;2;9850;6;7;NA;NA;NA;2;5;NA;NA;NA;2020-09-14;2020;"2020-M009:104";949;0;2,09310940439148;5;74;"Rafael Nadal";89;"Diego Schwartzman";5;2,09310940439148;2,90689059560852;34,2;28;6,2;185;170;15;0,6;0,444444444444444;0,444444444444444;0,6;-0,155555555555556;9;5;4;3;5;2;2;5;-3;0;1;0
"822315";"2020-M009";"Rome Masters";"Clay";"64";"Masters";105;28;"Novak Djokovic";"R";188;"SRB";33,3;88;"Casper Ruud";"R";183;"NOR";21,7;"7-5 6-3";3;"SF";131;12;1;79;53;37;16;11;7;8;2;1;84;59;36;12;10;6;9;1;10860;34;1359;7;6;NA;NA;NA;5;3;NA;NA;NA;2020-09-14;2020;"2020-M009:105";950;1;6;0,912537158749661;28;"Novak Djokovic";88;"Casper Ruud";6;0,912537158749661;5,08746284125034;33,3;21,7;11,6;188;183;5;0,875;0,666666666666667;0,875;0,666666666666667;0,208333333333333;9;8;6;7;3;1;3;1;2;0;1;0
"822316";"2020-M009";"Rome Masters";"Clay";"64";"Masters";106;89;"Diego Schwartzman";"R";170;"ARG";28;91;"Denis Shapovalov";"L";185;"CAN";21,4;"6-4 5-7 7-6(4)";3;"SF";195;0;2;113;78;44;19;17;9;15;10;8;112;61;40;22;17;8;14;15;2265;14;2345;6;5;7;NA;NA;4;7;6;NA;NA;2020-09-14;2020;"2020-M009:106";951;1;2,09310940439148;2,1926450779424;89;"Diego Schwartzman";91;"Denis Shapovalov";2,09310940439148;2,1926450779424;-0,0995356735509145;28;21,4;6,6;170;185;-15;0,6;0,571428571428571;0,6;0,571428571428571;0,0285714285714286;14;15;8;9;6;6;6;6;0;0;1;0
"822317";"2020-M009";"Rome Masters";"Clay";"64";"Masters";107;28;"Novak Djokovic";"R";188;"SRB";33,3;89;"Diego Schwartzman";"R";170;"ARG";28;"7-5 6-3";3;"F";113;2;1;70;48;33;9;11;3;6;1;3;66;43;25;8;10;4;9;1;10860;15;2265;7;6;NA;NA;NA;5;3;NA;NA;NA;2020-09-14;2020;"2020-M009:107";952;1;6;2,09310940439148;28;"Novak Djokovic";89;"Diego Schwartzman";6;2,09310940439148;3,90689059560852;33,3;28;5,3;188;170;18;0,5;0,444444444444444;0,5;0,444444444444444;0,0555555555555556;9;6;4;3;5;3;5;3;2;0;1;0
"830431";"2021-0410";"Monte Carlo Masters";"Clay";"64";"Masters";7;100;"Bernard Tomic";"R";193;"AUS";28,4;47;"Pierre Hugues Herbert";"R";188;"FRA";30;"6-3 7-5";3;"Q1";72;3;1;59;37;31;15;11;1;1;4;4;64;30;21;19;10;6;8;216;315;70;987;6;7;NA;NA;NA;3;5;NA;NA;NA;2021-04-12;2021;"2021-0410:7";953;0;-1,75488750216347;-0,129283016944966;47;"Pierre Hugues Herbert";100;"Bernard Tomic";-0,129283016944966;-1,75488750216347;1,6256044852185;30;28,4;1,6;188;193;-5;1;0,75;0,75;1;-0,25;8;1;6;1;2;0;0;2;-2;0;1;0
"830436";"2021-0410";"Monte Carlo Masters";"Clay";"64";"Masters";12;32;"Thomas Fabbiano";"R";173;"ITA";31,8;17;"Federico Coria";"R";180;"ARG";29;"7-6(3) 5-7 7-6(3)";3;"Q1";203;0;7;144;86;50;26;18;9;17;3;6;130;78;45;25;18;12;19;171;416;90;875;7;5;7;NA;NA;6;7;6;NA;NA;2021-04-12;2021;"2021-0410:12";954;0;-1,4178525148859;-0,491853096329675;17;"Federico Coria";32;"Thomas Fabbiano";-0,491853096329675;-1,4178525148859;0,925999418556223;29;31,8;-2,8;180;173;7;0,529411764705882;0,631578947368421;0,631578947368421;0,529411764705882;0,102167182662539;19;17;12;9;7;8;8;7;1;0;1;0
"830439";"2021-0410";"Monte Carlo Masters";"Clay";"64";"Masters";15;54;"Dominik Koepfer";"L";180;"GER";26,9;59;"Juan Ignacio Londero";"R";180;"ARG";27,6;"6-1 6-3";3;"Q2";76;5;3;51;29;22;12;8;3;4;0;3;62;37;17;13;8;8;13;56;1146;94;822;6;6;NA;NA;NA;1;3;NA;NA;NA;2021-04-12;2021;"2021-0410:15";955;1;0,192645077942396;-0,554588851677638;54;"Dominik Koepfer";59;"Juan Ignacio Londero";0,192645077942396;-0,554588851677638;0,747233929620034;26,9;27,6;-0,700000000000003;180;180;0;0,75;0,615384615384615;0,75;0,615384615384615;0,134615384615385;13;4;8;3;5;1;5;1;4;0;1;0
"830442";"2021-0410";"Monte Carlo Masters";"Clay";"64";"Masters";18;13;"Salvatore Caruso";"R";185;"ITA";28,3;100;"Bernard Tomic";"R";193;"AUS";28,4;"7-6(2) 6-0";3;"Q2";74;0;0;52;27;19;17;9;1;3;1;5;71;31;18;15;9;4;9;89;876;216;315;7;6;NA;NA;NA;6;0;NA;NA;NA;2021-04-12;2021;"2021-0410:18";956;1;-0,475733430966398;-1,75488750216347;13;"Salvatore Caruso";100;"Bernard Tomic";-0,475733430966398;-1,75488750216347;1,27915407119707;28,3;28,4;-0,0999999999999979;185;193;-8;0,333333333333333;0,444444444444444;0,333333333333333;0,444444444444444;-0,111111111111111;9;3;4;1;5;2;5;2;3;0;1;0
"830443";"2021-0410";"Monte Carlo Masters";"Clay";"64";"Masters";19;24;"Federico Delbonis";"L";190;"ARG";30,5;63;"Pedro Martinez";"R";185;"ESP";23,9;"3-6 6-3 6-4";3;"Q2";160;3;5;117;82;52;17;14;9;12;1;6;93;64;37;17;14;3;7;87;884;100;787;3;6;6;NA;NA;6;3;4;NA;NA;2021-04-12;2021;"2021-0410:19";957;1;-0,442943495848728;-0,643856189774724;24;"Federico Delbonis";63;"Pedro Martinez";-0,442943495848728;-0,643856189774724;0,200912693925996;30,5;23,9;6,6;190;185;5;0,75;0,428571428571429;0,75;0,428571428571429;0,321428571428571;7;12;3;9;4;3;4;3;1;0;1;0
"830444";"2021-0410";"Monte Carlo Masters";"Clay";"64";"Masters";20;32;"Thomas Fabbiano";"R";173;"ITA";31,8;95;"Joao Sousa";"R";185;"POR";32;"7-5 6-4";3;"Q2";91;0;3;58;30;22;19;11;2;4;5;1;64;40;23;12;11;4;8;171;416;106;757;7;6;NA;NA;NA;5;4;NA;NA;NA;2021-04-12;2021;"2021-0410:20";958;1;-1,4178525148859;-0,727920454563199;32;"Thomas Fabbiano";95;"Joao Sousa";-1,4178525148859;-0,727920454563199;-0,6899320603227;31,8;32;-0,199999999999999;173;185;-12;0,5;0,5;0,5;0,5;0;8;4;4;2;4;2;4;2;2;0;1;0
"830448";"2021-0410";"Monte Carlo Masters";"Clay";"64";"Masters";24;35;"Fabio Fognini";"R";178;"ITA";33,8;52;"Miomir Kecmanovic";"R";183;"SRB";21,6;"6-2 7-5";3;"R64";85;1;5;56;37;22;9;10;2;6;1;2;64;35;19;10;10;6;13;18;2548;47;1364;6;7;NA;NA;NA;2;5;NA;NA;NA;2021-04-12;2021;"2021-0410:24";959;1;1,83007499855769;0,445411148322362;35;"Fabio Fognini";52;"Miomir Kecmanovic";1,83007499855769;0,445411148322362;1,38466385023533;33,8;21,6;12,2;178;183;-5;0,333333333333333;0,461538461538462;0,333333333333333;0,461538461538462;-0,128205128205128;13;6;6;2;7;4;7;4;3;0;1;0
"830449";"2021-0410";"Monte Carlo Masters";"Clay";"64";"Masters";25;12;"Pablo Carreno Busta";"R";188;"ESP";29,7;101;"Stefano Travaglia";"R";185;"ITA";29,2;"7-5 7-6(4)";3;"R64";123;3;0;82;57;39;18;12;7;8;8;1;96;54;39;20;12;7;9;12;2835;67;1024;7;7;NA;NA;NA;5;6;NA;NA;NA;2021-04-12;2021;"2021-0410:25";960;1;2,41503749927884;-0,0660891904577721;12;"Pablo Carreno Busta";101;"Stefano Travaglia";2,41503749927884;-0,0660891904577721;2,48112668973662;29,7;29,2;0,5;188;185;3;0,875;0,777777777777778;0,875;0,777777777777778;0,0972222222222222;9;8;7;7;2;1;2;1;1;0;1;0
"830450";"2021-0410";"Monte Carlo Masters";"Clay";"64";"Masters";26;53;"Karen Khachanov";"R";198;"RUS";24,8;27;"Laslo Djere";"R";188;"SRB";25,8;"6-4 6-1";3;"R64";77;2;1;54;37;27;9;9;1;2;1;2;60;34;18;11;8;5;9;23;2280;49;1258;6;6;NA;NA;NA;4;1;NA;NA;NA;2021-04-12;2021;"2021-0410:26";961;0;1,47643804394299;0,385290155884792;27;"Laslo Djere";53;"Karen Khachanov";0,385290155884792;1,47643804394299;-1,0911478880582;25,8;24,8;1;188;198;-10;0,5;0,555555555555556;0,555555555555556;0,5;0,0555555555555556;9;2;5;1;4;1;1;4;-3;0;1;0
"830452";"2021-0410";"Monte Carlo Masters";"Clay";"64";"Masters";28;24;"Federico Delbonis";"L";190;"ARG";30,5;62;"Adrian Mannarino";"L";183;"FRA";32,7;"7-5 6-1";3;"R64";87;5;1;56;28;21;22;10;6;6;3;4;67;34;21;16;9;9;12;87;884;34;1681;7;6;NA;NA;NA;5;1;NA;NA;NA;2021-04-12;2021;"2021-0410:28";962;1;-0,442943495848728;0,912537158749661;24;"Federico Delbonis";62;"Adrian Mannarino";-0,442943495848728;0,912537158749661;-1,35548065459839;30,5;32,7;-2,2;190;183;7;1;0,75;1;0,75;0,25;12;6;9;6;3;0;3;0;3;0;1;0
"830453";"2021-0410";"Monte Carlo Masters";"Clay";"64";"Masters";29;15;"Jeremy Chardy";"R";188;"FRA";34,1;10;"Alexander Bublik";"R";196;"KAZ";23,8;"6-4 0-6 7-5";3;"R64";101;2;4;83;52;35;13;14;5;10;6;7;74;32;24;21;14;1;5;53;1168;42;1462;6;0;7;NA;NA;4;6;5;NA;NA;2021-04-12;2021;"2021-0410:29";963;0;0,272079545436801;0,607682577221239;10;"Alexander Bublik";15;"Jeremy Chardy";0,607682577221239;0,272079545436801;0,335603031784438;23,8;34,1;-10,3;196;188;8;0,5;0,2;0,2;0,5;-0,3;5;10;1;5;4;5;5;4;1;0;1;0
"830454";"2021-0410";"Monte Carlo Masters";"Clay";"64";"Masters";30;26;"Grigor Dimitrov";"R";188;"BUL";29,9;97;"Jan Lennard Struff";"R";193;"GER";30,9;"6-3 6-4";3;"R64";77;3;3;70;47;35;10;10;5;6;2;1;48;23;13;13;9;0;3;17;2598;41;1485;6;6;NA;NA;NA;3;4;NA;NA;NA;2021-04-12;2021;"2021-0410:30";964;1;1,91253715874966;0,642447995381916;26;"Grigor Dimitrov";97;"Jan Lennard Struff";1,91253715874966;0,642447995381916;1,27008916336774;29,9;30,9;-1;188;193;-5;0,833333333333333;0;0,833333333333333;0;0,833333333333333;3;6;0;5;3;1;3;1;2;0;1;0
"830455";"2021-0410";"Monte Carlo Masters";"Clay";"64";"Masters";31;5;"Roberto Bautista Agut";"R";183;"ESP";32,9;36;"Taylor Fritz";"R";193;"USA";23,4;"6-2 7-5";3;"R64";75;3;1;51;29;25;16;10;2;2;6;1;59;33;22;15;10;3;6;11;3090;30;1900;6;7;NA;NA;NA;2;5;NA;NA;NA;2021-04-12;2021;"2021-0410:31";965;1;2,5405683813627;1,09310940439148;5;"Roberto Bautista Agut";36;"Taylor Fritz";2,5405683813627;1,09310940439148;1,44745897697122;32,9;23,4;9,5;183;193;-10;1;0,5;1;0,5;0,5;6;2;3;2;3;0;3;0;3;0;1;0
"830458";"2021-0410";"Monte Carlo Masters";"Clay";"64";"Masters";34;21;"Alejandro Davidovich Fokina";"R";183;"ESP";21,8;22;"Alex De Minaur";"R";183;"AUS";22,1;"6-4 7-6(3)";3;"R64";127;0;3;80;45;31;19;11;6;8;0;1;67;36;22;15;11;3;6;58;1135;25;2235;6;7;NA;NA;NA;4;6;NA;NA;NA;2021-04-12;2021;"2021-0410:34";966;1;0,142019004872428;1,35614381022528;21;"Alejandro Davidovich Fokina";22;"Alex De Minaur";0,142019004872428;1,35614381022528;-1,21412480535285;21,8;22,1;-0,300000000000001;183;183;0;0,75;0,5;0,75;0,5;0,25;6;8;3;6;3;2;3;2;1;0;1;0
"830459";"2021-0410";"Monte Carlo Masters";"Clay";"64";"Masters";35;83;"Lucas Pouille";"R";185;"FRA";27,1;81;"Guido Pella";"L";185;"ARG";30,9;"6-3 6-4";3;"R64";84;6;6;74;40;32;10;10;5;8;2;1;59;40;21;7;9;7;12;86;894;48;1298;6;6;NA;NA;NA;3;4;NA;NA;NA;2021-04-12;2021;"2021-0410:35";967;0;-0,426264754702098;0,415037499278844;81;"Guido Pella";83;"Lucas Pouille";0,415037499278844;-0,426264754702098;0,841302253980942;30,9;27,1;3,8;185;185;0;0,625;0,583333333333333;0,583333333333333;0,625;-0,0416666666666666;12;8;7;5;5;3;3;5;-2;0;1;0
"830460";"2021-0410";"Monte Carlo Masters";"Clay";"64";"Masters";36;82;"Alexei Popyrin";"R";196;"AUS";21,6;2;"Pablo Andujar";"R";180;"ESP";35,2;"0-6 6-2 7-6(3)";3;"R64";117;7;5;87;41;29;24;13;7;11;0;9;91;59;39;14;13;5;8;83;906;80;935;0;6;7;NA;NA;6;2;6;NA;NA;2021-04-12;2021;"2021-0410:36";968;0;-0,375039431346925;-0,321928094887363;2;"Pablo Andujar";82;"Alexei Popyrin";-0,321928094887363;-0,375039431346925;0,0531113364595619;35,2;21,6;13,6;180;196;-16;0,636363636363636;0,625;0,625;0,636363636363636;-0,0113636363636364;8;11;5;7;3;4;4;3;1;0;1;0
"830461";"2021-0410";"Monte Carlo Masters";"Clay";"64";"Masters";37;39;"Cristian Garin";"R";185;"CHI";24,8;3;"Felix Auger Aliassime";"R";193;"CAN";20,6;"7-6(3) 6-1";3;"R64";126;2;5;70;42;32;17;10;5;6;1;5;73;44;28;13;9;5;8;24;2260;21;2373;7;6;NA;NA;NA;6;1;NA;NA;NA;2021-04-12;2021;"2021-0410:37";969;0;1,41503749927884;1,60768257722124;3;"Felix Auger Aliassime";39;"Cristian Garin";1,60768257722124;1,41503749927884;0,192645077942395;20,6;24,8;-4,2;193;185;8;0,833333333333333;0,625;0,625;0,833333333333333;-0,208333333333333;8;6;5;5;3;1;1;3;-2;0;1;0
"830462";"2021-0410";"Monte Carlo Masters";"Clay";"64";"Masters";38;67;"John Millman";"R";183;"AUS";31,8;48;"Ugo Humbert";"L";188;"FRA";22,7;"6-3 6-3";3;"R64";88;1;1;52;33;25;12;9;2;3;0;1;51;26;17;11;9;3;7;44;1436;32;1825;6;6;NA;NA;NA;3;3;NA;NA;NA;2021-04-12;2021;"2021-0410:38";970;0;0,540568381362703;1;48;"Ugo Humbert";67;"John Millman";1;0,540568381362703;0,459431618637297;22,7;31,8;-9,1;188;183;5;0,666666666666667;0,428571428571429;0,428571428571429;0,666666666666667;-0,238095238095238;7;3;3;2;4;1;1;4;-3;0;1;0
"830463";"2021-0410";"Monte Carlo Masters";"Clay";"64";"Masters";39;51;"Aslan Karatsev";"R";185;"RUS";27,6;73;"Lorenzo Musetti";"R";185;"ITA";19,1;"6-3 6-4";3;"R64";88;2;5;63;40;31;12;9;4;4;2;5;69;35;22;16;10;9;12;29;1918;84;899;6;6;NA;NA;NA;3;4;NA;NA;NA;2021-04-12;2021;"2021-0410:39";971;1;1,14201900487243;-0,392317422778761;51;"Aslan Karatsev";73;"Lorenzo Musetti";1,14201900487243;-0,392317422778761;1,53433642765119;27,6;19,1;8,5;185;185;0;1;0,75;1;0,75;0,25;12;4;9;4;3;0;3;0;3;0;1;0
"830464";"2021-0410";"Monte Carlo Masters";"Clay";"64";"Masters";40;94;"Lorenzo Sonego";"R";191;"ITA";25,9;37;"Marton Fucsovics";"R";188;"HUN";29,1;"6-3 6-4";3;"R64";102;1;0;58;35;27;14;10;3;4;0;3;76;48;29;13;9;10;13;28;1919;40;1497;6;6;NA;NA;NA;3;4;NA;NA;NA;2021-04-12;2021;"2021-0410:40";972;0;1,1926450779424;0,678071905112637;37;"Marton Fucsovics";94;"Lorenzo Sonego";0,678071905112637;1,1926450779424;-0,514573172829759;29,1;25,9;3,2;188;191;-3;0,75;0,769230769230769;0,769230769230769;0,75;0,0192307692307693;13;4;10;3;3;1;1;3;-2;0;1;0
"830465";"2021-0410";"Monte Carlo Masters";"Clay";"64";"Masters";41;14;"Marco Cecchinato";"R";185;"ITA";28,5;54;"Dominik Koepfer";"L";180;"GER";26,9;"6-4 6-3";3;"R64";88;2;1;67;46;29;10;10;4;7;3;2;56;35;19;10;9;4;9;92;836;56;1146;6;6;NA;NA;NA;4;3;NA;NA;NA;2021-04-12;2021;"2021-0410:41";973;1;-0,523561956057013;0,192645077942396;14;"Marco Cecchinato";54;"Dominik Koepfer";-0,523561956057013;0,192645077942396;-0,716207033999409;28,5;26,9;1,6;185;180;5;0,571428571428571;0,444444444444444;0,571428571428571;0,444444444444444;0,126984126984127;9;7;4;4;5;3;5;3;2;0;1;0
"830466";"2021-0410";"Monte Carlo Masters";"Clay";"64";"Masters";42;43;"David Goffin";"R";180;"BEL";30,3;16;"Marin Cilic";"R";198;"CRO";32,5;"6-4 3-6 6-0";3;"R64";131;6;3;73;34;22;22;12;3;6;10;10;108;55;38;18;13;12;18;15;2750;43;1453;6;3;6;NA;NA;4;6;0;NA;NA;2021-04-12;2021;"2021-0410:42";974;0;2,09310940439148;0,573735245297902;16;"Marin Cilic";43;"David Goffin";0,573735245297902;2,09310940439148;-1,51937415909358;32,5;30,3;2,2;198;180;18;0,5;0,666666666666667;0,666666666666667;0,5;0,166666666666667;18;6;12;3;6;3;3;6;-3;0;1;0
"830467";"2021-0410";"Monte Carlo Masters";"Clay";"64";"Masters";43;49;"Hubert Hurkacz";"R";196;"POL";24,1;32;"Thomas Fabbiano";"R";173;"ITA";31,8;"6-3 3-6 6-3";3;"R64";115;5;4;82;46;36;19;14;7;9;1;1;81;53;32;17;13;7;10;16;2600;171;416;6;3;6;NA;NA;3;6;3;NA;NA;2021-04-12;2021;"2021-0410:43";975;0;2;-1,4178525148859;32;"Thomas Fabbiano";49;"Hubert Hurkacz";-1,4178525148859;2;-3,4178525148859;31,8;24,1;7,7;173;196;-23;0,777777777777778;0,7;0,7;0,777777777777778;-0,0777777777777778;10;9;7;7;3;2;2;3;-1;0;1;0
"830468";"2021-0410";"Monte Carlo Masters";"Clay";"64";"Masters";44;31;"Daniel Evans";"R";175;"GBR";30,8;58;"Dusan Lajovic";"R";180;"SRB";30,7;"6-3 6-7(11) 6-2";3;"R64";173;3;3;126;72;47;30;14;9;10;1;2;108;82;51;13;15;2;7;33;1825;31;1895;6;6;6;NA;NA;3;7;2;NA;NA;2021-04-12;2021;"2021-0410:44";976;1;0,955605880641547;1,04580368961313;31;"Daniel Evans";58;"Dusan Lajovic";0,955605880641547;1,04580368961313;-0,0901978089715785;30,8;30,7;0,100000000000001;175;180;-5;0,9;0,285714285714286;0,9;0,285714285714286;0,614285714285714;7;10;2;9;5;1;5;1;4;0;1;0
"830469";"2021-0410";"Monte Carlo Masters";"Clay";"64";"Masters";45;93;"Jannik Sinner";"R";188;"ITA";19,6;85;"Albert Ramos";"L";188;"ESP";33,2;"6-3 6-4";3;"R64";83;4;1;56;33;26;12;10;2;3;0;1;57;35;20;12;9;3;6;22;2369;46;1405;6;6;NA;NA;NA;3;4;NA;NA;NA;2021-04-12;2021;"2021-0410:45";977;0;1,5405683813627;0,476438043942987;85;"Albert Ramos";93;"Jannik Sinner";0,476438043942987;1,5405683813627;-1,06413033741972;33,2;19,6;13,6;188;188;0;0,666666666666667;0,5;0,5;0,666666666666667;-0,166666666666667;6;3;3;2;3;1;1;3;-2;0;1;0
"830470";"2021-0410";"Monte Carlo Masters";"Clay";"64";"Masters";46;56;"Filip Krajinovic";"R";185;"SRB";29,1;59;"Juan Ignacio Londero";"R";180;"ARG";27,6;"6-0 6-3";3;"R32";53;2;0;46;27;20;11;8;1;2;0;1;34;28;11;2;7;1;6;37;1616;94;822;6;6;NA;NA;NA;0;3;NA;NA;NA;2021-04-12;2021;"2021-0410:46";978;1;0,79054663437105;-0,554588851677638;56;"Filip Krajinovic";59;"Juan Ignacio Londero";0,79054663437105;-0,554588851677638;1,34513548604869;29,1;27,6;1,5;185;180;5;0,5;0,166666666666667;0,5;0,166666666666667;0,333333333333333;6;2;1;1;5;1;5;1;4;0;1;0
"830472";"2021-0410";"Monte Carlo Masters";"Clay";"64";"Masters";48;12;"Pablo Carreno Busta";"R";188;"ESP";29,7;53;"Karen Khachanov";"R";198;"RUS";24,8;"6-2 6-3";3;"R32";71;2;0;45;28;23;11;8;2;2;3;0;58;39;25;6;9;5;9;12;2835;23;2280;6;6;NA;NA;NA;2;3;NA;NA;NA;2021-04-12;2021;"2021-0410:48";979;1;2,41503749927884;1,47643804394299;12;"Pablo Carreno Busta";53;"Karen Khachanov";2,41503749927884;1,47643804394299;0,938599455335857;29,7;24,8;4,9;188;198;-10;1;0,555555555555556;1;0,555555555555556;0,444444444444444;9;2;5;2;4;0;4;0;4;0;1;0
"830473";"2021-0410";"Monte Carlo Masters";"Clay";"64";"Masters";49;88;"Casper Ruud";"R";183;"NOR";22,3;89;"Diego Schwartzman";"R";170;"ARG";28,6;"6-3 6-3";3;"R32";65;3;3;48;29;24;13;9;1;1;2;3;42;29;21;5;9;1;4;27;1927;9;3720;6;6;NA;NA;NA;3;3;NA;NA;NA;2021-04-12;2021;"2021-0410:49";980;1;1,24511249783653;2,83007499855769;88;"Casper Ruud";89;"Diego Schwartzman";1,24511249783653;2,83007499855769;-1,58496250072116;22,3;28,6;-6,3;183;170;13;1;0,25;1;0,25;0,75;4;1;1;1;3;0;3;0;3;0;1;0
"830474";"2021-0410";"Monte Carlo Masters";"Clay";"64";"Masters";50;74;"Rafael Nadal";"L";185;"ESP";34,8;24;"Federico Delbonis";"L";190;"ARG";30,5;"6-1 6-2";3;"R32";80;2;2;52;33;24;11;8;4;5;0;4;49;31;17;4;7;6;11;3;9670;87;884;6;6;NA;NA;NA;1;2;NA;NA;NA;2021-04-12;2021;"2021-0410:50";981;0;4,41503749927884;-0,442943495848728;24;"Federico Delbonis";74;"Rafael Nadal";-0,442943495848728;4,41503749927884;-4,85798099512757;30,5;34,8;-4,3;190;185;5;0,8;0,545454545454545;0,545454545454545;0,8;-0,254545454545455;11;5;6;4;5;1;1;5;-4;0;1;0
"830475";"2021-0410";"Monte Carlo Masters";"Clay";"64";"Masters";51;26;"Grigor Dimitrov";"R";188;"BUL";29,9;15;"Jeremy Chardy";"R";188;"FRA";34,1;"7-6(3) 6-4";3;"R32";102;3;0;74;49;36;15;11;6;7;1;3;75;41;31;16;11;4;6;17;2598;53;1168;7;6;NA;NA;NA;6;4;NA;NA;NA;2021-04-12;2021;"2021-0410:51";982;0;1,91253715874966;0,272079545436801;15;"Jeremy Chardy";26;"Grigor Dimitrov";0,272079545436801;1,91253715874966;-1,64045761331286;34,1;29,9;4,2;188;188;0;0,857142857142857;0,666666666666667;0,666666666666667;0,857142857142857;-0,19047619047619;6;7;4;6;2;1;1;2;-1;0;1;0
"830476";"2021-0410";"Monte Carlo Masters";"Clay";"64";"Masters";52;5;"Roberto Bautista Agut";"R";183;"ESP";32,9;80;"Tommy Paul";"R";185;"USA";23,9;"6-3 6-4";3;"R32";90;0;2;64;40;25;15;10;3;5;2;4;54;28;14;15;9;2;6;11;3090;54;1155;6;6;NA;NA;NA;3;4;NA;NA;NA;2021-04-12;2021;"2021-0410:52";983;1;2,5405683813627;0,245112497836532;5;"Roberto Bautista Agut";80;"Tommy Paul";2,5405683813627;0,245112497836532;2,29545588352617;32,9;23,9;9;183;185;-2;0,6;0,333333333333333;0,6;0,333333333333333;0,266666666666667;6;5;2;3;4;2;4;2;2;0;1;0
"830477";"2021-0410";"Monte Carlo Masters";"Clay";"64";"Masters";53;87;"Andrey Rublev";"R";188;"RUS";23,4;13;"Salvatore Caruso";"R";185;"ITA";28,3;"6-3 6-2";3;"R32";68;4;1;57;36;27;13;9;4;4;3;4;50;33;20;7;8;2;5;8;5400;89;876;6;6;NA;NA;NA;3;2;NA;NA;NA;2021-04-12;2021;"2021-0410:53";984;0;3;-0,475733430966398;13;"Salvatore Caruso";87;"Andrey Rublev";-0,475733430966398;3;-3,4757334309664;28,3;23,4;4,9;185;188;-3;1;0,4;0,4;1;-0,6;5;4;2;4;3;0;0;3;-3;0;1;0
"830478";"2021-0410";"Monte Carlo Masters";"Clay";"64";"Masters";54;21;"Alejandro Davidovich Fokina";"R";183;"ESP";21,8;9;"Matteo Berrettini";"R";196;"ITA";24,9;"7-5 6-3";3;"R32";90;1;1;59;46;36;7;11;2;3;3;3;72;39;22;18;10;3;6;58;1135;10;3453;7;6;NA;NA;NA;5;3;NA;NA;NA;2021-04-12;2021;"2021-0410:54";985;0;0,142019004872428;2,67807190511264;9;"Matteo Berrettini";21;"Alejandro Davidovich Fokina";2,67807190511264;0,142019004872428;2,53605290024021;24,9;21,8;3,1;196;183;13;0,666666666666667;0,5;0,5;0,666666666666667;-0,166666666666667;6;3;3;2;3;1;1;3;-2;0;1;0
"830479";"2021-0410";"Monte Carlo Masters";"Clay";"64";"Masters";55;83;"Lucas Pouille";"R";185;"FRA";27,1;82;"Alexei Popyrin";"R";196;"AUS";21,6;"7-5 2-6 6-3";3;"R32";121;7;6;109;55;41;23;15;8;12;5;5;83;43;30;19;14;2;6;86;894;83;906;7;2;6;NA;NA;5;6;3;NA;NA;2021-04-12;2021;"2021-0410:55";986;0;-0,426264754702098;-0,375039431346925;82;"Alexei Popyrin";83;"Lucas Pouille";-0,375039431346925;-0,426264754702098;0,0512253233551734;21,6;27,1;-5,5;196;185;11;0,666666666666667;0,333333333333333;0,333333333333333;0,666666666666667;-0,333333333333333;6;12;2;8;4;4;4;4;0;0;1;0
"830480";"2021-0410";"Monte Carlo Masters";"Clay";"64";"Masters";56;39;"Cristian Garin";"R";185;"CHI";24,8;67;"John Millman";"R";183;"AUS";31,8;"6-1 6-4";3;"R32";99;0;0;53;28;18;17;9;3;4;0;2;68;41;25;9;8;12;16;24;2260;44;1436;6;6;NA;NA;NA;1;4;NA;NA;NA;2021-04-12;2021;"2021-0410:56";987;1;1,41503749927884;0,540568381362703;39;"Cristian Garin";67;"John Millman";1,41503749927884;0,540568381362703;0,874469117916141;24,8;31,8;-7;185;183;2;0,75;0,75;0,75;0,75;0;16;4;12;3;4;1;4;1;3;0;1;0
"830481";"2021-0410";"Monte Carlo Masters";"Clay";"64";"Masters";57;103;"Stefanos Tsitsipas";"R";193;"GRE";22,6;51;"Aslan Karatsev";"R";185;"RUS";27,6;"6-3 6-4";3;"R32";84;4;2;62;35;26;17;10;4;4;2;2;52;25;19;13;9;3;5;5;7040;29;1918;6;6;NA;NA;NA;3;4;NA;NA;NA;2021-04-12;2021;"2021-0410:57";988;0;3,67807190511264;1,14201900487243;51;"Aslan Karatsev";103;"Stefanos Tsitsipas";1,14201900487243;3,67807190511264;-2,53605290024021;27,6;22,6;5;185;193;-8;1;0,6;0,6;1;-0,4;5;4;3;4;2;0;0;2;-2;0;1;0
"830482";"2021-0410";"Monte Carlo Masters";"Clay";"64";"Masters";58;109;"Alexander Zverev";"R";198;"GER";23,9;94;"Lorenzo Sonego";"R";191;"ITA";25,9;"6-3 6-3";3;"R32";98;6;2;75;49;33;11;9;7;9;0;1;56;32;17;10;9;1;6;6;6125;28;1919;6;6;NA;NA;NA;3;3;NA;NA;NA;2021-04-12;2021;"2021-0410:58";989;0;3,41503749927884;1,1926450779424;94;"Lorenzo Sonego";109;"Alexander Zverev";1,1926450779424;3,41503749927884;-2,22239242133645;25,9;23,9;2;191;198;-7;0,777777777777778;0,166666666666667;0,166666666666667;0,777777777777778;-0,611111111111111;6;9;1;7;5;2;2;5;-3;0;1;0
"830483";"2021-0410";"Monte Carlo Masters";"Clay";"64";"Masters";59;43;"David Goffin";"R";180;"BEL";30,3;14;"Marco Cecchinato";"R";185;"ITA";28,5;"6-4 6-0";3;"R32";63;5;0;44;21;20;15;8;2;2;2;2;54;37;22;7;8;5;9;15;2750;92;836;6;6;NA;NA;NA;4;0;NA;NA;NA;2021-04-12;2021;"2021-0410:59";990;0;2,09310940439148;-0,523561956057013;14;"Marco Cecchinato";43;"David Goffin";-0,523561956057013;2,09310940439148;-2,61667136044849;28,5;30,3;-1,8;185;180;5;1;0,555555555555556;0,555555555555556;1;-0,444444444444444;9;2;5;2;4;0;0;4;-4;0;1;0
"830484";"2021-0410";"Monte Carlo Masters";"Clay";"64";"Masters";60;31;"Daniel Evans";"R";175;"GBR";30,8;49;"Hubert Hurkacz";"R";196;"POL";24,1;"6-4 6-1";3;"R32";64;2;1;39;31;28;4;8;0;0;4;3;62;38;21;11;9;6;10;33;1825;16;2600;6;6;NA;NA;NA;4;1;NA;NA;NA;2021-04-12;2021;"2021-0410:60";991;1;0,955605880641547;2;31;"Daniel Evans";49;"Hubert Hurkacz";0,955605880641547;2;-1,04439411935845;30,8;24,1;6,7;175;196;-21;1,5;0,6;1,5;0,6;0,9;10;0;6;0;4;0;4;0;4;0;1;0
"830485";"2021-0410";"Monte Carlo Masters";"Clay";"64";"Masters";61;28;"Novak Djokovic";"R";188;"SRB";33,8;93;"Jannik Sinner";"R";188;"ITA";19,6;"6-4 6-2";3;"R32";94;0;2;57;37;22;13;9;2;4;1;3;73;46;22;14;9;5;10;1;11963;22;2369;6;6;NA;NA;NA;4;2;NA;NA;NA;2021-04-12;2021;"2021-0410:61";992;1;6;1,5405683813627;28;"Novak Djokovic";93;"Jannik Sinner";6;1,5405683813627;4,4594316186373;33,8;19,6;14,2;188;188;0;0,5;0,5;0,5;0,5;0;10;4;5;2;5;2;5;2;3;0;1;0
"830486";"2021-0410";"Monte Carlo Masters";"Clay";"64";"Masters";62;35;"Fabio Fognini";"R";178;"ITA";33,8;56;"Filip Krajinovic";"R";185;"SRB";29,1;"6-2 7-6(1)";3;"R16";87;1;1;58;31;25;17;10;0;1;1;0;67;42;23;15;10;5;8;18;2548;37;1616;6;7;NA;NA;NA;2;6;NA;NA;NA;2021-04-12;2021;"2021-0410:62";993;1;1,83007499855769;0,79054663437105;35;"Fabio Fognini";56;"Filip Krajinovic";1,83007499855769;0,79054663437105;1,03952836418664;33,8;29,1;4,7;178;185;-7;0;0,625;0;0,625;-0,625;8;1;5;0;3;1;3;1;2;0;1;0
"830487";"2021-0410";"Monte Carlo Masters";"Clay";"64";"Masters";63;88;"Casper Ruud";"R";183;"NOR";22,3;12;"Pablo Carreno Busta";"R";188;"ESP";29,7;"7-6(4) 5-7 7-5";3;"R16";172;8;2;106;70;54;18;18;2;5;2;4;122;83;58;19;18;8;11;27;1927;12;2835;7;5;7;NA;NA;6;7;5;NA;NA;2021-04-12;2021;"2021-0410:63";994;0;1,24511249783653;2,41503749927884;12;"Pablo Carreno Busta";88;"Casper Ruud";2,41503749927884;1,24511249783653;1,16992500144231;29,7;22,3;7,4;188;183;5;0,4;0,727272727272727;0,727272727272727;0,4;0,327272727272727;11;5;8;2;3;3;3;3;0;0;1;0
"830488";"2021-0410";"Monte Carlo Masters";"Clay";"64";"Masters";64;74;"Rafael Nadal";"L";185;"ESP";34,8;26;"Grigor Dimitrov";"R";188;"BUL";29,9;"6-1 6-1";3;"R16";55;3;1;37;24;19;10;7;0;0;3;5;44;25;12;6;7;4;9;3;9670;17;2598;6;6;NA;NA;NA;1;1;NA;NA;NA;2021-04-12;2021;"2021-0410:64";995;0;4,41503749927884;1,91253715874966;26;"Grigor Dimitrov";74;"Rafael Nadal";1,91253715874966;4,41503749927884;-2,50250034052918;29,9;34,8;-4,9;188;185;3;1,5;0,444444444444444;0,444444444444444;1,5;-1,05555555555556;9;0;4;0;5;0;0;5;-5;0;1;0
"830489";"2021-0410";"Monte Carlo Masters";"Clay";"64";"Masters";65;87;"Andrey Rublev";"R";188;"RUS";23,4;5;"Roberto Bautista Agut";"R";183;"ESP";32,9;"7-6(2) 5-7 6-3";3;"R16";164;7;0;107;59;40;21;17;3;9;3;4;109;70;44;17;16;6;12;8;5400;11;3090;7;5;6;NA;NA;6;7;3;NA;NA;2021-04-12;2021;"2021-0410:65";996;0;3;2,5405683813627;5;"Roberto Bautista Agut";87;"Andrey Rublev";2,5405683813627;3;-0,459431618637297;32,9;23,4;9,5;183;188;-5;0,333333333333333;0,5;0,5;0,333333333333333;0,166666666666667;12;9;6;3;6;6;6;6;0;0;1;0
"830490";"2021-0410";"Monte Carlo Masters";"Clay";"64";"Masters";66;21;"Alejandro Davidovich Fokina";"R";183;"ESP";21,8;83;"Lucas Pouille";"R";185;"FRA";27,1;"6-2 7-6(2)";3;"R16";105;0;3;79;59;42;9;10;7;8;4;4;83;51;27;16;10;8;11;58;1135;86;894;6;7;NA;NA;NA;2;6;NA;NA;NA;2021-04-12;2021;"2021-0410:66";997;1;0,142019004872428;-0,426264754702098;21;"Alejandro Davidovich Fokina";83;"Lucas Pouille";0,142019004872428;-0,426264754702098;0,568283759574526;21,8;27,1;-5,3;183;185;-2;0,875;0,727272727272727;0,875;0,727272727272727;0,147727272727273;11;8;8;7;3;1;3;1;2;0;1;0
"830491";"2021-0410";"Monte Carlo Masters";"Clay";"64";"Masters";67;103;"Stefanos Tsitsipas";"R";193;"GRE";22,6;39;"Cristian Garin";"R";185;"CHI";24,8;"6-3 6-4";3;"R16";100;4;0;52;30;22;16;10;0;1;2;0;76;47;28;13;9;2;5;5;7040;24;2260;6;6;NA;NA;NA;3;4;NA;NA;NA;2021-04-12;2021;"2021-0410:67";998;0;3,67807190511264;1,41503749927884;39;"Cristian Garin";103;"Stefanos Tsitsipas";1,41503749927884;3,67807190511264;-2,26303440583379;24,8;22,6;2,2;185;193;-8;0;0,4;0,4;0;0,4;5;1;2;0;3;1;1;3;-2;0;1;0
"830492";"2021-0410";"Monte Carlo Masters";"Clay";"64";"Masters";68;43;"David Goffin";"R";180;"BEL";30,3;109;"Alexander Zverev";"R";198;"GER";23,9;"6-4 7-6(7)";3;"R16";111;4;1;82;45;37;18;11;6;6;5;2;71;52;37;13;11;3;4;15;2750;6;6125;6;7;NA;NA;NA;4;6;NA;NA;NA;2021-04-12;2021;"2021-0410:68";999;1;2,09310940439148;3,41503749927884;43;"David Goffin";109;"Alexander Zverev";2,09310940439148;3,41503749927884;-1,32192809488736;30,3;23,9;6,4;180;198;-18;1;0,75;1;0,75;0,25;4;6;3;6;1;0;1;0;1;0;1;0
"830493";"2021-0410";"Monte Carlo Masters";"Clay";"64";"Masters";69;31;"Daniel Evans";"R";175;"GBR";30,8;28;"Novak Djokovic";"R";188;"SRB";33,8;"6-4 7-5";3;"R16";126;1;0;95;60;37;16;11;7;10;3;4;65;37;21;13;11;2;7;33;1825;1;11963;6;7;NA;NA;NA;4;5;NA;NA;NA;2021-04-12;2021;"2021-0410:69";1000;0;0,955605880641547;6;28;"Novak Djokovic";31;"Daniel Evans";6;0,955605880641547;5,04439411935845;33,8;30,8;3;188;175;13;0,7;0,285714285714286;0,285714285714286;0,7;-0,414285714285714;7;10;2;7;5;3;3;5;-2;0;1;0
"830494";"2021-0410";"Monte Carlo Masters";"Clay";"64";"Masters";70;88;"Casper Ruud";"R";183;"NOR";22,3;35;"Fabio Fognini";"R";178;"ITA";33,8;"6-4 6-3";3;"QF";96;2;1;70;45;28;16;10;6;7;2;2;63;42;24;11;9;4;7;27;1927;18;2548;6;6;NA;NA;NA;4;3;NA;NA;NA;2021-04-12;2021;"2021-0410:70";1001;0;1,24511249783653;1,83007499855769;35;"Fabio Fognini";88;"Casper Ruud";1,83007499855769;1,24511249783653;0,584962500721156;33,8;22,3;11,5;178;183;-5;0,857142857142857;0,571428571428571;0,571428571428571;0,857142857142857;-0,285714285714286;7;7;4;6;3;1;1;3;-2;0;1;0
"830495";"2021-0410";"Monte Carlo Masters";"Clay";"64";"Masters";71;87;"Andrey Rublev";"R";188;"RUS";23,4;74;"Rafael Nadal";"L";185;"ESP";34,8;"6-2 4-6 6-2";3;"QF";152;2;2;98;60;39;16;13;8;12;1;7;88;52;29;15;13;8;15;8;5400;3;9670;6;4;6;NA;NA;2;6;2;NA;NA;2021-04-12;2021;"2021-0410:71";1002;0;3;4,41503749927884;74;"Rafael Nadal";87;"Andrey Rublev";4,41503749927884;3;1,41503749927884;34,8;23,4;11,4;185;188;-3;0,666666666666667;0,533333333333333;0,533333333333333;0,666666666666667;-0,133333333333333;15;12;8;8;7;4;4;7;-3;0;1;0
"830497";"2021-0410";"Monte Carlo Masters";"Clay";"64";"Masters";73;31;"Daniel Evans";"R";175;"GBR";30,8;43;"David Goffin";"R";180;"BEL";30,3;"5-7 6-3 6-4";3;"QF";161;0;2;108;68;46;22;15;15;17;3;5;110;71;45;19;16;5;9;33;1825;15;2750;5;6;6;NA;NA;7;3;4;NA;NA;2021-04-12;2021;"2021-0410:73";1003;1;0,955605880641547;2,09310940439148;31;"Daniel Evans";43;"David Goffin";0,955605880641547;2,09310940439148;-1,13750352374993;30,8;30,3;0,5;175;180;-5;0,88235294117647;0,555555555555556;0,88235294117647;0,555555555555556;0,326797385620915;9;17;5;15;4;2;4;2;2;0;1;0
"830498";"2021-0410";"Monte Carlo Masters";"Clay";"64";"Masters";74;87;"Andrey Rublev";"R";188;"RUS";23,4;88;"Casper Ruud";"R";183;"NOR";22,3;"6-3 7-5";3;"SF";80;3;1;61;33;25;12;11;0;3;2;1;52;32;16;10;10;0;5;8;5400;27;1927;6;7;NA;NA;NA;3;5;NA;NA;NA;2021-04-12;2021;"2021-0410:74";1004;1;3;1,24511249783653;87;"Andrey Rublev";88;"Casper Ruud";3;1,24511249783653;1,75488750216347;23,4;22,3;1,1;188;183;5;0;0;0;0;0;5;3;0;0;5;3;5;3;2;0;1;0
"830499";"2021-0410";"Monte Carlo Masters";"Clay";"64";"Masters";75;103;"Stefanos Tsitsipas";"R";193;"GRE";22,6;31;"Daniel Evans";"R";175;"GBR";30,8;"6-2 6-1";3;"SF";69;1;1;41;24;19;11;8;0;1;1;2;54;30;15;8;7;6;11;5;7040;33;1825;6;6;NA;NA;NA;2;1;NA;NA;NA;2021-04-12;2021;"2021-0410:75";1005;0;3,67807190511264;0,955605880641547;31;"Daniel Evans";103;"Stefanos Tsitsipas";0,955605880641547;3,67807190511264;-2,72246602447109;30,8;22,6;8,2;175;193;-18;0;0,545454545454545;0,545454545454545;0;0,545454545454545;11;1;6;0;5;1;1;5;-4;0;1;0
"830500";"2021-0410";"Monte Carlo Masters";"Clay";"64";"Masters";76;103;"Stefanos Tsitsipas";"R";193;"GRE";22,6;87;"Andrey Rublev";"R";188;"RUS";23,4;"6-3 6-3";3;"F";71;3;1;47;28;24;13;9;0;0;1;0;54;30;24;8;9;0;3;5;7040;8;5400;6;6;NA;NA;NA;3;3;NA;NA;NA;2021-04-12;2021;"2021-0410:76";1006;0;3,67807190511264;3;87;"Andrey Rublev";103;"Stefanos Tsitsipas";3;3,67807190511264;-0,678071905112638;23,4;22,6;0,799999999999997;188;193;-5;1,5;0;0;1,5;-1,5;3;0;0;0;3;0;0;3;-3;0;1;0
"831501";"2021-1536";"Madrid Masters";"Clay";"64";"Masters";1;59;"Juan Ignacio Londero";"R";180;"ARG";27,7;27;"Laslo Djere";"R";188;"SRB";25,9;"6-3 3-6 6-2";3;"Q1";115;4;3;89;46;31;29;13;7;8;5;0;73;56;35;12;13;2;5;99;803;50;1213;6;3;6;NA;NA;3;6;2;NA;NA;2021-05-03;2021;"2021-1536:1";1007;0;-0,62935662007961;0,356143810225276;27;"Laslo Djere";59;"Juan Ignacio Londero";0,356143810225276;-0,62935662007961;0,985500430304885;25,9;27,7;-1,8;188;180;8;0,875;0,4;0,4;0,875;-0,475;5;8;2;7;3;1;1;3;-2;0;1;0
"831503";"2021-1536";"Madrid Masters";"Clay";"64";"Masters";3;76;"Yoshihito Nishioka";"L";170;"JPN";25,5;19;"Pablo Cuevas";"R";180;"URU";35,3;"6-4 6-4";3;"Q1";79;5;1;67;48;35;10;10;4;5;8;0;66;44;29;10;10;1;4;60;1052;94;826;6;6;NA;NA;NA;4;4;NA;NA;NA;2021-05-03;2021;"2021-1536:3";1008;0;0,0931094043914813;-0,554588851677638;19;"Pablo Cuevas";76;"Yoshihito Nishioka";-0,554588851677638;0,0931094043914813;-0,647698256069119;35,3;25,5;9,8;180;170;10;0,8;0,25;0,25;0,8;-0,55;4;5;1;4;3;1;1;3;-2;0;1;0
"831509";"2021-1536";"Madrid Masters";"Clay";"64";"Masters";9;14;"Marco Cecchinato";"R";185;"ITA";28,5;99;"Frances Tiafoe";"R";188;"USA";23,2;"7-6(4) 6-2";3;"Q1";89;8;1;57;37;31;11;10;0;1;7;4;76;50;33;11;10;8;11;104;771;66;1008;7;6;NA;NA;NA;6;2;NA;NA;NA;2021-05-03;2021;"2021-1536:9";1009;1;-0,700439718141092;-0,0443941193584534;14;"Marco Cecchinato";99;"Frances Tiafoe";-0,700439718141092;-0,0443941193584534;-0,656045598782638;28,5;23,2;5,3;185;188;-3;0;0,727272727272727;0;0,727272727272727;-0,727272727272727;11;1;8;0;3;1;3;1;2;0;1;0
"831512";"2021-1536";"Madrid Masters";"Clay";"64";"Masters";12;82;"Alexei Popyrin";"R";196;"AUS";21,7;17;"Federico Coria";"R";180;"ARG";29,1;"6-7(4) 6-4 6-3";3;"Q1";120;6;5;116;73;55;19;15;11;12;4;2;91;64;43;19;16;5;9;76;949;92;843;6;6;6;NA;NA;7;4;3;NA;NA;2021-05-03;2021;"2021-1536:12";1010;0;-0,247927513443585;-0,523561956057013;17;"Federico Coria";82;"Alexei Popyrin";-0,523561956057013;-0,247927513443585;-0,275634442613428;29,1;21,7;7,4;180;196;-16;0,916666666666667;0,555555555555556;0,555555555555556;0,916666666666667;-0,361111111111111;9;12;5;11;4;1;1;4;-3;0;1;0
"831514";"2021-1536";"Madrid Masters";"Clay";"64";"Masters";14;2;"Pablo Andujar";"R";180;"ESP";35,2;57;"Mikhail Kukushkin";"R";183;"KAZ";33,3;"6-3 6-4";3;"Q1";87;4;2;51;38;30;8;10;2;3;1;1;77;49;30;11;9;5;8;79;935;105;762;6;6;NA;NA;NA;3;4;NA;NA;NA;2021-05-03;2021;"2021-1536:14";1011;1;-0,303780748177103;-0,714245517666122;2;"Pablo Andujar";57;"Mikhail Kukushkin";-0,303780748177103;-0,714245517666122;0,410464769489019;35,2;33,3;1,90000000000001;180;183;-3;0,666666666666667;0,625;0,666666666666667;0,625;0,0416666666666666;8;3;5;2;3;1;3;1;2;0;1;0
"831515";"2021-1536";"Madrid Masters";"Clay";"64";"Masters";15;24;"Federico Delbonis";"L";190;"ARG";30,5;59;"Juan Ignacio Londero";"R";180;"ARG";27,7;"6-4 6-4";3;"Q2";91;3;2;51;33;29;13;10;0;0;1;2;70;36;24;18;10;5;7;77;944;99;803;6;6;NA;NA;NA;4;4;NA;NA;NA;2021-05-03;2021;"2021-1536:15";1012;1;-0,266786540694901;-0,62935662007961;24;"Federico Delbonis";59;"Juan Ignacio Londero";-0,266786540694901;-0,62935662007961;0,362570079384708;30,5;27,7;2,8;190;180;10;1,5;0,714285714285714;1,5;0,714285714285714;0,785714285714286;7;0;5;0;2;0;2;0;2;0;1;0
"831519";"2021-1536";"Madrid Masters";"Clay";"64";"Masters";19;14;"Marco Cecchinato";"R";185;"ITA";28,5;11;"Roberto Carballes Baena";"R";183;"ESP";28,1;"4-6 6-0 6-3";3;"Q2";125;1;0;77;54;42;11;13;3;5;0;1;85;62;38;8;12;5;10;104;771;97;819;4;6;6;NA;NA;6;0;3;NA;NA;2021-05-03;2021;"2021-1536:19";1013;0;-0,700439718141092;-0,599912842187128;11;"Roberto Carballes Baena";14;"Marco Cecchinato";-0,599912842187128;-0,700439718141092;0,100526875953964;28,1;28,5;-0,399999999999999;183;185;-2;0,6;0,5;0,5;0,6;-0,1;10;5;5;3;5;2;2;5;-3;0;1;0
"831521";"2021-1536";"Madrid Masters";"Clay";"64";"Masters";21;2;"Pablo Andujar";"R";180;"ESP";35,2;101;"Stefano Travaglia";"R";185;"ITA";29,3;"6-7(3) 7-5 6-3";3;"Q2";165;2;3;124;87;53;20;17;9;13;5;3;96;53;36;18;16;1;7;79;935;68;999;6;7;6;NA;NA;7;5;3;NA;NA;2021-05-03;2021;"2021-1536:21";1014;1;-0,303780748177103;-0,0874628412503391;2;"Pablo Andujar";101;"Stefano Travaglia";-0,303780748177103;-0,0874628412503391;-0,216317906926764;35,2;29,3;5,9;180;185;-5;0,692307692307692;0,142857142857143;0,692307692307692;0,142857142857143;0,54945054945055;7;13;1;9;6;4;6;4;2;0;1;0
"831522";"2021-1536";"Madrid Masters";"Clay";"64";"Masters";22;21;"Alejandro Davidovich Fokina";"R";183;"ESP";21,9;47;"Pierre Hugues Herbert";"R";188;"FRA";30,1;"6-7(5) 7-6(4) 7-6(4)";3;"R64";178;2;3;115;87;65;17;18;0;2;14;7;135;69;56;30;18;9;11;49;1283;85;897;6;7;7;NA;NA;7;6;6;NA;NA;2021-05-03;2021;"2021-1536:22";1015;1;0,385290155884792;-0,409390936137702;21;"Alejandro Davidovich Fokina";47;"Pierre Hugues Herbert";0,385290155884792;-0,409390936137702;0,794681092022493;21,9;30,1;-8,2;183;188;-5;0;0,818181818181818;0;0,818181818181818;-0,818181818181818;11;2;9;0;2;2;2;2;0;0;1;0
"831523";"2021-1536";"Madrid Masters";"Clay";"64";"Masters";23;54;"Dominik Koepfer";"L";180;"GER";27;78;"Reilly Opelka";"R";211;"USA";23,6;"6-4 6-4";3;"R64";76;4;4;56;33;26;14;10;0;1;14;1;54;41;27;5;10;2;5;53;1177;46;1417;6;6;NA;NA;NA;4;4;NA;NA;NA;2021-05-03;2021;"2021-1536:23";1016;1;0,272079545436801;0,476438043942987;54;"Dominik Koepfer";78;"Reilly Opelka";0,272079545436801;0,476438043942987;-0,204358498506186;27;23,6;3,4;180;211;-31;0;0,4;0;0,4;-0,4;5;1;2;0;3;1;3;1;2;0;1;0
"831524";"2021-1536";"Madrid Masters";"Clay";"64";"Masters";24;39;"Cristian Garin";"R";185;"CHI";24,9;105;"Fernando Verdasco";"L";188;"ESP";37,4;"6-1 6-4";3;"R64";87;1;1;65;41;28;17;9;8;8;1;5;59;33;18;13;8;0;3;25;2215;71;975;6;6;NA;NA;NA;1;4;NA;NA;NA;2021-05-03;2021;"2021-1536:24";1017;1;1,35614381022528;-0,149747119504682;39;"Cristian Garin";105;"Fernando Verdasco";1,35614381022528;-0,149747119504682;1,50589092972996;24,9;37,4;-12,5;185;188;-3;1;0;1;0;1;3;8;0;8;3;0;3;0;3;0;1;0
"831525";"2021-1536";"Madrid Masters";"Clay";"64";"Masters";25;24;"Federico Delbonis";"L";190;"ARG";30,5;12;"Pablo Carreno Busta";"R";188;"ESP";29,8;"3-6 6-4 6-3";3;"R64";121;2;2;87;53;36;13;14;2;7;5;1;88;65;42;8;14;7;13;77;944;12;3015;3;6;6;NA;NA;6;4;3;NA;NA;2021-05-03;2021;"2021-1536:25";1018;0;-0,266786540694901;2,41503749927884;12;"Pablo Carreno Busta";24;"Federico Delbonis";2,41503749927884;-0,266786540694901;2,68182403997374;29,8;30,5;-0,699999999999999;188;190;-2;0,285714285714286;0,538461538461538;0,538461538461538;0,285714285714286;0,252747252747253;13;7;7;2;6;5;5;6;-1;0;1;0
"831526";"2021-1536";"Madrid Masters";"Clay";"64";"Masters";26;85;"Albert Ramos";"L";188;"ESP";33,2;36;"Taylor Fritz";"R";193;"USA";23,5;"7-5 5-7 6-4";3;"R64";149;4;3;115;65;49;28;17;8;10;6;5;90;50;43;18;17;0;3;37;1610;30;1855;7;5;6;NA;NA;5;7;4;NA;NA;2021-05-03;2021;"2021-1536:26";1019;0;0,79054663437105;1,09310940439148;36;"Taylor Fritz";85;"Albert Ramos";1,09310940439148;0,79054663437105;0,302562770020431;23,5;33,2;-9,7;193;188;5;0,8;0;0;0,8;-0,8;3;10;0;8;3;2;2;3;-1;0;1;0
"831528";"2021-1536";"Madrid Masters";"Clay";"64";"Masters";28;79;"Benoit Paire";"R";196;"FRA";31,9;4;"Nikoloz Basilashvili";"R";185;"GEO";29,1;"6-4 7-5";3;"R64";73;14;9;73;41;29;16;11;8;11;3;4;67;33;22;16;11;3;8;35;1659;31;1850;6;7;NA;NA;NA;4;5;NA;NA;NA;2021-05-03;2021;"2021-1536:28";1020;0;0,870716983055034;1,04580368961313;4;"Nikoloz Basilashvili";79;"Benoit Paire";1,04580368961313;0,870716983055034;0,175086706558091;29,1;31,9;-2,8;185;196;-11;0,727272727272727;0,375;0,375;0,727272727272727;-0,352272727272727;8;11;3;8;5;3;3;5;-2;0;1;0
"831529";"2021-1536";"Madrid Masters";"Clay";"64";"Masters";29;76;"Yoshihito Nishioka";"L";170;"JPN";25,5;56;"Filip Krajinovic";"R";185;"SRB";29,1;"6-2 6-4";3;"R64";78;2;0;47;34;30;9;9;1;1;5;2;67;48;29;9;9;4;7;60;1052;36;1619;6;6;NA;NA;NA;2;4;NA;NA;NA;2021-05-03;2021;"2021-1536:29";1021;0;0,0931094043914813;0,830074998557688;56;"Filip Krajinovic";76;"Yoshihito Nishioka";0,830074998557688;0,0931094043914813;0,736965594166207;29,1;25,5;3,6;185;170;15;1;0,571428571428571;0,571428571428571;1;-0,428571428571429;7;1;4;1;3;0;0;3;-3;0;1;0
"831530";"2021-1536";"Madrid Masters";"Clay";"64";"Masters";30;88;"Casper Ruud";"R";183;"NOR";22,3;3;"Felix Auger Aliassime";"R";193;"CAN";20,7;"6-1 6-4";3;"R64";91;5;2;52;41;32;6;9;0;0;6;4;68;46;32;4;8;6;9;22;2340;20;2418;6;6;NA;NA;NA;1;4;NA;NA;NA;2021-05-03;2021;"2021-1536:30";1022;0;1,5405683813627;1,67807190511264;3;"Felix Auger Aliassime";88;"Casper Ruud";1,67807190511264;1,5405683813627;0,137503523749935;20,7;22,3;-1,6;193;183;10;1,5;0,666666666666667;0,666666666666667;1,5;-0,833333333333333;9;0;6;0;3;0;0;3;-3;0;1;0
"831531";"2021-1536";"Madrid Masters";"Clay";"64";"Masters";31;91;"Denis Shapovalov";"L";185;"CAN";22;58;"Dusan Lajovic";"R";180;"SRB";30,8;"6-1 6-3";3;"R64";62;7;2;45;21;19;15;8;3;3;1;1;48;28;14;10;8;5;9;14;2820;38;1595;6;6;NA;NA;NA;1;3;NA;NA;NA;2021-05-03;2021;"2021-1536:31";1023;0;2,1926450779424;0,752072486556415;58;"Dusan Lajovic";91;"Denis Shapovalov";0,752072486556415;2,1926450779424;-1,44057259138598;30,8;22;8,8;180;185;-5;1;0,555555555555556;0,555555555555556;1;-0,444444444444444;9;3;5;3;4;0;0;4;-4;0;1;0
"831532";"2021-1536";"Madrid Masters";"Clay";"64";"Masters";32;10;"Alexander Bublik";"R";196;"KAZ";23,8;37;"Marton Fucsovics";"R";188;"HUN";29,2;"7-6(5) 6-3";3;"R64";86;8;2;75;52;38;14;11;3;4;2;3;69;35;23;20;10;3;5;44;1453;45;1443;7;6;NA;NA;NA;6;3;NA;NA;NA;2021-05-03;2021;"2021-1536:32";1024;1;0,540568381362703;0,508146903670325;10;"Alexander Bublik";37;"Marton Fucsovics";0,540568381362703;0,508146903670325;0,0324214776923775;23,8;29,2;-5,4;196;188;8;0,75;0,6;0,75;0,6;0,15;5;4;3;3;2;1;2;1;1;0;1;0
"831533";"2021-1536";"Madrid Masters";"Clay";"64";"Masters";33;51;"Aslan Karatsev";"R";185;"RUS";27,6;48;"Ugo Humbert";"L";188;"FRA";22,8;"7-5 6-4";3;"R64";91;5;1;59;38;31;14;11;1;1;3;1;65;42;32;11;11;4;6;27;2087;32;1825;7;6;NA;NA;NA;5;4;NA;NA;NA;2021-05-03;2021;"2021-1536:33";1025;0;1,24511249783653;1;48;"Ugo Humbert";51;"Aslan Karatsev";1;1,24511249783653;-0,245112497836532;22,8;27,6;-4,8;188;185;3;1;0,666666666666667;0,666666666666667;1;-0,333333333333333;6;1;4;1;2;0;0;2;-2;0;1;0
"831534";"2021-1536";"Madrid Masters";"Clay";"64";"Masters";34;80;"Tommy Paul";"R";185;"USA";23,9;63;"Pedro Martinez";"R";185;"ESP";24;"6-4 7-5";3;"R64";94;3;1;62;33;26;20;11;1;1;2;3;65;41;28;14;11;2;4;58;1111;95;825;6;7;NA;NA;NA;4;5;NA;NA;NA;2021-05-03;2021;"2021-1536:34";1026;0;0,142019004872428;-0,569855608330948;63;"Pedro Martinez";80;"Tommy Paul";-0,569855608330948;0,142019004872428;-0,711874613203376;24;23,9;0,100000000000001;185;185;0;1;0,5;0,5;1;-0,5;4;1;2;1;2;0;0;2;-2;0;1;0
"831535";"2021-1536";"Madrid Masters";"Clay";"64";"Masters";35;50;"John Isner";"R";206;"USA";36;52;"Miomir Kecmanovic";"R";183;"SRB";21,6;"6-4 7-6(6)";3;"R64";79;28;1;73;53;45;12;11;4;4;3;1;61;41;32;13;11;1;2;39;1550;47;1384;6;7;NA;NA;NA;4;6;NA;NA;NA;2021-05-03;2021;"2021-1536:35";1027;1;0,714597781137751;0,445411148322362;50;"John Isner";52;"Miomir Kecmanovic";0,714597781137751;0,445411148322362;0,269186632815389;36;21,6;14,4;206;183;23;1;0,5;1;0,5;0,5;2;4;1;4;1;0;1;0;1;0;1;0
"831536";"2021-1536";"Madrid Masters";"Clay";"64";"Masters";36;5;"Roberto Bautista Agut";"R";183;"ESP";33;14;"Marco Cecchinato";"R";185;"ITA";28,5;"6-2 6-7(3) 7-5";3;"R64";149;2;1;117;79;53;17;16;6;9;5;3;99;71;49;9;16;3;9;11;3090;104;771;6;6;7;NA;NA;2;7;5;NA;NA;2021-05-03;2021;"2021-1536:36";1028;1;2,5405683813627;-0,700439718141092;5;"Roberto Bautista Agut";14;"Marco Cecchinato";2,5405683813627;-0,700439718141092;3,24100809950379;33;28,5;4,5;183;185;-2;0,666666666666667;0,333333333333333;0,666666666666667;0,333333333333333;0,333333333333333;9;9;3;6;6;3;6;3;3;0;1;0
"831538";"2021-1536";"Madrid Masters";"Clay";"64";"Masters";38;22;"Alex De Minaur";"R";183;"AUS";22,2;71;"Jaume Munar";"R";183;"ESP";23,9;"4-6 7-5 6-1";3;"R64";142;4;4;92;56;41;20;15;5;7;2;4;95;75;50;7;14;9;13;24;2235;87;884;4;7;6;NA;NA;6;5;1;NA;NA;2021-05-03;2021;"2021-1536:38";1029;1;1,41503749927884;-0,442943495848728;22;"Alex De Minaur";71;"Jaume Munar";1,41503749927884;-0,442943495848728;1,85798099512757;22,2;23,9;-1,7;183;183;0;0,714285714285714;0,692307692307692;0,714285714285714;0,692307692307692;0,021978021978022;13;7;9;5;4;2;4;2;2;0;1;0
"831539";"2021-1536";"Madrid Masters";"Clay";"64";"Masters";39;42;"Marcos Giron";"R";180;"USA";27,7;2;"Pablo Andujar";"R";180;"ESP";35,2;"6-7(8) 7-6(4) 7-5";3;"R64";206;12;2;133;83;61;23;18;8;10;5;4;139;91;61;24;18;9;12;91;847;79;935;6;7;7;NA;NA;7;6;5;NA;NA;2021-05-03;2021;"2021-1536:39";1030;0;-0,507794640198696;-0,303780748177103;2;"Pablo Andujar";42;"Marcos Giron";-0,303780748177103;-0,507794640198696;0,204013892021593;35,2;27,7;7,5;180;180;0;0,8;0,75;0,75;0,8;-0,05;12;10;9;8;3;2;2;3;-1;0;1;0
"831540";"2021-1536";"Madrid Masters";"Clay";"64";"Masters";40;75;"Kei Nishikori";"R";178;"JPN";31,3;53;"Karen Khachanov";"R";198;"RUS";24,9;"6-7(6) 6-2 6-2";3;"R64";138;0;2;96;57;38;22;14;2;4;6;2;85;57;41;8;14;1;7;43;1453;23;2280;6;6;6;NA;NA;7;2;2;NA;NA;2021-05-03;2021;"2021-1536:40";1031;0;0,573735245297902;1,47643804394299;53;"Karen Khachanov";75;"Kei Nishikori";1,47643804394299;0,573735245297902;0,902702798645085;24,9;31,3;-6,4;198;178;20;0,5;0,142857142857143;0,142857142857143;0,5;-0,357142857142857;7;4;1;2;6;2;2;6;-4;0;1;0
"831541";"2021-1536";"Madrid Masters";"Clay";"64";"Masters";41;31;"Daniel Evans";"R";175;"GBR";30,9;15;"Jeremy Chardy";"R";188;"FRA";34,2;"7-6(6) 6-7(7) 6-2";3;"R64";166;13;1;110;82;57;19;16;1;2;4;6;124;84;55;20;16;6;9;26;2140;51;1190;7;6;6;NA;NA;6;7;2;NA;NA;2021-05-03;2021;"2021-1536:41";1032;0;1,29956028185891;0,327574658028505;15;"Jeremy Chardy";31;"Daniel Evans";0,327574658028505;1,29956028185891;-0,971985623830403;34,2;30,9;3,3;188;175;13;0,5;0,666666666666667;0,666666666666667;0,5;0,166666666666667;9;2;6;1;3;1;1;3;-2;0;1;0
"831542";"2021-1536";"Madrid Masters";"Clay";"64";"Masters";42;67;"John Millman";"R";183;"AUS";31,8;49;"Hubert Hurkacz";"R";196;"POL";24,2;"5-7 7-6(7) 6-3";3;"R64";141;1;1;98;64;50;18;17;2;4;11;3;99;51;42;26;16;5;7;42;1486;16;2600;5;7;6;NA;NA;7;6;3;NA;NA;2021-05-03;2021;"2021-1536:42";1033;0;0,607682577221239;2;49;"Hubert Hurkacz";67;"John Millman";2;0,607682577221239;1,39231742277876;24,2;31,8;-7,6;196;183;13;0,5;0,714285714285714;0,714285714285714;0,5;0,214285714285714;7;4;5;2;2;2;2;2;0;0;1;0
"831544";"2021-1536";"Madrid Masters";"Clay";"64";"Masters";44;82;"Alexei Popyrin";"R";196;"AUS";21,7;97;"Jan Lennard Struff";"R";193;"GER";31;"6-3 7-6(4)";3;"R64";88;14;4;79;49;35;16;11;5;7;8;3;71;31;23;19;10;3;6;76;949;40;1545;6;7;NA;NA;NA;3;6;NA;NA;NA;2021-05-03;2021;"2021-1536:44";1034;1;-0,247927513443585;0,678071905112637;82;"Alexei Popyrin";97;"Jan Lennard Struff";-0,247927513443585;0,678071905112637;-0,925999418556223;21,7;31;-9,3;196;193;3;0,714285714285714;0,5;0,714285714285714;0,5;0,214285714285714;6;7;3;5;3;2;3;2;1;0;1;0
"831546";"2021-1536";"Madrid Masters";"Clay";"64";"Masters";46;66;"Daniil Medvedev";"R";198;"RUS";25,2;21;"Alejandro Davidovich Fokina";"R";183;"ESP";21,9;"4-6 6-4 6-2";3;"R32";132;5;3;83;64;45;11;14;5;8;0;2;99;73;42;14;14;11;16;3;9700;49;1283;4;6;6;NA;NA;6;4;2;NA;NA;2021-05-03;2021;"2021-1536:46";1035;0;4,41503749927884;0,385290155884792;21;"Alejandro Davidovich Fokina";66;"Daniil Medvedev";0,385290155884792;4,41503749927884;-4,02974734339405;21,9;25,2;-3,3;183;198;-15;0,625;0,6875;0,6875;0,625;0,0625;16;8;11;5;5;3;3;5;-2;0;1;0
"831547";"2021-1536";"Madrid Masters";"Clay";"64";"Masters";47;39;"Cristian Garin";"R";185;"CHI";24,9;54;"Dominik Koepfer";"L";180;"GER";27;"6-3 6-4";3;"R32";98;3;3;68;36;29;14;10;3;5;3;4;67;45;26;9;9;6;10;25;2215;53;1177;6;6;NA;NA;NA;3;4;NA;NA;NA;2021-05-03;2021;"2021-1536:47";1036;1;1,35614381022528;0,272079545436801;39;"Cristian Garin";54;"Dominik Koepfer";1,35614381022528;0,272079545436801;1,08406426478847;24,9;27;-2,1;185;180;5;0,6;0,6;0,6;0,6;0;10;5;6;3;4;2;4;2;2;0;1;0
"831548";"2021-1536";"Madrid Masters";"Clay";"64";"Masters";48;24;"Federico Delbonis";"L";190;"ARG";30,5;85;"Albert Ramos";"L";188;"ESP";33,2;"7-6(5) 6-3";3;"R32";99;6;3;60;36;29;12;10;1;3;0;1;76;42;28;14;11;8;12;77;944;37;1610;7;6;NA;NA;NA;6;3;NA;NA;NA;2021-05-03;2021;"2021-1536:48";1037;1;-0,266786540694901;0,79054663437105;24;"Federico Delbonis";85;"Albert Ramos";-0,266786540694901;0,79054663437105;-1,05733317506595;30,5;33,2;-2,7;190;188;2;0,333333333333333;0,666666666666667;0,333333333333333;0,666666666666667;-0,333333333333333;12;3;8;1;4;2;4;2;2;0;1;0
"831549";"2021-1536";"Madrid Masters";"Clay";"64";"Masters";49;9;"Matteo Berrettini";"R";196;"ITA";25;35;"Fabio Fognini";"R";178;"ITA";33,9;"6-3 6-4";3;"R32";81;5;1;53;39;33;9;10;0;0;1;2;66;47;33;7;9;5;7;10;3493;28;2048;6;6;NA;NA;NA;3;4;NA;NA;NA;2021-05-03;2021;"2021-1536:49";1038;1;2,67807190511264;1,1926450779424;9;"Matteo Berrettini";35;"Fabio Fognini";2,67807190511264;1,1926450779424;1,48542682717024;25;33,9;-8,9;196;178;18;1,5;0,714285714285714;1,5;0,714285714285714;0,785714285714286;7;0;5;0;2;0;2;0;2;0;1;0
"831550";"2021-1536";"Madrid Masters";"Clay";"64";"Masters";50;103;"Stefanos Tsitsipas";"R";193;"GRE";22,7;79;"Benoit Paire";"R";196;"FRA";31,9;"6-1 6-2";3;"R32";54;4;1;45;32;24;7;8;2;3;1;3;42;23;12;5;7;2;7;5;7910;35;1659;6;6;NA;NA;NA;1;2;NA;NA;NA;2021-05-03;2021;"2021-1536:50";1039;0;3,67807190511264;0,870716983055034;79;"Benoit Paire";103;"Stefanos Tsitsipas";0,870716983055034;3,67807190511264;-2,8073549220576;31,9;22,7;9,2;196;193;3;0,666666666666667;0,285714285714286;0,285714285714286;0,666666666666667;-0,380952380952381;7;3;2;2;5;1;1;5;-4;0;1;0
"831551";"2021-1536";"Madrid Masters";"Clay";"64";"Masters";51;88;"Casper Ruud";"R";183;"NOR";22,3;76;"Yoshihito Nishioka";"L";170;"JPN";25,5;"6-1 6-2";3;"R32";57;8;0;44;34;27;6;8;0;0;0;2;40;27;15;3;7;1;5;22;2340;60;1052;6;6;NA;NA;NA;1;2;NA;NA;NA;2021-05-03;2021;"2021-1536:51";1040;0;1,5405683813627;0,0931094043914813;76;"Yoshihito Nishioka";88;"Casper Ruud";0,0931094043914813;1,5405683813627;-1,44745897697122;25,5;22,3;3,2;170;183;-13;1,5;0,2;0,2;1,5;-1,3;5;0;1;0;4;0;0;4;-4;0;1;0
"831552";"2021-1536";"Madrid Masters";"Clay";"64";"Masters";52;10;"Alexander Bublik";"R";196;"KAZ";23,8;91;"Denis Shapovalov";"L";185;"CAN";22;"6-4 5-7 6-4";3;"R32";139;10;7;101;62;46;21;16;4;6;6;14;115;59;42;28;16;11;14;44;1453;14;2820;6;5;6;NA;NA;4;7;4;NA;NA;2021-05-03;2021;"2021-1536:52";1041;1;0,540568381362703;2,1926450779424;10;"Alexander Bublik";91;"Denis Shapovalov";0,540568381362703;2,1926450779424;-1,65207669657969;23,8;22;1,8;196;185;11;0,666666666666667;0,785714285714286;0,666666666666667;0,785714285714286;-0,119047619047619;14;6;11;4;3;2;3;2;1;0;1;0
"831553";"2021-1536";"Madrid Masters";"Clay";"64";"Masters";53;51;"Aslan Karatsev";"R";185;"RUS";27,6;89;"Diego Schwartzman";"R";170;"ARG";28,7;"2-6 6-4 6-1";3;"R32";108;7;6;71;44;34;13;13;4;7;1;3;76;46;28;14;12;7;11;27;2087;9;3765;2;6;6;NA;NA;6;4;1;NA;NA;2021-05-03;2021;"2021-1536:53";1042;1;1,24511249783653;2,83007499855769;51;"Aslan Karatsev";89;"Diego Schwartzman";1,24511249783653;2,83007499855769;-1,58496250072116;27,6;28,7;-1,1;185;170;15;0,571428571428571;0,636363636363636;0,571428571428571;0,636363636363636;-0,064935064935065;11;7;7;4;4;3;4;3;1;0;1;0
"831554";"2021-1536";"Madrid Masters";"Clay";"64";"Masters";54;87;"Andrey Rublev";"R";188;"RUS";23,5;80;"Tommy Paul";"R";185;"USA";23,9;"6-7(5) 6-3 6-4";3;"R32";139;3;4;107;66;46;20;16;5;8;7;2;104;71;42;17;15;5;10;7;6000;58;1111;6;6;6;NA;NA;7;3;4;NA;NA;2021-05-03;2021;"2021-1536:54";1043;0;3,1926450779424;0,142019004872428;80;"Tommy Paul";87;"Andrey Rublev";0,142019004872428;3,1926450779424;-3,05062607306997;23,9;23,5;0,399999999999999;185;188;-3;0,625;0,5;0,5;0,625;-0,125;10;8;5;5;5;3;3;5;-2;0;1;0
"831555";"2021-1536";"Madrid Masters";"Clay";"64";"Masters";55;50;"John Isner";"R";206;"USA";36;5;"Roberto Bautista Agut";"R";183;"ESP";33;"6-4 6-7(4) 7-6(6)";3;"R32";142;32;0;100;75;61;15;17;0;0;2;1;124;93;67;18;17;9;10;39;1550;11;3090;6;6;7;NA;NA;4;7;6;NA;NA;2021-05-03;2021;"2021-1536:55";1044;0;0,714597781137751;2,5405683813627;5;"Roberto Bautista Agut";50;"John Isner";2,5405683813627;0,714597781137751;1,82597060022495;33;36;-3;183;206;-23;1,5;0,9;0,9;1,5;-0,6;10;0;9;0;1;0;0;1;-1;0;1;0
"831557";"2021-1536";"Madrid Masters";"Clay";"64";"Masters";57;98;"Dominic Thiem";"R";185;"AUT";27,6;42;"Marcos Giron";"R";180;"USA";27,7;"6-1 6-3";3;"R32";57;5;1;40;32;26;6;8;0;0;0;1;45;25;16;8;8;5;9;4;8365;91;847;6;6;NA;NA;NA;1;3;NA;NA;NA;2021-05-03;2021;"2021-1536:57";1045;0;4;-0,507794640198696;42;"Marcos Giron";98;"Dominic Thiem";-0,507794640198696;4;-4,5077946401987;27,7;27,6;0,0999999999999979;180;185;-5;1,5;0,555555555555556;0,555555555555556;1,5;-0,944444444444444;9;0;5;0;4;0;0;4;-4;0;1;0
"831558";"2021-1536";"Madrid Masters";"Clay";"64";"Masters";58;109;"Alexander Zverev";"R";198;"GER";24;75;"Kei Nishikori";"R";178;"JPN";31,3;"6-3 6-2";3;"R32";74;5;0;49;32;24;11;9;2;3;0;0;54;38;22;6;8;6;10;6;6125;43;1453;6;6;NA;NA;NA;3;2;NA;NA;NA;2021-05-03;2021;"2021-1536:58";1046;0;3,41503749927884;0,573735245297902;75;"Kei Nishikori";109;"Alexander Zverev";0,573735245297902;3,41503749927884;-2,84130225398094;31,3;24;7,3;178;198;-20;0,666666666666667;0,6;0,6;0,666666666666667;-0,0666666666666667;10;3;6;2;4;1;1;4;-3;0;1;0
"831559";"2021-1536";"Madrid Masters";"Clay";"64";"Masters";59;31;"Daniel Evans";"R";175;"GBR";30,9;67;"John Millman";"R";183;"AUS";31,8;"6-7(5) 6-2 6-3";3;"R32";153;1;4;102;64;43;27;15;8;9;3;1;87;63;39;12;14;4;8;26;2140;42;1486;6;6;6;NA;NA;7;2;3;NA;NA;2021-05-03;2021;"2021-1536:59";1047;1;1,29956028185891;0,607682577221239;31;"Daniel Evans";67;"John Millman";1,29956028185891;0,607682577221239;0,691877704637669;30,9;31,8;-0,900000000000002;175;183;-8;0,888888888888889;0,5;0,888888888888889;0,5;0,388888888888889;8;9;4;8;4;1;4;1;3;0;1;0
"831560";"2021-1536";"Madrid Masters";"Clay";"64";"Masters";60;82;"Alexei Popyrin";"R";196;"AUS";21,7;93;"Jannik Sinner";"R";188;"ITA";19,7;"7-6(5) 6-2";3;"R32";94;8;1;74;44;33;12;10;3;5;0;2;67;38;24;12;10;2;6;76;949;18;2524;7;6;NA;NA;NA;6;2;NA;NA;NA;2021-05-03;2021;"2021-1536:60";1048;1;-0,247927513443585;1,83007499855769;82;"Alexei Popyrin";93;"Jannik Sinner";-0,247927513443585;1,83007499855769;-2,07800251200127;21,7;19,7;2;196;188;8;0,6;0,333333333333333;0,6;0,333333333333333;0,266666666666667;6;5;2;3;4;2;4;2;2;0;1;0
"831562";"2021-1536";"Madrid Masters";"Clay";"64";"Masters";62;39;"Cristian Garin";"R";185;"CHI";24,9;66;"Daniil Medvedev";"R";198;"RUS";25,2;"6-4 6-7(2) 6-1";3;"R16";149;6;1;94;53;40;27;15;1;1;4;4;103;66;47;17;14;6;9;25;2215;3;9700;6;6;6;NA;NA;4;7;1;NA;NA;2021-05-03;2021;"2021-1536:62";1049;1;1,35614381022528;4,41503749927884;39;"Cristian Garin";66;"Daniil Medvedev";1,35614381022528;4,41503749927884;-3,05889368905357;24,9;25,2;-0,300000000000001;185;198;-13;1;0,666666666666667;1;0,666666666666667;0,333333333333333;9;1;6;1;3;0;3;0;3;0;1;0
"831563";"2021-1536";"Madrid Masters";"Clay";"64";"Masters";63;9;"Matteo Berrettini";"R";196;"ITA";25;24;"Federico Delbonis";"L";190;"ARG";30,5;"7-6(4) 6-4";3;"R16";96;7;0;65;42;35;14;11;2;3;4;3;69;48;32;13;11;2;4;10;3493;77;944;7;6;NA;NA;NA;6;4;NA;NA;NA;2021-05-03;2021;"2021-1536:63";1050;1;2,67807190511264;-0,266786540694901;9;"Matteo Berrettini";24;"Federico Delbonis";2,67807190511264;-0,266786540694901;2,94485844580754;25;30,5;-5,5;196;190;6;0,666666666666667;0,5;0,666666666666667;0,5;0,166666666666667;4;3;2;2;2;1;2;1;1;0;1;0
"831564";"2021-1536";"Madrid Masters";"Clay";"64";"Masters";64;88;"Casper Ruud";"R";183;"NOR";22,3;103;"Stefanos Tsitsipas";"R";193;"GRE";22,7;"7-6(4) 6-4";3;"R16";93;4;1;68;51;41;9;11;0;0;5;3;62;39;32;15;11;0;1;22;2340;5;7910;7;6;NA;NA;NA;6;4;NA;NA;NA;2021-05-03;2021;"2021-1536:64";1051;1;1,5405683813627;3,67807190511264;88;"Casper Ruud";103;"Stefanos Tsitsipas";1,5405683813627;3,67807190511264;-2,13750352374994;22,3;22,7;-0,399999999999999;183;193;-10;1,5;0;1,5;0;1,5;1;0;0;0;1;0;1;0;1;0;1;0
"831565";"2021-1536";"Madrid Masters";"Clay";"64";"Masters";65;10;"Alexander Bublik";"R";196;"KAZ";23,8;51;"Aslan Karatsev";"R";185;"RUS";27,6;"6-4 6-3";3;"R16";74;14;9;72;47;37;9;10;7;8;1;5;49;26;19;10;9;4;7;44;1453;27;2087;6;6;NA;NA;NA;4;3;NA;NA;NA;2021-05-03;2021;"2021-1536:65";1052;1;0,540568381362703;1,24511249783653;10;"Alexander Bublik";51;"Aslan Karatsev";0,540568381362703;1,24511249783653;-0,704544116473829;23,8;27,6;-3,8;196;185;11;0,875;0,571428571428571;0,875;0,571428571428571;0,303571428571429;7;8;4;7;3;1;3;1;2;0;1;0
"831566";"2021-1536";"Madrid Masters";"Clay";"64";"Masters";66;50;"John Isner";"R";206;"USA";36;87;"Andrey Rublev";"R";188;"RUS";23,5;"7-6(4) 3-6 7-6(4)";3;"R16";125;29;3;116;78;63;16;17;1;3;0;4;87;56;49;22;16;0;0;39;1550;7;6000;7;3;7;NA;NA;6;6;6;NA;NA;2021-05-03;2021;"2021-1536:66";1053;1;0,714597781137751;3,1926450779424;50;"John Isner";87;"Andrey Rublev";0,714597781137751;3,1926450779424;-2,47804729680464;36;23,5;12,5;206;188;18;0,333333333333333;1,5;0,333333333333333;1,5;-1,16666666666667;0;3;0;1;0;2;0;2;-2;0;1;0
"831567";"2021-1536";"Madrid Masters";"Clay";"64";"Masters";67;98;"Dominic Thiem";"R";185;"AUT";27,6;22;"Alex De Minaur";"R";183;"AUS";22,2;"7-6(7) 6-4";3;"R16";111;4;5;73;47;33;14;11;4;6;1;4;73;46;32;11;11;6;9;4;8365;24;2235;7;6;NA;NA;NA;6;4;NA;NA;NA;2021-05-03;2021;"2021-1536:67";1054;0;4;1,41503749927884;22;"Alex De Minaur";98;"Dominic Thiem";1,41503749927884;4;-2,58496250072116;22,2;27,6;-5,4;183;185;-2;0,666666666666667;0,666666666666667;0,666666666666667;0,666666666666667;0;9;6;6;4;3;2;2;3;-1;0;1;0
"831568";"2021-1536";"Madrid Masters";"Clay";"64";"Masters";68;109;"Alexander Zverev";"R";198;"GER";24;31;"Daniel Evans";"R";175;"GBR";30,9;"6-3 7-6(3)";3;"R16";97;7;6;67;40;32;15;11;1;2;0;1;65;44;29;12;10;2;4;6;6125;26;2140;6;7;NA;NA;NA;3;6;NA;NA;NA;2021-05-03;2021;"2021-1536:68";1055;0;3,41503749927884;1,29956028185891;31;"Daniel Evans";109;"Alexander Zverev";1,29956028185891;3,41503749927884;-2,11547721741994;30,9;24;6,9;175;198;-23;0,5;0,5;0,5;0,5;0;4;2;2;1;2;1;1;2;-1;0;1;0
"831569";"2021-1536";"Madrid Masters";"Clay";"64";"Masters";69;74;"Rafael Nadal";"L";185;"ESP";34,9;82;"Alexei Popyrin";"R";196;"AUS";21,7;"6-3 6-3";3;"R16";79;1;0;55;35;25;12;9;5;6;8;4;47;24;20;7;9;2;6;2;9810;76;949;6;6;NA;NA;NA;3;3;NA;NA;NA;2021-05-03;2021;"2021-1536:69";1056;1;5;-0,247927513443585;74;"Rafael Nadal";82;"Alexei Popyrin";5;-0,247927513443585;5,24792751344359;34,9;21,7;13,2;185;196;-11;0,833333333333333;0,333333333333333;0,833333333333333;0,333333333333333;0,5;6;6;2;5;4;1;4;1;3;0;1;0
"831570";"2021-1536";"Madrid Masters";"Clay";"64";"Masters";70;9;"Matteo Berrettini";"R";196;"ITA";25;39;"Cristian Garin";"R";185;"CHI";24,9;"5-7 6-3 6-0";3;"QF";126;14;2;80;54;43;11;14;3;6;5;5;92;51;33;18;13;8;14;10;3493;25;2215;5;6;6;NA;NA;7;3;0;NA;NA;2021-05-03;2021;"2021-1536:70";1057;1;2,67807190511264;1,35614381022528;9;"Matteo Berrettini";39;"Cristian Garin";2,67807190511264;1,35614381022528;1,32192809488736;25;24,9;0,100000000000001;196;185;11;0,5;0,571428571428571;0,5;0,571428571428571;-0,0714285714285714;14;6;8;3;6;3;6;3;3;0;1;0
"831571";"2021-1536";"Madrid Masters";"Clay";"64";"Masters";71;88;"Casper Ruud";"R";183;"NOR";22,3;10;"Alexander Bublik";"R";196;"KAZ";23,8;"7-5 6-1";3;"QF";68;5;1;54;38;29;12;10;1;1;9;2;61;40;28;6;9;6;9;22;2340;44;1453;7;6;NA;NA;NA;5;1;NA;NA;NA;2021-05-03;2021;"2021-1536:71";1058;0;1,5405683813627;0,540568381362703;10;"Alexander Bublik";88;"Casper Ruud";0,540568381362703;1,5405683813627;-1;23,8;22,3;1,5;196;183;13;1;0,666666666666667;0,666666666666667;1;-0,333333333333333;9;1;6;1;3;0;0;3;-3;0;1;0
"831572";"2021-1536";"Madrid Masters";"Clay";"64";"Masters";72;98;"Dominic Thiem";"R";185;"AUT";27,6;50;"John Isner";"R";206;"USA";36;"3-6 6-3 6-4";3;"QF";115;2;2;88;61;48;15;14;6;7;18;0;76;47;36;16;14;2;4;4;8365;39;1550;3;6;6;NA;NA;6;3;4;NA;NA;2021-05-03;2021;"2021-1536:72";1059;0;4;0,714597781137751;50;"John Isner";98;"Dominic Thiem";0,714597781137751;4;-3,28540221886225;36;27,6;8,4;206;185;21;0,857142857142857;0,5;0,5;0,857142857142857;-0,357142857142857;4;7;2;6;2;1;1;2;-1;0;1;0
"831573";"2021-1536";"Madrid Masters";"Clay";"64";"Masters";73;109;"Alexander Zverev";"R";198;"GER";24;74;"Rafael Nadal";"L";185;"ESP";34,9;"6-4 6-4";3;"QF";104;4;5;55;34;28;9;10;1;2;0;3;66;42;26;12;10;3;6;6;6125;2;9810;6;6;NA;NA;NA;4;4;NA;NA;NA;2021-05-03;2021;"2021-1536:73";1060;0;3,41503749927884;5;74;"Rafael Nadal";109;"Alexander Zverev";5;3,41503749927884;1,58496250072116;34,9;24;10,9;185;198;-13;0,5;0,5;0,5;0,5;0;6;2;3;1;3;1;1;3;-2;0;1;0
"831574";"2021-1536";"Madrid Masters";"Clay";"64";"Masters";74;9;"Matteo Berrettini";"R";196;"ITA";25;88;"Casper Ruud";"R";183;"NOR";22,3;"6-4 6-4";3;"SF";81;5;1;49;34;31;10;10;0;0;1;2;62;34;24;14;10;1;3;10;3493;22;2340;6;6;NA;NA;NA;4;4;NA;NA;NA;2021-05-03;2021;"2021-1536:74";1061;1;2,67807190511264;1,5405683813627;9;"Matteo Berrettini";88;"Casper Ruud";2,67807190511264;1,5405683813627;1,13750352374994;25;22,3;2,7;196;183;13;1,5;0,333333333333333;1,5;0,333333333333333;1,16666666666667;3;0;1;0;2;0;2;0;2;0;1;0
"831575";"2021-1536";"Madrid Masters";"Clay";"64";"Masters";75;109;"Alexander Zverev";"R";198;"GER";24;98;"Dominic Thiem";"R";185;"AUT";27,6;"6-3 6-4";3;"SF";97;6;2;56;37;29;10;10;1;2;1;3;70;37;23;18;9;8;11;6;6125;4;8365;6;6;NA;NA;NA;3;4;NA;NA;NA;2021-05-03;2021;"2021-1536:75";1062;0;3,41503749927884;4;98;"Dominic Thiem";109;"Alexander Zverev";4;3,41503749927884;0,584962500721156;27,6;24;3,6;185;198;-13;0,5;0,727272727272727;0,727272727272727;0,5;0,227272727272727;11;2;8;1;3;1;1;3;-2;0;1;0
"831576";"2021-1536";"Madrid Masters";"Clay";"64";"Masters";76;109;"Alexander Zverev";"R";198;"GER";24;9;"Matteo Berrettini";"R";196;"ITA";25;"6-7(8) 6-4 6-3";3;"F";160;5;7;95;66;50;16;15;2;3;7;1;110;74;53;16;16;4;8;6;6125;10;3493;6;6;6;NA;NA;7;4;3;NA;NA;2021-05-03;2021;"2021-1536:76";1063;0;3,41503749927884;2,67807190511264;9;"Matteo Berrettini";109;"Alexander Zverev";2,67807190511264;3,41503749927884;-0,736965594166206;25;24;1;196;198;-2;0,666666666666667;0,5;0,5;0,666666666666667;-0,166666666666667;8;3;4;2;4;1;1;4;-3;0;1;0
"831867";"2021-0416";"Rome Masters";"Clay";"64";"Masters";1;77;"Cameron Norrie";"L";188;"GBR";25,7;19;"Pablo Cuevas";"R";180;"URU";35,3;"6-1 6-3";3;"Q1";66;3;3;49;31;25;11;8;3;3;4;3;59;34;20;10;8;3;7;49;1315;104;764;6;6;NA;NA;NA;1;3;NA;NA;NA;2021-05-10;2021;"2021-0416:1";1064;0;0,385290155884792;-0,700439718141092;19;"Pablo Cuevas";77;"Cameron Norrie";-0,700439718141092;0,385290155884792;-1,08572987402588;35,3;25,7;9,6;180;188;-8;1;0,428571428571429;0,428571428571429;1;-0,571428571428571;7;3;3;3;4;0;0;4;-4;0;1;0
"831872";"2021-0416";"Rome Masters";"Clay";"64";"Masters";6;25;"Hugo Dellien";"R";180;"BOL";27,8;71;"Jaume Munar";"R";183;"ESP";24;"6-4 6-1";3;"Q1";86;0;0;47;34;25;8;8;1;1;0;3;56;31;19;12;9;2;6;128;594;83;907;6;6;NA;NA;NA;4;1;NA;NA;NA;2021-05-10;2021;"2021-0416:6";1065;1;-1;-0,375039431346925;25;"Hugo Dellien";71;"Jaume Munar";-1;-0,375039431346925;-0,624960568653075;27,8;24;3,8;180;183;-3;1;0,333333333333333;1;0,333333333333333;0,666666666666667;6;1;2;1;4;0;4;0;4;0;1;0
"831873";"2021-0416";"Rome Masters";"Clay";"64";"Masters";7;80;"Tommy Paul";"R";185;"USA";23,9;59;"Juan Ignacio Londero";"R";180;"ARG";27,7;"7-6(5) 6-3";3;"Q1";100;5;1;67;39;28;18;10;1;1;0;3;75;30;23;23;11;5;7;55;1140;98;803;7;6;NA;NA;NA;6;3;NA;NA;NA;2021-05-10;2021;"2021-0416:7";1066;0;0,21864028647534;-0,614709844115208;59;"Juan Ignacio Londero";80;"Tommy Paul";-0,614709844115208;0,21864028647534;-0,833350130590548;27,7;23,9;3,8;180;185;-5;1;0,714285714285714;0,714285714285714;1;-0,285714285714286;7;1;5;1;2;0;0;2;-2;0;1;0
"831880";"2021-0416";"Rome Masters";"Clay";"64";"Masters";14;24;"Federico Delbonis";"L";190;"ARG";30,5;42;"Marcos Giron";"R";180;"USA";27,7;"6-3 6-3";3;"Q1";80;1;0;48;25;22;16;9;1;1;3;3;71;35;25;15;9;1;4;64;1036;84;900;6;6;NA;NA;NA;3;3;NA;NA;NA;2021-05-10;2021;"2021-0416:14";1067;1;0;-0,392317422778761;24;"Federico Delbonis";42;"Marcos Giron";0;-0,392317422778761;0,392317422778761;30,5;27,7;2,8;190;180;10;1;0,25;1;0,25;0,75;4;1;1;1;3;0;3;0;3;0;1;0
"831881";"2021-0416";"Rome Masters";"Clay";"64";"Masters";15;77;"Cameron Norrie";"L";188;"GBR";25,7;14;"Marco Cecchinato";"R";185;"ITA";28,6;"6-4 2-6 6-4";3;"Q2";142;0;3;91;59;36;16;14;8;12;2;4;88;58;40;11;14;5;9;49;1315;100;796;6;2;6;NA;NA;4;6;4;NA;NA;2021-05-10;2021;"2021-0416:15";1068;0;0,385290155884792;-0,643856189774724;14;"Marco Cecchinato";77;"Cameron Norrie";-0,643856189774724;0,385290155884792;-1,02914634565952;28,6;25,7;2,9;185;188;-3;0,666666666666667;0,555555555555556;0,555555555555556;0,666666666666667;-0,111111111111111;9;12;5;8;4;4;4;4;0;0;1;0
"831883";"2021-0416";"Rome Masters";"Clay";"64";"Masters";17;25;"Hugo Dellien";"R";180;"BOL";27,8;6;"Aljaz Bedene";"R";181;"SLO";31,8;"6-2 6-1";3;"Q2";61;1;0;32;25;23;5;7;0;0;4;3;53;26;13;12;8;7;12;128;594;57;1135;6;6;NA;NA;NA;2;1;NA;NA;NA;2021-05-10;2021;"2021-0416:17";1069;0;-1;0,167109985835259;6;"Aljaz Bedene";25;"Hugo Dellien";0,167109985835259;-1;1,16710998583526;31,8;27,8;4;181;180;1;1,5;0,583333333333333;0,583333333333333;1,5;-0,916666666666667;12;0;7;0;5;0;0;5;-5;0;1;0
"831888";"2021-0416";"Rome Masters";"Clay";"64";"Masters";22;93;"Jannik Sinner";"R";188;"ITA";19,7;48;"Ugo Humbert";"L";188;"FRA";22,8;"6-2 6-4";3;"R64";90;0;1;49;29;21;12;9;0;1;2;0;72;36;19;19;9;10;14;18;2545;32;1825;6;6;NA;NA;NA;2;4;NA;NA;NA;2021-05-10;2021;"2021-0416:22";1070;0;1,83007499855769;1;48;"Ugo Humbert";93;"Jannik Sinner";1;1,83007499855769;-0,830074998557688;22,8;19,7;3,1;188;188;0;0;0,714285714285714;0,714285714285714;0;0,714285714285714;14;1;10;0;4;1;1;4;-3;0;1;0
"831889";"2021-0416";"Rome Masters";"Clay";"64";"Masters";23;101;"Stefano Travaglia";"R";185;"ITA";29,3;79;"Benoit Paire";"R";196;"FRA";32;"6-4 6-3";3;"R64";78;3;1;59;30;23;14;9;4;6;5;7;64;33;18;13;10;2;7;69;999;35;1680;6;6;NA;NA;NA;4;3;NA;NA;NA;2021-05-10;2021;"2021-0416:23";1071;0;-0,108524456778169;0,870716983055034;79;"Benoit Paire";101;"Stefano Travaglia";0,870716983055034;-0,108524456778169;0,979241439833203;32;29,3;2,7;196;185;11;0,666666666666667;0,285714285714286;0,285714285714286;0,666666666666667;-0,380952380952381;7;6;2;4;5;2;2;5;-3;0;1;0
"831891";"2021-0416";"Rome Masters";"Clay";"64";"Masters";25;12;"Pablo Carreno Busta";"R";188;"ESP";29,8;27;"Laslo Djere";"R";188;"SRB";25,9;"4-6 6-3 6-1";3;"R64";132;2;1;75;48;41;12;13;3;4;4;2;88;51;36;16;13;6;10;12;3050;52;1168;4;6;6;NA;NA;6;3;1;NA;NA;2021-05-10;2021;"2021-0416:25";1072;1;2,41503749927884;0,299560281858908;12;"Pablo Carreno Busta";27;"Laslo Djere";2,41503749927884;0,299560281858908;2,11547721741994;29,8;25,9;3,9;188;188;0;0,75;0,6;0,75;0,6;0,15;10;4;6;3;4;1;4;1;3;0;1;0
"831892";"2021-0416";"Rome Masters";"Clay";"64";"Masters";26;75;"Kei Nishikori";"R";178;"JPN";31,3;35;"Fabio Fognini";"R";178;"ITA";33,9;"6-3 6-4";3;"R64";79;3;3;50;28;23;14;10;0;1;4;1;59;37;25;11;9;5;8;45;1408;28;2003;6;6;NA;NA;NA;3;4;NA;NA;NA;2021-05-10;2021;"2021-0416:26";1073;0;0,508146903670325;1,1926450779424;35;"Fabio Fognini";75;"Kei Nishikori";1,1926450779424;0,508146903670325;0,684498174272071;33,9;31,3;2,6;178;178;0;0;0,625;0,625;0;0,625;8;1;5;0;3;1;1;3;-2;0;1;0
"831893";"2021-0416";"Rome Masters";"Clay";"64";"Masters";27;25;"Hugo Dellien";"R";180;"BOL";27,8;62;"Adrian Mannarino";"L";183;"FRA";32,8;"2-6 7-5 6-2";3;"R64";136;5;1;82;68;44;8;14;5;9;6;6;90;53;32;18;14;4;9;128;594;36;1651;2;7;6;NA;NA;6;5;2;NA;NA;2021-05-10;2021;"2021-0416:27";1074;1;-1;0,830074998557688;25;"Hugo Dellien";62;"Adrian Mannarino";-1;0,830074998557688;-1,83007499855769;27,8;32,8;-5;180;183;-3;0,555555555555556;0,444444444444444;0,555555555555556;0,444444444444444;0,111111111111111;9;9;4;5;5;4;5;4;1;0;1;0
"831894";"2021-0416";"Rome Masters";"Clay";"64";"Masters";28;51;"Aslan Karatsev";"R";185;"RUS";27,6;52;"Miomir Kecmanovic";"R";183;"SRB";21,6;"7-6(2) 6-4";3;"R64";102;5;3;75;38;31;21;11;2;3;1;1;73;44;28;19;11;1;3;27;2167;46;1384;7;6;NA;NA;NA;6;4;NA;NA;NA;2021-05-10;2021;"2021-0416:28";1075;1;1,24511249783653;0,476438043942987;51;"Aslan Karatsev";52;"Miomir Kecmanovic";1,24511249783653;0,476438043942987;0,768674453893545;27,6;21,6;6;185;183;2;0,666666666666667;0,333333333333333;0,666666666666667;0,333333333333333;0,333333333333333;3;3;1;2;2;1;2;1;1;0;1;0
"831895";"2021-0416";"Rome Masters";"Clay";"64";"Masters";29;78;"Reilly Opelka";"R";211;"USA";23,6;40;"Richard Gasquet";"R";185;"FRA";34,8;"6-1 7-5";3;"R64";65;18;1;57;38;30;12;10;0;0;2;3;47;27;20;9;9;0;3;47;1382;53;1163;6;7;NA;NA;NA;1;5;NA;NA;NA;2021-05-10;2021;"2021-0416:29";1076;0;0,445411148322362;0,272079545436801;40;"Richard Gasquet";78;"Reilly Opelka";0,272079545436801;0,445411148322362;-0,173331602885561;34,8;23,6;11,2;185;211;-26;1,5;0;0;1,5;-1,5;3;0;0;0;3;0;0;3;-3;0;1;0
"831897";"2021-0416";"Rome Masters";"Clay";"64";"Masters";31;43;"David Goffin";"R";180;"BEL";30,4;13;"Salvatore Caruso";"R";185;"ITA";28,3;"6-4 6-1";3;"R64";82;2;2;47;27;15;12;8;3;6;0;1;63;36;16;10;9;7;14;13;2875;81;928;6;6;NA;NA;NA;4;1;NA;NA;NA;2021-05-10;2021;"2021-0416:31";1077;0;2,29956028185891;-0,339850002884624;13;"Salvatore Caruso";43;"David Goffin";-0,339850002884624;2,29956028185891;-2,63941028474353;28,3;30,4;-2,1;185;180;5;0,5;0,5;0,5;0,5;0;14;6;7;3;7;3;3;7;-4;0;1;0
"831898";"2021-0416";"Rome Masters";"Clay";"64";"Masters";32;24;"Federico Delbonis";"L";190;"ARG";30,5;53;"Karen Khachanov";"R";198;"RUS";24,9;"3-6 6-4 6-0";3;"R64";101;4;4;67;40;31;15;13;1;3;4;4;73;44;31;11;12;8;12;64;1036;24;2280;3;6;6;NA;NA;6;4;0;NA;NA;2021-05-10;2021;"2021-0416:32";1078;1;0;1,41503749927884;24;"Federico Delbonis";53;"Karen Khachanov";0;1,41503749927884;-1,41503749927884;30,5;24,9;5,6;190;198;-8;0,333333333333333;0,666666666666667;0,333333333333333;0,666666666666667;-0,333333333333333;12;3;8;1;4;2;4;2;2;0;1;0
"831899";"2021-0416";"Rome Masters";"Clay";"64";"Masters";33;3;"Felix Auger Aliassime";"R";193;"CAN";20,7;56;"Filip Krajinovic";"R";185;"SRB";29,1;"6-3 6-7(5) 6-4";3;"R64";165;12;7;106;68;49;16;16;3;7;5;3;104;68;41;16;15;9;15;21;2418;39;1619;6;6;6;NA;NA;3;7;4;NA;NA;2021-05-10;2021;"2021-0416:33";1079;1;1,60768257722124;0,714597781137751;3;"Felix Auger Aliassime";56;"Filip Krajinovic";1,60768257722124;0,714597781137751;0,893084796083488;20,7;29,1;-8,4;193;185;8;0,428571428571429;0,6;0,428571428571429;0,6;-0,171428571428571;15;7;9;3;6;4;6;4;2;0;1;0
"831900";"2021-0416";"Rome Masters";"Clay";"64";"Masters";34;97;"Jan Lennard Struff";"R";193;"GER";31;6;"Aljaz Bedene";"R";181;"SLO";31,8;"6-3 6-1";3;"R64";66;6;1;53;29;23;13;8;2;2;5;3;52;28;15;10;8;3;7;41;1545;57;1135;6;6;NA;NA;NA;3;1;NA;NA;NA;2021-05-10;2021;"2021-0416:34";1080;0;0,642447995381916;0,167109985835259;6;"Aljaz Bedene";97;"Jan Lennard Struff";0,167109985835259;0,642447995381916;-0,475338009546658;31,8;31;0,800000000000001;181;193;-12;1;0,428571428571429;0,428571428571429;1;-0,571428571428571;7;2;3;2;4;0;0;4;-4;0;1;0
"831902";"2021-0416";"Rome Masters";"Clay";"64";"Masters";36;5;"Roberto Bautista Agut";"R";183;"ESP";33;80;"Tommy Paul";"R";185;"USA";23,9;"6-3 6-4";3;"R64";91;3;1;62;42;30;11;10;5;6;6;3;51;27;15;14;9;1;4;11;3170;55;1140;6;6;NA;NA;NA;3;4;NA;NA;NA;2021-05-10;2021;"2021-0416:36";1081;1;2,5405683813627;0,21864028647534;5;"Roberto Bautista Agut";80;"Tommy Paul";2,5405683813627;0,21864028647534;2,32192809488736;33;23,9;9,1;183;185;-2;0,833333333333333;0,25;0,833333333333333;0,25;0,583333333333333;4;6;1;5;3;1;3;1;2;0;1;0
"831903";"2021-0416";"Rome Masters";"Clay";"64";"Masters";37;94;"Lorenzo Sonego";"R";191;"ITA";25,9;69;"Gael Monfils";"R";193;"FRA";34,6;"6-4 5-7 6-4";3;"R64";168;2;2;100;59;41;17;16;6;11;5;8;114;73;50;13;16;8;14;33;1817;15;2703;6;5;6;NA;NA;4;7;4;NA;NA;2021-05-10;2021;"2021-0416:37";1082;0;0,955605880641547;2,09310940439148;69;"Gael Monfils";94;"Lorenzo Sonego";2,09310940439148;0,955605880641547;1,13750352374993;34,6;25,9;8,7;193;191;2;0,545454545454545;0,571428571428571;0,571428571428571;0,545454545454545;0,025974025974026;14;11;8;6;6;5;5;6;-1;0;1;0
"831905";"2021-0416";"Rome Masters";"Clay";"64";"Masters";39;37;"Marton Fucsovics";"R";188;"HUN";29,2;76;"Yoshihito Nishioka";"L";170;"JPN";25,6;"6-0 6-2";3;"R64";56;2;1;37;22;18;11;7;3;3;0;1;38;18;9;7;7;2;7;44;1421;59;1103;6;6;NA;NA;NA;0;2;NA;NA;NA;2021-05-10;2021;"2021-0416:39";1083;1;0,540568381362703;0,117356950638158;37;"Marton Fucsovics";76;"Yoshihito Nishioka";0,540568381362703;0,117356950638158;0,423211430724544;29,2;25,6;3,6;188;170;18;1;0,285714285714286;1;0,285714285714286;0,714285714285714;7;3;2;3;5;0;5;0;5;0;1;0
"831906";"2021-0416";"Rome Masters";"Clay";"64";"Masters";40;16;"Marin Cilic";"R";198;"CRO";32,6;10;"Alexander Bublik";"R";196;"KAZ";23,8;"4-6 6-2 6-3";3;"R64";103;18;1;84;48;39;20;14;3;4;8;6;75;38;29;18;13;4;7;43;1433;40;1613;4;6;6;NA;NA;6;2;3;NA;NA;2021-05-10;2021;"2021-0416:40";1084;0;0,573735245297902;0,678071905112637;10;"Alexander Bublik";16;"Marin Cilic";0,678071905112637;0,573735245297902;0,104336659814735;23,8;32,6;-8,8;196;198;-2;0,75;0,571428571428571;0,571428571428571;0,75;-0,178571428571429;7;4;4;3;3;1;1;3;-2;0;1;0
"831907";"2021-0416";"Rome Masters";"Clay";"64";"Masters";41;67;"John Millman";"R";183;"AUS";31,9;58;"Dusan Lajovic";"R";180;"SRB";30,8;"6-3 6-4";3;"R64";85;3;0;64;42;31;15;10;2;2;3;0;59;39;28;8;9;4;6;42;1486;37;1630;6;6;NA;NA;NA;3;4;NA;NA;NA;2021-05-10;2021;"2021-0416:41";1085;0;0,607682577221239;0,79054663437105;58;"Dusan Lajovic";67;"John Millman";0,79054663437105;0,607682577221239;0,182864057149811;30,8;31,9;-1,1;180;183;-3;1;0,666666666666667;0,666666666666667;1;-0,333333333333333;6;2;4;2;2;0;0;2;-2;0;1;0
"831908";"2021-0416";"Rome Masters";"Clay";"64";"Masters";42;9;"Matteo Berrettini";"R";196;"ITA";25;4;"Nikoloz Basilashvili";"R";185;"GEO";29,2;"4-6 6-2 6-4";3;"R64";122;12;2;96;60;41;19;14;5;7;4;2;80;44;32;19;14;1;5;9;4048;30;1885;4;6;6;NA;NA;6;2;4;NA;NA;2021-05-10;2021;"2021-0416:42";1086;0;2,83007499855769;1,09310940439148;4;"Nikoloz Basilashvili";9;"Matteo Berrettini";1,09310940439148;2,83007499855769;-1,73696559416621;29,2;25;4,2;185;196;-11;0,714285714285714;0,2;0,2;0,714285714285714;-0,514285714285714;5;7;1;5;4;2;2;4;-2;0;1;0
"831909";"2021-0416";"Rome Masters";"Clay";"64";"Masters";43;21;"Alejandro Davidovich Fokina";"R";183;"ESP";21,9;26;"Grigor Dimitrov";"R";188;"BUL";29,9;"6-4 7-6(2)";3;"R64";102;3;8;76;52;42;9;11;5;6;3;7;69;38;26;18;11;1;3;48;1328;17;2586;6;7;NA;NA;NA;4;6;NA;NA;NA;2021-05-10;2021;"2021-0416:43";1087;1;0,415037499278844;1,91253715874966;21;"Alejandro Davidovich Fokina";26;"Grigor Dimitrov";0,415037499278844;1,91253715874966;-1,49749965947082;21,9;29,9;-8;183;188;-5;0,833333333333333;0,333333333333333;0,833333333333333;0,333333333333333;0,5;3;6;1;5;2;1;2;1;1;0;1;0
"831910";"2021-0416";"Rome Masters";"Clay";"64";"Masters";44;77;"Cameron Norrie";"L";188;"GBR";25,7;11;"Roberto Carballes Baena";"R";183;"ESP";28,1;"6-4 6-4";3;"R64";102;3;2;63;42;25;12;10;3;6;1;2;61;40;23;8;10;1;6;49;1315;96;819;6;6;NA;NA;NA;4;4;NA;NA;NA;2021-05-10;2021;"2021-0416:44";1088;0;0,385290155884792;-0,584962500721156;11;"Roberto Carballes Baena";77;"Cameron Norrie";-0,584962500721156;0,385290155884792;-0,970252656605948;28,1;25,7;2,4;183;188;-5;0,5;0,166666666666667;0,166666666666667;0,5;-0,333333333333333;6;6;1;3;5;3;3;5;-2;0;1;0
"831911";"2021-0416";"Rome Masters";"Clay";"64";"Masters";45;36;"Taylor Fritz";"R";193;"USA";23,5;31;"Daniel Evans";"R";175;"GBR";30,9;"6-3 6-2";3;"R64";76;5;0;42;29;22;10;9;0;1;0;0;65;43;24;9;8;7;11;31;1830;26;2185;6;6;NA;NA;NA;3;2;NA;NA;NA;2021-05-10;2021;"2021-0416:45";1089;0;1,04580368961313;1,29956028185891;31;"Daniel Evans";36;"Taylor Fritz";1,29956028185891;1,04580368961313;0,253756592245783;30,9;23,5;7,4;175;193;-18;0;0,636363636363636;0,636363636363636;0;0,636363636363636;11;1;7;0;4;1;1;4;-3;0;1;0
"831912";"2021-0416";"Rome Masters";"Clay";"64";"Masters";46;74;"Rafael Nadal";"L";185;"ESP";34,9;93;"Jannik Sinner";"R";188;"ITA";19,7;"7-5 6-4";3;"R32";130;0;1;61;30;21;17;11;1;4;1;2;78;42;25;16;11;10;15;3;9630;18;2545;7;6;NA;NA;NA;5;4;NA;NA;NA;2021-05-10;2021;"2021-0416:46";1090;1;4,41503749927884;1,83007499855769;74;"Rafael Nadal";93;"Jannik Sinner";4,41503749927884;1,83007499855769;2,58496250072116;34,9;19,7;15,2;185;188;-3;0,25;0,666666666666667;0,25;0,666666666666667;-0,416666666666667;15;4;10;1;5;3;5;3;2;0;1;0
"831913";"2021-0416";"Rome Masters";"Clay";"64";"Masters";47;91;"Denis Shapovalov";"L";185;"CAN";22;101;"Stefano Travaglia";"R";185;"ITA";29,3;"7-6(2) 6-3";3;"R32";95;2;10;64;29;26;20;10;3;3;1;6;74;45;32;15;11;5;7;14;2855;69;999;7;6;NA;NA;NA;6;3;NA;NA;NA;2021-05-10;2021;"2021-0416:47";1091;1;2,1926450779424;-0,108524456778169;91;"Denis Shapovalov";101;"Stefano Travaglia";2,1926450779424;-0,108524456778169;2,30116953472056;22;29,3;-7,3;185;185;0;1;0,714285714285714;1;0,714285714285714;0,285714285714286;7;3;5;3;2;0;2;0;2;0;1;0
"831915";"2021-0416";"Rome Masters";"Clay";"64";"Masters";49;109;"Alexander Zverev";"R";198;"GER";24;25;"Hugo Dellien";"R";180;"BOL";27,8;"6-2 6-2";3;"R32";80;4;2;56;37;28;11;8;6;6;2;2;56;43;25;4;8;3;7;6;6945;128;594;6;6;NA;NA;NA;2;2;NA;NA;NA;2021-05-10;2021;"2021-0416:49";1092;0;3,41503749927884;-1;25;"Hugo Dellien";109;"Alexander Zverev";-1;3,41503749927884;-4,41503749927884;27,8;24;3,8;180;198;-18;1;0,428571428571429;0,428571428571429;1;-0,571428571428571;7;6;3;6;4;0;0;4;-4;0;1;0
"831916";"2021-0416";"Rome Masters";"Clay";"64";"Masters";50;51;"Aslan Karatsev";"R";185;"RUS";27,6;66;"Daniil Medvedev";"R";198;"RUS";25,2;"6-2 6-4";3;"R32";77;1;0;50;29;26;13;9;1;1;5;1;58;38;23;12;9;3;6;27;2167;2;9780;6;6;NA;NA;NA;2;4;NA;NA;NA;2021-05-10;2021;"2021-0416:50";1093;1;1,24511249783653;5;51;"Aslan Karatsev";66;"Daniil Medvedev";1,24511249783653;5;-3,75488750216347;27,6;25,2;2,4;185;198;-13;1;0,5;1;0,5;0,5;6;1;3;1;3;0;3;0;3;0;1;0
"831917";"2021-0416";"Rome Masters";"Clay";"64";"Masters";51;78;"Reilly Opelka";"R";211;"USA";23,6;73;"Lorenzo Musetti";"R";185;"ITA";19,1;"6-4 6-4";3;"R32";72;23;1;53;35;30;10;10;0;0;1;0;52;41;28;5;10;1;3;47;1382;82;917;6;6;NA;NA;NA;4;4;NA;NA;NA;2021-05-10;2021;"2021-0416:51";1094;0;0,445411148322362;-0,357552004618084;73;"Lorenzo Musetti";78;"Reilly Opelka";-0,357552004618084;0,445411148322362;-0,802963152940446;19,1;23,6;-4,5;185;211;-26;1,5;0,333333333333333;0,333333333333333;1,5;-1,16666666666667;3;0;1;0;2;0;0;2;-2;0;1;0
"831918";"2021-0416";"Rome Masters";"Clay";"64";"Masters";52;24;"Federico Delbonis";"L";190;"ARG";30,5;43;"David Goffin";"R";180;"BEL";30,4;"6-2 6-1";3;"R32";67;0;0;44;22;18;15;8;0;0;0;4;43;22;13;7;7;5;9;64;1036;13;2875;6;6;NA;NA;NA;2;1;NA;NA;NA;2021-05-10;2021;"2021-0416:52";1095;1;0;2,29956028185891;24;"Federico Delbonis";43;"David Goffin";0;2,29956028185891;-2,29956028185891;30,5;30,4;0,100000000000001;190;180;10;1,5;0,555555555555556;1,5;0,555555555555556;0,944444444444444;9;0;5;0;4;0;4;0;4;0;1;0
"831919";"2021-0416";"Rome Masters";"Clay";"64";"Masters";53;3;"Felix Auger Aliassime";"R";193;"CAN";20,7;89;"Diego Schwartzman";"R";170;"ARG";28,7;"6-1 6-3";3;"R32";63;5;4;40;25;19;10;8;0;1;1;6;40;25;12;4;8;1;6;21;2418;10;3765;6;6;NA;NA;NA;1;3;NA;NA;NA;2021-05-10;2021;"2021-0416:53";1096;1;1,60768257722124;2,67807190511264;3;"Felix Auger Aliassime";89;"Diego Schwartzman";1,60768257722124;2,67807190511264;-1,0703893278914;20,7;28,7;-8;193;170;23;0;0,166666666666667;0;0,166666666666667;-0,166666666666667;6;1;1;0;5;1;5;1;4;0;1;0
"831920";"2021-0416";"Rome Masters";"Clay";"64";"Masters";54;87;"Andrey Rublev";"R";188;"RUS";23,5;97;"Jan Lennard Struff";"R";193;"GER";31;"6-7(7) 6-1 6-4";3;"R32";137;12;2;110;67;52;25;15;7;7;11;3;100;57;37;25;14;3;6;7;6000;41;1545;6;6;6;NA;NA;7;1;4;NA;NA;2021-05-10;2021;"2021-0416:54";1097;1;3,1926450779424;0,642447995381916;87;"Andrey Rublev";97;"Jan Lennard Struff";3,1926450779424;0,642447995381916;2,55019708256048;23,5;31;-7,5;188;193;-5;1;0,5;1;0,5;0,5;6;7;3;7;3;0;3;0;3;0;1;0
"831921";"2021-0416";"Rome Masters";"Clay";"64";"Masters";55;5;"Roberto Bautista Agut";"R";183;"ESP";33;39;"Cristian Garin";"R";185;"CHI";24,9;"7-6(5) 6-3";3;"R32";121;0;0;67;43;26;17;10;4;6;4;3;89;53;31;16;11;6;10;11;3170;22;2350;7;6;NA;NA;NA;6;3;NA;NA;NA;2021-05-10;2021;"2021-0416:55";1098;1;2,5405683813627;1,5405683813627;5;"Roberto Bautista Agut";39;"Cristian Garin";2,5405683813627;1,5405683813627;1;33;24,9;8,1;183;185;-2;0,666666666666667;0,6;0,666666666666667;0,6;0,0666666666666667;10;6;6;4;4;2;4;2;2;0;1;0
"831923";"2021-0416";"Rome Masters";"Clay";"64";"Masters";57;98;"Dominic Thiem";"R";185;"AUT";27,6;37;"Marton Fucsovics";"R";188;"HUN";29,2;"3-6 7-6(5) 6-0";3;"R32";152;2;1;101;57;40;22;14;10;14;1;3;87;55;32;18;13;8;13;4;8365;44;1421;3;7;6;NA;NA;6;6;0;NA;NA;2021-05-10;2021;"2021-0416:57";1099;0;4;0,540568381362703;37;"Marton Fucsovics";98;"Dominic Thiem";0,540568381362703;4;-3,4594316186373;29,2;27,6;1,6;188;185;3;0,714285714285714;0,615384615384615;0,615384615384615;0,714285714285714;-0,0989010989010989;13;14;8;10;5;4;4;5;-1;0;1;0
"831924";"2021-0416";"Rome Masters";"Clay";"64";"Masters";58;103;"Stefanos Tsitsipas";"R";193;"GRE";22,7;16;"Marin Cilic";"R";198;"CRO";32,6;"7-5 6-2";3;"R32";103;3;2;59;40;33;12;10;3;3;2;2;71;38;28;14;10;3;6;5;7610;43;1433;7;6;NA;NA;NA;5;2;NA;NA;NA;2021-05-10;2021;"2021-0416:58";1100;0;3,67807190511264;0,573735245297902;16;"Marin Cilic";103;"Stefanos Tsitsipas";0,573735245297902;3,67807190511264;-3,10433665981474;32,6;22,7;9,9;198;193;5;1;0,5;0,5;1;-0,5;6;3;3;3;3;0;0;3;-3;0;1;0
"831925";"2021-0416";"Rome Masters";"Clay";"64";"Masters";59;9;"Matteo Berrettini";"R";196;"ITA";25;67;"John Millman";"R";183;"AUS";31,9;"6-4 6-2";3;"R32";79;2;0;50;33;26;11;9;0;0;0;2;59;39;24;10;9;6;9;9;4048;42;1486;6;6;NA;NA;NA;4;2;NA;NA;NA;2021-05-10;2021;"2021-0416:59";1101;1;2,83007499855769;0,607682577221239;9;"Matteo Berrettini";67;"John Millman";2,83007499855769;0,607682577221239;2,22239242133645;25;31,9;-6,9;196;183;13;1,5;0,666666666666667;1,5;0,666666666666667;0,833333333333333;9;0;6;0;3;0;3;0;3;0;1;0
"831926";"2021-0416";"Rome Masters";"Clay";"64";"Masters";60;21;"Alejandro Davidovich Fokina";"R";183;"ESP";21,9;77;"Cameron Norrie";"L";188;"GBR";25,7;"6-2 6-3";3;"R32";78;0;5;55;40;30;7;9;1;2;1;1;55;34;23;5;8;7;11;48;1328;49;1315;6;6;NA;NA;NA;2;3;NA;NA;NA;2021-05-10;2021;"2021-0416:60";1102;1;0,415037499278844;0,385290155884792;21;"Alejandro Davidovich Fokina";77;"Cameron Norrie";0,415037499278844;0,385290155884792;0,0297473433940523;21,9;25,7;-3,8;183;188;-5;0,5;0,636363636363636;0,5;0,636363636363636;-0,136363636363636;11;2;7;1;4;1;4;1;3;0;1;0
"831927";"2021-0416";"Rome Masters";"Clay";"64";"Masters";61;28;"Novak Djokovic";"R";188;"SRB";33,9;36;"Taylor Fritz";"R";193;"USA";23,5;"6-3 7-6(5)";3;"R32";98;3;1;77;45;34;14;11;5;7;4;4;64;33;20;16;10;3;6;1;11463;31;1830;6;7;NA;NA;NA;3;6;NA;NA;NA;2021-05-10;2021;"2021-0416:61";1103;1;6;1,04580368961313;28;"Novak Djokovic";36;"Taylor Fritz";6;1,04580368961313;4,95419631038687;33,9;23,5;10,4;188;193;-5;0,714285714285714;0,5;0,714285714285714;0,5;0,214285714285714;6;7;3;5;3;2;3;2;1;0;1;0
"831928";"2021-0416";"Rome Masters";"Clay";"64";"Masters";62;74;"Rafael Nadal";"L";185;"ESP";34,9;91;"Denis Shapovalov";"L";185;"CAN";22;"3-6 6-4 7-6(3)";3;"R16";207;2;2;119;82;53;17;16;5;10;12;5;114;66;45;20;15;10;14;3;9630;14;2855;3;6;7;NA;NA;6;4;6;NA;NA;2021-05-10;2021;"2021-0416:62";1104;1;4,41503749927884;2,1926450779424;74;"Rafael Nadal";91;"Denis Shapovalov";4,41503749927884;2,1926450779424;2,22239242133645;34,9;22;12,9;185;185;0;0,5;0,714285714285714;0,5;0,714285714285714;-0,214285714285714;14;10;10;5;4;5;4;5;-1;0;1;0
"831929";"2021-0416";"Rome Masters";"Clay";"64";"Masters";63;109;"Alexander Zverev";"R";198;"GER";24;75;"Kei Nishikori";"R";178;"JPN";31,3;"4-6 6-3 6-4";3;"R16";172;7;8;117;69;48;19;15;5;9;2;0;104;67;39;17;14;8;13;6;6945;45;1408;4;6;6;NA;NA;6;3;4;NA;NA;2021-05-10;2021;"2021-0416:63";1105;0;3,41503749927884;0,508146903670325;75;"Kei Nishikori";109;"Alexander Zverev";0,508146903670325;3,41503749927884;-2,90689059560852;31,3;24;7,3;178;198;-20;0,555555555555556;0,615384615384615;0,615384615384615;0,555555555555556;0,0598290598290598;13;9;8;5;5;4;4;5;-1;0;1;0
"831930";"2021-0416";"Rome Masters";"Clay";"64";"Masters";64;78;"Reilly Opelka";"R";211;"USA";23,6;51;"Aslan Karatsev";"R";185;"RUS";27,6;"7-6(6) 6-4";3;"R16";97;18;1;69;42;34;18;11;2;2;2;4;66;45;36;13;11;1;2;47;1382;27;2167;7;6;NA;NA;NA;6;4;NA;NA;NA;2021-05-10;2021;"2021-0416:64";1106;0;0,445411148322362;1,24511249783653;51;"Aslan Karatsev";78;"Reilly Opelka";1,24511249783653;0,445411148322362;0,799701349514169;27,6;23,6;4;185;211;-26;1;0,5;0,5;1;-0,5;2;2;1;2;1;0;0;1;-1;0;1;0
"831931";"2021-0416";"Rome Masters";"Clay";"64";"Masters";65;24;"Federico Delbonis";"L";190;"ARG";30,5;3;"Felix Auger Aliassime";"R";193;"CAN";20,7;"7-6(3) 6-1";3;"R16";111;0;2;69;42;32;15;10;3;4;2;6;66;42;30;8;9;4;7;64;1036;21;2418;7;6;NA;NA;NA;6;1;NA;NA;NA;2021-05-10;2021;"2021-0416:65";1107;0;0;1,60768257722124;3;"Felix Auger Aliassime";24;"Federico Delbonis";1,60768257722124;0;1,60768257722124;20,7;30,5;-9,8;193;190;3;0,75;0,571428571428571;0,571428571428571;0,75;-0,178571428571429;7;4;4;3;3;1;1;3;-2;0;1;0
"831932";"2021-0416";"Rome Masters";"Clay";"64";"Masters";66;87;"Andrey Rublev";"R";188;"RUS";23,5;5;"Roberto Bautista Agut";"R";183;"ESP";33;"6-4 6-4";3;"R16";90;5;0;58;34;25;12;10;2;4;0;1;64;44;28;8;10;6;10;7;6000;11;3170;6;6;NA;NA;NA;4;4;NA;NA;NA;2021-05-10;2021;"2021-0416:66";1108;0;3,1926450779424;2,5405683813627;5;"Roberto Bautista Agut";87;"Andrey Rublev";2,5405683813627;3,1926450779424;-0,652076696579693;33;23,5;9,5;183;188;-5;0,5;0,6;0,6;0,5;0,1;10;4;6;2;4;2;2;4;-2;0;1;0
"831933";"2021-0416";"Rome Masters";"Clay";"64";"Masters";67;94;"Lorenzo Sonego";"R";191;"ITA";25,9;98;"Dominic Thiem";"R";185;"AUT";27,6;"6-4 6-7(5) 7-6(5)";3;"R16";204;9;0;120;85;58;21;17;7;9;8;3;132;86;60;22;17;11;14;33;1817;4;8365;6;6;7;NA;NA;4;7;6;NA;NA;2021-05-10;2021;"2021-0416:67";1109;1;0,955605880641547;4;94;"Lorenzo Sonego";98;"Dominic Thiem";0,955605880641547;4;-3,04439411935845;25,9;27,6;-1,7;191;185;6;0,777777777777778;0,785714285714286;0,777777777777778;0,785714285714286;-0,00793650793650791;14;9;11;7;3;2;3;2;1;0;1;0
"831934";"2021-0416";"Rome Masters";"Clay";"64";"Masters";68;103;"Stefanos Tsitsipas";"R";193;"GRE";22,7;9;"Matteo Berrettini";"R";196;"ITA";25;"7-6(3) 6-2";3;"R16";96;3;0;59;31;26;20;10;2;2;6;0;64;27;23;20;10;5;7;5;7610;9;4048;7;6;NA;NA;NA;6;2;NA;NA;NA;2021-05-10;2021;"2021-0416:68";1110;0;3,67807190511264;2,83007499855769;9;"Matteo Berrettini";103;"Stefanos Tsitsipas";2,83007499855769;3,67807190511264;-0,84799690655495;25;22,7;2,3;196;193;3;1;0,714285714285714;0,714285714285714;1;-0,285714285714286;7;2;5;2;2;0;0;2;-2;0;1;0
"831935";"2021-0416";"Rome Masters";"Clay";"64";"Masters";69;28;"Novak Djokovic";"R";188;"SRB";33,9;21;"Alejandro Davidovich Fokina";"R";183;"ESP";21,9;"6-2 6-1";3;"R16";70;4;1;50;33;23;11;8;3;4;0;3;54;37;17;7;7;5;10;1;11463;48;1328;6;6;NA;NA;NA;2;1;NA;NA;NA;2021-05-10;2021;"2021-0416:69";1111;0;6;0,415037499278844;21;"Alejandro Davidovich Fokina";28;"Novak Djokovic";0,415037499278844;6;-5,58496250072116;21,9;33,9;-12;183;188;-5;0,75;0,5;0,5;0,75;-0,25;10;4;5;3;5;1;1;5;-4;0;1;0
"831936";"2021-0416";"Rome Masters";"Clay";"64";"Masters";70;74;"Rafael Nadal";"L";185;"ESP";34,9;109;"Alexander Zverev";"R";198;"GER";24;"6-3 6-4";3;"QF";119;1;0;69;50;29;15;10;9;10;6;3;64;44;28;8;9;3;6;3;9630;6;6945;6;6;NA;NA;NA;3;4;NA;NA;NA;2021-05-10;2021;"2021-0416:70";1112;1;4,41503749927884;3,41503749927884;74;"Rafael Nadal";109;"Alexander Zverev";4,41503749927884;3,41503749927884;1;34,9;24;10,9;185;198;-13;0,9;0,5;0,9;0,5;0,4;6;10;3;9;3;1;3;1;2;0;1;0
"831937";"2021-0416";"Rome Masters";"Clay";"64";"Masters";71;78;"Reilly Opelka";"R";211;"USA";23,6;24;"Federico Delbonis";"L";190;"ARG";30,5;"7-5 7-6(2)";3;"QF";101;18;1;73;50;40;16;12;4;4;5;2;63;45;36;13;12;1;2;47;1382;64;1036;7;7;NA;NA;NA;5;6;NA;NA;NA;2021-05-10;2021;"2021-0416:71";1113;0;0,445411148322362;0;24;"Federico Delbonis";78;"Reilly Opelka";0;0,445411148322362;-0,445411148322362;30,5;23,6;6,9;190;211;-21;1;0,5;0,5;1;-0,5;2;4;1;4;1;0;0;1;-1;0;1;0
"831938";"2021-0416";"Rome Masters";"Clay";"64";"Masters";72;94;"Lorenzo Sonego";"R";191;"ITA";25,9;87;"Andrey Rublev";"R";188;"RUS";23,5;"3-6 6-4 6-3";3;"QF";153;5;1;111;71;50;17;14;11;13;7;0;88;54;39;16;14;1;4;33;1817;7;6000;3;6;6;NA;NA;6;4;3;NA;NA;2021-05-10;2021;"2021-0416:72";1114;0;0,955605880641547;3,1926450779424;87;"Andrey Rublev";94;"Lorenzo Sonego";3,1926450779424;0,955605880641547;2,23703919730085;23,5;25,9;-2,4;188;191;-3;0,846153846153846;0,25;0,25;0,846153846153846;-0,596153846153846;4;13;1;11;3;2;2;3;-1;0;1;0
"831939";"2021-0416";"Rome Masters";"Clay";"64";"Masters";73;28;"Novak Djokovic";"R";188;"SRB";33,9;103;"Stefanos Tsitsipas";"R";193;"GRE";22,7;"4-6 7-5 7-5";3;"QF";196;4;6;112;78;54;15;17;9;14;5;1;141;90;52;24;17;17;23;1;11463;5;7610;4;7;7;NA;NA;6;5;5;NA;NA;2021-05-10;2021;"2021-0416:73";1115;1;6;3,67807190511264;28;"Novak Djokovic";103;"Stefanos Tsitsipas";6;3,67807190511264;2,32192809488736;33,9;22,7;11,2;188;193;-5;0,642857142857143;0,739130434782609;0,642857142857143;0,739130434782609;-0,0962732919254657;23;14;17;9;6;5;6;5;1;0;1;0
"831940";"2021-0416";"Rome Masters";"Clay";"64";"Masters";74;74;"Rafael Nadal";"L";185;"ESP";34,9;78;"Reilly Opelka";"R";211;"USA";23,6;"6-4 6-4";3;"SF";92;5;1;57;43;36;8;10;4;4;11;1;61;32;27;15;10;5;7;3;9630;47;1382;6;6;NA;NA;NA;4;4;NA;NA;NA;2021-05-10;2021;"2021-0416:74";1116;1;4,41503749927884;0,445411148322362;74;"Rafael Nadal";78;"Reilly Opelka";4,41503749927884;0,445411148322362;3,96962635095648;34,9;23,6;11,3;185;211;-26;1;0,714285714285714;1;0,714285714285714;0,285714285714286;7;4;5;4;2;0;2;0;2;0;1;0
"831941";"2021-0416";"Rome Masters";"Clay";"64";"Masters";75;28;"Novak Djokovic";"R";188;"SRB";33,9;94;"Lorenzo Sonego";"R";191;"ITA";25,9;"6-3 6-7(5) 6-2";3;"SF";164;5;2;95;66;52;17;15;6;7;3;3;99;70;44;16;14;8;12;1;11463;33;1817;6;6;6;NA;NA;3;7;2;NA;NA;2021-05-10;2021;"2021-0416:75";1117;1;6;0,955605880641547;28;"Novak Djokovic";94;"Lorenzo Sonego";6;0,955605880641547;5,04439411935845;33,9;25,9;8;188;191;-3;0,857142857142857;0,666666666666667;0,857142857142857;0,666666666666667;0,19047619047619;12;7;8;6;4;1;4;1;3;0;1;0
"831942";"2021-0416";"Rome Masters";"Clay";"64";"Masters";76;74;"Rafael Nadal";"L";185;"ESP";34,9;28;"Novak Djokovic";"R";188;"SRB";33,9;"7-5 1-6 6-3";3;"F";169;3;1;96;72;47;11;14;5;8;5;4;95;63;41;15;14;3;6;3;9630;1;11463;7;1;6;NA;NA;5;6;3;NA;NA;2021-05-10;2021;"2021-0416:76";1118;0;4,41503749927884;6;28;"Novak Djokovic";74;"Rafael Nadal";6;4,41503749927884;1,58496250072116;33,9;34,9;-1;188;185;3;0,625;0,5;0,5;0,625;-0,125;6;8;3;5;3;3;3;3;0;0;1;0
"854606";"2022-0410";"Monte Carlo Masters";"Clay";"64";"Masters";9;25;"Hugo Dellien";"R";180;"BOL";28,8;62;"Adrian Mannarino";"L";183;"FRA";33,7;"6-1 4-6 7-5";3;"Q1";143;2;4;91;54;38;17;15;6;10;0;9;99;50;32;19;14;6;12;92;723;68;869;6;4;7;NA;NA;1;6;5;NA;NA;2022-04-11;2022;"2022-0410:9";1119;1;-0,523561956057013;-0,0874628412503391;25;"Hugo Dellien";62;"Adrian Mannarino";-0,523561956057013;-0,0874628412503391;-0,436099114806674;28,8;33,7;-4,9;180;183;-3;0,6;0,5;0,6;0,5;0,1;12;10;6;6;6;4;6;4;2;0;1;0
"854607";"2022-0410";"Monte Carlo Masters";"Clay";"64";"Masters";10;20;"Taro Daniel";"R";191;"JPN";29,2;67;"John Millman";"R";183;"AUS";32,8;"6-2 6-3";3;"Q1";97;4;1;52;30;25;10;8;4;4;3;3;70;41;27;8;9;6;10;106;654;74;828;6;6;NA;NA;NA;2;3;NA;NA;NA;2022-04-11;2022;"2022-0410:10";1120;1;-0,727920454563199;-0,20945336562895;20;"Taro Daniel";67;"John Millman";-0,727920454563199;-0,20945336562895;-0,518467088934249;29,2;32,8;-3,6;191;183;8;1;0,6;1;0,6;0,4;10;4;6;4;4;0;4;0;4;0;1;0
"854616";"2022-0410";"Monte Carlo Masters";"Clay";"64";"Masters";19;25;"Hugo Dellien";"R";180;"BOL";28,8;20;"Taro Daniel";"R";191;"JPN";29,2;"6-4 6-7(9) 6-3";3;"Q2";205;0;2;122;82;49;16;15;10;15;5;2;124;78;45;18;16;7;15;92;723;106;654;6;6;6;NA;NA;4;7;3;NA;NA;2022-04-11;2022;"2022-0410:19";1121;0;-0,523561956057013;-0,727920454563199;20;"Taro Daniel";25;"Hugo Dellien";-0,727920454563199;-0,523561956057013;-0,204358498506186;29,2;28,8;0,399999999999999;191;180;11;0,666666666666667;0,466666666666667;0,466666666666667;0,666666666666667;-0,2;15;15;7;10;8;5;5;8;-3;0;1;0
"854619";"2022-0410";"Monte Carlo Masters";"Clay";"64";"Masters";22;21;"Alejandro Davidovich Fokina";"R";183;"ESP";22,8;42;"Marcos Giron";"R";180;"USA";28,7;"7-5 6-3";3;"R64";98;2;5;56;35;26;11;10;3;5;3;2;78;40;26;16;11;8;13;46;1095;54;983;7;6;NA;NA;NA;5;3;NA;NA;NA;2022-04-11;2022;"2022-0410:22";1122;1;0,476438043942987;0,245112497836532;21;"Alejandro Davidovich Fokina";42;"Marcos Giron";0,476438043942987;0,245112497836532;0,231325546106455;22,8;28,7;-5,9;183;180;3;0,6;0,615384615384615;0,6;0,615384615384615;-0,0153846153846154;13;5;8;3;5;2;5;2;3;0;1;0
"854623";"2022-0410";"Monte Carlo Masters";"Clay";"64";"Masters";26;16;"Marin Cilic";"R";198;"CRO";33,5;104;"Jo-Wilfried Tsonga";"R";188;"FRA";36,9;"6-2 6-2";3;"R64";67;3;2;41;21;18;14;8;0;0;2;5;50;27;16;10;8;3;7;22;1740;254;206;6;6;NA;NA;NA;2;2;NA;NA;NA;2022-04-11;2022;"2022-0410:26";1123;1;1,5405683813627;-1,98868468677217;16;"Marin Cilic";104;"Jo-Wilfried Tsonga";1,5405683813627;-1,98868468677217;3,52925306813487;33,5;36,9;-3,4;198;188;10;1,5;0,428571428571429;1,5;0,428571428571429;1,07142857142857;7;0;3;0;4;0;4;0;4;0;1;0
"854626";"2022-0410";"Monte Carlo Masters";"Clay";"64";"Masters";29;58;"Dusan Lajovic";"R";180;"SRB";31,7;56;"Filip Krajinovic";"R";185;"SRB";30,1;"6-2 7-6(4)";3;"R64";104;6;0;81;48;32;18;10;4;6;1;1;62;29;15;17;10;1;5;49;1056;39;1171;6;7;NA;NA;NA;2;6;NA;NA;NA;2022-04-11;2022;"2022-0410:29";1124;0;0,385290155884792;0,714597781137751;56;"Filip Krajinovic";58;"Dusan Lajovic";0,714597781137751;0,385290155884792;0,32930762525296;30,1;31,7;-1,6;185;180;5;0,666666666666667;0,2;0,2;0,666666666666667;-0,466666666666667;5;6;1;4;4;2;2;4;-2;0;1;0
"854628";"2022-0410";"Monte Carlo Masters";"Clay";"64";"Masters";31;49;"Hubert Hurkacz";"R";196;"POL";25,1;25;"Hugo Dellien";"R";180;"BOL";28,8;"7-5 6-4";3;"R64";98;10;0;67;44;32;15;11;3;4;0;1;72;57;34;8;11;6;9;14;2873;92;723;7;6;NA;NA;NA;5;4;NA;NA;NA;2022-04-11;2022;"2022-0410:31";1125;0;2,1926450779424;-0,523561956057013;25;"Hugo Dellien";49;"Hubert Hurkacz";-0,523561956057013;2,1926450779424;-2,71620703399941;28,8;25,1;3,7;180;196;-16;0,75;0,666666666666667;0,666666666666667;0,75;-0,0833333333333334;9;4;6;3;3;1;1;3;-2;0;1;0
"854629";"2022-0410";"Monte Carlo Masters";"Clay";"64";"Masters";32;63;"Pedro Martinez";"R";185;"ESP";24,9;48;"Ugo Humbert";"L";188;"FRA";23,7;"6-4 7-6(5)";3;"R64";150;0;4;92;60;31;16;11;3;8;3;4;98;61;34;14;11;9;15;45;1098;48;1078;6;7;NA;NA;NA;4;6;NA;NA;NA;2022-04-11;2022;"2022-0410:32";1126;0;0,508146903670325;0,415037499278844;48;"Ugo Humbert";63;"Pedro Martinez";0,415037499278844;0,508146903670325;-0,0931094043914813;23,7;24,9;-1,2;188;185;3;0,375;0,6;0,6;0,375;0,225;15;8;9;3;6;5;5;6;-1;0;1;0
"854631";"2022-0410";"Monte Carlo Masters";"Clay";"64";"Masters";34;73;"Lorenzo Musetti";"R";185;"ITA";20,1;79;"Benoit Paire";"R";196;"FRA";32,9;"6-2 6-7(4) 6-2";3;"R64";125;2;4;88;58;39;16;14;2;5;1;10;101;45;32;21;14;7;14;83;791;61;912;6;6;6;NA;NA;2;7;2;NA;NA;2022-04-11;2022;"2022-0410:34";1127;1;-0,375039431346925;0,0692626624371133;73;"Lorenzo Musetti";79;"Benoit Paire";-0,375039431346925;0,0692626624371133;-0,444302093784038;20,1;32,9;-12,8;185;196;-11;0,4;0,5;0,4;0,5;-0,1;14;5;7;2;7;3;7;3;4;0;1;0
"854633";"2022-0410";"Monte Carlo Masters";"Clay";"64";"Masters";36;89;"Diego Schwartzman";"R";170;"ARG";29,6;53;"Karen Khachanov";"R";198;"RUS";25,8;"6-7(5) 6-3 6-3";3;"R64";187;1;5;103;60;35;25;15;2;6;2;1;110;69;39;19;15;9;16;16;2580;24;1588;6;6;6;NA;NA;7;3;3;NA;NA;2022-04-11;2022;"2022-0410:36";1128;0;2;1,41503749927884;53;"Karen Khachanov";89;"Diego Schwartzman";1,41503749927884;2;-0,584962500721156;25,8;29,6;-3,8;198;170;28;0,333333333333333;0,5625;0,5625;0,333333333333333;0,229166666666667;16;6;9;2;7;4;4;7;-3;0;1;0
"854639";"2022-0410";"Monte Carlo Masters";"Clay";"64";"Masters";42;93;"Jannik Sinner";"R";188;"ITA";20,6;18;"Borna Coric";"R";188;"CRO";25,4;"6-3 2-6 6-3";3;"R64";147;5;6;90;50;39;20;13;7;9;2;1;95;53;31;24;13;6;9;12;3054;198;294;6;2;6;NA;NA;3;6;3;NA;NA;2022-04-11;2022;"2022-0410:42";1129;0;2,41503749927884;-1,62935662007961;18;"Borna Coric";93;"Jannik Sinner";-1,62935662007961;2,41503749927884;-4,04439411935845;25,4;20,6;4,8;188;188;0;0,777777777777778;0,666666666666667;0,666666666666667;0,777777777777778;-0,111111111111111;9;9;6;7;3;2;2;3;-1;0;1;0
"854641";"2022-0410";"Monte Carlo Masters";"Clay";"64";"Masters";44;10;"Alexander Bublik";"R";196;"KAZ";24,8;107;"Stan Wawrinka";"R";183;"SUI";37;"3-6 7-5 6-2";3;"R64";127;14;11;101;42;35;24;14;5;8;4;0;99;53;33;23;15;6;11;36;1238;236;232;3;7;6;NA;NA;6;5;2;NA;NA;2022-04-11;2022;"2022-0410:44";1130;1;0,830074998557688;-1,88264304936184;10;"Alexander Bublik";107;"Stan Wawrinka";0,830074998557688;-1,88264304936184;2,71271804791953;24,8;37;-12,2;196;183;13;0,625;0,545454545454545;0,625;0,545454545454545;0,0795454545454546;11;8;6;5;5;3;5;3;2;0;1;0
"854642";"2022-0410";"Monte Carlo Masters";"Clay";"64";"Masters";45;24;"Federico Delbonis";"L";190;"ARG";31,5;71;"Jaume Munar";"R";183;"ESP";24,9;"6-4 3-6 6-4";3;"R64";146;4;3;90;66;38;15;15;6;11;2;1;100;76;48;9;14;6;11;34;1279;105;663;6;3;6;NA;NA;4;6;4;NA;NA;2022-04-11;2022;"2022-0410:45";1131;1;0,912537158749661;-0,714245517666122;24;"Federico Delbonis";71;"Jaume Munar";0,912537158749661;-0,714245517666122;1,62678267641578;31,5;24,9;6,6;190;183;7;0,545454545454545;0,545454545454545;0,545454545454545;0,545454545454545;0;11;11;6;6;5;5;5;5;0;0;1;0
"854643";"2022-0410";"Monte Carlo Masters";"Clay";"64";"Masters";46;21;"Alejandro Davidovich Fokina";"R";183;"ESP";22,8;28;"Novak Djokovic";"R";188;"SRB";34,8;"6-3 6-7(5) 6-1";3;"R32";174;0;5;93;66;42;10;13;7;11;1;5;125;76;42;20;15;11;20;46;1095;1;8420;6;6;6;NA;NA;3;7;1;NA;NA;2022-04-11;2022;"2022-0410:46";1132;1;0,476438043942987;6;21;"Alejandro Davidovich Fokina";28;"Novak Djokovic";0,476438043942987;6;-5,52356195605701;22,8;34,8;-12;183;188;-5;0,636363636363636;0,55;0,636363636363636;0,55;0,0863636363636363;20;11;11;7;9;4;9;4;5;0;1;0
"854644";"2022-0410";"Monte Carlo Masters";"Clay";"64";"Masters";47;43;"David Goffin";"R";180;"BEL";31,3;31;"Daniel Evans";"R";175;"GBR";31,8;"7-6(5) 6-2";3;"R32";121;4;2;57;32;24;18;10;1;2;3;2;83;55;37;12;10;7;10;47;1093;27;1557;7;6;NA;NA;NA;6;2;NA;NA;NA;2022-04-11;2022;"2022-0410:47";1133;0;0,445411148322362;1,24511249783653;31;"Daniel Evans";43;"David Goffin";1,24511249783653;0,445411148322362;0,799701349514169;31,8;31,3;0,5;175;180;-5;0,5;0,7;0,7;0,5;0,2;10;2;7;1;3;1;1;3;-2;0;1;0
"854645";"2022-0410";"Monte Carlo Masters";"Clay";"64";"Masters";48;36;"Taylor Fritz";"R";193;"USA";24,4;16;"Marin Cilic";"R";198;"CRO";33,5;"6-3 4-6 6-4";3;"R32";135;4;2;110;61;44;25;15;5;7;10;9;86;41;34;18;14;4;7;13;2875;22;1740;6;4;6;NA;NA;3;6;4;NA;NA;2022-04-11;2022;"2022-0410:48";1134;0;2,29956028185891;1,5405683813627;16;"Marin Cilic";36;"Taylor Fritz";1,5405683813627;2,29956028185891;-0,758991900496205;33,5;24,4;9,1;198;193;5;0,714285714285714;0,571428571428571;0,571428571428571;0,714285714285714;-0,142857142857143;7;7;4;5;3;2;2;3;-1;0;1;0
"854648";"2022-0410";"Monte Carlo Masters";"Clay";"64";"Masters";51;26;"Grigor Dimitrov";"R";188;"BUL";30,9;58;"Dusan Lajovic";"R";180;"SRB";31,7;"4-6 6-3 6-2";3;"R32";125;5;3;85;51;40;16;14;2;4;3;3;85;60;37;14;13;6;10;29;1458;49;1056;4;6;6;NA;NA;6;3;2;NA;NA;2022-04-11;2022;"2022-0410:51";1135;1;1,14201900487243;0,385290155884792;26;"Grigor Dimitrov";58;"Dusan Lajovic";1,14201900487243;0,385290155884792;0,756728848987636;30,9;31,7;-0,800000000000001;188;180;8;0,5;0,6;0,5;0,6;-0,1;10;4;6;2;4;2;4;2;2;0;1;0
"854649";"2022-0410";"Monte Carlo Masters";"Clay";"64";"Masters";52;49;"Hubert Hurkacz";"R";196;"POL";25,1;63;"Pedro Martinez";"R";185;"ESP";24,9;"6-3 4-6 6-4";3;"R32";132;11;0;80;52;43;18;15;3;4;1;2;84;51;37;19;14;3;5;14;2873;45;1098;6;4;6;NA;NA;3;6;4;NA;NA;2022-04-11;2022;"2022-0410:52";1136;1;2,1926450779424;0,508146903670325;49;"Hubert Hurkacz";63;"Pedro Martinez";2,1926450779424;0,508146903670325;1,68449817427207;25,1;24,9;0,200000000000003;196;185;11;0,75;0,6;0,75;0,6;0,15;5;4;3;3;2;1;2;1;1;0;1;0
"854650";"2022-0410";"Monte Carlo Masters";"Clay";"64";"Masters";53;85;"Albert Ramos";"L";188;"ESP";34,2;77;"Cameron Norrie";"L";188;"GBR";26,6;"6-4 2-6 6-4";3;"R32";151;4;2;88;61;42;15;14;4;7;8;1;97;67;46;13;14;8;11;37;1221;10;3440;6;2;6;NA;NA;4;6;4;NA;NA;2022-04-11;2022;"2022-0410:53";1137;0;0,79054663437105;2,67807190511264;77;"Cameron Norrie";85;"Albert Ramos";2,67807190511264;0,79054663437105;1,88752527074159;26,6;34,2;-7,6;188;188;0;0,571428571428571;0,727272727272727;0,727272727272727;0,571428571428571;0,155844155844156;11;7;8;4;3;3;3;3;0;0;1;0
"854651";"2022-0410";"Monte Carlo Masters";"Clay";"64";"Masters";54;73;"Lorenzo Musetti";"R";185;"ITA";20,1;3;"Felix Auger Aliassime";"R";193;"CAN";21,6;"6-2 7-6(2)";3;"R32";102;1;1;63;42;29;14;10;0;1;2;2;64;40;26;13;10;0;3;83;791;9;3625;6;7;NA;NA;NA;2;6;NA;NA;NA;2022-04-11;2022;"2022-0410:54";1138;0;-0,375039431346925;2,83007499855769;3;"Felix Auger Aliassime";73;"Lorenzo Musetti";2,83007499855769;-0,375039431346925;3,20511442990461;21,6;20,1;1,5;193;185;8;0;0;0;0;0;3;1;0;0;3;1;1;3;-2;0;1;0
"854652";"2022-0410";"Monte Carlo Masters";"Clay";"64";"Masters";55;89;"Diego Schwartzman";"R";170;"ARG";29,6;37;"Marton Fucsovics";"R";188;"HUN";30,1;"6-0 7-6(4)";3;"R32";111;0;2;58;37;29;11;9;2;3;0;4;70;42;24;10;9;6;10;16;2580;57;957;6;7;NA;NA;NA;0;6;NA;NA;NA;2022-04-11;2022;"2022-0410:55";1139;0;2;0,167109985835259;37;"Marton Fucsovics";89;"Diego Schwartzman";0,167109985835259;2;-1,83289001416474;30,1;29,6;0,5;188;170;18;0,666666666666667;0,6;0,6;0,666666666666667;-0,0666666666666667;10;3;6;2;4;1;1;4;-3;0;1;0
"854653";"2022-0410";"Monte Carlo Masters";"Clay";"64";"Masters";56;27;"Laslo Djere";"R";188;"SRB";26,8;94;"Lorenzo Sonego";"R";191;"ITA";26,9;"6-4 6-4";3;"R32";100;1;4;56;33;27;14;10;5;6;3;1;64;45;28;9;10;3;6;62;911;26;1563;6;6;NA;NA;NA;4;4;NA;NA;NA;2022-04-11;2022;"2022-0410:56";1140;1;0,0458036896131251;1,29956028185891;27;"Laslo Djere";94;"Lorenzo Sonego";0,0458036896131251;1,29956028185891;-1,25375659224578;26,8;26,9;-0,0999999999999979;188;191;-3;0,833333333333333;0,5;0,833333333333333;0,5;0,333333333333333;6;6;3;5;3;1;3;1;2;0;1;0
"854654";"2022-0410";"Monte Carlo Masters";"Clay";"64";"Masters";57;103;"Stefanos Tsitsipas";"R";193;"GRE";23,6;35;"Fabio Fognini";"R";178;"ITA";34,8;"6-3 6-0";3;"R32";70;3;1;55;29;20;17;8;6;7;0;5;45;26;12;8;7;2;7;5;5980;32;1361;6;6;NA;NA;NA;3;0;NA;NA;NA;2022-04-11;2022;"2022-0410:57";1141;0;3,67807190511264;1;35;"Fabio Fognini";103;"Stefanos Tsitsipas";1;3,67807190511264;-2,67807190511264;34,8;23,6;11,2;178;193;-15;0,857142857142857;0,285714285714286;0,285714285714286;0,857142857142857;-0,571428571428571;7;7;2;6;5;1;1;5;-4;0;1;0
"854655";"2022-0410";"Monte Carlo Masters";"Clay";"64";"Masters";58;87;"Andrey Rublev";"R";188;"RUS";24,4;22;"Alex De Minaur";"R";183;"AUS";23,1;"2-6 6-1 6-4";3;"R32";122;3;7;96;72;45;12;13;9;12;1;1;80;52;33;12;12;3;7;8;4375;25;1566;2;6;6;NA;NA;6;1;4;NA;NA;2022-04-11;2022;"2022-0410:58";1142;0;3;1,35614381022528;22;"Alex De Minaur";87;"Andrey Rublev";1,35614381022528;3;-1,64385618977472;23,1;24,4;-1,3;183;188;-5;0,75;0,428571428571429;0,428571428571429;0,75;-0,321428571428571;7;12;3;9;4;3;3;4;-1;0;1;0
"854658";"2022-0410";"Monte Carlo Masters";"Clay";"64";"Masters";61;109;"Alexander Zverev";"R";198;"GER";24,9;24;"Federico Delbonis";"L";190;"ARG";31,5;"6-1 7-5";3;"R32";86;4;1;56;37;25;10;9;2;4;2;4;65;41;18;12;10;5;11;3;7195;34;1279;6;7;NA;NA;NA;1;5;NA;NA;NA;2022-04-11;2022;"2022-0410:61";1143;0;4,41503749927884;0,912537158749661;24;"Federico Delbonis";109;"Alexander Zverev";0,912537158749661;4,41503749927884;-3,50250034052918;31,5;24,9;6,6;190;198;-8;0,5;0,454545454545455;0,454545454545455;0,5;-0,0454545454545455;11;4;5;2;6;2;2;6;-4;0;1;0
"854659";"2022-0410";"Monte Carlo Masters";"Clay";"64";"Masters";62;21;"Alejandro Davidovich Fokina";"R";183;"ESP";22,8;43;"David Goffin";"R";180;"BEL";31,3;"6-4 6-1";3;"R16";92;1;0;51;42;30;4;9;3;5;1;3;67;24;14;18;8;12;17;46;1095;47;1093;6;6;NA;NA;NA;4;1;NA;NA;NA;2022-04-11;2022;"2022-0410:62";1144;1;0,476438043942987;0,445411148322362;21;"Alejandro Davidovich Fokina";43;"David Goffin";0,476438043942987;0,445411148322362;0,0310268956206246;22,8;31,3;-8,5;183;180;3;0,6;0,705882352941177;0,6;0,705882352941177;-0,105882352941177;17;5;12;3;5;2;5;2;3;0;1;0
"854661";"2022-0410";"Monte Carlo Masters";"Clay";"64";"Masters";64;26;"Grigor Dimitrov";"R";188;"BUL";30,9;88;"Casper Ruud";"R";183;"NOR";23,3;"6-3 7-5";3;"R16";92;4;2;48;29;27;10;10;1;2;2;2;64;37;24;14;11;5;9;29;1458;7;4380;6;7;NA;NA;NA;3;5;NA;NA;NA;2022-04-11;2022;"2022-0410:64";1145;1;1,14201900487243;3,1926450779424;26;"Grigor Dimitrov";88;"Casper Ruud";1,14201900487243;3,1926450779424;-2,05062607306997;30,9;23,3;7,6;188;183;5;0,5;0,555555555555556;0,5;0,555555555555556;-0,0555555555555556;9;2;5;1;4;1;4;1;3;0;1;0
"854662";"2022-0410";"Monte Carlo Masters";"Clay";"64";"Masters";65;49;"Hubert Hurkacz";"R";196;"POL";25,1;85;"Albert Ramos";"L";188;"ESP";34,2;"7-6(2) 6-2";3;"R16";88;13;1;57;37;30;16;10;0;0;0;1;67;51;33;8;10;4;6;14;2873;37;1221;7;6;NA;NA;NA;6;2;NA;NA;NA;2022-04-11;2022;"2022-0410:65";1146;1;2,1926450779424;0,79054663437105;49;"Hubert Hurkacz";85;"Albert Ramos";2,1926450779424;0,79054663437105;1,40209844357135;25,1;34,2;-9,1;196;188;8;1,5;0,666666666666667;1,5;0,666666666666667;0,833333333333333;6;0;4;0;2;0;2;0;2;0;1;0
"854663";"2022-0410";"Monte Carlo Masters";"Clay";"64";"Masters";66;89;"Diego Schwartzman";"R";170;"ARG";29,6;73;"Lorenzo Musetti";"R";185;"ITA";20,1;"2-6 6-4 6-3";3;"R16";152;1;6;84;61;35;6;13;7;14;0;6;82;46;21;17;14;5;13;16;2580;83;791;2;6;6;NA;NA;6;4;3;NA;NA;2022-04-11;2022;"2022-0410:66";1147;0;2;-0,375039431346925;73;"Lorenzo Musetti";89;"Diego Schwartzman";-0,375039431346925;2;-2,37503943134692;20,1;29,6;-9,5;185;170;15;0,5;0,384615384615385;0,384615384615385;0,5;-0,115384615384615;13;14;5;7;8;7;7;8;-1;0;1;0
"854664";"2022-0410";"Monte Carlo Masters";"Clay";"64";"Masters";67;103;"Stefanos Tsitsipas";"R";193;"GRE";23,6;27;"Laslo Djere";"R";188;"SRB";26,8;"7-5 7-6(1)";3;"R16";113;5;2;73;45;38;18;12;2;2;6;6;82;46;39;13;12;1;2;5;5980;62;911;7;7;NA;NA;NA;5;6;NA;NA;NA;2022-04-11;2022;"2022-0410:67";1148;0;3,67807190511264;0,0458036896131251;27;"Laslo Djere";103;"Stefanos Tsitsipas";0,0458036896131251;3,67807190511264;-3,63226821549951;26,8;23,6;3,2;188;193;-5;1;0,5;0,5;1;-0,5;2;2;1;2;1;0;0;1;-1;0;1;0
"854665";"2022-0410";"Monte Carlo Masters";"Clay";"64";"Masters";68;93;"Jannik Sinner";"R";188;"ITA";20,6;87;"Andrey Rublev";"R";188;"RUS";24,4;"5-7 6-1 6-3";3;"R16";140;6;2;85;48;34;19;14;6;10;0;7;100;65;39;12;14;5;12;12;3054;8;4375;5;6;6;NA;NA;7;1;3;NA;NA;2022-04-11;2022;"2022-0410:68";1149;0;2,41503749927884;3;87;"Andrey Rublev";93;"Jannik Sinner";3;2,41503749927884;0,584962500721156;24,4;20,6;3,8;188;188;0;0,6;0,416666666666667;0,416666666666667;0,6;-0,183333333333333;12;10;5;6;7;4;4;7;-3;0;1;0
"854666";"2022-0410";"Monte Carlo Masters";"Clay";"64";"Masters";69;109;"Alexander Zverev";"R";198;"GER";24,9;12;"Pablo Carreno Busta";"R";188;"ESP";30,7;"6-2 7-5";3;"R16";95;8;2;56;38;30;8;10;4;6;0;1;72;47;27;10;10;9;14;3;7195;19;2015;6;7;NA;NA;NA;2;5;NA;NA;NA;2022-04-11;2022;"2022-0410:69";1150;0;4,41503749927884;1,75207248655641;12;"Pablo Carreno Busta";109;"Alexander Zverev";1,75207248655641;4,41503749927884;-2,66296501272243;30,7;24,9;5,8;188;198;-10;0,666666666666667;0,642857142857143;0,642857142857143;0,666666666666667;-0,0238095238095237;14;6;9;4;5;2;2;5;-3;0;1;0
"854667";"2022-0410";"Monte Carlo Masters";"Clay";"64";"Masters";70;21;"Alejandro Davidovich Fokina";"R";183;"ESP";22,8;36;"Taylor Fritz";"R";193;"USA";24,4;"2-6 6-4 6-3";3;"QF";145;0;4;84;61;42;11;13;7;10;5;1;114;67;39;23;14;15;19;46;1095;13;2875;2;6;6;NA;NA;6;4;3;NA;NA;2022-04-11;2022;"2022-0410:70";1151;1;0,476438043942987;2,29956028185891;21;"Alejandro Davidovich Fokina";36;"Taylor Fritz";0,476438043942987;2,29956028185891;-1,82312223791592;22,8;24,4;-1,6;183;193;-10;0,7;0,789473684210526;0,7;0,789473684210526;-0,0894736842105264;19;10;15;7;4;3;4;3;1;0;1;0
"854668";"2022-0410";"Monte Carlo Masters";"Clay";"64";"Masters";71;26;"Grigor Dimitrov";"R";188;"BUL";30,9;49;"Hubert Hurkacz";"R";196;"POL";25,1;"6-4 3-6 7-6(2)";3;"QF";147;4;2;85;46;38;22;15;1;4;11;0;101;53;40;25;16;5;8;29;1458;14;2873;6;3;7;NA;NA;4;6;6;NA;NA;2022-04-11;2022;"2022-0410:71";1152;1;1,14201900487243;2,1926450779424;26;"Grigor Dimitrov";49;"Hubert Hurkacz";1,14201900487243;2,1926450779424;-1,05062607306997;30,9;25,1;5,8;188;196;-8;0,25;0,625;0,25;0,625;-0,375;8;4;5;1;3;3;3;3;0;0;1;0
"854669";"2022-0410";"Monte Carlo Masters";"Clay";"64";"Masters";72;103;"Stefanos Tsitsipas";"R";193;"GRE";23,6;89;"Diego Schwartzman";"R";170;"ARG";29,6;"6-2 6-7(3) 6-4";3;"QF";163;4;4;102;53;35;26;15;3;7;0;5;98;72;45;10;15;3;10;5;5980;16;2580;6;6;6;NA;NA;2;7;4;NA;NA;2022-04-11;2022;"2022-0410:72";1153;0;3,67807190511264;2;89;"Diego Schwartzman";103;"Stefanos Tsitsipas";2;3,67807190511264;-1,67807190511264;29,6;23,6;6;170;193;-23;0,428571428571429;0,3;0,3;0,428571428571429;-0,128571428571429;10;7;3;3;7;4;4;7;-3;0;1;0
"854670";"2022-0410";"Monte Carlo Masters";"Clay";"64";"Masters";73;109;"Alexander Zverev";"R";198;"GER";24,9;93;"Jannik Sinner";"R";188;"ITA";20,6;"5-7 6-3 7-6(5)";3;"QF";187;5;6;113;80;55;14;17;7;12;3;3;100;55;40;17;16;3;8;3;7195;12;3054;5;6;7;NA;NA;7;3;6;NA;NA;2022-04-11;2022;"2022-0410:73";1154;0;4,41503749927884;2,41503749927884;93;"Jannik Sinner";109;"Alexander Zverev";2,41503749927884;4,41503749927884;-2;20,6;24,9;-4,3;188;198;-10;0,583333333333333;0,375;0,375;0,583333333333333;-0,208333333333333;8;12;3;7;5;5;5;5;0;0;1;0
"854671";"2022-0410";"Monte Carlo Masters";"Clay";"64";"Masters";74;21;"Alejandro Davidovich Fokina";"R";183;"ESP";22,8;26;"Grigor Dimitrov";"R";188;"BUL";30,9;"6-4 6-7(2) 6-3";3;"SF";164;3;3;113;87;54;15;16;7;10;2;6;89;47;30;25;15;1;6;46;1095;29;1458;6;6;6;NA;NA;4;7;3;NA;NA;2022-04-11;2022;"2022-0410:74";1155;1;0,476438043942987;1,14201900487243;21;"Alejandro Davidovich Fokina";26;"Grigor Dimitrov";0,476438043942987;1,14201900487243;-0,665580960929441;22,8;30,9;-8,1;183;188;-5;0,7;0,166666666666667;0,7;0,166666666666667;0,533333333333333;6;10;1;7;5;3;5;3;2;0;1;0
"854672";"2022-0410";"Monte Carlo Masters";"Clay";"64";"Masters";75;103;"Stefanos Tsitsipas";"R";193;"GRE";23,6;109;"Alexander Zverev";"R";198;"GER";24,9;"6-4 6-2";3;"SF";75;8;1;47;28;21;11;9;2;4;3;4;49;32;17;6;9;3;8;5;5980;3;7195;6;6;NA;NA;NA;4;2;NA;NA;NA;2022-04-11;2022;"2022-0410:75";1156;1;3,67807190511264;4,41503749927884;103;"Stefanos Tsitsipas";109;"Alexander Zverev";3,67807190511264;4,41503749927884;-0,736965594166206;23,6;24,9;-1,3;193;198;-5;0,5;0,375;0,5;0,375;0,125;8;4;3;2;5;2;5;2;3;0;1;0
"854673";"2022-0410";"Monte Carlo Masters";"Clay";"64";"Masters";76;103;"Stefanos Tsitsipas";"R";193;"GRE";23,6;21;"Alejandro Davidovich Fokina";"R";183;"ESP";22,8;"6-3 7-6(3)";3;"F";96;3;1;61;45;32;8;11;1;4;1;1;68;52;27;9;10;2;6;5;5980;46;1095;6;7;NA;NA;NA;3;6;NA;NA;NA;2022-04-11;2022;"2022-0410:76";1157;0;3,67807190511264;0,476438043942987;21;"Alejandro Davidovich Fokina";103;"Stefanos Tsitsipas";0,476438043942987;3,67807190511264;-3,20163386116965;22,8;23,6;-0,800000000000001;183;193;-10;0,25;0,333333333333333;0,333333333333333;0,25;0,0833333333333333;6;4;2;1;4;3;3;4;-1;0;1;0
"856167";"2022-1536";"Madrid Masters";"Clay";"64";"Masters";1;48;"Ugo Humbert";"L";188;"FRA";23,8;2;"Pablo Andujar";"R";180;"ESP";36,2;"6-4 6-2";3;"Q1";81;5;0;46;29;26;12;9;0;0;2;2;63;44;25;11;9;6;9;46;1053;79;781;6;6;NA;NA;NA;4;2;NA;NA;NA;2022-05-02;2022;"2022-1536:1";1158;0;0,476438043942987;-0,303780748177103;2;"Pablo Andujar";48;"Ugo Humbert";-0,303780748177103;0,476438043942987;-0,78021879212009;36,2;23,8;12,4;180;188;-8;1,5;0,666666666666667;0,666666666666667;1,5;-0,833333333333333;9;0;6;0;3;0;0;3;-3;0;1;0
"856170";"2022-1536";"Madrid Masters";"Clay";"64";"Masters";4;58;"Dusan Lajovic";"R";180;"SRB";31,8;62;"Adrian Mannarino";"L";183;"FRA";33,8;"6-4 6-2";3;"Q1";88;2;0;62;44;29;11;9;2;3;2;3;70;33;21;14;9;4;8;77;801;67;869;6;6;NA;NA;NA;4;2;NA;NA;NA;2022-05-02;2022;"2022-1536:4";1159;1;-0,266786540694901;-0,0660891904577721;58;"Dusan Lajovic";62;"Adrian Mannarino";-0,266786540694901;-0,0660891904577721;-0,200697350237129;31,8;33,8;-2;180;183;-3;0,666666666666667;0,5;0,666666666666667;0,5;0,166666666666667;8;3;4;2;4;1;4;1;3;0;1;0
"856172";"2022-1536";"Madrid Masters";"Clay";"64";"Masters";6;73;"Lorenzo Musetti";"R";185;"ITA";20,1;76;"Yoshihito Nishioka";"L";170;"JPN";26,5;"7-5 6-3";3;"Q1";103;1;1;63;43;27;11;11;0;3;0;0;66;50;26;7;10;2;7;63;896;86;756;7;6;NA;NA;NA;5;3;NA;NA;NA;2022-05-02;2022;"2022-1536:6";1160;1;0,0227200765000832;-0,426264754702098;73;"Lorenzo Musetti";76;"Yoshihito Nishioka";0,0227200765000832;-0,426264754702098;0,448984831202181;20,1;26,5;-6,4;185;170;15;0;0,285714285714286;0;0,285714285714286;-0,285714285714286;7;3;2;0;5;3;5;3;2;0;1;0
"856182";"2022-1536";"Madrid Masters";"Clay";"64";"Masters";16;58;"Dusan Lajovic";"R";180;"SRB";31,8;11;"Roberto Carballes Baena";"R";183;"ESP";29,1;"6-3 6-2";3;"Q2";77;9;0;57;48;37;3;9;4;4;0;1;46;33;20;7;8;7;10;77;801;99;683;6;6;NA;NA;NA;3;2;NA;NA;NA;2022-05-02;2022;"2022-1536:16";1161;0;-0,266786540694901;-0,62935662007961;11;"Roberto Carballes Baena";58;"Dusan Lajovic";-0,62935662007961;-0,266786540694901;-0,362570079384708;29,1;31,8;-2,7;183;180;3;1;0,7;0,7;1;-0,3;10;4;7;4;3;0;0;3;-3;0;1;0
"856186";"2022-1536";"Madrid Masters";"Clay";"64";"Masters";20;79;"Benoit Paire";"R";196;"FRA";32,9;17;"Federico Coria";"R";180;"ARG";30,1;"6-7(5) 6-4 6-2";3;"Q2";137;6;11;114;59;49;23;15;7;8;2;2;102;75;48;14;15;5;9;62;899;58;956;6;6;6;NA;NA;7;4;2;NA;NA;2022-05-02;2022;"2022-1536:20";1162;0;0,0458036896131251;0,142019004872428;17;"Federico Coria";79;"Benoit Paire";0,142019004872428;0,0458036896131251;0,096215315259303;30,1;32,9;-2,8;180;196;-16;0,875;0,555555555555556;0,555555555555556;0,875;-0,319444444444444;9;8;5;7;4;1;1;4;-3;0;1;0
"856189";"2022-1536";"Madrid Masters";"Clay";"64";"Masters";23;72;"Andy Murray";"R";190;"GBR";34,9;98;"Dominic Thiem";"R";185;"AUT";28,6;"6-3 6-4";3;"R64";102;9;2;62;36;28;18;10;3;3;3;2;58;33;22;14;9;1;3;78;783;91;725;6;6;NA;NA;NA;3;4;NA;NA;NA;2022-05-02;2022;"2022-1536:23";1163;1;-0,285402218862249;-0,507794640198696;72;"Andy Murray";98;"Dominic Thiem";-0,285402218862249;-0,507794640198696;0,222392421336448;34,9;28,6;6,3;190;185;5;1;0,333333333333333;1;0,333333333333333;0,666666666666667;3;3;1;3;2;0;2;0;2;0;1;0
"856190";"2022-1536";"Madrid Masters";"Clay";"64";"Masters";24;91;"Denis Shapovalov";"L";185;"CAN";23;48;"Ugo Humbert";"L";188;"FRA";23,8;"7-6(1) 6-3";3;"R64";116;5;1;89;62;41;19;11;9;9;4;1;57;41;30;10;10;0;1;16;2671;46;1053;7;6;NA;NA;NA;6;3;NA;NA;NA;2022-05-02;2022;"2022-1536:24";1164;0;2;0,476438043942987;48;"Ugo Humbert";91;"Denis Shapovalov";0,476438043942987;2;-1,52356195605701;23,8;23;0,800000000000001;188;185;3;1;0;0;1;-1;1;9;0;9;1;0;0;1;-1;0;1;0
"856191";"2022-1536";"Madrid Masters";"Clay";"64";"Masters";25;49;"Hubert Hurkacz";"R";196;"POL";25,2;25;"Hugo Dellien";"R";180;"BOL";28,8;"7-5 6-7(11) 6-3";3;"R64";175;14;1;100;63;46;20;16;1;4;4;1;129;97;58;18;17;10;16;14;3008;81;775;7;6;6;NA;NA;5;7;3;NA;NA;2022-05-02;2022;"2022-1536:25";1165;0;2,1926450779424;-0,339850002884624;25;"Hugo Dellien";49;"Hubert Hurkacz";-0,339850002884624;2,1926450779424;-2,53249508082702;28,8;25,2;3,6;180;196;-16;0,25;0,625;0,625;0,25;0,375;16;4;10;1;6;3;3;6;-3;0;1;0
"856193";"2022-1536";"Madrid Masters";"Clay";"64";"Masters";27;58;"Dusan Lajovic";"R";180;"SRB";31,8;18;"Borna Coric";"R";188;"CRO";25,4;"6-3 4-6 6-4";3;"R64";140;7;3;92;65;51;13;15;5;6;4;1;92;64;44;15;14;3;5;77;801;264;191;6;4;6;NA;NA;3;6;4;NA;NA;2022-05-02;2022;"2022-1536:27";1166;0;-0,266786540694901;-2,04439411935845;18;"Borna Coric";58;"Dusan Lajovic";-2,04439411935845;-0,266786540694901;-1,77760757866355;25,4;31,8;-6,4;188;180;8;0,833333333333333;0,6;0,6;0,833333333333333;-0,233333333333333;5;6;3;5;2;1;1;2;-1;0;1;0
"856194";"2022-1536";"Madrid Masters";"Clay";"64";"Masters";28;52;"Miomir Kecmanovic";"R";183;"SRB";22,6;10;"Alexander Bublik";"R";196;"KAZ";24,8;"6-4 7-5";3;"R64";76;0;0;53;31;26;18;11;0;0;19;5;81;53;40;9;11;5;7;32;1291;33;1263;6;7;NA;NA;NA;4;5;NA;NA;NA;2022-05-02;2022;"2022-1536:28";1167;0;1;0,955605880641547;10;"Alexander Bublik";52;"Miomir Kecmanovic";0,955605880641547;1;-0,0443941193584534;24,8;22,6;2,2;196;183;13;1,5;0,714285714285714;0,714285714285714;1,5;-0,785714285714286;7;0;5;0;2;0;0;2;-2;0;1;0
"856195";"2022-1536";"Madrid Masters";"Clay";"64";"Masters";29;43;"David Goffin";"R";180;"BEL";31,4;51;"Aslan Karatsev";"R";185;"RUS";28,6;"6-2 7-5";3;"R64";91;9;2;62;41;31;13;10;3;4;3;7;82;44;29;15;10;11;15;60;913;34;1253;6;7;NA;NA;NA;2;5;NA;NA;NA;2022-05-02;2022;"2022-1536:29";1168;1;0,0931094043914813;0,912537158749661;43;"David Goffin";51;"Aslan Karatsev";0,0931094043914813;0,912537158749661;-0,81942775435818;31,4;28,6;2,8;180;185;-5;0,75;0,733333333333333;0,75;0,733333333333333;0,0166666666666667;15;4;11;3;4;1;4;1;3;0;1;0
"856198";"2022-1536";"Madrid Masters";"Clay";"64";"Masters";32;50;"John Isner";"R";206;"USA";37;56;"Filip Krajinovic";"R";185;"SRB";30,1;"7-6(8) 6-4";3;"R64";97;30;2;76;51;40;14;11;1;2;5;2;70;50;37;13;11;2;4;23;1706;56;960;7;6;NA;NA;NA;6;4;NA;NA;NA;2022-05-02;2022;"2022-1536:32";1169;1;1,47643804394299;0,192645077942396;50;"John Isner";56;"Filip Krajinovic";1,47643804394299;0,192645077942396;1,28379296600059;37;30,1;6,9;206;185;21;0,5;0,5;0,5;0,5;0;4;2;2;1;2;1;2;1;1;0;1;0
"856199";"2022-1536";"Madrid Masters";"Clay";"64";"Masters";33;4;"Nikoloz Basilashvili";"R";185;"GEO";30,1;35;"Fabio Fognini";"R";178;"ITA";34,9;"7-5 6-4";3;"R64";79;3;0;53;35;26;9;11;1;4;1;5;70;48;27;9;11;5;10;27;1583;51;986;7;6;NA;NA;NA;5;4;NA;NA;NA;2022-05-02;2022;"2022-1536:33";1170;1;1,24511249783653;0,327574658028505;4;"Nikoloz Basilashvili";35;"Fabio Fognini";1,24511249783653;0,327574658028505;0,917537839808027;30,1;34,9;-4,8;185;178;7;0,25;0,5;0,25;0,5;-0,25;10;4;5;1;5;3;5;3;2;0;1;0
"856201";"2022-1536";"Madrid Masters";"Clay";"64";"Masters";35;31;"Daniel Evans";"R";175;"GBR";31,9;24;"Federico Delbonis";"L";190;"ARG";31,5;"6-3 6-4";3;"R64";96;6;1;61;46;35;6;10;1;2;1;2;57;39;26;6;9;0;3;36;1242;37;1219;6;6;NA;NA;NA;3;4;NA;NA;NA;2022-05-02;2022;"2022-1536:35";1171;0;0,830074998557688;0,79054663437105;24;"Federico Delbonis";31;"Daniel Evans";0,79054663437105;0,830074998557688;-0,039528364186638;31,5;31,9;-0,399999999999999;190;175;15;0,5;0;0;0,5;-0,5;3;2;0;1;3;1;1;3;-2;0;1;0
"856203";"2022-1536";"Madrid Masters";"Clay";"64";"Masters";37;89;"Diego Schwartzman";"R";170;"ARG";29,7;79;"Benoit Paire";"R";196;"FRA";32,9;"6-2 6-7(5) 6-1";3;"R64";126;2;0;83;55;43;21;14;2;2;8;7;97;57;39;15;13;3;7;15;2805;62;899;6;6;6;NA;NA;2;7;1;NA;NA;2022-05-02;2022;"2022-1536:37";1172;0;2,09310940439148;0,0458036896131251;79;"Benoit Paire";89;"Diego Schwartzman";0,0458036896131251;2,09310940439148;-2,04730571477836;32,9;29,7;3,2;196;170;26;1;0,428571428571429;0,428571428571429;1;-0,571428571428571;7;2;3;2;4;0;0;4;-4;0;1;0
"856205";"2022-1536";"Madrid Masters";"Clay";"64";"Masters";39;83;"Lucas Pouille";"R";185;"FRA";28,1;53;"Karen Khachanov";"R";198;"RUS";25,9;"6-3 6-4";3;"R64";95;1;1;74;47;31;18;10;7;7;5;0;66;49;31;8;9;6;8;174;338;26;1633;6;6;NA;NA;NA;3;4;NA;NA;NA;2022-05-02;2022;"2022-1536:39";1173;0;-1,44294349584873;1,29956028185891;53;"Karen Khachanov";83;"Lucas Pouille";1,29956028185891;-1,44294349584873;2,74250377770764;25,9;28,1;-2,2;198;185;13;1;0,75;0,75;1;-0,25;8;7;6;7;2;0;0;2;-2;0;1;0
"856206";"2022-1536";"Madrid Masters";"Clay";"64";"Masters";40;39;"Cristian Garin";"R";185;"CHI";25,9;99;"Frances Tiafoe";"R";188;"USA";24,2;"6-1 6-3";3;"R64";60;6;0;46;28;24;7;8;0;1;6;1;49;35;20;3;8;5;10;39;1168;25;1640;6;6;NA;NA;NA;1;3;NA;NA;NA;2022-05-02;2022;"2022-1536:40";1174;1;0,714597781137751;1,35614381022528;39;"Cristian Garin";99;"Frances Tiafoe";0,714597781137751;1,35614381022528;-0,641546029087524;25,9;24,2;1,7;185;188;-3;0;0,5;0;0,5;-0,5;10;1;5;0;5;1;5;1;4;0;1;0
"856207";"2022-1536";"Madrid Masters";"Clay";"64";"Masters";41;22;"Alex De Minaur";"R";183;"AUS";23,2;63;"Pedro Martinez";"R";185;"ESP";25;"7-6(2) 1-6 6-3";3;"R64";164;6;1;103;58;38;19;14;12;17;3;4;95;66;44;10;14;3;7;22;1736;44;1105;7;1;6;NA;NA;6;6;3;NA;NA;2022-05-02;2022;"2022-1536:41";1175;1;1,5405683813627;0,540568381362703;22;"Alex De Minaur";63;"Pedro Martinez";1,5405683813627;0,540568381362703;1;23,2;25;-1,8;183;185;-2;0,705882352941177;0,428571428571429;0,705882352941177;0,428571428571429;0,277310924369748;7;17;3;12;4;5;4;5;-1;0;1;0
"856208";"2022-1536";"Madrid Masters";"Clay";"64";"Masters";42;93;"Jannik Sinner";"R";188;"ITA";20,7;80;"Tommy Paul";"R";185;"USA";24,9;"6-7(4) 7-6(4) 6-3";3;"R64";180;8;3;108;64;46;29;17;2;4;1;3;121;76;56;20;16;8;11;12;3015;35;1243;6;7;6;NA;NA;7;6;3;NA;NA;2022-05-02;2022;"2022-1536:42";1176;0;2,41503749927884;0,870716983055034;80;"Tommy Paul";93;"Jannik Sinner";0,870716983055034;2,41503749927884;-1,54432051622381;24,9;20,7;4,2;185;188;-3;0,5;0,727272727272727;0,727272727272727;0,5;0,227272727272727;11;4;8;2;3;2;2;3;-1;0;1;0
"856211";"2022-1536";"Madrid Masters";"Clay";"64";"Masters";45;16;"Marin Cilic";"R";198;"CRO";33,5;85;"Albert Ramos";"L";188;"ESP";34,2;"6-3 3-6 6-4";3;"R64";134;18;3;96;58;44;17;14;7;10;2;1;81;55;36;13;14;2;6;24;1695;43;1106;6;3;6;NA;NA;3;6;4;NA;NA;2022-05-02;2022;"2022-1536:45";1177;1;1,41503749927884;0,573735245297902;16;"Marin Cilic";85;"Albert Ramos";1,41503749927884;0,573735245297902;0,841302253980942;33,5;34,2;-0,700000000000003;198;188;10;0,7;0,333333333333333;0,7;0,333333333333333;0,366666666666667;6;10;2;7;4;3;4;3;1;0;1;0
"856212";"2022-1536";"Madrid Masters";"Clay";"64";"Masters";46;28;"Novak Djokovic";"R";188;"SRB";34,9;69;"Gael Monfils";"R";193;"FRA";35,6;"6-3 6-2";3;"R32";87;2;3;68;43;30;14;9;5;5;0;2;43;26;16;7;8;0;3;1;8400;21;1745;6;6;NA;NA;NA;3;2;NA;NA;NA;2022-05-02;2022;"2022-1536:46";1178;1;6;1,60768257722124;28;"Novak Djokovic";69;"Gael Monfils";6;1,60768257722124;4,39231742277876;34,9;35,6;-0,700000000000003;188;193;-5;1;0;1;0;1;3;5;0;5;3;0;3;0;3;0;1;0
"856213";"2022-1536";"Madrid Masters";"Clay";"64";"Masters";47;72;"Andy Murray";"R";190;"GBR";34,9;91;"Denis Shapovalov";"L";185;"CAN";23;"6-1 3-6 6-2";3;"R32";128;3;0;69;45;35;13;12;2;3;2;1;83;63;38;10;12;7;11;78;783;16;2671;6;3;6;NA;NA;1;6;2;NA;NA;2022-05-02;2022;"2022-1536:47";1179;1;-0,285402218862249;2;72;"Andy Murray";91;"Denis Shapovalov";-0,285402218862249;2;-2,28540221886225;34,9;23;11,9;190;185;5;0,666666666666667;0,636363636363636;0,666666666666667;0,636363636363636;0,0303030303030303;11;3;7;2;4;1;4;1;3;0;1;0
"856214";"2022-1536";"Madrid Masters";"Clay";"64";"Masters";48;49;"Hubert Hurkacz";"R";196;"POL";25,2;21;"Alejandro Davidovich Fokina";"R";183;"ESP";22,9;"6-4 4-6 7-6(5)";3;"R32";147;13;2;105;75;49;20;16;6;9;4;0;101;88;57;7;16;3;6;14;3008;29;1470;6;4;7;NA;NA;4;6;6;NA;NA;2022-05-02;2022;"2022-1536:48";1180;0;2,1926450779424;1,14201900487243;21;"Alejandro Davidovich Fokina";49;"Hubert Hurkacz";1,14201900487243;2,1926450779424;-1,05062607306997;22,9;25,2;-2,3;183;196;-13;0,666666666666667;0,5;0,5;0,666666666666667;-0,166666666666667;6;9;3;6;3;3;3;3;0;0;1;0
"856215";"2022-1536";"Madrid Masters";"Clay";"64";"Masters";49;58;"Dusan Lajovic";"R";180;"SRB";31,8;88;"Casper Ruud";"R";183;"NOR";23,3;"7-6(7) 2-6 6-4";3;"R32";137;5;0;88;63;50;12;15;2;5;6;2;94;62;47;21;15;3;5;77;801;7;4110;7;2;6;NA;NA;6;6;4;NA;NA;2022-05-02;2022;"2022-1536:49";1181;1;-0,266786540694901;3,1926450779424;58;"Dusan Lajovic";88;"Casper Ruud";-0,266786540694901;3,1926450779424;-3,4594316186373;31,8;23,3;8,5;180;183;-3;0,4;0,6;0,4;0,6;-0,2;5;5;3;2;2;3;2;3;-1;0;1;0
"856216";"2022-1536";"Madrid Masters";"Clay";"64";"Masters";50;74;"Rafael Nadal";"L";185;"ESP";35,9;52;"Miomir Kecmanovic";"R";183;"SRB";22,6;"6-1 7-6(4)";3;"R32";115;3;3;65;44;32;11;10;2;4;1;1;63;44;28;6;9;2;6;4;6435;32;1291;6;7;NA;NA;NA;1;6;NA;NA;NA;2022-05-02;2022;"2022-1536:50";1182;0;4;1;52;"Miomir Kecmanovic";74;"Rafael Nadal";1;4;-3;22,6;35,9;-13,3;183;185;-2;0,5;0,333333333333333;0,333333333333333;0,5;-0,166666666666667;6;4;2;2;4;2;2;4;-2;0;1;0
"856218";"2022-1536";"Madrid Masters";"Clay";"64";"Masters";52;77;"Cameron Norrie";"L";188;"GBR";26,6;50;"John Isner";"R";206;"USA";37;"6-4 6-7(5) 6-4";3;"R32";135;8;1;90;68;53;15;16;0;1;29;9;112;71;54;18;16;4;7;11;3335;23;1706;6;6;6;NA;NA;4;7;4;NA;NA;2022-05-02;2022;"2022-1536:52";1183;0;2,5405683813627;1,47643804394299;50;"John Isner";77;"Cameron Norrie";1,47643804394299;2,5405683813627;-1,06413033741972;37;26,6;10,4;206;188;18;0;0,571428571428571;0,571428571428571;0;0,571428571428571;7;1;4;0;3;1;1;3;-2;0;1;0
"856221";"2022-1536";"Madrid Masters";"Clay";"64";"Masters";55;31;"Daniel Evans";"R";175;"GBR";31,9;5;"Roberto Bautista Agut";"R";183;"ESP";34;"6-3 5-7 7-6(2)";3;"R32";178;9;1;93;69;57;9;16;6;8;1;0;116;71;49;20;17;6;9;36;1242;19;1993;6;5;7;NA;NA;3;7;6;NA;NA;2022-05-02;2022;"2022-1536:55";1184;0;0,830074998557688;1,75207248655641;5;"Roberto Bautista Agut";31;"Daniel Evans";1,75207248655641;0,830074998557688;0,921997487998727;34;31,9;2,1;183;175;8;0,75;0,666666666666667;0,666666666666667;0,75;-0,0833333333333334;9;8;6;6;3;2;2;3;-1;0;1;0
"856222";"2022-1536";"Madrid Masters";"Clay";"64";"Masters";56;26;"Grigor Dimitrov";"R";188;"BUL";30,9;89;"Diego Schwartzman";"R";170;"ARG";29,7;"6-0 6-3";3;"R32";69;6;1;40;29;24;6;7;1;1;0;5;49;32;14;6;8;3;8;20;1750;15;2805;6;6;NA;NA;NA;0;3;NA;NA;NA;2022-05-02;2022;"2022-1536:56";1185;1;1,67807190511264;2,09310940439148;26;"Grigor Dimitrov";89;"Diego Schwartzman";1,67807190511264;2,09310940439148;-0,415037499278844;30,9;29,7;1,2;188;170;18;1;0,375;1;0,375;0,625;8;1;3;1;5;0;5;0;5;0;1;0
"856223";"2022-1536";"Madrid Masters";"Clay";"64";"Masters";57;103;"Stefanos Tsitsipas";"R";193;"GRE";23,7;83;"Lucas Pouille";"R";185;"FRA";28,1;"6-3 6-4";3;"R32";68;7;1;48;33;31;5;10;0;1;2;1;47;29;21;8;9;5;8;5;5690;174;338;6;6;NA;NA;NA;3;4;NA;NA;NA;2022-05-02;2022;"2022-1536:57";1186;0;3,67807190511264;-1,44294349584873;83;"Lucas Pouille";103;"Stefanos Tsitsipas";-1,44294349584873;3,67807190511264;-5,12101540096137;28,1;23,7;4,4;185;193;-8;0;0,625;0,625;0;0,625;8;1;5;0;3;1;1;3;-2;0;1;0
"856224";"2022-1536";"Madrid Masters";"Clay";"64";"Masters";58;3;"Felix Auger Aliassime";"R";193;"CAN";21,7;39;"Cristian Garin";"R";185;"CHI";25,9;"6-3 6-0";3;"R32";69;8;0;52;42;27;7;8;3;4;1;2;48;29;17;5;7;7;12;10;3625;39;1168;6;6;NA;NA;NA;3;0;NA;NA;NA;2022-05-02;2022;"2022-1536:58";1187;1;2,67807190511264;0,714597781137751;3;"Felix Auger Aliassime";39;"Cristian Garin";2,67807190511264;0,714597781137751;1,96347412397489;21,7;25,9;-4,2;193;185;8;0,75;0,583333333333333;0,75;0,583333333333333;0,166666666666667;12;4;7;3;5;1;5;1;4;0;1;0
"856225";"2022-1536";"Madrid Masters";"Clay";"64";"Masters";59;93;"Jannik Sinner";"R";188;"ITA";20,7;22;"Alex De Minaur";"R";183;"AUS";23,2;"6-4 6-1";3;"R32";74;1;3;50;30;21;11;9;2;4;1;1;48;32;17;5;8;2;7;12;3015;22;1736;6;6;NA;NA;NA;4;1;NA;NA;NA;2022-05-02;2022;"2022-1536:59";1188;0;2,41503749927884;1,5405683813627;22;"Alex De Minaur";93;"Jannik Sinner";1,5405683813627;2,41503749927884;-0,874469117916141;23,2;20,7;2,5;183;188;-5;0,5;0,285714285714286;0,285714285714286;0,5;-0,214285714285714;7;4;2;2;5;2;2;5;-3;0;1;0
"856227";"2022-1536";"Madrid Masters";"Clay";"64";"Masters";61;109;"Alexander Zverev";"R";198;"GER";25;16;"Marin Cilic";"R";198;"CRO";33,5;"4-6 6-4 6-4";3;"R32";137;11;4;89;69;53;9;15;6;8;4;2;88;55;42;14;15;6;9;3;7420;24;1695;4;6;6;NA;NA;6;4;4;NA;NA;2022-05-02;2022;"2022-1536:61";1189;0;4,41503749927884;1,41503749927884;16;"Marin Cilic";109;"Alexander Zverev";1,41503749927884;4,41503749927884;-3;33,5;25;8,5;198;198;0;0,75;0,666666666666667;0,666666666666667;0,75;-0,0833333333333334;9;8;6;6;3;2;2;3;-1;0;1;0
"856229";"2022-1536";"Madrid Masters";"Clay";"64";"Masters";63;49;"Hubert Hurkacz";"R";196;"POL";25,2;58;"Dusan Lajovic";"R";180;"SRB";31,8;"7-5 6-3";3;"R16";96;16;1;72;42;35;15;11;3;3;3;0;68;38;25;18;10;9;11;14;3008;77;801;7;6;NA;NA;NA;5;3;NA;NA;NA;2022-05-02;2022;"2022-1536:63";1190;1;2,1926450779424;-0,266786540694901;49;"Hubert Hurkacz";58;"Dusan Lajovic";2,1926450779424;-0,266786540694901;2,4594316186373;25,2;31,8;-6,6;196;180;16;1;0,818181818181818;1;0,818181818181818;0,181818181818182;11;3;9;3;2;0;2;0;2;0;1;0
"856230";"2022-1536";"Madrid Masters";"Clay";"64";"Masters";64;74;"Rafael Nadal";"L";185;"ESP";35,9;43;"David Goffin";"R";180;"BEL";31,4;"6-3 5-7 7-6(9)";3;"R16";189;7;4;109;72;55;20;17;2;5;3;2;116;85;57;14;16;8;11;4;6435;60;913;6;5;7;NA;NA;3;7;6;NA;NA;2022-05-02;2022;"2022-1536:64";1191;0;4;0,0931094043914813;43;"David Goffin";74;"Rafael Nadal";0,0931094043914813;4;-3,90689059560852;31,4;35,9;-4,5;180;185;-5;0,4;0,727272727272727;0,727272727272727;0,4;0,327272727272727;11;5;8;2;3;3;3;3;0;0;1;0
"856232";"2022-1536";"Madrid Masters";"Clay";"64";"Masters";66;87;"Andrey Rublev";"R";188;"RUS";24,5;31;"Daniel Evans";"R";175;"GBR";31,9;"7-6(7) 7-5";3;"R16";148;8;5;91;47;41;16;12;3;5;1;2;106;71;43;17;12;9;12;8;4025;36;1242;7;7;NA;NA;NA;6;5;NA;NA;NA;2022-05-02;2022;"2022-1536:66";1192;0;3;0,830074998557688;31;"Daniel Evans";87;"Andrey Rublev";0,830074998557688;3;-2,16992500144231;31,9;24,5;7,4;175;188;-13;0,6;0,75;0,75;0,6;0,15;12;5;9;3;3;2;2;3;-1;0;1;0
"856233";"2022-1536";"Madrid Masters";"Clay";"64";"Masters";67;103;"Stefanos Tsitsipas";"R";193;"GRE";23,7;26;"Grigor Dimitrov";"R";188;"BUL";30,9;"6-3 6-4";3;"R16";78;10;0;49;34;29;12;10;0;0;4;0;54;27;19;14;9;3;5;5;5690;20;1750;6;6;NA;NA;NA;3;4;NA;NA;NA;2022-05-02;2022;"2022-1536:67";1193;0;3,67807190511264;1,67807190511264;26;"Grigor Dimitrov";103;"Stefanos Tsitsipas";1,67807190511264;3,67807190511264;-2;30,9;23,7;7,2;188;193;-5;1,5;0,6;0,6;1,5;-0,9;5;0;3;0;2;0;0;2;-2;0;1;0
"856234";"2022-1536";"Madrid Masters";"Clay";"64";"Masters";68;3;"Felix Auger Aliassime";"R";193;"CAN";21,7;93;"Jannik Sinner";"R";188;"ITA";20,7;"6-1 6-2";3;"R16";79;5;0;41;29;26;7;8;0;0;1;1;62;42;20;10;7;4;8;10;3625;12;3015;6;6;NA;NA;NA;1;2;NA;NA;NA;2022-05-02;2022;"2022-1536:68";1194;1;2,67807190511264;2,41503749927884;3;"Felix Auger Aliassime";93;"Jannik Sinner";2,67807190511264;2,41503749927884;0,263034405833794;21,7;20,7;1;193;188;5;1,5;0,5;1,5;0,5;1;8;0;4;0;4;0;4;0;4;0;1;0
"856236";"2022-1536";"Madrid Masters";"Clay";"64";"Masters";70;28;"Novak Djokovic";"R";188;"SRB";34,9;49;"Hubert Hurkacz";"R";196;"POL";25,2;"6-3 6-4";3;"QF";81;6;1;55;36;29;13;10;0;0;3;2;55;36;28;7;9;4;6;1;8400;14;3008;6;6;NA;NA;NA;3;4;NA;NA;NA;2022-05-02;2022;"2022-1536:70";1195;1;6;2,1926450779424;28;"Novak Djokovic";49;"Hubert Hurkacz";6;2,1926450779424;3,8073549220576;34,9;25,2;9,7;188;196;-8;1,5;0,666666666666667;1,5;0,666666666666667;0,833333333333333;6;0;4;0;2;0;2;0;2;0;1;0
"856238";"2022-1536";"Madrid Masters";"Clay";"64";"Masters";72;103;"Stefanos Tsitsipas";"R";193;"GRE";23,7;87;"Andrey Rublev";"R";188;"RUS";24,5;"6-3 2-6 6-4";3;"QF";119;10;1;75;48;39;14;14;3;5;5;5;88;47;38;18;13;5;7;5;5690;8;4025;6;2;6;NA;NA;3;6;4;NA;NA;2022-05-02;2022;"2022-1536:72";1196;0;3,67807190511264;3;87;"Andrey Rublev";103;"Stefanos Tsitsipas";3;3,67807190511264;-0,678071905112638;24,5;23,7;0,800000000000001;188;193;-5;0,6;0,714285714285714;0,714285714285714;0,6;0,114285714285714;7;5;5;3;2;2;2;2;0;0;1;0
"856239";"2022-1536";"Madrid Masters";"Clay";"64";"Masters";73;109;"Alexander Zverev";"R";198;"GER";25;3;"Felix Auger Aliassime";"R";193;"CAN";21,7;"6-3 7-5";3;"QF";115;1;9;68;43;32;14;10;3;4;1;1;83;49;32;13;11;6;10;3;7420;10;3625;6;7;NA;NA;NA;3;5;NA;NA;NA;2022-05-02;2022;"2022-1536:73";1197;0;4,41503749927884;2,67807190511264;3;"Felix Auger Aliassime";109;"Alexander Zverev";2,67807190511264;4,41503749927884;-1,73696559416621;21,7;25;-3,3;193;198;-5;0,75;0,6;0,6;0,75;-0,15;10;4;6;3;4;1;1;4;-3;0;1;0
"856241";"2022-1536";"Madrid Masters";"Clay";"64";"Masters";75;109;"Alexander Zverev";"R";198;"GER";25;103;"Stefanos Tsitsipas";"R";193;"GRE";23,7;"6-4 3-6 6-2";3;"SF";113;4;4;66;48;40;10;13;1;2;1;0;77;43;32;19;14;2;5;3;7420;5;5690;6;3;6;NA;NA;4;6;2;NA;NA;2022-05-02;2022;"2022-1536:75";1198;0;4,41503749927884;3,67807190511264;103;"Stefanos Tsitsipas";109;"Alexander Zverev";3,67807190511264;4,41503749927884;-0,736965594166206;23,7;25;-1,3;193;198;-5;0,5;0,4;0,4;0,5;-0,1;5;2;2;1;3;1;1;3;-2;0;1;0
"856938";"2022-0416";"Rome Masters";"Clay";"64";"Masters";12;58;"Dusan Lajovic";"R";180;"SRB";31,8;79;"Benoit Paire";"R";196;"FRA";33;"6-2 7-5";3;"Q1";70;3;1;59;45;29;7;10;3;5;5;1;59;35;23;9;10;3;8;64;906;65;889;6;7;NA;NA;NA;2;5;NA;NA;NA;2022-05-09;2022;"2022-0416:12";1199;1;0;-0,0223678130284544;58;"Dusan Lajovic";79;"Benoit Paire";0;-0,0223678130284544;0,0223678130284544;31,8;33;-1,2;180;196;-16;0,6;0,375;0,6;0,375;0,225;8;5;3;3;5;2;5;2;3;0;1;0
"856942";"2022-0416";"Rome Masters";"Clay";"64";"Masters";16;27;"Laslo Djere";"R";188;"SRB";26,9;25;"Hugo Dellien";"R";180;"BOL";28,8;"6-4 6-2";3;"Q2";73;5;3;48;34;28;7;9;0;1;0;1;49;31;19;8;9;4;8;58;931;81;775;6;6;NA;NA;NA;4;2;NA;NA;NA;2022-05-09;2022;"2022-0416:16";1200;0;0,142019004872428;-0,339850002884624;25;"Hugo Dellien";27;"Laslo Djere";-0,339850002884624;0,142019004872428;-0,481869007757052;28,8;26,9;1,9;180;188;-8;0;0,5;0,5;0;0,5;8;1;4;0;4;1;1;4;-3;0;1;0
"856949";"2022-0416";"Rome Masters";"Clay";"64";"Masters";23;27;"Laslo Djere";"R";188;"SRB";26,9;18;"Borna Coric";"R";188;"CRO";25,4;"6-2 6-7(3) 6-2";3;"R64";167;3;3;106;56;40;29;14;8;9;1;2;90;53;41;14;14;3;8;58;931;262;196;6;6;6;NA;NA;2;7;2;NA;NA;2022-05-09;2022;"2022-0416:23";1201;0;0,142019004872428;-2,03342300153745;18;"Borna Coric";27;"Laslo Djere";-2,03342300153745;0,142019004872428;-2,17544200640988;25,4;26,9;-1,5;188;188;0;0,888888888888889;0,375;0,375;0,888888888888889;-0,513888888888889;8;9;3;8;5;1;1;5;-4;0;1;0
"856950";"2022-0416";"Rome Masters";"Clay";"64";"Masters";24;107;"Stan Wawrinka";"R";183;"SUI";37,1;78;"Reilly Opelka";"R";211;"USA";24,6;"3-6 7-5 6-2";3;"R64";125;8;2;98;52;36;27;14;8;10;14;4;91;56;39;18;15;8;12;361;119;17;2440;3;7;6;NA;NA;6;5;2;NA;NA;2022-05-09;2022;"2022-0416:24";1202;0;-2,49585502688717;1,91253715874966;78;"Reilly Opelka";107;"Stan Wawrinka";1,91253715874966;-2,49585502688717;4,40839218563683;24,6;37,1;-12,5;211;183;28;0,8;0,666666666666667;0,666666666666667;0,8;-0,133333333333333;12;10;8;8;4;2;2;4;-2;0;1;0
"856951";"2022-0416";"Rome Masters";"Clay";"64";"Masters";25;89;"Diego Schwartzman";"R";170;"ARG";29,7;52;"Miomir Kecmanovic";"R";183;"SRB";22,6;"6-2 3-6 7-6(3)";3;"R64";163;0;4;100;64;39;18;15;3;9;2;0;93;56;30;20;14;7;13;15;2760;31;1326;6;3;7;NA;NA;2;6;6;NA;NA;2022-05-09;2022;"2022-0416:25";1203;0;2,09310940439148;1,04580368961313;52;"Miomir Kecmanovic";89;"Diego Schwartzman";1,04580368961313;2,09310940439148;-1,04730571477836;22,6;29,7;-7,1;183;170;13;0,333333333333333;0,538461538461538;0,538461538461538;0,333333333333333;0,205128205128205;13;9;7;3;6;6;6;6;0;0;1;0
"856952";"2022-0416";"Rome Masters";"Clay";"64";"Masters";26;42;"Marcos Giron";"R";180;"USA";28,7;10;"Alexander Bublik";"R";196;"KAZ";24,8;"3-6 6-4 6-3";3;"R64";109;4;0;84;60;40;15;14;4;6;11;13;89;43;38;19;14;5;8;59;914;41;1093;3;6;6;NA;NA;6;4;3;NA;NA;2022-05-09;2022;"2022-0416:26";1204;0;0,117356950638158;0,642447995381916;10;"Alexander Bublik";42;"Marcos Giron";0,642447995381916;0,117356950638158;0,525091044743758;24,8;28,7;-3,9;196;180;16;0,666666666666667;0,625;0,625;0,666666666666667;-0,0416666666666666;8;6;5;4;3;2;2;3;-1;0;1;0
"856955";"2022-0416";"Rome Masters";"Clay";"64";"Masters";29;4;"Nikoloz Basilashvili";"R";185;"GEO";30,2;31;"Daniel Evans";"R";175;"GBR";31,9;"7-6(2) 6-2";3;"R64";104;2;5;73;35;22;24;10;2;4;7;1;63;38;25;8;10;7;11;25;1618;33;1242;7;6;NA;NA;NA;6;2;NA;NA;NA;2022-05-09;2022;"2022-0416:29";1205;1;1,35614381022528;0,955605880641547;4;"Nikoloz Basilashvili";31;"Daniel Evans";1,35614381022528;0,955605880641547;0,400537929583729;30,2;31,9;-1,7;185;175;10;0,5;0,636363636363636;0,5;0,636363636363636;-0,136363636363636;11;4;7;2;4;2;4;2;2;0;1;0
"856956";"2022-0416";"Rome Masters";"Clay";"64";"Masters";30;91;"Denis Shapovalov";"L";185;"CAN";23;94;"Lorenzo Sonego";"R";191;"ITA";26,9;"7-6(5) 3-6 6-3";3;"R64";190;3;7;103;55;43;25;15;3;5;1;1;112;72;49;21;15;7;9;16;2671;28;1540;7;3;6;NA;NA;6;6;3;NA;NA;2022-05-09;2022;"2022-0416:30";1206;1;2;1,1926450779424;91;"Denis Shapovalov";94;"Lorenzo Sonego";2;1,1926450779424;0,807354922057604;23;26,9;-3,9;185;191;-6;0,6;0,777777777777778;0,6;0,777777777777778;-0,177777777777778;9;5;7;3;2;2;2;2;0;0;1;0
"856957";"2022-0416";"Rome Masters";"Clay";"64";"Masters";31;43;"David Goffin";"R";180;"BEL";31,4;49;"Hubert Hurkacz";"R";196;"POL";25,2;"7-6(8) 7-6(2)";3;"R64";147;1;1;96;53;43;23;12;4;5;5;0;91;41;26;33;12;7;8;48;1023;12;3130;7;7;NA;NA;NA;6;6;NA;NA;NA;2022-05-09;2022;"2022-0416:31";1207;1;0,415037499278844;2,41503749927884;43;"David Goffin";49;"Hubert Hurkacz";0,415037499278844;2,41503749927884;-2;31,4;25,2;6,2;180;196;-16;0,8;0,875;0,8;0,875;-0,075;8;5;7;4;1;1;1;1;0;0;1;0
"856960";"2022-0416";"Rome Masters";"Clay";"64";"Masters";34;56;"Filip Krajinovic";"R";185;"SRB";30,1;99;"Frances Tiafoe";"R";188;"USA";24,2;"7-6(7) 7-6(4)";3;"R64";128;6;1;108;74;55;16;12;5;6;15;1;82;54;39;18;12;3;4;54;960;26;1605;7;7;NA;NA;NA;6;6;NA;NA;NA;2022-05-09;2022;"2022-0416:34";1208;1;0,245112497836532;1,29956028185891;56;"Filip Krajinovic";99;"Frances Tiafoe";0,245112497836532;1,29956028185891;-1,05444778402238;30,1;24,2;5,9;185;188;-3;0,833333333333333;0,75;0,833333333333333;0,75;0,0833333333333334;4;6;3;5;1;1;1;1;0;0;1;0
"856961";"2022-0416";"Rome Masters";"Clay";"64";"Masters";35;35;"Fabio Fognini";"R";178;"ITA";34,9;98;"Dominic Thiem";"R";185;"AUT";28,6;"6-4 7-6(5)";3;"R64";113;1;2;83;41;32;22;11;6;7;5;1;69;45;33;13;11;1;3;56;951;162;375;6;7;NA;NA;NA;4;6;NA;NA;NA;2022-05-09;2022;"2022-0416:35";1209;1;0,192645077942396;-1,33985000288462;35;"Fabio Fognini";98;"Dominic Thiem";0,192645077942396;-1,33985000288462;1,53249508082702;34,9;28,6;6,3;178;185;-7;0,857142857142857;0,333333333333333;0,857142857142857;0,333333333333333;0,523809523809524;3;7;1;6;2;1;2;1;1;0;1;0
"856962";"2022-0416";"Rome Masters";"Clay";"64";"Masters";36;93;"Jannik Sinner";"R";188;"ITA";20,7;63;"Pedro Martinez";"R";185;"ESP";25;"6-4 6-3";3;"R64";84;4;1;57;35;27;12;10;1;2;0;1;46;33;21;6;9;2;5;13;3060;40;1095;6;6;NA;NA;NA;4;3;NA;NA;NA;2022-05-09;2022;"2022-0416:36";1210;0;2,29956028185891;0,678071905112637;63;"Pedro Martinez";93;"Jannik Sinner";0,678071905112637;2,29956028185891;-1,62148837674627;25;20,7;4,3;185;188;-3;0,5;0,4;0,4;0,5;-0,1;5;2;2;1;3;1;1;3;-2;0;1;0
"856963";"2022-0416";"Rome Masters";"Clay";"64";"Masters";37;12;"Pablo Carreno Busta";"R";188;"ESP";30,8;24;"Federico Delbonis";"L";190;"ARG";31,5;"6-3 6-2";3;"R64";80;1;1;57;37;26;12;9;2;3;1;6;55;32;18;9;8;4;8;18;2135;39;1114;6;6;NA;NA;NA;3;2;NA;NA;NA;2022-05-09;2022;"2022-0416:37";1211;1;1,83007499855769;0,714597781137751;12;"Pablo Carreno Busta";24;"Federico Delbonis";1,83007499855769;0,714597781137751;1,11547721741994;30,8;31,5;-0,699999999999999;188;190;-2;0,666666666666667;0,5;0,666666666666667;0,5;0,166666666666667;8;3;4;2;4;1;4;1;3;0;1;0
"856969";"2022-0416";"Rome Masters";"Clay";"64";"Masters";43;22;"Alex De Minaur";"R";183;"AUS";23,2;58;"Dusan Lajovic";"R";180;"SRB";31,8;"6-4 6-1";3;"R64";100;1;2;79;48;37;12;9;7;7;0;0;57;38;21;10;8;6;9;22;1691;64;906;6;6;NA;NA;NA;4;1;NA;NA;NA;2022-05-09;2022;"2022-0416:43";1212;1;1,5405683813627;0;22;"Alex De Minaur";58;"Dusan Lajovic";1,5405683813627;0;1,5405683813627;23,2;31,8;-8,6;183;180;3;1;0,666666666666667;1;0,666666666666667;0,333333333333333;9;7;6;7;3;0;3;0;3;0;1;0
"856970";"2022-0416";"Rome Masters";"Clay";"64";"Masters";44;80;"Tommy Paul";"R";185;"USA";24,9;85;"Albert Ramos";"L";188;"ESP";34,3;"6-4 6-4";3;"R64";93;1;1;53;32;22;10;10;2;5;1;3;62;44;29;4;10;5;10;34;1208;43;1071;6;6;NA;NA;NA;4;4;NA;NA;NA;2022-05-09;2022;"2022-0416:44";1213;1;0,912537158749661;0,573735245297902;80;"Tommy Paul";85;"Albert Ramos";0,912537158749661;0,573735245297902;0,338801913451759;24,9;34,3;-9,4;185;188;-3;0,4;0,5;0,4;0,5;-0,1;10;5;5;2;5;3;5;3;2;0;1;0
"856972";"2022-0416";"Rome Masters";"Clay";"64";"Masters";46;28;"Novak Djokovic";"R";188;"SRB";34,9;51;"Aslan Karatsev";"R";185;"RUS";28,6;"6-3 6-2";3;"R32";90;1;2;51;25;19;17;9;1;2;4;4;63;33;23;9;8;6;10;1;8260;35;1173;6;6;NA;NA;NA;3;2;NA;NA;NA;2022-05-09;2022;"2022-0416:46";1214;1;6;0,870716983055034;28;"Novak Djokovic";51;"Aslan Karatsev";6;0,870716983055034;5,12928301694497;34,9;28,6;6,3;188;185;3;0,5;0,6;0,5;0,6;-0,1;10;2;6;1;4;1;4;1;3;0;1;0
"856973";"2022-0416";"Rome Masters";"Clay";"64";"Masters";47;107;"Stan Wawrinka";"R";183;"SUI";37,1;27;"Laslo Djere";"R";188;"SRB";26,9;"7-6(8) 3-6 6-4";3;"R32";168;7;4;89;49;39;23;15;1;3;5;3;126;71;47;32;16;9;11;361;119;58;931;7;3;6;NA;NA;6;6;4;NA;NA;2022-05-09;2022;"2022-0416:47";1215;0;-2,49585502688717;0,142019004872428;27;"Laslo Djere";107;"Stan Wawrinka";0,142019004872428;-2,49585502688717;2,6378740317596;26,9;37,1;-10,2;188;183;5;0,333333333333333;0,818181818181818;0,818181818181818;0,333333333333333;0,484848484848485;11;3;9;1;2;2;2;2;0;0;1;0
"856974";"2022-0416";"Rome Masters";"Clay";"64";"Masters";48;42;"Marcos Giron";"R";180;"USA";28,7;89;"Diego Schwartzman";"R";170;"ARG";29,7;"6-1 7-6(4)";3;"R32";112;4;1;56;35;28;11;9;3;4;2;5;75;53;31;7;10;8;12;59;914;15;2760;6;7;NA;NA;NA;1;6;NA;NA;NA;2022-05-09;2022;"2022-0416:48";1216;1;0,117356950638158;2,09310940439148;42;"Marcos Giron";89;"Diego Schwartzman";0,117356950638158;2,09310940439148;-1,97575245375332;28,7;29,7;-1;180;170;10;0,75;0,666666666666667;0,75;0,666666666666667;0,0833333333333334;12;4;8;3;4;1;4;1;3;0;1;0
"856975";"2022-0416";"Rome Masters";"Clay";"64";"Masters";49;3;"Felix Auger Aliassime";"R";193;"CAN";21,7;21;"Alejandro Davidovich Fokina";"R";183;"ESP";22,9;"4-6 7-6(2) 6-2";3;"R32";182;5;4;116;76;50;22;15;9;11;4;0;96;68;47;14;15;4;7;9;3760;29;1470;4;7;6;NA;NA;6;6;2;NA;NA;2022-05-09;2022;"2022-0416:49";1217;1;2,83007499855769;1,14201900487243;3;"Felix Auger Aliassime";21;"Alejandro Davidovich Fokina";2,83007499855769;1,14201900487243;1,68805599368526;21,7;22,9;-1,2;193;183;10;0,818181818181818;0,571428571428571;0,818181818181818;0,571428571428571;0,246753246753247;7;11;4;9;3;2;3;2;1;0;1;0
"856976";"2022-0416";"Rome Masters";"Clay";"64";"Masters";50;74;"Rafael Nadal";"L";185;"ESP";35,9;50;"John Isner";"R";206;"USA";37;"6-3 6-1";3;"R32";76;1;2;49;27;22;13;8;2;2;1;2;47;26;13;11;8;2;6;4;6435;27;1571;6;6;NA;NA;NA;3;1;NA;NA;NA;2022-05-09;2022;"2022-0416:50";1218;0;4;1,24511249783653;50;"John Isner";74;"Rafael Nadal";1,24511249783653;4;-2,75488750216347;37;35,9;1,1;206;185;21;1;0,333333333333333;0,333333333333333;1;-0,666666666666667;6;2;2;2;4;0;0;4;-4;0;1;0
"856977";"2022-0416";"Rome Masters";"Clay";"64";"Masters";51;91;"Denis Shapovalov";"L";185;"CAN";23;4;"Nikoloz Basilashvili";"R";185;"GEO";30,2;"6-4 7-6(5)";3;"R32";100;7;4;67;47;40;10;11;1;1;1;1;71;35;23;25;11;3;4;16;2671;25;1618;6;7;NA;NA;NA;4;6;NA;NA;NA;2022-05-09;2022;"2022-0416:51";1219;0;2;1,35614381022528;4;"Nikoloz Basilashvili";91;"Denis Shapovalov";1,35614381022528;2;-0,643856189774724;30,2;23;7,2;185;185;0;1;0,75;0,75;1;-0,25;4;1;3;1;1;0;0;1;-1;0;1;0
"856980";"2022-0416";"Rome Masters";"Clay";"64";"Masters";54;56;"Filip Krajinovic";"R";185;"SRB";30,1;87;"Andrey Rublev";"R";188;"RUS";24,5;"6-2 6-4";3;"R32";68;2;0;56;38;29;11;9;3;3;5;1;50;28;21;10;9;1;4;54;960;7;4115;6;6;NA;NA;NA;2;4;NA;NA;NA;2022-05-09;2022;"2022-0416:54";1220;1;0,245112497836532;3,1926450779424;56;"Filip Krajinovic";87;"Andrey Rublev";0,245112497836532;3,1926450779424;-2,94753258010586;30,1;24,5;5,6;185;188;-3;1;0,25;1;0,25;0,75;4;3;1;3;3;0;3;0;3;0;1;0
"856981";"2022-0416";"Rome Masters";"Clay";"64";"Masters";55;93;"Jannik Sinner";"R";188;"ITA";20,7;35;"Fabio Fognini";"R";178;"ITA";34,9;"6-2 3-6 6-3";3;"R32";123;2;1;71;33;24;21;13;2;5;2;9;78;36;23;20;13;4;9;13;3060;56;951;6;3;6;NA;NA;2;6;3;NA;NA;2022-05-09;2022;"2022-0416:55";1221;0;2,29956028185891;0,192645077942396;35;"Fabio Fognini";93;"Jannik Sinner";0,192645077942396;2,29956028185891;-2,10691520391651;34,9;20,7;14,2;178;188;-10;0,4;0,444444444444444;0,444444444444444;0,4;0,0444444444444444;9;5;4;2;5;3;3;5;-2;0;1;0
"856982";"2022-0416";"Rome Masters";"Clay";"64";"Masters";56;53;"Karen Khachanov";"R";198;"RUS";25,9;12;"Pablo Carreno Busta";"R";188;"ESP";30,8;"6-4 2-6 6-1";3;"R32";124;5;3;95;51;36;23;13;7;9;4;1;63;37;28;12;12;1;4;24;1620;18;2135;6;2;6;NA;NA;4;6;1;NA;NA;2022-05-09;2022;"2022-0416:56";1222;0;1,41503749927884;1,83007499855769;12;"Pablo Carreno Busta";53;"Karen Khachanov";1,83007499855769;1,41503749927884;0,415037499278844;30,8;25,9;4,9;188;198;-10;0,777777777777778;0,25;0,25;0,777777777777778;-0,527777777777778;4;9;1;7;3;2;2;3;-1;0;1;0
"856983";"2022-0416";"Rome Masters";"Clay";"64";"Masters";57;103;"Stefanos Tsitsipas";"R";193;"GRE";23,7;26;"Grigor Dimitrov";"R";188;"BUL";30,9;"6-3 5-7 7-6(4)";3;"R32";157;12;5;107;73;53;19;17;4;6;4;5;95;59;44;19;16;4;6;5;5750;20;1830;6;5;7;NA;NA;3;7;6;NA;NA;2022-05-09;2022;"2022-0416:57";1223;0;3,67807190511264;1,67807190511264;26;"Grigor Dimitrov";103;"Stefanos Tsitsipas";1,67807190511264;3,67807190511264;-2;30,9;23,7;7,2;188;193;-5;0,666666666666667;0,666666666666667;0,666666666666667;0,666666666666667;0;6;6;4;4;2;2;2;2;0;0;1;0
"856985";"2022-0416";"Rome Masters";"Clay";"64";"Masters";59;16;"Marin Cilic";"R";198;"CRO";33,6;77;"Cameron Norrie";"L";188;"GBR";26,7;"5-7 6-2 6-1";3;"R32";125;9;3;78;48;38;17;14;1;3;1;2;86;55;32;15;13;5;10;23;1650;11;3380;5;6;6;NA;NA;7;2;1;NA;NA;2022-05-09;2022;"2022-0416:59";1224;1;1,47643804394299;2,5405683813627;16;"Marin Cilic";77;"Cameron Norrie";1,47643804394299;2,5405683813627;-1,06413033741972;33,6;26,7;6,9;198;188;10;0,333333333333333;0,5;0,333333333333333;0,5;-0,166666666666667;10;3;5;1;5;2;5;2;3;0;1;0
"856986";"2022-0416";"Rome Masters";"Clay";"64";"Masters";60;22;"Alex De Minaur";"R";183;"AUS";23,2;80;"Tommy Paul";"R";185;"USA";24,9;"7-5 6-4";3;"R32";107;2;0;63;37;24;16;11;2;5;1;0;66;41;26;9;11;7;12;22;1691;34;1208;7;6;NA;NA;NA;5;4;NA;NA;NA;2022-05-09;2022;"2022-0416:60";1225;1;1,5405683813627;0,912537158749661;22;"Alex De Minaur";80;"Tommy Paul";1,5405683813627;0,912537158749661;0,628031222613042;23,2;24,9;-1,7;183;185;-2;0,4;0,583333333333333;0,4;0,583333333333333;-0,183333333333333;12;5;7;2;5;3;5;3;2;0;1;0
"856988";"2022-0416";"Rome Masters";"Clay";"64";"Masters";62;28;"Novak Djokovic";"R";188;"SRB";34,9;107;"Stan Wawrinka";"R";183;"SUI";37,1;"6-2 6-2";3;"R16";75;2;0;48;36;27;6;8;3;4;1;4;57;24;14;12;8;2;7;1;8260;361;119;6;6;NA;NA;NA;2;2;NA;NA;NA;2022-05-09;2022;"2022-0416:62";1226;1;6;-2,49585502688717;28;"Novak Djokovic";107;"Stan Wawrinka";6;-2,49585502688717;8,49585502688717;34,9;37,1;-2,2;188;183;5;0,75;0,285714285714286;0,75;0,285714285714286;0,464285714285714;7;4;2;3;5;1;5;1;4;0;1;0
"856989";"2022-0416";"Rome Masters";"Clay";"64";"Masters";63;3;"Felix Auger Aliassime";"R";193;"CAN";21,7;42;"Marcos Giron";"R";180;"USA";28,7;"6-3 6-2";3;"R16";88;11;3;55;31;26;13;9;2;3;1;2;61;43;24;6;8;4;8;9;3760;59;914;6;6;NA;NA;NA;3;2;NA;NA;NA;2022-05-09;2022;"2022-0416:63";1227;1;2,83007499855769;0,117356950638158;3;"Felix Auger Aliassime";42;"Marcos Giron";2,83007499855769;0,117356950638158;2,71271804791953;21,7;28,7;-7;193;180;13;0,666666666666667;0,5;0,666666666666667;0,5;0,166666666666667;8;3;4;2;4;1;4;1;3;0;1;0
"856990";"2022-0416";"Rome Masters";"Clay";"64";"Masters";64;91;"Denis Shapovalov";"L";185;"CAN";23;74;"Rafael Nadal";"L";185;"ESP";35,9;"1-6 7-5 6-2";3;"R16";157;13;3;93;63;40;13;13;7;11;2;4;90;65;36;14;14;8;13;16;2671;4;6435;1;7;6;NA;NA;6;5;2;NA;NA;2022-05-09;2022;"2022-0416:64";1228;0;2;4;74;"Rafael Nadal";91;"Denis Shapovalov";4;2;2;35,9;23;12,9;185;185;0;0,636363636363636;0,615384615384615;0,615384615384615;0,636363636363636;-0,0209790209790209;13;11;8;7;5;4;4;5;-1;0;1;0
"856992";"2022-0416";"Rome Masters";"Clay";"64";"Masters";66;93;"Jannik Sinner";"R";188;"ITA";20,7;56;"Filip Krajinovic";"R";185;"SRB";30,1;"6-2 7-6(6)";3;"R16";101;13;2;70;38;31;14;10;1;2;5;2;57;39;28;9;10;0;3;13;3060;54;960;6;7;NA;NA;NA;2;6;NA;NA;NA;2022-05-09;2022;"2022-0416:66";1229;0;2,29956028185891;0,245112497836532;56;"Filip Krajinovic";93;"Jannik Sinner";0,245112497836532;2,29956028185891;-2,05444778402238;30,1;20,7;9,4;185;188;-3;0,5;0;0;0,5;-0,5;3;2;0;1;3;1;1;3;-2;0;1;0
"856993";"2022-0416";"Rome Masters";"Clay";"64";"Masters";67;103;"Stefanos Tsitsipas";"R";193;"GRE";23,7;53;"Karen Khachanov";"R";198;"RUS";25,9;"4-6 6-0 6-3";3;"R16";111;8;4;77;48;38;15;13;6;8;3;2;64;38;21;14;12;2;7;5;5750;24;1620;4;6;6;NA;NA;6;0;3;NA;NA;2022-05-09;2022;"2022-0416:67";1230;0;3,67807190511264;1,41503749927884;53;"Karen Khachanov";103;"Stefanos Tsitsipas";1,41503749927884;3,67807190511264;-2,26303440583379;25,9;23,7;2,2;198;193;5;0,75;0,285714285714286;0,285714285714286;0,75;-0,464285714285714;7;8;2;6;5;2;2;5;-3;0;1;0
"856994";"2022-0416";"Rome Masters";"Clay";"64";"Masters";68;39;"Cristian Garin";"R";185;"CHI";25,9;16;"Marin Cilic";"R";198;"CRO";33,6;"6-3 4-6 6-4";3;"R16";176;1;6;116;72;42;23;14;16;20;3;2;97;49;31;23;15;9;15;45;1033;23;1650;6;4;6;NA;NA;3;6;4;NA;NA;2022-05-09;2022;"2022-0416:68";1231;0;0,508146903670325;1,47643804394299;16;"Marin Cilic";39;"Cristian Garin";1,47643804394299;0,508146903670325;0,968291140272662;33,6;25,9;7,7;198;185;13;0,8;0,6;0,6;0,8;-0,2;15;20;9;16;6;4;4;6;-2;0;1;0
"856995";"2022-0416";"Rome Masters";"Clay";"64";"Masters";69;109;"Alexander Zverev";"R";198;"GER";25;22;"Alex De Minaur";"R";183;"AUS";23,2;"6-3 7-6(5)";3;"R16";109;4;2;61;41;31;9;11;1;4;0;0;82;50;26;19;10;5;9;3;7020;22;1691;6;7;NA;NA;NA;3;6;NA;NA;NA;2022-05-09;2022;"2022-0416:69";1232;0;4,41503749927884;1,5405683813627;22;"Alex De Minaur";109;"Alexander Zverev";1,5405683813627;4,41503749927884;-2,87446911791614;23,2;25;-1,8;183;198;-15;0,25;0,555555555555556;0,555555555555556;0,25;0,305555555555556;9;4;5;1;4;3;3;4;-1;0;1;0
"856996";"2022-0416";"Rome Masters";"Clay";"64";"Masters";70;28;"Novak Djokovic";"R";188;"SRB";34,9;3;"Felix Auger Aliassime";"R";193;"CAN";21,7;"7-5 7-6(1)";3;"QF";129;4;0;75;57;42;11;12;3;5;11;3;75;47;34;12;12;5;8;1;8260;9;3760;7;7;NA;NA;NA;5;6;NA;NA;NA;2022-05-09;2022;"2022-0416:70";1233;0;6;2,83007499855769;3;"Felix Auger Aliassime";28;"Novak Djokovic";2,83007499855769;6;-3,16992500144231;21,7;34,9;-13,2;193;188;5;0,6;0,625;0,625;0,6;0,025;8;5;5;3;3;2;2;3;-1;0;1;0
"856997";"2022-0416";"Rome Masters";"Clay";"64";"Masters";71;88;"Casper Ruud";"R";183;"NOR";23,3;91;"Denis Shapovalov";"L";185;"CAN";23;"7-6(7) 7-5";3;"QF";139;5;1;81;58;45;15;12;2;2;3;7;104;66;46;21;12;14;15;10;3760;16;2671;7;7;NA;NA;NA;6;5;NA;NA;NA;2022-05-09;2022;"2022-0416:71";1234;1;2,67807190511264;2;88;"Casper Ruud";91;"Denis Shapovalov";2,67807190511264;2;0,678071905112638;23,3;23;0,300000000000001;183;185;-2;1;0,933333333333333;1;0,933333333333333;0,0666666666666667;15;2;14;2;1;0;1;0;1;0;1;0
"856998";"2022-0416";"Rome Masters";"Clay";"64";"Masters";72;103;"Stefanos Tsitsipas";"R";193;"GRE";23,7;93;"Jannik Sinner";"R";188;"ITA";20,7;"7-6(5) 6-2";3;"QF";147;10;5;95;62;44;14;10;5;6;3;2;68;45;33;7;10;3;6;5;5750;13;3060;7;6;NA;NA;NA;6;2;NA;NA;NA;2022-05-09;2022;"2022-0416:72";1235;0;3,67807190511264;2,29956028185891;93;"Jannik Sinner";103;"Stefanos Tsitsipas";2,29956028185891;3,67807190511264;-1,37851162325373;20,7;23,7;-3;188;193;-5;0,833333333333333;0,5;0,5;0,833333333333333;-0,333333333333333;6;6;3;5;3;1;1;3;-2;0;1;0
"856999";"2022-0416";"Rome Masters";"Clay";"64";"Masters";73;109;"Alexander Zverev";"R";198;"GER";25;39;"Cristian Garin";"R";185;"CHI";25,9;"7-5 6-2";3;"QF";111;4;2;74;47;33;14;10;4;5;1;3;64;43;29;5;10;7;11;3;7020;45;1033;7;6;NA;NA;NA;5;2;NA;NA;NA;2022-05-09;2022;"2022-0416:73";1236;0;4,41503749927884;0,508146903670325;39;"Cristian Garin";109;"Alexander Zverev";0,508146903670325;4,41503749927884;-3,90689059560852;25,9;25;0,899999999999999;185;198;-13;0,8;0,636363636363636;0,636363636363636;0,8;-0,163636363636364;11;5;7;4;4;1;1;4;-3;0;1;0
"857000";"2022-0416";"Rome Masters";"Clay";"64";"Masters";74;28;"Novak Djokovic";"R";188;"SRB";34,9;88;"Casper Ruud";"R";183;"NOR";23,3;"6-4 6-3";3;"SF";102;1;1;51;33;23;12;9;0;1;2;0;64;48;29;8;10;5;9;1;8260;10;3760;6;6;NA;NA;NA;4;3;NA;NA;NA;2022-05-09;2022;"2022-0416:74";1237;1;6;2,67807190511264;28;"Novak Djokovic";88;"Casper Ruud";6;2,67807190511264;3,32192809488736;34,9;23,3;11,6;188;183;5;0;0,555555555555556;0;0,555555555555556;-0,555555555555556;9;1;5;0;4;1;4;1;3;0;1;0
"857001";"2022-0416";"Rome Masters";"Clay";"64";"Masters";75;103;"Stefanos Tsitsipas";"R";193;"GRE";23,7;109;"Alexander Zverev";"R";198;"GER";25;"4-6 6-3 6-3";3;"SF";148;3;1;91;55;38;22;14;2;3;5;4;87;56;39;13;14;2;5;5;5750;3;7020;4;6;6;NA;NA;6;3;3;NA;NA;2022-05-09;2022;"2022-0416:75";1238;1;3,67807190511264;4,41503749927884;103;"Stefanos Tsitsipas";109;"Alexander Zverev";3,67807190511264;4,41503749927884;-0,736965594166206;23,7;25;-1,3;193;198;-5;0,666666666666667;0,4;0,666666666666667;0,4;0,266666666666667;5;3;2;2;3;1;3;1;2;0;1;0
"857002";"2022-0416";"Rome Masters";"Clay";"64";"Masters";76;28;"Novak Djokovic";"R";188;"SRB";34,9;103;"Stefanos Tsitsipas";"R";193;"GRE";23,7;"6-0 7-6(5)";3;"F";96;6;1;53;37;30;9;9;1;2;1;1;59;39;25;7;9;2;6;1;8260;5;5750;6;7;NA;NA;NA;0;6;NA;NA;NA;2022-05-09;2022;"2022-0416:76";1239;1;6;3,67807190511264;28;"Novak Djokovic";103;"Stefanos Tsitsipas";6;3,67807190511264;2,32192809488736;34,9;23,7;11,2;188;193;-5;0,5;0,333333333333333;0,5;0,333333333333333;0,166666666666667;6;2;2;1;4;1;4;1;3;0;1;0
