"";"tourney_id";"tourney_name";"surface";"draw_size";"tourney_level";"match_num";"winner_id";"winner_name";"winner_hand";"winner_ht";"winner_ioc";"winner_age";"loser_id";"loser_name";"loser_hand";"loser_ht";"loser_ioc";"loser_age";"score";"best_of";"round";"minutes";"w_ace";"w_df";"w_svpt";"w_1stIn";"w_1stWon";"w_2ndWon";"w_SvGms";"w_bpSaved";"w_bpFaced";"l_ace";"l_df";"l_svpt";"l_1stIn";"l_1stWon";"l_2ndWon";"l_SvGms";"l_bpSaved";"l_bpFaced";"winner_rank";"winner_rank_points";"loser_rank";"loser_rank_points";"W1";"W2";"W3";"W4";"W5";"L1";"L2";"L3";"L4";"L5";"tourney_start_date";"year";"match_id";"Time";"y";"transformed_winner_rank";"transformed_loser_rank";"player_i_id";"player_i_name";"player_j_id";"player_j_name";"transformed_rank_i";"transformed_rank_j";"diff_transformed_rank";"age_i";"age_j";"diff_age";"height_i";"height_j";"diff_height";"w_bp_saved_ratio";"l_bp_saved_ratio";"bp_saved_ratio_i";"bp_saved_ratio_j";"diff_bp_saved_ratio";"w_bp_chances";"l_bp_chances";"w_bp_lost";"l_bp_lost";"w_bp_won";"l_bp_won";"bp_won_i";"bp_won_j";"diff_bp_won";"I_grass";"I_clay";"I_hard"
"762361";"2018-M006";"Indian Wells Masters";"Hard";"128";"Masters";3;53;"Norbert Gombos";"R";193;"SVK";27,5;11;"Liam Broady";"L";183;"GBR";24,1;"7-6(6) 6-3";3;"Q1";108;8;4;72;41;35;15;11;3;3;6;2;74;43;30;17;10;5;6;144;385;164;336;7;6;NA;NA;NA;6;3;NA;NA;NA;2018-03-05;2018;"2018-M006:3";1;0;0,830074998557688;0,642447995381916;11;"Liam Broady";53;"Norbert Gombos";0,642447995381916;0,830074998557688;-0,187627003175772;24,1;27,5;-3,4;183;193;-10;1;0,833333333333333;0,833333333333333;1;-0,166666666666667;6;3;5;3;1;0;0;1;-1;0;0;1
"762362";"2018-M006";"Indian Wells Masters";"Hard";"128";"Masters";4;4;"Felix Auger Aliassime";"R";193;"CAN";17,5;43;"Bjorn Fratangelo";"R";183;"USA";24,6;"6-4 6-4";3;"Q1";75;8;3;59;38;28;13;10;4;5;3;3;55;37;26;7;10;2;5;169;327;112;523;6;6;NA;NA;NA;4;4;NA;NA;NA;2018-03-05;2018;"2018-M006:4";2;1;0,599120563717816;1,1926450779424;4;"Felix Auger Aliassime";43;"Bjorn Fratangelo";0,599120563717816;1,1926450779424;-0,593524514224581;17,5;24,6;-7,1;193;183;10;0,8;0,4;0,8;0,4;0,4;5;5;2;4;3;1;3;1;2;0;0;1
"762370";"2018-M006";"Indian Wells Masters";"Hard";"128";"Masters";12;9;"Matteo Berrettini";"R";196;"ITA";21,8;75;"Denis Kudla";"R";180;"USA";25,5;"6-4 7-5";3;"Q1";93;6;1;75;47;32;15;11;5;7;4;7;75;46;29;12;11;4;8;108;540;168;327;6;7;NA;NA;NA;4;5;NA;NA;NA;2018-03-05;2018;"2018-M006:12";3;1;1,24511249783653;0,607682577221239;9;"Matteo Berrettini";75;"Denis Kudla";1,24511249783653;0,607682577221239;0,637429920615292;21,8;25,5;-3,7;196;180;16;0,714285714285714;0,5;0,714285714285714;0,5;0,214285714285714;8;7;4;5;4;2;4;2;2;0;0;1
"762371";"2018-M006";"Indian Wells Masters";"Hard";"128";"Masters";13;112;"Casper Ruud";"R";183;"NOR";19,2;79;"Henri Laaksonen";"R";185;"SUI";25,9;"6-1 6-4";3;"Q1";52;4;2;48;31;28;11;9;1;1;5;3;43;27;19;7;8;1;4;196;279;125;451;6;6;NA;NA;NA;1;4;NA;NA;NA;2018-03-05;2018;"2018-M006:13";4;0;0,385290155884792;1,03421571533791;79;"Henri Laaksonen";112;"Casper Ruud";1,03421571533791;0,385290155884792;0,648925559453121;25,9;19,2;6,7;185;183;2;1;0,25;0,25;1;-0,75;4;1;1;1;3;0;0;3;-3;0;0;1
"762384";"2018-M006";"Indian Wells Masters";"Hard";"128";"Masters";26;4;"Felix Auger Aliassime";"R";193;"CAN";17,5;53;"Norbert Gombos";"R";193;"SVK";27,5;"2-6 7-6(4) 6-3";3;"Q2";142;10;4;108;60;41;24;14;6;10;7;4;96;61;42;15;15;4;8;169;327;144;385;2;7;6;NA;NA;6;6;3;NA;NA;2018-03-05;2018;"2018-M006:26";5;1;0,599120563717816;0,830074998557688;4;"Felix Auger Aliassime";53;"Norbert Gombos";0,599120563717816;0,830074998557688;-0,230954434839872;17,5;27,5;-10;193;193;0;0,6;0,5;0,6;0,5;0,1;8;10;4;6;4;4;4;4;0;0;0;1
"762387";"2018-M006";"Indian Wells Masters";"Hard";"128";"Masters";29;24;"Taro Daniel";"R";191;"JPN";25,1;85;"Mackenzie Mcdonald";"R";178;"USA";22,8;"6-4 6-3";3;"Q2";71;1;0;58;32;24;16;10;3;4;4;2;46;27;19;11;9;2;5;109;539;142;397;6;6;NA;NA;NA;4;3;NA;NA;NA;2018-03-05;2018;"2018-M006:29";6;1;1,23181567522307;0,850252880495318;24;"Taro Daniel";85;"Mackenzie Mcdonald";1,23181567522307;0,850252880495318;0,381562794727756;25,1;22,8;2,3;191;178;13;0,75;0,4;0,75;0,4;0,35;5;4;2;3;3;1;3;1;2;0;0;1
"762388";"2018-M006";"Indian Wells Masters";"Hard";"128";"Masters";30;103;"Peter Polansky";"R";180;"CAN";29,7;9;"Matteo Berrettini";"R";196;"ITA";21,8;"6-3 1-6 6-3";3;"Q2";124;5;3;82;47;32;18;12;3;6;6;2;82;46;31;18;13;4;8;134;412;108;540;6;1;6;NA;NA;3;6;3;NA;NA;2018-03-05;2018;"2018-M006:30";7;0;0,933910809542228;1,24511249783653;9;"Matteo Berrettini";103;"Peter Polansky";1,24511249783653;0,933910809542228;0,311201688294304;21,8;29,7;-7,9;196;180;16;0,5;0,5;0,5;0,5;0;8;6;4;3;4;3;3;4;-1;0;0;1
"762389";"2018-M006";"Indian Wells Masters";"Hard";"128";"Masters";31;8;"Ricardas Berankis";"R";175;"LTU";27,7;112;"Casper Ruud";"R";183;"NOR";19,2;"2-6 6-2 6-2";3;"Q2";81;1;2;60;39;26;11;12;2;6;3;7;60;40;23;7;12;3;9;106;548;196;279;2;6;6;NA;NA;6;2;2;NA;NA;2018-03-05;2018;"2018-M006:31";8;1;1,2720795454368;0,385290155884792;8;"Ricardas Berankis";112;"Casper Ruud";1,2720795454368;0,385290155884792;0,88678938955201;27,7;19,2;8,5;175;183;-8;0,333333333333333;0,333333333333333;0,333333333333333;0,333333333333333;0;9;6;3;2;6;4;6;4;2;0;0;1
"762397";"2018-M006";"Indian Wells Masters";"Hard";"128";"Masters";39;57;"Pierre Hugues Herbert";"R";188;"FRA";26,9;118;"Gilles Simon";"R";183;"FRA";33,1;"6-7(8) 7-6(5) 6-3";3;"R128";172;14;10;135;85;65;21;17;6;8;1;2;114;82;55;16;16;2;5;93;610;70;765;6;7;6;NA;NA;7;6;3;NA;NA;2018-03-05;2018;"2018-M006:39";9;1;1,46084118889197;1,87071698305503;57;"Pierre Hugues Herbert";118;"Gilles Simon";1,46084118889197;1,87071698305503;-0,409875794163065;26,9;33,1;-6,2;188;183;5;0,75;0,4;0,75;0,4;0,35;5;8;2;6;3;2;3;2;1;0;0;1
"762398";"2018-M006";"Indian Wells Masters";"Hard";"128";"Masters";40;88;"Gael Monfils";"R";193;"FRA";31,5;35;"Matthew Ebden";"R";188;"AUS";30,2;"6-3 6-3";3;"R128";71;6;2;58;34;23;13;9;2;3;1;5;61;33;20;11;9;2;6;42;1220;78;685;6;6;NA;NA;NA;3;3;NA;NA;NA;2018-03-05;2018;"2018-M006:40";10;0;2,60768257722124;1,71459778113775;35;"Matthew Ebden";88;"Gael Monfils";1,71459778113775;2,60768257722124;-0,893084796083488;30,2;31,5;-1,3;188;193;-5;0,666666666666667;0,333333333333333;0,333333333333333;0,666666666666667;-0,333333333333333;6;3;2;2;4;1;1;4;-3;0;0;1
"762399";"2018-M006";"Indian Wells Masters";"Hard";"128";"Masters";41;24;"Taro Daniel";"R";191;"JPN";25,1;98;"Cameron Norrie";"L";188;"GBR";22,5;"6-3 1-6 6-1";3;"R128";104;5;3;80;53;37;11;12;1;3;2;6;78;44;33;12;11;5;8;109;539;111;529;6;1;6;NA;NA;3;6;1;NA;NA;2018-03-05;2018;"2018-M006:41";11;1;1,23181567522307;1,20558413364989;24;"Taro Daniel";98;"Cameron Norrie";1,23181567522307;1,20558413364989;0,0262315415731802;25,1;22,5;2,6;191;188;3;0,333333333333333;0,625;0,333333333333333;0,625;-0,291666666666667;8;3;5;1;3;2;3;2;1;0;0;1
"762402";"2018-M006";"Indian Wells Masters";"Hard";"128";"Masters";44;26;"Alex De Minaur";"R";183;"AUS";19;123;"Jan Lennard Struff";"R";193;"GER";27,8;"3-6 7-6(3) 7-6(5)";3;"R128";154;1;1;111;57;38;38;16;1;3;9;9;113;64;50;26;17;4;5;141;401;56;930;3;7;7;NA;NA;6;6;6;NA;NA;2018-03-05;2018;"2018-M006:44";12;1;0,860448647601206;2,1926450779424;26;"Alex De Minaur";123;"Jan Lennard Struff";0,860448647601206;2,1926450779424;-1,33219643034119;19;27,8;-8,8;183;193;-10;0,333333333333333;0,8;0,333333333333333;0,8;-0,466666666666667;5;3;4;1;1;2;1;2;-1;0;0;1
"762404";"2018-M006";"Indian Wells Masters";"Hard";"128";"Masters";46;4;"Felix Auger Aliassime";"R";193;"CAN";17,5;105;"Vasek Pospisil";"R";193;"CAN";27,6;"6-2 7-6(4)";3;"R128";99;11;2;64;35;27;20;10;3;3;2;2;67;31;20;22;10;2;4;169;327;75;708;6;7;NA;NA;NA;2;6;NA;NA;NA;2018-03-05;2018;"2018-M006:46";13;1;0,599120563717816;1,77118130950412;4;"Felix Auger Aliassime";105;"Vasek Pospisil";0,599120563717816;1,77118130950412;-1,1720607457863;17,5;27,6;-10,1;193;193;0;1;0,5;1;0,5;0,5;4;3;2;3;2;0;2;0;2;0;0;1
"762408";"2018-M006";"Indian Wells Masters";"Hard";"128";"Masters";50;134;"Mischa Zverev";"L";190;"GER";30,5;76;"Mikhail Kukushkin";"R";183;"KAZ";30,1;"6-3 4-6 6-1";3;"R128";129;5;2;78;43;36;19;13;3;5;2;2;91;52;31;17;13;5;10;53;952;89;638;6;4;6;NA;NA;3;6;1;NA;NA;2018-03-05;2018;"2018-M006:50";14;0;2,2720795454368;1,5242665690336;76;"Mikhail Kukushkin";134;"Mischa Zverev";1,5242665690336;2,2720795454368;-0,747812976403199;30,1;30,5;-0,399999999999999;183;190;-7;0,6;0,5;0,5;0,6;-0,1;10;5;5;3;5;2;2;5;-3;0;0;1
"762409";"2018-M006";"Indian Wells Masters";"Hard";"128";"Masters";51;37;"Ernesto Escobedo";"R";185;"USA";21,6;126;"Frances Tiafoe";"R";188;"USA";20,1;"7-5 6-3";3;"R128";82;5;1;62;30;21;21;11;1;2;5;0;55;33;23;10;10;2;5;117;481;64;844;7;6;NA;NA;NA;5;3;NA;NA;NA;2018-03-05;2018;"2018-M006:51";15;1;1,1296352804166;2;37;"Ernesto Escobedo";126;"Frances Tiafoe";1,1296352804166;2;-0,870364719583405;21,6;20,1;1,5;185;188;-3;0,5;0,4;0,5;0,4;0,1;5;2;2;1;3;1;3;1;2;0;0;1
"762410";"2018-M006";"Indian Wells Masters";"Hard";"128";"Masters";52;40;"Thomas Fabbiano";"R";173;"ITA";28,7;68;"Bradley Klahn";"L";190;"USA";27,5;"6-4 6-4";3;"R128";83;0;1;66;44;33;13;10;1;1;8;1;60;40;29;9;10;1;3;77;688;166;335;6;6;NA;NA;NA;4;4;NA;NA;NA;2018-03-05;2018;"2018-M006:52";16;1;1,7332134593051;0,624960568653075;40;"Thomas Fabbiano";68;"Bradley Klahn";1,7332134593051;0,624960568653075;1,10825289065202;28,7;27,5;1,2;173;190;-17;1;0,333333333333333;1;0,333333333333333;0,666666666666667;3;1;1;1;2;0;2;0;2;0;0;1
"762411";"2018-M006";"Indian Wells Masters";"Hard";"128";"Masters";53;32;"Evgeny Donskoy";"R";185;"RUS";27,8;67;"Karen Khachanov";"R";198;"RUS";21,7;"6-3 1-6 7-6(4)";3;"R128";120;3;2;83;52;36;18;14;5;9;8;2;92;51;35;23;14;2;5;76;707;41;1235;6;1;7;NA;NA;3;6;6;NA;NA;2018-03-05;2018;"2018-M006:53";17;1;1,75207248655641;2,64244799538192;32;"Evgeny Donskoy";67;"Karen Khachanov";1,75207248655641;2,64244799538192;-0,890375508825501;27,8;21,7;6,1;185;198;-13;0,555555555555556;0,4;0,555555555555556;0,4;0,155555555555556;5;9;2;5;3;4;3;4;-1;0;0;1
"762413";"2018-M006";"Indian Wells Masters";"Hard";"128";"Masters";55;86;"Daniil Medvedev";"R";198;"RUS";22;63;"Steve Johnson";"R";188;"USA";28,1;"7-6(0) 6-4";3;"R128";85;10;4;61;38;33;12;11;1;2;2;1;66;33;24;20;11;3;5;57;924;52;975;7;6;NA;NA;NA;6;4;NA;NA;NA;2018-03-05;2018;"2018-M006:55";18;0;2,16710998583526;2,29956028185891;63;"Steve Johnson";86;"Daniil Medvedev";2,29956028185891;2,16710998583526;0,13245029602365;28,1;22;6,1;188;198;-10;0,5;0,6;0,6;0,5;0,1;5;2;3;1;2;1;1;2;-1;0;0;1
"762417";"2018-M006";"Indian Wells Masters";"Hard";"128";"Masters";59;44;"Taylor Fritz";"R";193;"USA";20,3;99;"Reilly Opelka";"R";211;"USA";20,5;"4-6 7-6(6) 6-4";3;"R128";140;5;3;119;74;52;30;16;8;9;19;10;100;55;46;27;16;5;6;74;714;199;276;4;7;6;NA;NA;6;6;4;NA;NA;2018-03-05;2018;"2018-M006:59";19;1;1,79054663437105;0,363375379456351;44;"Taylor Fritz";99;"Reilly Opelka";1,79054663437105;0,363375379456351;1,4271712549147;20,3;20,5;-0,199999999999999;193;211;-18;0,888888888888889;0,833333333333333;0,888888888888889;0,833333333333333;0,0555555555555555;6;9;5;8;1;1;1;1;0;0;0;1
"762418";"2018-M006";"Indian Wells Masters";"Hard";"128";"Masters";60;129;"Fernando Verdasco";"L";188;"ESP";34,3;102;"Guido Pella";"L";185;"ARG";27,8;"6-2 1-6 6-2";3;"R128";89;3;1;61;46;32;8;11;1;3;9;1;69;50;31;11;12;1;5;39;1260;60;880;6;1;6;NA;NA;2;6;2;NA;NA;2018-03-05;2018;"2018-M006:60";20;0;2,71459778113775;2,09310940439148;102;"Guido Pella";129;"Fernando Verdasco";2,09310940439148;2,71459778113775;-0,62148837674627;27,8;34,3;-6,5;185;188;-3;0,333333333333333;0,2;0,2;0,333333333333333;-0,133333333333333;5;3;1;1;4;2;2;4;-2;0;0;1
"762419";"2018-M006";"Indian Wells Masters";"Hard";"128";"Masters";61;127;"Stefanos Tsitsipas";"R";193;"GRE";19,5;1;"Radu Albot";"R";175;"MDA";28,3;"7-6(2) 6-2";3;"R128";92;4;2;67;39;28;15;10;7;9;0;6;59;38;24;6;10;1;5;71;756;88;643;7;6;NA;NA;NA;6;2;NA;NA;NA;2018-03-05;2018;"2018-M006:61";21;0;1,85025288049532;1,5405683813627;1;"Radu Albot";127;"Stefanos Tsitsipas";1,5405683813627;1,85025288049532;-0,309684499132615;28,3;19,5;8,8;175;193;-18;0,777777777777778;0,2;0,2;0,777777777777778;-0,577777777777778;5;9;1;7;4;2;2;4;-2;0;0;1
"762420";"2018-M006";"Indian Wells Masters";"Hard";"128";"Masters";62;117;"Denis Shapovalov";"L";185;"CAN";18,8;8;"Ricardas Berankis";"R";175;"LTU";27,7;"6-3 6-4";3;"R128";72;6;7;53;25;22;17;10;0;1;0;5;52;29;21;10;9;3;6;44;1166;106;548;6;6;NA;NA;NA;3;4;NA;NA;NA;2018-03-05;2018;"2018-M006:62";22;0;2,5405683813627;1,2720795454368;8;"Ricardas Berankis";117;"Denis Shapovalov";1,2720795454368;2,5405683813627;-1,2684888359259;27,7;18,8;8,9;175;185;-10;0;0,5;0,5;0;0,5;6;1;3;0;3;1;1;3;-2;0;0;1
"762424";"2018-M006";"Indian Wells Masters";"Hard";"128";"Masters";66;103;"Peter Polansky";"R";180;"CAN";29,7;20;"Marius Copil";"R";193;"ROU";27,3;"7-6(3) 6-7(5) 7-6(12)";3;"R128";192;1;6;124;70;57;33;18;4;6;25;3;129;66;50;37;18;5;7;134;412;81;677;7;6;7;NA;NA;6;7;6;NA;NA;2018-03-05;2018;"2018-M006:66";23;0;0,933910809542228;1,66014999711538;20;"Marius Copil";103;"Peter Polansky";1,66014999711538;0,933910809542228;0,726239187573148;27,3;29,7;-2,4;193;180;13;0,666666666666667;0,714285714285714;0,714285714285714;0,666666666666667;0,0476190476190477;7;6;5;4;2;2;2;2;0;0;0;1
"762425";"2018-M006";"Indian Wells Masters";"Hard";"128";"Masters";67;74;"Mitchell Krueger";"R";188;"USA";24,1;100;"Benoit Paire";"R";196;"FRA";28,8;"6-4 1-6 6-4";3;"R128";115;1;2;82;47;32;15;13;2;6;15;13;92;47;38;16;14;5;9;231;228;46;1075;6;1;6;NA;NA;4;6;4;NA;NA;2018-03-05;2018;"2018-M006:67";24;1;0,148250958583943;2,47643804394299;74;"Mitchell Krueger";100;"Benoit Paire";0,148250958583943;2,47643804394299;-2,32818708535904;24,1;28,8;-4,7;188;196;-8;0,333333333333333;0,555555555555556;0,333333333333333;0,555555555555556;-0,222222222222222;9;6;5;2;4;4;4;4;0;0;0;1
"762427";"2018-M006";"Indian Wells Masters";"Hard";"128";"Masters";69;19;"Marin Cilic";"R";198;"CRO";29,4;45;"Marton Fucsovics";"R";188;"HUN";26;"7-5 6-3";3;"R64";99;2;1;65;29;21;26;11;2;2;2;4;71;34;23;18;10;8;10;3;4870;65;825;7;6;NA;NA;NA;5;3;NA;NA;NA;2018-03-05;2018;"2018-M006:69";25;1;6,41503749927884;1,97763218697155;19;"Marin Cilic";45;"Marton Fucsovics";6,41503749927884;1,97763218697155;4,4374053123073;29,4;26;3,4;198;188;10;1;0,8;1;0,8;0,2;10;2;8;2;2;0;2;0;2;0;0;1
"762430";"2018-M006";"Indian Wells Masters";"Hard";"128";"Masters";72;88;"Gael Monfils";"R";193;"FRA";31,5;60;"John Isner";"R";206;"USA";32,8;"6-7(5) 7-6(3) 7-5";3;"R64";155;8;5;121;81;62;24;18;7;7;15;3;107;68;55;23;18;2;3;42;1220;18;2205;6;7;7;NA;NA;7;6;5;NA;NA;2018-03-05;2018;"2018-M006:72";26;0;2,60768257722124;3,83007499855769;60;"John Isner";88;"Gael Monfils";3,83007499855769;2,60768257722124;1,22239242133645;32,8;31,5;1,3;206;193;13;1;0,666666666666667;0,666666666666667;1;-0,333333333333333;3;7;2;7;1;0;0;1;-1;0;0;1
"762431";"2018-M006";"Indian Wells Masters";"Hard";"128";"Masters";73;24;"Taro Daniel";"R";191;"JPN";25,1;31;"Novak Djokovic";"R";188;"SRB";30,7;"7-6(3) 4-6 6-1";3;"R64";150;1;8;107;52;37;28;15;5;7;4;4;94;60;39;18;14;8;11;109;539;13;2380;7;4;6;NA;NA;6;6;1;NA;NA;2018-03-05;2018;"2018-M006:73";27;1;1,23181567522307;4,29956028185891;24;"Taro Daniel";31;"Novak Djokovic";1,23181567522307;4,29956028185891;-3,06774460663583;25,1;30,7;-5,6;191;188;3;0,714285714285714;0,727272727272727;0,714285714285714;0,727272727272727;-0,012987012987013;11;7;8;5;3;2;3;2;1;0;0;1
"762434";"2018-M006";"Indian Wells Masters";"Hard";"128";"Masters";76;27;"Juan Martin del Potro";"R";198;"ARG";29,4;26;"Alex De Minaur";"R";183;"AUS";19;"6-2 6-1";3;"R64";69;5;0;47;29;21;12;8;2;3;0;3;47;26;11;9;7;4;9;8;3200;141;401;6;6;NA;NA;NA;2;1;NA;NA;NA;2018-03-05;2018;"2018-M006:76";28;0;5;0,860448647601206;26;"Alex De Minaur";27;"Juan Martin del Potro";0,860448647601206;5;-4,13955135239879;19;29,4;-10,4;183;198;-15;0,666666666666667;0,444444444444444;0,444444444444444;0,666666666666667;-0,222222222222222;9;3;4;2;5;1;1;5;-4;0;0;1
"762435";"2018-M006";"Indian Wells Masters";"Hard";"128";"Masters";77;122;"Joao Sousa";"R";185;"POR";28,9;133;"Alexander Zverev";"R";198;"GER";20,8;"7-5 5-7 6-4";3;"R64";143;1;4;100;52;39;26;17;4;7;14;1;100;58;40;24;17;6;10;85;660;5;4540;7;5;6;NA;NA;5;7;4;NA;NA;2018-03-05;2018;"2018-M006:77";29;1;1,5906090638623;5,67807190511264;122;"Joao Sousa";133;"Alexander Zverev";1,5906090638623;5,67807190511264;-4,08746284125034;28,9;20,8;8,1;185;198;-13;0,571428571428571;0,6;0,571428571428571;0,6;-0,0285714285714286;10;7;6;4;4;3;4;3;1;0;0;1
"762436";"2018-M006";"Indian Wells Masters";"Hard";"128";"Masters";78;109;"Milos Raonic";"R";196;"CAN";27,1;4;"Felix Auger Aliassime";"R";193;"CAN";17,5;"6-4 6-4";3;"R64";78;9;3;50;32;26;11;10;3;4;2;4;56;27;17;16;10;2;5;38;1270;169;327;6;6;NA;NA;NA;4;4;NA;NA;NA;2018-03-05;2018;"2018-M006:78";30;0;2,75207248655641;0,599120563717816;4;"Felix Auger Aliassime";109;"Milos Raonic";0,599120563717816;2,75207248655641;-2,1529519228386;17,5;27,1;-9,6;193;196;-3;0,75;0,4;0,4;0,75;-0,35;5;4;2;3;3;1;1;3;-2;0;0;1
"762440";"2018-M006";"Indian Wells Masters";"Hard";"128";"Masters";82;107;"Sam Querrey";"R";198;"USA";30,4;134;"Mischa Zverev";"L";190;"GER";30,5;"6-4 7-5";3;"R64";95;14;2;81;47;37;18;11;5;5;6;2;73;50;36;13;11;5;7;21;2095;53;952;6;7;NA;NA;NA;4;5;NA;NA;NA;2018-03-05;2018;"2018-M006:82";31;1;3,60768257722124;2,2720795454368;107;"Sam Querrey";134;"Mischa Zverev";3,60768257722124;2,2720795454368;1,33560303178444;30,4;30,5;-0,100000000000001;198;190;8;1;0,714285714285714;1;0,714285714285714;0,285714285714286;7;5;5;5;2;0;2;0;2;0;0;1
"762441";"2018-M006";"Indian Wells Masters";"Hard";"128";"Masters";83;81;"Feliciano Lopez";"L";188;"ESP";36,4;37;"Ernesto Escobedo";"R";185;"USA";21,6;"6-4 6-3";3;"R64";67;16;1;49;30;26;12;9;0;0;5;6;62;36;26;11;10;3;6;32;1340;117;481;6;6;NA;NA;NA;4;3;NA;NA;NA;2018-03-05;2018;"2018-M006:83";32;0;3;1,1296352804166;37;"Ernesto Escobedo";81;"Feliciano Lopez";1,1296352804166;3;-1,8703647195834;21,6;36,4;-14,8;185;188;-3;1,5;0,5;0,5;1,5;-1;6;0;3;0;3;0;0;3;-3;0;0;1
"762442";"2018-M006";"Indian Wells Masters";"Hard";"128";"Masters";84;120;"Jack Sock";"R";185;"USA";25,4;40;"Thomas Fabbiano";"R";173;"ITA";28,7;"6-2 7-5";3;"R64";82;7;1;59;35;28;14;10;1;2;0;4;62;37;26;8;10;4;8;10;2650;77;688;6;7;NA;NA;NA;2;5;NA;NA;NA;2018-03-05;2018;"2018-M006:84";33;0;4,67807190511264;1,7332134593051;40;"Thomas Fabbiano";120;"Jack Sock";1,7332134593051;4,67807190511264;-2,94485844580754;28,7;25,4;3,3;173;185;-12;0,5;0,5;0,5;0,5;0;8;2;4;1;4;1;1;4;-3;0;0;1
"762443";"2018-M006";"Indian Wells Masters";"Hard";"128";"Masters";85;3;"Kevin Anderson";"R";203;"RSA";31,7;32;"Evgeny Donskoy";"R";185;"RUS";27,8;"7-5 6-4";3;"R64";93;17;0;56;42;35;10;11;0;0;4;4;66;33;26;17;11;3;5;9;3080;76;707;7;6;NA;NA;NA;5;4;NA;NA;NA;2018-03-05;2018;"2018-M006:85";34;1;4,83007499855769;1,75207248655641;3;"Kevin Anderson";32;"Evgeny Donskoy";4,83007499855769;1,75207248655641;3,07800251200127;31,7;27,8;3,9;203;185;18;1,5;0,6;1,5;0,6;0,9;5;0;3;0;2;0;2;0;2;0;0;1
"762445";"2018-M006";"Indian Wells Masters";"Hard";"128";"Masters";87;86;"Daniil Medvedev";"R";198;"RUS";22;9;"Matteo Berrettini";"R";196;"ITA";21,8;"6-7(6) 7-5 6-4";3;"R64";161;6;5;124;66;45;34;17;10;12;7;5;108;61;45;23;17;6;10;57;924;108;540;6;7;6;NA;NA;7;5;4;NA;NA;2018-03-05;2018;"2018-M006:87";35;0;2,16710998583526;1,24511249783653;9;"Matteo Berrettini";86;"Daniil Medvedev";1,24511249783653;2,16710998583526;-0,921997487998727;21,8;22;-0,199999999999999;196;198;-2;0,833333333333333;0,6;0,6;0,833333333333333;-0,233333333333333;10;12;6;10;4;2;2;4;-2;0;0;1
"762448";"2018-M006";"Indian Wells Masters";"Hard";"128";"Masters";90;22;"Borna Coric";"R";188;"CRO";21,3;108;"Albert Ramos";"L";188;"ESP";30,1;"6-0 6-3";3;"R64";74;2;1;42;24;19;11;7;2;2;2;5;56;32;18;9;8;5;10;49;1026;22;1745;6;6;NA;NA;NA;0;3;NA;NA;NA;2018-03-05;2018;"2018-M006:90";36;1;2,38529015588479;3,5405683813627;22;"Borna Coric";108;"Albert Ramos";2,38529015588479;3,5405683813627;-1,15527822547791;21,3;30,1;-8,8;188;188;0;1;0,5;1;0,5;0,5;10;2;5;2;5;0;5;0;5;0;0;1
"762449";"2018-M006";"Indian Wells Masters";"Hard";"128";"Masters";91;44;"Taylor Fritz";"R";193;"USA";20,3;110;"Andrey Rublev";"R";188;"RUS";20,3;"6-4 7-6(4)";3;"R64";93;9;0;78;49;33;11;11;3;6;1;6;71;41;28;10;11;4;8;74;714;31;1433;6;7;NA;NA;NA;4;6;NA;NA;NA;2018-03-05;2018;"2018-M006:91";37;1;1,79054663437105;3,04580368961313;44;"Taylor Fritz";110;"Andrey Rublev";1,79054663437105;3,04580368961313;-1,25525705524208;20,3;20,3;0;193;188;5;0,5;0,5;0,5;0,5;0;8;6;4;3;4;3;4;3;1;0;0;1
"762450";"2018-M006";"Indian Wells Masters";"Hard";"128";"Masters";92;129;"Fernando Verdasco";"L";188;"ESP";34,3;29;"Grigor Dimitrov";"R";188;"BUL";26,8;"7-6(4) 4-6 6-3";3;"R64";126;12;7;94;58;45;19;16;7;10;2;3;96;61;41;19;15;0;3;39;1260;4;4635;7;4;6;NA;NA;6;6;3;NA;NA;2018-03-05;2018;"2018-M006:92";38;0;2,71459778113775;6;29;"Grigor Dimitrov";129;"Fernando Verdasco";6;2,71459778113775;3,28540221886225;26,8;34,3;-7,5;188;188;0;0,7;0;0;0,7;-0,7;3;10;0;7;3;3;3;3;0;0;0;1
"762451";"2018-M006";"Indian Wells Masters";"Hard";"128";"Masters";93;124;"Dominic Thiem";"R";185;"AUT";24,5;127;"Stefanos Tsitsipas";"R";193;"GRE";19,5;"6-2 3-6 6-3";3;"R64";111;10;2;64;38;31;17;13;1;3;4;5;94;50;32;21;13;7;11;6;3810;71;756;6;3;6;NA;NA;2;6;3;NA;NA;2018-03-05;2018;"2018-M006:93";39;1;5,41503749927884;1,85025288049532;124;"Dominic Thiem";127;"Stefanos Tsitsipas";5,41503749927884;1,85025288049532;3,56478461878353;24,5;19,5;5;185;193;-8;0,333333333333333;0,636363636363636;0,333333333333333;0,636363636363636;-0,303030303030303;11;3;7;1;4;2;4;2;2;0;0;1
"762455";"2018-M006";"Indian Wells Masters";"Hard";"128";"Masters";97;18;"Jeremy Chardy";"R";188;"FRA";31;42;"Fabio Fognini";"R";178;"ITA";30,7;"4-6 7-6(2) 6-4";3;"R64";160;14;10;116;68;50;19;16;10;14;3;5;113;63;39;30;16;9;13;100;580;19;2190;4;7;6;NA;NA;6;6;4;NA;NA;2018-03-05;2018;"2018-M006:97";40;1;1,35614381022528;3,75207248655641;18;"Jeremy Chardy";42;"Fabio Fognini";1,35614381022528;3,75207248655641;-2,39592867633114;31;30,7;0,300000000000001;188;178;10;0,714285714285714;0,692307692307692;0,714285714285714;0,692307692307692;0,021978021978022;13;14;9;10;4;4;4;4;0;0;0;1
"762456";"2018-M006";"Indian Wells Masters";"Hard";"128";"Masters";98;82;"Adrian Mannarino";"L";183;"FRA";29,6;103;"Peter Polansky";"R";180;"CAN";29,7;"6-1 6-4";3;"R64";83;5;2;58;35;28;10;9;1;2;0;0;61;40;24;7;8;8;12;23;1715;134;412;6;6;NA;NA;NA;1;4;NA;NA;NA;2018-03-05;2018;"2018-M006:98";41;1;3,47643804394299;0,933910809542228;82;"Adrian Mannarino";103;"Peter Polansky";3,47643804394299;0,933910809542228;2,54252723440076;29,6;29,7;-0,0999999999999979;183;180;3;0,5;0,666666666666667;0,5;0,666666666666667;-0,166666666666667;12;2;8;1;4;1;4;1;3;0;0;1
"762457";"2018-M006";"Indian Wells Masters";"Hard";"128";"Masters";99;73;"Filip Krajinovic";"R";185;"SRB";26;74;"Mitchell Krueger";"R";188;"USA";24,1;"6-2 6-2";3;"R64";73;3;0;53;33;25;11;8;3;3;2;2;44;23;15;8;8;1;5;28;1503;231;228;6;6;NA;NA;NA;2;2;NA;NA;NA;2018-03-05;2018;"2018-M006:99";42;1;3,1926450779424;0,148250958583943;73;"Filip Krajinovic";74;"Mitchell Krueger";3,1926450779424;0,148250958583943;3,04439411935845;26;24,1;1,9;185;188;-3;1;0,2;1;0,2;0,8;5;3;1;3;4;0;4;0;4;0;0;1
"762459";"2018-M006";"Indian Wells Masters";"Hard";"128";"Masters";101;70;"Philipp Kohlschreiber";"R";178;"GER";34,3;19;"Marin Cilic";"R";198;"CRO";29,4;"6-4 6-4";3;"R32";83;2;0;65;37;28;18;10;4;4;5;2;45;23;19;14;10;0;2;37;1290;3;4870;6;6;NA;NA;NA;4;4;NA;NA;NA;2018-03-05;2018;"2018-M006:101";43;0;2,79054663437105;6,41503749927884;19;"Marin Cilic";70;"Philipp Kohlschreiber";6,41503749927884;2,79054663437105;3,62449086490779;29,4;34,3;-4,9;198;178;20;1;0;0;1;-1;2;4;0;4;2;0;0;2;-2;0;0;1
"762461";"2018-M006";"Indian Wells Masters";"Hard";"128";"Masters";103;84;"Leonardo Mayer";"R";188;"ARG";30,8;24;"Taro Daniel";"R";191;"JPN";25,1;"6-4 6-1";3;"R32";75;7;2;48;29;24;13;9;0;0;0;1;50;28;14;15;8;3;6;47;1044;109;539;6;6;NA;NA;NA;4;1;NA;NA;NA;2018-03-05;2018;"2018-M006:103";44;0;2,44541114832236;1,23181567522307;24;"Taro Daniel";84;"Leonardo Mayer";1,23181567522307;2,44541114832236;-1,21359547309929;25,1;30,8;-5,7;191;188;3;1,5;0,5;0,5;1,5;-1;6;0;3;0;3;0;0;3;-3;0;0;1
"762463";"2018-M006";"Indian Wells Masters";"Hard";"128";"Masters";105;109;"Milos Raonic";"R";196;"CAN";27,1;122;"Joao Sousa";"R";185;"POR";28,9;"7-5 4-6 6-2";3;"R32";131;12;10;81;42;39;19;15;1;3;7;7;102;65;48;12;15;7;11;38;1270;85;660;7;4;6;NA;NA;5;6;2;NA;NA;2018-03-05;2018;"2018-M006:105";45;1;2,75207248655641;1,5906090638623;109;"Milos Raonic";122;"Joao Sousa";2,75207248655641;1,5906090638623;1,16146342269412;27,1;28,9;-1,8;196;185;11;0,333333333333333;0,636363636363636;0,333333333333333;0,636363636363636;-0,303030303030303;11;3;7;1;4;2;4;2;2;0;0;1
"762466";"2018-M006";"Indian Wells Masters";"Hard";"128";"Masters";108;81;"Feliciano Lopez";"L";188;"ESP";36,4;120;"Jack Sock";"R";185;"USA";25,4;"7-6(6) 4-6 6-4";3;"R32";145;15;6;101;61;47;23;16;4;5;13;6;110;68;52;23;16;5;6;32;1340;10;2650;7;4;6;NA;NA;6;6;4;NA;NA;2018-03-05;2018;"2018-M006:108";46;1;3;4,67807190511264;81;"Feliciano Lopez";120;"Jack Sock";3;4,67807190511264;-1,67807190511264;36,4;25,4;11;188;185;3;0,8;0,833333333333333;0,8;0,833333333333333;-0,0333333333333333;6;5;5;4;1;1;1;1;0;0;0;1
"762468";"2018-M006";"Indian Wells Masters";"Hard";"128";"Masters";110;15;"Pablo Carreno Busta";"R";188;"ESP";26,6;86;"Daniil Medvedev";"R";198;"RUS";22;"6-1 7-5";3;"R32";89;6;3;79;51;36;14;10;11;12;8;6;61;41;29;5;9;4;8;14;2315;57;924;6;7;NA;NA;NA;1;5;NA;NA;NA;2018-03-05;2018;"2018-M006:110";47;1;4,1926450779424;2,16710998583526;15;"Pablo Carreno Busta";86;"Daniil Medvedev";4,1926450779424;2,16710998583526;2,02553509210714;26,6;22;4,6;188;198;-10;0,916666666666667;0,5;0,916666666666667;0,5;0,416666666666667;8;12;4;11;4;1;4;1;3;0;0;1
"762469";"2018-M006";"Indian Wells Masters";"Hard";"128";"Masters";111;22;"Borna Coric";"R";188;"CRO";21,3;6;"Roberto Bautista Agut";"R";183;"ESP";29,8;"6-1 6-3";3;"R32";82;6;1;54;32;23;10;8;4;6;1;1;47;23;9;8;8;2;8;49;1026;16;2255;6;6;NA;NA;NA;1;3;NA;NA;NA;2018-03-05;2018;"2018-M006:111";48;0;2,38529015588479;4;6;"Roberto Bautista Agut";22;"Borna Coric";4;2,38529015588479;1,61470984411521;29,8;21,3;8,5;183;188;-5;0,666666666666667;0,25;0,25;0,666666666666667;-0,416666666666667;8;6;2;4;6;2;2;6;-4;0;0;1
"762470";"2018-M006";"Indian Wells Masters";"Hard";"128";"Masters";112;44;"Taylor Fritz";"R";193;"USA";20,3;129;"Fernando Verdasco";"L";188;"ESP";34,3;"4-6 6-2 7-6(1)";3;"R32";127;4;2;92;64;50;13;15;2;4;7;10;90;52;39;19;15;5;8;74;714;39;1260;4;6;7;NA;NA;6;2;6;NA;NA;2018-03-05;2018;"2018-M006:112";49;1;1,79054663437105;2,71459778113775;44;"Taylor Fritz";129;"Fernando Verdasco";1,79054663437105;2,71459778113775;-0,924051146766701;20,3;34,3;-14;193;188;5;0,5;0,625;0,5;0,625;-0,125;8;4;5;2;3;2;3;2;1;0;0;1
"762473";"2018-M006";"Indian Wells Masters";"Hard";"128";"Masters";115;18;"Jeremy Chardy";"R";188;"FRA";31;82;"Adrian Mannarino";"L";183;"FRA";29,6;"7-5 4-6 6-1";3;"R32";118;11;5;75;48;42;14;15;0;1;7;10;101;67;45;15;14;8;11;100;580;23;1715;7;4;6;NA;NA;5;6;1;NA;NA;2018-03-05;2018;"2018-M006:115";50;1;1,35614381022528;3,47643804394299;18;"Jeremy Chardy";82;"Adrian Mannarino";1,35614381022528;3,47643804394299;-2,12029423371771;31;29,6;1,4;188;183;5;0;0,727272727272727;0;0,727272727272727;-0,727272727272727;11;1;8;0;3;1;3;1;2;0;0;1
"762474";"2018-M006";"Indian Wells Masters";"Hard";"128";"Masters";116;41;"Roger Federer";"R";185;"SUI";36,5;73;"Filip Krajinovic";"R";185;"SRB";26;"6-2 6-1";3;"R32";58;6;1;42;27;24;8;8;2;3;0;4;51;27;14;7;7;3;8;1;10060;28;1503;6;6;NA;NA;NA;2;1;NA;NA;NA;2018-03-05;2018;"2018-M006:116";51;1;8;3,1926450779424;41;"Roger Federer";73;"Filip Krajinovic";8;3,1926450779424;4,8073549220576;36,5;26;10,5;185;185;0;0,666666666666667;0,375;0,666666666666667;0,375;0,291666666666667;8;3;3;2;5;1;5;1;4;0;0;1
"762475";"2018-M006";"Indian Wells Masters";"Hard";"128";"Masters";117;70;"Philipp Kohlschreiber";"R";178;"GER";34,3;57;"Pierre Hugues Herbert";"R";188;"FRA";26,9;"6-4 7-6(1)";3;"R16";89;3;0;68;54;40;8;11;3;4;6;6;60;43;32;9;11;1;3;37;1290;93;610;6;7;NA;NA;NA;4;6;NA;NA;NA;2018-03-05;2018;"2018-M006:117";52;0;2,79054663437105;1,46084118889197;57;"Pierre Hugues Herbert";70;"Philipp Kohlschreiber";1,46084118889197;2,79054663437105;-1,32970544547908;26,9;34,3;-7,4;188;178;10;0,75;0,333333333333333;0,333333333333333;0,75;-0,416666666666667;3;4;1;3;2;1;1;2;-1;0;0;1
"762478";"2018-M006";"Indian Wells Masters";"Hard";"128";"Masters";120;107;"Sam Querrey";"R";198;"USA";30,4;81;"Feliciano Lopez";"L";188;"ESP";36,4;"6-3 6-4";3;"R16";66;14;1;53;30;24;14;10;0;1;4;3;61;39;26;8;9;3;6;21;2095;32;1340;6;6;NA;NA;NA;3;4;NA;NA;NA;2018-03-05;2018;"2018-M006:120";53;0;3,60768257722124;3;81;"Feliciano Lopez";107;"Sam Querrey";3;3,60768257722124;-0,607682577221239;36,4;30,4;6;188;198;-10;0;0,5;0,5;0;0,5;6;1;3;0;3;1;1;3;-2;0;0;1
"762479";"2018-M006";"Indian Wells Masters";"Hard";"128";"Masters";121;3;"Kevin Anderson";"R";203;"RSA";31,7;15;"Pablo Carreno Busta";"R";188;"ESP";26,6;"4-6 6-3 7-6(6)";3;"R16";138;16;2;86;50;43;27;16;2;3;2;1;94;60;44;23;15;5;6;9;3080;14;2315;4;6;7;NA;NA;6;3;6;NA;NA;2018-03-05;2018;"2018-M006:121";54;1;4,83007499855769;4,1926450779424;3;"Kevin Anderson";15;"Pablo Carreno Busta";4,83007499855769;4,1926450779424;0,637429920615292;31,7;26,6;5,1;203;188;15;0,666666666666667;0,833333333333333;0,666666666666667;0,833333333333333;-0,166666666666667;6;3;5;2;1;1;1;1;0;0;0;1
"762480";"2018-M006";"Indian Wells Masters";"Hard";"128";"Masters";122;22;"Borna Coric";"R";188;"CRO";21,3;44;"Taylor Fritz";"R";193;"USA";20,3;"6-2 6-7(6) 6-4";3;"R16";131;9;1;81;57;45;15;15;1;3;5;3;93;49;38;19;15;4;9;49;1026;74;714;6;6;6;NA;NA;2;7;4;NA;NA;2018-03-05;2018;"2018-M006:122";55;1;2,38529015588479;1,79054663437105;22;"Borna Coric";44;"Taylor Fritz";2,38529015588479;1,79054663437105;0,594743521513742;21,3;20,3;1;188;193;-5;0,333333333333333;0,444444444444444;0,333333333333333;0,444444444444444;-0,111111111111111;9;3;4;1;5;2;5;2;3;0;0;1
"762483";"2018-M006";"Indian Wells Masters";"Hard";"128";"Masters";125;27;"Juan Martin del Potro";"R";198;"ARG";29,4;70;"Philipp Kohlschreiber";"R";178;"GER";34,3;"3-6 6-3 6-4";3;"QF";127;5;0;84;57;43;13;14;5;7;2;1;94;62;40;16;14;10;13;8;3200;37;1290;3;6;6;NA;NA;6;3;4;NA;NA;2018-03-05;2018;"2018-M006:125";56;1;5;2,79054663437105;27;"Juan Martin del Potro";70;"Philipp Kohlschreiber";5;2,79054663437105;2,20945336562895;29,4;34,3;-4,9;198;178;20;0,714285714285714;0,769230769230769;0,714285714285714;0,769230769230769;-0,054945054945055;13;7;10;5;3;2;3;2;1;0;0;1
"762484";"2018-M006";"Indian Wells Masters";"Hard";"128";"Masters";126;109;"Milos Raonic";"R";196;"CAN";27,1;107;"Sam Querrey";"R";198;"USA";30,4;"7-5 2-6 6-3";3;"QF";111;17;6;93;61;45;15;15;6;9;9;1;74;37;27;24;14;2;5;38;1270;21;2095;7;2;6;NA;NA;5;6;3;NA;NA;2018-03-05;2018;"2018-M006:126";57;0;2,75207248655641;3,60768257722124;107;"Sam Querrey";109;"Milos Raonic";3,60768257722124;2,75207248655641;0,855610090664825;30,4;27,1;3,3;198;196;2;0,666666666666667;0,4;0,4;0,666666666666667;-0,266666666666667;5;9;2;6;3;3;3;3;0;0;0;1
"762485";"2018-M006";"Indian Wells Masters";"Hard";"128";"Masters";127;22;"Borna Coric";"R";188;"CRO";21,3;3;"Kevin Anderson";"R";203;"RSA";31,7;"2-6 6-4 7-6(3)";3;"QF";142;4;5;100;61;39;27;15;6;9;16;4;88;56;46;16;15;4;6;49;1026;9;3080;2;6;7;NA;NA;6;4;6;NA;NA;2018-03-05;2018;"2018-M006:127";58;0;2,38529015588479;4,83007499855769;3;"Kevin Anderson";22;"Borna Coric";4,83007499855769;2,38529015588479;2,4447848426729;31,7;21,3;10,4;203;188;15;0,666666666666667;0,666666666666667;0,666666666666667;0,666666666666667;0;6;9;4;6;2;3;3;2;1;0;0;1
"762487";"2018-M006";"Indian Wells Masters";"Hard";"128";"Masters";129;27;"Juan Martin del Potro";"R";198;"ARG";29,4;109;"Milos Raonic";"R";196;"CAN";27,1;"6-2 6-3";3;"SF";65;3;1;40;27;24;8;8;0;0;6;2;45;27;17;7;9;1;5;8;3200;38;1270;6;6;NA;NA;NA;2;3;NA;NA;NA;2018-03-05;2018;"2018-M006:129";59;1;5;2,75207248655641;27;"Juan Martin del Potro";109;"Milos Raonic";5;2,75207248655641;2,24792751344359;29,4;27,1;2,3;198;196;2;1,5;0,2;1,5;0,2;1,3;5;0;1;0;4;0;4;0;4;0;0;1
"762488";"2018-M006";"Indian Wells Masters";"Hard";"128";"Masters";130;41;"Roger Federer";"R";185;"SUI";36,5;22;"Borna Coric";"R";188;"CRO";21,3;"5-7 6-4 6-4";3;"SF";140;5;1;88;53;36;21;16;2;6;3;2;96;61;39;17;16;6;11;1;10060;49;1026;5;6;6;NA;NA;7;4;4;NA;NA;2018-03-05;2018;"2018-M006:130";60;0;8;2,38529015588479;22;"Borna Coric";41;"Roger Federer";2,38529015588479;8;-5,61470984411521;21,3;36,5;-15,2;188;185;3;0,333333333333333;0,545454545454545;0,545454545454545;0,333333333333333;0,212121212121212;11;6;6;2;5;4;4;5;-1;0;0;1
"763841";"2018-M007";"Miami Masters";"Hard";"128";"Masters";9;71;"Thanasi Kokkinakis";"R";196;"AUS";21,9;89;"Thiago Monteiro";"L";183;"BRA";23,8;"6-2 6-3";3;"Q1";77;4;0;42;24;18;11;8;0;1;3;3;58;31;17;11;9;7;12;175;319;125;454;6;6;NA;NA;NA;2;3;NA;NA;NA;2018-03-19;2018;"2018-M007:9";61;1;0,548788888167671;1,03421571533791;71;"Thanasi Kokkinakis";89;"Thiago Monteiro";0,548788888167671;1,03421571533791;-0,485426827170242;21,9;23,8;-1,9;196;183;13;0;0,583333333333333;0;0,583333333333333;-0,583333333333333;12;1;7;0;5;1;5;1;4;0;0;1
"763842";"2018-M007";"Miami Masters";"Hard";"128";"Masters";10;24;"Taro Daniel";"R";191;"JPN";25,1;68;"Bradley Klahn";"L";190;"USA";27,5;"6-4 6-4";3;"Q1";88;2;3;62;45;36;10;10;2;2;3;5;68;39;27;14;10;7;9;111;505;163;335;6;6;NA;NA;NA;4;4;NA;NA;NA;2018-03-19;2018;"2018-M007:10";62;1;1,20558413364989;0,651271845768923;24;"Taro Daniel";68;"Bradley Klahn";1,20558413364989;0,651271845768923;0,554312287880971;25,1;27,5;-2,4;191;190;1;1;0,777777777777778;1;0,777777777777778;0,222222222222222;9;2;7;2;2;0;2;0;2;0;0;1
"763843";"2018-M007";"Miami Masters";"Hard";"128";"Masters";11;11;"Liam Broady";"L";183;"GBR";24,2;79;"Henri Laaksonen";"R";185;"SUI";25,9;"6-2 6-4";3;"Q1";67;2;1;55;36;27;10;9;0;1;2;7;68;43;23;13;9;7;11;169;326;132;418;6;6;NA;NA;NA;2;4;NA;NA;NA;2018-03-19;2018;"2018-M007:11";63;1;0,599120563717816;0,955605880641547;11;"Liam Broady";79;"Henri Laaksonen";0,599120563717816;0,955605880641547;-0,356485316923731;24,2;25,9;-1,7;183;185;-2;0;0,636363636363636;0;0,636363636363636;-0,636363636363636;11;1;7;0;4;1;4;1;3;0;0;1
"763846";"2018-M007";"Miami Masters";"Hard";"128";"Masters";14;8;"Ricardas Berankis";"R";175;"LTU";27,7;53;"Norbert Gombos";"R";193;"SVK";27,5;"7-6(1) 6-0";3;"Q1";82;5;3;58;41;30;8;9;3;5;3;11;74;42;26;10;9;10;15;103;574;146;385;7;6;NA;NA;NA;6;0;NA;NA;NA;2018-03-19;2018;"2018-M007:14";64;1;1,31349947281678;0,810175441119982;8;"Ricardas Berankis";53;"Norbert Gombos";1,31349947281678;0,810175441119982;0,503324031696799;27,7;27,5;0,199999999999999;175;193;-18;0,6;0,666666666666667;0,6;0,666666666666667;-0,0666666666666667;15;5;10;3;5;2;5;2;3;0;0;1
"763849";"2018-M007";"Miami Masters";"Hard";"128";"Masters";17;103;"Peter Polansky";"R";180;"CAN";29,7;99;"Reilly Opelka";"R";211;"USA";20,5;"7-6(8) 6-3";3;"Q1";90;5;2;66;36;27;20;11;3;5;16;8;75;42;32;12;10;4;7;126;446;204;276;7;6;NA;NA;NA;6;3;NA;NA;NA;2018-03-19;2018;"2018-M007:17";65;0;1,02272007650008;0,327574658028505;99;"Reilly Opelka";103;"Peter Polansky";0,327574658028505;1,02272007650008;-0,695145418471578;20,5;29,7;-9,2;211;180;31;0,6;0,571428571428571;0,571428571428571;0,6;-0,0285714285714286;7;5;4;3;3;2;2;3;-1;0;0;1
"763852";"2018-M007";"Miami Masters";"Hard";"128";"Masters";20;87;"John Millman";"R";183;"AUS";28,7;112;"Casper Ruud";"R";183;"NOR";19,2;"6-3 7-6(8)";3;"Q1";95;4;1;66;36;29;16;11;1;3;5;4;78;48;30;15;10;8;11;96;613;200;281;6;7;NA;NA;NA;3;6;NA;NA;NA;2018-03-19;2018;"2018-M007:20";66;1;1,41503749927884;0,356143810225276;87;"John Millman";112;"Casper Ruud";1,41503749927884;0,356143810225276;1,05889368905357;28,7;19,2;9,5;183;183;0;0,333333333333333;0,727272727272727;0,333333333333333;0,727272727272727;-0,393939393939394;11;3;8;1;3;2;3;2;1;0;0;1
"763855";"2018-M007";"Miami Masters";"Hard";"128";"Masters";23;85;"Mackenzie Mcdonald";"R";178;"USA";22,9;4;"Felix Auger Aliassime";"R";193;"CAN";17,6;"3-6 6-2 7-6(6)";3;"Q1";131;7;4;105;63;50;17;14;7;9;10;6;98;50;37;25;15;5;8;143;398;182;311;3;6;7;NA;NA;6;2;6;NA;NA;2018-03-19;2018;"2018-M007:23";67;0;0,840128663221611;0,492205359801304;4;"Felix Auger Aliassime";85;"Mackenzie Mcdonald";0,492205359801304;0,840128663221611;-0,347923303420307;17,6;22,9;-5,3;193;178;15;0,777777777777778;0,625;0,625;0,777777777777778;-0,152777777777778;8;9;5;7;3;2;2;3;-1;0;0;1
"763861";"2018-M007";"Miami Masters";"Hard";"128";"Masters";29;71;"Thanasi Kokkinakis";"R";196;"AUS";21,9;24;"Taro Daniel";"R";191;"JPN";25,1;"7-5 7-5";3;"Q2";123;13;5;78;46;39;16;12;4;4;3;3;74;37;29;19;12;4;6;175;319;111;505;7;7;NA;NA;NA;5;5;NA;NA;NA;2018-03-19;2018;"2018-M007:29";68;0;0,548788888167671;1,20558413364989;24;"Taro Daniel";71;"Thanasi Kokkinakis";1,20558413364989;0,548788888167671;0,656795245482223;25,1;21,9;3,2;191;196;-5;1;0,666666666666667;0,666666666666667;1;-0,333333333333333;6;4;4;4;2;0;0;2;-2;0;0;1
"763866";"2018-M007";"Miami Masters";"Hard";"128";"Masters";34;87;"John Millman";"R";183;"AUS";28,7;37;"Ernesto Escobedo";"R";185;"USA";21,7;"6-1 6-2";3;"Q2";53;6;2;37;20;19;13;8;0;0;4;5;44;22;12;9;7;3;7;96;613;114;499;6;6;NA;NA;NA;1;2;NA;NA;NA;2018-03-19;2018;"2018-M007:34";69;0;1,41503749927884;1,16710998583526;37;"Ernesto Escobedo";87;"John Millman";1,16710998583526;1,41503749927884;-0,247927513443585;21,7;28,7;-7;185;183;2;1,5;0,428571428571429;0,428571428571429;1,5;-1,07142857142857;7;0;3;0;4;0;0;4;-4;0;0;1
"763869";"2018-M007";"Miami Masters";"Hard";"128";"Masters";37;57;"Pierre Hugues Herbert";"R";188;"FRA";27;44;"Taylor Fritz";"R";193;"USA";20,3;"7-6(4) 6-4";3;"R128";95;3;4;81;56;43;12;11;4;5;4;2;74;45;30;16;11;1;3;81;675;71;759;7;6;NA;NA;NA;6;4;NA;NA;NA;2018-03-19;2018;"2018-M007:37";70;0;1,66014999711538;1,85025288049532;44;"Taylor Fritz";57;"Pierre Hugues Herbert";1,85025288049532;1,66014999711538;0,190102883379942;20,3;27;-6,7;193;188;5;0,8;0,333333333333333;0,333333333333333;0,8;-0,466666666666667;3;5;1;4;2;1;1;2;-1;0;0;1
"763870";"2018-M007";"Miami Masters";"Hard";"128";"Masters";38;105;"Vasek Pospisil";"R";193;"CAN";27,7;65;"Ivo Karlovic";"R";208;"CRO";39;"7-6(4) 7-6(5)";3;"R128";101;5;5;75;54;44;12;12;1;2;15;8;74;40;37;17;12;2;3;77;687;79;680;7;7;NA;NA;NA;6;6;NA;NA;NA;2018-03-19;2018;"2018-M007:38";71;0;1,7332134593051;1,6962192518229;65;"Ivo Karlovic";105;"Vasek Pospisil";1,6962192518229;1,7332134593051;-0,0369942074822021;39;27,7;11,3;208;193;15;0,5;0,666666666666667;0,666666666666667;0,5;0,166666666666667;3;2;2;1;1;1;1;1;0;0;0;1
"763874";"2018-M007";"Miami Masters";"Hard";"128";"Masters";42;35;"Matthew Ebden";"R";188;"AUS";30,3;118;"Gilles Simon";"R";183;"FRA";33,2;"6-3 6-7(2) 7-5";3;"R128";139;7;5;116;72;54;20;17;11;14;4;1;105;61;36;25;16;6;11;76;690;72;755;6;6;7;NA;NA;3;7;5;NA;NA;2018-03-19;2018;"2018-M007:42";72;1;1,75207248655641;1,83007499855769;35;"Matthew Ebden";118;"Gilles Simon";1,75207248655641;1,83007499855769;-0,0780025120012731;30,3;33,2;-2,9;188;183;5;0,785714285714286;0,545454545454545;0,785714285714286;0,545454545454545;0,24025974025974;11;14;6;11;5;3;5;3;2;0;0;1
"763879";"2018-M007";"Miami Masters";"Hard";"128";"Masters";47;132;"Mikael Ymer";"R";183;"SWE";19,5;123;"Jan Lennard Struff";"R";193;"GER";27,8;"3-6 7-5 6-1";3;"R128";113;3;4;83;54;37;17;14;2;5;6;4;84;39;29;19;14;2;7;407;92;56;915;3;7;6;NA;NA;6;5;1;NA;NA;2018-03-19;2018;"2018-M007:47";73;0;-0,668884984266247;2,1926450779424;123;"Jan Lennard Struff";132;"Mikael Ymer";2,1926450779424;-0,668884984266247;2,86153006220864;27,8;19,5;8,3;193;183;10;0,4;0,285714285714286;0,285714285714286;0,4;-0,114285714285714;7;5;2;2;5;3;3;5;-2;0;0;1
"763881";"2018-M007";"Miami Masters";"Hard";"128";"Masters";49;100;"Benoit Paire";"R";196;"FRA";28,8;134;"Mischa Zverev";"L";190;"GER";30,5;"1-6 6-1 6-2";3;"R128";84;8;6;69;30;21;22;11;3;5;7;5;81;45;30;16;11;8;12;47;1075;55;932;1;6;6;NA;NA;6;1;2;NA;NA;2018-03-19;2018;"2018-M007:49";74;1;2,44541114832236;2,21864028647534;100;"Benoit Paire";134;"Mischa Zverev";2,44541114832236;2,21864028647534;0,226770861847022;28,8;30,5;-1,7;196;190;6;0,6;0,666666666666667;0,6;0,666666666666667;-0,0666666666666667;12;5;8;3;4;2;4;2;2;0;0;1
"763882";"2018-M007";"Miami Masters";"Hard";"128";"Masters";50;11;"Liam Broady";"L";183;"GBR";24,2;43;"Bjorn Fratangelo";"R";183;"USA";24,6;"7-6(5) 6-3";3;"R128";98;2;4;82;45;33;17;10;2;4;1;3;65;33;23;17;11;2;6;169;326;109;523;7;6;NA;NA;NA;6;3;NA;NA;NA;2018-03-19;2018;"2018-M007:50";75;1;0,599120563717816;1,23181567522307;11;"Liam Broady";43;"Bjorn Fratangelo";0,599120563717816;1,23181567522307;-0,632695111505258;24,2;24,6;-0,400000000000002;183;183;0;0,5;0,333333333333333;0,5;0,333333333333333;0,166666666666667;6;4;2;2;4;2;4;2;2;0;0;1
"763883";"2018-M007";"Miami Masters";"Hard";"128";"Masters";51;87;"John Millman";"R";183;"AUS";28,7;52;"Peter Gojowczyk";"R";185;"GER";28,6;"2-6 6-4 6-4";3;"R128";98;0;4;90;66;44;12;14;3;6;5;4;86;44;32;22;14;5;8;96;613;50;985;2;6;6;NA;NA;6;4;4;NA;NA;2018-03-19;2018;"2018-M007:51";76;0;1,41503749927884;2,35614381022528;52;"Peter Gojowczyk";87;"John Millman";2,35614381022528;1,41503749927884;0,941106310946432;28,6;28,7;-0,0999999999999979;185;183;2;0,5;0,625;0,625;0,5;0,125;8;6;5;3;3;3;3;3;0;0;0;1
"763888";"2018-M007";"Miami Masters";"Hard";"128";"Masters";56;1;"Radu Albot";"R";175;"MDA";28,3;8;"Ricardas Berankis";"R";175;"LTU";27,7;"6-1 4-6 7-6(4)";3;"R128";133;5;3;96;61;43;19;15;4;8;2;1;112;75;48;15;14;10;15;93;627;103;574;6;4;7;NA;NA;1;6;6;NA;NA;2018-03-19;2018;"2018-M007:56";77;1;1,46084118889197;1,31349947281678;1;"Radu Albot";8;"Ricardas Berankis";1,46084118889197;1,31349947281678;0,147341716075188;28,3;27,7;0,600000000000001;175;175;0;0,5;0,666666666666667;0,5;0,666666666666667;-0,166666666666667;15;8;10;4;5;4;5;4;1;0;0;1
"763891";"2018-M007";"Miami Masters";"Hard";"128";"Masters";59;32;"Evgeny Donskoy";"R";185;"RUS";27,8;7;"Aljaz Bedene";"R";181;"SLO";28,6;"7-5 6-4";3;"R128";92;1;2;77;48;35;18;11;2;2;9;2;58;31;26;15;11;2;4;88;641;48;1043;7;6;NA;NA;NA;5;4;NA;NA;NA;2018-03-19;2018;"2018-M007:59";78;0;1,5405683813627;2,41503749927884;7;"Aljaz Bedene";32;"Evgeny Donskoy";2,41503749927884;1,5405683813627;0,874469117916141;28,6;27,8;0,800000000000001;181;185;-4;1;0,5;0,5;1;-0,5;4;2;2;2;2;0;0;2;-2;0;0;1
"763892";"2018-M007";"Miami Masters";"Hard";"128";"Masters";60;86;"Daniil Medvedev";"R";198;"RUS";22;127;"Stefanos Tsitsipas";"R";193;"GRE";19,6;"2-6 6-4 6-2";3;"R128";112;6;5;77;39;26;21;13;4;7;6;2;80;47;35;13;13;8;12;52;959;70;769;2;6;6;NA;NA;6;4;2;NA;NA;2018-03-19;2018;"2018-M007:60";79;1;2,29956028185891;1,87071698305503;86;"Daniil Medvedev";127;"Stefanos Tsitsipas";2,29956028185891;1,87071698305503;0,428843298803875;22;19,6;2,4;198;193;5;0,571428571428571;0,666666666666667;0,571428571428571;0,666666666666667;-0,0952380952380952;12;7;8;4;4;3;4;3;1;0;0;1
"763893";"2018-M007";"Miami Masters";"Hard";"128";"Masters";61;5;"Nikoloz Basilashvili";"R";185;"GEO";26;40;"Thomas Fabbiano";"R";173;"ITA";28,8;"1-6 6-2 7-5";3;"R128";105;2;6;78;43;35;15;14;2;6;1;1;94;64;40;14;13;6;10;89;640;86;656;1;6;7;NA;NA;6;2;5;NA;NA;2018-03-19;2018;"2018-M007:61";80;1;1,5242665690336;1,5737352452979;5;"Nikoloz Basilashvili";40;"Thomas Fabbiano";1,5242665690336;1,5737352452979;-0,0494686762642997;26;28,8;-2,8;185;173;12;0,333333333333333;0,6;0,333333333333333;0,6;-0,266666666666667;10;6;6;2;4;4;4;4;0;0;0;1
"763894";"2018-M007";"Miami Masters";"Hard";"128";"Masters";62;20;"Marius Copil";"R";193;"ROU";27,4;76;"Mikhail Kukushkin";"R";183;"KAZ";30,2;"7-6(2) 6-4";3;"R128";92;11;2;59;40;34;12;11;4;5;2;3;80;50;37;13;11;3;5;84;661;83;665;7;6;NA;NA;NA;6;4;NA;NA;NA;2018-03-19;2018;"2018-M007:62";81;1;1,60768257722124;1,62496056865308;20;"Marius Copil";76;"Mikhail Kukushkin";1,60768257722124;1,62496056865308;-0,0172779914318362;27,4;30,2;-2,8;193;183;10;0,8;0,6;0,8;0,6;0,2;5;5;3;4;2;1;2;1;1;0;0;1
"763896";"2018-M007";"Miami Masters";"Hard";"128";"Masters";64;97;"Yoshihito Nishioka";"L";170;"JPN";22,4;26;"Alex De Minaur";"R";183;"AUS";19;"6-2 6-4";3;"R128";76;0;2;53;31;20;15;9;2;4;2;3;56;35;17;10;9;2;7;374;109;130;428;6;6;NA;NA;NA;2;4;NA;NA;NA;2018-03-19;2018;"2018-M007:64";82;0;-0,546894459887637;0,977632186971546;26;"Alex De Minaur";97;"Yoshihito Nishioka";0,977632186971546;-0,546894459887637;1,52452664685918;19;22,4;-3,4;183;170;13;0,5;0,285714285714286;0,285714285714286;0,5;-0,214285714285714;7;4;2;2;5;2;2;5;-3;0;0;1
"763901";"2018-M007";"Miami Masters";"Hard";"128";"Masters";69;19;"Marin Cilic";"R";198;"CRO";29,4;57;"Pierre Hugues Herbert";"R";188;"FRA";27;"7-5 6-3";3;"R64";92;6;3;57;34;29;10;10;2;3;6;3;83;57;32;14;11;10;14;3;4905;81;675;7;6;NA;NA;NA;5;3;NA;NA;NA;2018-03-19;2018;"2018-M007:69";83;1;6,41503749927884;1,66014999711538;19;"Marin Cilic";57;"Pierre Hugues Herbert";6,41503749927884;1,66014999711538;4,75488750216347;29,4;27;2,4;198;188;10;0,666666666666667;0,714285714285714;0,666666666666667;0,714285714285714;-0,0476190476190477;14;3;10;2;4;1;4;1;3;0;0;1
"763902";"2018-M007";"Miami Masters";"Hard";"128";"Masters";70;105;"Vasek Pospisil";"R";193;"CAN";27,7;110;"Andrey Rublev";"R";188;"RUS";20,4;"7-6(5) 6-4";3;"R64";108;4;6;83;45;31;22;11;7;9;1;6;79;50;31;17;11;6;9;77;687;34;1393;7;6;NA;NA;NA;6;4;NA;NA;NA;2018-03-19;2018;"2018-M007:70";84;1;1,7332134593051;2,91253715874966;105;"Vasek Pospisil";110;"Andrey Rublev";1,7332134593051;2,91253715874966;-1,17932369944456;27,7;20,4;7,3;193;188;5;0,777777777777778;0,666666666666667;0,777777777777778;0,666666666666667;0,111111111111111;9;9;6;7;3;2;3;2;1;0;0;1
"763908";"2018-M007";"Miami Masters";"Hard";"128";"Masters";76;122;"Joao Sousa";"R";185;"POR";28,9;51;"David Goffin";"R";180;"BEL";27,2;"6-0 6-1";3;"R64";61;2;1;48;23;21;10;7;4;5;2;3;50;19;9;8;6;7;13;80;680;9;3190;6;6;NA;NA;NA;0;1;NA;NA;NA;2018-03-19;2018;"2018-M007:76";85;0;1,67807190511264;4,83007499855769;51;"David Goffin";122;"Joao Sousa";4,83007499855769;1,67807190511264;3,15200309344505;27,2;28,9;-1,7;180;185;-5;0,8;0,538461538461538;0,538461538461538;0,8;-0,261538461538462;13;5;7;4;6;1;1;6;-5;0;0;1
"763910";"2018-M007";"Miami Masters";"Hard";"128";"Masters";78;18;"Jeremy Chardy";"R";188;"FRA";31;48;"Richard Gasquet";"R";185;"FRA";31,7;"7-5 6-1";3;"R64";83;9;3;50;33;27;5;10;1;4;3;5;71;38;21;11;9;9;15;90;640;37;1305;7;6;NA;NA;NA;5;1;NA;NA;NA;2018-03-19;2018;"2018-M007:78";86;1;1,50814690367033;2,79054663437105;18;"Jeremy Chardy";48;"Richard Gasquet";1,50814690367033;2,79054663437105;-1,28239973070072;31;31,7;-0,699999999999999;188;185;3;0,25;0,6;0,25;0,6;-0,35;15;4;9;1;6;3;6;3;3;0;0;1
"763911";"2018-M007";"Miami Masters";"Hard";"128";"Masters";79;109;"Milos Raonic";"R";196;"CAN";27,2;132;"Mikael Ymer";"R";183;"SWE";19,5;"6-3 6-3";3;"R64";66;16;2;52;36;28;11;9;2;2;4;5;57;32;22;11;9;1;4;25;1630;407;92;6;6;NA;NA;NA;3;3;NA;NA;NA;2018-03-19;2018;"2018-M007:79";87;1;3,35614381022528;-0,668884984266247;109;"Milos Raonic";132;"Mikael Ymer";3,35614381022528;-0,668884984266247;4,02502879449152;27,2;19,5;7,7;196;183;13;1;0,25;1;0,25;0,75;4;2;1;2;3;0;3;0;3;0;0;1
"763913";"2018-M007";"Miami Masters";"Hard";"128";"Masters";81;100;"Benoit Paire";"R";196;"FRA";28,8;31;"Novak Djokovic";"R";188;"SRB";30,8;"6-3 6-4";3;"R64";67;9;2;48;32;24;10;9;0;1;2;3;55;34;18;13;10;4;8;47;1075;12;2300;6;6;NA;NA;NA;3;4;NA;NA;NA;2018-03-19;2018;"2018-M007:81";88;0;2,44541114832236;4,41503749927884;31;"Novak Djokovic";100;"Benoit Paire";4,41503749927884;2,44541114832236;1,96962635095648;30,8;28,8;2;188;196;-8;0;0,5;0,5;0;0,5;8;1;4;0;4;1;1;4;-3;0;0;1
"763914";"2018-M007";"Miami Masters";"Hard";"128";"Masters";82;73;"Filip Krajinovic";"R";185;"SRB";26;11;"Liam Broady";"L";183;"GBR";24,2;"6-3 6-2";3;"R64";69;1;1;50;30;14;16;8;3;5;3;3;57;35;17;7;9;1;7;27;1539;169;326;6;6;NA;NA;NA;3;2;NA;NA;NA;2018-03-19;2018;"2018-M007:82";89;0;3,24511249783653;0,599120563717816;11;"Liam Broady";73;"Filip Krajinovic";0,599120563717816;3,24511249783653;-2,64599193411872;24,2;26;-1,8;183;185;-2;0,6;0,142857142857143;0,142857142857143;0,6;-0,457142857142857;7;5;1;3;6;2;2;6;-4;0;0;1
"763915";"2018-M007";"Miami Masters";"Hard";"128";"Masters";83;96;"Kei Nishikori";"R";178;"JPN";28,2;87;"John Millman";"R";183;"AUS";28,7;"7-6(4) 4-6 6-3";3;"R64";171;3;8;117;63;41;32;16;9;12;9;5;119;73;48;23;15;8;11;33;1415;96;613;7;4;6;NA;NA;6;6;3;NA;NA;2018-03-19;2018;"2018-M007:83";90;0;2,95560588064155;1,41503749927884;87;"John Millman";96;"Kei Nishikori";1,41503749927884;2,95560588064155;-1,5405683813627;28,7;28,2;0,5;183;178;5;0,75;0,727272727272727;0,727272727272727;0,75;-0,0227272727272727;11;12;8;9;3;3;3;3;0;0;0;1
"763918";"2018-M007";"Miami Masters";"Hard";"128";"Masters";86;22;"Borna Coric";"R";188;"CRO";21,3;84;"Leonardo Mayer";"R";188;"ARG";30,8;"6-7(5) 6-3 6-4";3;"R64";176;5;4;112;70;56;20;16;8;9;10;8;107;54;42;25;15;4;7;36;1366;45;1080;6;6;6;NA;NA;7;3;4;NA;NA;2018-03-19;2018;"2018-M007:86";91;1;2,83007499855769;2,50814690367033;22;"Borna Coric";84;"Leonardo Mayer";2,83007499855769;2,50814690367033;0,321928094887363;21,3;30,8;-9,5;188;188;0;0,888888888888889;0,571428571428571;0,888888888888889;0,571428571428571;0,317460317460317;7;9;4;8;3;1;3;1;2;0;0;1
"763919";"2018-M007";"Miami Masters";"Hard";"128";"Masters";87;117;"Denis Shapovalov";"L";185;"CAN";18,9;34;"Damir Dzumhur";"R";172;"BIH";25,8;"6-1 7-5";3;"R64";72;8;5;60;37;30;11;10;3;5;1;5;59;36;21;7;9;4;9;46;1076;30;1430;6;7;NA;NA;NA;1;5;NA;NA;NA;2018-03-19;2018;"2018-M007:87";92;0;2,47643804394299;3,09310940439148;34;"Damir Dzumhur";117;"Denis Shapovalov";3,09310940439148;2,47643804394299;0,616671360448494;25,8;18,9;6,9;172;185;-13;0,6;0,444444444444444;0,444444444444444;0,6;-0,155555555555556;9;5;4;3;5;2;2;5;-3;0;0;1
"763920";"2018-M007";"Miami Masters";"Hard";"128";"Masters";88;107;"Sam Querrey";"R";198;"USA";30,4;1;"Radu Albot";"R";175;"MDA";28,3;"7-6(4) 6-1";3;"R64";69;8;1;63;29;23;22;10;2;3;0;3;52;42;26;6;9;0;3;14;2265;93;627;7;6;NA;NA;NA;6;1;NA;NA;NA;2018-03-19;2018;"2018-M007:88";93;0;4,1926450779424;1,46084118889197;1;"Radu Albot";107;"Sam Querrey";1,46084118889197;4,1926450779424;-2,73180388905043;28,3;30,4;-2,1;175;198;-23;0,666666666666667;0;0;0,666666666666667;-0,666666666666667;3;3;0;2;3;1;1;3;-2;0;0;1
"763922";"2018-M007";"Miami Masters";"Hard";"128";"Masters";90;78;"Nick Kyrgios";"R";193;"AUS";22,8;80;"Dusan Lajovic";"R";180;"SRB";27,7;"6-4 6-1";3;"R64";49;7;0;37;25;22;10;8;0;0;3;2;51;30;21;7;9;1;5;20;1945;108;540;6;6;NA;NA;NA;4;1;NA;NA;NA;2018-03-19;2018;"2018-M007:90";94;1;3,67807190511264;1,24511249783653;78;"Nick Kyrgios";80;"Dusan Lajovic";3,67807190511264;1,24511249783653;2,43295940727611;22,8;27,7;-4,9;193;180;13;1,5;0,2;1,5;0,2;1,3;5;0;1;0;4;0;4;0;4;0;0;1
"763924";"2018-M007";"Miami Masters";"Hard";"128";"Masters";92;133;"Alexander Zverev";"R";198;"GER";20,9;86;"Daniil Medvedev";"R";198;"RUS";22;"6-4 1-6 7-6(5)";3;"R64";133;7;5;101;66;47;16;14;8;11;8;5;104;65;44;22;15;6;8;5;4505;52;959;6;1;7;NA;NA;4;6;6;NA;NA;2018-03-19;2018;"2018-M007:92";95;0;5,67807190511264;2,29956028185891;86;"Daniil Medvedev";133;"Alexander Zverev";2,29956028185891;5,67807190511264;-3,37851162325373;22;20,9;1,1;198;198;0;0,727272727272727;0,75;0,75;0,727272727272727;0,0227272727272727;8;11;6;8;2;3;3;2;1;0;0;1
"763925";"2018-M007";"Miami Masters";"Hard";"128";"Masters";93;3;"Kevin Anderson";"R";203;"RSA";31,8;5;"Nikoloz Basilashvili";"R";185;"GEO";26;"6-4 6-3";3;"R64";88;16;1;57;34;30;12;10;3;4;5;7;79;41;28;16;9;7;10;8;3235;89;640;6;6;NA;NA;NA;4;3;NA;NA;NA;2018-03-19;2018;"2018-M007:93";96;1;5;1,5242665690336;3;"Kevin Anderson";5;"Nikoloz Basilashvili";5;1,5242665690336;3,4757334309664;31,8;26;5,8;203;185;18;0,75;0,7;0,75;0,7;0,05;10;4;7;3;3;1;3;1;2;0;0;1
"763926";"2018-M007";"Miami Masters";"Hard";"128";"Masters";94;67;"Karen Khachanov";"R";198;"RUS";21,8;20;"Marius Copil";"R";193;"ROU";27,4;"7-5 6-3";3;"R64";75;1;1;58;37;30;14;11;1;2;6;4;63;35;26;13;10;6;9;41;1220;84;661;7;6;NA;NA;NA;5;3;NA;NA;NA;2018-03-19;2018;"2018-M007:94";97;0;2,64244799538192;1,60768257722124;20;"Marius Copil";67;"Karen Khachanov";1,60768257722124;2,64244799538192;-1,03476541816068;27,4;21,8;5,6;193;198;-5;0,5;0,666666666666667;0,666666666666667;0,5;0,166666666666667;9;2;6;1;3;1;1;3;-2;0;0;1
"763927";"2018-M007";"Miami Masters";"Hard";"128";"Masters";95;126;"Frances Tiafoe";"R";188;"USA";20,1;36;"Kyle Edmund";"R";188;"GBR";23,1;"7-6(4) 4-6 7-6(5)";3;"R64";146;15;4;114;81;63;16;17;8;10;7;4;113;75;61;16;17;3;4;63;844;26;1627;7;4;7;NA;NA;6;6;6;NA;NA;2018-03-19;2018;"2018-M007:95";98;0;2,02272007650008;3,29956028185891;36;"Kyle Edmund";126;"Frances Tiafoe";3,29956028185891;2,02272007650008;1,27684020535883;23,1;20,1;3;188;188;0;0,8;0,75;0,75;0,8;-0,05;4;10;3;8;1;2;2;1;1;0;0;1
"763930";"2018-M007";"Miami Masters";"Hard";"128";"Masters";98;63;"Steve Johnson";"R";188;"USA";28,2;82;"Adrian Mannarino";"L";183;"FRA";29,7;"6-3 6-3";3;"R64";71;7;1;55;33;26;13;9;2;2;1;0;53;36;23;7;9;2;5;54;940;22;1735;6;6;NA;NA;NA;3;3;NA;NA;NA;2018-03-19;2018;"2018-M007:98";99;1;2,24511249783653;3,5405683813627;63;"Steve Johnson";82;"Adrian Mannarino";2,24511249783653;3,5405683813627;-1,29545588352617;28,2;29,7;-1,5;188;183;5;1;0,4;1;0,4;0,6;5;2;2;2;3;0;3;0;3;0;0;1
"763932";"2018-M007";"Miami Masters";"Hard";"128";"Masters";100;71;"Thanasi Kokkinakis";"R";196;"AUS";21,9;41;"Roger Federer";"R";185;"SUI";36,6;"3-6 6-3 7-6(4)";3;"R64";141;7;7;110;57;44;29;15;4;5;9;3;84;55;45;16;15;2;3;175;319;1;9660;3;6;7;NA;NA;6;3;6;NA;NA;2018-03-19;2018;"2018-M007:100";100;0;0,548788888167671;8;41;"Roger Federer";71;"Thanasi Kokkinakis";8;0,548788888167671;7,45121111183233;36,6;21,9;14,7;185;196;-11;0,8;0,666666666666667;0,666666666666667;0,8;-0,133333333333333;3;5;2;4;1;1;1;1;0;0;0;1
"763933";"2018-M007";"Miami Masters";"Hard";"128";"Masters";101;19;"Marin Cilic";"R";198;"CRO";29,4;105;"Vasek Pospisil";"R";193;"CAN";27,7;"7-5 7-6(4)";3;"R32";114;6;3;74;41;35;20;12;3;3;5;6;95;54;40;21;12;9;10;3;4905;77;687;7;7;NA;NA;NA;5;6;NA;NA;NA;2018-03-19;2018;"2018-M007:101";101;1;6,41503749927884;1,7332134593051;19;"Marin Cilic";105;"Vasek Pospisil";6,41503749927884;1,7332134593051;4,68182403997374;29,4;27,7;1,7;198;193;5;1;0,9;1;0,9;0,1;10;3;9;3;1;0;1;0;1;0;0;1
"763937";"2018-M007";"Miami Masters";"Hard";"128";"Masters";105;18;"Jeremy Chardy";"R";188;"FRA";31;29;"Grigor Dimitrov";"R";188;"BUL";26,8;"6-4 6-4";3;"R32";84;5;5;57;32;28;14;10;1;1;3;1;69;47;29;14;10;5;7;90;640;4;4600;6;6;NA;NA;NA;4;4;NA;NA;NA;2018-03-19;2018;"2018-M007:105";102;1;1,50814690367033;6;18;"Jeremy Chardy";29;"Grigor Dimitrov";1,50814690367033;6;-4,49185309632967;31;26,8;4,2;188;188;0;1;0,714285714285714;1;0,714285714285714;0,285714285714286;7;1;5;1;2;0;2;0;2;0;0;1
"763938";"2018-M007";"Miami Masters";"Hard";"128";"Masters";106;109;"Milos Raonic";"R";196;"CAN";27,2;115;"Diego Schwartzman";"R";170;"ARG";25,5;"7-6(5) 6-3";3;"R32";91;10;2;62;35;29;16;10;3;3;0;1;67;48;35;10;11;4;6;25;1630;16;2220;7;6;NA;NA;NA;6;3;NA;NA;NA;2018-03-19;2018;"2018-M007:106";103;1;3,35614381022528;4;109;"Milos Raonic";115;"Diego Schwartzman";3,35614381022528;4;-0,643856189774724;27,2;25,5;1,7;196;170;26;1;0,666666666666667;1;0,666666666666667;0,333333333333333;6;3;4;3;2;0;2;0;2;0;0;1
"763939";"2018-M007";"Miami Masters";"Hard";"128";"Masters";107;73;"Filip Krajinovic";"R";185;"SRB";26;100;"Benoit Paire";"R";196;"FRA";28,8;"6-3 6-3";3;"R32";70;2;1;52;38;28;8;9;1;2;9;5;68;33;23;13;9;6;10;27;1539;47;1075;6;6;NA;NA;NA;3;3;NA;NA;NA;2018-03-19;2018;"2018-M007:107";104;1;3,24511249783653;2,44541114832236;73;"Filip Krajinovic";100;"Benoit Paire";3,24511249783653;2,44541114832236;0,799701349514169;26;28,8;-2,8;185;196;-11;0,5;0,6;0,5;0,6;-0,1;10;2;6;1;4;1;4;1;3;0;0;1
"763940";"2018-M007";"Miami Masters";"Hard";"128";"Masters";108;27;"Juan Martin del Potro";"R";198;"ARG";29,4;96;"Kei Nishikori";"R";178;"JPN";28,2;"6-2 6-2";3;"R32";72;6;1;43;30;23;10;8;1;1;2;1;58;36;20;10;8;9;13;6;4155;33;1415;6;6;NA;NA;NA;2;2;NA;NA;NA;2018-03-19;2018;"2018-M007:108";105;1;5,41503749927884;2,95560588064155;27;"Juan Martin del Potro";96;"Kei Nishikori";5,41503749927884;2,95560588064155;2,4594316186373;29,4;28,2;1,2;198;178;20;1;0,692307692307692;1;0,692307692307692;0,307692307692308;13;1;9;1;4;0;4;0;4;0;0;1
"763941";"2018-M007";"Miami Masters";"Hard";"128";"Masters";109;22;"Borna Coric";"R";188;"CRO";21,3;120;"Jack Sock";"R";185;"USA";25,4;"5-7 7-6(4) 6-3";3;"R32";169;3;6;94;52;41;22;16;5;9;2;7;122;81;51;19;17;13;18;36;1366;11;2335;5;7;6;NA;NA;7;6;3;NA;NA;2018-03-19;2018;"2018-M007:109";106;1;2,83007499855769;4,5405683813627;22;"Borna Coric";120;"Jack Sock";2,83007499855769;4,5405683813627;-1,71049338280501;21,3;25,4;-4,1;188;185;3;0,555555555555556;0,722222222222222;0,555555555555556;0,722222222222222;-0,166666666666667;18;9;13;5;5;4;5;4;1;0;0;1
"763942";"2018-M007";"Miami Masters";"Hard";"128";"Masters";110;117;"Denis Shapovalov";"L";185;"CAN";18,9;107;"Sam Querrey";"R";198;"USA";30,4;"6-4 3-6 7-5";3;"R32";143;4;12;119;51;37;32;15;9;12;4;5;97;40;34;26;16;2;6;46;1076;14;2265;6;3;7;NA;NA;4;6;5;NA;NA;2018-03-19;2018;"2018-M007:110";107;0;2,47643804394299;4,1926450779424;107;"Sam Querrey";117;"Denis Shapovalov";4,1926450779424;2,47643804394299;1,71620703399941;30,4;18,9;11,5;198;185;13;0,75;0,333333333333333;0,333333333333333;0,75;-0,416666666666667;6;12;2;9;4;3;3;4;-1;0;0;1
"763943";"2018-M007";"Miami Masters";"Hard";"128";"Masters";111;78;"Nick Kyrgios";"R";193;"AUS";22,8;42;"Fabio Fognini";"R";178;"ITA";30,8;"6-3 6-3";3;"R32";66;9;5;55;29;22;16;9;0;0;2;5;48;21;18;12;9;2;5;20;1945;18;2155;6;6;NA;NA;NA;3;3;NA;NA;NA;2018-03-19;2018;"2018-M007:111";108;0;3,67807190511264;3,83007499855769;42;"Fabio Fognini";78;"Nick Kyrgios";3,83007499855769;3,67807190511264;0,15200309344505;30,8;22,8;8;178;193;-15;1,5;0,4;0,4;1,5;-1,1;5;0;2;0;3;0;0;3;-3;0;0;1
"763945";"2018-M007";"Miami Masters";"Hard";"128";"Masters";113;3;"Kevin Anderson";"R";203;"RSA";31,8;67;"Karen Khachanov";"R";198;"RUS";21,8;"4-6 6-2 6-3";3;"R32";114;8;1;72;40;33;22;14;1;2;7;2;83;46;36;16;13;1;4;8;3235;41;1220;4;6;6;NA;NA;6;2;3;NA;NA;2018-03-19;2018;"2018-M007:113";109;1;5;2,64244799538192;3;"Kevin Anderson";67;"Karen Khachanov";5;2,64244799538192;2,35755200461808;31,8;21,8;10;203;198;5;0,5;0,25;0,5;0,25;0,25;4;2;1;1;3;1;3;1;2;0;0;1
"763947";"2018-M007";"Miami Masters";"Hard";"128";"Masters";115;15;"Pablo Carreno Busta";"R";188;"ESP";26,6;63;"Steve Johnson";"R";188;"USA";28,2;"6-4 6-4";3;"R32";77;4;2;56;37;29;12;10;3;4;2;4;60;27;19;17;10;2;5;19;2045;54;940;6;6;NA;NA;NA;4;4;NA;NA;NA;2018-03-19;2018;"2018-M007:115";110;1;3,75207248655641;2,24511249783653;15;"Pablo Carreno Busta";63;"Steve Johnson";3,75207248655641;2,24511249783653;1,50695998871988;26,6;28,2;-1,6;188;188;0;0,75;0,4;0,75;0,4;0,35;5;4;2;3;3;1;3;1;2;0;0;1
"763948";"2018-M007";"Miami Masters";"Hard";"128";"Masters";116;129;"Fernando Verdasco";"L";188;"ESP";34,3;71;"Thanasi Kokkinakis";"R";196;"AUS";21,9;"3-6 6-4 7-6(4)";3;"R32";174;13;8;112;65;52;21;16;3;6;9;0;110;65;49;20;15;6;8;39;1260;175;319;3;6;7;NA;NA;6;4;6;NA;NA;2018-03-19;2018;"2018-M007:116";111;0;2,71459778113775;0,548788888167671;71;"Thanasi Kokkinakis";129;"Fernando Verdasco";0,548788888167671;2,71459778113775;-2,16580889297008;21,9;34,3;-12,4;196;188;8;0,5;0,75;0,75;0,5;0,25;8;6;6;3;2;3;3;2;1;0;0;1
"763949";"2018-M007";"Miami Masters";"Hard";"128";"Masters";117;60;"John Isner";"R";206;"USA";32,8;19;"Marin Cilic";"R";198;"CRO";29,4;"7-6(0) 6-3";3;"R16";87;12;0;66;48;41;9;11;0;0;3;0;60;35;23;18;10;1;2;17;2170;3;4905;7;6;NA;NA;NA;6;3;NA;NA;NA;2018-03-19;2018;"2018-M007:117";112;0;3,91253715874966;6,41503749927884;19;"Marin Cilic";60;"John Isner";6,41503749927884;3,91253715874966;2,50250034052918;29,4;32,8;-3,4;198;206;-8;1,5;0,5;0,5;1,5;-1;2;0;1;0;1;0;0;1;-1;0;0;1
"763951";"2018-M007";"Miami Masters";"Hard";"128";"Masters";119;109;"Milos Raonic";"R";196;"CAN";27,2;18;"Jeremy Chardy";"R";188;"FRA";31;"6-3 6-4";3;"R16";85;12;3;52;33;28;10;9;0;0;4;1;63;34;24;14;10;5;8;25;1630;90;640;6;6;NA;NA;NA;3;4;NA;NA;NA;2018-03-19;2018;"2018-M007:119";113;0;3,35614381022528;1,50814690367033;18;"Jeremy Chardy";109;"Milos Raonic";1,50814690367033;3,35614381022528;-1,84799690655495;31;27,2;3,8;188;196;-8;1,5;0,625;0,625;1,5;-0,875;8;0;5;0;3;0;0;3;-3;0;0;1
"763952";"2018-M007";"Miami Masters";"Hard";"128";"Masters";120;27;"Juan Martin del Potro";"R";198;"ARG";29,4;73;"Filip Krajinovic";"R";185;"SRB";26;"6-4 6-2";3;"R16";83;7;1;56;36;28;11;9;3;4;1;2;58;34;22;9;9;3;7;6;4155;27;1539;6;6;NA;NA;NA;4;2;NA;NA;NA;2018-03-19;2018;"2018-M007:120";114;1;5,41503749927884;3,24511249783653;27;"Juan Martin del Potro";73;"Filip Krajinovic";5,41503749927884;3,24511249783653;2,16992500144231;29,4;26;3,4;198;185;13;0,75;0,428571428571429;0,75;0,428571428571429;0,321428571428571;7;4;3;3;4;1;4;1;3;0;0;1
"763953";"2018-M007";"Miami Masters";"Hard";"128";"Masters";121;22;"Borna Coric";"R";188;"CRO";21,3;117;"Denis Shapovalov";"L";185;"CAN";18,9;"7-6(2) 4-6 6-4";3;"R16";136;1;3;83;59;47;14;16;4;7;6;6;96;49;34;31;16;7;10;36;1366;46;1076;7;4;6;NA;NA;6;6;4;NA;NA;2018-03-19;2018;"2018-M007:121";115;1;2,83007499855769;2,47643804394299;22;"Borna Coric";117;"Denis Shapovalov";2,83007499855769;2,47643804394299;0,353636954614701;21,3;18,9;2,4;188;185;3;0,571428571428571;0,7;0,571428571428571;0,7;-0,128571428571429;10;7;7;4;3;3;3;3;0;0;0;1
"763954";"2018-M007";"Miami Masters";"Hard";"128";"Masters";122;133;"Alexander Zverev";"R";198;"GER";20,9;78;"Nick Kyrgios";"R";193;"AUS";22,8;"6-4 6-4";3;"R16";71;5;3;51;40;32;7;10;2;3;11;1;65;40;24;13;10;1;4;5;4505;20;1945;6;6;NA;NA;NA;4;4;NA;NA;NA;2018-03-19;2018;"2018-M007:122";116;0;5,67807190511264;3,67807190511264;78;"Nick Kyrgios";133;"Alexander Zverev";3,67807190511264;5,67807190511264;-2;22,8;20,9;1,9;193;198;-5;0,666666666666667;0,25;0,25;0,666666666666667;-0,416666666666667;4;3;1;2;3;1;1;3;-2;0;0;1
"763955";"2018-M007";"Miami Masters";"Hard";"128";"Masters";123;3;"Kevin Anderson";"R";203;"RSA";31,8;126;"Frances Tiafoe";"R";188;"USA";20,1;"7-6(3) 6-4";3;"R16";100;9;4;79;42;33;17;11;7;9;4;1;62;40;27;12;11;3;6;8;3235;63;844;7;6;NA;NA;NA;6;4;NA;NA;NA;2018-03-19;2018;"2018-M007:123";117;1;5;2,02272007650008;3;"Kevin Anderson";126;"Frances Tiafoe";5;2,02272007650008;2,97727992349992;31,8;20,1;11,7;203;188;15;0,777777777777778;0,5;0,777777777777778;0,5;0,277777777777778;6;9;3;7;3;2;3;2;1;0;0;1
"763956";"2018-M007";"Miami Masters";"Hard";"128";"Masters";124;15;"Pablo Carreno Busta";"R";188;"ESP";26,6;129;"Fernando Verdasco";"L";188;"ESP";34,3;"6-0 6-3";3;"R16";84;2;2;62;39;24;13;8;6;7;2;4;58;28;15;11;7;7;12;19;2045;39;1260;6;6;NA;NA;NA;0;3;NA;NA;NA;2018-03-19;2018;"2018-M007:124";118;1;3,75207248655641;2,71459778113775;15;"Pablo Carreno Busta";129;"Fernando Verdasco";3,75207248655641;2,71459778113775;1,03747470541866;26,6;34,3;-7,7;188;188;0;0,857142857142857;0,583333333333333;0,857142857142857;0,583333333333333;0,273809523809524;12;7;7;6;5;1;5;1;4;0;0;1
"763958";"2018-M007";"Miami Masters";"Hard";"128";"Masters";126;27;"Juan Martin del Potro";"R";198;"ARG";29,4;109;"Milos Raonic";"R";196;"CAN";27,2;"5-7 7-6(1) 7-6(3)";3;"QF";172;6;3;109;78;59;16;18;3;6;18;5;106;71;52;19;18;1;3;6;4155;25;1630;5;7;7;NA;NA;7;6;6;NA;NA;2018-03-19;2018;"2018-M007:126";119;1;5,41503749927884;3,35614381022528;27;"Juan Martin del Potro";109;"Milos Raonic";5,41503749927884;3,35614381022528;2,05889368905357;29,4;27,2;2,2;198;196;2;0,5;0,333333333333333;0,5;0,333333333333333;0,166666666666667;3;6;1;3;2;3;2;3;-1;0;0;1
"763959";"2018-M007";"Miami Masters";"Hard";"128";"Masters";127;133;"Alexander Zverev";"R";198;"GER";20,9;22;"Borna Coric";"R";188;"CRO";21,3;"6-4 6-4";3;"QF";84;8;0;53;36;30;11;10;2;2;2;0;66;46;27;15;10;6;8;5;4505;36;1366;6;6;NA;NA;NA;4;4;NA;NA;NA;2018-03-19;2018;"2018-M007:127";120;0;5,67807190511264;2,83007499855769;22;"Borna Coric";133;"Alexander Zverev";2,83007499855769;5,67807190511264;-2,84799690655495;21,3;20,9;0,400000000000002;188;198;-10;1;0,75;0,75;1;-0,25;8;2;6;2;2;0;0;2;-2;0;0;1
"763960";"2018-M007";"Miami Masters";"Hard";"128";"Masters";128;15;"Pablo Carreno Busta";"R";188;"ESP";26,6;3;"Kevin Anderson";"R";203;"RSA";31,8;"6-4 5-7 7-6(6)";3;"QF";162;6;4;105;71;50;18;17;1;4;14;4;106;67;47;21;17;7;10;19;2045;8;3235;6;5;7;NA;NA;4;7;6;NA;NA;2018-03-19;2018;"2018-M007:128";121;0;3,75207248655641;5;3;"Kevin Anderson";15;"Pablo Carreno Busta";5;3,75207248655641;1,24792751344359;31,8;26,6;5,2;203;188;15;0,25;0,7;0,7;0,25;0,45;10;4;7;1;3;3;3;3;0;0;0;1
"763961";"2018-M007";"Miami Masters";"Hard";"128";"Masters";129;60;"John Isner";"R";206;"USA";32,8;27;"Juan Martin del Potro";"R";198;"ARG";29,4;"6-1 7-6(2)";3;"SF";83;13;1;55;35;29;15;10;0;0;4;3;61;30;21;17;9;1;3;17;2170;6;4155;6;7;NA;NA;NA;1;6;NA;NA;NA;2018-03-19;2018;"2018-M007:129";122;0;3,91253715874966;5,41503749927884;27;"Juan Martin del Potro";60;"John Isner";5,41503749927884;3,91253715874966;1,50250034052918;29,4;32,8;-3,4;198;206;-8;1,5;0,333333333333333;0,333333333333333;1,5;-1,16666666666667;3;0;1;0;2;0;0;2;-2;0;0;1
"763962";"2018-M007";"Miami Masters";"Hard";"128";"Masters";130;133;"Alexander Zverev";"R";198;"GER";20,9;15;"Pablo Carreno Busta";"R";188;"ESP";26,6;"7-6(4) 6-2";3;"SF";88;10;2;58;40;35;10;10;0;0;3;3;67;38;25;16;10;2;4;5;4505;19;2045;7;6;NA;NA;NA;6;2;NA;NA;NA;2018-03-19;2018;"2018-M007:130";123;0;5,67807190511264;3,75207248655641;15;"Pablo Carreno Busta";133;"Alexander Zverev";3,75207248655641;5,67807190511264;-1,92599941855622;26,6;20,9;5,7;188;198;-10;1,5;0,5;0,5;1,5;-1;4;0;2;0;2;0;0;2;-2;0;0;1
"763963";"2018-M007";"Miami Masters";"Hard";"128";"Masters";131;60;"John Isner";"R";206;"USA";32,8;133;"Alexander Zverev";"R";198;"GER";20,9;"6-7(4) 6-4 6-4";3;"F";149;18;2;96;66;54;18;16;3;3;10;6;108;72;52;22;16;10;12;17;2170;5;4505;6;6;6;NA;NA;7;4;4;NA;NA;2018-03-19;2018;"2018-M007:131";124;1;3,91253715874966;5,67807190511264;60;"John Isner";133;"Alexander Zverev";3,91253715874966;5,67807190511264;-1,76553474636298;32,8;20,9;11,9;206;198;8;1;0,833333333333333;1;0,833333333333333;0,166666666666667;12;3;10;3;2;0;2;0;2;0;0;1
"776977";"2018-0421";"Canada Masters";"Hard";"64";"Masters";2;57;"Pierre Hugues Herbert";"R";188;"FRA";27,3;59;"Hubert Hurkacz";"R";196;"POL";21,4;"4-6 7-5 6-3";3;"Q1";116;12;4;100;62;49;19;16;5;7;5;2;86;55;39;18;15;2;5;80;729;112;488;4;7;6;NA;NA;6;5;3;NA;NA;2018-08-06;2018;"2018-0421:2";125;1;0,678071905112637;0,192645077942396;57;"Pierre Hugues Herbert";59;"Hubert Hurkacz";0,678071905112637;0,192645077942396;0,485426827170241;27,3;21,4;5,9;188;196;-8;0,714285714285714;0,4;0,714285714285714;0,4;0,314285714285714;5;7;2;5;3;2;3;2;1;0;0;1
"776980";"2018-0421";"Canada Masters";"Hard";"64";"Masters";5;61;"Ilya Ivashka";"R";193;"BLR";24,4;8;"Ricardas Berankis";"R";175;"LTU";28,1;"7-6(5) 6-2";3;"Q1";100;14;5;72;42;35;13;10;5;7;4;3;91;53;31;19;10;11;15;125;459;95;599;7;6;NA;NA;NA;6;2;NA;NA;NA;2018-08-06;2018;"2018-0421:5";126;0;0,034215715337913;0,430144391669052;8;"Ricardas Berankis";61;"Ilya Ivashka";0,430144391669052;0,034215715337913;0,395928676331139;28,1;24,4;3,7;175;193;-18;0,714285714285714;0,733333333333333;0,733333333333333;0,714285714285714;0,019047619047619;15;7;11;5;4;2;2;4;-2;0;0;1
"776982";"2018-0421";"Canada Masters";"Hard";"64";"Masters";7;97;"Yoshihito Nishioka";"L";170;"JPN";22,8;20;"Marius Copil";"R";193;"ROU";27,8;"2-6 6-3 7-6(2)";3;"Q1";125;2;1;105;78;50;15;15;8;11;17;10;96;45;39;19;14;2;4;206;272;91;642;2;6;7;NA;NA;6;3;6;NA;NA;2018-08-06;2018;"2018-0421:7";127;0;-0,686500527183219;0,492205359801304;20;"Marius Copil";97;"Yoshihito Nishioka";0,492205359801304;-0,686500527183219;1,17870588698452;27,8;22,8;5;193;170;23;0,727272727272727;0,5;0,5;0,727272727272727;-0,227272727272727;4;11;2;8;2;3;3;2;1;0;0;1
"776985";"2018-0421";"Canada Masters";"Hard";"64";"Masters";10;86;"Daniil Medvedev";"R";198;"RUS";22,4;53;"Norbert Gombos";"R";193;"SVK";27,9;"6-3 6-0";3;"Q1";62;5;4;55;31;23;15;8;7;7;1;3;39;23;11;8;7;4;8;68;822;176;327;6;6;NA;NA;NA;3;0;NA;NA;NA;2018-08-06;2018;"2018-0421:10";128;0;0,912537158749661;-0,459431618637297;53;"Norbert Gombos";86;"Daniil Medvedev";-0,459431618637297;0,912537158749661;-1,37196877738696;27,9;22,4;5,5;193;198;-5;1;0,5;0,5;1;-0,5;8;7;4;7;4;0;0;4;-4;0;0;1
"776994";"2018-0421";"Canada Masters";"Hard";"64";"Masters";19;86;"Daniil Medvedev";"R";198;"RUS";22,4;85;"Mackenzie Mcdonald";"R";178;"USA";23,3;"7-6(3) 6-4";3;"Q2";100;11;3;90;51;36;20;11;4;6;2;0;72;48;29;15;11;3;6;68;822;83;717;7;6;NA;NA;NA;6;4;NA;NA;NA;2018-08-06;2018;"2018-0421:19";129;0;0,912537158749661;0,624960568653075;85;"Mackenzie Mcdonald";86;"Daniil Medvedev";0,624960568653075;0,912537158749661;-0,287576590096585;23,3;22,4;0,900000000000002;178;198;-20;0,666666666666667;0,5;0,5;0,666666666666667;-0,166666666666667;6;6;3;4;3;2;2;3;-1;0;0;1
"777001";"2018-0421";"Canada Masters";"Hard";"64";"Masters";26;4;"Felix Auger Aliassime";"R";193;"CAN";17,9;106;"Lucas Pouille";"R";185;"FRA";24,4;"6-4 6-3";3;"R64";77;5;1;58;34;26;16;10;5;6;5;3;55;30;24;9;9;3;6;133;441;18;1870;6;6;NA;NA;NA;4;3;NA;NA;NA;2018-08-06;2018;"2018-0421:26";130;1;-0,0552824355011898;2,83007499855769;4;"Felix Auger Aliassime";106;"Lucas Pouille";-0,0552824355011898;2,83007499855769;-2,88535743405888;17,9;24,4;-6,5;193;185;8;0,833333333333333;0,5;0,833333333333333;0,5;0,333333333333333;6;6;3;5;3;1;3;1;2;0;0;1
"777002";"2018-0421";"Canada Masters";"Hard";"64";"Masters";27;86;"Daniil Medvedev";"R";198;"RUS";22,4;120;"Jack Sock";"R";185;"USA";25,8;"6-3 3-6 6-3";3;"R64";121;10;3;97;49;32;30;14;9;11;7;6;78;59;39;11;13;6;9;68;822;19;1850;6;3;6;NA;NA;3;6;3;NA;NA;2018-08-06;2018;"2018-0421:27";131;1;0,912537158749661;2,75207248655641;86;"Daniil Medvedev";120;"Jack Sock";0,912537158749661;2,75207248655641;-1,83953532780675;22,4;25,8;-3,4;198;185;13;0,818181818181818;0,666666666666667;0,818181818181818;0,666666666666667;0,151515151515152;9;11;6;9;3;2;3;2;1;0;0;1
"777004";"2018-0421";"Canada Masters";"Hard";"64";"Masters";29;103;"Peter Polansky";"R";180;"CAN";30,1;35;"Matthew Ebden";"R";188;"AUS";30,6;"7-6(3) 6-4";3;"R64";94;6;3;79;42;35;23;11;3;3;12;4;74;45;35;15;11;3;4;121;468;52;975;7;6;NA;NA;NA;6;4;NA;NA;NA;2018-08-06;2018;"2018-0421:29";132;0;0,0811367627254054;1,29956028185891;35;"Matthew Ebden";103;"Peter Polansky";1,29956028185891;0,0811367627254054;1,2184235191335;30,6;30,1;0,5;188;180;8;1;0,75;0,75;1;-0,25;4;3;3;3;1;0;0;1;-1;0;0;1
"777005";"2018-0421";"Canada Masters";"Hard";"64";"Masters";30;127;"Stefanos Tsitsipas";"R";193;"GRE";19,9;34;"Damir Dzumhur";"R";172;"BIH";26,2;"6-3 7-6(3)";3;"R64";87;11;0;64;41;36;17;11;1;1;4;2;80;53;39;13;10;5;6;27;1534;24;1665;6;7;NA;NA;NA;3;6;NA;NA;NA;2018-08-06;2018;"2018-0421:30";133;0;2,24511249783653;2,41503749927884;34;"Damir Dzumhur";127;"Stefanos Tsitsipas";2,41503749927884;2,24511249783653;0,169925001442312;26,2;19,9;6,3;172;193;-21;1;0,833333333333333;0,833333333333333;1;-0,166666666666667;6;1;5;1;1;0;0;1;-1;0;0;1
"777006";"2018-0421";"Canada Masters";"Hard";"64";"Masters";31;32;"Evgeny Donskoy";"R";185;"RUS";28,2;110;"Andrey Rublev";"R";188;"RUS";20,7;"7-6(7) 6-4";3;"R64";112;8;3;96;58;43;18;11;7;8;11;1;85;47;35;18;11;6;8;87;688;37;1180;7;6;NA;NA;NA;6;4;NA;NA;NA;2018-08-06;2018;"2018-0421:31";134;1;0,557056504151272;1,79054663437105;32;"Evgeny Donskoy";110;"Andrey Rublev";0,557056504151272;1,79054663437105;-1,23349013021978;28,2;20,7;7,5;185;188;-3;0,875;0,75;0,875;0,75;0,125;8;8;6;7;2;1;2;1;1;0;0;1
"777009";"2018-0421";"Canada Masters";"Hard";"64";"Masters";34;109;"Milos Raonic";"R";196;"CAN";27,6;51;"David Goffin";"R";180;"BEL";27,6;"6-3 6-4";3;"R64";72;13;3;48;27;27;14;10;3;3;2;3;58;38;26;9;9;1;3;29;1360;11;3120;6;6;NA;NA;NA;3;4;NA;NA;NA;2018-08-06;2018;"2018-0421:34";135;0;2,14201900487243;3,5405683813627;51;"David Goffin";109;"Milos Raonic";3,5405683813627;2,14201900487243;1,39854937649027;27,6;27,6;0;180;196;-16;1;0,333333333333333;0,333333333333333;1;-0,666666666666667;3;3;1;3;2;0;0;2;-2;0;0;1
"777010";"2018-0421";"Canada Masters";"Hard";"64";"Masters";35;126;"Frances Tiafoe";"R";188;"USA";20,5;17;"Marco Cecchinato";"R";185;"ITA";25,8;"7-6(3) 6-1";3;"R64";85;8;7;79;48;36;15;10;8;9;7;7;64;37;27;10;9;2;5;41;1065;21;1720;7;6;NA;NA;NA;6;1;NA;NA;NA;2018-08-06;2018;"2018-0421:35";136;0;1,64244799538192;2,60768257722124;17;"Marco Cecchinato";126;"Frances Tiafoe";2,60768257722124;1,64244799538192;0,965234581839323;25,8;20,5;5,3;185;188;-3;0,888888888888889;0,4;0,4;0,888888888888889;-0,488888888888889;5;9;2;8;3;1;1;3;-2;0;0;1
"777011";"2018-0421";"Canada Masters";"Hard";"64";"Masters";36;129;"Fernando Verdasco";"L";188;"ESP";34,7;52;"Peter Gojowczyk";"R";185;"GER";29;"6-2 6-2";3;"R64";54;5;4;45;25;20;14;8;0;0;5;3;46;20;16;6;8;1;5;31;1305;48;1021;6;6;NA;NA;NA;2;2;NA;NA;NA;2018-08-06;2018;"2018-0421:36";137;0;2,04580368961313;1,41503749927884;52;"Peter Gojowczyk";129;"Fernando Verdasco";1,41503749927884;2,04580368961313;-0,630766190334281;29;34,7;-5,7;185;188;-3;1,5;0,2;0,2;1,5;-1,3;5;0;1;0;4;0;0;4;-4;0;0;1
"777012";"2018-0421";"Canada Masters";"Hard";"64";"Masters";37;57;"Pierre Hugues Herbert";"R";188;"FRA";27,3;108;"Albert Ramos";"L";188;"ESP";30,5;"4-6 6-3 6-4";3;"R64";143;12;3;96;61;48;17;15;5;6;3;4;100;57;40;24;14;2;4;80;729;40;1065;4;6;6;NA;NA;6;3;4;NA;NA;2018-08-06;2018;"2018-0421:37";138;1;0,678071905112637;1,67807190511264;57;"Pierre Hugues Herbert";108;"Albert Ramos";0,678071905112637;1,67807190511264;-1;27,3;30,5;-3,2;188;188;0;0,833333333333333;0,5;0,833333333333333;0,5;0,333333333333333;4;6;2;5;2;1;2;1;1;0;0;1
"777013";"2018-0421";"Canada Masters";"Hard";"64";"Masters";38;67;"Karen Khachanov";"R";198;"RUS";22,2;73;"Filip Krajinovic";"R";185;"SRB";26,4;"6-3 6-2";3;"R64";54;9;2;43;33;28;8;9;0;0;2;1;42;27;17;8;8;1;4;38;1175;30;1317;6;6;NA;NA;NA;3;2;NA;NA;NA;2018-08-06;2018;"2018-0421:38";139;1;1,75207248655641;2,09310940439148;67;"Karen Khachanov";73;"Filip Krajinovic";1,75207248655641;2,09310940439148;-0,341036917835067;22,2;26,4;-4,2;198;185;13;1,5;0,25;1,5;0,25;1,25;4;0;1;0;3;0;3;0;3;0;0;1
"777015";"2018-0421";"Canada Masters";"Hard";"64";"Masters";40;42;"Fabio Fognini";"R";178;"ITA";31,2;63;"Steve Johnson";"R";188;"USA";28,6;"6-4 6-4";3;"R64";82;3;3;51;30;25;12;10;0;1;1;0;67;39;26;12;10;5;8;14;2190;33;1235;6;6;NA;NA;NA;4;4;NA;NA;NA;2018-08-06;2018;"2018-0421:40";140;1;3,1926450779424;1,95560588064155;42;"Fabio Fognini";63;"Steve Johnson";3,1926450779424;1,95560588064155;1,23703919730085;31,2;28,6;2,6;178;188;-10;0;0,625;0;0,625;-0,625;8;1;5;0;3;1;3;1;2;0;0;1
"777016";"2018-0421";"Canada Masters";"Hard";"64";"Masters";41;117;"Denis Shapovalov";"L";185;"CAN";19,3;18;"Jeremy Chardy";"R";188;"FRA";31,4;"6-1 6-4";3;"R64";63;4;4;57;41;33;7;9;6;6;4;8;52;31;20;8;8;2;5;26;1575;46;1025;6;6;NA;NA;NA;1;4;NA;NA;NA;2018-08-06;2018;"2018-0421:41";141;0;2,29956028185891;1,47643804394299;18;"Jeremy Chardy";117;"Denis Shapovalov";1,47643804394299;2,29956028185891;-0,823122237915921;31,4;19,3;12,1;188;185;3;1;0,4;0,4;1;-0,6;5;6;2;6;3;0;0;3;-3;0;0;1
"777017";"2018-0421";"Canada Masters";"Hard";"64";"Masters";42;55;"Robin Haase";"R";190;"NED";31,3;96;"Kei Nishikori";"R";178;"JPN";28,6;"7-5 6-1";3;"R64";76;11;2;68;40;28;16;9;4;5;3;4;50;32;20;8;10;3;8;39;1110;22;1710;7;6;NA;NA;NA;5;1;NA;NA;NA;2018-08-06;2018;"2018-0421:42";142;1;1,71459778113775;2,5405683813627;55;"Robin Haase";96;"Kei Nishikori";1,71459778113775;2,5405683813627;-0,825970600224951;31,3;28,6;2,7;190;178;12;0,8;0,375;0,8;0,375;0,425;8;5;3;4;5;1;5;1;4;0;0;1
"777018";"2018-0421";"Canada Masters";"Hard";"64";"Masters";43;22;"Borna Coric";"R";188;"CRO";21,7;105;"Vasek Pospisil";"R";193;"CAN";28,1;"6-4 6-3";3;"R64";79;6;1;46;24;22;14;9;0;0;5;2;62;35;23;13;10;7;10;20;1745;94;619;6;6;NA;NA;NA;4;3;NA;NA;NA;2018-08-06;2018;"2018-0421:43";143;1;2,67807190511264;0,445411148322362;22;"Borna Coric";105;"Vasek Pospisil";2,67807190511264;0,445411148322362;2,23266075679027;21,7;28,1;-6,4;188;193;-5;1,5;0,7;1,5;0,7;0,8;10;0;7;0;3;0;3;0;3;0;0;1
"777019";"2018-0421";"Canada Masters";"Hard";"64";"Masters";44;107;"Sam Querrey";"R";198;"USA";30,8;82;"Adrian Mannarino";"L";183;"FRA";30,1;"6-2 7-5";3;"R64";73;13;2;51;27;24;15;10;0;1;2;3;64;35;24;10;10;3;7;32;1270;25;1580;6;7;NA;NA;NA;2;5;NA;NA;NA;2018-08-06;2018;"2018-0421:44";144;0;2;2,35614381022528;82;"Adrian Mannarino";107;"Sam Querrey";2,35614381022528;2;0,356143810225276;30,1;30,8;-0,699999999999999;183;198;-15;0;0,428571428571429;0,428571428571429;0;0,428571428571429;7;1;3;0;4;1;1;4;-3;0;0;1
"777020";"2018-0421";"Canada Masters";"Hard";"64";"Masters";45;115;"Diego Schwartzman";"R";170;"ARG";25,9;36;"Kyle Edmund";"R";188;"GBR";23,5;"6-1 6-2";3;"R64";60;4;2;49;35;28;8;8;0;0;2;1;41;23;14;5;7;2;6;12;2470;16;1950;6;6;NA;NA;NA;1;2;NA;NA;NA;2018-08-06;2018;"2018-0421:45";145;0;3,41503749927884;3;36;"Kyle Edmund";115;"Diego Schwartzman";3;3,41503749927884;-0,415037499278844;23,5;25,9;-2,4;188;170;18;1,5;0,333333333333333;0,333333333333333;1,5;-1,16666666666667;6;0;2;0;4;0;0;4;-4;0;0;1
"777021";"2018-0421";"Canada Masters";"Hard";"64";"Masters";46;130;"Stan Wawrinka";"R";183;"SUI";33,3;78;"Nick Kyrgios";"R";193;"AUS";23,2;"1-6 7-5 7-5";3;"R64";123;13;4;98;51;40;23;15;4;6;26;5;91;55;47;17;16;2;4;195;290;17;1935;1;7;7;NA;NA;6;5;5;NA;NA;2018-08-06;2018;"2018-0421:46";146;0;-0,60733031374961;2,91253715874966;78;"Nick Kyrgios";130;"Stan Wawrinka";2,91253715874966;-0,60733031374961;3,51986747249927;23,2;33,3;-10,1;193;183;10;0,666666666666667;0,5;0,5;0,666666666666667;-0,166666666666667;4;6;2;4;2;2;2;2;0;0;0;1
"777022";"2018-0421";"Canada Masters";"Hard";"64";"Masters";47;45;"Marton Fucsovics";"R";188;"HUN";26,4;122;"Joao Sousa";"R";185;"POR";29,3;"6-4 7-6(2)";3;"R64";101;3;5;78;45;31;16;11;4;7;1;1;68;33;21;16;11;1;5;51;982;63;866;6;7;NA;NA;NA;4;6;NA;NA;NA;2018-08-06;2018;"2018-0421:47";147;1;1,3275746580285;1,02272007650008;45;"Marton Fucsovics";122;"Joao Sousa";1,3275746580285;1,02272007650008;0,304854581528422;26,4;29,3;-2,9;188;185;3;0,571428571428571;0,2;0,571428571428571;0,2;0,371428571428571;5;7;1;4;4;3;4;3;1;0;0;1
"777024";"2018-0421";"Canada Masters";"Hard";"64";"Masters";49;133;"Alexander Zverev";"R";198;"GER";21,2;68;"Bradley Klahn";"L";190;"USA";27,9;"6-4 6-4";3;"R32";76;7;2;54;34;29;12;10;0;0;3;5;60;36;25;15;10;3;5;3;5665;116;484;6;6;NA;NA;NA;4;4;NA;NA;NA;2018-08-06;2018;"2018-0421:49";148;0;5,41503749927884;0,142019004872428;68;"Bradley Klahn";133;"Alexander Zverev";0,142019004872428;5,41503749927884;-5,27301849440642;27,9;21,2;6,7;190;198;-8;1,5;0,6;0,6;1,5;-0,9;5;0;3;0;2;0;0;2;-2;0;0;1
"777025";"2018-0421";"Canada Masters";"Hard";"64";"Masters";50;86;"Daniil Medvedev";"R";198;"RUS";22,4;4;"Felix Auger Aliassime";"R";193;"CAN";17,9;"3-6 6-4 7-6(7)";3;"R32";156;8;5;108;73;48;18;16;4;8;9;4;105;72;52;13;15;6;9;68;822;133;441;3;6;7;NA;NA;6;4;6;NA;NA;2018-08-06;2018;"2018-0421:50";149;0;0,912537158749661;-0,0552824355011898;4;"Felix Auger Aliassime";86;"Daniil Medvedev";-0,0552824355011898;0,912537158749661;-0,967819594250851;17,9;22,4;-4,5;193;198;-5;0,5;0,666666666666667;0,666666666666667;0,5;0,166666666666667;9;8;6;4;3;4;4;3;1;0;0;1
"777026";"2018-0421";"Canada Masters";"Hard";"64";"Masters";51;31;"Novak Djokovic";"R";188;"SRB";31,2;103;"Peter Polansky";"R";180;"CAN";30,1;"6-3 6-4";3;"R32";84;7;2;57;36;30;12;10;0;0;0;2;56;28;20;14;9;4;6;10;3355;121;468;6;6;NA;NA;NA;3;4;NA;NA;NA;2018-08-06;2018;"2018-0421:51";150;1;3,67807190511264;0,0811367627254054;31;"Novak Djokovic";103;"Peter Polansky";3,67807190511264;0,0811367627254054;3,59693514238723;31,2;30,1;1,1;188;180;8;1,5;0,666666666666667;1,5;0,666666666666667;0,833333333333333;6;0;4;0;2;0;2;0;2;0;0;1
"777027";"2018-0421";"Canada Masters";"Hard";"64";"Masters";52;127;"Stefanos Tsitsipas";"R";193;"GRE";19,9;124;"Dominic Thiem";"R";185;"AUT";24,9;"6-3 7-6(6)";3;"R32";81;13;1;60;40;38;12;11;0;0;5;4;63;38;31;13;10;0;1;27;1534;8;3665;6;7;NA;NA;NA;3;6;NA;NA;NA;2018-08-06;2018;"2018-0421:52";151;0;2,24511249783653;4;124;"Dominic Thiem";127;"Stefanos Tsitsipas";4;2,24511249783653;1,75488750216347;24,9;19,9;5;185;193;-8;1,5;0;0;1,5;-1,5;1;0;0;0;1;0;0;1;-1;0;0;1
"777028";"2018-0421";"Canada Masters";"Hard";"64";"Masters";53;3;"Kevin Anderson";"R";203;"RSA";32,2;32;"Evgeny Donskoy";"R";185;"RUS";28,2;"4-6 6-2 7-6(0)";3;"R32";135;14;6;84;45;38;22;15;0;2;2;3;98;59;41;19;15;3;6;6;4355;87;688;4;6;7;NA;NA;6;2;6;NA;NA;2018-08-06;2018;"2018-0421:53";152;1;4,41503749927884;0,557056504151272;3;"Kevin Anderson";32;"Evgeny Donskoy";4,41503749927884;0,557056504151272;3,85798099512757;32,2;28,2;4;203;185;18;0;0,5;0;0,5;-0,5;6;2;3;0;3;2;3;2;1;0;0;1
"777030";"2018-0421";"Canada Masters";"Hard";"64";"Masters";55;126;"Frances Tiafoe";"R";188;"USA";20,5;109;"Milos Raonic";"R";196;"CAN";27,6;"7-6(4) 4-6 6-1";3;"R32";114;6;0;89;60;43;24;15;3;4;20;5;77;47;42;15;14;4;6;41;1065;29;1360;7;4;6;NA;NA;6;6;1;NA;NA;2018-08-06;2018;"2018-0421:55";153;0;1,64244799538192;2,14201900487243;109;"Milos Raonic";126;"Frances Tiafoe";2,14201900487243;1,64244799538192;0,499571009490512;27,6;20,5;7,1;196;188;8;0,75;0,666666666666667;0,666666666666667;0,75;-0,0833333333333334;6;4;4;3;2;1;1;2;-1;0;0;1
"777031";"2018-0421";"Canada Masters";"Hard";"64";"Masters";56;29;"Grigor Dimitrov";"R";188;"BUL";27,2;129;"Fernando Verdasco";"L";188;"ESP";34,7;"4-6 6-2 7-6(5)";3;"R32";154;14;5;110;66;51;23;15;4;5;10;3;100;63;41;24;15;4;6;5;4610;31;1305;4;6;7;NA;NA;6;2;6;NA;NA;2018-08-06;2018;"2018-0421:56";154;1;4,67807190511264;2,04580368961313;29;"Grigor Dimitrov";129;"Fernando Verdasco";4,67807190511264;2,04580368961313;2,63226821549951;27,2;34,7;-7,5;188;188;0;0,8;0,666666666666667;0,8;0,666666666666667;0,133333333333333;6;5;4;4;2;1;2;1;1;0;0;1
"777032";"2018-0421";"Canada Masters";"Hard";"64";"Masters";57;60;"John Isner";"R";206;"USA";33,2;57;"Pierre Hugues Herbert";"R";188;"FRA";27,3;"7-6(3) 6-2";3;"R32";70;25;0;55;44;39;6;10;0;0;4;4;56;29;25;12;10;0;2;9;3490;80;729;7;6;NA;NA;NA;6;2;NA;NA;NA;2018-08-06;2018;"2018-0421:57";155;0;3,83007499855769;0,678071905112637;57;"Pierre Hugues Herbert";60;"John Isner";0,678071905112637;3,83007499855769;-3,15200309344505;27,3;33,2;-5,9;188;206;-18;1,5;0;0;1,5;-1,5;2;0;0;0;2;0;0;2;-2;0;0;1
"777033";"2018-0421";"Canada Masters";"Hard";"64";"Masters";58;67;"Karen Khachanov";"R";198;"RUS";22,2;15;"Pablo Carreno Busta";"R";188;"ESP";27;"6-4 7-6(3)";3;"R32";91;7;0;66;45;33;14;11;3;4;4;2;72;46;32;13;11;0;2;38;1175;13;2290;6;7;NA;NA;NA;4;6;NA;NA;NA;2018-08-06;2018;"2018-0421:58";156;0;1,75207248655641;3,29956028185891;15;"Pablo Carreno Busta";67;"Karen Khachanov";3,29956028185891;1,75207248655641;1,54748779530249;27;22,2;4,8;188;198;-10;0,75;0;0;0,75;-0,75;2;4;0;3;2;1;1;2;-1;0;0;1
"777034";"2018-0421";"Canada Masters";"Hard";"64";"Masters";59;117;"Denis Shapovalov";"L";185;"CAN";19,3;42;"Fabio Fognini";"R";178;"ITA";31,2;"6-3 7-5";3;"R32";79;9;1;60;36;26;15;11;2;4;1;2;58;38;21;10;10;1;5;26;1575;14;2190;6;7;NA;NA;NA;3;5;NA;NA;NA;2018-08-06;2018;"2018-0421:59";157;0;2,29956028185891;3,1926450779424;42;"Fabio Fognini";117;"Denis Shapovalov";3,1926450779424;2,29956028185891;0,893084796083488;31,2;19,3;11,9;178;185;-7;0,5;0,2;0,2;0,5;-0,3;5;4;1;2;4;2;2;4;-2;0;0;1
"777036";"2018-0421";"Canada Masters";"Hard";"64";"Masters";61;19;"Marin Cilic";"R";198;"CRO";29,8;22;"Borna Coric";"R";188;"CRO";21,7;"6-3 3-6 6-1";3;"R32";122;12;4;91;52;45;16;13;7;8;8;4;65;33;26;16;12;0;3;7;3905;20;1745;6;3;6;NA;NA;3;6;1;NA;NA;2018-08-06;2018;"2018-0421:61";158;1;4,1926450779424;2,67807190511264;19;"Marin Cilic";22;"Borna Coric";4,1926450779424;2,67807190511264;1,51457317282976;29,8;21,7;8,1;198;188;10;0,875;0;0,875;0;0,875;3;8;0;7;3;1;3;1;2;0;0;1
"777037";"2018-0421";"Canada Masters";"Hard";"64";"Masters";62;115;"Diego Schwartzman";"R";170;"ARG";25,9;107;"Sam Querrey";"R";198;"USA";30,8;"6-4 3-6 6-1";3;"R32";90;2;5;77;49;40;13;13;3;5;17;4;73;39;31;13;13;4;8;12;2470;32;1270;6;3;6;NA;NA;4;6;1;NA;NA;2018-08-06;2018;"2018-0421:62";159;0;3,41503749927884;2;107;"Sam Querrey";115;"Diego Schwartzman";2;3,41503749927884;-1,41503749927884;30,8;25,9;4,9;198;170;28;0,6;0,5;0,5;0,6;-0,1;8;5;4;3;4;2;2;4;-2;0;0;1
"777038";"2018-0421";"Canada Masters";"Hard";"64";"Masters";63;130;"Stan Wawrinka";"R";183;"SUI";33,3;45;"Marton Fucsovics";"R";188;"HUN";26,4;"1-6 7-6(2) 7-6(10)";3;"R32";163;4;2;108;70;49;20;15;4;8;4;5;111;55;42;31;16;2;4;195;290;51;982;1;7;7;NA;NA;6;6;6;NA;NA;2018-08-06;2018;"2018-0421:63";160;0;-0,60733031374961;1,3275746580285;45;"Marton Fucsovics";130;"Stan Wawrinka";1,3275746580285;-0,60733031374961;1,93490497177812;26,4;33,3;-6,9;188;183;5;0,5;0,5;0,5;0,5;0;4;8;2;4;2;4;4;2;2;0;0;1
"777039";"2018-0421";"Canada Masters";"Hard";"64";"Masters";64;94;"Rafael Nadal";"L";185;"ESP";32,1;100;"Benoit Paire";"R";196;"FRA";29,2;"6-2 6-3";3;"R32";74;0;1;49;33;19;8;9;2;5;4;1;52;17;14;7;8;2;8;1;9310;55;920;6;6;NA;NA;NA;2;3;NA;NA;NA;2018-08-06;2018;"2018-0421:64";161;1;7;1,21864028647534;94;"Rafael Nadal";100;"Benoit Paire";7;1,21864028647534;5,78135971352466;32,1;29,2;2,9;185;196;-11;0,4;0,25;0,4;0,25;0,15;8;5;2;2;6;3;6;3;3;0;0;1
"777040";"2018-0421";"Canada Masters";"Hard";"64";"Masters";65;133;"Alexander Zverev";"R";198;"GER";21,2;86;"Daniil Medvedev";"R";198;"RUS";22,4;"6-3 6-2";3;"R16";52;5;0;40;23;22;14;9;0;0;5;1;46;30;19;7;8;0;3;3;5665;68;822;6;6;NA;NA;NA;3;2;NA;NA;NA;2018-08-06;2018;"2018-0421:65";162;0;5,41503749927884;0,912537158749661;86;"Daniil Medvedev";133;"Alexander Zverev";0,912537158749661;5,41503749927884;-4,50250034052918;22,4;21,2;1,2;198;198;0;1,5;0;0;1,5;-1,5;3;0;0;0;3;0;0;3;-3;0;0;1
"777041";"2018-0421";"Canada Masters";"Hard";"64";"Masters";66;127;"Stefanos Tsitsipas";"R";193;"GRE";19,9;31;"Novak Djokovic";"R";188;"SRB";31,2;"6-3 6-7(5) 6-3";3;"R16";137;11;2;92;55;46;25;16;2;2;11;4;97;56;41;25;14;8;10;27;1534;10;3355;6;6;6;NA;NA;3;7;3;NA;NA;2018-08-06;2018;"2018-0421:66";163;0;2,24511249783653;3,67807190511264;31;"Novak Djokovic";127;"Stefanos Tsitsipas";3,67807190511264;2,24511249783653;1,43295940727611;31,2;19,9;11,3;188;193;-5;1;0,8;0,8;1;-0,2;10;2;8;2;2;0;0;2;-2;0;0;1
"777042";"2018-0421";"Canada Masters";"Hard";"64";"Masters";67;3;"Kevin Anderson";"R";203;"RSA";32,2;61;"Ilya Ivashka";"R";193;"BLR";24,4;"7-5 6-3";3;"R16";89;15;5;65;42;36;11;11;4;5;6;3;63;28;22;17;10;8;11;6;4355;125;459;7;6;NA;NA;NA;5;3;NA;NA;NA;2018-08-06;2018;"2018-0421:67";164;1;4,41503749927884;0,034215715337913;3;"Kevin Anderson";61;"Ilya Ivashka";4,41503749927884;0,034215715337913;4,38082178394093;32,2;24,4;7,8;203;193;10;0,8;0,727272727272727;0,8;0,727272727272727;0,0727272727272728;11;5;8;4;3;1;3;1;2;0;0;1
"777043";"2018-0421";"Canada Masters";"Hard";"64";"Masters";68;29;"Grigor Dimitrov";"R";188;"BUL";27,2;126;"Frances Tiafoe";"R";188;"USA";20,5;"7-6(1) 3-6 7-6(4)";3;"R16";146;10;5;103;66;51;17;16;4;7;10;6;110;70;51;21;17;5;7;5;4610;41;1065;7;3;7;NA;NA;6;6;6;NA;NA;2018-08-06;2018;"2018-0421:68";165;1;4,67807190511264;1,64244799538192;29;"Grigor Dimitrov";126;"Frances Tiafoe";4,67807190511264;1,64244799538192;3,03562390973072;27,2;20,5;6,7;188;188;0;0,571428571428571;0,714285714285714;0,571428571428571;0,714285714285714;-0,142857142857143;7;7;5;4;2;3;2;3;-1;0;0;1
"777044";"2018-0421";"Canada Masters";"Hard";"64";"Masters";69;67;"Karen Khachanov";"R";198;"RUS";22,2;60;"John Isner";"R";206;"USA";33,2;"7-6(5) 7-6(1)";3;"R16";89;15;5;69;45;42;16;12;1;1;19;4;80;53;43;14;12;4;4;38;1175;9;3490;7;7;NA;NA;NA;6;6;NA;NA;NA;2018-08-06;2018;"2018-0421:69";166;0;1,75207248655641;3,83007499855769;60;"John Isner";67;"Karen Khachanov";3,83007499855769;1,75207248655641;2,07800251200127;33,2;22,2;11;206;198;8;1;1;1;1;0;4;1;4;1;0;0;0;0;0;0;0;1
"777045";"2018-0421";"Canada Masters";"Hard";"64";"Masters";70;55;"Robin Haase";"R";190;"NED";31,3;117;"Denis Shapovalov";"L";185;"CAN";19,3;"7-5 6-2";3;"R16";75;2;3;61;35;25;17;10;5;6;7;6;58;30;24;10;10;4;8;39;1110;26;1575;7;6;NA;NA;NA;5;2;NA;NA;NA;2018-08-06;2018;"2018-0421:70";167;1;1,71459778113775;2,29956028185891;55;"Robin Haase";117;"Denis Shapovalov";1,71459778113775;2,29956028185891;-0,584962500721157;31,3;19,3;12;190;185;5;0,833333333333333;0,5;0,833333333333333;0,5;0,333333333333333;8;6;4;5;4;1;4;1;3;0;0;1
"777046";"2018-0421";"Canada Masters";"Hard";"64";"Masters";71;19;"Marin Cilic";"R";198;"CRO";29,8;115;"Diego Schwartzman";"R";170;"ARG";25,9;"6-3 6-2";3;"R16";71;5;1;49;29;24;9;9;0;2;1;1;51;33;17;8;8;4;9;7;3905;12;2470;6;6;NA;NA;NA;3;2;NA;NA;NA;2018-08-06;2018;"2018-0421:71";168;1;4,1926450779424;3,41503749927884;19;"Marin Cilic";115;"Diego Schwartzman";4,1926450779424;3,41503749927884;0,777607578663552;29,8;25,9;3,9;198;170;28;0;0,444444444444444;0;0,444444444444444;-0,444444444444444;9;2;4;0;5;2;5;2;3;0;0;1
"777047";"2018-0421";"Canada Masters";"Hard";"64";"Masters";72;94;"Rafael Nadal";"L";185;"ESP";32,1;130;"Stan Wawrinka";"R";183;"SUI";33,3;"7-5 7-6(4)";3;"R16";128;2;0;71;44;33;17;12;3;5;6;2;91;49;35;20;12;4;7;1;9310;195;290;7;7;NA;NA;NA;5;6;NA;NA;NA;2018-08-06;2018;"2018-0421:72";169;1;7;-0,60733031374961;94;"Rafael Nadal";130;"Stan Wawrinka";7;-0,60733031374961;7,60733031374961;32,1;33,3;-1,2;185;183;2;0,6;0,571428571428571;0,6;0,571428571428571;0,0285714285714286;7;5;4;3;3;2;3;2;1;0;0;1
"777048";"2018-0421";"Canada Masters";"Hard";"64";"Masters";73;127;"Stefanos Tsitsipas";"R";193;"GRE";19,9;133;"Alexander Zverev";"R";198;"GER";21,2;"3-6 7-6(11) 6-4";3;"QF";147;5;6;120;57;35;33;16;9;14;5;6;85;60;43;9;15;0;4;27;1534;3;5665;3;7;6;NA;NA;6;6;4;NA;NA;2018-08-06;2018;"2018-0421:73";170;1;2,24511249783653;5,41503749927884;127;"Stefanos Tsitsipas";133;"Alexander Zverev";2,24511249783653;5,41503749927884;-3,16992500144231;19,9;21,2;-1,3;193;198;-5;0,642857142857143;0;0,642857142857143;0;0,642857142857143;4;14;0;9;4;5;4;5;-1;0;0;1
"777049";"2018-0421";"Canada Masters";"Hard";"64";"Masters";74;3;"Kevin Anderson";"R";203;"RSA";32,2;29;"Grigor Dimitrov";"R";188;"BUL";27,2;"6-2 6-2";3;"QF";66;12;0;45;27;22;11;8;0;0;3;3;46;23;13;11;8;3;7;6;4355;5;4610;6;6;NA;NA;NA;2;2;NA;NA;NA;2018-08-06;2018;"2018-0421:74";171;1;4,41503749927884;4,67807190511264;3;"Kevin Anderson";29;"Grigor Dimitrov";4,41503749927884;4,67807190511264;-0,263034405833794;32,2;27,2;5;203;188;15;1,5;0,428571428571429;1,5;0,428571428571429;1,07142857142857;7;0;3;0;4;0;4;0;4;0;0;1
"777050";"2018-0421";"Canada Masters";"Hard";"64";"Masters";75;67;"Karen Khachanov";"R";198;"RUS";22,2;55;"Robin Haase";"R";190;"NED";31,3;"6-3 6-1";3;"QF";55;11;3;42;23;21;12;8;0;0;1;3;48;22;15;9;8;2;6;38;1175;39;1110;6;6;NA;NA;NA;3;1;NA;NA;NA;2018-08-06;2018;"2018-0421:75";172;0;1,75207248655641;1,71459778113775;55;"Robin Haase";67;"Karen Khachanov";1,71459778113775;1,75207248655641;-0,0374747054186635;31,3;22,2;9,1;190;198;-8;1,5;0,333333333333333;0,333333333333333;1,5;-1,16666666666667;6;0;2;0;4;0;0;4;-4;0;0;1
"777051";"2018-0421";"Canada Masters";"Hard";"64";"Masters";76;94;"Rafael Nadal";"L";185;"ESP";32,1;19;"Marin Cilic";"R";198;"CRO";29,8;"2-6 6-4 6-4";3;"QF";139;4;4;96;57;41;18;14;11;14;5;1;79;55;39;13;14;3;6;1;9310;7;3905;2;6;6;NA;NA;6;4;4;NA;NA;2018-08-06;2018;"2018-0421:76";173;0;7;4,1926450779424;19;"Marin Cilic";94;"Rafael Nadal";4,1926450779424;7;-2,8073549220576;29,8;32,1;-2,3;198;185;13;0,785714285714286;0,5;0,5;0,785714285714286;-0,285714285714286;6;14;3;11;3;3;3;3;0;0;0;1
"777052";"2018-0421";"Canada Masters";"Hard";"64";"Masters";77;127;"Stefanos Tsitsipas";"R";193;"GRE";19,9;3;"Kevin Anderson";"R";203;"RSA";32,2;"6-7(4) 6-4 7-6(7)";3;"SF";168;7;2;123;73;54;32;17;4;4;10;3;102;59;49;28;17;2;3;27;1534;6;4355;6;6;7;NA;NA;7;4;6;NA;NA;2018-08-06;2018;"2018-0421:77";174;0;2,24511249783653;4,41503749927884;3;"Kevin Anderson";127;"Stefanos Tsitsipas";4,41503749927884;2,24511249783653;2,16992500144231;32,2;19,9;12,3;203;193;10;1;0,666666666666667;0,666666666666667;1;-0,333333333333333;3;4;2;4;1;0;0;1;-1;0;0;1
"777053";"2018-0421";"Canada Masters";"Hard";"64";"Masters";78;94;"Rafael Nadal";"L";185;"ESP";32,1;67;"Karen Khachanov";"R";198;"RUS";22,2;"7-6(3) 6-4";3;"SF";109;2;1;69;45;32;14;11;0;1;6;3;74;50;33;12;11;5;7;1;9310;38;1175;7;6;NA;NA;NA;6;4;NA;NA;NA;2018-08-06;2018;"2018-0421:78";175;0;7;1,75207248655641;67;"Karen Khachanov";94;"Rafael Nadal";1,75207248655641;7;-5,24792751344359;22,2;32,1;-9,9;198;185;13;0;0,714285714285714;0,714285714285714;0;0,714285714285714;7;1;5;0;2;1;1;2;-1;0;0;1
"777054";"2018-0421";"Canada Masters";"Hard";"64";"Masters";79;94;"Rafael Nadal";"L";185;"ESP";32,1;127;"Stefanos Tsitsipas";"R";193;"GRE";19,9;"6-2 7-6(4)";3;"F";101;4;2;57;32;30;15;10;2;3;3;0;62;35;25;14;10;3;6;1;9310;27;1534;6;7;NA;NA;NA;2;6;NA;NA;NA;2018-08-06;2018;"2018-0421:79";176;1;7;2,24511249783653;94;"Rafael Nadal";127;"Stefanos Tsitsipas";7;2,24511249783653;4,75488750216347;32,1;19,9;12,2;185;193;-8;0,666666666666667;0,5;0,666666666666667;0,5;0,166666666666667;6;3;3;2;3;1;3;1;2;0;0;1
"777688";"2018-M024";"Cincinnati Masters";"Hard";"64";"Masters";4;20;"Marius Copil";"R";193;"ROU";27,8;98;"Cameron Norrie";"L";188;"GBR";22,9;"6-4 3-6 6-3";3;"Q1";93;9;2;74;43;37;17;14;0;1;6;1;72;45;36;17;14;1;3;92;642;67;824;6;3;6;NA;NA;4;6;3;NA;NA;2018-08-13;2018;"2018-M024:4";177;1;0,476438043942987;0,933910809542228;20;"Marius Copil";98;"Cameron Norrie";0,476438043942987;0,933910809542228;-0,457472765599241;27,8;22,9;4,9;193;188;5;0;0,333333333333333;0;0,333333333333333;-0,333333333333333;3;1;1;0;2;1;2;1;1;0;0;1
"777690";"2018-M024";"Cincinnati Masters";"Hard";"64";"Masters";6;80;"Dusan Lajovic";"R";180;"SRB";28,1;74;"Mitchell Krueger";"R";188;"USA";24,5;"7-6(3) 6-4";3;"Q1";94;6;2;80;56;40;13;11;5;6;5;3;69;46;34;10;11;5;7;64;850;208;270;7;6;NA;NA;NA;6;4;NA;NA;NA;2018-08-13;2018;"2018-M024:6";178;0;1;-0,700439718141092;74;"Mitchell Krueger";80;"Dusan Lajovic";-0,700439718141092;1;-1,70043971814109;24,5;28,1;-3,6;188;180;8;0,833333333333333;0,714285714285714;0,714285714285714;0,833333333333333;-0,119047619047619;7;6;5;5;2;1;1;2;-1;0;0;1
"777692";"2018-M024";"Cincinnati Masters";"Hard";"64";"Masters";8;68;"Bradley Klahn";"L";190;"USA";27,9;114;"Tennys Sandgren";"R";188;"USA";27;"6-4 7-6(1)";3;"Q1";81;5;2;70;42;31;23;11;1;1;4;3;67;40;25;18;11;1;2;102;554;62;874;6;7;NA;NA;NA;4;6;NA;NA;NA;2018-08-13;2018;"2018-M024:8";179;1;0,327574658028505;1,04580368961313;68;"Bradley Klahn";114;"Tennys Sandgren";0,327574658028505;1,04580368961313;-0,71822903158462;27,9;27;0,899999999999999;190;188;2;1;0,5;1;0,5;0,5;2;1;1;1;1;0;1;0;1;0;0;1
"777693";"2018-M024";"Cincinnati Masters";"Hard";"64";"Masters";9;75;"Denis Kudla";"R";180;"USA";25,9;32;"Evgeny Donskoy";"R";185;"RUS";28,2;"6-2 6-4";3;"Q1";63;8;3;47;27;27;9;9;0;0;2;2;52;19;13;17;9;3;6;77;758;84;718;6;6;NA;NA;NA;2;4;NA;NA;NA;2018-08-13;2018;"2018-M024:9";180;0;0,733213459305099;0,607682577221239;32;"Evgeny Donskoy";75;"Denis Kudla";0,607682577221239;0,733213459305099;-0,12553088208386;28,2;25,9;2,3;185;180;5;1,5;0,5;0,5;1,5;-1;6;0;3;0;3;0;0;3;-3;0;0;1
"777694";"2018-M024";"Cincinnati Masters";"Hard";"64";"Masters";10;62;"Malek Jaziri";"R";185;"TUN";34,5;43;"Bjorn Fratangelo";"R";183;"USA";25;"6-7(2) 6-3 7-6(2)";3;"Q1";160;4;6;120;56;31;38;17;8;13;7;2;99;57;38;19;16;1;7;60;884;176;325;6;6;7;NA;NA;7;3;6;NA;NA;2018-08-13;2018;"2018-M024:10";181;0;1,09310940439148;-0,459431618637297;43;"Bjorn Fratangelo";62;"Malek Jaziri";-0,459431618637297;1,09310940439148;-1,55254102302878;25;34,5;-9,5;183;185;-2;0,615384615384615;0,142857142857143;0,142857142857143;0,615384615384615;-0,472527472527473;7;13;1;8;6;5;5;6;-1;0;0;1
"777695";"2018-M024";"Cincinnati Masters";"Hard";"64";"Masters";11;65;"Ivo Karlovic";"R";208;"CRO";39,4;24;"Taro Daniel";"R";191;"JPN";25,5;"7-6(5) 6-3";3;"Q1";72;12;1;62;43;35;12;11;2;3;3;2;54;36;28;10;10;3;5;113;490;78;752;7;6;NA;NA;NA;6;3;NA;NA;NA;2018-08-13;2018;"2018-M024:11";182;0;0,179821037584812;0,714597781137751;24;"Taro Daniel";65;"Ivo Karlovic";0,714597781137751;0,179821037584812;0,534776743552939;25,5;39,4;-13,9;191;208;-17;0,666666666666667;0,6;0,6;0,666666666666667;-0,0666666666666667;5;3;3;2;2;1;1;2;-1;0;0;1
"777699";"2018-M024";"Cincinnati Masters";"Hard";"64";"Masters";15;86;"Daniil Medvedev";"R";198;"RUS";22,5;97;"Yoshihito Nishioka";"L";170;"JPN";22,8;"4-6 7-6(1) 6-2";3;"Q2";138;11;3;98;54;40;22;15;5;9;0;2;107;73;43;16;15;7;12;56;927;184;307;4;7;6;NA;NA;6;6;2;NA;NA;2018-08-13;2018;"2018-M024:15";183;1;1,1926450779424;-0,523561956057013;86;"Daniil Medvedev";97;"Yoshihito Nishioka";1,1926450779424;-0,523561956057013;1,71620703399941;22,5;22,8;-0,300000000000001;198;170;28;0,555555555555556;0,583333333333333;0,555555555555556;0,583333333333333;-0,0277777777777778;12;9;7;5;5;4;5;4;1;0;0;1
"777700";"2018-M024";"Cincinnati Masters";"Hard";"64";"Masters";16;20;"Marius Copil";"R";193;"ROU";27,8;131;"J J Wolf";"R";183;"USA";19,6;"6-4 7-6(2)";3;"Q2";80;13;3;69;35;32;20;11;2;2;5;4;62;28;24;19;11;0;1;92;642;587;48;6;7;NA;NA;NA;4;6;NA;NA;NA;2018-08-13;2018;"2018-M024:16";184;1;0,476438043942987;-2,19721669311005;20;"Marius Copil";131;"J J Wolf";0,476438043942987;-2,19721669311005;2,67365473705304;27,8;19,6;8,2;193;183;10;1;0;1;0;1;1;2;0;2;1;0;1;0;1;0;0;1
"777703";"2018-M024";"Cincinnati Masters";"Hard";"64";"Masters";19;75;"Denis Kudla";"R";180;"USA";25,9;62;"Malek Jaziri";"R";185;"TUN";34,5;"6-3 6-1";3;"Q2";57;10;1;42;24;20;14;8;1;1;4;4;50;25;16;11;8;2;6;77;758;60;884;6;6;NA;NA;NA;3;1;NA;NA;NA;2018-08-13;2018;"2018-M024:19";185;0;0,733213459305099;1,09310940439148;62;"Malek Jaziri";75;"Denis Kudla";1,09310940439148;0,733213459305099;0,359895945086382;34,5;25,9;8,6;185;180;5;1;0,333333333333333;0,333333333333333;1;-0,666666666666667;6;1;2;1;4;0;0;4;-4;0;0;1
"777704";"2018-M024";"Cincinnati Masters";"Hard";"64";"Masters";20;59;"Hubert Hurkacz";"R";196;"POL";21,5;65;"Ivo Karlovic";"R";208;"CRO";39,4;"7-6(3) 7-6(4)";3;"Q2";92;3;6;77;48;37;20;12;2;3;12;0;75;45;35;19;12;2;3;114;488;113;490;7;7;NA;NA;NA;6;6;NA;NA;NA;2018-08-13;2018;"2018-M024:20";186;1;0,167109985835259;0,179821037584812;59;"Hubert Hurkacz";65;"Ivo Karlovic";0,167109985835259;0,179821037584812;-0,0127110517495534;21,5;39,4;-17,9;196;208;-12;0,666666666666667;0,666666666666667;0,666666666666667;0,666666666666667;0;3;3;2;2;1;1;1;1;0;0;0;1
"777709";"2018-M024";"Cincinnati Masters";"Hard";"64";"Masters";25;52;"Peter Gojowczyk";"R";185;"GER";29;122;"Joao Sousa";"R";185;"POR";29,3;"2-6 6-4 7-5";3;"R64";110;14;3;82;37;31;30;15;2;4;6;2;91;65;45;16;15;1;3;47;1013;61;876;2;6;7;NA;NA;6;4;5;NA;NA;2018-08-13;2018;"2018-M024:25";187;1;1,44541114832236;1,06926266243711;52;"Peter Gojowczyk";122;"Joao Sousa";1,44541114832236;1,06926266243711;0,376148485885249;29;29,3;-0,300000000000001;185;185;0;0,5;0,333333333333333;0,5;0,333333333333333;0,166666666666667;3;4;1;2;2;2;2;2;0;0;0;1
"777711";"2018-M024";"Cincinnati Masters";"Hard";"64";"Masters";27;106;"Lucas Pouille";"R";185;"FRA";24,4;92;"Andy Murray";"R";190;"GBR";31,2;"6-1 1-6 6-4";3;"R64";113;6;5;83;48;34;16;12;6;9;7;8;85;51;38;11;12;7;11;17;1870;375;110;6;1;6;NA;NA;1;6;4;NA;NA;2018-08-13;2018;"2018-M024:27";188;0;2,91253715874966;-1,55074678538324;92;"Andy Murray";106;"Lucas Pouille";-1,55074678538324;2,91253715874966;-4,4632839441329;31,2;24,4;6,8;190;185;5;0,666666666666667;0,636363636363636;0,636363636363636;0,666666666666667;-0,0303030303030303;11;9;7;6;4;3;3;4;-1;0;0;1
"777712";"2018-M024";"Cincinnati Masters";"Hard";"64";"Masters";28;130;"Stan Wawrinka";"R";183;"SUI";33,3;115;"Diego Schwartzman";"R";170;"ARG";25,9;"6-2 4-6 6-3";3;"R64";115;6;3;78;47;37;14;13;3;5;3;6;97;68;42;12;14;6;11;151;380;12;2380;6;4;6;NA;NA;2;6;3;NA;NA;2018-08-13;2018;"2018-M024:28";189;0;-0,238404739325079;3,41503749927884;115;"Diego Schwartzman";130;"Stan Wawrinka";3,41503749927884;-0,238404739325079;3,65344223860392;25,9;33,3;-7,4;170;183;-13;0,6;0,545454545454545;0,545454545454545;0,6;-0,0545454545454546;11;5;6;3;5;2;2;5;-3;0;0;1
"777713";"2018-M024";"Cincinnati Masters";"Hard";"64";"Masters";29;96;"Kei Nishikori";"R";178;"JPN";28,6;110;"Andrey Rublev";"R";188;"RUS";20,8;"7-5 6-3";3;"R64";92;3;5;76;41;30;19;11;4;6;4;4;54;28;19;9;10;2;6;23;1710;37;1180;7;6;NA;NA;NA;5;3;NA;NA;NA;2018-08-13;2018;"2018-M024:29";190;1;2,47643804394299;1,79054663437105;96;"Kei Nishikori";110;"Andrey Rublev";2,47643804394299;1,79054663437105;0,685891409571937;28,6;20,8;7,8;178;188;-10;0,666666666666667;0,333333333333333;0,666666666666667;0,333333333333333;0,333333333333333;6;6;2;4;4;2;4;2;2;0;0;1
"777714";"2018-M024";"Cincinnati Masters";"Hard";"64";"Masters";30;45;"Marton Fucsovics";"R";188;"HUN";26,5;59;"Hubert Hurkacz";"R";196;"POL";21,5;"4-6 6-3 7-6(6)";3;"R64";152;1;3;91;51;35;27;15;3;5;10;3;106;58;44;25;16;3;6;48;1007;114;488;4;6;7;NA;NA;6;3;6;NA;NA;2018-08-13;2018;"2018-M024:30";191;1;1,41503749927884;0,167109985835259;45;"Marton Fucsovics";59;"Hubert Hurkacz";1,41503749927884;0,167109985835259;1,24792751344359;26,5;21,5;5;188;196;-8;0,6;0,5;0,6;0,5;0,1;6;5;3;3;3;2;3;2;1;0;0;1
"777716";"2018-M024";"Cincinnati Masters";"Hard";"64";"Masters";32;22;"Borna Coric";"R";188;"CRO";21,7;86;"Daniil Medvedev";"R";198;"RUS";22,5;"6-2 6-3";3;"R64";70;4;0;48;33;28;12;9;2;2;4;2;50;23;17;11;8;2;5;21;1745;56;927;6;6;NA;NA;NA;2;3;NA;NA;NA;2018-08-13;2018;"2018-M024:32";192;1;2,60768257722124;1,1926450779424;22;"Borna Coric";86;"Daniil Medvedev";2,60768257722124;1,1926450779424;1,41503749927884;21,7;22,5;-0,800000000000001;188;198;-10;1;0,4;1;0,4;0,6;5;2;2;2;3;0;3;0;3;0;0;1
"777717";"2018-M024";"Cincinnati Masters";"Hard";"64";"Masters";33;78;"Nick Kyrgios";"R";193;"AUS";23,2;75;"Denis Kudla";"R";180;"USA";25,9;"6-7(2) 7-5 7-6(9)";3;"R64";118;39;10;116;66;58;27;18;2;2;20;4;103;62;53;29;18;2;3;18;1855;77;758;6;7;7;NA;NA;7;5;6;NA;NA;2018-08-13;2018;"2018-M024:33";193;0;2,83007499855769;0,733213459305099;75;"Denis Kudla";78;"Nick Kyrgios";0,733213459305099;2,83007499855769;-2,09686153925259;25,9;23,2;2,7;180;193;-13;1;0,666666666666667;0,666666666666667;1;-0,333333333333333;3;2;2;2;1;0;0;1;-1;0;0;1
"777718";"2018-M024";"Cincinnati Masters";"Hard";"64";"Masters";34;51;"David Goffin";"R";180;"BEL";27,6;127;"Stefanos Tsitsipas";"R";193;"GRE";20;"7-5 6-3";3;"R64";86;6;0;63;37;27;16;10;7;8;5;5;62;36;25;12;11;1;5;11;3085;15;2089;7;6;NA;NA;NA;5;3;NA;NA;NA;2018-08-13;2018;"2018-M024:34";194;1;3,5405683813627;3,09310940439148;51;"David Goffin";127;"Stefanos Tsitsipas";3,5405683813627;3,09310940439148;0,447458976971221;27,6;20;7,6;180;193;-13;0,875;0,2;0,875;0,2;0,675;5;8;1;7;4;1;4;1;3;0;0;1
"777720";"2018-M024";"Cincinnati Masters";"Hard";"64";"Masters";36;18;"Jeremy Chardy";"R";188;"FRA";31,4;129;"Fernando Verdasco";"L";188;"ESP";34,7;"6-1 6-2";3;"R64";53;7;1;44;30;24;10;8;1;1;3;5;44;21;13;9;7;5;9;46;1015;30;1330;6;6;NA;NA;NA;1;2;NA;NA;NA;2018-08-13;2018;"2018-M024:36";195;1;1,47643804394299;2,09310940439148;18;"Jeremy Chardy";129;"Fernando Verdasco";1,47643804394299;2,09310940439148;-0,616671360448494;31,4;34,7;-3,3;188;188;0;1;0,555555555555556;1;0,555555555555556;0,444444444444444;9;1;5;1;4;0;4;0;4;0;0;1
"777721";"2018-M024";"Cincinnati Masters";"Hard";"64";"Masters";37;20;"Marius Copil";"R";193;"ROU";27,8;70;"Philipp Kohlschreiber";"R";178;"GER";34,8;"6-4 6-2";3;"R64";70;13;0;46;36;31;6;9;0;0;3;3;54;31;22;11;9;4;7;92;642;35;1225;6;6;NA;NA;NA;4;2;NA;NA;NA;2018-08-13;2018;"2018-M024:37";196;1;0,476438043942987;1,87071698305503;20;"Marius Copil";70;"Philipp Kohlschreiber";0,476438043942987;1,87071698305503;-1,39427893911205;27,8;34,8;-7;193;178;15;1,5;0,571428571428571;1,5;0,571428571428571;0,928571428571429;7;0;4;0;3;0;3;0;3;0;0;1
"777722";"2018-M024";"Cincinnati Masters";"Hard";"64";"Masters";38;67;"Karen Khachanov";"R";198;"RUS";22,2;108;"Albert Ramos";"L";188;"ESP";30,5;"2-6 6-3 6-2";3;"R64";116;10;4;80;43;33;21;13;3;5;4;3;84;45;31;20;12;6;9;27;1525;41;1065;2;6;6;NA;NA;6;3;2;NA;NA;2018-08-13;2018;"2018-M024:38";197;1;2,24511249783653;1,64244799538192;67;"Karen Khachanov";108;"Albert Ramos";2,24511249783653;1,64244799538192;0,602664502454616;22,2;30,5;-8,3;198;188;10;0,6;0,666666666666667;0,6;0,666666666666667;-0,0666666666666667;9;5;6;3;3;2;3;2;1;0;0;1
"777723";"2018-M024";"Cincinnati Masters";"Hard";"64";"Masters";39;107;"Sam Querrey";"R";198;"USA";30,8;60;"John Isner";"R";206;"USA";33,2;"6-4 6-7(5) 7-6(5)";3;"R64";127;26;3;114;69;60;23;17;2;3;38;2;99;68;56;22;17;2;4;34;1225;9;3570;6;6;7;NA;NA;4;7;6;NA;NA;2018-08-13;2018;"2018-M024:39";198;0;1,91253715874966;3,83007499855769;60;"John Isner";107;"Sam Querrey";3,83007499855769;1,91253715874966;1,91753783980803;33,2;30,8;2,4;206;198;8;0,666666666666667;0,5;0,5;0,666666666666667;-0,166666666666667;4;3;2;2;2;1;1;2;-1;0;0;1
"777724";"2018-M024";"Cincinnati Masters";"Hard";"64";"Masters";40;15;"Pablo Carreno Busta";"R";188;"ESP";27;48;"Richard Gasquet";"R";185;"FRA";32,1;"6-3 2-6 6-3";3;"R64";129;4;3;84;52;35;15;13;8;12;7;6;94;53;36;17;13;6;11;13;2290;26;1570;6;2;6;NA;NA;3;6;3;NA;NA;2018-08-13;2018;"2018-M024:40";199;1;3,29956028185891;2,29956028185891;15;"Pablo Carreno Busta";48;"Richard Gasquet";3,29956028185891;2,29956028185891;1;27;32,1;-5,1;188;185;3;0,666666666666667;0,545454545454545;0,666666666666667;0,545454545454545;0,121212121212121;11;12;6;8;5;4;5;4;1;0;0;1
"777726";"2018-M024";"Cincinnati Masters";"Hard";"64";"Masters";42;55;"Robin Haase";"R";190;"NED";31,3;73;"Filip Krajinovic";"R";185;"SRB";26,4;"4-6 6-2 6-3";3;"R64";117;11;6;87;51;37;14;14;4;8;8;1;88;50;29;19;13;6;12;55;930;31;1312;4;6;6;NA;NA;6;2;3;NA;NA;2018-08-13;2018;"2018-M024:42";200;1;1,21864028647534;2,04580368961313;55;"Robin Haase";73;"Filip Krajinovic";1,21864028647534;2,04580368961313;-0,827163403137785;31,3;26,4;4,9;190;185;5;0,5;0,5;0,5;0,5;0;12;8;6;4;6;4;6;4;2;0;0;1
"777727";"2018-M024";"Cincinnati Masters";"Hard";"64";"Masters";43;134;"Mischa Zverev";"L";190;"GER";30,9;34;"Damir Dzumhur";"R";172;"BIH";26,2;"6-3 6-4";3;"R64";68;4;5;57;29;24;14;10;0;1;0;2;57;39;25;9;9;6;9;44;1030;24;1630;6;6;NA;NA;NA;3;4;NA;NA;NA;2018-08-13;2018;"2018-M024:43";201;0;1,5405683813627;2,41503749927884;34;"Damir Dzumhur";134;"Mischa Zverev";2,41503749927884;1,5405683813627;0,874469117916141;26,2;30,9;-4,7;172;190;-18;0;0,666666666666667;0,666666666666667;0;0,666666666666667;9;1;6;0;3;1;1;3;-2;0;0;1
"777728";"2018-M024";"Cincinnati Masters";"Hard";"64";"Masters";44;82;"Adrian Mannarino";"L";183;"FRA";30,1;17;"Marco Cecchinato";"R";185;"ITA";25,8;"6-7(7) 6-2 7-6(7)";3;"R64";142;7;1;108;64;52;27;16;6;6;8;4;98;72;59;14;16;1;3;28;1410;22;1730;6;6;7;NA;NA;7;2;6;NA;NA;2018-08-13;2018;"2018-M024:44";202;0;2,1926450779424;2,5405683813627;17;"Marco Cecchinato";82;"Adrian Mannarino";2,5405683813627;2,1926450779424;0,347923303420306;25,8;30,1;-4,3;185;183;2;1;0,333333333333333;0,333333333333333;1;-0,666666666666667;3;6;1;6;2;0;0;2;-2;0;0;1
"777729";"2018-M024";"Cincinnati Masters";"Hard";"64";"Masters";45;31;"Novak Djokovic";"R";188;"SRB";31,2;63;"Steve Johnson";"R";188;"USA";28,6;"6-4 7-6(4)";3;"R64";122;7;4;72;46;35;11;11;2;4;4;5;93;51;30;20;11;9;12;10;3445;33;1235;6;7;NA;NA;NA;4;6;NA;NA;NA;2018-08-13;2018;"2018-M024:45";203;1;3,67807190511264;1,95560588064155;31;"Novak Djokovic";63;"Steve Johnson";3,67807190511264;1,95560588064155;1,72246602447109;31,2;28,6;2,6;188;188;0;0,5;0,75;0,5;0,75;-0,25;12;4;9;2;3;2;3;2;1;0;0;1
"777730";"2018-M024";"Cincinnati Masters";"Hard";"64";"Masters";46;36;"Kyle Edmund";"R";188;"GBR";23,5;85;"Mackenzie Mcdonald";"R";178;"USA";23,3;"6-3 6-2";3;"R64";64;10;2;44;24;23;12;9;1;2;3;3;59;36;22;8;8;3;7;16;1950;81;735;6;6;NA;NA;NA;3;2;NA;NA;NA;2018-08-13;2018;"2018-M024:46";204;1;3;0,660149997115376;36;"Kyle Edmund";85;"Mackenzie Mcdonald";3;0,660149997115376;2,33985000288462;23,5;23,3;0,199999999999999;188;178;10;0,5;0,428571428571429;0,5;0,428571428571429;0,0714285714285715;7;2;3;1;4;1;4;1;3;0;0;1
"777731";"2018-M024";"Cincinnati Masters";"Hard";"64";"Masters";47;117;"Denis Shapovalov";"L";185;"CAN";19,3;126;"Frances Tiafoe";"R";188;"USA";20,5;"7-6(6) 3-6 7-5";3;"R64";139;10;13;102;54;44;23;16;5;9;5;1;99;55;36;28;17;5;9;32;1305;38;1145;7;3;7;NA;NA;6;6;5;NA;NA;2018-08-13;2018;"2018-M024:47";205;1;2;1,75207248655641;117;"Denis Shapovalov";126;"Frances Tiafoe";2;1,75207248655641;0,247927513443585;19,3;20,5;-1,2;185;188;-3;0,555555555555556;0,555555555555556;0,555555555555556;0,555555555555556;0;9;9;5;5;4;4;4;4;0;0;0;1
"777732";"2018-M024";"Cincinnati Masters";"Hard";"64";"Masters";48;109;"Milos Raonic";"R";196;"CAN";27,6;80;"Dusan Lajovic";"R";180;"SRB";28,1;"6-3 6-3";3;"R64";57;13;1;39;19;18;18;9;0;0;1;2;51;35;19;11;9;2;5;29;1395;64;850;6;6;NA;NA;NA;3;3;NA;NA;NA;2018-08-13;2018;"2018-M024:48";206;0;2,14201900487243;1;80;"Dusan Lajovic";109;"Milos Raonic";1;2,14201900487243;-1,14201900487243;28,1;27,6;0,5;180;196;-16;1,5;0,4;0,4;1,5;-1,1;5;0;2;0;3;0;0;3;-3;0;0;1
"777733";"2018-M024";"Cincinnati Masters";"Hard";"64";"Masters";49;41;"Roger Federer";"R";185;"SUI";37;52;"Peter Gojowczyk";"R";185;"GER";29;"6-4 6-4";3;"R32";72;12;4;61;39;31;15;10;5;5;11;3;64;35;29;11;10;2;4;2;6480;47;1013;6;6;NA;NA;NA;4;4;NA;NA;NA;2018-08-13;2018;"2018-M024:49";207;1;6;1,44541114832236;41;"Roger Federer";52;"Peter Gojowczyk";6;1,44541114832236;4,55458885167764;37;29;8;185;185;0;1;0,5;1;0,5;0,5;4;5;2;5;2;0;2;0;2;0;0;1
"777735";"2018-M024";"Cincinnati Masters";"Hard";"64";"Masters";51;130;"Stan Wawrinka";"R";183;"SUI";33,3;96;"Kei Nishikori";"R";178;"JPN";28,6;"6-4 6-4";3;"R32";89;8;2;52;31;25;13;10;0;1;1;2;67;42;27;12;10;7;10;151;380;23;1710;6;6;NA;NA;NA;4;4;NA;NA;NA;2018-08-13;2018;"2018-M024:51";208;0;-0,238404739325079;2,47643804394299;96;"Kei Nishikori";130;"Stan Wawrinka";2,47643804394299;-0,238404739325079;2,71484278326807;28,6;33,3;-4,7;178;183;-5;0;0,7;0,7;0;0,7;10;1;7;0;3;1;1;3;-2;0;0;1
"777738";"2018-M024";"Cincinnati Masters";"Hard";"64";"Masters";54;78;"Nick Kyrgios";"R";193;"AUS";23,2;22;"Borna Coric";"R";188;"CRO";21,7;"7-6(1) 0-6 6-3";3;"R32";107;16;2;90;58;41;17;14;6;9;10;3;82;48;39;16;13;2;3;18;1855;21;1745;7;0;6;NA;NA;6;6;3;NA;NA;2018-08-13;2018;"2018-M024:54";209;0;2,83007499855769;2,60768257722124;22;"Borna Coric";78;"Nick Kyrgios";2,60768257722124;2,83007499855769;-0,222392421336449;21,7;23,2;-1,5;188;193;-5;0,666666666666667;0,666666666666667;0,666666666666667;0,666666666666667;0;3;9;2;6;1;3;3;1;2;0;0;1
"777739";"2018-M024";"Cincinnati Masters";"Hard";"64";"Masters";55;51;"David Goffin";"R";180;"BEL";27,6;100;"Benoit Paire";"R";196;"FRA";29,2;"5-7 6-4 6-2";3;"R32";140;4;4;104;72;47;18;15;9;12;17;6;114;59;42;22;15;10;15;11;3085;57;920;5;6;6;NA;NA;7;4;2;NA;NA;2018-08-13;2018;"2018-M024:55";210;1;3,5405683813627;1,16710998583526;51;"David Goffin";100;"Benoit Paire";3,5405683813627;1,16710998583526;2,37345839552744;27,6;29,2;-1,6;180;196;-16;0,75;0,666666666666667;0,75;0,666666666666667;0,0833333333333334;15;12;10;9;5;3;5;3;2;0;0;1
"777740";"2018-M024";"Cincinnati Masters";"Hard";"64";"Masters";56;3;"Kevin Anderson";"R";203;"RSA";32,2;18;"Jeremy Chardy";"R";188;"FRA";31,4;"7-6(6) 6-2";3;"R32";92;7;2;62;37;35;12;10;1;1;5;3;66;33;25;18;10;2;4;6;4535;46;1015;7;6;NA;NA;NA;6;2;NA;NA;NA;2018-08-13;2018;"2018-M024:56";211;1;4,41503749927884;1,47643804394299;3;"Kevin Anderson";18;"Jeremy Chardy";4,41503749927884;1,47643804394299;2,93859945533586;32,2;31,4;0,800000000000004;203;188;15;1;0,5;1;0,5;0,5;4;1;2;1;2;0;2;0;2;0;0;1
"777741";"2018-M024";"Cincinnati Masters";"Hard";"64";"Masters";57;19;"Marin Cilic";"R";198;"CRO";29,8;20;"Marius Copil";"R";193;"ROU";27,8;"6-7(4) 6-4 6-4";3;"R32";137;8;6;93;61;50;18;16;1;2;16;2;101;54;41;27;16;4;7;7;4085;92;642;6;6;6;NA;NA;7;4;4;NA;NA;2018-08-13;2018;"2018-M024:57";212;1;4,1926450779424;0,476438043942987;19;"Marin Cilic";20;"Marius Copil";4,1926450779424;0,476438043942987;3,71620703399941;29,8;27,8;2;198;193;5;0,5;0,571428571428571;0,5;0,571428571428571;-0,0714285714285714;7;2;4;1;3;1;3;1;2;0;0;1
"777742";"2018-M024";"Cincinnati Masters";"Hard";"64";"Masters";58;67;"Karen Khachanov";"R";198;"RUS";22,2;107;"Sam Querrey";"R";198;"USA";30,8;"7-5 6-4";3;"R32";83;6;3;70;44;34;16;11;4;4;13;3;66;43;33;10;11;1;3;27;1525;34;1225;7;6;NA;NA;NA;5;4;NA;NA;NA;2018-08-13;2018;"2018-M024:58";213;1;2,24511249783653;1,91253715874966;67;"Karen Khachanov";107;"Sam Querrey";2,24511249783653;1,91253715874966;0,332575339086871;22,2;30,8;-8,6;198;198;0;1;0,333333333333333;1;0,333333333333333;0,666666666666667;3;4;1;4;2;0;2;0;2;0;0;1
"777743";"2018-M024";"Cincinnati Masters";"Hard";"64";"Masters";59;15;"Pablo Carreno Busta";"R";188;"ESP";27;68;"Bradley Klahn";"L";190;"USA";27,9;"6-4 6-4";3;"R32";79;0;1;64;41;31;14;10;2;2;5;3;56;30;21;15;10;3;5;13;2290;102;554;6;6;NA;NA;NA;4;4;NA;NA;NA;2018-08-13;2018;"2018-M024:59";214;1;3,29956028185891;0,327574658028505;15;"Pablo Carreno Busta";68;"Bradley Klahn";3,29956028185891;0,327574658028505;2,9719856238304;27;27,9;-0,899999999999999;188;190;-2;1;0,6;1;0,6;0,4;5;2;3;2;2;0;2;0;2;0;0;1
"777744";"2018-M024";"Cincinnati Masters";"Hard";"64";"Masters";60;55;"Robin Haase";"R";190;"NED";31,3;133;"Alexander Zverev";"R";198;"GER";21,3;"5-7 6-4 7-5";3;"R32";145;7;3;113;57;40;26;17;9;14;7;4;89;48;36;18;17;1;7;55;930;4;4845;5;6;7;NA;NA;7;4;5;NA;NA;2018-08-13;2018;"2018-M024:60";215;1;1,21864028647534;5;55;"Robin Haase";133;"Alexander Zverev";1,21864028647534;5;-3,78135971352466;31,3;21,3;10;190;198;-8;0,642857142857143;0,142857142857143;0,642857142857143;0,142857142857143;0,5;7;14;1;9;6;5;6;5;1;0;0;1
"777745";"2018-M024";"Cincinnati Masters";"Hard";"64";"Masters";61;29;"Grigor Dimitrov";"R";188;"BUL";27,2;134;"Mischa Zverev";"L";190;"GER";30,9;"7-6(5) 7-5";3;"R32";99;8;1;75;50;36;16;12;0;1;5;7;84;46;36;17;12;6;8;5;4700;44;1030;7;7;NA;NA;NA;6;5;NA;NA;NA;2018-08-13;2018;"2018-M024:61";216;1;4,67807190511264;1,5405683813627;29;"Grigor Dimitrov";134;"Mischa Zverev";4,67807190511264;1,5405683813627;3,13750352374994;27,2;30,9;-3,7;188;190;-2;0;0,75;0;0,75;-0,75;8;1;6;0;2;1;2;1;1;0;0;1
"777746";"2018-M024";"Cincinnati Masters";"Hard";"64";"Masters";62;31;"Novak Djokovic";"R";188;"SRB";31,2;82;"Adrian Mannarino";"L";183;"FRA";30,1;"4-6 6-2 6-1";3;"R32";128;5;3;93;49;35;22;13;5;7;4;2;76;47;29;11;12;3;8;10;3445;28;1410;4;6;6;NA;NA;6;2;1;NA;NA;2018-08-13;2018;"2018-M024:62";217;1;3,67807190511264;2,1926450779424;31;"Novak Djokovic";82;"Adrian Mannarino";3,67807190511264;2,1926450779424;1,48542682717024;31,2;30,1;1,1;188;183;5;0,714285714285714;0,375;0,714285714285714;0,375;0,339285714285714;8;7;3;5;5;2;5;2;3;0;0;1
"777747";"2018-M024";"Cincinnati Masters";"Hard";"64";"Masters";63;117;"Denis Shapovalov";"L";185;"CAN";19,3;36;"Kyle Edmund";"R";188;"GBR";23,5;"6-4 7-5";3;"R32";112;3;5;75;43;33;16;11;8;10;7;4;93;64;37;14;11;12;16;32;1305;16;1950;6;7;NA;NA;NA;4;5;NA;NA;NA;2018-08-13;2018;"2018-M024:63";218;0;2;3;36;"Kyle Edmund";117;"Denis Shapovalov";3;2;1;23,5;19,3;4,2;188;185;3;0,8;0,75;0,75;0,8;-0,05;16;10;12;8;4;2;2;4;-2;0;0;1
"777748";"2018-M024";"Cincinnati Masters";"Hard";"64";"Masters";64;109;"Milos Raonic";"R";196;"CAN";27,6;62;"Malek Jaziri";"R";185;"TUN";34,5;"6-3 7-5";3;"R32";74;20;7;56;34;33;12;11;0;0;3;4;64;36;26;14;10;2;4;29;1395;60;884;6;7;NA;NA;NA;3;5;NA;NA;NA;2018-08-13;2018;"2018-M024:64";219;0;2,14201900487243;1,09310940439148;62;"Malek Jaziri";109;"Milos Raonic";1,09310940439148;2,14201900487243;-1,04890960048095;34,5;27,6;6,9;185;196;-11;1,5;0,5;0,5;1,5;-1;4;0;2;0;2;0;0;2;-2;0;0;1
"777750";"2018-M024";"Cincinnati Masters";"Hard";"64";"Masters";66;130;"Stan Wawrinka";"R";183;"SUI";33,3;45;"Marton Fucsovics";"R";188;"HUN";26,5;"6-4 6-3";3;"R16";82;3;1;51;36;31;9;10;0;0;4;0;63;42;26;13;9;6;8;151;380;48;1007;6;6;NA;NA;NA;4;3;NA;NA;NA;2018-08-13;2018;"2018-M024:66";220;0;-0,238404739325079;1,41503749927884;45;"Marton Fucsovics";130;"Stan Wawrinka";1,41503749927884;-0,238404739325079;1,65344223860392;26,5;33,3;-6,8;188;183;5;1,5;0,75;0,75;1,5;-0,75;8;0;6;0;2;0;0;2;-2;0;0;1
"777751";"2018-M024";"Cincinnati Masters";"Hard";"64";"Masters";67;27;"Juan Martin del Potro";"R";198;"ARG";29,8;78;"Nick Kyrgios";"R";193;"AUS";23,2;"7-6(4) 6-7(6) 6-2";3;"R16";136;19;2;99;65;56;22;16;1;1;29;4;96;59;48;23;16;2;4;3;5410;18;1855;7;6;6;NA;NA;6;7;2;NA;NA;2018-08-13;2018;"2018-M024:67";221;1;5,41503749927884;2,83007499855769;27;"Juan Martin del Potro";78;"Nick Kyrgios";5,41503749927884;2,83007499855769;2,58496250072116;29,8;23,2;6,6;198;193;5;1;0,5;1;0,5;0,5;4;1;2;1;2;0;2;0;2;0;0;1
"777752";"2018-M024";"Cincinnati Masters";"Hard";"64";"Masters";68;51;"David Goffin";"R";180;"BEL";27,6;3;"Kevin Anderson";"R";203;"RSA";32,2;"6-2 6-4";3;"R16";76;3;2;46;35;30;6;9;0;0;9;2;55;27;20;11;9;2;5;11;3085;6;4535;6;6;NA;NA;NA;2;4;NA;NA;NA;2018-08-13;2018;"2018-M024:68";222;0;3,5405683813627;4,41503749927884;3;"Kevin Anderson";51;"David Goffin";4,41503749927884;3,5405683813627;0,874469117916141;32,2;27,6;4,6;203;180;23;1,5;0,4;0,4;1,5;-1,1;5;0;2;0;3;0;0;3;-3;0;0;1
"777753";"2018-M024";"Cincinnati Masters";"Hard";"64";"Masters";69;19;"Marin Cilic";"R";198;"CRO";29,8;67;"Karen Khachanov";"R";198;"RUS";22,2;"7-6(5) 3-6 6-4";3;"R16";161;4;5;93;54;47;20;15;0;1;8;5;106;63;53;20;16;6;7;7;4085;27;1525;7;3;6;NA;NA;6;6;4;NA;NA;2018-08-13;2018;"2018-M024:69";223;1;4,1926450779424;2,24511249783653;19;"Marin Cilic";67;"Karen Khachanov";4,1926450779424;2,24511249783653;1,94753258010586;29,8;22,2;7,6;198;198;0;0;0,857142857142857;0;0,857142857142857;-0,857142857142857;7;1;6;0;1;1;1;1;0;0;0;1
"777754";"2018-M024";"Cincinnati Masters";"Hard";"64";"Masters";70;15;"Pablo Carreno Busta";"R";188;"ESP";27;55;"Robin Haase";"R";190;"NED";31,3;"6-4 6-2";3;"R16";76;2;2;54;38;26;11;9;0;1;1;4;63;25;16;16;9;6;10;13;2290;55;930;6;6;NA;NA;NA;4;2;NA;NA;NA;2018-08-13;2018;"2018-M024:70";224;1;3,29956028185891;1,21864028647534;15;"Pablo Carreno Busta";55;"Robin Haase";3,29956028185891;1,21864028647534;2,08091999538357;27;31,3;-4,3;188;190;-2;0;0,6;0;0,6;-0,6;10;1;6;0;4;1;4;1;3;0;0;1
"777755";"2018-M024";"Cincinnati Masters";"Hard";"64";"Masters";71;31;"Novak Djokovic";"R";188;"SRB";31,2;29;"Grigor Dimitrov";"R";188;"BUL";27,2;"2-6 6-3 6-4";3;"R16";139;4;1;86;54;40;15;14;2;5;10;3;82;60;41;10;13;2;5;10;3445;5;4700;2;6;6;NA;NA;6;3;4;NA;NA;2018-08-13;2018;"2018-M024:71";225;0;3,67807190511264;4,67807190511264;29;"Grigor Dimitrov";31;"Novak Djokovic";4,67807190511264;3,67807190511264;1;27,2;31,2;-4;188;188;0;0,4;0,4;0,4;0,4;0;5;5;2;2;3;3;3;3;0;0;0;1
"777756";"2018-M024";"Cincinnati Masters";"Hard";"64";"Masters";72;109;"Milos Raonic";"R";196;"CAN";27,6;117;"Denis Shapovalov";"L";185;"CAN";19,3;"7-6(6) 6-4";3;"R16";102;12;8;63;42;36;11;11;0;1;2;8;85;51;38;14;11;5;7;29;1395;32;1305;7;6;NA;NA;NA;6;4;NA;NA;NA;2018-08-13;2018;"2018-M024:72";226;1;2,14201900487243;2;109;"Milos Raonic";117;"Denis Shapovalov";2,14201900487243;2;0,142019004872428;27,6;19,3;8,3;196;185;11;0;0,714285714285714;0;0,714285714285714;-0,714285714285714;7;1;5;0;2;1;2;1;1;0;0;1
"777758";"2018-M024";"Cincinnati Masters";"Hard";"64";"Masters";74;51;"David Goffin";"R";180;"BEL";27,6;27;"Juan Martin del Potro";"R";198;"ARG";29,8;"7-6(5) 7-6(4)";3;"QF";120;6;2;92;56;42;19;12;7;8;9;2;75;48;37;15;12;1;2;11;3085;3;5410;7;7;NA;NA;NA;6;6;NA;NA;NA;2018-08-13;2018;"2018-M024:74";227;0;3,5405683813627;5,41503749927884;27;"Juan Martin del Potro";51;"David Goffin";5,41503749927884;3,5405683813627;1,87446911791614;29,8;27,6;2,2;198;180;18;0,875;0,5;0,5;0,875;-0,375;2;8;1;7;1;1;1;1;0;0;0;1
"777759";"2018-M024";"Cincinnati Masters";"Hard";"64";"Masters";75;19;"Marin Cilic";"R";198;"CRO";29,8;15;"Pablo Carreno Busta";"R";188;"ESP";27;"7-6(7) 6-4";3;"QF";103;7;1;61;32;28;15;11;0;2;6;4;78;51;35;10;11;4;7;7;4085;13;2290;7;6;NA;NA;NA;6;4;NA;NA;NA;2018-08-13;2018;"2018-M024:75";228;0;4,1926450779424;3,29956028185891;15;"Pablo Carreno Busta";19;"Marin Cilic";3,29956028185891;4,1926450779424;-0,893084796083488;27;29,8;-2,8;188;198;-10;0;0,571428571428571;0,571428571428571;0;0,571428571428571;7;2;4;0;3;2;2;3;-1;0;0;1
"777760";"2018-M024";"Cincinnati Masters";"Hard";"64";"Masters";76;31;"Novak Djokovic";"R";188;"SRB";31,2;109;"Milos Raonic";"R";196;"CAN";27,6;"7-5 4-6 6-3";3;"QF";151;5;0;94;60;39;23;16;5;8;21;9;109;64;49;18;15;10;14;10;3445;29;1395;7;4;6;NA;NA;5;6;3;NA;NA;2018-08-13;2018;"2018-M024:76";229;1;3,67807190511264;2,14201900487243;31;"Novak Djokovic";109;"Milos Raonic";3,67807190511264;2,14201900487243;1,53605290024021;31,2;27,6;3,6;188;196;-8;0,625;0,714285714285714;0,625;0,714285714285714;-0,0892857142857143;14;8;10;5;4;3;4;3;1;0;0;1
"777762";"2018-M024";"Cincinnati Masters";"Hard";"64";"Masters";78;31;"Novak Djokovic";"R";188;"SRB";31,2;19;"Marin Cilic";"R";198;"CRO";29,8;"6-4 3-6 6-3";3;"SF";152;8;4;96;61;44;15;14;9;12;12;4;90;60;41;14;14;4;8;10;3445;7;4085;6;3;6;NA;NA;4;6;3;NA;NA;2018-08-13;2018;"2018-M024:78";230;0;3,67807190511264;4,1926450779424;19;"Marin Cilic";31;"Novak Djokovic";4,1926450779424;3,67807190511264;0,514573172829758;29,8;31,2;-1,4;198;188;10;0,75;0,5;0,5;0,75;-0,25;8;12;4;9;4;3;3;4;-1;0;0;1
"777763";"2018-M024";"Cincinnati Masters";"Hard";"64";"Masters";79;31;"Novak Djokovic";"R";188;"SRB";31,2;41;"Roger Federer";"R";185;"SUI";37;"6-4 6-4";3;"F";84;4;2;53;35;25;14;10;0;1;11;4;77;45;30;15;10;3;6;10;3445;2;6480;6;6;NA;NA;NA;4;4;NA;NA;NA;2018-08-13;2018;"2018-M024:79";231;1;3,67807190511264;6;31;"Novak Djokovic";41;"Roger Federer";3,67807190511264;6;-2,32192809488736;31,2;37;-5,8;188;185;3;0;0,5;0;0,5;-0,5;6;1;3;0;3;1;3;1;2;0;0;1
"783189";"2018-5014";"Shanghai Masters";"Hard";"64";"Masters";2;68;"Bradley Klahn";"L";190;"USA";28,1;114;"Tennys Sandgren";"R";188;"USA";27,2;"4-6 6-3 6-4";3;"Q1";111;10;6;104;74;54;15;15;9;10;8;2;78;54;37;14;14;3;5;104;560;60;855;4;6;6;NA;NA;6;3;4;NA;NA;2018-10-08;2018;"2018-5014:2";232;1;0,299560281858908;1,09310940439148;68;"Bradley Klahn";114;"Tennys Sandgren";0,299560281858908;1,09310940439148;-0,793549122532573;28,1;27,2;0,900000000000002;190;188;2;0,9;0,6;0,9;0,6;0,3;5;10;3;9;2;1;2;1;1;0;0;1
"783190";"2018-5014";"Shanghai Masters";"Hard";"64";"Masters";3;76;"Mikhail Kukushkin";"R";183;"KAZ";30,7;81;"Feliciano Lopez";"L";188;"ESP";37;"6-3 6-1";3;"Q1";57;5;1;43;28;21;12;8;1;1;5;1;58;39;22;8;8;7;11;83;686;70;770;6;6;NA;NA;NA;3;1;NA;NA;NA;2018-10-08;2018;"2018-5014:3";233;1;0,624960568653075;0,870716983055034;76;"Mikhail Kukushkin";81;"Feliciano Lopez";0,624960568653075;0,870716983055034;-0,245756414401958;30,7;37;-6,3;183;188;-5;1;0,636363636363636;1;0,636363636363636;0,363636363636364;11;1;7;1;4;0;4;0;4;0;0;1
"783196";"2018-5014";"Shanghai Masters";"Hard";"64";"Masters";9;20;"Marius Copil";"R";193;"ROU";27,9;75;"Denis Kudla";"R";180;"USA";26,1;"7-6(3) 6-4";3;"Q1";107;10;4;78;43;32;18;11;1;3;3;2;89;53;30;19;11;6;9;96;592;63;827;7;6;NA;NA;NA;6;4;NA;NA;NA;2018-10-08;2018;"2018-5014:9";234;1;0,415037499278844;1,02272007650008;20;"Marius Copil";75;"Denis Kudla";0,415037499278844;1,02272007650008;-0,607682577221239;27,9;26,1;1,8;193;180;13;0,333333333333333;0,666666666666667;0,333333333333333;0,666666666666667;-0,333333333333333;9;3;6;1;3;2;3;2;1;0;0;1
"783197";"2018-5014";"Shanghai Masters";"Hard";"64";"Masters";10;105;"Vasek Pospisil";"R";193;"CAN";28,2;40;"Thomas Fabbiano";"R";173;"ITA";29,3;"6-4 6-3";3;"Q1";83;11;2;67;38;32;14;10;8;9;1;0;52;39;26;7;9;1;4;82;691;122;460;6;6;NA;NA;NA;4;3;NA;NA;NA;2018-10-08;2018;"2018-5014:10";235;0;0,642447995381916;0,0692626624371133;40;"Thomas Fabbiano";105;"Vasek Pospisil";0,0692626624371133;0,642447995381916;-0,573185332944803;29,3;28,2;1,1;173;193;-20;0,888888888888889;0,25;0,25;0,888888888888889;-0,638888888888889;4;9;1;8;3;1;1;3;-2;0;0;1
"783200";"2018-5014";"Shanghai Masters";"Hard";"64";"Masters";13;85;"Mackenzie Mcdonald";"R";178;"USA";23,4;32;"Evgeny Donskoy";"R";185;"RUS";28,4;"6-3 6-4";3;"Q1";72;8;2;67;41;30;16;10;6;6;2;1;46;28;22;8;9;1;3;78;701;102;563;6;6;NA;NA;NA;3;4;NA;NA;NA;2018-10-08;2018;"2018-5014:13";236;0;0,714597781137751;0,327574658028505;32;"Evgeny Donskoy";85;"Mackenzie Mcdonald";0,327574658028505;0,714597781137751;-0,387023123109246;28,4;23,4;5;185;178;7;1;0,333333333333333;0,333333333333333;1;-0,666666666666667;3;6;1;6;2;0;0;2;-2;0;0;1
"783201";"2018-5014";"Shanghai Masters";"Hard";"64";"Masters";14;1;"Radu Albot";"R";175;"MDA";28,9;87;"John Millman";"R";183;"AUS";29,3;"6-4 6-4";3;"Q1";99;3;3;65;43;27;12;10;2;4;2;2;74;44;25;16;10;3;7;100;587;34;1233;6;6;NA;NA;NA;4;4;NA;NA;NA;2018-10-08;2018;"2018-5014:14";237;1;0,356143810225276;1,91253715874966;1;"Radu Albot";87;"John Millman";0,356143810225276;1,91253715874966;-1,55639334852439;28,9;29,3;-0,400000000000002;175;183;-8;0,5;0,428571428571429;0,5;0,428571428571429;0,0714285714285715;7;4;3;2;4;2;4;2;2;0;0;1
"783202";"2018-5014";"Shanghai Masters";"Hard";"64";"Masters";15;68;"Bradley Klahn";"L";190;"USA";28,1;24;"Taro Daniel";"R";191;"JPN";25,6;"7-6(5) 7-6(3)";3;"Q2";114;12;5;82;55;46;16;12;4;4;2;3;78;53;39;16;12;0;0;104;560;72;763;7;7;NA;NA;NA;6;6;NA;NA;NA;2018-10-08;2018;"2018-5014:15";238;0;0,299560281858908;0,830074998557688;24;"Taro Daniel";68;"Bradley Klahn";0,830074998557688;0,299560281858908;0,53051471669878;25,6;28,1;-2,5;191;190;1;1;1,5;1,5;1;0,5;0;4;0;4;0;0;0;0;0;0;0;1
"783203";"2018-5014";"Shanghai Masters";"Hard";"64";"Masters";16;76;"Mikhail Kukushkin";"R";183;"KAZ";30,7;9;"Matteo Berrettini";"R";196;"ITA";22,4;"7-5 6-4";3;"Q2";102;6;1;73;50;35;16;11;2;2;8;1;75;47;35;13;11;6;8;83;686;54;932;7;6;NA;NA;NA;5;4;NA;NA;NA;2018-10-08;2018;"2018-5014:16";239;0;0,624960568653075;1,24511249783653;9;"Matteo Berrettini";76;"Mikhail Kukushkin";1,24511249783653;0,624960568653075;0,620151929183456;22,4;30,7;-8,3;196;183;13;1;0,75;0,75;1;-0,25;8;2;6;2;2;0;0;2;-2;0;0;1
"783206";"2018-5014";"Shanghai Masters";"Hard";"64";"Masters";19;105;"Vasek Pospisil";"R";193;"CAN";28,2;20;"Marius Copil";"R";193;"ROU";27,9;"6-7(5) 6-4 7-5";3;"Q2";154;8;4;97;47;36;32;17;0;1;12;4;119;73;55;20;17;6;9;82;691;96;592;6;6;7;NA;NA;7;4;5;NA;NA;2018-10-08;2018;"2018-5014:19";240;0;0,642447995381916;0,415037499278844;20;"Marius Copil";105;"Vasek Pospisil";0,415037499278844;0,642447995381916;-0,227410496103072;27,9;28,2;-0,300000000000001;193;193;0;0;0,666666666666667;0,666666666666667;0;0,666666666666667;9;1;6;0;3;1;1;3;-2;0;0;1
"783207";"2018-5014";"Shanghai Masters";"Hard";"64";"Masters";20;100;"Benoit Paire";"R";196;"FRA";29,4;122;"Joao Sousa";"R";185;"POR";29,5;"6-7(4) 6-4 6-4";3;"Q2";116;15;3;87;51;46;22;16;0;0;7;2;100;69;51;19;16;7;9;62;850;43;1056;6;6;6;NA;NA;7;4;4;NA;NA;2018-10-08;2018;"2018-5014:20";241;1;1,04580368961313;1,5737352452979;100;"Benoit Paire";122;"Joao Sousa";1,04580368961313;1,5737352452979;-0,527931555684777;29,4;29,5;-0,100000000000001;196;185;11;1,5;0,777777777777778;1,5;0,777777777777778;0,722222222222222;9;0;7;0;2;0;2;0;2;0;0;1
"783208";"2018-5014";"Shanghai Masters";"Hard";"64";"Masters";21;85;"Mackenzie Mcdonald";"R";178;"USA";23,4;1;"Radu Albot";"R";175;"MDA";28,9;"2-6 6-3 6-1";3;"Q2";102;5;2;79;41;30;17;12;3;5;2;2;63;48;31;8;12;2;6;78;701;100;587;2;6;6;NA;NA;6;3;1;NA;NA;2018-10-08;2018;"2018-5014:21";242;0;0,714597781137751;0,356143810225276;1;"Radu Albot";85;"Mackenzie Mcdonald";0,356143810225276;0,714597781137751;-0,358453970912476;28,9;23,4;5,5;175;178;-3;0,6;0,333333333333333;0,333333333333333;0,6;-0,266666666666667;6;5;2;3;4;2;2;4;-2;0;0;1
"783211";"2018-5014";"Shanghai Masters";"Hard";"64";"Masters";24;17;"Marco Cecchinato";"R";185;"ITA";26;118;"Gilles Simon";"R";183;"FRA";33,7;"6-7(4) 6-4 7-6(2)";3;"R64";146;8;4;111;81;58;14;17;4;7;8;1;101;71;53;13;17;3;7;21;1768;31;1345;6;6;7;NA;NA;7;4;6;NA;NA;2018-10-08;2018;"2018-5014:24";243;1;2,60768257722124;2,04580368961313;17;"Marco Cecchinato";118;"Gilles Simon";2,60768257722124;2,04580368961313;0,561878887608114;26;33,7;-7,7;185;183;2;0,571428571428571;0,428571428571429;0,571428571428571;0,428571428571429;0,142857142857143;7;7;3;4;4;3;4;3;1;0;0;1
"783212";"2018-5014";"Shanghai Masters";"Hard";"64";"Masters";25;127;"Stefanos Tsitsipas";"R";193;"GRE";20,1;88;"Gael Monfils";"R";193;"FRA";32,1;"7-6(4) 4-6 6-4";3;"R64";141;2;1;109;67;47;23;16;8;11;11;5;101;63;47;17;16;5;8;15;1987;37;1195;7;4;6;NA;NA;6;6;4;NA;NA;2018-10-08;2018;"2018-5014:25";244;0;3,09310940439148;1,79054663437105;88;"Gael Monfils";127;"Stefanos Tsitsipas";1,79054663437105;3,09310940439148;-1,30256277002043;32,1;20,1;12;193;193;0;0,727272727272727;0,625;0,625;0,727272727272727;-0,102272727272727;8;11;5;8;3;3;3;3;0;0;0;1
"783213";"2018-5014";"Shanghai Masters";"Hard";"64";"Masters";26;67;"Karen Khachanov";"R";198;"RUS";22,3;63;"Steve Johnson";"R";188;"USA";28,7;"6-7(6) 6-3 6-4";3;"R64";139;17;2;99;69;52;17;16;3;4;10;0;108;73;46;18;15;5;8;27;1605;32;1270;6;6;6;NA;NA;7;3;4;NA;NA;2018-10-08;2018;"2018-5014:26";245;0;2,24511249783653;2;63;"Steve Johnson";67;"Karen Khachanov";2;2,24511249783653;-0,245112497836532;28,7;22,3;6,4;188;198;-10;0,75;0,625;0,625;0,75;-0,125;8;4;5;3;3;1;1;3;-2;0;0;1
"783214";"2018-5014";"Shanghai Masters";"Hard";"64";"Masters";27;76;"Mikhail Kukushkin";"R";183;"KAZ";30,7;108;"Albert Ramos";"L";188;"ESP";30,7;"6-4 6-2";3;"R64";82;1;0;45;33;27;9;9;0;0;6;4;59;36;25;8;9;2;5;83;686;50;975;6;6;NA;NA;NA;4;2;NA;NA;NA;2018-10-08;2018;"2018-5014:27";246;1;0,624960568653075;1,35614381022528;76;"Mikhail Kukushkin";108;"Albert Ramos";0,624960568653075;1,35614381022528;-0,7311832415722;30,7;30,7;0;183;188;-5;1,5;0,4;1,5;0,4;1,1;5;0;2;0;3;0;3;0;3;0;0;1
"783215";"2018-5014";"Shanghai Masters";"Hard";"64";"Masters";28;5;"Nikoloz Basilashvili";"R";185;"GEO";26,6;117;"Denis Shapovalov";"L";185;"CAN";19,4;"6-2 6-2";3;"R64";57;4;0;46;30;24;10;8;0;0;6;2;47;27;15;8;8;1;5;23;1757;29;1430;6;6;NA;NA;NA;2;2;NA;NA;NA;2018-10-08;2018;"2018-5014:28";247;1;2,47643804394299;2,14201900487243;5;"Nikoloz Basilashvili";117;"Denis Shapovalov";2,47643804394299;2,14201900487243;0,334419039070559;26,6;19,4;7,2;185;185;0;1,5;0,2;1,5;0,2;1,3;5;0;1;0;4;0;4;0;4;0;0;1
"783216";"2018-5014";"Shanghai Masters";"Hard";"64";"Masters";29;26;"Alex De Minaur";"R";183;"AUS";19,6;105;"Vasek Pospisil";"R";193;"CAN";28,2;"6-4 7-6(4)";3;"R64";111;4;0;80;50;37;19;11;5;5;8;1;75;47;35;15;11;1;2;33;1238;82;691;6;7;NA;NA;NA;4;6;NA;NA;NA;2018-10-08;2018;"2018-5014:29";248;1;1,95560588064155;0,642447995381916;26;"Alex De Minaur";105;"Vasek Pospisil";1,95560588064155;0,642447995381916;1,31315788525963;19,6;28,2;-8,6;183;193;-10;1;0,5;1;0,5;0,5;2;5;1;5;1;0;1;0;1;0;0;1
"783217";"2018-5014";"Shanghai Masters";"Hard";"64";"Masters";30;100;"Benoit Paire";"R";196;"FRA";29,4;15;"Pablo Carreno Busta";"R";188;"ESP";27,2;"6-3 6-4";3;"R64";132;6;3;69;35;29;18;10;1;1;3;0;56;42;25;10;9;6;8;62;850;24;1750;6;6;NA;NA;NA;3;4;NA;NA;NA;2018-10-08;2018;"2018-5014:30";249;0;1,04580368961313;2,41503749927884;15;"Pablo Carreno Busta";100;"Benoit Paire";2,41503749927884;1,04580368961313;1,36923380966572;27,2;29,4;-2,2;188;196;-8;1;0,75;0,75;1;-0,25;8;1;6;1;2;0;0;2;-2;0;0;1
"783218";"2018-5014";"Shanghai Masters";"Hard";"64";"Masters";31;36;"Kyle Edmund";"R";188;"GBR";23,7;73;"Filip Krajinovic";"R";185;"SRB";26,6;"7-5 6-3";3;"R64";92;11;1;68;44;35;12;11;4;5;3;3;70;46;30;11;10;2;5;14;1990;35;1232;7;6;NA;NA;NA;5;3;NA;NA;NA;2018-10-08;2018;"2018-5014:31";250;1;3,1926450779424;1,87071698305503;36;"Kyle Edmund";73;"Filip Krajinovic";3,1926450779424;1,87071698305503;1,32192809488736;23,7;26,6;-2,9;188;185;3;0,8;0,4;0,8;0,4;0,4;5;5;2;4;3;1;3;1;2;0;0;1
"783219";"2018-5014";"Shanghai Masters";"Hard";"64";"Masters";32;116;"Andreas Seppi";"R";190;"ITA";34,6;82;"Adrian Mannarino";"L";183;"FRA";30,2;"6-4 6-4";3;"R64";83;4;0;60;39;29;11;10;1;2;2;2;57;35;25;11;10;2;5;47;1021;46;1030;6;6;NA;NA;NA;4;4;NA;NA;NA;2018-10-08;2018;"2018-5014:32";251;0;1,44541114832236;1,47643804394299;82;"Adrian Mannarino";116;"Andreas Seppi";1,47643804394299;1,44541114832236;0,0310268956206246;30,2;34,6;-4,4;183;190;-7;0,5;0,4;0,4;0,5;-0,1;5;2;2;1;3;1;1;3;-2;0;0;1
"783221";"2018-5014";"Shanghai Masters";"Hard";"64";"Masters";34;35;"Matthew Ebden";"R";188;"AUS";30,8;126;"Frances Tiafoe";"R";188;"USA";20,7;"3-6 6-4 6-3";3;"R64";109;4;2;81;51;39;13;14;2;5;8;2;90;54;38;17;14;4;8;51;974;40;1115;3;6;6;NA;NA;6;4;3;NA;NA;2018-10-08;2018;"2018-5014:34";252;1;1,3275746580285;1,67807190511264;35;"Matthew Ebden";126;"Frances Tiafoe";1,3275746580285;1,67807190511264;-0,350497247084133;30,8;20,7;10,1;188;188;0;0,4;0,5;0,4;0,5;-0,1;8;5;4;2;4;3;4;3;1;0;0;1
"783222";"2018-5014";"Shanghai Masters";"Hard";"64";"Masters";35;45;"Marton Fucsovics";"R";188;"HUN";26,6;34;"Damir Dzumhur";"R";172;"BIH";26,3;"6-3 6-4";3;"R64";73;1;0;52;30;25;16;10;3;3;0;1;54;39;25;9;9;1;3;42;1092;39;1145;6;6;NA;NA;NA;3;4;NA;NA;NA;2018-10-08;2018;"2018-5014:35";253;0;1,60768257722124;1,71459778113775;34;"Damir Dzumhur";45;"Marton Fucsovics";1,71459778113775;1,60768257722124;0,106915203916512;26,3;26,6;-0,300000000000001;172;188;-16;1;0,333333333333333;0,333333333333333;1;-0,666666666666667;3;3;1;3;2;0;0;2;-2;0;0;1
"783223";"2018-5014";"Shanghai Masters";"Hard";"64";"Masters";36;52;"Peter Gojowczyk";"R";185;"GER";29,2;120;"Jack Sock";"R";185;"USA";26;"6-4 6-7(6) 6-3";3;"R64";145;17;4;105;60;50;23;16;4;5;10;6;111;68;51;18;15;3;6;68;786;17;1850;6;6;6;NA;NA;4;7;3;NA;NA;2018-10-08;2018;"2018-5014:36";254;1;0,912537158749661;2,91253715874966;52;"Peter Gojowczyk";120;"Jack Sock";0,912537158749661;2,91253715874966;-2;29,2;26;3,2;185;185;0;0,8;0,5;0,8;0,5;0,3;6;5;3;4;3;1;3;1;2;0;0;1
"783224";"2018-5014";"Shanghai Masters";"Hard";"64";"Masters";37;22;"Borna Coric";"R";188;"CRO";21,8;130;"Stan Wawrinka";"R";183;"SUI";33,5;"4-6 6-4 6-3";3;"R64";118;4;4;85;63;49;11;15;3;4;14;1;80;52;39;17;14;6;8;19;1815;69;785;4;6;6;NA;NA;6;4;3;NA;NA;2018-10-08;2018;"2018-5014:37";255;1;2,75207248655641;0,891475543221831;22;"Borna Coric";130;"Stan Wawrinka";2,75207248655641;0,891475543221831;1,86059694333458;21,8;33,5;-11,7;188;183;5;0,75;0,75;0,75;0,75;0;8;4;6;3;2;1;2;1;1;0;0;1
"783225";"2018-5014";"Shanghai Masters";"Hard";"64";"Masters";38;68;"Bradley Klahn";"L";190;"USA";28,1;78;"Nick Kyrgios";"R";193;"AUS";23,4;"4-6 6-4 6-3";3;"R64";77;18;0;75;57;47;11;15;0;1;14;5;82;56;35;17;14;5;7;104;560;38;1170;4;6;6;NA;NA;6;4;3;NA;NA;2018-10-08;2018;"2018-5014:38";256;1;0,299560281858908;1,75207248655641;68;"Bradley Klahn";78;"Nick Kyrgios";0,299560281858908;1,75207248655641;-1,45251220469751;28,1;23,4;4,7;190;193;-3;0;0,714285714285714;0;0,714285714285714;-0,714285714285714;7;1;5;0;2;1;2;1;1;0;0;1
"783226";"2018-5014";"Shanghai Masters";"Hard";"64";"Masters";39;48;"Richard Gasquet";"R";185;"FRA";32,3;84;"Leonardo Mayer";"R";188;"ARG";31,4;"1-6 6-2 6-1";3;"R64";89;5;0;64;45;29;11;11;4;6;9;2;63;36;22;16;11;1;5;25;1670;53;936;1;6;6;NA;NA;6;2;1;NA;NA;2018-10-08;2018;"2018-5014:39";257;1;2,35614381022528;1,2720795454368;48;"Richard Gasquet";84;"Leonardo Mayer";2,35614381022528;1,2720795454368;1,08406426478847;32,3;31,4;0,899999999999999;185;188;-3;0,666666666666667;0,2;0,666666666666667;0,2;0,466666666666667;5;6;1;4;4;2;4;2;2;0;0;1
"783228";"2018-5014";"Shanghai Masters";"Hard";"64";"Masters";41;44;"Taylor Fritz";"R";193;"USA";20,9;55;"Robin Haase";"R";190;"NED";31,5;"6-3 7-6(3)";3;"R64";81;14;2;68;48;40;12;11;1;1;4;3;71;48;32;13;10;4;5;59;858;44;1045;6;7;NA;NA;NA;3;6;NA;NA;NA;2018-10-08;2018;"2018-5014:41";258;1;1,11735695063816;1,5405683813627;44;"Taylor Fritz";55;"Robin Haase";1,11735695063816;1,5405683813627;-0,423211430724544;20,9;31,5;-10,6;193;190;3;1;0,8;1;0,8;0,2;5;1;4;1;1;0;1;0;1;0;0;1
"783229";"2018-5014";"Shanghai Masters";"Hard";"64";"Masters";42;107;"Sam Querrey";"R";198;"USA";31;115;"Diego Schwartzman";"R";170;"ARG";26,1;"6-3 6-4";3;"R64";66;14;1;58;39;34;9;10;3;4;0;6;57;35;24;11;9;3;6;57;920;16;1975;6;6;NA;NA;NA;3;4;NA;NA;NA;2018-10-08;2018;"2018-5014:42";259;1;1,16710998583526;3;107;"Sam Querrey";115;"Diego Schwartzman";1,16710998583526;3;-1,83289001416474;31;26,1;4,9;198;170;28;0,75;0,5;0,75;0,5;0,25;6;4;3;3;3;1;3;1;2;0;0;1
"783230";"2018-5014";"Shanghai Masters";"Hard";"64";"Masters";43;85;"Mackenzie Mcdonald";"R";178;"USA";23,4;109;"Milos Raonic";"R";196;"CAN";27,7;"6-3 5-7 6-3";3;"R64";114;7;3;91;63;47;18;15;3;4;23;4;88;56;43;15;15;3;6;78;701;20;1800;6;5;6;NA;NA;3;7;3;NA;NA;2018-10-08;2018;"2018-5014:43";260;1;0,714597781137751;2,67807190511264;85;"Mackenzie Mcdonald";109;"Milos Raonic";0,714597781137751;2,67807190511264;-1,96347412397489;23,4;27,7;-4,3;178;196;-18;0,75;0,5;0,75;0,5;0,25;6;4;3;3;3;1;3;1;2;0;0;1
"783231";"2018-5014";"Shanghai Masters";"Hard";"64";"Masters";44;6;"Roberto Bautista Agut";"R";183;"ESP";30,4;110;"Andrey Rublev";"R";188;"RUS";20,9;"6-3 6-4";3;"R64";98;6;2;62;33;17;20;10;2;4;7;5;82;45;32;11;9;8;12;28;1570;73;750;6;6;NA;NA;NA;3;4;NA;NA;NA;2018-10-08;2018;"2018-5014:44";261;1;2,1926450779424;0,810175441119982;6;"Roberto Bautista Agut";110;"Andrey Rublev";2,1926450779424;0,810175441119982;1,38246963682241;30,4;20,9;9,5;183;188;-5;0,5;0,666666666666667;0,5;0,666666666666667;-0,166666666666667;12;4;8;2;4;2;4;2;2;0;0;1
"783233";"2018-5014";"Shanghai Masters";"Hard";"64";"Masters";46;31;"Novak Djokovic";"R";188;"SRB";31,3;18;"Jeremy Chardy";"R";188;"FRA";31,6;"6-3 7-5";3;"R32";83;4;2;53;40;34;6;10;0;0;7;3;65;44;31;8;11;2;5;3;6445;41;1100;6;7;NA;NA;NA;3;5;NA;NA;NA;2018-10-08;2018;"2018-5014:46";262;0;5,41503749927884;1,64244799538192;18;"Jeremy Chardy";31;"Novak Djokovic";1,64244799538192;5,41503749927884;-3,77258950389693;31,6;31,3;0,300000000000001;188;188;0;1,5;0,4;0,4;1,5;-1,1;5;0;2;0;3;0;0;3;-3;0;0;1
"783235";"2018-5014";"Shanghai Masters";"Hard";"64";"Masters";48;127;"Stefanos Tsitsipas";"R";193;"GRE";20,1;67;"Karen Khachanov";"R";198;"RUS";22,3;"6-4 7-6(8)";3;"R32";NA;6;2;73;49;40;11;11;3;4;5;0;75;50;41;11;11;2;4;15;1987;27;1605;6;7;NA;NA;NA;4;6;NA;NA;NA;2018-10-08;2018;"2018-5014:48";263;0;3,09310940439148;2,24511249783653;67;"Karen Khachanov";127;"Stefanos Tsitsipas";2,24511249783653;3,09310940439148;-0,84799690655495;22,3;20,1;2,2;198;193;5;0,75;0,5;0,5;0,75;-0,25;4;4;2;3;2;1;1;2;-1;0;0;1
"783236";"2018-5014";"Shanghai Masters";"Hard";"64";"Masters";49;3;"Kevin Anderson";"R";203;"RSA";32,3;76;"Mikhail Kukushkin";"R";183;"KAZ";30,7;"6-3 6-2";3;"R32";NA;14;3;45;31;27;9;9;0;0;1;2;51;32;15;12;8;0;3;8;3640;83;686;6;6;NA;NA;NA;3;2;NA;NA;NA;2018-10-08;2018;"2018-5014:49";264;1;4;0,624960568653075;3;"Kevin Anderson";76;"Mikhail Kukushkin";4;0,624960568653075;3,37503943134692;32,3;30,7;1,6;203;183;20;1,5;0;1,5;0;1,5;3;0;0;0;3;0;3;0;3;0;0;1
"783237";"2018-5014";"Shanghai Masters";"Hard";"64";"Masters";50;133;"Alexander Zverev";"R";198;"GER";21,4;5;"Nikoloz Basilashvili";"R";185;"GEO";26,6;"7-5 6-4";3;"R32";NA;12;0;63;43;36;9;11;4;5;9;5;73;46;32;12;11;7;10;5;4755;23;1757;7;6;NA;NA;NA;5;4;NA;NA;NA;2018-10-08;2018;"2018-5014:50";265;0;4,67807190511264;2,47643804394299;5;"Nikoloz Basilashvili";133;"Alexander Zverev";2,47643804394299;4,67807190511264;-2,20163386116965;26,6;21,4;5,2;185;198;-13;0,8;0,7;0,7;0,8;-0,1;10;5;7;4;3;1;1;3;-2;0;0;1
"783238";"2018-5014";"Shanghai Masters";"Hard";"64";"Masters";51;26;"Alex De Minaur";"R";183;"AUS";19,6;100;"Benoit Paire";"R";196;"FRA";29,4;"6-4 6-3";3;"R32";NA;2;2;75;54;36;11;10;6;7;1;0;60;27;18;16;9;3;6;33;1238;62;850;6;6;NA;NA;NA;4;3;NA;NA;NA;2018-10-08;2018;"2018-5014:51";266;1;1,95560588064155;1,04580368961313;26;"Alex De Minaur";100;"Benoit Paire";1,95560588064155;1,04580368961313;0,909802191028422;19,6;29,4;-9,8;183;196;-13;0,857142857142857;0,5;0,857142857142857;0,5;0,357142857142857;6;7;3;6;3;1;3;1;2;0;0;1
"783239";"2018-5014";"Shanghai Masters";"Hard";"64";"Masters";52;36;"Kyle Edmund";"R";188;"GBR";23,7;116;"Andreas Seppi";"R";190;"ITA";34,6;"6-3 6-4";3;"R32";NA;8;1;62;43;33;10;10;3;4;3;2;62;39;28;9;9;3;6;14;1990;47;1021;6;6;NA;NA;NA;3;4;NA;NA;NA;2018-10-08;2018;"2018-5014:52";267;1;3,1926450779424;1,44541114832236;36;"Kyle Edmund";116;"Andreas Seppi";3,1926450779424;1,44541114832236;1,74723392962003;23,7;34,6;-10,9;188;190;-2;0,75;0,5;0,75;0,5;0,25;6;4;3;3;3;1;3;1;2;0;0;1
"783242";"2018-5014";"Shanghai Masters";"Hard";"64";"Masters";55;52;"Peter Gojowczyk";"R";185;"GER";29,2;45;"Marton Fucsovics";"R";188;"HUN";26,6;"6-4 6-7(3) 7-6(5)";3;"R32";157;7;1;134;85;62;25;17;9;10;15;4;105;64;48;24;17;3;5;68;786;42;1092;6;6;7;NA;NA;4;7;6;NA;NA;2018-10-08;2018;"2018-5014:55";268;0;0,912537158749661;1,60768257722124;45;"Marton Fucsovics";52;"Peter Gojowczyk";1,60768257722124;0,912537158749661;0,695145418471578;26,6;29,2;-2,6;188;185;3;0,9;0,6;0,6;0,9;-0,3;5;10;3;9;2;1;1;2;-1;0;0;1
"783243";"2018-5014";"Shanghai Masters";"Hard";"64";"Masters";56;22;"Borna Coric";"R";188;"CRO";21,8;68;"Bradley Klahn";"L";190;"USA";28,1;"6-4 6-2";3;"R32";73;4;0;40;31;28;8;9;0;0;6;3;62;39;27;8;9;2;5;19;1815;104;560;6;6;NA;NA;NA;4;2;NA;NA;NA;2018-10-08;2018;"2018-5014:56";269;1;2,75207248655641;0,299560281858908;22;"Borna Coric";68;"Bradley Klahn";2,75207248655641;0,299560281858908;2,45251220469751;21,8;28,1;-6,3;188;190;-2;1,5;0,4;1,5;0,4;1,1;5;0;2;0;3;0;3;0;3;0;0;1
"783244";"2018-5014";"Shanghai Masters";"Hard";"64";"Masters";57;27;"Juan Martin del Potro";"R";198;"ARG";30;48;"Richard Gasquet";"R";185;"FRA";32,3;"7-5 7-6(7)";3;"R32";NA;9;2;79;53;41;13;12;0;1;12;0;77;60;44;8;12;1;3;4;6130;25;1670;7;7;NA;NA;NA;5;6;NA;NA;NA;2018-10-08;2018;"2018-5014:57";270;1;5;2,35614381022528;27;"Juan Martin del Potro";48;"Richard Gasquet";5;2,35614381022528;2,64385618977472;30;32,3;-2,3;198;185;13;0;0,333333333333333;0;0,333333333333333;-0,333333333333333;3;1;1;0;2;1;2;1;1;0;0;1
"783246";"2018-5014";"Shanghai Masters";"Hard";"64";"Masters";59;107;"Sam Querrey";"R";198;"USA";31;44;"Taylor Fritz";"R";193;"USA";20,9;"6-3 6-7(4) 7-5";3;"R32";NA;13;3;104;71;58;16;17;3;4;12;3;95;61;42;21;16;1;4;57;920;59;858;6;6;7;NA;NA;3;7;5;NA;NA;2018-10-08;2018;"2018-5014:59";271;0;1,16710998583526;1,11735695063816;44;"Taylor Fritz";107;"Sam Querrey";1,11735695063816;1,16710998583526;-0,0497530351971003;20,9;31;-10,1;193;198;-5;0,75;0,25;0,25;0,75;-0,5;4;4;1;3;3;1;1;3;-2;0;0;1
"783247";"2018-5014";"Shanghai Masters";"Hard";"64";"Masters";60;6;"Roberto Bautista Agut";"R";183;"ESP";30,4;85;"Mackenzie Mcdonald";"R";178;"USA";23,4;"3-6 6-4 6-1";3;"R32";NA;4;2;74;54;41;8;13;3;6;5;3;83;59;39;8;13;8;13;28;1570;78;701;3;6;6;NA;NA;6;4;1;NA;NA;2018-10-08;2018;"2018-5014:60";272;1;2,1926450779424;0,714597781137751;6;"Roberto Bautista Agut";85;"Mackenzie Mcdonald";2,1926450779424;0,714597781137751;1,47804729680464;30,4;23,4;7;183;178;5;0,5;0,615384615384615;0,5;0,615384615384615;-0,115384615384615;13;6;8;3;5;3;5;3;2;0;0;1
"783248";"2018-5014";"Shanghai Masters";"Hard";"64";"Masters";61;41;"Roger Federer";"R";185;"SUI";37,1;86;"Daniil Medvedev";"R";198;"RUS";22,6;"6-4 4-6 6-4";3;"R32";NA;10;0;86;61;50;9;15;1;3;5;3;101;66;42;19;15;4;7;2;6900;22;1762;6;4;6;NA;NA;4;6;4;NA;NA;2018-10-08;2018;"2018-5014:61";273;1;6;2,5405683813627;41;"Roger Federer";86;"Daniil Medvedev";6;2,5405683813627;3,4594316186373;37,1;22,6;14,5;185;198;-13;0,333333333333333;0,571428571428571;0,333333333333333;0,571428571428571;-0,238095238095238;7;3;4;1;3;2;3;2;1;0;0;1
"783249";"2018-5014";"Shanghai Masters";"Hard";"64";"Masters";62;31;"Novak Djokovic";"R";188;"SRB";31,3;17;"Marco Cecchinato";"R";185;"ITA";26;"6-4 6-0";3;"R16";69;7;0;42;34;29;5;8;2;2;3;3;63;41;21;10;8;7;11;3;6445;21;1768;6;6;NA;NA;NA;4;0;NA;NA;NA;2018-10-08;2018;"2018-5014:62";274;0;5,41503749927884;2,60768257722124;17;"Marco Cecchinato";31;"Novak Djokovic";2,60768257722124;5,41503749927884;-2,8073549220576;26;31,3;-5,3;185;188;-3;1;0,636363636363636;0,636363636363636;1;-0,363636363636364;11;2;7;2;4;0;0;4;-4;0;0;1
"783250";"2018-5014";"Shanghai Masters";"Hard";"64";"Masters";63;3;"Kevin Anderson";"R";203;"RSA";32,3;127;"Stefanos Tsitsipas";"R";193;"GRE";20,1;"6-4 7-6(1)";3;"R16";100;10;2;62;45;37;8;11;2;3;5;1;74;44;32;15;11;2;4;8;3640;15;1987;6;7;NA;NA;NA;4;6;NA;NA;NA;2018-10-08;2018;"2018-5014:63";275;1;4;3,09310940439148;3;"Kevin Anderson";127;"Stefanos Tsitsipas";4;3,09310940439148;0,906890595608519;32,3;20,1;12,2;203;193;10;0,666666666666667;0,5;0,666666666666667;0,5;0,166666666666667;4;3;2;2;2;1;2;1;1;0;0;1
"783251";"2018-5014";"Shanghai Masters";"Hard";"64";"Masters";64;133;"Alexander Zverev";"R";198;"GER";21,4;26;"Alex De Minaur";"R";183;"AUS";19,6;"6-1 6-4";3;"R16";69;6;2;52;34;28;11;9;5;5;0;2;50;33;20;7;8;1;4;5;4755;33;1238;6;6;NA;NA;NA;1;4;NA;NA;NA;2018-10-08;2018;"2018-5014:64";276;0;4,67807190511264;1,95560588064155;26;"Alex De Minaur";133;"Alexander Zverev";1,95560588064155;4,67807190511264;-2,72246602447109;19,6;21,4;-1,8;183;198;-15;1;0,25;0,25;1;-0,75;4;5;1;5;3;0;0;3;-3;0;0;1
"783253";"2018-5014";"Shanghai Masters";"Hard";"64";"Masters";66;35;"Matthew Ebden";"R";188;"AUS";30,8;52;"Peter Gojowczyk";"R";185;"GER";29,2;"6-2 6-3";3;"R16";50;15;1;43;32;28;8;9;0;0;3;2;53;30;21;10;8;2;5;51;974;68;786;6;6;NA;NA;NA;2;3;NA;NA;NA;2018-10-08;2018;"2018-5014:66";277;1;1,3275746580285;0,912537158749661;35;"Matthew Ebden";52;"Peter Gojowczyk";1,3275746580285;0,912537158749661;0,415037499278844;30,8;29,2;1,6;188;185;3;1,5;0,4;1,5;0,4;1,1;5;0;2;0;3;0;3;0;3;0;0;1
"783255";"2018-5014";"Shanghai Masters";"Hard";"64";"Masters";68;96;"Kei Nishikori";"R";178;"JPN";28,7;107;"Sam Querrey";"R";198;"USA";31;"7-6(7) 6-4";3;"R16";92;5;1;72;36;25;26;11;1;1;16;0;73;49;36;14;11;2;3;12;2730;57;920;7;6;NA;NA;NA;6;4;NA;NA;NA;2018-10-08;2018;"2018-5014:68";278;1;3,41503749927884;1,16710998583526;96;"Kei Nishikori";107;"Sam Querrey";3,41503749927884;1,16710998583526;2,24792751344359;28,7;31;-2,3;178;198;-20;1;0,666666666666667;1;0,666666666666667;0,333333333333333;3;1;2;1;1;0;1;0;1;0;0;1
"783256";"2018-5014";"Shanghai Masters";"Hard";"64";"Masters";69;41;"Roger Federer";"R";185;"SUI";37,1;6;"Roberto Bautista Agut";"R";183;"ESP";30,4;"6-3 2-6 6-4";3;"R16";112;8;1;81;54;37;17;14;2;5;9;2;91;59;40;18;13;6;9;2;6900;28;1570;6;2;6;NA;NA;3;6;4;NA;NA;2018-10-08;2018;"2018-5014:69";279;0;6;2,1926450779424;6;"Roberto Bautista Agut";41;"Roger Federer";2,1926450779424;6;-3,8073549220576;30,4;37,1;-6,7;183;185;-2;0,4;0,666666666666667;0,666666666666667;0,4;0,266666666666667;9;5;6;2;3;3;3;3;0;0;0;1
"783257";"2018-5014";"Shanghai Masters";"Hard";"64";"Masters";70;31;"Novak Djokovic";"R";188;"SRB";31,3;3;"Kevin Anderson";"R";203;"RSA";32,3;"7-6(1) 6-3";3;"QF";103;8;1;65;47;40;11;11;1;1;16;4;73;47;36;10;10;1;2;3;6445;8;3640;7;6;NA;NA;NA;6;3;NA;NA;NA;2018-10-08;2018;"2018-5014:70";280;0;5,41503749927884;4;3;"Kevin Anderson";31;"Novak Djokovic";4;5,41503749927884;-1,41503749927884;32,3;31,3;0,999999999999996;203;188;15;1;0,5;0,5;1;-0,5;2;1;1;1;1;0;0;1;-1;0;0;1
"783258";"2018-5014";"Shanghai Masters";"Hard";"64";"Masters";71;133;"Alexander Zverev";"R";198;"GER";21,4;36;"Kyle Edmund";"R";188;"GBR";23,7;"6-4 6-4";3;"QF";71;4;2;54;35;27;14;10;1;1;7;3;52;36;28;6;10;0;2;5;4755;14;1990;6;6;NA;NA;NA;4;4;NA;NA;NA;2018-10-08;2018;"2018-5014:71";281;0;4,67807190511264;3,1926450779424;36;"Kyle Edmund";133;"Alexander Zverev";3,1926450779424;4,67807190511264;-1,48542682717024;23,7;21,4;2,3;188;198;-10;1;0;0;1;-1;2;1;0;1;2;0;0;2;-2;0;0;1
"783259";"2018-5014";"Shanghai Masters";"Hard";"64";"Masters";72;22;"Borna Coric";"R";188;"CRO";21,8;35;"Matthew Ebden";"R";188;"AUS";30,8;"7-5 6-4";3;"QF";93;8;0;59;39;25;14;11;1;3;9;5;67;40;26;12;11;4;8;19;1815;51;974;7;6;NA;NA;NA;5;4;NA;NA;NA;2018-10-08;2018;"2018-5014:72";282;1;2,75207248655641;1,3275746580285;22;"Borna Coric";35;"Matthew Ebden";2,75207248655641;1,3275746580285;1,42449782852791;21,8;30,8;-9;188;188;0;0,333333333333333;0,5;0,333333333333333;0,5;-0,166666666666667;8;3;4;1;4;2;4;2;2;0;0;1
"783260";"2018-5014";"Shanghai Masters";"Hard";"64";"Masters";73;41;"Roger Federer";"R";185;"SUI";37,1;96;"Kei Nishikori";"R";178;"JPN";28,7;"6-4 7-6(4)";3;"QF";111;10;1;84;60;39;13;11;4;6;0;3;83;53;33;15;11;5;8;2;6900;12;2730;6;7;NA;NA;NA;4;6;NA;NA;NA;2018-10-08;2018;"2018-5014:73";283;1;6;3,41503749927884;41;"Roger Federer";96;"Kei Nishikori";6;3,41503749927884;2,58496250072116;37,1;28,7;8,4;185;178;7;0,666666666666667;0,625;0,666666666666667;0,625;0,0416666666666666;8;6;5;4;3;2;3;2;1;0;0;1
"783261";"2018-5014";"Shanghai Masters";"Hard";"64";"Masters";74;31;"Novak Djokovic";"R";188;"SRB";31,3;133;"Alexander Zverev";"R";198;"GER";21,4;"6-2 6-1";3;"SF";60;0;1;46;33;26;7;8;0;0;2;3;34;19;10;6;7;2;6;3;6445;5;4755;6;6;NA;NA;NA;2;1;NA;NA;NA;2018-10-08;2018;"2018-5014:74";284;1;5,41503749927884;4,67807190511264;31;"Novak Djokovic";133;"Alexander Zverev";5,41503749927884;4,67807190511264;0,736965594166206;31,3;21,4;9,9;188;198;-10;1,5;0,333333333333333;1,5;0,333333333333333;1,16666666666667;6;0;2;0;4;0;4;0;4;0;0;1
"783262";"2018-5014";"Shanghai Masters";"Hard";"64";"Masters";75;22;"Borna Coric";"R";188;"CRO";21,8;41;"Roger Federer";"R";185;"SUI";37,1;"6-4 6-4";3;"SF";73;9;0;49;38;32;8;10;0;0;8;0;61;41;30;10;10;5;7;19;1815;2;6900;6;6;NA;NA;NA;4;4;NA;NA;NA;2018-10-08;2018;"2018-5014:75";285;1;2,75207248655641;6;22;"Borna Coric";41;"Roger Federer";2,75207248655641;6;-3,24792751344359;21,8;37,1;-15,3;188;185;3;1,5;0,714285714285714;1,5;0,714285714285714;0,785714285714286;7;0;5;0;2;0;2;0;2;0;0;1
"783263";"2018-5014";"Shanghai Masters";"Hard";"64";"Masters";76;31;"Novak Djokovic";"R";188;"SRB";31,3;22;"Borna Coric";"R";188;"CRO";21,8;"6-3 6-4";3;"F";96;7;0;52;32;29;14;10;1;1;3;1;72;56;34;9;9;7;9;3;6445;19;1815;6;6;NA;NA;NA;3;4;NA;NA;NA;2018-10-08;2018;"2018-5014:76";286;0;5,41503749927884;2,75207248655641;22;"Borna Coric";31;"Novak Djokovic";2,75207248655641;5,41503749927884;-2,66296501272243;21,8;31,3;-9,5;188;188;0;1;0,777777777777778;0,777777777777778;1;-0,222222222222222;9;1;7;1;2;0;0;2;-2;0;0;1
"785051";"2018-0352";"Paris Masters";"Hard";"64";"Masters";1;100;"Benoit Paire";"R";196;"FRA";29,4;24;"Taro Daniel";"R";191;"JPN";25,7;"6-3 6-3";3;"Q1";54;7;2;46;27;25;12;9;2;2;1;1;56;35;23;11;9;2;5;56;910;74;733;6;6;NA;NA;NA;3;3;NA;NA;NA;2018-10-29;2018;"2018-0352:1";287;0;1,1926450779424;0,79054663437105;24;"Taro Daniel";100;"Benoit Paire";0,79054663437105;1,1926450779424;-0,402098443571346;25,7;29,4;-3,7;191;196;-5;1;0,4;0,4;1;-0,6;5;2;2;2;3;0;0;3;-3;0;0;1
"785052";"2018-0352";"Paris Masters";"Hard";"64";"Masters";2;105;"Vasek Pospisil";"R";193;"CAN";28,3;80;"Dusan Lajovic";"R";180;"SRB";28,3;"4-6 7-5 7-6(3)";3;"Q1";129;10;4;97;56;45;22;17;4;7;3;1;113;78;53;16;17;7;10;75;731;50;985;4;7;7;NA;NA;6;5;6;NA;NA;2018-10-29;2018;"2018-0352:2";288;0;0,77118130950412;1,35614381022528;80;"Dusan Lajovic";105;"Vasek Pospisil";1,35614381022528;0,77118130950412;0,584962500721156;28,3;28,3;0;180;193;-13;0,571428571428571;0,7;0,7;0,571428571428571;0,128571428571429;10;7;7;4;3;3;3;3;0;0;0;1
"785053";"2018-0352";"Paris Masters";"Hard";"64";"Masters";3;114;"Tennys Sandgren";"R";188;"USA";27,2;85;"Mackenzie Mcdonald";"R";178;"USA";23,5;"4-6 6-3 6-4";3;"Q1";108;19;4;94;52;41;21;15;4;6;2;4;74;42;32;16;14;1;4;62;854;81;695;4;6;6;NA;NA;6;3;4;NA;NA;2018-10-29;2018;"2018-0352:3";289;0;1,04580368961313;0,660149997115376;85;"Mackenzie Mcdonald";114;"Tennys Sandgren";0,660149997115376;1,04580368961313;-0,385653692497749;23,5;27,2;-3,7;178;188;-10;0,666666666666667;0,25;0,25;0,666666666666667;-0,416666666666667;4;6;1;4;3;2;2;3;-1;0;0;1
"785056";"2018-0352";"Paris Masters";"Hard";"64";"Masters";6;55;"Robin Haase";"R";190;"NED";31,5;90;"Corentin Moutet";"L";178;"FRA";19,5;"6-2 6-1";3;"Q1";55;6;0;45;26;21;9;7;1;2;2;4;41;21;8;5;8;0;6;47;1020;148;379;6;6;NA;NA;NA;2;1;NA;NA;NA;2018-10-29;2018;"2018-0352:6";290;1;1,44541114832236;-0,20945336562895;55;"Robin Haase";90;"Corentin Moutet";1,44541114832236;-0,20945336562895;1,65486451395131;31,5;19,5;12;190;178;12;0,5;0;0,5;0;0,5;6;2;0;1;6;1;6;1;5;0;0;1
"785058";"2018-0352";"Paris Masters";"Hard";"64";"Masters";8;75;"Denis Kudla";"R";180;"USA";26,1;116;"Andreas Seppi";"R";190;"ITA";34,6;"6-4 5-7 6-3";3;"Q1";108;7;4;102;49;37;29;16;3;5;14;6;85;41;37;18;15;2;5;63;845;37;1135;6;5;6;NA;NA;4;7;3;NA;NA;2018-10-29;2018;"2018-0352:8";291;1;1,02272007650008;1,79054663437105;75;"Denis Kudla";116;"Andreas Seppi";1,02272007650008;1,79054663437105;-0,767826557870967;26,1;34,6;-8,5;180;190;-10;0,6;0,4;0,6;0,4;0,2;5;5;2;3;3;2;3;2;1;0;0;1
"785059";"2018-0352";"Paris Masters";"Hard";"64";"Masters";9;52;"Peter Gojowczyk";"R";185;"GER";29,2;7;"Aljaz Bedene";"R";181;"SLO";29,2;"6-4 4-6 6-2";3;"Q1";103;7;2;84;48;37;18;14;2;5;11;3;96;59;38;16;14;9;14;61;881;70;780;6;4;6;NA;NA;4;6;2;NA;NA;2018-10-29;2018;"2018-0352:9";292;0;1,06926266243711;0,870716983055034;7;"Aljaz Bedene";52;"Peter Gojowczyk";0,870716983055034;1,06926266243711;-0,19854567938208;29,2;29,2;0;181;185;-4;0,4;0,642857142857143;0,642857142857143;0,4;0,242857142857143;14;5;9;2;5;3;3;5;-2;0;0;1
"785061";"2018-0352";"Paris Masters";"Hard";"64";"Masters";11;81;"Feliciano Lopez";"L";188;"ESP";37,1;123;"Jan Lennard Struff";"R";193;"GER";28,5;"6-3 6-7(2) 7-6(5)";3;"Q1";138;19;11;132;68;56;34;17;7;7;16;4;100;61;50;24;16;6;7;71;770;59;890;6;6;7;NA;NA;3;7;6;NA;NA;2018-10-29;2018;"2018-0352:11";293;1;0,850252880495318;1,11735695063816;81;"Feliciano Lopez";123;"Jan Lennard Struff";0,850252880495318;1,11735695063816;-0,267104070142841;37,1;28,5;8,6;188;193;-5;1;0,857142857142857;1;0,857142857142857;0,142857142857143;7;7;6;7;1;0;1;0;1;0;0;1
"785062";"2018-0352";"Paris Masters";"Hard";"64";"Masters";12;35;"Matthew Ebden";"R";188;"AUS";30,9;102;"Guido Pella";"L";185;"ARG";28,4;"6-3 3-6 6-1";3;"Q1";75;3;4;72;38;30;19;13;1;3;5;2;70;45;31;12;12;3;7;39;1125;66;787;6;3;6;NA;NA;3;6;1;NA;NA;2018-10-29;2018;"2018-0352:12";294;1;1,71459778113775;0,955605880641547;35;"Matthew Ebden";102;"Guido Pella";1,71459778113775;0,955605880641547;0,758991900496205;30,9;28,4;2,5;188;185;3;0,333333333333333;0,428571428571429;0,333333333333333;0,428571428571429;-0,0952380952380952;7;3;3;1;4;2;4;2;2;0;0;1
"785064";"2018-0352";"Paris Masters";"Hard";"64";"Masters";14;122;"Joao Sousa";"R";185;"POR";29,5;114;"Tennys Sandgren";"R";188;"USA";27,2;"6-7(1) 6-3 6-4";3;"Q2";117;6;2;97;62;51;18;16;6;7;15;4;90;50;38;21;15;3;6;48;1017;62;854;6;6;6;NA;NA;7;3;4;NA;NA;2018-10-29;2018;"2018-0352:14";295;0;1,41503749927884;1,04580368961313;114;"Tennys Sandgren";122;"Joao Sousa";1,04580368961313;1,41503749927884;-0,369233809665719;27,2;29,5;-2,3;188;185;3;0,857142857142857;0,5;0,5;0,857142857142857;-0,357142857142857;6;7;3;6;3;1;1;3;-2;0;0;1
"785067";"2018-0352";"Paris Masters";"Hard";"64";"Masters";17;52;"Peter Gojowczyk";"R";185;"GER";29,2;108;"Albert Ramos";"L";188;"ESP";30,7;"6-3 6-4";3;"Q2";78;4;4;70;31;25;20;10;7;8;6;3;64;35;27;9;9;4;7;61;881;69;780;6;6;NA;NA;NA;3;4;NA;NA;NA;2018-10-29;2018;"2018-0352:17";296;1;1,06926266243711;0,891475543221831;52;"Peter Gojowczyk";108;"Albert Ramos";1,06926266243711;0,891475543221831;0,177787119215282;29,2;30,7;-1,5;185;188;-3;0,875;0,571428571428571;0,875;0,571428571428571;0,303571428571429;7;8;4;7;3;1;3;1;2;0;0;1
"785068";"2018-0352";"Paris Masters";"Hard";"64";"Masters";18;81;"Feliciano Lopez";"L";188;"ESP";37,1;35;"Matthew Ebden";"R";188;"AUS";30,9;"7-6(4) 6-4";3;"Q2";91;11;8;76;40;36;19;11;5;5;17;1;85;53;39;17;11;6;7;71;770;39;1125;7;6;NA;NA;NA;6;4;NA;NA;NA;2018-10-29;2018;"2018-0352:18";297;0;0,850252880495318;1,71459778113775;35;"Matthew Ebden";81;"Feliciano Lopez";1,71459778113775;0,850252880495318;0,864344900642434;30,9;37,1;-6,2;188;188;0;1;0,857142857142857;0,857142857142857;1;-0,142857142857143;7;5;6;5;1;0;0;1;-1;0;0;1
"785069";"2018-0352";"Paris Masters";"Hard";"64";"Masters";19;122;"Joao Sousa";"R";185;"POR";29,5;17;"Marco Cecchinato";"R";185;"ITA";26;"7-5 6-3";3;"R64";78;5;0;57;33;28;15;10;2;2;5;3;81;48;28;20;11;4;7;48;1017;20;1829;7;6;NA;NA;NA;5;3;NA;NA;NA;2018-10-29;2018;"2018-0352:19";298;0;1,41503749927884;2,67807190511264;17;"Marco Cecchinato";122;"Joao Sousa";2,67807190511264;1,41503749927884;1,26303440583379;26;29,5;-3,5;185;185;0;1;0,571428571428571;0,571428571428571;1;-0,428571428571429;7;2;4;2;3;0;0;3;-3;0;0;1
"785070";"2018-0352";"Paris Masters";"Hard";"64";"Masters";20;34;"Damir Dzumhur";"R";172;"BIH";26,4;52;"Peter Gojowczyk";"R";185;"GER";29,2;"6-4 7-6(5)";3;"R64";86;1;3;65;40;34;12;11;0;2;5;6;84;36;27;21;11;6;9;52;940;61;881;6;7;NA;NA;NA;4;6;NA;NA;NA;2018-10-29;2018;"2018-0352:20";299;1;1,29956028185891;1,06926266243711;34;"Damir Dzumhur";52;"Peter Gojowczyk";1,29956028185891;1,06926266243711;0,230297619421795;26,4;29,2;-2,8;172;185;-13;0;0,666666666666667;0;0,666666666666667;-0,666666666666667;9;2;6;0;3;2;3;2;1;0;0;1
"785071";"2018-0352";"Paris Masters";"Hard";"64";"Masters";21;6;"Roberto Bautista Agut";"R";183;"ESP";30,5;63;"Steve Johnson";"R";188;"USA";28,8;"6-4 7-6(2)";3;"R64";84;3;2;58;38;30;16;11;0;1;4;5;74;46;32;15;11;5;7;25;1650;36;1190;6;7;NA;NA;NA;4;6;NA;NA;NA;2018-10-29;2018;"2018-0352:21";300;1;2,35614381022528;1,83007499855769;6;"Roberto Bautista Agut";63;"Steve Johnson";2,35614381022528;1,83007499855769;0,526068811667588;30,5;28,8;1,7;183;188;-5;0;0,714285714285714;0;0,714285714285714;-0,714285714285714;7;1;5;0;2;1;2;1;1;0;0;1
"785072";"2018-0352";"Paris Masters";"Hard";"64";"Masters";22;70;"Philipp Kohlschreiber";"R";178;"GER";35;55;"Robin Haase";"R";190;"NED";31,5;"6-7(4) 6-4 6-2";3;"R64";125;10;3;89;50;40;20;15;2;4;12;4;109;54;39;21;15;8;13;43;1080;47;1020;6;6;6;NA;NA;7;4;2;NA;NA;2018-10-29;2018;"2018-0352:22";301;0;1,5737352452979;1,44541114832236;55;"Robin Haase";70;"Philipp Kohlschreiber";1,44541114832236;1,5737352452979;-0,12832409697554;31,5;35;-3,5;190;178;12;0,5;0,615384615384615;0,615384615384615;0,5;0,115384615384615;13;4;8;2;5;2;2;5;-3;0;0;1
"785074";"2018-0352";"Paris Masters";"Hard";"64";"Masters";24;45;"Marton Fucsovics";"R";188;"HUN";26,7;100;"Benoit Paire";"R";196;"FRA";29,4;"6-4 6-4";3;"R64";76;0;5;67;37;29;15;10;6;7;5;12;61;28;23;12;10;4;7;42;1097;56;910;6;6;NA;NA;NA;4;4;NA;NA;NA;2018-10-29;2018;"2018-0352:24";302;1;1,60768257722124;1,1926450779424;45;"Marton Fucsovics";100;"Benoit Paire";1,60768257722124;1,1926450779424;0,415037499278843;26,7;29,4;-2,7;188;196;-8;0,857142857142857;0,571428571428571;0,857142857142857;0,571428571428571;0,285714285714286;7;7;4;6;3;1;3;1;2;0;0;1
"785075";"2018-0352";"Paris Masters";"Hard";"64";"Masters";25;82;"Adrian Mannarino";"L";183;"FRA";30,3;58;"Ugo Humbert";"L";188;"FRA";20,3;"6-4 6-2";3;"R64";65;3;2;48;30;25;13;9;0;0;3;1;48;24;18;11;9;0;3;46;1045;99;595;6;6;NA;NA;NA;4;2;NA;NA;NA;2018-10-29;2018;"2018-0352:25";303;0;1,47643804394299;0,370643379920391;58;"Ugo Humbert";82;"Adrian Mannarino";0,370643379920391;1,47643804394299;-1,1057946640226;20,3;30,3;-10;188;183;5;1,5;0;0;1,5;-1,5;3;0;0;0;3;0;0;3;-3;0;0;1
"785077";"2018-0352";"Paris Masters";"Hard";"64";"Masters";27;76;"Mikhail Kukushkin";"R";183;"KAZ";30,8;57;"Pierre Hugues Herbert";"R";188;"FRA";27,6;"3-6 6-3 7-5";3;"R64";137;1;1;98;58;37;22;15;10;14;9;6;95;53;36;20;15;9;14;54;930;57;903;3;6;7;NA;NA;6;3;5;NA;NA;2018-10-29;2018;"2018-0352:27";304;0;1,24511249783653;1,16710998583526;57;"Pierre Hugues Herbert";76;"Mikhail Kukushkin";1,16710998583526;1,24511249783653;-0,0780025120012731;27,6;30,8;-3,2;188;183;5;0,714285714285714;0,642857142857143;0,642857142857143;0,714285714285714;-0,0714285714285714;14;14;9;10;5;4;4;5;-1;0;0;1
"785078";"2018-0352";"Paris Masters";"Hard";"64";"Masters";28;67;"Karen Khachanov";"R";198;"RUS";22,4;73;"Filip Krajinovic";"R";185;"SRB";26,6;"7-5 6-2";3;"R64";76;5;0;53;35;28;11;10;2;3;3;2;64;41;25;12;10;4;8;18;1845;34;1235;7;6;NA;NA;NA;5;2;NA;NA;NA;2018-10-29;2018;"2018-0352:28";305;1;2,83007499855769;1,91253715874966;67;"Karen Khachanov";73;"Filip Krajinovic";2,83007499855769;1,91253715874966;0,917537839808027;22,4;26,6;-4,2;198;185;13;0,666666666666667;0,5;0,666666666666667;0,5;0,166666666666667;8;3;4;2;4;1;4;1;3;0;0;1
"785079";"2018-0352";"Paris Masters";"Hard";"64";"Masters";29;81;"Feliciano Lopez";"L";188;"ESP";37,1;26;"Alex De Minaur";"R";183;"AUS";19,6;"6-7(4) 6-4 7-6(6)";3;"R64";177;19;7;136;74;61;27;17;7;7;3;5;126;72;52;28;17;7;8;71;770;33;1308;6;6;7;NA;NA;7;4;6;NA;NA;2018-10-29;2018;"2018-0352:29";306;0;0,850252880495318;1,95560588064155;26;"Alex De Minaur";81;"Feliciano Lopez";1,95560588064155;0,850252880495318;1,10535300014623;19,6;37,1;-17,5;183;188;-5;1;0,875;0,875;1;-0,125;8;7;7;7;1;0;0;1;-1;0;0;1
"785081";"2018-0352";"Paris Masters";"Hard";"64";"Masters";31;118;"Gilles Simon";"R";183;"FRA";33,8;106;"Lucas Pouille";"R";185;"FRA";24,6;"6-3 6-4";3;"R64";84;11;1;54;34;28;13;10;2;3;3;5;69;31;19;19;9;4;7;31;1335;32;1325;6;6;NA;NA;NA;3;4;NA;NA;NA;2018-10-29;2018;"2018-0352:31";307;0;2,04580368961313;2;106;"Lucas Pouille";118;"Gilles Simon";2;2,04580368961313;-0,0458036896131251;24,6;33,8;-9,2;185;183;2;0,666666666666667;0,571428571428571;0,571428571428571;0,666666666666667;-0,0952380952380952;7;3;4;2;3;1;1;3;-2;0;0;1
"785082";"2018-0352";"Paris Masters";"Hard";"64";"Masters";32;86;"Daniil Medvedev";"R";198;"RUS";22,7;15;"Pablo Carreno Busta";"R";188;"ESP";27,2;"6-2 6-2";3;"R64";48;8;3;41;28;27;6;8;0;0;0;4;39;26;16;4;8;2;6;17;1977;24;1705;6;6;NA;NA;NA;2;2;NA;NA;NA;2018-10-29;2018;"2018-0352:32";308;0;2,91253715874966;2,41503749927884;15;"Pablo Carreno Busta";86;"Daniil Medvedev";2,41503749927884;2,91253715874966;-0,497499659470817;27,2;22,7;4,5;188;198;-10;1,5;0,333333333333333;0,333333333333333;1,5;-1,16666666666667;6;0;2;0;4;0;0;4;-4;0;0;1
"785083";"2018-0352";"Paris Masters";"Hard";"64";"Masters";33;48;"Richard Gasquet";"R";185;"FRA";32,3;117;"Denis Shapovalov";"L";185;"CAN";19,5;"6-4 7-6(3)";3;"R64";99;4;0;62;38;29;15;11;1;3;6;10;87;50;38;11;11;6;9;28;1535;29;1440;6;7;NA;NA;NA;4;6;NA;NA;NA;2018-10-29;2018;"2018-0352:33";309;1;2,1926450779424;2,14201900487243;48;"Richard Gasquet";117;"Denis Shapovalov";2,1926450779424;2,14201900487243;0,0506260730699681;32,3;19,5;12,8;185;185;0;0,333333333333333;0,666666666666667;0,333333333333333;0,666666666666667;-0,333333333333333;9;3;6;1;3;2;3;2;1;0;0;1
"785084";"2018-0352";"Paris Masters";"Hard";"64";"Masters";34;129;"Fernando Verdasco";"L";188;"ESP";34,9;18;"Jeremy Chardy";"R";188;"FRA";31,7;"6-4 6-4";3;"R64";80;9;4;62;35;26;17;10;4;5;10;7;62;32;23;13;10;4;7;27;1545;40;1110;6;6;NA;NA;NA;4;4;NA;NA;NA;2018-10-29;2018;"2018-0352:34";310;0;2,24511249783653;1,67807190511264;18;"Jeremy Chardy";129;"Fernando Verdasco";1,67807190511264;2,24511249783653;-0,567040592723894;31,7;34,9;-3,2;188;188;0;0,8;0,571428571428571;0,571428571428571;0,8;-0,228571428571429;7;5;4;4;3;1;1;3;-2;0;0;1
"785085";"2018-0352";"Paris Masters";"Hard";"64";"Masters";35;31;"Novak Djokovic";"R";188;"SRB";31,4;122;"Joao Sousa";"R";185;"POR";29,5;"7-5 6-1";3;"R32";93;6;3;74;42;31;16;10;9;10;4;2;57;35;25;6;9;4;8;2;7445;48;1017;7;6;NA;NA;NA;5;1;NA;NA;NA;2018-10-29;2018;"2018-0352:35";311;1;6;1,41503749927884;31;"Novak Djokovic";122;"Joao Sousa";6;1,41503749927884;4,58496250072116;31,4;29,5;1,9;188;185;3;0,9;0,5;0,9;0,5;0,4;8;10;4;9;4;1;4;1;3;0;0;1
"785086";"2018-0352";"Paris Masters";"Hard";"64";"Masters";36;34;"Damir Dzumhur";"R";172;"BIH";26,4;127;"Stefanos Tsitsipas";"R";193;"GRE";20,2;"6-3 6-3";3;"R32";71;1;1;52;35;24;11;9;0;2;2;3;56;26;14;15;9;3;8;52;940;16;2175;6;6;NA;NA;NA;3;3;NA;NA;NA;2018-10-29;2018;"2018-0352:36";312;1;1,29956028185891;3;34;"Damir Dzumhur";127;"Stefanos Tsitsipas";1,29956028185891;3;-1,70043971814109;26,4;20,2;6,2;172;193;-21;0;0,375;0;0,375;-0,375;8;2;3;0;5;2;5;2;3;0;0;1
"785087";"2018-0352";"Paris Masters";"Hard";"64";"Masters";37;29;"Grigor Dimitrov";"R";188;"BUL";27,4;6;"Roberto Bautista Agut";"R";183;"ESP";30,5;"7-6(10) 6-4";3;"R32";96;13;6;76;41;32;17;11;2;4;3;0;68;48;34;11;11;3;6;10;3335;25;1650;7;6;NA;NA;NA;6;4;NA;NA;NA;2018-10-29;2018;"2018-0352:37";313;0;3,67807190511264;2,35614381022528;6;"Roberto Bautista Agut";29;"Grigor Dimitrov";2,35614381022528;3,67807190511264;-1,32192809488736;30,5;27,4;3,1;183;188;-5;0,5;0,5;0,5;0,5;0;6;4;3;2;3;2;2;3;-1;0;0;1
"785088";"2018-0352";"Paris Masters";"Hard";"64";"Masters";38;19;"Marin Cilic";"R";198;"CRO";30;70;"Philipp Kohlschreiber";"R";178;"GER";35;"6-3 6-4";3;"R32";72;8;1;55;35;28;10;10;0;1;5;1;54;34;19;12;9;2;5;7;4050;43;1080;6;6;NA;NA;NA;3;4;NA;NA;NA;2018-10-29;2018;"2018-0352:38";314;1;4,1926450779424;1,5737352452979;19;"Marin Cilic";70;"Philipp Kohlschreiber";4,1926450779424;1,5737352452979;2,61890983264449;30;35;-5;198;178;20;0;0,4;0;0,4;-0,4;5;1;2;0;3;1;3;1;2;0;0;1
"785091";"2018-0352";"Paris Masters";"Hard";"64";"Masters";41;96;"Kei Nishikori";"R";178;"JPN";28,8;82;"Adrian Mannarino";"L";183;"FRA";30,3;"7-5 6-4";3;"R32";87;6;2;65;39;30;18;11;0;0;2;2;66;41;33;10;11;0;2;11;3210;46;1045;7;6;NA;NA;NA;5;4;NA;NA;NA;2018-10-29;2018;"2018-0352:41";315;0;3,5405683813627;1,47643804394299;82;"Adrian Mannarino";96;"Kei Nishikori";1,47643804394299;3,5405683813627;-2,06413033741972;30,3;28,8;1,5;183;178;5;1,5;0;0;1,5;-1,5;2;0;0;0;2;0;0;2;-2;0;0;1
"785092";"2018-0352";"Paris Masters";"Hard";"64";"Masters";42;3;"Kevin Anderson";"R";203;"RSA";32,4;5;"Nikoloz Basilashvili";"R";185;"GEO";26,6;"6-3 6-7(3) 7-6(3)";3;"R32";135;18;4;106;73;63;17;17;3;3;6;7;103;54;43;30;16;2;3;6;4230;22;1767;6;6;7;NA;NA;3;7;6;NA;NA;2018-10-29;2018;"2018-0352:42";316;1;4,41503749927884;2,5405683813627;3;"Kevin Anderson";5;"Nikoloz Basilashvili";4,41503749927884;2,5405683813627;1,87446911791614;32,4;26,6;5,8;203;185;18;1;0,666666666666667;1;0,666666666666667;0,333333333333333;3;3;2;3;1;0;1;0;1;0;0;1
"785093";"2018-0352";"Paris Masters";"Hard";"64";"Masters";43;60;"John Isner";"R";206;"USA";33,5;76;"Mikhail Kukushkin";"R";183;"KAZ";30,8;"6-3 6-7(2) 7-6(1)";3;"R32";137;33;1;90;69;61;16;17;1;1;2;1;119;80;54;24;16;7;8;9;3425;54;930;6;6;7;NA;NA;3;7;6;NA;NA;2018-10-29;2018;"2018-0352:43";317;1;3,83007499855769;1,24511249783653;60;"John Isner";76;"Mikhail Kukushkin";3,83007499855769;1,24511249783653;2,58496250072116;33,5;30,8;2,7;206;183;23;1;0,875;1;0,875;0,125;8;1;7;1;1;0;1;0;1;0;0;1
"785095";"2018-0352";"Paris Masters";"Hard";"64";"Masters";45;115;"Diego Schwartzman";"R";170;"ARG";26,2;81;"Feliciano Lopez";"L";188;"ESP";37,1;"6-4 3-6 7-5";3;"R32";140;2;2;93;57;42;19;15;4;6;19;3;111;55;44;25;16;12;15;19;1835;71;770;6;3;7;NA;NA;4;6;5;NA;NA;2018-10-29;2018;"2018-0352:45";318;0;2,75207248655641;0,850252880495318;81;"Feliciano Lopez";115;"Diego Schwartzman";0,850252880495318;2,75207248655641;-1,9018196060611;37,1;26,2;10,9;188;170;18;0,666666666666667;0,8;0,8;0,666666666666667;0,133333333333333;15;6;12;4;3;2;2;3;-1;0;0;1
"785096";"2018-0352";"Paris Masters";"Hard";"64";"Masters";46;133;"Alexander Zverev";"R";198;"GER";21,5;126;"Frances Tiafoe";"R";188;"USA";20,7;"6-4 6-4";3;"R32";104;4;5;72;36;28;17;10;8;10;4;4;76;40;26;16;10;9;13;5;5115;44;1055;6;6;NA;NA;NA;4;4;NA;NA;NA;2018-10-29;2018;"2018-0352:46";319;0;4,67807190511264;1,5405683813627;126;"Frances Tiafoe";133;"Alexander Zverev";1,5405683813627;4,67807190511264;-3,13750352374994;20,7;21,5;-0,800000000000001;188;198;-10;0,8;0,692307692307692;0,692307692307692;0,8;-0,107692307692308;13;10;9;8;4;2;2;4;-2;0;0;1
"785097";"2018-0352";"Paris Masters";"Hard";"64";"Masters";47;124;"Dominic Thiem";"R";185;"AUT";25,1;118;"Gilles Simon";"R";183;"FRA";33,8;"6-4 6-2";3;"R32";84;4;3;59;31;24;12;9;0;2;3;1;51;26;13;12;9;1;6;8;3825;31;1335;6;6;NA;NA;NA;4;2;NA;NA;NA;2018-10-29;2018;"2018-0352:47";320;0;4;2,04580368961313;118;"Gilles Simon";124;"Dominic Thiem";2,04580368961313;4;-1,95419631038687;33,8;25,1;8,7;183;185;-2;0;0,166666666666667;0,166666666666667;0;0,166666666666667;6;2;1;0;5;2;2;5;-3;0;0;1
"785098";"2018-0352";"Paris Masters";"Hard";"64";"Masters";48;22;"Borna Coric";"R";188;"CRO";21,9;86;"Daniil Medvedev";"R";198;"RUS";22,7;"6-4 6-4";3;"R32";74;6;1;52;37;35;6;10;2;2;4;5;64;36;28;11;10;2;4;13;2460;17;1977;6;6;NA;NA;NA;4;4;NA;NA;NA;2018-10-29;2018;"2018-0352:48";321;1;3,29956028185891;2,91253715874966;22;"Borna Coric";86;"Daniil Medvedev";3,29956028185891;2,91253715874966;0,387023123109247;21,9;22,7;-0,800000000000001;188;198;-10;1;0,5;1;0,5;0,5;4;2;2;2;2;0;2;0;2;0;0;1
"785099";"2018-0352";"Paris Masters";"Hard";"64";"Masters";49;120;"Jack Sock";"R";185;"USA";26;48;"Richard Gasquet";"R";185;"FRA";32,3;"6-3 6-3";3;"R32";77;1;3;59;41;30;10;9;4;4;6;4;62;33;18;16;9;1;4;23;1760;28;1535;6;6;NA;NA;NA;3;3;NA;NA;NA;2018-10-29;2018;"2018-0352:49";322;0;2,47643804394299;2,1926450779424;48;"Richard Gasquet";120;"Jack Sock";2,1926450779424;2,47643804394299;-0,283792966000591;32,3;26;6,3;185;185;0;1;0,25;0,25;1;-0,75;4;4;1;4;3;0;0;3;-3;0;0;1
"785100";"2018-0352";"Paris Masters";"Hard";"64";"Masters";50;62;"Malek Jaziri";"R";185;"TUN";34,7;129;"Fernando Verdasco";"L";188;"ESP";34,9;"7-6(5) 1-6 6-3";3;"R32";144;5;4;104;62;44;21;14;10;13;6;6;95;60;46;16;14;5;7;55;923;27;1545;7;1;6;NA;NA;6;6;3;NA;NA;2018-10-29;2018;"2018-0352:50";323;1;1,21864028647534;2,24511249783653;62;"Malek Jaziri";129;"Fernando Verdasco";1,21864028647534;2,24511249783653;-1,02647221136119;34,7;34,9;-0,199999999999996;185;188;-3;0,769230769230769;0,714285714285714;0,769230769230769;0,714285714285714;0,054945054945055;7;13;5;10;2;3;2;3;-1;0;0;1
"785102";"2018-0352";"Paris Masters";"Hard";"64";"Masters";52;19;"Marin Cilic";"R";198;"CRO";30;29;"Grigor Dimitrov";"R";188;"BUL";27,4;"7-6(5) 6-4";3;"R16";109;8;2;71;42;35;14;11;4;5;7;1;87;55;37;14;11;13;15;7;4050;10;3335;7;6;NA;NA;NA;6;4;NA;NA;NA;2018-10-29;2018;"2018-0352:52";324;1;4,1926450779424;3,67807190511264;19;"Marin Cilic";29;"Grigor Dimitrov";4,1926450779424;3,67807190511264;0,514573172829758;30;27,4;2,6;198;188;10;0,8;0,866666666666667;0,8;0,866666666666667;-0,0666666666666667;15;5;13;4;2;1;2;1;1;0;0;1
"785103";"2018-0352";"Paris Masters";"Hard";"64";"Masters";53;41;"Roger Federer";"R";185;"SUI";37,2;42;"Fabio Fognini";"R";178;"ITA";31,4;"6-4 6-3";3;"R16";73;8;2;54;27;22;16;9;4;5;2;6;69;32;22;15;10;3;7;3;6260;14;2315;6;6;NA;NA;NA;4;3;NA;NA;NA;2018-10-29;2018;"2018-0352:53";325;1;5,41503749927884;3,1926450779424;41;"Roger Federer";42;"Fabio Fognini";5,41503749927884;3,1926450779424;2,22239242133645;37,2;31,4;5,8;185;178;7;0,8;0,428571428571429;0,8;0,428571428571429;0,371428571428571;7;5;3;4;4;1;4;1;3;0;0;1
"785104";"2018-0352";"Paris Masters";"Hard";"64";"Masters";54;96;"Kei Nishikori";"R";178;"JPN";28,8;3;"Kevin Anderson";"R";203;"RSA";32,4;"6-4 6-4";3;"R16";80;1;2;51;29;25;15;10;0;0;12;1;52;33;26;11;10;1;3;11;3210;6;4230;6;6;NA;NA;NA;4;4;NA;NA;NA;2018-10-29;2018;"2018-0352:54";326;0;3,5405683813627;4,41503749927884;3;"Kevin Anderson";96;"Kei Nishikori";4,41503749927884;3,5405683813627;0,874469117916141;32,4;28,8;3,6;203;178;25;1,5;0,333333333333333;0,333333333333333;1,5;-1,16666666666667;3;0;1;0;2;0;0;2;-2;0;0;1
"785105";"2018-0352";"Paris Masters";"Hard";"64";"Masters";55;67;"Karen Khachanov";"R";198;"RUS";22,4;60;"John Isner";"R";206;"USA";33,5;"6-4 6-7(9) 7-6(8)";3;"R16";148;11;3;100;66;61;22;17;0;0;19;4;118;80;67;19;17;4;5;18;1845;9;3425;6;6;7;NA;NA;4;7;6;NA;NA;2018-10-29;2018;"2018-0352:55";327;0;2,83007499855769;3,83007499855769;60;"John Isner";67;"Karen Khachanov";3,83007499855769;2,83007499855769;1;33,5;22,4;11,1;206;198;8;1,5;0,8;0,8;1,5;-0,7;5;0;4;0;1;0;0;1;-1;0;0;1
"785106";"2018-0352";"Paris Masters";"Hard";"64";"Masters";56;133;"Alexander Zverev";"R";198;"GER";21,5;115;"Diego Schwartzman";"R";170;"ARG";26,2;"6-4 6-2";3;"R16";81;7;3;58;38;32;8;9;4;4;5;2;61;37;22;12;9;3;6;5;5115;19;1835;6;6;NA;NA;NA;4;2;NA;NA;NA;2018-10-29;2018;"2018-0352:56";328;0;4,67807190511264;2,75207248655641;115;"Diego Schwartzman";133;"Alexander Zverev";2,75207248655641;4,67807190511264;-1,92599941855622;26,2;21,5;4,7;170;198;-28;1;0,5;0,5;1;-0,5;6;4;3;4;3;0;0;3;-3;0;0;1
"785107";"2018-0352";"Paris Masters";"Hard";"64";"Masters";57;124;"Dominic Thiem";"R";185;"AUT";25,1;22;"Borna Coric";"R";188;"CRO";21,9;"6-7(3) 6-2 7-5";3;"R16";148;14;2;88;43;33;28;16;0;2;8;1;95;57;39;16;16;4;9;8;3825;13;2460;6;6;7;NA;NA;7;2;5;NA;NA;2018-10-29;2018;"2018-0352:57";329;0;4;3,29956028185891;22;"Borna Coric";124;"Dominic Thiem";3,29956028185891;4;-0,700439718141092;21,9;25,1;-3,2;188;185;3;0;0,444444444444444;0,444444444444444;0;0,444444444444444;9;2;4;0;5;2;2;5;-3;0;0;1
"785108";"2018-0352";"Paris Masters";"Hard";"64";"Masters";58;120;"Jack Sock";"R";185;"USA";26;62;"Malek Jaziri";"R";185;"TUN";34,7;"6-0 6-4";3;"R16";55;6;2;41;26;23;9;8;0;0;2;6;45;21;13;10;8;3;7;23;1760;55;923;6;6;NA;NA;NA;0;4;NA;NA;NA;2018-10-29;2018;"2018-0352:58";330;0;2,47643804394299;1,21864028647534;62;"Malek Jaziri";120;"Jack Sock";1,21864028647534;2,47643804394299;-1,25779775746765;34,7;26;8,7;185;185;0;1,5;0,428571428571429;0,428571428571429;1,5;-1,07142857142857;7;0;3;0;4;0;0;4;-4;0;0;1
"785109";"2018-0352";"Paris Masters";"Hard";"64";"Masters";59;31;"Novak Djokovic";"R";188;"SRB";31,4;19;"Marin Cilic";"R";198;"CRO";30;"4-6 6-2 6-3";3;"QF";130;5;5;85;54;37;19;14;3;5;8;0;83;55;38;11;13;9;13;2;7445;7;4050;4;6;6;NA;NA;6;2;3;NA;NA;2018-10-29;2018;"2018-0352:59";331;0;6;4,1926450779424;19;"Marin Cilic";31;"Novak Djokovic";4,1926450779424;6;-1,8073549220576;30;31,4;-1,4;198;188;10;0,6;0,692307692307692;0,692307692307692;0,6;0,0923076923076923;13;5;9;3;4;2;2;4;-2;0;0;1
"785110";"2018-0352";"Paris Masters";"Hard";"64";"Masters";60;41;"Roger Federer";"R";185;"SUI";37,2;96;"Kei Nishikori";"R";178;"JPN";28,8;"6-4 6-4";3;"QF";79;7;2;56;29;28;16;10;1;1;3;0;63;37;21;16;10;1;3;3;6260;11;3210;6;6;NA;NA;NA;4;4;NA;NA;NA;2018-10-29;2018;"2018-0352:60";332;1;5,41503749927884;3,5405683813627;41;"Roger Federer";96;"Kei Nishikori";5,41503749927884;3,5405683813627;1,87446911791614;37,2;28,8;8,4;185;178;7;1;0,333333333333333;1;0,333333333333333;0,666666666666667;3;1;1;1;2;0;2;0;2;0;0;1
"785111";"2018-0352";"Paris Masters";"Hard";"64";"Masters";61;67;"Karen Khachanov";"R";198;"RUS";22,4;133;"Alexander Zverev";"R";198;"GER";21,5;"6-1 6-2";3;"QF";70;2;0;36;21;17;9;7;2;3;5;7;68;47;26;4;8;5;11;18;1845;5;5115;6;6;NA;NA;NA;1;2;NA;NA;NA;2018-10-29;2018;"2018-0352:61";333;1;2,83007499855769;4,67807190511264;67;"Karen Khachanov";133;"Alexander Zverev";2,83007499855769;4,67807190511264;-1,84799690655495;22,4;21,5;0,899999999999999;198;198;0;0,666666666666667;0,454545454545455;0,666666666666667;0,454545454545455;0,212121212121212;11;3;5;2;6;1;6;1;5;0;0;1
"785112";"2018-0352";"Paris Masters";"Hard";"64";"Masters";62;124;"Dominic Thiem";"R";185;"AUT";25,1;120;"Jack Sock";"R";185;"USA";26;"4-6 6-4 6-4";3;"QF";134;8;8;97;60;44;19;15;8;10;9;5;96;59;44;19;15;7;10;8;3825;23;1760;4;6;6;NA;NA;6;4;4;NA;NA;2018-10-29;2018;"2018-0352:62";334;0;4;2,47643804394299;120;"Jack Sock";124;"Dominic Thiem";2,47643804394299;4;-1,52356195605701;26;25,1;0,899999999999999;185;185;0;0,8;0,7;0,7;0,8;-0,1;10;10;7;8;3;2;2;3;-1;0;0;1
"785113";"2018-0352";"Paris Masters";"Hard";"64";"Masters";63;31;"Novak Djokovic";"R";188;"SRB";31,4;41;"Roger Federer";"R";185;"SUI";37,2;"7-6(6) 5-7 7-6(3)";3;"SF";182;8;0;113;76;56;28;18;1;2;17;2;139;93;69;25;18;12;12;2;7445;3;6260;7;5;7;NA;NA;6;7;6;NA;NA;2018-10-29;2018;"2018-0352:63";335;1;6;5,41503749927884;31;"Novak Djokovic";41;"Roger Federer";6;5,41503749927884;0,584962500721156;31,4;37,2;-5,8;188;185;3;0,5;1;0,5;1;-0,5;12;2;12;1;0;1;0;1;-1;0;0;1
"785114";"2018-0352";"Paris Masters";"Hard";"64";"Masters";64;67;"Karen Khachanov";"R";198;"RUS";22,4;124;"Dominic Thiem";"R";185;"AUT";25,1;"6-4 6-1";3;"SF";70;2;0;47;35;24;8;8;2;3;3;0;55;29;19;8;9;3;8;18;1845;8;3825;6;6;NA;NA;NA;4;1;NA;NA;NA;2018-10-29;2018;"2018-0352:64";336;1;2,83007499855769;4;67;"Karen Khachanov";124;"Dominic Thiem";2,83007499855769;4;-1,16992500144231;22,4;25,1;-2,7;198;185;13;0,666666666666667;0,375;0,666666666666667;0,375;0,291666666666667;8;3;3;2;5;1;5;1;4;0;0;1
"785115";"2018-0352";"Paris Masters";"Hard";"64";"Masters";65;67;"Karen Khachanov";"R";198;"RUS";22,4;31;"Novak Djokovic";"R";188;"SRB";31,4;"7-5 6-4";3;"F";97;9;2;66;50;38;8;11;4;5;5;1;71;43;30;14;11;5;8;18;1845;2;7445;7;6;NA;NA;NA;5;4;NA;NA;NA;2018-10-29;2018;"2018-0352:65";337;0;2,83007499855769;6;31;"Novak Djokovic";67;"Karen Khachanov";6;2,83007499855769;3,16992500144231;31,4;22,4;9;188;198;-10;0,8;0,625;0,625;0,8;-0,175;8;5;5;4;3;1;1;3;-2;0;0;1
"791552";"2019-M006";"Indian Wells Masters";"Hard";"128";"Masters";14;38;"Christopher Eubanks";"R";201;"USA";22,8;56;"Lloyd Harris";"R";193;"RSA";22;"7-5 7-5";3;"Q1";86;7;1;78;56;44;11;12;2;2;2;1;69;43;30;16;12;0;2;154;363;92;625;7;7;NA;NA;NA;5;5;NA;NA;NA;2019-03-04;2019;"2019-M006:14";338;1;0,733213459305099;1,47643804394299;38;"Christopher Eubanks";56;"Lloyd Harris";0,733213459305099;1,47643804394299;-0,743224584637888;22,8;22;0,800000000000001;201;193;8;1;0;1;0;1;2;2;0;2;2;0;2;0;2;0;0;1
"791554";"2019-M006";"Indian Wells Masters";"Hard";"128";"Masters";16;50;"Marcos Giron";"R";180;"USA";25,6;40;"Thomas Fabbiano";"R";173;"ITA";29,7;"6-3 2-6 6-4";3;"Q1";109;5;3;80;48;35;16;14;2;5;0;5;80;46;31;20;13;3;6;217;233;83;665;6;2;6;NA;NA;3;6;4;NA;NA;2019-03-04;2019;"2019-M006:16";339;0;0,23844876755552;1,62496056865308;40;"Thomas Fabbiano";50;"Marcos Giron";1,62496056865308;0,23844876755552;1,38651180109756;29,7;25,6;4,1;173;180;-7;0,4;0,5;0,5;0,4;0,1;6;5;3;2;3;3;3;3;0;0;0;1
"791562";"2019-M006";"Indian Wells Masters";"Hard";"128";"Masters";24;1;"Radu Albot";"R";175;"MDA";29,3;74;"Mitchell Krueger";"R";188;"USA";25,1;"6-1 6-4";3;"Q1";82;3;0;53;39;31;9;9;2;2;1;1;50;31;20;8;8;2;5;53;920;160;338;6;6;NA;NA;NA;1;4;NA;NA;NA;2019-03-04;2019;"2019-M006:24";340;1;2,2720795454368;0,678071905112637;1;"Radu Albot";74;"Mitchell Krueger";2,2720795454368;0,678071905112637;1,59400764032416;29,3;25,1;4,2;175;188;-13;1;0,4;1;0,4;0,6;5;2;2;2;3;0;3;0;3;0;0;1
"791563";"2019-M006";"Indian Wells Masters";"Hard";"128";"Masters";25;43;"Bjorn Fratangelo";"R";183;"USA";25,6;110;"Andrey Rublev";"R";188;"RUS";21,3;"6-7(1) 7-6(6) 6-0";3;"Q2";133;6;6;107;65;49;21;15;8;10;8;10;104;55;41;23;15;6;11;128;452;102;560;6;7;6;NA;NA;7;6;0;NA;NA;2019-03-04;2019;"2019-M006:25";341;1;1;1,3275746580285;43;"Bjorn Fratangelo";110;"Andrey Rublev";1;1,3275746580285;-0,327574658028505;25,6;21,3;4,3;183;188;-5;0,8;0,545454545454545;0,8;0,545454545454545;0,254545454545455;11;10;6;8;5;2;5;2;3;0;0;1
"791567";"2019-M006";"Indian Wells Masters";"Hard";"128";"Masters";29;73;"Filip Krajinovic";"R";185;"SRB";27;8;"Ricardas Berankis";"R";175;"LTU";28,7;"6-3 7-5";3;"Q2";94;5;2;75;44;28;13;11;3;7;1;6;69;31;14;16;10;1;7;113;515;95;606;6;7;NA;NA;NA;3;5;NA;NA;NA;2019-03-04;2019;"2019-M006:29";342;0;1,17982103758481;1,43014439166905;8;"Ricardas Berankis";73;"Filip Krajinovic";1,43014439166905;1,17982103758481;0,25032335408424;28,7;27;1,7;175;185;-10;0,428571428571429;0,142857142857143;0,142857142857143;0,428571428571429;-0,285714285714286;7;7;1;3;6;4;4;6;-2;0;0;1
"791570";"2019-M006";"Indian Wells Masters";"Hard";"128";"Masters";32;50;"Marcos Giron";"R";180;"USA";25,6;66;"Miomir Kecmanovic";"R";183;"SRB";19,5;"6-7(3) 7-5 7-6(4)";3;"Q2";156;7;8;123;69;50;23;18;8;13;4;6;120;68;44;28;18;3;9;217;233;130;450;6;7;7;NA;NA;7;5;6;NA;NA;2019-03-04;2019;"2019-M006:32";343;1;0,23844876755552;0,977632186971546;50;"Marcos Giron";66;"Miomir Kecmanovic";0,23844876755552;0,977632186971546;-0,739183419416025;25,6;19,5;6,1;180;183;-3;0,615384615384615;0,333333333333333;0,615384615384615;0,333333333333333;0,282051282051282;9;13;3;8;6;5;6;5;1;0;0;1
"791572";"2019-M006";"Indian Wells Masters";"Hard";"128";"Masters";34;58;"Ugo Humbert";"L";188;"FRA";20,6;131;"J J Wolf";"R";183;"USA";20,1;"7-5 7-5";3;"Q2";97;9;3;66;35;30;13;12;3;5;3;6;84;40;26;21;12;5;9;66;801;287;141;7;7;NA;NA;NA;5;5;NA;NA;NA;2019-03-04;2019;"2019-M006:34";344;1;1,95560588064155;-0,164906926675688;58;"Ugo Humbert";131;"J J Wolf";1,95560588064155;-0,164906926675688;2,12051280731723;20,6;20,1;0,5;188;183;5;0,6;0,555555555555556;0,6;0,555555555555556;0,0444444444444444;9;5;5;3;4;2;4;2;2;0;0;1
"791576";"2019-M006";"Indian Wells Masters";"Hard";"128";"Masters";38;70;"Philipp Kohlschreiber";"R";178;"GER";35,3;57;"Pierre Hugues Herbert";"R";188;"FRA";27,9;"6-4 6-0";3;"R128";69;3;0;43;32;26;8;8;1;1;2;5;62;34;20;11;8;9;13;39;1160;44;1039;6;6;NA;NA;NA;4;0;NA;NA;NA;2019-03-04;2019;"2019-M006:38";345;0;2,71459778113775;2,5405683813627;57;"Pierre Hugues Herbert";70;"Philipp Kohlschreiber";2,5405683813627;2,71459778113775;-0,174029399775049;27,9;35,3;-7,4;188;178;10;1;0,692307692307692;0,692307692307692;1;-0,307692307692308;13;1;9;1;4;0;0;4;-4;0;0;1
"791577";"2019-M006";"Indian Wells Masters";"Hard";"128";"Masters";39;84;"Leonardo Mayer";"R";188;"ARG";31,8;99;"Reilly Opelka";"R";211;"USA";21,5;"7-6(6) 7-6(2)";3;"R128";108;9;2;86;51;40;23;12;6;7;14;4;76;47;38;14;12;0;1;56;895;59;858;7;7;NA;NA;NA;6;6;NA;NA;NA;2019-03-04;2019;"2019-M006:39";346;1;2,1926450779424;2,11735695063816;84;"Leonardo Mayer";99;"Reilly Opelka";2,1926450779424;2,11735695063816;0,0752881273042378;31,8;21,5;10,3;188;211;-23;0,857142857142857;0;0,857142857142857;0;0,857142857142857;1;7;0;6;1;1;1;1;0;0;0;1
"791578";"2019-M006";"Indian Wells Masters";"Hard";"128";"Masters";40;108;"Albert Ramos";"L";188;"ESP";31,1;34;"Damir Dzumhur";"R";172;"BIH";26,7;"6-1 6-2";3;"R128";68;1;2;49;30;20;10;7;4;5;1;2;57;38;19;6;8;10;16;91;625;54;915;6;6;NA;NA;NA;1;2;NA;NA;NA;2019-03-04;2019;"2019-M006:40";347;0;1,4922053598013;2,24511249783653;34;"Damir Dzumhur";108;"Albert Ramos";2,24511249783653;1,4922053598013;0,752907138035228;26,7;31,1;-4,4;172;188;-16;0,8;0,625;0,625;0,8;-0,175;16;5;10;4;6;1;1;6;-5;0;0;1
"791579";"2019-M006";"Indian Wells Masters";"Hard";"128";"Masters";41;65;"Ivo Karlovic";"R";208;"CRO";40;35;"Matthew Ebden";"R";188;"AUS";31,2;"7-6(3) 7-6(3)";3;"R128";109;18;7;93;50;40;21;12;4;5;2;8;85;52;35;19;12;4;5;89;629;49;956;7;7;NA;NA;NA;6;6;NA;NA;NA;2019-03-04;2019;"2019-M006:41";348;0;1,5242665690336;2,38529015588479;35;"Matthew Ebden";65;"Ivo Karlovic";2,38529015588479;1,5242665690336;0,861023586851189;31,2;40;-8,8;188;208;-20;0,8;0,8;0,8;0,8;0;5;5;4;4;1;1;1;1;0;0;0;1
"791581";"2019-M006";"Indian Wells Masters";"Hard";"128";"Masters";43;62;"Malek Jaziri";"R";185;"TUN";35,1;68;"Bradley Klahn";"L";190;"USA";28,5;"6-4 6-2";3;"R128";67;1;2;54;34;28;11;9;1;1;5;1;48;32;22;7;9;1;4;60;847;90;627;6;6;NA;NA;NA;4;2;NA;NA;NA;2019-03-04;2019;"2019-M006:43";349;1;2,09310940439148;1,50814690367033;62;"Malek Jaziri";68;"Bradley Klahn";2,09310940439148;1,50814690367033;0,584962500721156;35,1;28,5;6,6;185;190;-5;1;0,25;1;0,25;0,75;4;1;1;1;3;0;3;0;3;0;0;1
"791582";"2019-M006";"Indian Wells Masters";"Hard";"128";"Masters";44;125;"Jordan Thompson";"R";183;"AUS";24,8;28;"Federico Delbonis";"L";190;"ARG";28,4;"6-4 6-7(6) 7-6(5)";3;"R128";202;0;3;128;85;50;25;17;8;13;3;6;127;77;47;24;17;5;11;77;703;80;691;6;6;7;NA;NA;4;7;6;NA;NA;2019-03-04;2019;"2019-M006:44";350;0;1,7332134593051;1,67807190511264;28;"Federico Delbonis";125;"Jordan Thompson";1,67807190511264;1,7332134593051;-0,0551415541924616;28,4;24,8;3,6;190;183;7;0,615384615384615;0,454545454545455;0,454545454545455;0,615384615384615;-0,160839160839161;11;13;5;8;6;5;5;6;-1;0;0;1
"791584";"2019-M006";"Indian Wells Masters";"Hard";"128";"Masters";46;123;"Jan Lennard Struff";"R";193;"GER";28,8;87;"John Millman";"R";183;"AUS";29,7;"6-1 6-3";3;"R128";71;6;0;51;34;26;7;8;2;3;1;4;69;40;20;13;8;6;11;55;910;42;1091;6;6;NA;NA;NA;1;3;NA;NA;NA;2019-03-04;2019;"2019-M006:46";351;0;2,21864028647534;2,60768257722124;87;"John Millman";123;"Jan Lennard Struff";2,60768257722124;2,21864028647534;0,389042290745899;29,7;28,8;0,899999999999999;183;193;-10;0,666666666666667;0,545454545454545;0,545454545454545;0,666666666666667;-0,121212121212121;11;3;6;2;5;1;1;5;-4;0;0;1
"791585";"2019-M006";"Indian Wells Masters";"Hard";"128";"Masters";47;50;"Marcos Giron";"R";180;"USA";25,6;18;"Jeremy Chardy";"R";188;"FRA";32;"7-6(3) 7-6(1)";3;"R128";119;4;4;82;44;35;23;12;2;3;8;10;104;59;44;19;12;10;11;217;233;37;1180;7;7;NA;NA;NA;6;6;NA;NA;NA;2019-03-04;2019;"2019-M006:47";352;0;0,23844876755552;2,79054663437105;18;"Jeremy Chardy";50;"Marcos Giron";2,79054663437105;0,23844876755552;2,55209786681553;32;25,6;6,4;188;180;8;0,666666666666667;0,909090909090909;0,909090909090909;0,666666666666667;0,242424242424242;11;3;10;2;1;1;1;1;0;0;0;1
"791586";"2019-M006";"Indian Wells Masters";"Hard";"128";"Masters";48;107;"Sam Querrey";"R";198;"USA";31,4;9;"Matteo Berrettini";"R";196;"ITA";22,8;"7-6(5) 2-6 6-4";3;"R128";123;7;5;107;58;41;24;15;2;6;7;1;92;65;45;17;15;5;8;51;925;57;895;7;2;6;NA;NA;6;6;4;NA;NA;2019-03-04;2019;"2019-M006:48";353;0;2,3275746580285;2,16710998583526;9;"Matteo Berrettini";107;"Sam Querrey";2,16710998583526;2,3275746580285;-0,160464672193246;22,8;31,4;-8,6;196;198;-2;0,333333333333333;0,625;0,625;0,333333333333333;0,291666666666667;8;6;5;2;3;4;4;3;1;0;0;1
"791587";"2019-M006";"Indian Wells Masters";"Hard";"128";"Masters";49;4;"Felix Auger Aliassime";"R";193;"CAN";18,5;98;"Cameron Norrie";"L";188;"GBR";23,5;"6-3 6-2";3;"R128";62;6;0;50;40;32;6;9;2;2;1;2;41;27;16;8;8;0;3;58;872;48;957;6;6;NA;NA;NA;3;2;NA;NA;NA;2019-03-04;2019;"2019-M006:49";354;1;2,14201900487243;2,41503749927884;4;"Felix Auger Aliassime";98;"Cameron Norrie";2,14201900487243;2,41503749927884;-0,273018494406416;18,5;23,5;-5;193;188;5;1;0;1;0;1;3;2;0;2;3;0;3;0;3;0;0;1
"791588";"2019-M006";"Indian Wells Masters";"Hard";"128";"Masters";50;97;"Yoshihito Nishioka";"L";170;"JPN";23,4;75;"Denis Kudla";"R";180;"USA";26,5;"3-6 6-3 6-2";3;"R128";113;2;1;78;50;30;15;13;5;9;3;2;80;46;26;14;13;5;11;74;729;65;803;3;6;6;NA;NA;6;3;2;NA;NA;2019-03-04;2019;"2019-M006:50";355;0;1,79054663437105;1,97763218697155;75;"Denis Kudla";97;"Yoshihito Nishioka";1,97763218697155;1,79054663437105;0,187085552600496;26,5;23,4;3,1;180;170;10;0,555555555555556;0,454545454545455;0,454545454545455;0,555555555555556;-0,101010101010101;11;9;5;5;6;4;4;6;-2;0;0;1
"791591";"2019-M006";"Indian Wells Masters";"Hard";"128";"Masters";53;82;"Adrian Mannarino";"L";183;"FRA";30,6;114;"Tennys Sandgren";"R";188;"USA";27,6;"6-2 6-7(5) 6-1";3;"R128";146;5;2;95;51;36;28;14;5;6;0;5;92;52;35;16;13;7;12;52;920;84;663;6;6;6;NA;NA;2;7;1;NA;NA;2019-03-04;2019;"2019-M006:53";356;1;2,29956028185891;1,60768257722124;82;"Adrian Mannarino";114;"Tennys Sandgren";2,29956028185891;1,60768257722124;0,691877704637669;30,6;27,6;3;183;188;-5;0,833333333333333;0,583333333333333;0,833333333333333;0,583333333333333;0,25;12;6;7;5;5;1;5;1;4;0;0;1
"791593";"2019-M006";"Indian Wells Masters";"Hard";"128";"Masters";55;63;"Steve Johnson";"R";188;"USA";29,1;44;"Taylor Fritz";"R";193;"USA";21,3;"6-3 6-3";3;"R128";59;3;0;44;23;22;12;9;1;2;3;3;48;32;20;7;9;4;8;38;1170;46;970;6;6;NA;NA;NA;3;3;NA;NA;NA;2019-03-04;2019;"2019-M006:55";357;0;2,75207248655641;2,47643804394299;44;"Taylor Fritz";63;"Steve Johnson";2,47643804394299;2,75207248655641;-0,275634442613428;21,3;29,1;-7,8;193;188;5;0,5;0,5;0,5;0,5;0;8;2;4;1;4;1;1;4;-3;0;0;1
"791594";"2019-M006";"Indian Wells Masters";"Hard";"128";"Masters";56;80;"Dusan Lajovic";"R";180;"SRB";28,6;24;"Taro Daniel";"R";191;"JPN";26;"7-6(6) 6-4";3;"R128";118;4;1;79;56;33;14;11;3;6;2;2;84;59;37;11;11;6;10;45;1010;71;761;7;6;NA;NA;NA;6;4;NA;NA;NA;2019-03-04;2019;"2019-M006:56";358;0;2,50814690367033;1,85025288049532;24;"Taro Daniel";80;"Dusan Lajovic";1,85025288049532;2,50814690367033;-0,657894023175007;26;28,6;-2,6;191;180;11;0,5;0,6;0,6;0,5;0,1;10;6;6;3;4;3;3;4;-1;0;0;1
"791597";"2019-M006";"Indian Wells Masters";"Hard";"128";"Masters";59;130;"Stan Wawrinka";"R";183;"SUI";33,9;39;"Daniel Evans";"R";175;"GBR";28,7;"6-7(4) 6-3 6-3";3;"R128";128;8;0;90;53;44;18;15;7;9;1;1;85;53;33;21;15;6;11;40;1130;100;591;6;6;6;NA;NA;7;3;3;NA;NA;2019-03-04;2019;"2019-M006:59";359;0;2,67807190511264;1,35614381022528;39;"Daniel Evans";130;"Stan Wawrinka";1,35614381022528;2,67807190511264;-1,32192809488736;28,7;33,9;-5,2;175;183;-8;0,777777777777778;0,545454545454545;0,545454545454545;0,777777777777778;-0,232323232323232;11;9;6;7;5;2;2;5;-3;0;0;1
"791598";"2019-M006";"Indian Wells Masters";"Hard";"128";"Masters";60;52;"Peter Gojowczyk";"R";185;"GER";29,6;116;"Andreas Seppi";"R";190;"ITA";35;"7-5 6-4";3;"R128";90;1;4;70;41;28;14;11;2;5;5;3;75;39;26;15;11;6;11;85;640;47;960;7;6;NA;NA;NA;5;4;NA;NA;NA;2019-03-04;2019;"2019-M006:60";360;1;1,5906090638623;2,44541114832236;52;"Peter Gojowczyk";116;"Andreas Seppi";1,5906090638623;2,44541114832236;-0,854802084460064;29,6;35;-5,4;185;190;-5;0,4;0,545454545454545;0,4;0,545454545454545;-0,145454545454545;11;5;6;2;5;3;5;3;2;0;0;1
"791599";"2019-M006";"Indian Wells Masters";"Hard";"128";"Masters";61;104;"Alexei Popyrin";"R";196;"AUS";19,5;91;"Jaume Munar";"R";183;"ESP";21,8;"7-6(7) 6-3";3;"R128";108;3;5;75;45;28;16;10;4;6;5;1;78;42;28;15;11;1;5;131;449;61;842;7;6;NA;NA;NA;6;3;NA;NA;NA;2019-03-04;2019;"2019-M006:61";361;0;0,96657699846255;2,06926266243711;91;"Jaume Munar";104;"Alexei Popyrin";2,06926266243711;0,96657699846255;1,10268566397456;21,8;19,5;2,3;183;196;-13;0,666666666666667;0,2;0,2;0,666666666666667;-0,466666666666667;5;6;1;4;4;2;2;4;-2;0;0;1
"791603";"2019-M006";"Indian Wells Masters";"Hard";"128";"Masters";65;85;"Mackenzie Mcdonald";"R";178;"USA";23,8;122;"Joao Sousa";"R";185;"POR";29,9;"6-4 3-6 6-3";3;"R128";113;6;2;85;52;36;17;14;6;9;0;2;79;55;36;12;14;0;4;62;833;41;1107;6;3;6;NA;NA;4;6;3;NA;NA;2019-03-04;2019;"2019-M006:65";362;1;2,04580368961313;2,64244799538192;85;"Mackenzie Mcdonald";122;"Joao Sousa";2,04580368961313;2,64244799538192;-0,596644305768791;23,8;29,9;-6,1;178;185;-7;0,666666666666667;0;0,666666666666667;0;0,666666666666667;4;9;0;6;4;3;4;3;1;0;0;1
"791604";"2019-M006";"Indian Wells Masters";"Hard";"128";"Masters";66;73;"Filip Krajinovic";"R";185;"SRB";27;76;"Mikhail Kukushkin";"R";183;"KAZ";31,1;"6-3 6-4";3;"R128";80;5;1;53;35;26;10;10;1;3;2;2;58;34;15;14;9;1;5;113;515;43;1075;6;6;NA;NA;NA;3;4;NA;NA;NA;2019-03-04;2019;"2019-M006:66";363;1;1,17982103758481;2,5737352452979;73;"Filip Krajinovic";76;"Mikhail Kukushkin";1,17982103758481;2,5737352452979;-1,39391420771309;27;31,1;-4,1;185;183;2;0,333333333333333;0,2;0,333333333333333;0,2;0,133333333333333;5;3;1;1;4;2;4;2;2;0;0;1
"791607";"2019-M006";"Indian Wells Masters";"Hard";"128";"Masters";69;31;"Novak Djokovic";"R";188;"SRB";31,7;43;"Bjorn Fratangelo";"R";183;"USA";25,6;"7-6(5) 6-2";3;"R64";89;3;0;61;37;28;17;10;1;2;6;5;69;38;23;14;10;2;5;1;10955;128;452;7;6;NA;NA;NA;6;2;NA;NA;NA;2019-03-04;2019;"2019-M006:69";364;1;8;1;31;"Novak Djokovic";43;"Bjorn Fratangelo";8;1;7;31,7;25,6;6,1;188;183;5;0,5;0,4;0,5;0,4;0,1;5;2;2;1;3;1;3;1;2;0;0;1
"791608";"2019-M006";"Indian Wells Masters";"Hard";"128";"Masters";70;70;"Philipp Kohlschreiber";"R";178;"GER";35,3;78;"Nick Kyrgios";"R";193;"AUS";23,8;"6-4 6-4";3;"R64";74;3;1;60;38;31;13;10;5;5;10;2;64;47;33;8;10;2;4;39;1160;33;1205;6;6;NA;NA;NA;4;4;NA;NA;NA;2019-03-04;2019;"2019-M006:70";365;1;2,71459778113775;2,95560588064155;70;"Philipp Kohlschreiber";78;"Nick Kyrgios";2,71459778113775;2,95560588064155;-0,241008099503795;35,3;23,8;11,5;178;193;-15;1;0,5;1;0,5;0,5;4;5;2;5;2;0;2;0;2;0;0;1
"791609";"2019-M006";"Indian Wells Masters";"Hard";"128";"Masters";71;88;"Gael Monfils";"R";193;"FRA";32,5;84;"Leonardo Mayer";"R";188;"ARG";31,8;"6-4 3-6 6-3";3;"R64";119;5;4;83;58;41;13;14;3;6;2;8;91;49;37;17;14;4;8;19;1740;56;895;6;3;6;NA;NA;4;6;3;NA;NA;2019-03-04;2019;"2019-M006:71";366;0;3,75207248655641;2,1926450779424;84;"Leonardo Mayer";88;"Gael Monfils";2,1926450779424;3,75207248655641;-1,55942740861402;31,8;32,5;-0,699999999999999;188;193;-5;0,5;0,5;0,5;0,5;0;8;6;4;3;4;3;3;4;-1;0;0;1
"791610";"2019-M006";"Indian Wells Masters";"Hard";"128";"Masters";72;108;"Albert Ramos";"L";188;"ESP";31,1;17;"Marco Cecchinato";"R";185;"ITA";26,4;"6-4 6-2";3;"R64";74;1;2;59;39;30;11;9;6;6;3;3;46;28;19;9;9;0;3;91;625;16;2091;6;6;NA;NA;NA;4;2;NA;NA;NA;2019-03-04;2019;"2019-M006:72";367;0;1,4922053598013;4;17;"Marco Cecchinato";108;"Albert Ramos";4;1,4922053598013;2,5077946401987;26,4;31,1;-4,7;185;188;-3;1;0;0;1;-1;3;6;0;6;3;0;0;3;-3;0;0;1
"791611";"2019-M006";"Indian Wells Masters";"Hard";"128";"Masters";73;65;"Ivo Karlovic";"R";208;"CRO";40;22;"Borna Coric";"R";188;"CRO";22,2;"6-4 7-6(2)";3;"R64";92;20;3;63;45;38;8;11;0;1;4;1;71;50;29;16;11;2;4;89;629;12;2695;6;7;NA;NA;NA;4;6;NA;NA;NA;2019-03-04;2019;"2019-M006:73";368;0;1,5242665690336;4,41503749927884;22;"Borna Coric";65;"Ivo Karlovic";4,41503749927884;1,5242665690336;2,89077093024524;22,2;40;-17,8;188;208;-20;0;0,5;0,5;0;0,5;4;1;2;0;2;1;1;2;-1;0;0;1
"791613";"2019-M006";"Indian Wells Masters";"Hard";"128";"Masters";75;118;"Gilles Simon";"R";183;"FRA";34,1;62;"Malek Jaziri";"R";185;"TUN";35,1;"6-3 6-7(6) 6-4";3;"R64";188;7;2;112;75;50;22;15;12;13;6;5;125;65;38;34;16;11;15;29;1305;60;847;6;6;6;NA;NA;3;7;4;NA;NA;2019-03-04;2019;"2019-M006:75";369;0;3,14201900487243;2,09310940439148;62;"Malek Jaziri";118;"Gilles Simon";2,09310940439148;3,14201900487243;-1,04890960048095;35,1;34,1;1;185;183;2;0,923076923076923;0,733333333333333;0,733333333333333;0,923076923076923;-0,18974358974359;15;13;11;12;4;1;1;4;-3;0;0;1
"791614";"2019-M006";"Indian Wells Masters";"Hard";"128";"Masters";76;124;"Dominic Thiem";"R";185;"AUT";25,4;125;"Jordan Thompson";"R";183;"AUS";24,8;"6-4 7-5";3;"R64";113;2;2;73;46;33;16;11;6;7;1;1;88;54;32;19;11;6;9;8;3800;77;703;6;7;NA;NA;NA;4;5;NA;NA;NA;2019-03-04;2019;"2019-M006:76";370;1;5;1,7332134593051;124;"Dominic Thiem";125;"Jordan Thompson";5;1,7332134593051;3,2667865406949;25,4;24,8;0,599999999999998;185;183;2;0,857142857142857;0,666666666666667;0,857142857142857;0,666666666666667;0,19047619047619;9;7;6;6;3;1;3;1;2;0;0;1
"791616";"2019-M006";"Indian Wells Masters";"Hard";"128";"Masters";78;123;"Jan Lennard Struff";"R";193;"GER";28,8;8;"Ricardas Berankis";"R";175;"LTU";28,7;"3-6 6-3 6-2";3;"R64";118;14;1;69;43;35;16;13;2;3;5;5;109;66;43;20;13;12;15;55;910;95;606;3;6;6;NA;NA;6;3;2;NA;NA;2019-03-04;2019;"2019-M006:78";371;0;2,21864028647534;1,43014439166905;8;"Ricardas Berankis";123;"Jan Lennard Struff";1,43014439166905;2,21864028647534;-0,788495894806288;28,7;28,8;-0,100000000000001;175;193;-18;0,666666666666667;0,8;0,8;0,666666666666667;0,133333333333333;15;3;12;2;3;1;1;3;-2;0;0;1
"791617";"2019-M006";"Indian Wells Masters";"Hard";"128";"Masters";79;50;"Marcos Giron";"R";180;"USA";25,6;26;"Alex De Minaur";"R";183;"AUS";20;"1-6 6-4 6-2";3;"R64";108;2;8;73;44;29;12;12;4;8;4;5;89;47;32;20;13;8;13;217;233;24;1508;1;6;6;NA;NA;6;4;2;NA;NA;2019-03-04;2019;"2019-M006:79";372;0;0,23844876755552;3,41503749927884;26;"Alex De Minaur";50;"Marcos Giron";3,41503749927884;0,23844876755552;3,17658873172332;20;25,6;-5,6;183;180;3;0,5;0,615384615384615;0,615384615384615;0,5;0,115384615384615;13;8;8;4;5;4;4;5;-1;0;0;1
"791618";"2019-M006";"Indian Wells Masters";"Hard";"128";"Masters";80;109;"Milos Raonic";"R";196;"CAN";28,1;107;"Sam Querrey";"R";198;"USA";31,4;"7-6(1) 6-4";3;"R64";104;18;7;79;37;30;27;11;4;4;10;5;77;43;31;18;11;4;5;14;2275;51;925;7;6;NA;NA;NA;6;4;NA;NA;NA;2019-03-04;2019;"2019-M006:80";373;0;4,1926450779424;2,3275746580285;107;"Sam Querrey";109;"Milos Raonic";2,3275746580285;4,1926450779424;-1,86507041991389;31,4;28,1;3,3;198;196;2;1;0,8;0,8;1;-0,2;5;4;4;4;1;0;0;1;-1;0;0;1
"791619";"2019-M006";"Indian Wells Masters";"Hard";"128";"Masters";81;4;"Felix Auger Aliassime";"R";193;"CAN";18,5;127;"Stefanos Tsitsipas";"R";193;"GRE";20,5;"6-4 6-2";3;"R64";77;4;5;62;43;35;10;9;7;7;3;0;47;39;25;3;9;0;3;58;872;10;3175;6;6;NA;NA;NA;4;2;NA;NA;NA;2019-03-04;2019;"2019-M006:81";374;1;2,14201900487243;4,67807190511264;4;"Felix Auger Aliassime";127;"Stefanos Tsitsipas";2,14201900487243;4,67807190511264;-2,53605290024021;18,5;20,5;-2;193;193;0;1;0;1;0;1;3;7;0;7;3;0;3;0;3;0;0;1
"791620";"2019-M006";"Indian Wells Masters";"Hard";"128";"Masters";82;97;"Yoshihito Nishioka";"L";170;"JPN";23,4;6;"Roberto Bautista Agut";"R";183;"ESP";30,8;"7-6(3) 6-4";3;"R64";102;2;4;72;44;29;18;11;3;5;1;1;72;42;26;16;11;4;7;74;729;22;1545;7;6;NA;NA;NA;6;4;NA;NA;NA;2019-03-04;2019;"2019-M006:82";375;0;1,79054663437105;3,5405683813627;6;"Roberto Bautista Agut";97;"Yoshihito Nishioka";3,5405683813627;1,79054663437105;1,75002174699165;30,8;23,4;7,4;183;170;13;0,6;0,571428571428571;0,571428571428571;0,6;-0,0285714285714286;7;5;4;3;3;2;2;3;-1;0;0;1
"791623";"2019-M006";"Indian Wells Masters";"Hard";"128";"Masters";85;96;"Kei Nishikori";"R";178;"JPN";29,1;82;"Adrian Mannarino";"L";183;"FRA";30,6;"6-4 4-6 7-6(4)";3;"R64";153;3;2;101;64;41;20;16;3;7;1;4;110;68;45;19;16;7;11;7;4190;52;920;6;4;7;NA;NA;4;6;6;NA;NA;2019-03-04;2019;"2019-M006:85";376;0;5,1926450779424;2,29956028185891;82;"Adrian Mannarino";96;"Kei Nishikori";2,29956028185891;5,1926450779424;-2,89308479608349;30,6;29,1;1,5;183;178;5;0,428571428571429;0,636363636363636;0,636363636363636;0,428571428571429;0,207792207792208;11;7;7;3;4;4;4;4;0;0;0;1
"791624";"2019-M006";"Indian Wells Masters";"Hard";"128";"Masters";86;59;"Hubert Hurkacz";"R";196;"POL";22;106;"Lucas Pouille";"R";185;"FRA";25;"6-2 3-6 6-4";3;"R64";121;6;1;74;39;27;20;13;6;9;5;4;104;65;40;17;14;8;13;67;798;30;1265;6;3;6;NA;NA;2;6;4;NA;NA;2019-03-04;2019;"2019-M006:86";377;1;1,93391080954223;3,09310940439148;59;"Hubert Hurkacz";106;"Lucas Pouille";1,93391080954223;3,09310940439148;-1,15919859484925;22;25;-3;196;185;11;0,666666666666667;0,615384615384615;0,666666666666667;0,615384615384615;0,0512820512820512;13;9;8;6;5;3;5;3;2;0;0;1
"791625";"2019-M006";"Indian Wells Masters";"Hard";"128";"Masters";87;117;"Denis Shapovalov";"L";185;"CAN";19,8;63;"Steve Johnson";"R";188;"USA";29,1;"6-3 6-4";3;"R64";81;8;4;63;43;39;6;10;2;2;1;4;59;31;22;14;9;2;4;25;1485;38;1170;6;6;NA;NA;NA;3;4;NA;NA;NA;2019-03-04;2019;"2019-M006:87";378;0;3,35614381022528;2,75207248655641;63;"Steve Johnson";117;"Denis Shapovalov";2,75207248655641;3,35614381022528;-0,604071323668861;29,1;19,8;9,3;188;185;3;1;0,5;0,5;1;-0,5;4;2;2;2;2;0;0;2;-2;0;0;1
"791626";"2019-M006";"Indian Wells Masters";"Hard";"128";"Masters";88;19;"Marin Cilic";"R";198;"CRO";30,4;80;"Dusan Lajovic";"R";180;"SRB";28,6;"6-3 6-4";3;"R64";93;7;1;61;35;27;13;10;4;6;1;2;70;42;23;15;9;11;15;11;3095;45;1010;6;6;NA;NA;NA;3;4;NA;NA;NA;2019-03-04;2019;"2019-M006:88";379;1;4,5405683813627;2,50814690367033;19;"Marin Cilic";80;"Dusan Lajovic";4,5405683813627;2,50814690367033;2,03242147769238;30,4;28,6;1,8;198;180;18;0,666666666666667;0,733333333333333;0,666666666666667;0,733333333333333;-0,0666666666666667;15;6;11;4;4;2;4;2;2;0;0;1
"791627";"2019-M006";"Indian Wells Masters";"Hard";"128";"Masters";89;1;"Radu Albot";"R";175;"MDA";29,3;42;"Fabio Fognini";"R";178;"ITA";31,7;"6-0 7-6(4)";3;"R64";86;4;1;57;31;24;16;9;3;5;0;2;61;31;18;13;9;4;9;53;920;17;1885;6;7;NA;NA;NA;0;6;NA;NA;NA;2019-03-04;2019;"2019-M006:89";380;1;2,2720795454368;3,91253715874966;1;"Radu Albot";42;"Fabio Fognini";2,2720795454368;3,91253715874966;-1,64045761331286;29,3;31,7;-2,4;175;178;-3;0,6;0,444444444444444;0,6;0,444444444444444;0,155555555555556;9;5;4;3;5;2;5;2;3;0;0;1
"791629";"2019-M006";"Indian Wells Masters";"Hard";"128";"Masters";91;130;"Stan Wawrinka";"R";183;"SUI";33,9;45;"Marton Fucsovics";"R";188;"HUN";27;"6-4 6-7(5) 7-5";3;"R64";204;5;4;142;87;59;23;17;21;25;1;8;138;80;51;26;17;17;23;40;1130;31;1220;6;6;7;NA;NA;4;7;5;NA;NA;2019-03-04;2019;"2019-M006:91";381;0;2,67807190511264;3,04580368961313;45;"Marton Fucsovics";130;"Stan Wawrinka";3,04580368961313;2,67807190511264;0,367731784500488;27;33,9;-6,9;188;183;5;0,84;0,739130434782609;0,739130434782609;0,84;-0,100869565217391;23;25;17;21;6;4;4;6;-2;0;0;1
"791630";"2019-M006";"Indian Wells Masters";"Hard";"128";"Masters";92;41;"Roger Federer";"R";185;"SUI";37,5;52;"Peter Gojowczyk";"R";185;"GER";29,6;"6-1 7-5";3;"R64";77;2;6;58;32;26;15;10;6;7;6;6;78;42;27;14;9;10;14;4;4600;85;640;6;7;NA;NA;NA;1;5;NA;NA;NA;2019-03-04;2019;"2019-M006:92";382;1;6;1,5906090638623;41;"Roger Federer";52;"Peter Gojowczyk";6;1,5906090638623;4,4093909361377;37,5;29,6;7,9;185;185;0;0,857142857142857;0,714285714285714;0,857142857142857;0,714285714285714;0,142857142857143;14;7;10;6;4;1;4;1;3;0;0;1
"791631";"2019-M006";"Indian Wells Masters";"Hard";"128";"Masters";93;60;"John Isner";"R";206;"USA";33,8;104;"Alexei Popyrin";"R";196;"AUS";19,5;"6-0 6-2";3;"R64";54;6;1;37;25;21;9;7;0;0;1;1;46;24;12;7;7;3;8;9;3405;131;449;6;6;NA;NA;NA;0;2;NA;NA;NA;2019-03-04;2019;"2019-M006:93";383;1;4,83007499855769;0,96657699846255;60;"John Isner";104;"Alexei Popyrin";4,83007499855769;0,96657699846255;3,86349800009514;33,8;19,5;14,3;206;196;10;1,5;0,375;1,5;0,375;1,125;8;0;3;0;5;0;5;0;5;0;0;1
"791633";"2019-M006";"Indian Wells Masters";"Hard";"128";"Masters";95;110;"Andrey Rublev";"R";188;"RUS";21,3;55;"Robin Haase";"R";190;"NED";31,9;"6-3 3-6 6-3";3;"R64";118;4;4;95;59;38;14;14;6;11;7;6;87;46;33;14;13;8;14;102;560;68;780;6;3;6;NA;NA;3;6;3;NA;NA;2019-03-04;2019;"2019-M006:95";384;0;1,3275746580285;1,91253715874966;55;"Robin Haase";110;"Andrey Rublev";1,91253715874966;1,3275746580285;0,584962500721156;31,9;21,3;10,6;190;188;2;0,545454545454545;0,571428571428571;0,571428571428571;0,545454545454545;0,025974025974026;14;11;8;6;6;5;5;6;-1;0;0;1
"791634";"2019-M006";"Indian Wells Masters";"Hard";"128";"Masters";96;67;"Karen Khachanov";"R";198;"RUS";22,7;81;"Feliciano Lopez";"L";188;"ESP";37,4;"6-3 1-6 6-4";3;"R64";101;7;0;65;38;26;16;13;1;5;6;5;91;51;33;19;13;8;12;13;2675;78;700;6;1;6;NA;NA;3;6;4;NA;NA;2019-03-04;2019;"2019-M006:96";385;1;4,29956028185891;1,71459778113775;67;"Karen Khachanov";81;"Feliciano Lopez";4,29956028185891;1,71459778113775;2,58496250072116;22,7;37,4;-14,7;198;188;10;0,2;0,666666666666667;0,2;0,666666666666667;-0,466666666666667;12;5;8;1;4;4;4;4;0;0;0;1
"791635";"2019-M006";"Indian Wells Masters";"Hard";"128";"Masters";97;86;"Daniil Medvedev";"R";198;"RUS";23;85;"Mackenzie Mcdonald";"R";178;"USA";23,8;"7-5 6-0";3;"R64";68;5;4;51;28;24;12;9;0;1;0;4;51;33;18;8;9;6;11;15;2230;62;833;7;6;NA;NA;NA;5;0;NA;NA;NA;2019-03-04;2019;"2019-M006:97";386;0;4,09310940439148;2,04580368961313;85;"Mackenzie Mcdonald";86;"Daniil Medvedev";2,04580368961313;4,09310940439148;-2,04730571477836;23,8;23;0,800000000000001;178;198;-20;0;0,545454545454545;0,545454545454545;0;0,545454545454545;11;1;6;0;5;1;1;5;-4;0;0;1
"791636";"2019-M006";"Indian Wells Masters";"Hard";"128";"Masters";98;73;"Filip Krajinovic";"R";185;"SRB";27;51;"David Goffin";"R";180;"BEL";28,2;"6-3 6-3";3;"R64";83;1;0;60;35;24;9;9;7;10;4;6;61;35;17;10;9;9;15;113;515;21;1650;6;6;NA;NA;NA;3;3;NA;NA;NA;2019-03-04;2019;"2019-M006:98";387;0;1,17982103758481;3,60768257722124;51;"David Goffin";73;"Filip Krajinovic";3,60768257722124;1,17982103758481;2,42786153963643;28,2;27;1,2;180;185;-5;0,7;0,6;0,6;0,7;-0,1;15;10;9;7;6;3;3;6;-3;0;0;1
"791637";"2019-M006";"Indian Wells Masters";"Hard";"128";"Masters";99;115;"Diego Schwartzman";"R";170;"ARG";26,5;14;"Roberto Carballes Baena";"R";183;"ESP";25,9;"6-3 6-1";3;"R64";87;1;2;54;35;24;10;8;2;3;2;2;67;35;17;13;8;7;12;26;1485;111;517;6;6;NA;NA;NA;3;1;NA;NA;NA;2019-03-04;2019;"2019-M006:99";388;0;3,29956028185891;1,20558413364989;14;"Roberto Carballes Baena";115;"Diego Schwartzman";1,20558413364989;3,29956028185891;-2,09397614820901;25,9;26,5;-0,600000000000001;183;170;13;0,666666666666667;0,583333333333333;0,583333333333333;0,666666666666667;-0,0833333333333333;12;3;7;2;5;1;1;5;-4;0;0;1
"791639";"2019-M006";"Indian Wells Masters";"Hard";"128";"Masters";101;70;"Philipp Kohlschreiber";"R";178;"GER";35,3;31;"Novak Djokovic";"R";188;"SRB";31,7;"6-4 6-4";3;"R32";98;3;1;67;48;33;10;10;4;5;2;3;56;37;25;8;10;1;4;39;1160;1;10955;6;6;NA;NA;NA;4;4;NA;NA;NA;2019-03-04;2019;"2019-M006:101";389;0;2,71459778113775;8;31;"Novak Djokovic";70;"Philipp Kohlschreiber";8;2,71459778113775;5,28540221886225;31,7;35,3;-3,6;188;178;10;0,8;0,25;0,25;0,8;-0,55;4;5;1;4;3;1;1;3;-2;0;0;1
"791640";"2019-M006";"Indian Wells Masters";"Hard";"128";"Masters";102;88;"Gael Monfils";"R";193;"FRA";32,5;108;"Albert Ramos";"L";188;"ESP";31,1;"6-0 6-3";3;"R32";70;5;4;50;30;22;11;8;3;4;0;5;53;29;16;6;7;8;13;19;1740;91;625;6;6;NA;NA;NA;0;3;NA;NA;NA;2019-03-04;2019;"2019-M006:102";390;1;3,75207248655641;1,4922053598013;88;"Gael Monfils";108;"Albert Ramos";3,75207248655641;1,4922053598013;2,25986712675511;32,5;31,1;1,4;193;188;5;0,75;0,615384615384615;0,75;0,615384615384615;0,134615384615385;13;4;8;3;5;1;5;1;4;0;0;1
"791642";"2019-M006";"Indian Wells Masters";"Hard";"128";"Masters";104;124;"Dominic Thiem";"R";185;"AUT";25,4;118;"Gilles Simon";"R";183;"FRA";34,1;"6-3 6-1";3;"R32";67;2;0;52;33;24;10;8;2;3;0;2;41;17;7;9;8;0;5;8;3800;29;1305;6;6;NA;NA;NA;3;1;NA;NA;NA;2019-03-04;2019;"2019-M006:104";391;0;5;3,14201900487243;118;"Gilles Simon";124;"Dominic Thiem";3,14201900487243;5;-1,85798099512757;34,1;25,4;8,7;183;185;-2;0,666666666666667;0;0;0,666666666666667;-0,666666666666667;5;3;0;2;5;1;1;5;-4;0;0;1
"791643";"2019-M006";"Indian Wells Masters";"Hard";"128";"Masters";105;123;"Jan Lennard Struff";"R";193;"GER";28,8;133;"Alexander Zverev";"R";198;"GER";21,8;"6-3 6-1";3;"R32";70;9;1;52;28;25;13;8;4;4;3;3;51;31;20;5;8;5;9;55;910;3;6595;6;6;NA;NA;NA;3;1;NA;NA;NA;2019-03-04;2019;"2019-M006:105";392;1;2,21864028647534;6,41503749927884;123;"Jan Lennard Struff";133;"Alexander Zverev";2,21864028647534;6,41503749927884;-4,1963972128035;28,8;21,8;7;193;198;-5;1;0,555555555555556;1;0,555555555555556;0,444444444444444;9;4;5;4;4;0;4;0;4;0;0;1
"791644";"2019-M006";"Indian Wells Masters";"Hard";"128";"Masters";106;109;"Milos Raonic";"R";196;"CAN";28,1;50;"Marcos Giron";"R";180;"USA";25,6;"4-6 6-4 6-4";3;"R32";116;22;3;75;50;39;16;15;2;4;3;3;115;65;40;28;15;9;12;14;2275;217;233;4;6;6;NA;NA;6;4;4;NA;NA;2019-03-04;2019;"2019-M006:106";393;0;4,1926450779424;0,23844876755552;50;"Marcos Giron";109;"Milos Raonic";0,23844876755552;4,1926450779424;-3,95419631038688;25,6;28,1;-2,5;180;196;-16;0,5;0,75;0,75;0,5;0,25;12;4;9;2;3;2;2;3;-1;0;0;1
"791645";"2019-M006";"Indian Wells Masters";"Hard";"128";"Masters";107;97;"Yoshihito Nishioka";"L";170;"JPN";23,4;4;"Felix Auger Aliassime";"R";193;"CAN";18,5;"6-7(2) 6-4 7-6(5)";3;"R32";175;0;1;128;93;55;21;17;9;13;13;8;107;63;43;19;17;5;10;74;729;58;872;6;6;7;NA;NA;7;4;6;NA;NA;2019-03-04;2019;"2019-M006:107";394;0;1,79054663437105;2,14201900487243;4;"Felix Auger Aliassime";97;"Yoshihito Nishioka";2,14201900487243;1,79054663437105;0,351472370501378;18,5;23,4;-4,9;193;170;23;0,692307692307692;0,5;0,5;0,692307692307692;-0,192307692307692;10;13;5;9;5;4;4;5;-1;0;0;1
"791646";"2019-M006";"Indian Wells Masters";"Hard";"128";"Masters";108;66;"Miomir Kecmanovic";"R";183;"SRB";19,5;30;"Laslo Djere";"R";188;"SRB";23,7;"6-2 7-6(3)";3;"R32";99;0;1;76;50;33;15;10;5;7;7;7;62;34;25;10;10;4;8;130;450;32;1211;6;7;NA;NA;NA;2;6;NA;NA;NA;2019-03-04;2019;"2019-M006:108";395;0;0,977632186971546;3;30;"Laslo Djere";66;"Miomir Kecmanovic";3;0,977632186971546;2,02236781302845;23,7;19,5;4,2;188;183;5;0,714285714285714;0,5;0,5;0,714285714285714;-0,214285714285714;8;7;4;5;4;2;2;4;-2;0;0;1
"791647";"2019-M006";"Indian Wells Masters";"Hard";"128";"Masters";109;59;"Hubert Hurkacz";"R";196;"POL";22;96;"Kei Nishikori";"R";178;"JPN";29,1;"4-6 6-4 6-3";3;"R32";124;10;2;84;44;37;21;15;3;5;3;3;80;49;37;17;14;6;9;67;798;7;4190;4;6;6;NA;NA;6;4;3;NA;NA;2019-03-04;2019;"2019-M006:109";396;1;1,93391080954223;5,1926450779424;59;"Hubert Hurkacz";96;"Kei Nishikori";1,93391080954223;5,1926450779424;-3,25873426840017;22;29,1;-7,1;196;178;18;0,6;0,666666666666667;0,6;0,666666666666667;-0,0666666666666667;9;5;6;3;3;2;3;2;1;0;0;1
"791648";"2019-M006";"Indian Wells Masters";"Hard";"128";"Masters";110;117;"Denis Shapovalov";"L";185;"CAN";19,8;19;"Marin Cilic";"R";198;"CRO";30,4;"6-4 6-2";3;"R32";78;5;2;51;32;29;9;9;2;2;5;3;64;45;29;8;9;2;5;25;1485;11;3095;6;6;NA;NA;NA;4;2;NA;NA;NA;2019-03-04;2019;"2019-M006:110";397;0;3,35614381022528;4,5405683813627;19;"Marin Cilic";117;"Denis Shapovalov";4,5405683813627;3,35614381022528;1,18442457113743;30,4;19,8;10,6;198;185;13;1;0,4;0,4;1;-0,6;5;2;2;2;3;0;0;3;-3;0;0;1
"791651";"2019-M006";"Indian Wells Masters";"Hard";"128";"Masters";113;60;"John Isner";"R";206;"USA";33,8;102;"Guido Pella";"L";185;"ARG";28,7;"6-3 6-4";3;"R32";68;7;0;47;30;26;14;10;0;0;0;1;55;41;25;8;9;3;5;9;3405;34;1205;6;6;NA;NA;NA;3;4;NA;NA;NA;2019-03-04;2019;"2019-M006:113";398;1;4,83007499855769;2,91253715874966;60;"John Isner";102;"Guido Pella";4,83007499855769;2,91253715874966;1,91753783980803;33,8;28,7;5,1;206;185;21;1,5;0,6;1,5;0,6;0,9;5;0;3;0;2;0;2;0;2;0;0;1
"791652";"2019-M006";"Indian Wells Masters";"Hard";"128";"Masters";114;67;"Karen Khachanov";"R";198;"RUS";22,7;110;"Andrey Rublev";"R";188;"RUS";21,3;"7-5 6-3";3;"R32";92;7;0;70;40;31;15;11;3;4;2;6;67;37;26;14;10;5;8;13;2675;102;560;7;6;NA;NA;NA;5;3;NA;NA;NA;2019-03-04;2019;"2019-M006:114";399;1;4,29956028185891;1,3275746580285;67;"Karen Khachanov";110;"Andrey Rublev";4,29956028185891;1,3275746580285;2,9719856238304;22,7;21,3;1,4;198;188;10;0,75;0,625;0,75;0,625;0,125;8;4;5;3;3;1;3;1;2;0;0;1
"791653";"2019-M006";"Indian Wells Masters";"Hard";"128";"Masters";115;73;"Filip Krajinovic";"R";185;"SRB";27;86;"Daniil Medvedev";"R";198;"RUS";23;"6-3 6-2";3;"R32";78;0;1;58;36;26;15;9;2;2;2;3;52;31;21;9;8;7;10;113;515;15;2230;6;6;NA;NA;NA;3;2;NA;NA;NA;2019-03-04;2019;"2019-M006:115";400;1;1,17982103758481;4,09310940439148;73;"Filip Krajinovic";86;"Daniil Medvedev";1,17982103758481;4,09310940439148;-2,91328836680667;27;23;4;185;198;-13;1;0,7;1;0,7;0,3;10;2;7;2;3;0;3;0;3;0;0;1
"791654";"2019-M006";"Indian Wells Masters";"Hard";"128";"Masters";116;94;"Rafael Nadal";"L";185;"ESP";32,7;115;"Diego Schwartzman";"R";170;"ARG";26,5;"6-3 6-1";3;"R32";75;3;1;43;27;22;11;8;0;0;0;3;54;41;23;4;8;2;6;2;8365;26;1485;6;6;NA;NA;NA;3;1;NA;NA;NA;2019-03-04;2019;"2019-M006:116";401;1;7;3,29956028185891;94;"Rafael Nadal";115;"Diego Schwartzman";7;3,29956028185891;3,70043971814109;32,7;26,5;6,2;185;170;15;1,5;0,333333333333333;1,5;0,333333333333333;1,16666666666667;6;0;2;0;4;0;4;0;4;0;0;1
"791655";"2019-M006";"Indian Wells Masters";"Hard";"128";"Masters";117;88;"Gael Monfils";"R";193;"FRA";32,5;70;"Philipp Kohlschreiber";"R";178;"GER";35,3;"6-0 6-2";3;"R16";57;4;2;40;26;20;10;7;0;0;1;1;46;31;13;5;7;8;13;19;1740;39;1160;6;6;NA;NA;NA;0;2;NA;NA;NA;2019-03-04;2019;"2019-M006:117";402;0;3,75207248655641;2,71459778113775;70;"Philipp Kohlschreiber";88;"Gael Monfils";2,71459778113775;3,75207248655641;-1,03747470541866;35,3;32,5;2,8;178;193;-15;1,5;0,615384615384615;0,615384615384615;1,5;-0,884615384615385;13;0;8;0;5;0;0;5;-5;0;0;1
"791656";"2019-M006";"Indian Wells Masters";"Hard";"128";"Masters";118;124;"Dominic Thiem";"R";185;"AUT";25,4;65;"Ivo Karlovic";"R";208;"CRO";40;"6-4 6-3";3;"R16";58;4;0;47;41;35;5;10;0;0;6;2;46;28;23;9;9;2;4;8;3800;89;629;6;6;NA;NA;NA;4;3;NA;NA;NA;2019-03-04;2019;"2019-M006:118";403;0;5;1,5242665690336;65;"Ivo Karlovic";124;"Dominic Thiem";1,5242665690336;5;-3,4757334309664;40;25,4;14,6;208;185;23;1,5;0,5;0,5;1,5;-1;4;0;2;0;2;0;0;2;-2;0;0;1
"791657";"2019-M006";"Indian Wells Masters";"Hard";"128";"Masters";119;109;"Milos Raonic";"R";196;"CAN";28,1;123;"Jan Lennard Struff";"R";193;"GER";28,8;"6-4 6-3";3;"R16";74;12;4;61;33;28;16;10;3;3;7;2;58;38;29;8;9;3;5;14;2275;55;910;6;6;NA;NA;NA;4;3;NA;NA;NA;2019-03-04;2019;"2019-M006:119";404;1;4,1926450779424;2,21864028647534;109;"Milos Raonic";123;"Jan Lennard Struff";4,1926450779424;2,21864028647534;1,97400479146706;28,1;28,8;-0,699999999999999;196;193;3;1;0,6;1;0,6;0,4;5;3;3;3;2;0;2;0;2;0;0;1
"791659";"2019-M006";"Indian Wells Masters";"Hard";"128";"Masters";121;59;"Hubert Hurkacz";"R";196;"POL";22;117;"Denis Shapovalov";"L";185;"CAN";19,8;"7-6(3) 2-6 6-3";3;"R16";122;5;6;100;67;47;15;14;5;8;6;5;86;50;36;21;15;1;4;67;798;25;1485;7;2;6;NA;NA;6;6;3;NA;NA;2019-03-04;2019;"2019-M006:121";405;1;1,93391080954223;3,35614381022528;59;"Hubert Hurkacz";117;"Denis Shapovalov";1,93391080954223;3,35614381022528;-1,42223300068305;22;19,8;2,2;196;185;11;0,625;0,25;0,625;0,25;0,375;4;8;1;5;3;3;3;3;0;0;0;1
"791661";"2019-M006";"Indian Wells Masters";"Hard";"128";"Masters";123;67;"Karen Khachanov";"R";198;"RUS";22,7;60;"John Isner";"R";206;"USA";33,8;"6-4 7-6(1)";3;"R16";85;1;3;64;33;26;24;11;3;3;12;1;65;43;31;14;11;1;2;13;2675;9;3405;6;7;NA;NA;NA;4;6;NA;NA;NA;2019-03-04;2019;"2019-M006:123";406;0;4,29956028185891;4,83007499855769;60;"John Isner";67;"Karen Khachanov";4,83007499855769;4,29956028185891;0,53051471669878;33,8;22,7;11,1;206;198;8;1;0,5;0,5;1;-0,5;2;3;1;3;1;0;0;1;-1;0;0;1
"791662";"2019-M006";"Indian Wells Masters";"Hard";"128";"Masters";124;94;"Rafael Nadal";"L";185;"ESP";32,7;73;"Filip Krajinovic";"R";185;"SRB";27;"6-3 6-4";3;"R16";86;7;0;52;29;20;19;10;0;1;4;0;54;37;26;6;9;1;4;2;8365;113;515;6;6;NA;NA;NA;3;4;NA;NA;NA;2019-03-04;2019;"2019-M006:124";407;0;7;1,17982103758481;73;"Filip Krajinovic";94;"Rafael Nadal";1,17982103758481;7;-5,82017896241519;27;32,7;-5,7;185;185;0;0;0,25;0,25;0;0,25;4;1;1;0;3;1;1;3;-2;0;0;1
"791664";"2019-M006";"Indian Wells Masters";"Hard";"128";"Masters";126;109;"Milos Raonic";"R";196;"CAN";28,1;66;"Miomir Kecmanovic";"R";183;"SRB";19,5;"6-3 6-4";3;"QF";72;13;0;62;34;30;15;10;3;3;2;1;44;31;23;8;9;1;3;14;2275;130;450;6;6;NA;NA;NA;3;4;NA;NA;NA;2019-03-04;2019;"2019-M006:126";408;0;4,1926450779424;0,977632186971546;66;"Miomir Kecmanovic";109;"Milos Raonic";0,977632186971546;4,1926450779424;-3,21501289097085;19,5;28,1;-8,6;183;196;-13;1;0,333333333333333;0,333333333333333;1;-0,666666666666667;3;3;1;3;2;0;0;2;-2;0;0;1
"791665";"2019-M006";"Indian Wells Masters";"Hard";"128";"Masters";127;41;"Roger Federer";"R";185;"SUI";37,5;59;"Hubert Hurkacz";"R";196;"POL";22;"6-4 6-4";3;"QF";73;4;3;59;32;27;16;10;2;2;6;4;61;37;27;11;10;1;3;4;4600;67;798;6;6;NA;NA;NA;4;4;NA;NA;NA;2019-03-04;2019;"2019-M006:127";409;1;6;1,93391080954223;41;"Roger Federer";59;"Hubert Hurkacz";6;1,93391080954223;4,06608919045777;37,5;22;15,5;185;196;-11;1;0,333333333333333;1;0,333333333333333;0,666666666666667;3;2;1;2;2;0;2;0;2;0;0;1
"791666";"2019-M006";"Indian Wells Masters";"Hard";"128";"Masters";128;94;"Rafael Nadal";"L";185;"ESP";32,7;67;"Karen Khachanov";"R";198;"RUS";22,7;"7-6(2) 7-6(2)";3;"QF";136;1;3;84;50;38;19;12;4;6;17;1;89;69;47;9;12;7;9;2;8365;13;2675;7;7;NA;NA;NA;6;6;NA;NA;NA;2019-03-04;2019;"2019-M006:128";410;0;7;4,29956028185891;67;"Karen Khachanov";94;"Rafael Nadal";4,29956028185891;7;-2,70043971814109;22,7;32,7;-10;198;185;13;0,666666666666667;0,777777777777778;0,777777777777778;0,666666666666667;0,111111111111111;9;6;7;4;2;2;2;2;0;0;0;1
"791667";"2019-M006";"Indian Wells Masters";"Hard";"128";"Masters";129;124;"Dominic Thiem";"R";185;"AUT";25,4;109;"Milos Raonic";"R";196;"CAN";28,1;"7-6(3) 6-7(3) 6-4";3;"SF";151;5;2;104;79;65;15;17;1;1;17;5;110;71;57;22;17;2;3;8;3800;14;2275;7;6;6;NA;NA;6;7;4;NA;NA;2019-03-04;2019;"2019-M006:129";411;0;5;4,1926450779424;109;"Milos Raonic";124;"Dominic Thiem";4,1926450779424;5;-0,807354922057604;28,1;25,4;2,7;196;185;11;1;0,666666666666667;0,666666666666667;1;-0,333333333333333;3;1;2;1;1;0;0;1;-1;0;0;1
"792990";"2019-M007";"Miami Masters";"Hard";"128";"Masters";4;13;"Alexander Bublik";"R";196;"KAZ";21,7;8;"Ricardas Berankis";"R";175;"LTU";28,7;"7-5 6-2";3;"Q1";89;17;3;64;39;31;13;10;3;3;2;4;72;44;27;13;10;9;12;131;434;82;678;7;6;NA;NA;NA;5;2;NA;NA;NA;2019-03-18;2019;"2019-M007:4";412;0;0,96657699846255;1,64244799538192;8;"Ricardas Berankis";13;"Alexander Bublik";1,64244799538192;0,96657699846255;0,675870996919366;28,7;21,7;7;175;196;-21;1;0,75;0,75;1;-0,25;12;3;9;3;3;0;0;3;-3;0;0;1
"792994";"2019-M007";"Miami Masters";"Hard";"128";"Masters";8;56;"Lloyd Harris";"R";193;"RSA";22;104;"Alexei Popyrin";"R";196;"AUS";19,6;"6-4 6-2";3;"Q1";57;3;2;50;38;28;6;9;1;3;3;1;44;25;15;5;9;2;7;96;625;119;485;6;6;NA;NA;NA;4;2;NA;NA;NA;2019-03-18;2019;"2019-M007:8";413;1;1,41503749927884;1,10518223669206;56;"Lloyd Harris";104;"Alexei Popyrin";1,41503749927884;1,10518223669206;0,309855262586788;22;19,6;2,4;193;196;-3;0,333333333333333;0,285714285714286;0,333333333333333;0,285714285714286;0,0476190476190476;7;3;2;1;5;2;5;2;3;0;0;1
"793000";"2019-M007";"Miami Masters";"Hard";"128";"Masters";14;43;"Bjorn Fratangelo";"R";183;"USA";25,6;47;"Cristian Garin";"R";185;"CHI";22,7;"4-6 7-6(2) 6-1";3;"Q1";131;5;5;104;52;32;31;14;2;6;5;5;90;50;32;19;15;4;10;122;468;70;755;4;7;6;NA;NA;6;6;1;NA;NA;2019-03-18;2019;"2019-M007:14";414;1;1,06926266243711;1,87071698305503;43;"Bjorn Fratangelo";47;"Cristian Garin";1,06926266243711;1,87071698305503;-0,80145432061792;25,6;22,7;2,9;183;185;-2;0,333333333333333;0,4;0,333333333333333;0,4;-0,0666666666666667;10;6;4;2;6;4;6;4;2;0;0;1
"793004";"2019-M007";"Miami Masters";"Hard";"128";"Masters";18;85;"Mackenzie Mcdonald";"R";178;"USA";23,9;103;"Peter Polansky";"R";180;"CAN";30,7;"7-6(4) 7-5";3;"Q1";99;8;0;75;48;39;16;12;1;1;5;2;78;52;40;12;12;1;2;60;848;138;420;7;7;NA;NA;NA;6;5;NA;NA;NA;2019-03-18;2019;"2019-M007:18";415;1;2,09310940439148;0,891475543221831;85;"Mackenzie Mcdonald";103;"Peter Polansky";2,09310940439148;0,891475543221831;1,20163386116965;23,9;30,7;-6,8;178;180;-2;1;0,5;1;0,5;0,5;2;1;1;1;1;0;1;0;1;0;0;1
"793006";"2019-M007";"Miami Masters";"Hard";"128";"Masters";20;99;"Reilly Opelka";"R";211;"USA";21,5;79;"Henri Laaksonen";"R";185;"SUI";26,9;"7-6(7) 7-6(3)";3;"Q1";107;22;5;89;50;43;15;12;7;10;7;3;80;41;26;26;12;5;8;58;858;128;452;7;7;NA;NA;NA;6;6;NA;NA;NA;2019-03-18;2019;"2019-M007:20";416;0;2,14201900487243;1;79;"Henri Laaksonen";99;"Reilly Opelka";1;2,14201900487243;-1,14201900487243;26,9;21,5;5,4;185;211;-26;0,7;0,625;0,625;0,7;-0,075;8;10;5;7;3;3;3;3;0;0;0;1
"793012";"2019-M007";"Miami Masters";"Hard";"128";"Masters";26;13;"Alexander Bublik";"R";196;"KAZ";21,7;39;"Daniel Evans";"R";175;"GBR";28,8;"6-4 6-4";3;"Q2";91;9;12;79;45;34;16;10;4;5;1;1;68;49;30;8;10;6;9;131;434;97;622;6;6;NA;NA;NA;4;4;NA;NA;NA;2019-03-18;2019;"2019-M007:26";417;1;0,96657699846255;1,40008715781287;13;"Alexander Bublik";39;"Daniel Evans";0,96657699846255;1,40008715781287;-0,433510159350322;21,7;28,8;-7,1;196;175;21;0,8;0,666666666666667;0,8;0,666666666666667;0,133333333333333;9;5;6;4;3;1;3;1;2;0;0;1
"793013";"2019-M007";"Miami Masters";"Hard";"128";"Masters";27;112;"Casper Ruud";"R";183;"NOR";20,2;32;"Evgeny Donskoy";"R";185;"RUS";28,8;"6-7(2) 6-2 6-2";3;"Q2";123;3;4;81;49;39;14;14;0;2;6;6;92;45;32;18;14;10;16;98;619;126;461;6;6;6;NA;NA;7;2;2;NA;NA;2019-03-18;2019;"2019-M007:27";418;0;1,38529015588479;1,02272007650008;32;"Evgeny Donskoy";112;"Casper Ruud";1,02272007650008;1,38529015588479;-0,362570079384708;28,8;20,2;8,6;185;183;2;0;0,625;0,625;0;0,625;16;2;10;0;6;2;2;6;-4;0;0;1
"793014";"2019-M007";"Miami Masters";"Hard";"128";"Masters";28;89;"Thiago Monteiro";"L";183;"BRA";24,7;56;"Lloyd Harris";"R";193;"RSA";22;"7-6(5) 7-6(2)";3;"Q2";103;3;1;77;44;37;20;12;3;4;13;2;77;51;42;12;12;3;4;117;497;96;625;7;7;NA;NA;NA;6;6;NA;NA;NA;2019-03-18;2019;"2019-M007:28";419;0;1,1296352804166;1,41503749927884;56;"Lloyd Harris";89;"Thiago Monteiro";1,41503749927884;1,1296352804166;0,285402218862249;22;24,7;-2,7;193;183;10;0,75;0,75;0,75;0,75;0;4;4;3;3;1;1;1;1;0;0;0;1
"793017";"2019-M007";"Miami Masters";"Hard";"128";"Masters";31;110;"Andrey Rublev";"R";188;"RUS";21,4;43;"Bjorn Fratangelo";"R";183;"USA";25,6;"6-4 6-4";3;"Q2";100;3;2;79;47;38;15;10;7;7;6;4;90;45;33;19;10;9;11;99;603;122;468;6;6;NA;NA;NA;4;4;NA;NA;NA;2019-03-18;2019;"2019-M007:31";420;0;1,37064337992039;1,06926266243711;43;"Bjorn Fratangelo";110;"Andrey Rublev";1,06926266243711;1,37064337992039;-0,301380717483277;25,6;21,4;4,2;183;188;-5;1;0,818181818181818;0,818181818181818;1;-0,181818181818182;11;7;9;7;2;0;0;2;-2;0;0;1
"793019";"2019-M007";"Miami Masters";"Hard";"128";"Masters";33;121;"Lorenzo Sonego";"R";191;"ITA";23,8;85;"Mackenzie Mcdonald";"R";178;"USA";23,9;"7-5 6-4";3;"Q2";62;4;3;73;40;28;18;11;4;6;2;5;67;40;23;14;11;2;6;106;546;60;848;7;6;NA;NA;NA;5;4;NA;NA;NA;2019-03-18;2019;"2019-M007:33";421;0;1,2720795454368;2,09310940439148;85;"Mackenzie Mcdonald";121;"Lorenzo Sonego";2,09310940439148;1,2720795454368;0,82102985895468;23,9;23,8;0,0999999999999979;178;191;-13;0,666666666666667;0,333333333333333;0,333333333333333;0,666666666666667;-0,333333333333333;6;6;2;4;4;2;2;4;-2;0;0;1
"793022";"2019-M007";"Miami Masters";"Hard";"128";"Masters";36;1;"Radu Albot";"R";175;"MDA";29,3;74;"Mitchell Krueger";"R";188;"USA";25,1;"6-3 7-5";3;"Q2";92;4;2;57;35;29;14;11;2;3;2;5;70;44;32;9;10;4;7;46;971;170;297;6;7;NA;NA;NA;3;5;NA;NA;NA;2019-03-18;2019;"2019-M007:36";422;1;2,47643804394299;0,590609063862298;1;"Radu Albot";74;"Mitchell Krueger";2,47643804394299;0,590609063862298;1,88582898008069;29,3;25,1;4,2;175;188;-13;0,666666666666667;0,571428571428571;0,666666666666667;0,571428571428571;0,0952380952380952;7;3;4;2;3;1;3;1;2;0;0;1
"793024";"2019-M007";"Miami Masters";"Hard";"128";"Masters";38;28;"Federico Delbonis";"L";190;"ARG";28,4;52;"Peter Gojowczyk";"R";185;"GER";29,6;"6-4 6-2";3;"R128";78;4;4;51;25;20;15;9;3;4;3;6;76;39;26;14;9;9;13;83;676;87;655;6;6;NA;NA;NA;4;2;NA;NA;NA;2019-03-18;2019;"2019-M007:38";423;1;1,62496056865308;1,55705650415127;28;"Federico Delbonis";52;"Peter Gojowczyk";1,62496056865308;1,55705650415127;0,0679040645018034;28,4;29,6;-1,2;190;185;5;0,75;0,692307692307692;0,75;0,692307692307692;0,0576923076923077;13;4;9;3;4;1;4;1;3;0;0;1
"793028";"2019-M007";"Miami Masters";"Hard";"128";"Masters";42;61;"Ilya Ivashka";"R";193;"BLR";25;40;"Thomas Fabbiano";"R";173;"ITA";29,8;"6-4 1-6 6-3";3;"R128";136;7;3;84;50;39;13;13;4;7;0;1;82;53;35;16;13;6;9;110;525;90;648;6;1;6;NA;NA;4;6;3;NA;NA;2019-03-18;2019;"2019-M007:42";424;0;1,21864028647534;1,50814690367033;40;"Thomas Fabbiano";61;"Ilya Ivashka";1,50814690367033;1,21864028647534;0,289506617194985;29,8;25;4,8;173;193;-20;0,571428571428571;0,666666666666667;0,666666666666667;0,571428571428571;0,0952380952380952;9;7;6;4;3;3;3;3;0;0;0;1
"793029";"2019-M007";"Miami Masters";"Hard";"128";"Masters";43;108;"Albert Ramos";"L";188;"ESP";31,1;20;"Marius Copil";"R";193;"ROU";28,4;"6-4 6-2";3;"R128";77;2;0;54;43;28;8;9;1;2;3;2;51;25;16;12;9;1;5;86;660;73;713;6;6;NA;NA;NA;4;2;NA;NA;NA;2019-03-18;2019;"2019-M007:43";425;0;1,5737352452979;1,81017544111998;20;"Marius Copil";108;"Albert Ramos";1,81017544111998;1,5737352452979;0,23644019582208;28,4;31,1;-2,7;193;188;5;0,5;0,2;0,2;0,5;-0,3;5;2;1;1;4;1;1;4;-3;0;0;1
"793031";"2019-M007";"Miami Masters";"Hard";"128";"Masters";45;59;"Hubert Hurkacz";"R";196;"POL";22;9;"Matteo Berrettini";"R";196;"ITA";22,9;"6-4 6-3";3;"R128";71;3;1;60;43;31;10;10;4;5;3;1;47;29;20;9;9;0;3;54;904;52;937;6;6;NA;NA;NA;4;3;NA;NA;NA;2019-03-18;2019;"2019-M007:45";426;0;2,24511249783653;2,29956028185891;9;"Matteo Berrettini";59;"Hubert Hurkacz";2,29956028185891;2,24511249783653;0,0544477840223765;22,9;22;0,899999999999999;196;196;0;0,8;0;0;0,8;-0,8;3;5;0;4;3;1;1;3;-2;0;0;1
"793032";"2019-M007";"Miami Masters";"Hard";"128";"Masters";46;4;"Felix Auger Aliassime";"R";193;"CAN";18,6;112;"Casper Ruud";"R";183;"NOR";20,2;"3-6 6-1 6-2";3;"R128";124;8;6;74;41;32;13;12;3;6;2;2;84;54;34;9;12;7;13;57;876;98;619;3;6;6;NA;NA;6;1;2;NA;NA;2019-03-18;2019;"2019-M007:46";427;1;2,16710998583526;1,38529015588479;4;"Felix Auger Aliassime";112;"Casper Ruud";2,16710998583526;1,38529015588479;0,781819829950467;18,6;20,2;-1,6;193;183;10;0,5;0,538461538461538;0,5;0,538461538461538;-0,0384615384615384;13;6;7;3;6;3;6;3;3;0;0;1
"793035";"2019-M007";"Miami Masters";"Hard";"128";"Masters";49;14;"Roberto Carballes Baena";"R";183;"ESP";25,9;75;"Denis Kudla";"R";180;"USA";26,5;"6-1 6-2";3;"R128";70;0;3;43;27;19;12;8;3;4;2;2;41;23;8;7;7;3;8;113;522;71;733;6;6;NA;NA;NA;1;2;NA;NA;NA;2019-03-18;2019;"2019-M007:49";428;1;1,17982103758481;1,85025288049532;14;"Roberto Carballes Baena";75;"Denis Kudla";1,17982103758481;1,85025288049532;-0,670431842910506;25,9;26,5;-0,600000000000001;183;180;3;0,75;0,375;0,75;0,375;0,375;8;4;3;3;5;1;5;1;4;0;0;1
"793037";"2019-M007";"Miami Masters";"Hard";"128";"Masters";51;13;"Alexander Bublik";"R";196;"KAZ";21,7;114;"Tennys Sandgren";"R";188;"USA";27,6;"5-7 6-4 7-6(5)";3;"R128";153;16;6;119;83;59;16;17;4;7;7;3;109;74;54;18;17;2;5;131;434;91;648;5;6;7;NA;NA;7;4;6;NA;NA;2019-03-18;2019;"2019-M007:51";429;1;0,96657699846255;1,4922053598013;13;"Alexander Bublik";114;"Tennys Sandgren";0,96657699846255;1,4922053598013;-0,525628361338754;21,7;27,6;-5,9;196;188;8;0,571428571428571;0,4;0,571428571428571;0,4;0,171428571428571;5;7;2;4;3;3;3;3;0;0;0;1
"793041";"2019-M007";"Miami Masters";"Hard";"128";"Masters";55;81;"Feliciano Lopez";"L";188;"ESP";37,4;100;"Benoit Paire";"R";196;"FRA";29,8;"7-5 4-6 6-4";3;"R128";140;9;7;108;65;48;24;16;9;10;14;9;114;62;48;24;16;6;8;94;635;67;770;7;4;6;NA;NA;5;6;4;NA;NA;2019-03-18;2019;"2019-M007:55";430;1;1,44541114832236;1,93391080954223;81;"Feliciano Lopez";100;"Benoit Paire";1,44541114832236;1,93391080954223;-0,488499661219866;37,4;29,8;7,6;188;196;-8;0,9;0,75;0,9;0,75;0,15;8;10;6;9;2;1;2;1;1;0;0;1
"793042";"2019-M007";"Miami Masters";"Hard";"128";"Masters";56;125;"Jordan Thompson";"R";183;"AUS";24,9;98;"Cameron Norrie";"L";188;"GBR";23,5;"4-6 7-6(5) 6-3";3;"R128";152;10;3;113;70;52;16;15;7;10;4;4;98;68;46;13;16;3;7;77;708;51;941;4;7;6;NA;NA;6;6;3;NA;NA;2019-03-18;2019;"2019-M007:56";431;0;1,7332134593051;2,3275746580285;98;"Cameron Norrie";125;"Jordan Thompson";2,3275746580285;1,7332134593051;0,594361198723406;23,5;24,9;-1,4;188;183;5;0,7;0,428571428571429;0,428571428571429;0,7;-0,271428571428571;7;10;3;7;4;3;3;4;-1;0;0;1
"793043";"2019-M007";"Miami Masters";"Hard";"128";"Masters";57;82;"Adrian Mannarino";"L";183;"FRA";30,7;7;"Aljaz Bedene";"R";181;"SLO";29,6;"4-6 6-4 6-2";3;"R128";134;5;1;81;45;32;20;14;3;6;4;8;98;44;29;25;14;9;14;55;900;69;765;4;6;6;NA;NA;6;4;2;NA;NA;2019-03-18;2019;"2019-M007:57";432;0;2,21864028647534;1,89147554322183;7;"Aljaz Bedene";82;"Adrian Mannarino";1,89147554322183;2,21864028647534;-0,327164743253509;29,6;30,7;-1,1;181;183;-2;0,5;0,642857142857143;0,642857142857143;0,5;0,142857142857143;14;6;9;3;5;3;3;5;-2;0;0;1
"793044";"2019-M007";"Miami Masters";"Hard";"128";"Masters";58;99;"Reilly Opelka";"R";211;"USA";21,5;123;"Jan Lennard Struff";"R";193;"GER";28,8;"4-6 6-3 6-4";3;"R128";95;25;3;82;56;46;14;15;1;2;8;1;69;37;33;20;14;4;6;58;858;45;990;4;6;6;NA;NA;6;3;4;NA;NA;2019-03-18;2019;"2019-M007:58";433;1;2,14201900487243;2,50814690367033;99;"Reilly Opelka";123;"Jan Lennard Struff";2,14201900487243;2,50814690367033;-0,366127898797897;21,5;28,8;-7,3;211;193;18;0,5;0,666666666666667;0,5;0,666666666666667;-0,166666666666667;6;2;4;1;2;1;2;1;1;0;0;1
"793045";"2019-M007";"Miami Masters";"Hard";"128";"Masters";59;73;"Filip Krajinovic";"R";185;"SRB";27;57;"Pierre Hugues Herbert";"R";188;"FRA";28;"6-4 6-4";3;"R128";83;3;0;58;37;30;15;10;4;4;3;2;63;34;24;14;10;3;5;103;576;49;959;6;6;NA;NA;NA;4;4;NA;NA;NA;2019-03-18;2019;"2019-M007:59";434;0;1,31349947281678;2,38529015588479;57;"Pierre Hugues Herbert";73;"Filip Krajinovic";2,38529015588479;1,31349947281678;1,07179068306801;28;27;1;188;185;3;1;0,6;0,6;1;-0,4;5;4;3;4;2;0;0;2;-2;0;0;1
"793047";"2019-M007";"Miami Masters";"Hard";"128";"Masters";61;85;"Mackenzie Mcdonald";"R";178;"USA";23,9;58;"Ugo Humbert";"L";188;"FRA";20,7;"6-4 6-7(4) 7-6(4)";3;"R128";162;1;6;138;84;58;30;17;13;15;7;3;98;57;46;21;17;3;6;60;848;63;819;6;6;7;NA;NA;4;7;6;NA;NA;2019-03-18;2019;"2019-M007:61";435;0;2,09310940439148;2,02272007650008;58;"Ugo Humbert";85;"Mackenzie Mcdonald";2,02272007650008;2,09310940439148;-0,0703893278913981;20,7;23,9;-3,2;188;178;10;0,866666666666667;0,5;0,5;0,866666666666667;-0,366666666666667;6;15;3;13;3;2;2;3;-1;0;0;1
"793048";"2019-M007";"Miami Masters";"Hard";"128";"Masters";62;84;"Leonardo Mayer";"R";188;"ARG";31,8;132;"Mikael Ymer";"R";183;"SWE";20,5;"4-6 6-3 6-4";3;"R128";149;7;8;105;58;41;25;15;5;8;3;0;89;72;46;8;14;3;7;62;830;198;257;4;6;6;NA;NA;6;3;4;NA;NA;2019-03-18;2019;"2019-M007:62";436;1;2,04580368961313;0,370643379920391;84;"Leonardo Mayer";132;"Mikael Ymer";2,04580368961313;0,370643379920391;1,67516030969273;31,8;20,5;11,3;188;183;5;0,625;0,428571428571429;0,625;0,428571428571429;0,196428571428571;7;8;3;5;4;3;4;3;1;0;0;1
"793049";"2019-M007";"Miami Masters";"Hard";"128";"Masters";63;39;"Daniel Evans";"R";175;"GBR";28,8;62;"Malek Jaziri";"R";185;"TUN";35,1;"6-2 6-0";3;"R128";73;3;1;53;40;28;6;7;5;6;1;3;59;36;16;8;7;5;11;97;622;59;852;6;6;NA;NA;NA;2;0;NA;NA;NA;2019-03-18;2019;"2019-M007:63";437;1;1,40008715781287;2,11735695063816;39;"Daniel Evans";62;"Malek Jaziri";1,40008715781287;2,11735695063816;-0,717269792825286;28,8;35,1;-6,3;175;185;-10;0,833333333333333;0,454545454545455;0,833333333333333;0,454545454545455;0,378787878787879;11;6;5;5;6;1;6;1;5;0;0;1
"793050";"2019-M007";"Miami Masters";"Hard";"128";"Masters";64;110;"Andrey Rublev";"R";188;"RUS";21,4;24;"Taro Daniel";"R";191;"JPN";26,1;"3-6 6-3 6-4";3;"R128";124;2;5;84;52;36;17;14;4;7;5;2;88;55;36;16;14;5;9;99;603;72;714;3;6;6;NA;NA;6;3;4;NA;NA;2019-03-18;2019;"2019-M007:64";438;0;1,37064337992039;1,83007499855769;24;"Taro Daniel";110;"Andrey Rublev";1,83007499855769;1,37064337992039;0,459431618637297;26,1;21,4;4,7;191;188;3;0,571428571428571;0,555555555555556;0,555555555555556;0,571428571428571;-0,0158730158730158;9;7;5;4;4;3;3;4;-1;0;0;1
"793051";"2019-M007";"Miami Masters";"Hard";"128";"Masters";65;34;"Damir Dzumhur";"R";172;"BIH";26,8;38;"Christopher Eubanks";"R";201;"USA";22,8;"1-6 6-4 7-6(5)";3;"R128";101;3;2;87;71;52;9;14;5;7;8;6;88;55;47;18;15;3;4;53;915;150;371;1;6;7;NA;NA;6;4;6;NA;NA;2019-03-18;2019;"2019-M007:65";439;1;2,2720795454368;0,77118130950412;34;"Damir Dzumhur";38;"Christopher Eubanks";2,2720795454368;0,77118130950412;1,50089823593268;26,8;22,8;4;172;201;-29;0,714285714285714;0,75;0,714285714285714;0,75;-0,0357142857142857;4;7;3;5;1;2;1;2;-1;0;0;1
"793056";"2019-M007";"Miami Masters";"Hard";"128";"Masters";70;28;"Federico Delbonis";"L";190;"ARG";28,4;87;"John Millman";"R";183;"AUS";29,7;"7-5 3-6 7-6(2)";3;"R64";149;5;5;102;67;44;20;16;2;6;3;3;113;63;43;25;17;6;10;83;676;39;1126;7;3;7;NA;NA;5;6;6;NA;NA;2019-03-18;2019;"2019-M007:70";440;1;1,62496056865308;2,71459778113775;28;"Federico Delbonis";87;"John Millman";1,62496056865308;2,71459778113775;-1,08963721248468;28,4;29,7;-1,3;190;183;7;0,333333333333333;0,6;0,333333333333333;0,6;-0,266666666666667;10;6;6;2;4;4;4;4;0;0;0;1
"793060";"2019-M007";"Miami Masters";"Hard";"128";"Masters";74;36;"Kyle Edmund";"R";188;"GBR";24,1;61;"Ilya Ivashka";"R";193;"BLR";25;"6-3 6-2";3;"R64";70;2;2;45;27;22;11;8;1;1;5;4;57;37;25;7;9;1;5;22;1600;110;525;6;6;NA;NA;NA;3;2;NA;NA;NA;2019-03-18;2019;"2019-M007:74";441;1;3,5405683813627;1,21864028647534;36;"Kyle Edmund";61;"Ilya Ivashka";3,5405683813627;1,21864028647534;2,32192809488736;24,1;25;-0,899999999999999;188;193;-5;1;0,2;1;0,2;0,8;5;1;1;1;4;0;4;0;4;0;0;1
"793061";"2019-M007";"Miami Masters";"Hard";"128";"Masters";75;108;"Albert Ramos";"L";188;"ESP";31,1;106;"Lucas Pouille";"R";185;"FRA";25;"4-6 6-4 6-3";3;"R64";126;4;2;91;51;35;25;14;5;7;3;3;92;56;38;16;15;3;7;86;660;30;1265;4;6;6;NA;NA;6;4;3;NA;NA;2019-03-18;2019;"2019-M007:75";442;0;1,5737352452979;3,09310940439148;106;"Lucas Pouille";108;"Albert Ramos";3,09310940439148;1,5737352452979;1,51937415909358;25;31,1;-6,1;185;188;-3;0,714285714285714;0,428571428571429;0,428571428571429;0,714285714285714;-0,285714285714286;7;7;3;5;4;2;2;4;-2;0;0;1
"793062";"2019-M007";"Miami Masters";"Hard";"128";"Masters";76;60;"John Isner";"R";206;"USA";33,8;121;"Lorenzo Sonego";"R";191;"ITA";23,8;"7-6(2) 7-6(7)";3;"R64";108;20;3;70;48;44;15;12;0;0;5;4;85;51;39;20;12;1;1;9;3485;106;546;7;7;NA;NA;NA;6;6;NA;NA;NA;2019-03-18;2019;"2019-M007:76";443;1;4,83007499855769;1,2720795454368;60;"John Isner";121;"Lorenzo Sonego";4,83007499855769;1,2720795454368;3,55799545312089;33,8;23,8;10;206;191;15;1,5;1;1,5;1;0,5;1;0;1;0;0;0;0;0;0;0;0;1
"793063";"2019-M007";"Miami Masters";"Hard";"128";"Masters";77;59;"Hubert Hurkacz";"R";196;"POL";22;124;"Dominic Thiem";"R";185;"AUT";25,5;"6-4 6-4";3;"R64";77;3;2;58;30;26;12;10;4;6;1;1;53;34;21;9;10;6;10;54;904;4;4755;6;6;NA;NA;NA;4;4;NA;NA;NA;2019-03-18;2019;"2019-M007:77";444;1;2,24511249783653;6;59;"Hubert Hurkacz";124;"Dominic Thiem";2,24511249783653;6;-3,75488750216347;22;25,5;-3,5;196;185;11;0,666666666666667;0,6;0,666666666666667;0,6;0,0666666666666667;10;6;6;4;4;2;4;2;2;0;0;1
"793064";"2019-M007";"Miami Masters";"Hard";"128";"Masters";78;4;"Felix Auger Aliassime";"R";193;"CAN";18,6;45;"Marton Fucsovics";"R";188;"HUN";27,1;"6-4 4-6 6-0";3;"R64";126;6;6;86;58;39;13;13;4;7;0;4;83;43;27;17;13;9;15;57;876;36;1180;6;4;6;NA;NA;4;6;0;NA;NA;2019-03-18;2019;"2019-M007:78";445;1;2,16710998583526;2,83007499855769;4;"Felix Auger Aliassime";45;"Marton Fucsovics";2,16710998583526;2,83007499855769;-0,662965012722429;18,6;27,1;-8,5;193;188;5;0,571428571428571;0,6;0,571428571428571;0,6;-0,0285714285714286;15;7;9;4;6;3;6;3;3;0;0;1
"793065";"2019-M007";"Miami Masters";"Hard";"128";"Masters";79;5;"Nikoloz Basilashvili";"R";185;"GEO";27;134;"Mischa Zverev";"L";190;"GER";31,5;"6-3 6-2";3;"R64";66;5;3;59;30;21;18;9;2;3;6;1;59;42;24;7;8;2;6;19;1865;75;711;6;6;NA;NA;NA;3;2;NA;NA;NA;2019-03-18;2019;"2019-M007:79";446;1;3,75207248655641;1,77118130950412;5;"Nikoloz Basilashvili";134;"Mischa Zverev";3,75207248655641;1,77118130950412;1,9808911770523;27;31,5;-4,5;185;190;-5;0,666666666666667;0,333333333333333;0,666666666666667;0,333333333333333;0,333333333333333;6;3;2;2;4;1;4;1;3;0;0;1
"793066";"2019-M007";"Miami Masters";"Hard";"128";"Masters";80;55;"Robin Haase";"R";190;"NED";31,9;56;"Lloyd Harris";"R";193;"RSA";22;"3-6 6-3 6-4";3;"R64";116;5;5;91;50;38;16;14;7;11;6;5;87;49;33;17;14;2;7;65;805;96;625;3;6;6;NA;NA;6;3;4;NA;NA;2019-03-18;2019;"2019-M007:80";447;1;1,97763218697155;1,41503749927884;55;"Robin Haase";56;"Lloyd Harris";1,97763218697155;1,41503749927884;0,562594687692702;31,9;22;9,9;190;193;-3;0,636363636363636;0,285714285714286;0,636363636363636;0,285714285714286;0,350649350649351;7;11;2;7;5;4;5;4;1;0;0;1
"793067";"2019-M007";"Miami Masters";"Hard";"128";"Masters";81;22;"Borna Coric";"R";188;"CRO";22,3;14;"Roberto Carballes Baena";"R";183;"ESP";25,9;"7-6(7) 0-6 6-2";3;"R64";152;7;5;92;48;35;18;13;8;12;3;1;92;53;35;21;13;6;9;13;2345;113;522;7;0;6;NA;NA;6;6;2;NA;NA;2019-03-18;2019;"2019-M007:81";448;0;4,29956028185891;1,17982103758481;14;"Roberto Carballes Baena";22;"Borna Coric";1,17982103758481;4,29956028185891;-3,1197392442741;25,9;22,3;3,6;183;188;-5;0,666666666666667;0,666666666666667;0,666666666666667;0,666666666666667;0;9;12;6;8;3;4;4;3;1;0;0;1
"793068";"2019-M007";"Miami Masters";"Hard";"128";"Masters";82;18;"Jeremy Chardy";"R";188;"FRA";32;118;"Gilles Simon";"R";183;"FRA";34,2;"6-4 6-2";3;"R64";72;3;4;54;34;22;10;9;6;8;1;2;47;33;18;5;9;0;5;40;1100;27;1340;6;6;NA;NA;NA;4;2;NA;NA;NA;2019-03-18;2019;"2019-M007:82";449;1;2,67807190511264;3,24511249783653;18;"Jeremy Chardy";118;"Gilles Simon";2,67807190511264;3,24511249783653;-0,567040592723894;32;34,2;-2,2;188;183;5;0,75;0;0,75;0;0,75;5;8;0;6;5;2;5;2;3;0;0;1
"793069";"2019-M007";"Miami Masters";"Hard";"128";"Masters";83;78;"Nick Kyrgios";"R";193;"AUS";23,8;13;"Alexander Bublik";"R";196;"KAZ";21,7;"7-5 6-3";3;"R64";69;9;3;73;55;46;6;11;7;7;10;2;53;36;25;12;10;2;4;33;1215;131;434;7;6;NA;NA;NA;5;3;NA;NA;NA;2019-03-18;2019;"2019-M007:83";450;0;2,95560588064155;0,96657699846255;13;"Alexander Bublik";78;"Nick Kyrgios";0,96657699846255;2,95560588064155;-1,989028882179;21,7;23,8;-2,1;196;193;3;1;0,5;0,5;1;-0,5;4;7;2;7;2;0;0;2;-2;0;0;1
"793070";"2019-M007";"Miami Masters";"Hard";"128";"Masters";84;80;"Dusan Lajovic";"R";180;"SRB";28,7;96;"Kei Nishikori";"R";178;"JPN";29,2;"2-6 6-2 6-3";3;"R64";115;1;2;75;45;26;19;12;3;6;3;1;82;50;30;16;13;4;9;44;1010;6;4235;2;6;6;NA;NA;6;2;3;NA;NA;2019-03-18;2019;"2019-M007:84";451;1;2,5405683813627;5,41503749927884;80;"Dusan Lajovic";96;"Kei Nishikori";2,5405683813627;5,41503749927884;-2,87446911791614;28,7;29,2;-0,5;180;178;2;0,5;0,444444444444444;0,5;0,444444444444444;0,0555555555555556;9;6;4;3;5;3;5;3;2;0;0;1
"793071";"2019-M007";"Miami Masters";"Hard";"128";"Masters";85;3;"Kevin Anderson";"R";203;"RSA";32,8;91;"Jaume Munar";"R";183;"ESP";21,8;"6-4 3-6 6-3";3;"R64";131;17;0;88;58;41;19;14;4;6;5;1;86;55;37;21;14;4;7;7;4115;61;845;6;3;6;NA;NA;4;6;3;NA;NA;2019-03-18;2019;"2019-M007:85";452;1;5,1926450779424;2,06926266243711;3;"Kevin Anderson";91;"Jaume Munar";5,1926450779424;2,06926266243711;3,12338241550528;32,8;21,8;11;203;183;20;0,666666666666667;0,571428571428571;0,666666666666667;0,571428571428571;0,0952380952380952;7;6;4;4;3;2;3;2;1;0;0;1
"793072";"2019-M007";"Miami Masters";"Hard";"128";"Masters";86;122;"Joao Sousa";"R";185;"POR";29,9;63;"Steve Johnson";"R";188;"USA";29,2;"7-6(6) 6-4";3;"R64";95;4;2;68;43;34;16;11;1;2;12;4;77;36;29;23;11;6;8;41;1072;38;1160;7;6;NA;NA;NA;6;4;NA;NA;NA;2019-03-18;2019;"2019-M007:86";453;0;2,64244799538192;2,75207248655641;63;"Steve Johnson";122;"Joao Sousa";2,75207248655641;2,64244799538192;0,109624491174499;29,2;29,9;-0,699999999999999;188;185;3;0,5;0,75;0,75;0,5;0,25;8;2;6;1;2;1;1;2;-1;0;0;1
"793073";"2019-M007";"Miami Masters";"Hard";"128";"Masters";87;29;"Grigor Dimitrov";"R";188;"BUL";27,8;81;"Feliciano Lopez";"L";188;"ESP";37,4;"6-1 6-3";3;"R64";60;5;0;41;27;23;10;8;0;0;4;2;50;26;16;10;8;8;12;29;1300;94;635;6;6;NA;NA;NA;1;3;NA;NA;NA;2019-03-18;2019;"2019-M007:87";454;1;3,14201900487243;1,44541114832236;29;"Grigor Dimitrov";81;"Feliciano Lopez";3,14201900487243;1,44541114832236;1,69660785655007;27,8;37,4;-9,6;188;188;0;1,5;0,666666666666667;1,5;0,666666666666667;0,833333333333333;12;0;8;0;4;0;4;0;4;0;0;1
"793074";"2019-M007";"Miami Masters";"Hard";"128";"Masters";88;125;"Jordan Thompson";"R";183;"AUS";24,9;67;"Karen Khachanov";"R";198;"RUS";22,8;"6-2 6-3";3;"R64";71;6;0;54;37;28;12;9;1;1;4;3;45;26;17;7;8;1;4;77;708;12;2845;6;6;NA;NA;NA;2;3;NA;NA;NA;2019-03-18;2019;"2019-M007:88";455;0;1,7332134593051;4,41503749927884;67;"Karen Khachanov";125;"Jordan Thompson";4,41503749927884;1,7332134593051;2,68182403997374;22,8;24,9;-2,1;198;183;15;1;0,25;0,25;1;-0,75;4;1;1;1;3;0;0;3;-3;0;0;1
"793075";"2019-M007";"Miami Masters";"Hard";"128";"Masters";89;86;"Daniil Medvedev";"R";198;"RUS";23;82;"Adrian Mannarino";"L";183;"FRA";30,7;"6-2 6-1";3;"R64";69;9;1;43;26;24;8;8;1;2;0;3;63;38;18;10;7;11;16;15;2230;55;900;6;6;NA;NA;NA;2;1;NA;NA;NA;2019-03-18;2019;"2019-M007:89";456;0;4,09310940439148;2,21864028647534;82;"Adrian Mannarino";86;"Daniil Medvedev";2,21864028647534;4,09310940439148;-1,87446911791614;30,7;23;7,7;183;198;-15;0,5;0,6875;0,6875;0,5;0,1875;16;2;11;1;5;1;1;5;-4;0;0;1
"793076";"2019-M007";"Miami Masters";"Hard";"128";"Masters";90;99;"Reilly Opelka";"R";211;"USA";21,5;115;"Diego Schwartzman";"R";170;"ARG";26,5;"6-4 3-6 6-4";3;"R64";138;8;1;98;54;39;18;15;8;12;4;3;85;67;42;10;14;8;12;58;858;24;1520;6;3;6;NA;NA;4;6;4;NA;NA;2019-03-18;2019;"2019-M007:90";457;1;2,14201900487243;3,41503749927884;99;"Reilly Opelka";115;"Diego Schwartzman";2,14201900487243;3,41503749927884;-1,27301849440642;21,5;26,5;-5;211;170;41;0,666666666666667;0,666666666666667;0,666666666666667;0,666666666666667;0;12;12;8;8;4;4;4;4;0;0;0;1
"793077";"2019-M007";"Miami Masters";"Hard";"128";"Masters";91;73;"Filip Krajinovic";"R";185;"SRB";27;130;"Stan Wawrinka";"R";183;"SUI";33,9;"5-7 6-2 7-6(5)";3;"R64";159;2;2;102;58;42;24;16;6;9;11;3;109;64;46;16;16;6;10;103;576;37;1175;5;6;7;NA;NA;7;2;6;NA;NA;2019-03-18;2019;"2019-M007:91";458;1;1,31349947281678;2,79054663437105;73;"Filip Krajinovic";130;"Stan Wawrinka";1,31349947281678;2,79054663437105;-1,47704716155427;27;33,9;-6,9;185;183;2;0,666666666666667;0,6;0,666666666666667;0,6;0,0666666666666667;10;9;6;6;4;3;4;3;1;0;0;1
"793079";"2019-M007";"Miami Masters";"Hard";"128";"Masters";93;127;"Stefanos Tsitsipas";"R";193;"GRE";20,5;85;"Mackenzie Mcdonald";"R";178;"USA";23,9;"7-6(4) 6-1";3;"R64";85;2;3;50;30;25;13;9;1;2;2;3;71;46;25;14;10;4;8;10;3160;60;848;7;6;NA;NA;NA;6;1;NA;NA;NA;2019-03-18;2019;"2019-M007:93";459;0;4,67807190511264;2,09310940439148;85;"Mackenzie Mcdonald";127;"Stefanos Tsitsipas";2,09310940439148;4,67807190511264;-2,58496250072116;23,9;20,5;3,4;178;193;-15;0,5;0,5;0,5;0,5;0;8;2;4;1;4;1;1;4;-3;0;0;1
"793080";"2019-M007";"Miami Masters";"Hard";"128";"Masters";94;84;"Leonardo Mayer";"R";188;"ARG";31,8;102;"Guido Pella";"L";185;"ARG";28,8;"6-2 6-4";3;"R64";100;8;10;74;42;34;13;9;10;11;4;2;69;47;27;10;9;7;11;62;830;32;1240;6;6;NA;NA;NA;2;4;NA;NA;NA;2019-03-18;2019;"2019-M007:94";460;1;2,04580368961313;3;84;"Leonardo Mayer";102;"Guido Pella";2,04580368961313;3;-0,954196310386875;31,8;28,8;3;188;185;3;0,909090909090909;0,636363636363636;0,909090909090909;0,636363636363636;0,272727272727273;11;11;7;10;4;1;4;1;3;0;0;1
"793081";"2019-M007";"Miami Masters";"Hard";"128";"Masters";95;117;"Denis Shapovalov";"L";185;"CAN";19,9;39;"Daniel Evans";"R";175;"GBR";28,8;"4-6 6-1 6-3";3;"R64";118;4;3;80;50;37;19;13;3;4;3;3;81;44;28;22;13;5;9;23;1550;97;622;4;6;6;NA;NA;6;1;3;NA;NA;2019-03-18;2019;"2019-M007:95";461;0;3,47643804394299;1,40008715781287;39;"Daniel Evans";117;"Denis Shapovalov";1,40008715781287;3,47643804394299;-2,07635088613011;28,8;19,9;8,9;175;185;-10;0,75;0,555555555555556;0,555555555555556;0,75;-0,194444444444444;9;4;5;3;4;1;1;4;-3;0;0;1
"793082";"2019-M007";"Miami Masters";"Hard";"128";"Masters";96;110;"Andrey Rublev";"R";188;"RUS";21,4;19;"Marin Cilic";"R";198;"CRO";30,4;"6-4 6-4";3;"R64";104;5;4;61;32;23;15;10;0;2;9;4;83;53;35;11;10;18;22;99;603;11;3095;6;6;NA;NA;NA;4;4;NA;NA;NA;2019-03-18;2019;"2019-M007:96";462;0;1,37064337992039;4,5405683813627;19;"Marin Cilic";110;"Andrey Rublev";4,5405683813627;1,37064337992039;3,16992500144231;30,4;21,4;9;198;188;10;0;0,818181818181818;0,818181818181818;0;0,818181818181818;22;2;18;0;4;2;2;4;-2;0;0;1
"793085";"2019-M007";"Miami Masters";"Hard";"128";"Masters";99;126;"Frances Tiafoe";"R";188;"USA";21,1;66;"Miomir Kecmanovic";"R";183;"SRB";19,5;"7-6(6) 7-6(5)";3;"R64";124;5;4;85;60;40;11;12;1;4;2;2;104;62;40;19;12;11;14;34;1200;95;630;7;7;NA;NA;NA;6;6;NA;NA;NA;2019-03-18;2019;"2019-M007:99";463;0;2,91253715874966;1,43014439166905;66;"Miomir Kecmanovic";126;"Frances Tiafoe";1,43014439166905;2,91253715874966;-1,48239276708061;19,5;21,1;-1,6;183;188;-5;0,25;0,785714285714286;0,785714285714286;0,25;0,535714285714286;14;4;11;1;3;3;3;3;0;0;0;1
"793087";"2019-M007";"Miami Masters";"Hard";"128";"Masters";101;31;"Novak Djokovic";"R";188;"SRB";31,8;28;"Federico Delbonis";"L";190;"ARG";28,4;"7-5 4-6 6-1";3;"R32";120;3;3;77;53;41;12;15;1;4;8;5;84;54;36;12;14;7;12;1;10990;83;676;7;4;6;NA;NA;5;6;1;NA;NA;2019-03-18;2019;"2019-M007:101";464;0;8;1,62496056865308;28;"Federico Delbonis";31;"Novak Djokovic";1,62496056865308;8;-6,37503943134692;28,4;31,8;-3,4;190;188;2;0,25;0,583333333333333;0,583333333333333;0,25;0,333333333333333;12;4;7;1;5;3;3;5;-2;0;0;1
"793088";"2019-M007";"Miami Masters";"Hard";"128";"Masters";102;6;"Roberto Bautista Agut";"R";183;"ESP";30,9;42;"Fabio Fognini";"R";178;"ITA";31,8;"6-4 6-4";3;"R32";84;0;4;53;32;22;11;10;3;6;3;2;61;36;23;8;10;1;6;25;1510;17;1885;6;6;NA;NA;NA;4;4;NA;NA;NA;2019-03-18;2019;"2019-M007:102";465;1;3,35614381022528;3,91253715874966;6;"Roberto Bautista Agut";42;"Fabio Fognini";3,35614381022528;3,91253715874966;-0,556393348524385;30,9;31,8;-0,900000000000002;183;178;5;0,5;0,166666666666667;0,5;0,166666666666667;0,333333333333333;6;6;1;3;5;3;5;3;2;0;0;1
"793089";"2019-M007";"Miami Masters";"Hard";"128";"Masters";103;36;"Kyle Edmund";"R";188;"GBR";24,1;109;"Milos Raonic";"R";196;"CAN";28,2;"6-4 6-4";3;"R32";93;2;3;61;31;25;18;10;0;0;8;1;56;28;22;13;10;1;3;22;1600;14;2275;6;6;NA;NA;NA;4;4;NA;NA;NA;2019-03-18;2019;"2019-M007:103";466;1;3,5405683813627;4,1926450779424;36;"Kyle Edmund";109;"Milos Raonic";3,5405683813627;4,1926450779424;-0,652076696579694;24,1;28,2;-4,1;188;196;-8;1,5;0,333333333333333;1,5;0,333333333333333;1,16666666666667;3;0;1;0;2;0;2;0;2;0;0;1
"793090";"2019-M007";"Miami Masters";"Hard";"128";"Masters";104;60;"John Isner";"R";206;"USA";33,8;108;"Albert Ramos";"L";188;"ESP";31,1;"7-5 7-6(6)";3;"R32";113;16;2;72;50;42;12;12;4;5;2;1;83;53;36;17;12;2;4;9;3485;86;660;7;7;NA;NA;NA;5;6;NA;NA;NA;2019-03-18;2019;"2019-M007:104";467;1;4,83007499855769;1,5737352452979;60;"John Isner";108;"Albert Ramos";4,83007499855769;1,5737352452979;3,25633975325979;33,8;31,1;2,7;206;188;18;0,8;0,5;0,8;0,5;0,3;4;5;2;4;2;1;2;1;1;0;0;1
"793091";"2019-M007";"Miami Masters";"Hard";"128";"Masters";105;4;"Felix Auger Aliassime";"R";193;"CAN";18,6;59;"Hubert Hurkacz";"R";196;"POL";22;"7-6(5) 6-4";3;"R32";102;7;2;74;48;38;15;11;3;3;6;1;75;52;39;12;11;2;3;57;876;54;904;7;6;NA;NA;NA;6;4;NA;NA;NA;2019-03-18;2019;"2019-M007:105";468;1;2,16710998583526;2,24511249783653;4;"Felix Auger Aliassime";59;"Hubert Hurkacz";2,16710998583526;2,24511249783653;-0,0780025120012731;18,6;22;-3,4;193;196;-3;1;0,666666666666667;1;0,666666666666667;0,333333333333333;3;3;2;3;1;0;1;0;1;0;0;1
"793092";"2019-M007";"Miami Masters";"Hard";"128";"Masters";106;5;"Nikoloz Basilashvili";"R";185;"GEO";27;55;"Robin Haase";"R";190;"NED";31,9;"7-6(3) 6-3";3;"R32";93;14;4;77;51;37;16;11;4;5;7;4;72;38;30;15;10;5;7;19;1865;65;805;7;6;NA;NA;NA;6;3;NA;NA;NA;2019-03-18;2019;"2019-M007:106";469;1;3,75207248655641;1,97763218697155;5;"Nikoloz Basilashvili";55;"Robin Haase";3,75207248655641;1,97763218697155;1,77444029958487;27;31,9;-4,9;185;190;-5;0,8;0,714285714285714;0,8;0,714285714285714;0,0857142857142857;7;5;5;4;2;1;2;1;1;0;0;1
"793093";"2019-M007";"Miami Masters";"Hard";"128";"Masters";107;22;"Borna Coric";"R";188;"CRO";22,3;18;"Jeremy Chardy";"R";188;"FRA";32;"6-7(2) 6-2 6-3";3;"R32";156;12;3;108;62;46;26;15;9;10;12;5;94;52;36;20;14;4;8;13;2345;40;1100;6;6;6;NA;NA;7;2;3;NA;NA;2019-03-18;2019;"2019-M007:107";470;0;4,29956028185891;2,67807190511264;18;"Jeremy Chardy";22;"Borna Coric";2,67807190511264;4,29956028185891;-1,62148837674627;32;22,3;9,7;188;188;0;0,9;0,5;0,5;0,9;-0,4;8;10;4;9;4;1;1;4;-3;0;0;1
"793094";"2019-M007";"Miami Masters";"Hard";"128";"Masters";108;78;"Nick Kyrgios";"R";193;"AUS";23,8;80;"Dusan Lajovic";"R";180;"SRB";28,7;"6-3 6-1";3;"R32";57;12;2;55;38;29;9;8;6;7;0;0;46;32;21;2;8;1;6;33;1215;44;1010;6;6;NA;NA;NA;3;1;NA;NA;NA;2019-03-18;2019;"2019-M007:108";471;1;2,95560588064155;2,5405683813627;78;"Nick Kyrgios";80;"Dusan Lajovic";2,95560588064155;2,5405683813627;0,415037499278844;23,8;28,7;-4,9;193;180;13;0,857142857142857;0,166666666666667;0,857142857142857;0,166666666666667;0,69047619047619;6;7;1;6;5;1;5;1;4;0;0;1
"793095";"2019-M007";"Miami Masters";"Hard";"128";"Masters";109;3;"Kevin Anderson";"R";203;"RSA";32,8;122;"Joao Sousa";"R";185;"POR";29,9;"6-4 7-6(6)";3;"R32";108;13;1;70;44;33;18;11;1;1;1;0;76;52;36;13;11;3;4;7;4115;41;1072;6;7;NA;NA;NA;4;6;NA;NA;NA;2019-03-18;2019;"2019-M007:109";472;1;5,1926450779424;2,64244799538192;3;"Kevin Anderson";122;"Joao Sousa";5,1926450779424;2,64244799538192;2,55019708256048;32,8;29,9;2,9;203;185;18;1;0,75;1;0,75;0,25;4;1;3;1;1;0;1;0;1;0;0;1
"793096";"2019-M007";"Miami Masters";"Hard";"128";"Masters";110;125;"Jordan Thompson";"R";183;"AUS";24,9;29;"Grigor Dimitrov";"R";188;"BUL";27,8;"7-5 7-5";3;"R32";107;5;3;74;54;37;10;12;4;7;4;3;74;42;24;16;12;5;10;77;708;29;1300;7;7;NA;NA;NA;5;5;NA;NA;NA;2019-03-18;2019;"2019-M007:110";473;0;1,7332134593051;3,14201900487243;29;"Grigor Dimitrov";125;"Jordan Thompson";3,14201900487243;1,7332134593051;1,40880554556733;27,8;24,9;2,9;188;183;5;0,571428571428571;0,5;0,5;0,571428571428571;-0,0714285714285714;10;7;5;4;5;3;3;5;-2;0;0;1
"793097";"2019-M007";"Miami Masters";"Hard";"128";"Masters";111;86;"Daniil Medvedev";"R";198;"RUS";23;99;"Reilly Opelka";"R";211;"USA";21,5;"7-6(5) 6-7(5) 7-6(0)";3;"R32";142;19;3;106;64;58;29;18;2;2;22;3;111;74;64;20;18;2;2;15;2230;58;858;7;6;7;NA;NA;6;7;6;NA;NA;2019-03-18;2019;"2019-M007:111";474;1;4,09310940439148;2,14201900487243;86;"Daniil Medvedev";99;"Reilly Opelka";4,09310940439148;2,14201900487243;1,95109039951905;23;21,5;1,5;198;211;-13;1;1;1;1;0;2;2;2;2;0;0;0;0;0;0;0;1
"793098";"2019-M007";"Miami Masters";"Hard";"128";"Masters";112;41;"Roger Federer";"R";185;"SUI";37,6;73;"Filip Krajinovic";"R";185;"SRB";27;"7-5 6-3";3;"R32";90;14;1;59;43;32;9;11;1;2;2;3;82;54;34;12;10;7;10;5;4600;103;576;7;6;NA;NA;NA;5;3;NA;NA;NA;2019-03-18;2019;"2019-M007:112";475;1;5,67807190511264;1,31349947281678;41;"Roger Federer";73;"Filip Krajinovic";5,67807190511264;1,31349947281678;4,36457243229586;37,6;27;10,6;185;185;0;0,5;0,7;0,5;0,7;-0,2;10;2;7;1;3;1;3;1;2;0;0;1
"793099";"2019-M007";"Miami Masters";"Hard";"128";"Masters";113;127;"Stefanos Tsitsipas";"R";193;"GRE";20,5;84;"Leonardo Mayer";"R";188;"ARG";31,8;"6-4 6-4";3;"R32";94;3;2;60;41;32;11;10;0;0;6;2;75;43;30;14;10;9;11;10;3160;62;830;6;6;NA;NA;NA;4;4;NA;NA;NA;2019-03-18;2019;"2019-M007:113";476;0;4,67807190511264;2,04580368961313;84;"Leonardo Mayer";127;"Stefanos Tsitsipas";2,04580368961313;4,67807190511264;-2,63226821549951;31,8;20,5;11,3;188;193;-5;1,5;0,818181818181818;0,818181818181818;1,5;-0,681818181818182;11;0;9;0;2;0;0;2;-2;0;0;1
"793100";"2019-M007";"Miami Masters";"Hard";"128";"Masters";114;117;"Denis Shapovalov";"L";185;"CAN";19,9;110;"Andrey Rublev";"R";188;"RUS";21,4;"6-3 7-6(5)";3;"R32";94;5;0;64;43;31;13;11;0;1;2;1;74;56;36;8;10;10;12;23;1550;99;603;6;7;NA;NA;NA;3;6;NA;NA;NA;2019-03-18;2019;"2019-M007:114";477;0;3,47643804394299;1,37064337992039;110;"Andrey Rublev";117;"Denis Shapovalov";1,37064337992039;3,47643804394299;-2,1057946640226;21,4;19,9;1,5;188;185;3;0;0,833333333333333;0,833333333333333;0;0,833333333333333;12;1;10;0;2;1;1;2;-1;0;0;1
"793101";"2019-M007";"Miami Masters";"Hard";"128";"Masters";115;51;"David Goffin";"R";180;"BEL";28,2;17;"Marco Cecchinato";"R";185;"ITA";26,4;"6-4 6-4";3;"R32";69;4;2;51;32;26;10;10;1;3;3;2;60;38;20;12;10;2;6;20;1685;16;2021;6;6;NA;NA;NA;4;4;NA;NA;NA;2019-03-18;2019;"2019-M007:115";478;0;3,67807190511264;4;17;"Marco Cecchinato";51;"David Goffin";4;3,67807190511264;0,321928094887363;26,4;28,2;-1,8;185;180;5;0,333333333333333;0,333333333333333;0,333333333333333;0,333333333333333;0;6;3;2;1;4;2;2;4;-2;0;0;1
"793103";"2019-M007";"Miami Masters";"Hard";"128";"Masters";117;6;"Roberto Bautista Agut";"R";183;"ESP";30,9;31;"Novak Djokovic";"R";188;"SRB";31,8;"1-6 7-5 6-3";3;"R16";149;1;3;94;55;39;15;14;9;13;5;4;87;50;32;18;14;3;7;25;1510;1;10990;1;7;6;NA;NA;6;5;3;NA;NA;2019-03-18;2019;"2019-M007:117";479;1;3,35614381022528;8;6;"Roberto Bautista Agut";31;"Novak Djokovic";3,35614381022528;8;-4,64385618977472;30,9;31,8;-0,900000000000002;183;188;-5;0,692307692307692;0,428571428571429;0,692307692307692;0,428571428571429;0,263736263736264;7;13;3;9;4;4;4;4;0;0;0;1
"793104";"2019-M007";"Miami Masters";"Hard";"128";"Masters";118;60;"John Isner";"R";206;"USA";33,8;36;"Kyle Edmund";"R";188;"GBR";24,1;"7-6(5) 7-6(3)";3;"R16";100;17;1;72;57;46;7;12;0;1;10;2;73;45;32;18;12;0;1;9;3485;22;1600;7;7;NA;NA;NA;6;6;NA;NA;NA;2019-03-18;2019;"2019-M007:118";480;0;4,83007499855769;3,5405683813627;36;"Kyle Edmund";60;"John Isner";3,5405683813627;4,83007499855769;-1,28950661719499;24,1;33,8;-9,7;188;206;-18;0;0;0;0;0;1;1;0;0;1;1;1;1;0;0;0;1
"793105";"2019-M007";"Miami Masters";"Hard";"128";"Masters";119;4;"Felix Auger Aliassime";"R";193;"CAN";18,6;5;"Nikoloz Basilashvili";"R";185;"GEO";27;"7-6(4) 6-4";3;"R16";96;13;4;73;45;35;13;11;6;8;4;8;64;25;17;23;11;2;5;57;876;19;1865;7;6;NA;NA;NA;6;4;NA;NA;NA;2019-03-18;2019;"2019-M007:119";481;1;2,16710998583526;3,75207248655641;4;"Felix Auger Aliassime";5;"Nikoloz Basilashvili";2,16710998583526;3,75207248655641;-1,58496250072116;18,6;27;-8,4;193;185;8;0,75;0,4;0,75;0,4;0,35;5;8;2;6;3;2;3;2;1;0;0;1
"793106";"2019-M007";"Miami Masters";"Hard";"128";"Masters";120;22;"Borna Coric";"R";188;"CRO";22,3;78;"Nick Kyrgios";"R";193;"AUS";23,8;"4-6 6-3 6-2";3;"R16";116;12;4;76;41;32;20;14;3;5;18;2;78;51;36;10;13;2;6;13;2345;33;1215;4;6;6;NA;NA;6;3;2;NA;NA;2019-03-18;2019;"2019-M007:120";482;1;4,29956028185891;2,95560588064155;22;"Borna Coric";78;"Nick Kyrgios";4,29956028185891;2,95560588064155;1,34395440121736;22,3;23,8;-1,5;188;193;-5;0,6;0,333333333333333;0,6;0,333333333333333;0,266666666666667;6;5;2;3;4;2;4;2;2;0;0;1
"793107";"2019-M007";"Miami Masters";"Hard";"128";"Masters";121;3;"Kevin Anderson";"R";203;"RSA";32,8;125;"Jordan Thompson";"R";183;"AUS";24,9;"7-5 7-5";3;"R16";111;8;2;69;49;36;12;12;0;1;6;2;75;47;30;15;12;4;7;7;4115;77;708;7;7;NA;NA;NA;5;5;NA;NA;NA;2019-03-18;2019;"2019-M007:121";483;1;5,1926450779424;1,7332134593051;3;"Kevin Anderson";125;"Jordan Thompson";5,1926450779424;1,7332134593051;3,4594316186373;32,8;24,9;7,9;203;183;20;0;0,571428571428571;0;0,571428571428571;-0,571428571428571;7;1;4;0;3;1;3;1;2;0;0;1
"793108";"2019-M007";"Miami Masters";"Hard";"128";"Masters";122;41;"Roger Federer";"R";185;"SUI";37,6;86;"Daniil Medvedev";"R";198;"RUS";23;"6-4 6-2";3;"R16";61;5;0;48;33;28;9;9;3;3;2;1;51;30;19;12;9;0;3;5;4600;15;2230;6;6;NA;NA;NA;4;2;NA;NA;NA;2019-03-18;2019;"2019-M007:122";484;1;5,67807190511264;4,09310940439148;41;"Roger Federer";86;"Daniil Medvedev";5,67807190511264;4,09310940439148;1,58496250072116;37,6;23;14,6;185;198;-13;1;0;1;0;1;3;3;0;3;3;0;3;0;3;0;0;1
"793109";"2019-M007";"Miami Masters";"Hard";"128";"Masters";123;117;"Denis Shapovalov";"L";185;"CAN";19,9;127;"Stefanos Tsitsipas";"R";193;"GRE";20,5;"4-6 6-3 7-6(3)";3;"R16";134;5;4;107;74;55;16;16;2;4;7;0;93;66;45;19;15;4;6;23;1550;10;3160;4;6;7;NA;NA;6;3;6;NA;NA;2019-03-18;2019;"2019-M007:123";485;1;3,47643804394299;4,67807190511264;117;"Denis Shapovalov";127;"Stefanos Tsitsipas";3,47643804394299;4,67807190511264;-1,20163386116965;19,9;20,5;-0,600000000000001;185;193;-8;0,5;0,666666666666667;0,5;0,666666666666667;-0,166666666666667;6;4;4;2;2;2;2;2;0;0;0;1
"793110";"2019-M007";"Miami Masters";"Hard";"128";"Masters";124;126;"Frances Tiafoe";"R";188;"USA";21,1;51;"David Goffin";"R";180;"BEL";28,2;"7-5 7-6(6)";3;"R16";244;3;1;70;45;32;16;12;2;5;11;3;101;55;38;21;12;8;12;34;1200;20;1685;7;7;NA;NA;NA;5;6;NA;NA;NA;2019-03-18;2019;"2019-M007:124";486;0;2,91253715874966;3,67807190511264;51;"David Goffin";126;"Frances Tiafoe";3,67807190511264;2,91253715874966;0,765534746362976;28,2;21,1;7,1;180;188;-8;0,4;0,666666666666667;0,666666666666667;0,4;0,266666666666667;12;5;8;2;4;3;3;4;-1;0;0;1
"793111";"2019-M007";"Miami Masters";"Hard";"128";"Masters";125;60;"John Isner";"R";206;"USA";33,8;6;"Roberto Bautista Agut";"R";183;"ESP";30,9;"7-6(1) 7-6(5)";3;"QF";105;24;1;82;61;48;12;12;1;1;3;2;75;49;38;17;12;3;3;9;3485;25;1510;7;7;NA;NA;NA;6;6;NA;NA;NA;2019-03-18;2019;"2019-M007:125";487;0;4,83007499855769;3,35614381022528;6;"Roberto Bautista Agut";60;"John Isner";3,35614381022528;4,83007499855769;-1,47393118833241;30,9;33,8;-2,9;183;206;-23;1;1;1;1;0;3;1;3;1;0;0;0;0;0;0;0;1
"793112";"2019-M007";"Miami Masters";"Hard";"128";"Masters";126;4;"Felix Auger Aliassime";"R";193;"CAN";18,6;22;"Borna Coric";"R";188;"CRO";22,3;"7-6(3) 6-2";3;"QF";108;8;2;69;51;37;11;10;1;2;7;1;82;56;36;11;10;3;6;57;876;13;2345;7;6;NA;NA;NA;6;2;NA;NA;NA;2019-03-18;2019;"2019-M007:126";488;1;2,16710998583526;4,29956028185891;4;"Felix Auger Aliassime";22;"Borna Coric";2,16710998583526;4,29956028185891;-2,13245029602365;18,6;22,3;-3,7;193;188;5;0,5;0,5;0,5;0,5;0;6;2;3;1;3;1;3;1;2;0;0;1
"793113";"2019-M007";"Miami Masters";"Hard";"128";"Masters";127;41;"Roger Federer";"R";185;"SUI";37,6;3;"Kevin Anderson";"R";203;"RSA";32,8;"6-0 6-4";3;"QF";85;3;2;42;25;20;9;8;0;1;4;4;75;42;25;11;8;8;13;5;4600;7;4115;6;6;NA;NA;NA;0;4;NA;NA;NA;2019-03-18;2019;"2019-M007:127";489;0;5,67807190511264;5,1926450779424;3;"Kevin Anderson";41;"Roger Federer";5,1926450779424;5,67807190511264;-0,485426827170242;32,8;37,6;-4,8;203;185;18;0;0,615384615384615;0,615384615384615;0;0,615384615384615;13;1;8;0;5;1;1;5;-4;0;0;1
"793114";"2019-M007";"Miami Masters";"Hard";"128";"Masters";128;117;"Denis Shapovalov";"L";185;"CAN";19,9;126;"Frances Tiafoe";"R";188;"USA";21,1;"6-7(5) 6-4 6-2";3;"QF";135;7;1;91;63;48;18;15;5;6;5;6;105;64;40;25;15;8;12;23;1550;34;1200;6;6;6;NA;NA;7;4;2;NA;NA;2019-03-18;2019;"2019-M007:128";490;1;3,47643804394299;2,91253715874966;117;"Denis Shapovalov";126;"Frances Tiafoe";3,47643804394299;2,91253715874966;0,563900885193326;19,9;21,1;-1,2;185;188;-3;0,833333333333333;0,666666666666667;0,833333333333333;0,666666666666667;0,166666666666667;12;6;8;5;4;1;4;1;3;0;0;1
"793115";"2019-M007";"Miami Masters";"Hard";"128";"Masters";129;60;"John Isner";"R";206;"USA";33,8;4;"Felix Auger Aliassime";"R";193;"CAN";18,6;"7-6(3) 7-6(4)";3;"SF";113;21;2;78;56;42;11;12;4;6;6;7;81;52;36;15;12;2;4;9;3485;57;876;7;7;NA;NA;NA;6;6;NA;NA;NA;2019-03-18;2019;"2019-M007:129";491;0;4,83007499855769;2,16710998583526;4;"Felix Auger Aliassime";60;"John Isner";2,16710998583526;4,83007499855769;-2,66296501272243;18,6;33,8;-15,2;193;206;-13;0,666666666666667;0,5;0,5;0,666666666666667;-0,166666666666667;4;6;2;4;2;2;2;2;0;0;0;1
"793116";"2019-M007";"Miami Masters";"Hard";"128";"Masters";130;41;"Roger Federer";"R";185;"SUI";37,6;117;"Denis Shapovalov";"L";185;"CAN";19,9;"6-2 6-4";3;"SF";72;2;1;45;22;20;17;9;2;2;3;5;67;35;27;10;9;8;11;5;4600;23;1550;6;6;NA;NA;NA;2;4;NA;NA;NA;2019-03-18;2019;"2019-M007:130";492;1;5,67807190511264;3,47643804394299;41;"Roger Federer";117;"Denis Shapovalov";5,67807190511264;3,47643804394299;2,20163386116965;37,6;19,9;17,7;185;185;0;1;0,727272727272727;1;0,727272727272727;0,272727272727273;11;2;8;2;3;0;3;0;3;0;0;1
"793117";"2019-M007";"Miami Masters";"Hard";"128";"Masters";131;41;"Roger Federer";"R";185;"SUI";37,6;60;"John Isner";"R";206;"USA";33,8;"6-1 6-4";3;"F";63;6;1;35;20;20;12;8;0;0;9;2;53;39;23;7;9;6;10;5;4600;9;3485;6;6;NA;NA;NA;1;4;NA;NA;NA;2019-03-18;2019;"2019-M007:131";493;1;5,67807190511264;4,83007499855769;41;"Roger Federer";60;"John Isner";5,67807190511264;4,83007499855769;0,84799690655495;37,6;33,8;3,8;185;206;-21;1,5;0,6;1,5;0,6;0,9;10;0;6;0;4;0;4;0;4;0;0;1
"805063";"2019-0421";"Canada Masters";"Hard";"64";"Masters";1;101;"Tommy Paul";"R";185;"USA";22,2;104;"Alexei Popyrin";"R";196;"AUS";20;"6-4 5-7 6-4";3;"Q1";130;12;4;118;66;48;25;16;9;11;11;3;98;59;44;21;16;4;7;128;427;87;625;6;5;6;NA;NA;4;7;4;NA;NA;2019-08-05;2019;"2019-0421:1";494;1;0;0,557056504151272;101;"Tommy Paul";104;"Alexei Popyrin";0;0,557056504151272;-0,557056504151272;22,2;20;2,2;185;196;-11;0,818181818181818;0,571428571428571;0,818181818181818;0,571428571428571;0,246753246753247;7;11;4;9;3;2;3;2;1;0;0;1
"805065";"2019-0421";"Canada Masters";"Hard";"64";"Masters";3;61;"Ilya Ivashka";"R";193;"BLR";25,4;56;"Lloyd Harris";"R";193;"RSA";22,4;"5-7 6-2 6-4";3;"Q1";132;6;4;110;71;47;18;15;7;10;8;1;89;60;38;16;15;6;11;125;438;94;587;5;6;6;NA;NA;7;2;4;NA;NA;2019-08-05;2019;"2019-0421:3";495;0;0,034215715337913;0,445411148322362;56;"Lloyd Harris";61;"Ilya Ivashka";0,445411148322362;0,034215715337913;0,411195432984449;22,4;25,4;-3;193;193;0;0,7;0,545454545454545;0,545454545454545;0,7;-0,154545454545455;11;10;6;7;5;3;3;5;-2;0;0;1
"805066";"2019-0421";"Canada Masters";"Hard";"64";"Masters";4;97;"Yoshihito Nishioka";"L";170;"JPN";23,8;62;"Malek Jaziri";"R";185;"TUN";35,5;"6-2 6-3";3;"Q1";70;0;0;51;39;24;7;9;6;9;1;3;47;24;12;6;8;3;9;76;776;102;544;6;6;NA;NA;NA;2;3;NA;NA;NA;2019-08-05;2019;"2019-0421:4";496;0;0,752072486556415;0,327574658028505;62;"Malek Jaziri";97;"Yoshihito Nishioka";0,327574658028505;0,752072486556415;-0,42449782852791;35,5;23,8;11,7;185;170;15;0,666666666666667;0,333333333333333;0,333333333333333;0,666666666666667;-0,333333333333333;9;9;3;6;6;3;3;6;-3;0;0;1
"805069";"2019-0421";"Canada Masters";"Hard";"64";"Masters";7;77;"Soon Woo Kwon";"R";180;"KOR";21,6;55;"Robin Haase";"R";190;"NED";32,3;"7-6(4) 7-6(3)";3;"Q1";110;5;5;90;56;45;17;12;4;5;11;1;86;52;42;15;12;3;4;97;571;86;626;7;7;NA;NA;NA;6;6;NA;NA;NA;2019-08-05;2019;"2019-0421:7";497;0;0,400087157812872;0,573735245297902;55;"Robin Haase";77;"Soon Woo Kwon";0,573735245297902;0,400087157812872;0,17364808748503;32,3;21,6;10,7;190;180;10;0,8;0,75;0,75;0,8;-0,05;4;5;3;4;1;1;1;1;0;0;0;1
"805071";"2019-0421";"Canada Masters";"Hard";"64";"Masters";9;65;"Ivo Karlovic";"R";208;"CRO";40,4;32;"Evgeny Donskoy";"R";185;"RUS";29,2;"6-4 4-6 7-6(3)";3;"Q1";103;19;2;88;54;47;21;16;2;3;6;3;84;48;41;24;16;2;3;81;659;111;505;6;4;7;NA;NA;4;6;6;NA;NA;2019-08-05;2019;"2019-0421:9";498;0;0,660149997115376;0,205584133649894;32;"Evgeny Donskoy";65;"Ivo Karlovic";0,205584133649894;0,660149997115376;-0,454565863465482;29,2;40,4;-11,2;185;208;-23;0,666666666666667;0,666666666666667;0,666666666666667;0,666666666666667;0;3;3;2;2;1;1;1;1;0;0;0;1
"805077";"2019-0421";"Canada Masters";"Hard";"64";"Masters";15;101;"Tommy Paul";"R";185;"USA";22,2;8;"Ricardas Berankis";"R";175;"LTU";29,1;"4-6 7-6(3) 6-3";3;"Q2";131;4;5;96;50;33;24;16;5;10;3;2;89;48;31;23;15;5;10;128;427;77;749;4;7;6;NA;NA;6;6;3;NA;NA;2019-08-05;2019;"2019-0421:15";499;0;0;0,733213459305099;8;"Ricardas Berankis";101;"Tommy Paul";0,733213459305099;0;0,733213459305099;29,1;22,2;6,9;175;185;-10;0,5;0,5;0,5;0,5;0;10;10;5;5;5;5;5;5;0;0;0;1
"805078";"2019-0421";"Canada Masters";"Hard";"64";"Masters";16;61;"Ilya Ivashka";"R";193;"BLR";25,4;97;"Yoshihito Nishioka";"L";170;"JPN";23,8;"6-4 6-3";3;"Q2";72;7;1;51;31;25;8;9;5;7;2;6;60;33;17;13;10;5;10;125;438;76;776;6;6;NA;NA;NA;4;3;NA;NA;NA;2019-08-05;2019;"2019-0421:16";500;1;0,034215715337913;0,752072486556415;61;"Ilya Ivashka";97;"Yoshihito Nishioka";0,034215715337913;0,752072486556415;-0,717856771218502;25,4;23,8;1,6;193;170;23;0,714285714285714;0,5;0,714285714285714;0,5;0,214285714285714;10;7;5;5;5;2;5;2;3;0;0;1
"805080";"2019-0421";"Canada Masters";"Hard";"64";"Masters";18;77;"Soon Woo Kwon";"R";180;"KOR";21,6;87;"John Millman";"R";183;"AUS";30,1;"6-7(6) 6-3 6-4";3;"Q2";152;3;1;104;68;52;23;16;6;7;4;2;117;67;41;31;15;10;13;97;571;65;860;6;6;6;NA;NA;7;3;4;NA;NA;2019-08-05;2019;"2019-0421:18";501;1;0,400087157812872;0,977632186971546;77;"Soon Woo Kwon";87;"John Millman";0,400087157812872;0,977632186971546;-0,577545029158673;21,6;30,1;-8,5;180;183;-3;0,857142857142857;0,769230769230769;0,857142857142857;0,769230769230769;0,0879120879120878;13;7;10;6;3;1;3;1;2;0;0;1
"805084";"2019-0421";"Canada Masters";"Hard";"64";"Masters";22;39;"Daniel Evans";"R";175;"GBR";29,2;26;"Alex De Minaur";"R";183;"AUS";20,4;"6-4 7-6(6)";3;"R64";117;3;3;80;47;36;17;11;7;8;10;3;72;40;26;20;11;0;2;53;980;38;1215;6;7;NA;NA;NA;4;6;NA;NA;NA;2019-08-05;2019;"2019-0421:22";502;0;1,2720795454368;1,75207248655641;26;"Alex De Minaur";39;"Daniel Evans";1,75207248655641;1,2720795454368;0,479992941119614;20,4;29,2;-8,8;183;175;8;0,875;0;0;0,875;-0,875;2;8;0;7;2;1;1;2;-1;0;0;1
"805085";"2019-0421";"Canada Masters";"Hard";"64";"Masters";23;1;"Radu Albot";"R";175;"MDA";29,7;118;"Gilles Simon";"R";183;"FRA";34,6;"6-4 6-2";3;"R64";96;1;3;57;28;23;14;9;0;1;1;6;68;35;21;15;9;7;11;39;1116;34;1310;6;6;NA;NA;NA;4;2;NA;NA;NA;2019-08-05;2019;"2019-0421:23";503;1;1,71459778113775;1,91253715874966;1;"Radu Albot";118;"Gilles Simon";1,71459778113775;1,91253715874966;-0,19793937761191;29,7;34,6;-4,9;175;183;-8;0;0,636363636363636;0;0,636363636363636;-0,636363636363636;11;1;7;0;4;1;4;1;3;0;0;1
"805086";"2019-0421";"Canada Masters";"Hard";"64";"Masters";24;102;"Guido Pella";"L";185;"ARG";29,2;51;"David Goffin";"R";180;"BEL";28,6;"6-4 7-6(4)";3;"R64";99;3;1;79;55;39;15;11;7;7;12;3;64;41;33;11;11;0;1;24;1640;18;1815;6;7;NA;NA;NA;4;6;NA;NA;NA;2019-08-05;2019;"2019-0421:24";504;0;2,41503749927884;2,83007499855769;51;"David Goffin";102;"Guido Pella";2,83007499855769;2,41503749927884;0,415037499278844;28,6;29,2;-0,599999999999998;180;185;-5;1;0;0;1;-1;1;7;0;7;1;0;0;1;-1;0;0;1
"805087";"2019-0421";"Canada Masters";"Hard";"64";"Masters";25;22;"Borna Coric";"R";188;"CRO";22,7;52;"Peter Gojowczyk";"R";185;"GER";30;"2-6 6-1 7-6(2)";3;"R64";123;16;6;96;64;46;17;14;4;6;17;5;88;48;40;16;13;2;4;14;2195;85;629;2;6;7;NA;NA;6;1;6;NA;NA;2019-08-05;2019;"2019-0421:25";505;1;3,1926450779424;0,590609063862298;22;"Borna Coric";52;"Peter Gojowczyk";3,1926450779424;0,590609063862298;2,6020360140801;22,7;30;-7,3;188;185;3;0,666666666666667;0,5;0,666666666666667;0,5;0,166666666666667;4;6;2;4;2;2;2;2;0;0;0;1
"805088";"2019-0421";"Canada Masters";"Hard";"64";"Masters";26;82;"Adrian Mannarino";"L";183;"FRA";31;76;"Mikhail Kukushkin";"R";183;"KAZ";31,6;"6-4 6-4";3;"R64";90;9;4;63;37;27;11;10;2;5;0;0;62;36;21;13;10;3;8;69;836;44;1045;6;6;NA;NA;NA;4;4;NA;NA;NA;2019-08-05;2019;"2019-0421:26";506;0;0,891475543221831;1,5405683813627;76;"Mikhail Kukushkin";82;"Adrian Mannarino";1,5405683813627;0,891475543221831;0,649092838140872;31,6;31;0,600000000000001;183;183;0;0,4;0,375;0,375;0,4;-0,025;8;5;3;2;5;3;3;5;-2;0;0;1
"805090";"2019-0421";"Canada Masters";"Hard";"64";"Masters";28;59;"Hubert Hurkacz";"R";196;"POL";22,4;44;"Taylor Fritz";"R";193;"USA";21,7;"6-3 7-5";3;"R64";74;7;3;67;52;40;6;11;4;5;7;1;60;38;26;10;10;2;5;48;1023;25;1580;6;7;NA;NA;NA;3;5;NA;NA;NA;2019-08-05;2019;"2019-0421:28";507;0;1,41503749927884;2,35614381022528;44;"Taylor Fritz";59;"Hubert Hurkacz";2,35614381022528;1,41503749927884;0,941106310946432;21,7;22,4;-0,699999999999999;193;196;-3;0,8;0,4;0,4;0,8;-0,4;5;5;2;4;3;1;1;3;-2;0;0;1
"805091";"2019-0421";"Canada Masters";"Hard";"64";"Masters";29;61;"Ilya Ivashka";"R";193;"BLR";25,4;77;"Soon Woo Kwon";"R";180;"KOR";21,6;"7-6(3) 6-4";3;"R64";116;5;5;67;40;27;15;11;5;8;0;5;96;53;29;19;11;12;16;125;438;97;571;7;6;NA;NA;NA;6;4;NA;NA;NA;2019-08-05;2019;"2019-0421:29";508;1;0,034215715337913;0,400087157812872;61;"Ilya Ivashka";77;"Soon Woo Kwon";0,034215715337913;0,400087157812872;-0,365871442474959;25,4;21,6;3,8;193;180;13;0,625;0,75;0,625;0,75;-0,125;16;8;12;5;4;3;4;3;1;0;0;1
"805092";"2019-0421";"Canada Masters";"Hard";"64";"Masters";30;88;"Gael Monfils";"R";193;"FRA";32,9;103;"Peter Polansky";"R";180;"CAN";31,1;"6-7(4) 6-3 6-3";3;"R64";131;4;5;94;55;41;21;15;4;6;3;2;99;53;38;21;15;5;10;20;1770;172;305;6;6;6;NA;NA;7;3;3;NA;NA;2019-08-05;2019;"2019-0421:30";509;1;2,67807190511264;-0,426264754702098;88;"Gael Monfils";103;"Peter Polansky";2,67807190511264;-0,426264754702098;3,10433665981474;32,9;31,1;1,8;193;180;13;0,666666666666667;0,5;0,666666666666667;0,5;0,166666666666667;10;6;5;4;5;2;5;2;3;0;0;1
"805094";"2019-0421";"Canada Masters";"Hard";"64";"Masters";32;115;"Diego Schwartzman";"R";170;"ARG";26,9;17;"Marco Cecchinato";"R";185;"ITA";26,8;"3-6 7-6(5) 6-4";3;"R64";155;4;6;111;79;55;15;15;9;11;9;2;110;66;45;26;16;2;4;23;1690;61;880;3;7;6;NA;NA;6;6;4;NA;NA;2019-08-05;2019;"2019-0421:32";510;0;2,47643804394299;1,06926266243711;17;"Marco Cecchinato";115;"Diego Schwartzman";1,06926266243711;2,47643804394299;-1,40717538150587;26,8;26,9;-0,0999999999999979;185;170;15;0,818181818181818;0,5;0,5;0,818181818181818;-0,318181818181818;4;11;2;9;2;2;2;2;0;0;0;1
"805095";"2019-0421";"Canada Masters";"Hard";"64";"Masters";33;48;"Richard Gasquet";"R";185;"FRA";33,1;100;"Benoit Paire";"R";196;"FRA";30,2;"7-6(2) 6-4";3;"R64";100;1;1;67;42;32;17;11;3;4;7;5;89;52;37;16;11;7;9;66;860;29;1438;7;6;NA;NA;NA;6;4;NA;NA;NA;2019-08-05;2019;"2019-0421:33";511;1;0,955605880641547;2,14201900487243;48;"Richard Gasquet";100;"Benoit Paire";0,955605880641547;2,14201900487243;-1,18641312423088;33,1;30,2;2,9;185;196;-11;0,75;0,777777777777778;0,75;0,777777777777778;-0,0277777777777778;9;4;7;3;2;1;2;1;1;0;0;1
"805096";"2019-0421";"Canada Masters";"Hard";"64";"Masters";34;130;"Stan Wawrinka";"R";183;"SUI";34,3;29;"Grigor Dimitrov";"R";188;"BUL";28,2;"6-4 6-4";3;"R64";95;12;2;61;36;31;10;10;1;2;2;6;74;42;26;17;10;8;11;22;1715;54;972;6;6;NA;NA;NA;4;4;NA;NA;NA;2019-08-05;2019;"2019-0421:34";512;0;2,5405683813627;1,24511249783653;29;"Grigor Dimitrov";130;"Stan Wawrinka";1,24511249783653;2,5405683813627;-1,29545588352617;28,2;34,3;-6,1;188;183;5;0,5;0,727272727272727;0,727272727272727;0,5;0,227272727272727;11;2;8;1;3;1;1;3;-2;0;0;1
"805097";"2019-0421";"Canada Masters";"Hard";"64";"Masters";35;4;"Felix Auger Aliassime";"R";193;"CAN";18,9;105;"Vasek Pospisil";"R";193;"CAN";29,1;"6-2 6-7(3) 7-6(3)";3;"R64";153;9;7;93;64;53;15;16;0;1;5;2;102;71;53;13;16;0;3;21;1740;205;242;6;6;7;NA;NA;2;7;6;NA;NA;2019-08-05;2019;"2019-0421:35";513;1;2,60768257722124;-0,679480099505446;4;"Felix Auger Aliassime";105;"Vasek Pospisil";2,60768257722124;-0,679480099505446;3,28716267672669;18,9;29,1;-10,2;193;193;0;0;0;0;0;0;3;1;0;0;3;1;3;1;2;0;0;1
"805098";"2019-0421";"Canada Masters";"Hard";"64";"Masters";36;109;"Milos Raonic";"R";196;"CAN";28,6;106;"Lucas Pouille";"R";185;"FRA";25,4;"6-4 6-4";3;"R64";72;16;1;52;36;32;10;10;0;0;2;4;57;29;20;18;10;3;5;19;1810;30;1340;6;6;NA;NA;NA;4;4;NA;NA;NA;2019-08-05;2019;"2019-0421:36";514;0;2,75207248655641;2,09310940439148;106;"Lucas Pouille";109;"Milos Raonic";2,09310940439148;2,75207248655641;-0,658963082164933;25,4;28,6;-3,2;185;196;-11;1,5;0,6;0,6;1,5;-0,9;5;0;3;0;2;0;0;2;-2;0;0;1
"805099";"2019-0421";"Canada Masters";"Hard";"64";"Masters";37;5;"Nikoloz Basilashvili";"R";185;"GEO";27,4;80;"Dusan Lajovic";"R";180;"SRB";29;"3-6 6-4 6-4";3;"R64";121;1;10;96;48;28;24;15;6;13;1;3;84;56;32;8;14;6;13;17;1975;28;1456;3;6;6;NA;NA;6;4;4;NA;NA;2019-08-05;2019;"2019-0421:37";515;1;2,91253715874966;2,1926450779424;5;"Nikoloz Basilashvili";80;"Dusan Lajovic";2,91253715874966;2,1926450779424;0,719892080807265;27,4;29;-1,6;185;180;5;0,461538461538462;0,461538461538462;0,461538461538462;0,461538461538462;0;13;13;6;6;7;7;7;7;0;0;0;1
"805101";"2019-0421";"Canada Masters";"Hard";"64";"Masters";39;98;"Cameron Norrie";"L";188;"GBR";23,9;45;"Marton Fucsovics";"R";188;"HUN";27,4;"5-7 6-2 6-3";3;"R64";126;2;8;88;58;39;15;15;6;10;2;4;92;44;26;24;14;5;11;62;880;55;965;5;6;6;NA;NA;7;2;3;NA;NA;2019-08-05;2019;"2019-0421:39";516;0;1,04580368961313;1,21864028647534;45;"Marton Fucsovics";98;"Cameron Norrie";1,21864028647534;1,04580368961313;0,172836596862215;27,4;23,9;3,5;188;188;0;0,6;0,454545454545455;0,454545454545455;0,6;-0,145454545454545;11;10;5;6;6;4;4;6;-2;0;0;1
"805102";"2019-0421";"Canada Masters";"Hard";"64";"Masters";40;36;"Kyle Edmund";"R";188;"GBR";24,5;78;"Nick Kyrgios";"R";193;"AUS";24,2;"6-3 6-4";3;"R64";67;15;3;54;36;33;9;10;0;0;9;1;53;32;25;9;9;2;4;33;1325;27;1475;6;6;NA;NA;NA;3;4;NA;NA;NA;2019-08-05;2019;"2019-0421:40";517;1;1,95560588064155;2,24511249783653;36;"Kyle Edmund";78;"Nick Kyrgios";1,95560588064155;2,24511249783653;-0,289506617194985;24,5;24,2;0,300000000000001;188;193;-5;1,5;0,5;1,5;0,5;1;4;0;2;0;2;0;2;0;2;0;0;1
"805103";"2019-0421";"Canada Masters";"Hard";"64";"Masters";41;47;"Cristian Garin";"R";185;"CHI";23,1;30;"Laslo Djere";"R";188;"SRB";24,1;"6-2 7-6(4)";3;"R64";100;1;0;63;43;32;11;10;2;3;4;4;81;47;30;16;10;5;8;36;1233;37;1225;6;7;NA;NA;NA;2;6;NA;NA;NA;2019-08-05;2019;"2019-0421:41";518;0;1,83007499855769;1,79054663437105;30;"Laslo Djere";47;"Cristian Garin";1,79054663437105;1,83007499855769;-0,039528364186638;24,1;23,1;1;188;185;3;0,666666666666667;0,625;0,625;0,666666666666667;-0,0416666666666666;8;3;5;2;3;1;1;3;-2;0;0;1
"805104";"2019-0421";"Canada Masters";"Hard";"64";"Masters";42;60;"John Isner";"R";206;"USA";34,2;125;"Jordan Thompson";"R";183;"AUS";25,2;"3-6 6-3 7-6(6)";3;"R64";139;26;2;99;69;55;16;15;2;3;2;1;91;68;52;14;15;2;3;15;2085;46;1034;3;6;7;NA;NA;6;3;6;NA;NA;2019-08-05;2019;"2019-0421:42";519;1;3,09310940439148;1,47643804394299;60;"John Isner";125;"Jordan Thompson";3,09310940439148;1,47643804394299;1,61667136044849;34,2;25,2;9;206;183;23;0,666666666666667;0,666666666666667;0,666666666666667;0,666666666666667;0;3;3;2;2;1;1;1;1;0;0;0;1
"805105";"2019-0421";"Canada Masters";"Hard";"64";"Masters";43;19;"Marin Cilic";"R";198;"CRO";30,8;68;"Bradley Klahn";"L";190;"USA";28,9;"6-3 7-6(7)";3;"R64";98;2;6;63;43;38;10;10;0;0;19;7;79;46;34;13;11;2;4;16;2030;92;601;6;7;NA;NA;NA;3;6;NA;NA;NA;2019-08-05;2019;"2019-0421:43";520;1;3;0,476438043942987;19;"Marin Cilic";68;"Bradley Klahn";3;0,476438043942987;2,52356195605701;30,8;28,9;1,9;198;190;8;1,5;0,5;1,5;0,5;1;4;0;2;0;2;0;2;0;2;0;0;1
"805106";"2019-0421";"Canada Masters";"Hard";"64";"Masters";44;87;"John Millman";"R";183;"AUS";30,1;81;"Feliciano Lopez";"L";188;"ESP";37,8;"6-7(4) 7-6(2) 6-3";3;"R64";153;6;6;101;53;40;36;17;2;3;16;7;115;64;52;22;16;4;6;65;860;67;852;6;7;6;NA;NA;7;6;3;NA;NA;2019-08-05;2019;"2019-0421:44";521;0;0,977632186971546;0,933910809542228;81;"Feliciano Lopez";87;"John Millman";0,933910809542228;0,977632186971546;-0,0437213774293177;37,8;30,1;7,7;188;183;5;0,666666666666667;0,666666666666667;0,666666666666667;0,666666666666667;0;6;3;4;2;2;1;1;2;-1;0;0;1
"805107";"2019-0421";"Canada Masters";"Hard";"64";"Masters";45;117;"Denis Shapovalov";"L";185;"CAN";20,3;57;"Pierre Hugues Herbert";"R";188;"FRA";28,3;"6-3 7-5";3;"R64";90;5;8;71;41;33;12;10;3;4;0;2;68;40;25;14;11;4;8;32;1330;40;1108;6;7;NA;NA;NA;3;5;NA;NA;NA;2019-08-05;2019;"2019-0421:45";522;0;2;1,67807190511264;57;"Pierre Hugues Herbert";117;"Denis Shapovalov";1,67807190511264;2;-0,321928094887363;28,3;20,3;8;188;185;3;0,75;0,5;0,5;0,75;-0,25;8;4;4;3;4;1;1;4;-3;0;0;1
"805108";"2019-0421";"Canada Masters";"Hard";"64";"Masters";46;94;"Rafael Nadal";"L";185;"ESP";33,1;39;"Daniel Evans";"R";175;"GBR";29,2;"7-6(6) 6-4";3;"R32";121;7;1;67;39;31;17;11;0;2;10;2;71;48;37;9;11;4;7;2;7945;53;980;7;6;NA;NA;NA;6;4;NA;NA;NA;2019-08-05;2019;"2019-0421:46";523;0;6;1,2720795454368;39;"Daniel Evans";94;"Rafael Nadal";1,2720795454368;6;-4,7279204545632;29,2;33,1;-3,9;175;185;-10;0;0,571428571428571;0,571428571428571;0;0,571428571428571;7;2;4;0;3;2;2;3;-1;0;0;1
"805109";"2019-0421";"Canada Masters";"Hard";"64";"Masters";47;102;"Guido Pella";"L";185;"ARG";29,2;1;"Radu Albot";"R";175;"MDA";29,7;"6-3 2-6 7-6(2)";3;"R32";143;3;2;81;56;40;13;14;4;7;6;2;101;69;45;14;15;9;12;24;1640;39;1116;6;2;7;NA;NA;3;6;6;NA;NA;2019-08-05;2019;"2019-0421:47";524;0;2,41503749927884;1,71459778113775;1;"Radu Albot";102;"Guido Pella";1,71459778113775;2,41503749927884;-0,700439718141093;29,7;29,2;0,5;175;185;-10;0,571428571428571;0,75;0,75;0,571428571428571;0,178571428571429;12;7;9;4;3;3;3;3;0;0;0;1
"805110";"2019-0421";"Canada Masters";"Hard";"64";"Masters";48;82;"Adrian Mannarino";"L";183;"FRA";31;22;"Borna Coric";"R";188;"CRO";22,7;"6-2 6-1";3;"R32";65;12;3;40;28;23;7;7;0;0;1;2;50;28;14;9;8;4;9;69;836;14;2195;6;6;NA;NA;NA;2;1;NA;NA;NA;2019-08-05;2019;"2019-0421:48";525;0;0,891475543221831;3,1926450779424;22;"Borna Coric";82;"Adrian Mannarino";3,1926450779424;0,891475543221831;2,30116953472056;22,7;31;-8,3;188;183;5;1,5;0,444444444444444;0,444444444444444;1,5;-1,05555555555556;9;0;4;0;5;0;0;5;-5;0;0;1
"805111";"2019-0421";"Canada Masters";"Hard";"64";"Masters";49;42;"Fabio Fognini";"R";178;"ITA";32,1;101;"Tommy Paul";"R";185;"USA";22,2;"7-6(3) 6-3";3;"R32";96;6;2;66;43;34;9;10;2;4;0;1;82;45;30;15;11;7;11;11;2420;128;427;7;6;NA;NA;NA;6;3;NA;NA;NA;2019-08-05;2019;"2019-0421:49";526;1;3,5405683813627;0;42;"Fabio Fognini";101;"Tommy Paul";3,5405683813627;0;3,5405683813627;32,1;22,2;9,9;178;185;-7;0,5;0,636363636363636;0,5;0,636363636363636;-0,136363636363636;11;4;7;2;4;2;4;2;2;0;0;1
"805112";"2019-0421";"Canada Masters";"Hard";"64";"Masters";50;59;"Hubert Hurkacz";"R";196;"POL";22,4;127;"Stefanos Tsitsipas";"R";193;"GRE";20,9;"6-4 3-6 6-3";3;"R32";109;8;2;83;54;43;19;14;9;10;9;2;76;44;39;17;14;4;6;48;1023;5;4045;6;3;6;NA;NA;4;6;3;NA;NA;2019-08-05;2019;"2019-0421:50";527;1;1,41503749927884;4,67807190511264;59;"Hubert Hurkacz";127;"Stefanos Tsitsipas";1,41503749927884;4,67807190511264;-3,26303440583379;22,4;20,9;1,5;196;193;3;0,9;0,666666666666667;0,9;0,666666666666667;0,233333333333333;6;10;4;9;2;1;2;1;1;0;0;1
"805113";"2019-0421";"Canada Masters";"Hard";"64";"Masters";51;88;"Gael Monfils";"R";193;"FRA";32,9;61;"Ilya Ivashka";"R";193;"BLR";25,4;"6-3 7-6(6)";3;"R32";108;5;5;85;54;40;15;11;5;6;2;1;79;49;29;20;10;7;9;20;1770;125;438;6;7;NA;NA;NA;3;6;NA;NA;NA;2019-08-05;2019;"2019-0421:51";528;0;2,67807190511264;0,034215715337913;61;"Ilya Ivashka";88;"Gael Monfils";0,034215715337913;2,67807190511264;-2,64385618977472;25,4;32,9;-7,5;193;193;0;0,833333333333333;0,777777777777778;0,777777777777778;0,833333333333333;-0,0555555555555556;9;6;7;5;2;1;1;2;-1;0;0;1
"805114";"2019-0421";"Canada Masters";"Hard";"64";"Masters";52;6;"Roberto Bautista Agut";"R";183;"ESP";31,3;115;"Diego Schwartzman";"R";170;"ARG";26,9;"6-2 7-5";3;"R32";106;2;1;59;37;25;12;10;4;6;2;4;86;52;27;14;10;7;12;13;2215;23;1690;6;7;NA;NA;NA;2;5;NA;NA;NA;2019-08-05;2019;"2019-0421:52";529;1;3,29956028185891;2,47643804394299;6;"Roberto Bautista Agut";115;"Diego Schwartzman";3,29956028185891;2,47643804394299;0,823122237915921;31,3;26,9;4,4;183;170;13;0,666666666666667;0,583333333333333;0,666666666666667;0,583333333333333;0,0833333333333333;12;6;7;4;5;2;5;2;3;0;0;1
"805115";"2019-0421";"Canada Masters";"Hard";"64";"Masters";53;48;"Richard Gasquet";"R";185;"FRA";33,1;96;"Kei Nishikori";"R";178;"JPN";29,5;"6-7(6) 6-2 7-6(4)";3;"R32";189;11;3;117;64;47;24;16;9;12;7;4;128;80;51;23;16;15;20;66;860;6;4040;6;6;7;NA;NA;7;2;6;NA;NA;2019-08-05;2019;"2019-0421:53";530;1;0,955605880641547;4,41503749927884;48;"Richard Gasquet";96;"Kei Nishikori";0,955605880641547;4,41503749927884;-3,4594316186373;33,1;29,5;3,6;185;178;7;0,75;0,75;0,75;0,75;0;20;12;15;9;5;3;5;3;2;0;0;1
"805116";"2019-0421";"Canada Masters";"Hard";"64";"Masters";54;67;"Karen Khachanov";"R";198;"RUS";23,2;130;"Stan Wawrinka";"R";183;"SUI";34,3;"6-4 6-7(3) 6-2";3;"R32";131;9;1;85;54;38;20;15;1;3;10;1;90;61;43;12;15;2;7;8;2890;22;1715;6;6;6;NA;NA;4;7;2;NA;NA;2019-08-05;2019;"2019-0421:54";531;1;4;2,5405683813627;67;"Karen Khachanov";130;"Stan Wawrinka";4;2,5405683813627;1,4594316186373;23,2;34,3;-11,1;198;183;15;0,333333333333333;0,285714285714286;0,333333333333333;0,285714285714286;0,0476190476190476;7;3;2;1;5;2;5;2;3;0;0;1
"805118";"2019-0421";"Canada Masters";"Hard";"64";"Masters";56;5;"Nikoloz Basilashvili";"R";185;"GEO";27,4;123;"Jan Lennard Struff";"R";193;"GER";29,2;"2-6 6-2 6-3";3;"R32";110;3;4;98;65;43;17;13;3;5;12;2;71;40;29;15;12;2;5;17;1975;35;1265;2;6;6;NA;NA;6;2;3;NA;NA;2019-08-05;2019;"2019-0421:56";532;1;2,91253715874966;1,87071698305503;5;"Nikoloz Basilashvili";123;"Jan Lennard Struff";2,91253715874966;1,87071698305503;1,04182017569463;27,4;29,2;-1,8;185;193;-8;0,6;0,4;0,6;0,4;0,2;5;5;2;3;3;2;3;2;1;0;0;1
"805119";"2019-0421";"Canada Masters";"Hard";"64";"Masters";57;133;"Alexander Zverev";"R";198;"GER";22,2;98;"Cameron Norrie";"L";188;"GBR";23,9;"7-6(4) 6-4";3;"R32";100;10;5;83;54;42;13;11;6;6;0;4;72;51;33;12;11;5;6;7;4005;62;880;7;6;NA;NA;NA;6;4;NA;NA;NA;2019-08-05;2019;"2019-0421:57";533;0;4,1926450779424;1,04580368961313;98;"Cameron Norrie";133;"Alexander Zverev";1,04580368961313;4,1926450779424;-3,14684138832927;23,9;22,2;1,7;188;198;-10;1;0,833333333333333;0,833333333333333;1;-0,166666666666667;6;6;5;6;1;0;0;1;-1;0;0;1
"805120";"2019-0421";"Canada Masters";"Hard";"64";"Masters";58;86;"Daniil Medvedev";"R";198;"RUS";23,4;36;"Kyle Edmund";"R";188;"GBR";24,5;"6-3 6-0";3;"R32";59;3;3;41;25;22;8;7;3;3;2;1;48;28;16;5;8;0;5;9;2745;33;1325;6;6;NA;NA;NA;3;0;NA;NA;NA;2019-08-05;2019;"2019-0421:58";534;0;3,83007499855769;1,95560588064155;36;"Kyle Edmund";86;"Daniil Medvedev";1,95560588064155;3,83007499855769;-1,87446911791614;24,5;23,4;1,1;188;198;-10;1;0;0;1;-1;5;3;0;3;5;0;0;5;-5;0;0;1
"805121";"2019-0421";"Canada Masters";"Hard";"64";"Masters";59;47;"Cristian Garin";"R";185;"CHI";23,1;60;"John Isner";"R";206;"USA";34,2;"6-3 6-4";3;"R32";79;5;6;64;37;33;12;10;5;5;10;1;57;39;29;7;9;2;4;36;1233;15;2085;6;6;NA;NA;NA;3;4;NA;NA;NA;2019-08-05;2019;"2019-0421:59";535;1;1,83007499855769;3,09310940439148;47;"Cristian Garin";60;"John Isner";1,83007499855769;3,09310940439148;-1,26303440583379;23,1;34,2;-11,1;185;206;-21;1;0,5;1;0,5;0,5;4;5;2;5;2;0;2;0;2;0;0;1
"805122";"2019-0421";"Canada Masters";"Hard";"64";"Masters";60;19;"Marin Cilic";"R";198;"CRO";30,8;87;"John Millman";"R";183;"AUS";30,1;"6-3 6-4";3;"R32";75;7;0;55;37;30;9;10;0;1;3;1;47;23;16;12;9;1;4;16;2030;65;860;6;6;NA;NA;NA;3;4;NA;NA;NA;2019-08-05;2019;"2019-0421:60";536;1;3;0,977632186971546;19;"Marin Cilic";87;"John Millman";3;0,977632186971546;2,02236781302845;30,8;30,1;0,699999999999999;198;183;15;0;0,25;0;0,25;-0,25;4;1;1;0;3;1;3;1;2;0;0;1
"805123";"2019-0421";"Canada Masters";"Hard";"64";"Masters";61;124;"Dominic Thiem";"R";185;"AUT";25,9;117;"Denis Shapovalov";"L";185;"CAN";20,3;"6-4 3-6 6-3";3;"R32";107;9;6;77;45;36;20;14;4;5;10;4;73;44;37;16;14;0;2;4;4755;32;1330;6;3;6;NA;NA;4;6;3;NA;NA;2019-08-05;2019;"2019-0421:61";537;0;5;2;117;"Denis Shapovalov";124;"Dominic Thiem";2;5;-3;20,3;25,9;-5,6;185;185;0;0,8;0;0;0,8;-0,8;2;5;0;4;2;1;1;2;-1;0;0;1
"805124";"2019-0421";"Canada Masters";"Hard";"64";"Masters";62;94;"Rafael Nadal";"L";185;"ESP";33,1;102;"Guido Pella";"L";185;"ARG";29,2;"6-3 6-4";3;"R16";101;7;2;63;41;32;11;10;2;3;5;1;57;38;26;8;9;7;10;2;7945;24;1640;6;6;NA;NA;NA;3;4;NA;NA;NA;2019-08-05;2019;"2019-0421:62";538;1;6;2,41503749927884;94;"Rafael Nadal";102;"Guido Pella";6;2,41503749927884;3,58496250072116;33,1;29,2;3,9;185;185;0;0,666666666666667;0,7;0,666666666666667;0,7;-0,0333333333333333;10;3;7;2;3;1;3;1;2;0;0;1
"805125";"2019-0421";"Canada Masters";"Hard";"64";"Masters";63;42;"Fabio Fognini";"R";178;"ITA";32,1;82;"Adrian Mannarino";"L";183;"FRA";31;"6-2 7-5";3;"R16";106;3;1;62;43;28;10;10;2;4;7;2;77;50;29;10;10;7;12;11;2420;69;836;6;7;NA;NA;NA;2;5;NA;NA;NA;2019-08-05;2019;"2019-0421:63";539;1;3,5405683813627;0,891475543221831;42;"Fabio Fognini";82;"Adrian Mannarino";3,5405683813627;0,891475543221831;2,64909283814087;32,1;31;1,1;178;183;-5;0,5;0,583333333333333;0,5;0,583333333333333;-0,0833333333333334;12;4;7;2;5;2;5;2;3;0;0;1
"805126";"2019-0421";"Canada Masters";"Hard";"64";"Masters";64;88;"Gael Monfils";"R";193;"FRA";32,9;59;"Hubert Hurkacz";"R";196;"POL";22,4;"6-4 6-0";3;"R16";69;7;3;52;37;30;6;8;3;3;4;3;55;31;20;9;8;5;9;20;1770;48;1023;6;6;NA;NA;NA;4;0;NA;NA;NA;2019-08-05;2019;"2019-0421:64";540;0;2,67807190511264;1,41503749927884;59;"Hubert Hurkacz";88;"Gael Monfils";1,41503749927884;2,67807190511264;-1,26303440583379;22,4;32,9;-10,5;196;193;3;1;0,555555555555556;0,555555555555556;1;-0,444444444444444;9;3;5;3;4;0;0;4;-4;0;0;1
"805127";"2019-0421";"Canada Masters";"Hard";"64";"Masters";65;6;"Roberto Bautista Agut";"R";183;"ESP";31,3;48;"Richard Gasquet";"R";185;"FRA";33,1;"7-5 7-5";3;"R16";100;8;0;59;38;29;17;12;2;3;8;0;77;45;30;16;12;9;12;13;2215;66;860;7;7;NA;NA;NA;5;5;NA;NA;NA;2019-08-05;2019;"2019-0421:65";541;1;3,29956028185891;0,955605880641547;6;"Roberto Bautista Agut";48;"Richard Gasquet";3,29956028185891;0,955605880641547;2,34395440121736;31,3;33,1;-1,8;183;185;-2;0,666666666666667;0,75;0,666666666666667;0,75;-0,0833333333333334;12;3;9;2;3;1;3;1;2;0;0;1
"805128";"2019-0421";"Canada Masters";"Hard";"64";"Masters";66;67;"Karen Khachanov";"R";198;"RUS";23,2;4;"Felix Auger Aliassime";"R";193;"CAN";18,9;"6-7(7) 7-5 6-3";3;"R16";170;11;3;106;63;45;21;17;7;12;11;12;108;57;40;23;16;5;12;8;2890;21;1740;6;7;6;NA;NA;7;5;3;NA;NA;2019-08-05;2019;"2019-0421:66";542;0;4;2,60768257722124;4;"Felix Auger Aliassime";67;"Karen Khachanov";2,60768257722124;4;-1,39231742277876;18,9;23,2;-4,3;193;198;-5;0,583333333333333;0,416666666666667;0,416666666666667;0,583333333333333;-0,166666666666667;12;12;5;7;7;5;5;7;-2;0;0;1
"805129";"2019-0421";"Canada Masters";"Hard";"64";"Masters";67;133;"Alexander Zverev";"R";198;"GER";22,2;5;"Nikoloz Basilashvili";"R";185;"GEO";27,4;"7-5 5-7 7-6(5)";3;"R16";164;15;14;100;67;49;13;18;0;5;3;4;133;81;51;27;18;13;18;7;4005;17;1975;7;5;7;NA;NA;5;7;6;NA;NA;2019-08-05;2019;"2019-0421:67";543;0;4,1926450779424;2,91253715874966;5;"Nikoloz Basilashvili";133;"Alexander Zverev";2,91253715874966;4,1926450779424;-1,28010791919274;27,4;22,2;5,2;185;198;-13;0;0,722222222222222;0,722222222222222;0;0,722222222222222;18;5;13;0;5;5;5;5;0;0;0;1
"805130";"2019-0421";"Canada Masters";"Hard";"64";"Masters";68;86;"Daniil Medvedev";"R";198;"RUS";23,4;47;"Cristian Garin";"R";185;"CHI";23,1;"6-3 6-3";3;"R16";69;7;1;42;30;26;8;9;0;1;2;3;63;36;24;10;9;2;6;9;2745;36;1233;6;6;NA;NA;NA;3;3;NA;NA;NA;2019-08-05;2019;"2019-0421:68";544;0;3,83007499855769;1,83007499855769;47;"Cristian Garin";86;"Daniil Medvedev";1,83007499855769;3,83007499855769;-2;23,1;23,4;-0,299999999999997;185;198;-13;0;0,333333333333333;0,333333333333333;0;0,333333333333333;6;1;2;0;4;1;1;4;-3;0;0;1
"805131";"2019-0421";"Canada Masters";"Hard";"64";"Masters";69;124;"Dominic Thiem";"R";185;"AUT";25,9;19;"Marin Cilic";"R";198;"CRO";30,8;"7-6(7) 6-4";3;"R16";113;11;4;81;49;37;20;11;9;9;3;1;68;41;32;16;11;3;4;4;4755;16;2030;7;6;NA;NA;NA;6;4;NA;NA;NA;2019-08-05;2019;"2019-0421:69";545;0;5;3;19;"Marin Cilic";124;"Dominic Thiem";3;5;-2;30,8;25,9;4,9;198;185;13;1;0,75;0,75;1;-0,25;4;9;3;9;1;0;0;1;-1;0;0;1
"805132";"2019-0421";"Canada Masters";"Hard";"64";"Masters";70;94;"Rafael Nadal";"L";185;"ESP";33,1;42;"Fabio Fognini";"R";178;"ITA";32,1;"2-6 6-1 6-2";3;"QF";117;7;1;70;40;35;11;12;3;5;4;2;67;47;29;8;11;2;6;2;7945;11;2420;2;6;6;NA;NA;6;1;2;NA;NA;2019-08-05;2019;"2019-0421:70";546;0;6;3,5405683813627;42;"Fabio Fognini";94;"Rafael Nadal";3,5405683813627;6;-2,4594316186373;32,1;33,1;-1;178;185;-7;0,6;0,333333333333333;0,333333333333333;0,6;-0,266666666666667;6;5;2;3;4;2;2;4;-2;0;0;1
"805133";"2019-0421";"Canada Masters";"Hard";"64";"Masters";71;88;"Gael Monfils";"R";193;"FRA";32,9;6;"Roberto Bautista Agut";"R";183;"ESP";31,3;"6-4 3-6 7-6(2)";3;"QF";144;6;3;116;76;58;18;15;8;10;2;0;91;64;49;17;16;7;9;20;1770;13;2215;6;3;7;NA;NA;4;6;6;NA;NA;2019-08-05;2019;"2019-0421:71";547;0;2,67807190511264;3,29956028185891;6;"Roberto Bautista Agut";88;"Gael Monfils";3,29956028185891;2,67807190511264;0,62148837674627;31,3;32,9;-1,6;183;193;-10;0,8;0,777777777777778;0,777777777777778;0,8;-0,0222222222222223;9;10;7;8;2;2;2;2;0;0;0;1
"805134";"2019-0421";"Canada Masters";"Hard";"64";"Masters";72;67;"Karen Khachanov";"R";198;"RUS";23,2;133;"Alexander Zverev";"R";198;"GER";22,2;"6-3 6-3";3;"QF";74;5;0;51;33;27;11;9;2;2;3;8;53;34;24;6;9;5;8;8;2890;7;4005;6;6;NA;NA;NA;3;3;NA;NA;NA;2019-08-05;2019;"2019-0421:72";548;1;4;4,1926450779424;67;"Karen Khachanov";133;"Alexander Zverev";4;4,1926450779424;-0,192645077942396;23,2;22,2;1;198;198;0;1;0,625;1;0,625;0,375;8;2;5;2;3;0;3;0;3;0;0;1
"805135";"2019-0421";"Canada Masters";"Hard";"64";"Masters";73;86;"Daniil Medvedev";"R";198;"RUS";23,4;124;"Dominic Thiem";"R";185;"AUT";25,9;"6-3 6-1";3;"QF";56;6;2;39;23;22;10;8;0;0;1;2;44;29;17;5;8;5;9;9;2745;4;4755;6;6;NA;NA;NA;3;1;NA;NA;NA;2019-08-05;2019;"2019-0421:73";549;1;3,83007499855769;5;86;"Daniil Medvedev";124;"Dominic Thiem";3,83007499855769;5;-1,16992500144231;23,4;25,9;-2,5;198;185;13;1,5;0,555555555555556;1,5;0,555555555555556;0,944444444444444;9;0;5;0;4;0;4;0;4;0;0;1
"805137";"2019-0421";"Canada Masters";"Hard";"64";"Masters";75;86;"Daniil Medvedev";"R";198;"RUS";23,4;67;"Karen Khachanov";"R";198;"RUS";23,2;"6-1 7-6(6)";3;"SF";83;4;5;65;37;33;11;10;0;2;4;4;55;29;17;11;9;2;6;9;2745;8;2890;6;7;NA;NA;NA;1;6;NA;NA;NA;2019-08-05;2019;"2019-0421:75";550;0;3,83007499855769;4;67;"Karen Khachanov";86;"Daniil Medvedev";4;3,83007499855769;0,169925001442312;23,2;23,4;-0,199999999999999;198;198;0;0;0,333333333333333;0,333333333333333;0;0,333333333333333;6;2;2;0;4;2;2;4;-2;0;0;1
"805138";"2019-0421";"Canada Masters";"Hard";"64";"Masters";76;94;"Rafael Nadal";"L";185;"ESP";33,1;86;"Daniil Medvedev";"R";198;"RUS";23,4;"6-3 6-0";3;"F";70;0;1;46;33;27;8;8;1;1;5;5;49;31;19;6;7;4;8;2;7945;9;2745;6;6;NA;NA;NA;3;0;NA;NA;NA;2019-08-05;2019;"2019-0421:76";551;0;6;3,83007499855769;86;"Daniil Medvedev";94;"Rafael Nadal";3,83007499855769;6;-2,16992500144231;23,4;33,1;-9,7;198;185;13;1;0,5;0,5;1;-0,5;8;1;4;1;4;0;0;4;-4;0;0;1
"805698";"2019-M024";"Cincinnati Masters";"Hard";"64";"Masters";1;81;"Feliciano Lopez";"L";188;"ESP";37,8;56;"Lloyd Harris";"R";193;"RSA";22,4;"3-6 6-2 6-2";3;"Q1";109;9;4;72;48;35;13;12;2;4;10;5;83;45;31;14;13;10;15;63;887;100;542;3;6;6;NA;NA;6;2;2;NA;NA;2019-08-12;2019;"2019-M024:1";552;0;1,02272007650008;0,356143810225276;56;"Lloyd Harris";81;"Feliciano Lopez";0,356143810225276;1,02272007650008;-0,666576266274808;22,4;37,8;-15,4;193;188;5;0,5;0,666666666666667;0,666666666666667;0,5;0,166666666666667;15;4;10;2;5;2;2;5;-3;0;0;1
"805701";"2019-M024";"Cincinnati Masters";"Hard";"64";"Masters";4;112;"Casper Ruud";"R";183;"NOR";20,6;68;"Bradley Klahn";"L";190;"USA";28,9;"7-6(5) 7-5";3;"Q1";92;3;1;67;45;38;17;12;1;1;9;6;67;38;33;17;12;1;2;54;951;94;566;7;7;NA;NA;NA;6;5;NA;NA;NA;2019-08-12;2019;"2019-M024:4";553;0;1,24511249783653;0,445411148322362;68;"Bradley Klahn";112;"Casper Ruud";0,445411148322362;1,24511249783653;-0,799701349514169;28,9;20,6;8,3;190;183;7;1;0,5;0,5;1;-0,5;2;1;1;1;1;0;0;1;-1;0;0;1
"805702";"2019-M024";"Cincinnati Masters";"Hard";"64";"Masters";5;75;"Denis Kudla";"R";180;"USA";26,9;98;"Cameron Norrie";"L";188;"GBR";23,9;"6-3 6-4";3;"Q1";68;7;3;63;37;28;13;10;2;3;5;1;55;35;22;10;9;4;7;111;491;60;915;6;6;NA;NA;NA;3;4;NA;NA;NA;2019-08-12;2019;"2019-M024:5";554;1;0,205584133649894;1,09310940439148;75;"Denis Kudla";98;"Cameron Norrie";0,205584133649894;1,09310940439148;-0,887525270741587;26,9;23,9;3;180;188;-8;0,666666666666667;0,571428571428571;0,666666666666667;0,571428571428571;0,0952380952380952;7;3;4;2;3;1;3;1;2;0;0;1
"805703";"2019-M024";"Cincinnati Masters";"Hard";"64";"Masters";6;104;"Alexei Popyrin";"R";196;"AUS";20;45;"Marton Fucsovics";"R";188;"HUN";27,5;"6-1 6-4";3;"Q1";63;3;0;55;29;21;18;9;2;2;4;1;43;22;13;13;8;0;3;108;517;57;930;6;6;NA;NA;NA;1;4;NA;NA;NA;2019-08-12;2019;"2019-M024:6";555;0;0,245112497836532;1,16710998583526;45;"Marton Fucsovics";104;"Alexei Popyrin";1,16710998583526;0,245112497836532;0,921997487998727;27,5;20;7,5;188;196;-8;1;0;0;1;-1;3;2;0;2;3;0;0;3;-3;0;0;1
"805704";"2019-M024";"Cincinnati Masters";"Hard";"64";"Masters";7;65;"Ivo Karlovic";"R";208;"CRO";40,4;114;"Tennys Sandgren";"R";188;"USA";28;"4-6 6-4 7-6(6)";3;"Q1";103;25;4;86;53;49;17;16;3;4;6;3;89;53;44;22;16;2;3;80;675;72;826;4;6;7;NA;NA;6;4;6;NA;NA;2019-08-12;2019;"2019-M024:7";556;1;0,678071905112637;0,830074998557688;65;"Ivo Karlovic";114;"Tennys Sandgren";0,678071905112637;0,830074998557688;-0,15200309344505;40,4;28;12,4;208;188;20;0,75;0,666666666666667;0,75;0,666666666666667;0,0833333333333334;3;4;2;3;1;1;1;1;0;0;0;1
"805705";"2019-M024";"Cincinnati Masters";"Hard";"64";"Masters";8;70;"Philipp Kohlschreiber";"R";178;"GER";35,8;39;"Daniel Evans";"R";175;"GBR";29,2;"7-6(2) 1-6 6-1";3;"Q1";114;8;2;76;48;43;13;13;2;4;4;2;83;42;31;22;13;1;3;73;825;44;1045;7;1;6;NA;NA;6;6;1;NA;NA;2019-08-12;2019;"2019-M024:8";557;0;0,810175441119982;1,5405683813627;39;"Daniel Evans";70;"Philipp Kohlschreiber";1,5405683813627;0,810175441119982;0,73039294024272;29,2;35,8;-6,6;175;178;-3;0,5;0,333333333333333;0,333333333333333;0,5;-0,166666666666667;3;4;1;2;2;2;2;2;0;0;0;1
"805706";"2019-M024";"Cincinnati Masters";"Hard";"64";"Masters";9;15;"Pablo Carreno Busta";"R";188;"ESP";28;20;"Marius Copil";"R";193;"ROU";28,8;"6-2 6-2";3;"Q1";57;3;0;51;38;27;10;8;2;2;4;2;48;31;17;8;8;2;6;53;962;85;622;6;6;NA;NA;NA;2;2;NA;NA;NA;2019-08-12;2019;"2019-M024:9";558;1;1,2720795454368;0,590609063862298;15;"Pablo Carreno Busta";20;"Marius Copil";1,2720795454368;0,590609063862298;0,681470481574503;28;28,8;-0,800000000000001;188;193;-5;1;0,333333333333333;1;0,333333333333333;0,666666666666667;6;2;2;2;4;0;4;0;4;0;0;1
"805707";"2019-M024";"Cincinnati Masters";"Hard";"64";"Masters";10;97;"Yoshihito Nishioka";"L";170;"JPN";23,8;87;"John Millman";"R";183;"AUS";30,1;"6-4 7-5";3;"Q1";101;3;1;77;47;35;15;11;6;7;6;2;77;49;33;15;11;6;9;77;757;61;911;6;7;NA;NA;NA;4;5;NA;NA;NA;2019-08-12;2019;"2019-M024:10";559;0;0,733213459305099;1,06926266243711;87;"John Millman";97;"Yoshihito Nishioka";1,06926266243711;0,733213459305099;0,336049203132014;30,1;23,8;6,3;183;170;13;0,857142857142857;0,666666666666667;0,666666666666667;0,857142857142857;-0,19047619047619;9;7;6;6;3;1;1;3;-2;0;0;1
"805708";"2019-M024";"Cincinnati Masters";"Hard";"64";"Masters";11;122;"Joao Sousa";"R";185;"POR";30,3;72;"Sebastian Korda";"R";196;"USA";19,1;"6-3 6-3";3;"Q1";66;0;1;53;32;23;15;9;3;3;5;1;56;35;25;7;9;0;3;43;1045;281;151;6;6;NA;NA;NA;3;3;NA;NA;NA;2019-08-12;2019;"2019-M024:11";560;0;1,5737352452979;-1,13442632022093;72;"Sebastian Korda";122;"Joao Sousa";-1,13442632022093;1,5737352452979;-2,70816156551883;19,1;30,3;-11,2;196;185;11;1;0;0;1;-1;3;3;0;3;3;0;0;3;-3;0;0;1
"805710";"2019-M024";"Cincinnati Masters";"Hard";"64";"Masters";13;76;"Mikhail Kukushkin";"R";183;"KAZ";31,6;120;"Jack Sock";"R";185;"USA";26,8;"6-7(5) 6-2 6-3";3;"Q1";126;7;2;96;65;47;21;15;2;2;7;7;105;60;42;22;14;11;14;46;1035;176;290;6;6;6;NA;NA;7;2;3;NA;NA;2019-08-12;2019;"2019-M024:13";561;1;1,47643804394299;-0,459431618637297;76;"Mikhail Kukushkin";120;"Jack Sock";1,47643804394299;-0,459431618637297;1,93586966258028;31,6;26,8;4,8;183;185;-2;1;0,785714285714286;1;0,785714285714286;0,214285714285714;14;2;11;2;3;0;3;0;3;0;0;1
"805711";"2019-M024";"Cincinnati Masters";"Hard";"64";"Masters";14;66;"Miomir Kecmanovic";"R";183;"SRB";19,9;81;"Feliciano Lopez";"L";188;"ESP";37,8;"7-6(5) 6-0";3;"Q2";68;5;2;51;30;24;17;9;0;0;5;3;60;32;23;12;9;3;6;58;922;63;887;7;6;NA;NA;NA;6;0;NA;NA;NA;2019-08-12;2019;"2019-M024:14";562;1;1,14201900487243;1,02272007650008;66;"Miomir Kecmanovic";81;"Feliciano Lopez";1,14201900487243;1,02272007650008;0,119298928372345;19,9;37,8;-17,9;183;188;-5;1,5;0,5;1,5;0,5;1;6;0;3;0;3;0;3;0;3;0;0;1
"805712";"2019-M024";"Cincinnati Masters";"Hard";"64";"Masters";15;112;"Casper Ruud";"R";183;"NOR";20,6;28;"Federico Delbonis";"L";190;"ARG";28,8;"6-7(5) 7-5 6-3";3;"Q2";154;6;6;116;68;53;25;17;8;9;7;5;104;50;37;32;16;6;9;54;951;66;876;6;7;6;NA;NA;7;5;3;NA;NA;2019-08-12;2019;"2019-M024:15";563;0;1,24511249783653;0,955605880641547;28;"Federico Delbonis";112;"Casper Ruud";0,955605880641547;1,24511249783653;-0,289506617194985;28,8;20,6;8,2;190;183;7;0,888888888888889;0,666666666666667;0,666666666666667;0,888888888888889;-0,222222222222222;9;9;6;8;3;1;1;3;-2;0;0;1
"805713";"2019-M024";"Cincinnati Masters";"Hard";"64";"Masters";16;75;"Denis Kudla";"R";180;"USA";26,9;104;"Alexei Popyrin";"R";196;"AUS";20;"6-3 4-6 6-3";3;"Q2";101;10;3;77;48;39;18;14;3;4;11;4;90;52;45;13;14;4;7;111;491;108;517;6;4;6;NA;NA;3;6;3;NA;NA;2019-08-12;2019;"2019-M024:16";564;1;0,205584133649894;0,245112497836532;75;"Denis Kudla";104;"Alexei Popyrin";0,205584133649894;0,245112497836532;-0,039528364186638;26,9;20;6,9;180;196;-16;0,75;0,571428571428571;0,75;0,571428571428571;0,178571428571429;7;4;4;3;3;1;3;1;2;0;0;1
"805714";"2019-M024";"Cincinnati Masters";"Hard";"64";"Masters";17;65;"Ivo Karlovic";"R";208;"CRO";40,4;70;"Philipp Kohlschreiber";"R";178;"GER";35,8;"7-6(4) 6-7(1) 6-4";3;"Q2";137;25;5;111;71;58;24;17;9;9;6;3;97;64;51;23;17;2;3;80;675;73;825;7;6;6;NA;NA;6;7;4;NA;NA;2019-08-12;2019;"2019-M024:17";565;1;0,678071905112637;0,810175441119982;65;"Ivo Karlovic";70;"Philipp Kohlschreiber";0,678071905112637;0,810175441119982;-0,132103536007345;40,4;35,8;4,6;208;178;30;1;0,666666666666667;1;0,666666666666667;0,333333333333333;3;9;2;9;1;0;1;0;1;0;0;1
"805715";"2019-M024";"Cincinnati Masters";"Hard";"64";"Masters";18;97;"Yoshihito Nishioka";"L";170;"JPN";23,8;122;"Joao Sousa";"R";185;"POR";30,3;"6-4 0-6 6-4";3;"Q2";104;1;2;88;64;40;15;13;8;11;8;0;71;42;34;16;13;1;3;77;757;43;1045;6;0;6;NA;NA;4;6;4;NA;NA;2019-08-12;2019;"2019-M024:18";566;1;0,733213459305099;1,5737352452979;97;"Yoshihito Nishioka";122;"Joao Sousa";0,733213459305099;1,5737352452979;-0,840521785992803;23,8;30,3;-6,5;170;185;-15;0,727272727272727;0,333333333333333;0,727272727272727;0,333333333333333;0,393939393939394;3;11;1;8;2;3;2;3;-1;0;0;1
"805716";"2019-M024";"Cincinnati Masters";"Hard";"64";"Masters";19;110;"Andrey Rublev";"R";188;"RUS";21,8;76;"Mikhail Kukushkin";"R";183;"KAZ";31,6;"3-6 6-4 6-3";3;"Q2";113;8;2;84;54;44;13;14;2;3;2;1;79;54;38;17;14;0;2;70;836;46;1035;3;6;6;NA;NA;6;4;3;NA;NA;2019-08-12;2019;"2019-M024:19";567;0;0,870716983055034;1,47643804394299;76;"Mikhail Kukushkin";110;"Andrey Rublev";1,47643804394299;0,870716983055034;0,605721060887953;31,6;21,8;9,8;183;188;-5;0,666666666666667;0;0;0,666666666666667;-0,666666666666667;2;3;0;2;2;1;1;2;-1;0;0;1
"805717";"2019-M024";"Cincinnati Masters";"Hard";"64";"Masters";20;107;"Sam Querrey";"R";198;"USA";31,8;57;"Pierre Hugues Herbert";"R";188;"FRA";28,4;"7-6(2) 7-6(1)";3;"R64";97;18;7;80;42;38;16;12;3;5;4;3;77;46;35;14;12;3;5;45;1035;41;1048;7;7;NA;NA;NA;6;6;NA;NA;NA;2019-08-12;2019;"2019-M024:20";568;0;1,50814690367033;1,64244799538192;57;"Pierre Hugues Herbert";107;"Sam Querrey";1,64244799538192;1,50814690367033;0,134301091711591;28,4;31,8;-3,4;188;198;-10;0,6;0,6;0,6;0,6;0;5;5;3;3;2;2;2;2;0;0;0;1
"805718";"2019-M024";"Cincinnati Masters";"Hard";"64";"Masters";21;15;"Pablo Carreno Busta";"R";188;"ESP";28;118;"Gilles Simon";"R";183;"FRA";34,6;"7-5 7-6(4)";3;"R64";137;4;2;94;63;43;18;12;5;6;7;3;74;44;33;15;12;3;5;53;962;35;1275;7;7;NA;NA;NA;5;6;NA;NA;NA;2019-08-12;2019;"2019-M024:21";569;1;1,2720795454368;1,87071698305503;15;"Pablo Carreno Busta";118;"Gilles Simon";1,2720795454368;1,87071698305503;-0,598637437618232;28;34,6;-6,6;188;183;5;0,833333333333333;0,6;0,833333333333333;0,6;0,233333333333333;5;6;3;5;2;1;2;1;1;0;0;1
"805719";"2019-M024";"Cincinnati Masters";"Hard";"64";"Masters";22;60;"John Isner";"R";206;"USA";34,2;80;"Dusan Lajovic";"R";180;"SRB";29,1;"7-6(3) 1-6 7-5";3;"R64";136;27;1;102;74;59;10;15;8;10;10;2;112;85;64;12;16;4;5;16;2040;28;1466;7;1;7;NA;NA;6;6;5;NA;NA;2019-08-12;2019;"2019-M024:22";570;1;3;2,1926450779424;60;"John Isner";80;"Dusan Lajovic";3;2,1926450779424;0,807354922057604;34,2;29,1;5,1;206;180;26;0,8;0,8;0,8;0,8;0;5;10;4;8;1;2;1;2;-1;0;0;1
"805720";"2019-M024";"Cincinnati Masters";"Hard";"64";"Masters";23;117;"Denis Shapovalov";"L";185;"CAN";20,3;122;"Joao Sousa";"R";185;"POR";30,3;"2-6 6-3 6-2";3;"R64";98;5;6;73;41;31;19;13;4;6;3;4;66;35;25;17;12;1;4;34;1285;43;1045;2;6;6;NA;NA;6;3;2;NA;NA;2019-08-12;2019;"2019-M024:23";571;1;1,91253715874966;1,5737352452979;117;"Denis Shapovalov";122;"Joao Sousa";1,91253715874966;1,5737352452979;0,338801913451759;20,3;30,3;-10;185;185;0;0,666666666666667;0,25;0,666666666666667;0,25;0,416666666666667;4;6;1;4;3;2;3;2;1;0;0;1
"805721";"2019-M024";"Cincinnati Masters";"Hard";"64";"Masters";24;106;"Lucas Pouille";"R";185;"FRA";25,4;75;"Denis Kudla";"R";180;"USA";26,9;"6-3 7-6(6)";3;"R64";98;8;2;78;48;28;18;11;4;7;10;6;82;39;27;16;10;4;8;31;1340;111;491;6;7;NA;NA;NA;3;6;NA;NA;NA;2019-08-12;2019;"2019-M024:24";572;0;2,04580368961313;0,205584133649894;75;"Denis Kudla";106;"Lucas Pouille";0,205584133649894;2,04580368961313;-1,84021955596323;26,9;25,4;1,5;180;185;-5;0,571428571428571;0,5;0,5;0,571428571428571;-0,0714285714285714;8;7;4;4;4;3;3;4;-1;0;0;1
"805722";"2019-M024";"Cincinnati Masters";"Hard";"64";"Masters";25;78;"Nick Kyrgios";"R";193;"AUS";24,2;121;"Lorenzo Sonego";"R";191;"ITA";24,2;"7-5 6-4";3;"R64";79;4;1;54;31;29;17;11;0;0;6;4;61;39;34;8;11;3;5;27;1475;47;1032;7;6;NA;NA;NA;5;4;NA;NA;NA;2019-08-12;2019;"2019-M024:25";573;1;2,24511249783653;1,44541114832236;78;"Nick Kyrgios";121;"Lorenzo Sonego";2,24511249783653;1,44541114832236;0,799701349514169;24,2;24,2;0;193;191;2;1,5;0,6;1,5;0,6;0,9;5;0;3;0;2;0;2;0;2;0;0;1
"805724";"2019-M024";"Cincinnati Masters";"Hard";"64";"Masters";27;130;"Stan Wawrinka";"R";183;"SUI";34,3;29;"Grigor Dimitrov";"R";188;"BUL";28,2;"5-7 6-4 7-6(4)";3;"R64";155;10;0;108;55;40;31;17;4;8;9;10;103;65;51;14;17;4;8;23;1670;74;802;5;6;7;NA;NA;7;4;6;NA;NA;2019-08-12;2019;"2019-M024:27";574;0;2,47643804394299;0,79054663437105;29;"Grigor Dimitrov";130;"Stan Wawrinka";0,79054663437105;2,47643804394299;-1,68589140957194;28,2;34,3;-6,1;188;183;5;0,5;0,5;0,5;0,5;0;8;8;4;4;4;4;4;4;0;0;0;1
"805725";"2019-M024";"Cincinnati Masters";"Hard";"64";"Masters";28;110;"Andrey Rublev";"R";188;"RUS";21,8;5;"Nikoloz Basilashvili";"R";185;"GEO";27,4;"6-7(4) 6-4 6-2";3;"R64";117;16;3;92;53;45;21;15;1;1;3;4;93;59;40;18;15;2;5;70;836;17;2020;6;6;6;NA;NA;7;4;2;NA;NA;2019-08-12;2019;"2019-M024:28";575;0;0,870716983055034;2,91253715874966;5;"Nikoloz Basilashvili";110;"Andrey Rublev";2,91253715874966;0,870716983055034;2,04182017569463;27,4;21,8;5,6;185;188;-3;1;0,4;0,4;1;-0,6;5;1;2;1;3;0;0;3;-3;0;0;1
"805726";"2019-M024";"Cincinnati Masters";"Hard";"64";"Masters";29;86;"Daniil Medvedev";"R";198;"RUS";23,4;36;"Kyle Edmund";"R";188;"GBR";24,5;"6-2 7-5";3;"R64";78;8;2;51;34;23;13;10;0;2;2;1;58;33;21;10;10;2;7;8;3230;30;1360;6;7;NA;NA;NA;2;5;NA;NA;NA;2019-08-12;2019;"2019-M024:29";576;0;4;2,09310940439148;36;"Kyle Edmund";86;"Daniil Medvedev";2,09310940439148;4;-1,90689059560852;24,5;23,4;1,1;188;198;-10;0;0,285714285714286;0,285714285714286;0;0,285714285714286;7;2;2;0;5;2;2;5;-3;0;0;1
"805728";"2019-M024";"Cincinnati Masters";"Hard";"64";"Masters";31;123;"Jan Lennard Struff";"R";193;"GER";29,2;65;"Ivo Karlovic";"R";208;"CRO";40,4;"7-5 7-6(4)";3;"R64";91;12;2;73;34;27;29;12;0;0;16;0;77;48;37;16;12;4;5;36;1235;80;675;7;7;NA;NA;NA;5;6;NA;NA;NA;2019-08-12;2019;"2019-M024:31";577;0;1,83007499855769;0,678071905112637;65;"Ivo Karlovic";123;"Jan Lennard Struff";0,678071905112637;1,83007499855769;-1,15200309344505;40,4;29,2;11,2;208;193;15;1,5;0,8;0,8;1,5;-0,7;5;0;4;0;1;0;0;1;-1;0;0;1
"805729";"2019-M024";"Cincinnati Masters";"Hard";"64";"Masters";32;66;"Miomir Kecmanovic";"R";183;"SRB";19,9;4;"Felix Auger Aliassime";"R";193;"CAN";19;"6-3 6-3";3;"R64";63;4;1;48;29;26;11;9;0;0;6;10;47;22;19;9;9;1;4;58;922;21;1785;6;6;NA;NA;NA;3;3;NA;NA;NA;2019-08-12;2019;"2019-M024:32";578;0;1,14201900487243;2,60768257722124;4;"Felix Auger Aliassime";66;"Miomir Kecmanovic";2,60768257722124;1,14201900487243;1,46566357234881;19;19,9;-0,899999999999999;193;183;10;1,5;0,25;0,25;1,5;-1,25;4;0;1;0;3;0;0;3;-3;0;0;1
"805730";"2019-M024";"Cincinnati Masters";"Hard";"64";"Masters";33;126;"Frances Tiafoe";"R";188;"USA";21,5;88;"Gael Monfils";"R";193;"FRA";32,9;"7-6(7) 6-3";3;"R64";90;3;1;71;40;30;20;11;2;3;2;4;67;38;27;14;10;3;5;52;970;15;2130;7;6;NA;NA;NA;6;3;NA;NA;NA;2019-08-12;2019;"2019-M024:33";579;0;1,29956028185891;3,09310940439148;88;"Gael Monfils";126;"Frances Tiafoe";3,09310940439148;1,29956028185891;1,79354912253257;32,9;21,5;11,4;193;188;5;0,666666666666667;0,6;0,6;0,666666666666667;-0,0666666666666667;5;3;3;2;2;1;1;2;-1;0;0;1
"805731";"2019-M024";"Cincinnati Masters";"Hard";"64";"Masters";34;6;"Roberto Bautista Agut";"R";183;"ESP";31,3;59;"Hubert Hurkacz";"R";196;"POL";22,4;"7-6(6) 6-3";3;"R64";97;3;3;62;37;26;16;10;3;4;21;4;72;40;35;11;11;1;4;11;2395;40;1103;7;6;NA;NA;NA;6;3;NA;NA;NA;2019-08-12;2019;"2019-M024:34";580;1;3,5405683813627;1,67807190511264;6;"Roberto Bautista Agut";59;"Hubert Hurkacz";3,5405683813627;1,67807190511264;1,86249647625007;31,3;22,4;8,9;183;196;-13;0,75;0,25;0,75;0,25;0,5;4;4;1;3;3;1;3;1;2;0;0;1
"805732";"2019-M024";"Cincinnati Masters";"Hard";"64";"Masters";35;1;"Radu Albot";"R";175;"MDA";29,7;19;"Marin Cilic";"R";198;"CRO";30,8;"6-4 7-6(6)";3;"R64";114;6;5;85;47;35;22;11;6;6;9;4;79;50;38;12;11;2;3;39;1132;18;1940;6;7;NA;NA;NA;4;6;NA;NA;NA;2019-08-12;2019;"2019-M024:35";581;1;1,71459778113775;2,83007499855769;1;"Radu Albot";19;"Marin Cilic";1,71459778113775;2,83007499855769;-1,11547721741994;29,7;30,8;-1,1;175;198;-23;1;0,666666666666667;1;0,666666666666667;0,333333333333333;3;6;2;6;1;0;1;0;1;0;0;1
"805733";"2019-M024";"Cincinnati Masters";"Hard";"64";"Masters";36;115;"Diego Schwartzman";"R";170;"ARG";26,9;30;"Laslo Djere";"R";188;"SRB";24,1;"7-6(2) 6-3";3;"R64";106;0;5;74;43;29;15;11;5;8;3;2;70;51;30;5;10;5;9;24;1645;37;1235;7;6;NA;NA;NA;6;3;NA;NA;NA;2019-08-12;2019;"2019-M024:36";582;0;2,41503749927884;1,79054663437105;30;"Laslo Djere";115;"Diego Schwartzman";1,79054663437105;2,41503749927884;-0,624490864907794;24,1;26,9;-2,8;188;170;18;0,625;0,555555555555556;0,555555555555556;0,625;-0,0694444444444444;9;8;5;5;4;3;3;4;-1;0;0;1
"805734";"2019-M024";"Cincinnati Masters";"Hard";"64";"Masters";37;48;"Richard Gasquet";"R";185;"FRA";33,1;92;"Andy Murray";"R";190;"GBR";32,2;"6-4 6-4";3;"R64";96;4;6;68;41;33;13;10;4;5;4;3;56;30;23;11;10;4;7;56;930;324;120;6;6;NA;NA;NA;4;4;NA;NA;NA;2019-08-12;2019;"2019-M024:37";583;1;1,1926450779424;-1,33985000288462;48;"Richard Gasquet";92;"Andy Murray";1,1926450779424;-1,33985000288462;2,53249508082702;33,1;32,2;0,899999999999999;185;190;-5;0,8;0,571428571428571;0,8;0,571428571428571;0,228571428571429;7;5;4;4;3;1;3;1;2;0;0;1
"805735";"2019-M024";"Cincinnati Masters";"Hard";"64";"Masters";38;97;"Yoshihito Nishioka";"L";170;"JPN";23,8;125;"Jordan Thompson";"R";183;"AUS";25,3;"7-5 5-7 6-4";3;"R64";143;1;0;101;65;44;21;17;8;12;9;1;94;57;42;17;17;1;6;77;757;49;1011;7;5;6;NA;NA;5;7;4;NA;NA;2019-08-12;2019;"2019-M024:38";584;1;0,733213459305099;1,38529015588479;97;"Yoshihito Nishioka";125;"Jordan Thompson";0,733213459305099;1,38529015588479;-0,652076696579693;23,8;25,3;-1,5;170;183;-13;0,666666666666667;0,166666666666667;0,666666666666667;0,166666666666667;0,5;6;12;1;8;5;4;5;4;1;0;0;1
"805736";"2019-M024";"Cincinnati Masters";"Hard";"64";"Masters";39;26;"Alex De Minaur";"R";183;"AUS";20,4;17;"Marco Cecchinato";"R";185;"ITA";26,8;"6-7(5) 6-1 6-2";3;"R64";131;6;4;93;51;38;28;14;0;0;9;4;108;58;42;22;13;10;14;38;1225;65;880;6;6;6;NA;NA;7;1;2;NA;NA;2019-08-12;2019;"2019-M024:39";585;0;1,75207248655641;0,977632186971546;17;"Marco Cecchinato";26;"Alex De Minaur";0,977632186971546;1,75207248655641;-0,774440299584869;26,8;20,4;6,4;185;183;2;1,5;0,714285714285714;0,714285714285714;1,5;-0,785714285714286;14;0;10;0;4;0;0;4;-4;0;0;1
"805737";"2019-M024";"Cincinnati Masters";"Hard";"64";"Masters";40;99;"Reilly Opelka";"R";211;"USA";21,9;22;"Borna Coric";"R";188;"CRO";22,7;"4-6 6-3 7-5";3;"R64";138;27;3;107;67;52;22;16;10;11;6;2;86;61;48;13;15;5;7;42;1047;13;2195;4;6;7;NA;NA;6;3;5;NA;NA;2019-08-12;2019;"2019-M024:40";586;0;1,60768257722124;3,29956028185891;22;"Borna Coric";99;"Reilly Opelka";3,29956028185891;1,60768257722124;1,69187770463767;22,7;21,9;0,800000000000001;188;211;-23;0,909090909090909;0,714285714285714;0,714285714285714;0,909090909090909;-0,194805194805195;7;11;5;10;2;1;1;2;-1;0;0;1
"805738";"2019-M024";"Cincinnati Masters";"Hard";"64";"Masters";41;51;"David Goffin";"R";180;"BEL";28,6;44;"Taylor Fritz";"R";193;"USA";21,7;"6-4 4-6 6-4";3;"R64";145;6;9;110;64;41;24;15;8;11;7;3;104;51;38;25;15;6;10;19;1815;25;1545;6;4;6;NA;NA;4;6;4;NA;NA;2019-08-12;2019;"2019-M024:41";587;0;2,75207248655641;2,35614381022528;44;"Taylor Fritz";51;"David Goffin";2,35614381022528;2,75207248655641;-0,395928676331139;21,7;28,6;-6,9;193;180;13;0,727272727272727;0,6;0,6;0,727272727272727;-0,127272727272727;10;11;6;8;4;3;3;4;-1;0;0;1
"805739";"2019-M024";"Cincinnati Masters";"Hard";"64";"Masters";42;102;"Guido Pella";"L";185;"ARG";29,2;112;"Casper Ruud";"R";183;"NOR";20,6;"7-5 7-6(4)";3;"R64";114;8;4;88;64;44;14;12;9;11;4;3;78;56;43;8;12;2;5;22;1710;54;951;7;7;NA;NA;NA;5;6;NA;NA;NA;2019-08-12;2019;"2019-M024:42";588;1;2,5405683813627;1,24511249783653;102;"Guido Pella";112;"Casper Ruud";2,5405683813627;1,24511249783653;1,29545588352617;29,2;20,6;8,6;185;183;2;0,818181818181818;0,4;0,818181818181818;0,4;0,418181818181818;5;11;2;9;3;2;3;2;1;0;0;1
"805740";"2019-M024";"Cincinnati Masters";"Hard";"64";"Masters";43;82;"Adrian Mannarino";"L";183;"FRA";31,1;47;"Cristian Garin";"R";185;"CHI";23,2;"6-4 6-1";3;"R64";70;5;1;52;25;19;17;9;1;2;3;5;47;26;17;7;8;0;4;59;916;32;1317;6;6;NA;NA;NA;4;1;NA;NA;NA;2019-08-12;2019;"2019-M024:43";589;0;1,11735695063816;2;47;"Cristian Garin";82;"Adrian Mannarino";2;1,11735695063816;0,882643049361842;23,2;31,1;-7,9;185;183;2;0,5;0;0;0,5;-0,5;4;2;0;1;4;1;1;4;-3;0;0;1
"805741";"2019-M024";"Cincinnati Masters";"Hard";"64";"Masters";44;31;"Novak Djokovic";"R";188;"SRB";32,2;107;"Sam Querrey";"R";198;"USA";31,8;"7-5 6-1";3;"R32";78;15;5;63;37;31;13;10;4;5;9;4;64;30;19;15;9;3;7;1;12325;45;1035;7;6;NA;NA;NA;5;1;NA;NA;NA;2019-08-12;2019;"2019-M024:44";590;1;7;1,50814690367033;31;"Novak Djokovic";107;"Sam Querrey";7;1,50814690367033;5,49185309632967;32,2;31,8;0,400000000000002;188;198;-10;0,8;0,428571428571429;0,8;0,428571428571429;0,371428571428571;7;5;3;4;4;1;4;1;3;0;0;1
"805742";"2019-M024";"Cincinnati Masters";"Hard";"64";"Masters";45;15;"Pablo Carreno Busta";"R";188;"ESP";28;60;"John Isner";"R";206;"USA";34,2;"6-4 6-7(1) 7-6(6)";3;"R32";153;1;1;106;78;61;18;17;6;6;32;2;102;73;62;16;17;2;3;53;962;16;2040;6;6;7;NA;NA;4;7;6;NA;NA;2019-08-12;2019;"2019-M024:45";591;1;1,2720795454368;3;15;"Pablo Carreno Busta";60;"John Isner";1,2720795454368;3;-1,7279204545632;28;34,2;-6,2;188;206;-18;1;0,666666666666667;1;0,666666666666667;0,333333333333333;3;6;2;6;1;0;1;0;1;0;0;1
"805743";"2019-M024";"Cincinnati Masters";"Hard";"64";"Masters";46;106;"Lucas Pouille";"R";185;"FRA";25,4;117;"Denis Shapovalov";"L";185;"CAN";20,3;"6-4 6-4";3;"R32";79;0;3;60;30;24;19;10;0;0;12;3;64;39;29;12;10;4;6;31;1340;34;1285;6;6;NA;NA;NA;4;4;NA;NA;NA;2019-08-12;2019;"2019-M024:46";592;1;2,04580368961313;1,91253715874966;106;"Lucas Pouille";117;"Denis Shapovalov";2,04580368961313;1,91253715874966;0,133266530863464;25,4;20,3;5,1;185;185;0;1,5;0,666666666666667;1,5;0,666666666666667;0,833333333333333;6;0;4;0;2;0;2;0;2;0;0;1
"805744";"2019-M024";"Cincinnati Masters";"Hard";"64";"Masters";47;67;"Karen Khachanov";"R";198;"RUS";23,2;78;"Nick Kyrgios";"R";193;"AUS";24,2;"6-7(3) 7-6(4) 6-2";3;"R32";133;13;3;95;65;54;17;16;3;4;21;8;116;71;57;20;16;6;9;9;2890;27;1475;6;7;6;NA;NA;7;6;2;NA;NA;2019-08-12;2019;"2019-M024:47";593;1;3,83007499855769;2,24511249783653;67;"Karen Khachanov";78;"Nick Kyrgios";3,83007499855769;2,24511249783653;1,58496250072116;23,2;24,2;-1;198;193;5;0,75;0,666666666666667;0,75;0,666666666666667;0,0833333333333334;9;4;6;3;3;1;3;1;2;0;0;1
"805746";"2019-M024";"Cincinnati Masters";"Hard";"64";"Masters";49;110;"Andrey Rublev";"R";188;"RUS";21,8;130;"Stan Wawrinka";"R";183;"SUI";34,3;"6-4 6-4";3;"R32";83;0;0;70;38;24;24;10;5;5;11;0;50;24;21;13;10;0;2;70;836;23;1670;6;6;NA;NA;NA;4;4;NA;NA;NA;2019-08-12;2019;"2019-M024:49";594;1;0,870716983055034;2,47643804394299;110;"Andrey Rublev";130;"Stan Wawrinka";0,870716983055034;2,47643804394299;-1,60572106088795;21,8;34,3;-12,5;188;183;5;1;0;1;0;1;2;5;0;5;2;0;2;0;2;0;0;1
"805747";"2019-M024";"Cincinnati Masters";"Hard";"64";"Masters";50;86;"Daniil Medvedev";"R";198;"RUS";23,4;100;"Benoit Paire";"R";196;"FRA";30,2;"7-6(2) 6-1";3;"R32";78;5;2;51;29;22;17;9;0;1;6;4;75;38;28;14;10;5;9;8;3230;29;1403;7;6;NA;NA;NA;6;1;NA;NA;NA;2019-08-12;2019;"2019-M024:50";595;1;4;2,14201900487243;86;"Daniil Medvedev";100;"Benoit Paire";4;2,14201900487243;1,85798099512757;23,4;30,2;-6,8;198;196;2;0;0,555555555555556;0;0,555555555555556;-0,555555555555556;9;1;5;0;4;1;4;1;3;0;0;1
"805748";"2019-M024";"Cincinnati Masters";"Hard";"64";"Masters";51;123;"Jan Lennard Struff";"R";193;"GER";29,2;127;"Stefanos Tsitsipas";"R";193;"GRE";20,9;"6-4 6-7(5) 7-6(6)";3;"R32";134;16;4;98;61;52;23;17;0;1;14;1;120;78;58;23;17;3;5;36;1235;7;3455;6;6;7;NA;NA;4;7;6;NA;NA;2019-08-12;2019;"2019-M024:51";596;1;1,83007499855769;4,1926450779424;123;"Jan Lennard Struff";127;"Stefanos Tsitsipas";1,83007499855769;4,1926450779424;-2,36257007938471;29,2;20,9;8,3;193;193;0;0;0,6;0;0,6;-0,6;5;1;3;0;2;1;2;1;1;0;0;1
"805749";"2019-M024";"Cincinnati Masters";"Hard";"64";"Masters";52;66;"Miomir Kecmanovic";"R";183;"SRB";19,9;133;"Alexander Zverev";"R";198;"GER";22,3;"6-7(4) 6-2 6-4";3;"R32";138;3;3;95;63;47;13;15;3;6;9;20;94;50;40;16;15;2;8;58;922;6;4005;6;6;6;NA;NA;7;2;4;NA;NA;2019-08-12;2019;"2019-M024:52";597;1;1,14201900487243;4,41503749927884;66;"Miomir Kecmanovic";133;"Alexander Zverev";1,14201900487243;4,41503749927884;-3,27301849440642;19,9;22,3;-2,4;183;198;-15;0,5;0,25;0,5;0,25;0,25;8;6;2;3;6;3;6;3;3;0;0;1
"805750";"2019-M024";"Cincinnati Masters";"Hard";"64";"Masters";53;6;"Roberto Bautista Agut";"R";183;"ESP";31,3;126;"Frances Tiafoe";"R";188;"USA";21,5;"6-3 3-6 6-1";3;"R32";106;8;1;93;64;47;13;13;6;7;2;4;55;36;25;12;12;1;4;11;2395;52;970;6;3;6;NA;NA;3;6;1;NA;NA;2019-08-12;2019;"2019-M024:53";598;1;3,5405683813627;1,29956028185891;6;"Roberto Bautista Agut";126;"Frances Tiafoe";3,5405683813627;1,29956028185891;2,24100809950379;31,3;21,5;9,8;183;188;-5;0,857142857142857;0,25;0,857142857142857;0,25;0,607142857142857;4;7;1;6;3;1;3;1;2;0;0;1
"805751";"2019-M024";"Cincinnati Masters";"Hard";"64";"Masters";54;115;"Diego Schwartzman";"R";170;"ARG";26,9;1;"Radu Albot";"R";175;"MDA";29,7;"6-4 6-2";3;"R32";91;3;4;61;44;37;5;9;5;5;2;4;65;39;25;13;9;8;11;24;1645;39;1132;6;6;NA;NA;NA;4;2;NA;NA;NA;2019-08-12;2019;"2019-M024:54";599;0;2,41503749927884;1,71459778113775;1;"Radu Albot";115;"Diego Schwartzman";1,71459778113775;2,41503749927884;-0,700439718141093;29,7;26,9;2,8;175;170;5;1;0,727272727272727;0,727272727272727;1;-0,272727272727273;11;5;8;5;3;0;0;3;-3;0;0;1
"805752";"2019-M024";"Cincinnati Masters";"Hard";"64";"Masters";55;48;"Richard Gasquet";"R";185;"FRA";33,1;28;"Federico Delbonis";"L";190;"ARG";28,8;"7-5 7-6(1)";3;"R32";113;2;2;72;47;37;12;12;2;4;3;2;78;51;33;14;12;7;10;56;930;66;876;7;7;NA;NA;NA;5;6;NA;NA;NA;2019-08-12;2019;"2019-M024:55";600;0;1,1926450779424;0,955605880641547;28;"Federico Delbonis";48;"Richard Gasquet";0,955605880641547;1,1926450779424;-0,23703919730085;28,8;33,1;-4,3;190;185;5;0,5;0,7;0,7;0,5;0,2;10;4;7;2;3;2;2;3;-1;0;0;1
"805753";"2019-M024";"Cincinnati Masters";"Hard";"64";"Masters";56;97;"Yoshihito Nishioka";"L";170;"JPN";23,8;96;"Kei Nishikori";"R";178;"JPN";29,6;"7-6(2) 6-4";3;"R32";99;3;1;67;45;33;12;11;1;3;2;3;80;47;32;14;11;9;12;77;757;5;4040;7;6;NA;NA;NA;6;4;NA;NA;NA;2019-08-12;2019;"2019-M024:56";601;0;0,733213459305099;4,67807190511264;96;"Kei Nishikori";97;"Yoshihito Nishioka";4,67807190511264;0,733213459305099;3,94485844580754;29,6;23,8;5,8;178;170;8;0,333333333333333;0,75;0,75;0,333333333333333;0,416666666666667;12;3;9;1;3;2;2;3;-1;0;0;1
"805754";"2019-M024";"Cincinnati Masters";"Hard";"64";"Masters";57;26;"Alex De Minaur";"R";183;"AUS";20,4;99;"Reilly Opelka";"R";211;"USA";21,9;"7-6(3) 6-4";3;"R32";93;1;2;61;34;28;22;11;2;2;9;4;68;40;28;19;11;0;1;38;1225;42;1047;7;6;NA;NA;NA;6;4;NA;NA;NA;2019-08-12;2019;"2019-M024:57";602;1;1,75207248655641;1,60768257722124;26;"Alex De Minaur";99;"Reilly Opelka";1,75207248655641;1,60768257722124;0,144389909335175;20,4;21,9;-1,5;183;211;-28;1;0;1;0;1;1;2;0;2;1;0;1;0;1;0;0;1
"805755";"2019-M024";"Cincinnati Masters";"Hard";"64";"Masters";58;51;"David Goffin";"R";180;"BEL";28,6;102;"Guido Pella";"L";185;"ARG";29,2;"6-1 7-5";3;"R32";86;4;2;58;38;29;9;10;6;7;2;2;64;38;23;11;9;5;9;19;1815;22;1710;6;7;NA;NA;NA;1;5;NA;NA;NA;2019-08-12;2019;"2019-M024:58";603;1;2,75207248655641;2,5405683813627;51;"David Goffin";102;"Guido Pella";2,75207248655641;2,5405683813627;0,211504105193712;28,6;29,2;-0,599999999999998;180;185;-5;0,857142857142857;0,555555555555556;0,857142857142857;0,555555555555556;0,301587301587302;9;7;5;6;4;1;4;1;3;0;0;1
"805756";"2019-M024";"Cincinnati Masters";"Hard";"64";"Masters";59;82;"Adrian Mannarino";"L";183;"FRA";31,1;76;"Mikhail Kukushkin";"R";183;"KAZ";31,6;"6-1 6-3";3;"R32";76;9;2;56;26;20;16;8;6;7;0;3;49;31;18;5;8;4;9;59;916;46;1035;6;6;NA;NA;NA;1;3;NA;NA;NA;2019-08-12;2019;"2019-M024:59";604;0;1,11735695063816;1,47643804394299;76;"Mikhail Kukushkin";82;"Adrian Mannarino";1,47643804394299;1,11735695063816;0,359081093304829;31,6;31,1;0,5;183;183;0;0,857142857142857;0,444444444444444;0,444444444444444;0,857142857142857;-0,412698412698413;9;7;4;6;5;1;1;5;-4;0;0;1
"805757";"2019-M024";"Cincinnati Masters";"Hard";"64";"Masters";60;31;"Novak Djokovic";"R";188;"SRB";32,2;15;"Pablo Carreno Busta";"R";188;"ESP";28;"6-3 6-4";3;"R16";90;8;0;62;44;36;9;10;4;4;0;2;62;42;26;11;9;4;6;1;12325;53;962;6;6;NA;NA;NA;3;4;NA;NA;NA;2019-08-12;2019;"2019-M024:60";605;0;7;1,2720795454368;15;"Pablo Carreno Busta";31;"Novak Djokovic";1,2720795454368;7;-5,7279204545632;28;32,2;-4,2;188;188;0;1;0,666666666666667;0,666666666666667;1;-0,333333333333333;6;4;4;4;2;0;0;2;-2;0;0;1
"805758";"2019-M024";"Cincinnati Masters";"Hard";"64";"Masters";61;106;"Lucas Pouille";"R";185;"FRA";25,4;67;"Karen Khachanov";"R";198;"RUS";23,2;"6-7(3) 6-4 6-2";3;"R16";118;9;5;100;60;45;24;15;2;2;17;2;89;64;48;13;15;7;10;31;1340;9;2890;6;6;6;NA;NA;7;4;2;NA;NA;2019-08-12;2019;"2019-M024:61";606;0;2,04580368961313;3,83007499855769;67;"Karen Khachanov";106;"Lucas Pouille";3,83007499855769;2,04580368961313;1,78427130894456;23,2;25,4;-2,2;198;185;13;1;0,7;0,7;1;-0,3;10;2;7;2;3;0;0;3;-3;0;0;1
"805759";"2019-M024";"Cincinnati Masters";"Hard";"64";"Masters";62;110;"Andrey Rublev";"R";188;"RUS";21,8;41;"Roger Federer";"R";185;"SUI";38;"6-3 6-4";3;"R16";61;5;0;54;33;27;12;10;2;3;5;2;49;32;20;9;9;1;4;70;836;3;7460;6;6;NA;NA;NA;3;4;NA;NA;NA;2019-08-12;2019;"2019-M024:62";607;0;0,870716983055034;5,41503749927884;41;"Roger Federer";110;"Andrey Rublev";5,41503749927884;0,870716983055034;4,54432051622381;38;21,8;16,2;185;188;-3;0,666666666666667;0,25;0,25;0,666666666666667;-0,416666666666667;4;3;1;2;3;1;1;3;-2;0;0;1
"805760";"2019-M024";"Cincinnati Masters";"Hard";"64";"Masters";63;86;"Daniil Medvedev";"R";198;"RUS";23,4;123;"Jan Lennard Struff";"R";193;"GER";29,2;"6-2 6-1";3;"R16";65;9;2;54;37;28;9;8;3;3;2;1;53;28;18;7;7;5;9;8;3230;36;1235;6;6;NA;NA;NA;2;1;NA;NA;NA;2019-08-12;2019;"2019-M024:63";608;1;4;1,83007499855769;86;"Daniil Medvedev";123;"Jan Lennard Struff";4;1,83007499855769;2,16992500144231;23,4;29,2;-5,8;198;193;5;1;0,555555555555556;1;0,555555555555556;0,444444444444444;9;3;5;3;4;0;4;0;4;0;0;1
"805761";"2019-M024";"Cincinnati Masters";"Hard";"64";"Masters";64;6;"Roberto Bautista Agut";"R";183;"ESP";31,3;66;"Miomir Kecmanovic";"R";183;"SRB";19,9;"6-1 6-2";3;"R16";59;6;2;50;38;29;6;8;2;2;0;1;42;27;16;5;7;4;8;11;2395;58;922;6;6;NA;NA;NA;1;2;NA;NA;NA;2019-08-12;2019;"2019-M024:64";609;1;3,5405683813627;1,14201900487243;6;"Roberto Bautista Agut";66;"Miomir Kecmanovic";3,5405683813627;1,14201900487243;2,39854937649027;31,3;19,9;11,4;183;183;0;1;0,5;1;0,5;0,5;8;2;4;2;4;0;4;0;4;0;0;1
"805762";"2019-M024";"Cincinnati Masters";"Hard";"64";"Masters";65;48;"Richard Gasquet";"R";185;"FRA";33,1;115;"Diego Schwartzman";"R";170;"ARG";26,9;"7-6(6) 6-3";3;"R16";107;11;4;73;40;30;19;11;1;2;2;3;67;40;24;15;10;2;4;56;930;24;1645;7;6;NA;NA;NA;6;3;NA;NA;NA;2019-08-12;2019;"2019-M024:65";610;1;1,1926450779424;2,41503749927884;48;"Richard Gasquet";115;"Diego Schwartzman";1,1926450779424;2,41503749927884;-1,22239242133645;33,1;26,9;6,2;185;170;15;0,5;0,5;0,5;0,5;0;4;2;2;1;2;1;2;1;1;0;0;1
"805763";"2019-M024";"Cincinnati Masters";"Hard";"64";"Masters";66;97;"Yoshihito Nishioka";"L";170;"JPN";23,8;26;"Alex De Minaur";"R";183;"AUS";20,4;"7-5 6-4";3;"R16";82;3;1;65;39;29;18;11;0;0;1;0;55;32;28;12;11;3;5;77;757;38;1225;7;6;NA;NA;NA;5;4;NA;NA;NA;2019-08-12;2019;"2019-M024:66";611;0;0,733213459305099;1,75207248655641;26;"Alex De Minaur";97;"Yoshihito Nishioka";1,75207248655641;0,733213459305099;1,01885902725132;20,4;23,8;-3,4;183;170;13;1,5;0,6;0,6;1,5;-0,9;5;0;3;0;2;0;0;2;-2;0;0;1
"805764";"2019-M024";"Cincinnati Masters";"Hard";"64";"Masters";67;51;"David Goffin";"R";180;"BEL";28,6;82;"Adrian Mannarino";"L";183;"FRA";31,1;"7-6(6) 6-2";3;"R16";96;4;2;59;33;27;15;10;0;1;0;2;63;37;24;12;10;0;3;19;1815;59;916;7;6;NA;NA;NA;6;2;NA;NA;NA;2019-08-12;2019;"2019-M024:67";612;1;2,75207248655641;1,11735695063816;51;"David Goffin";82;"Adrian Mannarino";2,75207248655641;1,11735695063816;1,63471553591826;28,6;31,1;-2,5;180;183;-3;0;0;0;0;0;3;1;0;0;3;1;3;1;2;0;0;1
"805765";"2019-M024";"Cincinnati Masters";"Hard";"64";"Masters";68;31;"Novak Djokovic";"R";188;"SRB";32,2;106;"Lucas Pouille";"R";185;"FRA";25,4;"7-6(2) 6-1";3;"QF";86;5;6;63;45;40;7;10;3;3;2;5;62;37;24;12;9;2;4;1;12325;31;1340;7;6;NA;NA;NA;6;1;NA;NA;NA;2019-08-12;2019;"2019-M024:68";613;1;7;2,04580368961313;31;"Novak Djokovic";106;"Lucas Pouille";7;2,04580368961313;4,95419631038687;32,2;25,4;6,8;188;185;3;1;0,5;1;0,5;0,5;4;3;2;3;2;0;2;0;2;0;0;1
"805766";"2019-M024";"Cincinnati Masters";"Hard";"64";"Masters";69;86;"Daniil Medvedev";"R";198;"RUS";23,4;110;"Andrey Rublev";"R";188;"RUS";21,8;"6-2 6-3";3;"QF";61;9;2;51;28;21;13;9;0;1;4;2;47;26;17;6;8;3;7;8;3230;70;836;6;6;NA;NA;NA;2;3;NA;NA;NA;2019-08-12;2019;"2019-M024:69";614;1;4;0,870716983055034;86;"Daniil Medvedev";110;"Andrey Rublev";4;0,870716983055034;3,12928301694497;23,4;21,8;1,6;198;188;10;0;0,428571428571429;0;0,428571428571429;-0,428571428571429;7;1;3;0;4;1;4;1;3;0;0;1
"805767";"2019-M024";"Cincinnati Masters";"Hard";"64";"Masters";70;48;"Richard Gasquet";"R";185;"FRA";33,1;6;"Roberto Bautista Agut";"R";183;"ESP";31,3;"7-6(2) 3-6 6-2";3;"QF";133;8;5;96;52;38;27;15;5;7;6;3;87;55;42;15;14;2;4;56;930;11;2395;7;3;6;NA;NA;6;6;2;NA;NA;2019-08-12;2019;"2019-M024:70";615;0;1,1926450779424;3,5405683813627;6;"Roberto Bautista Agut";48;"Richard Gasquet";3,5405683813627;1,1926450779424;2,34792330342031;31,3;33,1;-1,8;183;185;-2;0,714285714285714;0,5;0,5;0,714285714285714;-0,214285714285714;4;7;2;5;2;2;2;2;0;0;0;1
"805769";"2019-M024";"Cincinnati Masters";"Hard";"64";"Masters";72;86;"Daniil Medvedev";"R";198;"RUS";23,4;31;"Novak Djokovic";"R";188;"SRB";32,2;"3-6 6-3 6-3";3;"SF";102;16;4;81;55;43;11;13;1;2;6;1;69;50;36;12;14;0;3;8;3230;1;12325;3;6;6;NA;NA;6;3;3;NA;NA;2019-08-12;2019;"2019-M024:72";616;0;4;7;31;"Novak Djokovic";86;"Daniil Medvedev";7;4;3;32,2;23,4;8,8;188;198;-10;0,5;0;0;0,5;-0,5;3;2;0;1;3;1;1;3;-2;0;0;1
"805770";"2019-M024";"Cincinnati Masters";"Hard";"64";"Masters";73;51;"David Goffin";"R";180;"BEL";28,6;48;"Richard Gasquet";"R";185;"FRA";33,1;"6-3 6-4";3;"SF";75;5;1;52;30;23;17;10;1;2;6;4;59;40;29;3;9;4;7;19;1815;56;930;6;6;NA;NA;NA;3;4;NA;NA;NA;2019-08-12;2019;"2019-M024:73";617;0;2,75207248655641;1,1926450779424;48;"Richard Gasquet";51;"David Goffin";1,1926450779424;2,75207248655641;-1,55942740861402;33,1;28,6;4,5;185;180;5;0,5;0,571428571428571;0,571428571428571;0,5;0,0714285714285714;7;2;4;1;3;1;1;3;-2;0;0;1
"805771";"2019-M024";"Cincinnati Masters";"Hard";"64";"Masters";74;86;"Daniil Medvedev";"R";198;"RUS";23,4;51;"David Goffin";"R";180;"BEL";28,6;"7-6(3) 6-4";3;"F";99;10;1;57;30;27;17;11;2;3;5;7;78;42;28;16;11;3;5;8;3230;19;1815;7;6;NA;NA;NA;6;4;NA;NA;NA;2019-08-12;2019;"2019-M024:74";618;0;4;2,75207248655641;51;"David Goffin";86;"Daniil Medvedev";2,75207248655641;4;-1,24792751344359;28,6;23,4;5,2;180;198;-18;0,666666666666667;0,6;0,6;0,666666666666667;-0,0666666666666667;5;3;3;2;2;1;1;2;-1;0;0;1
"811947";"2019-5014";"Shanghai Masters";"Hard";"64";"Masters";7;97;"Yoshihito Nishioka";"L";170;"JPN";24;52;"Peter Gojowczyk";"R";185;"GER";30,2;"6-3 2-6 6-3";3;"Q1";118;2;1;83;63;39;12;13;7;10;11;6;116;71;46;17;13;9;13;75;764;95;590;6;2;6;NA;NA;3;6;3;NA;NA;2019-10-07;2019;"2019-5014:7";619;0;0,77118130950412;0,430144391669052;52;"Peter Gojowczyk";97;"Yoshihito Nishioka";0,430144391669052;0,77118130950412;-0,341036917835067;30,2;24;6,2;185;170;15;0,7;0,692307692307692;0,692307692307692;0,7;-0,00769230769230766;13;10;9;7;4;3;3;4;-1;0;0;1
"811949";"2019-5014";"Shanghai Masters";"Hard";"64";"Masters";9;18;"Jeremy Chardy";"R";188;"FRA";32,6;64;"Aslan Karatsev";"R";185;"RUS";26;"6-4 6-0";3;"Q1";71;4;0;45;30;23;9;8;0;1;1;3;61;32;18;10;8;2;7;71;835;270;163;6;6;NA;NA;NA;4;0;NA;NA;NA;2019-10-07;2019;"2019-5014:9";620;1;0,850252880495318;-1,07681559705083;18;"Jeremy Chardy";64;"Aslan Karatsev";0,850252880495318;-1,07681559705083;1,92706847754615;32,6;26;6,6;188;185;3;0;0,285714285714286;0;0,285714285714286;-0,285714285714286;7;1;2;0;5;1;5;1;4;0;0;1
"811952";"2019-5014";"Shanghai Masters";"Hard";"64";"Masters";12;105;"Vasek Pospisil";"R";193;"CAN";29,2;82;"Adrian Mannarino";"L";183;"FRA";31,2;"7-5 6-1";3;"Q1";93;11;5;58;34;31;11;10;0;0;8;6;65;36;26;12;9;5;8;248;184;44;1101;7;6;NA;NA;NA;5;1;NA;NA;NA;2019-10-07;2019;"2019-5014:12";621;0;-0,954196310386875;1,5405683813627;82;"Adrian Mannarino";105;"Vasek Pospisil";1,5405683813627;-0,954196310386875;2,49476469174958;31,2;29,2;2;183;193;-10;1,5;0,625;0,625;1,5;-0,875;8;0;5;0;3;0;0;3;-3;0;0;1
"811955";"2019-5014";"Shanghai Masters";"Hard";"64";"Masters";15;98;"Cameron Norrie";"L";188;"GBR";24,1;40;"Thomas Fabbiano";"R";173;"ITA";30,3;"6-4 6-4";3;"Q2";92;8;4;63;44;35;8;10;3;4;0;3;67;30;22;17;10;5;8;64;910;91;599;6;6;NA;NA;NA;4;4;NA;NA;NA;2019-10-07;2019;"2019-5014:15";622;0;1;0,492205359801304;40;"Thomas Fabbiano";98;"Cameron Norrie";0,492205359801304;1;-0,507794640198696;30,3;24,1;6,2;173;188;-15;0,75;0,625;0,625;0,75;-0,125;8;4;5;3;3;1;1;3;-2;0;0;1
"811956";"2019-5014";"Shanghai Masters";"Hard";"64";"Masters";16;17;"Marco Cecchinato";"R";185;"ITA";27;34;"Damir Dzumhur";"R";172;"BIH";27,3;"7-5 6-3";3;"Q2";71;12;1;58;39;31;12;11;0;1;2;3;56;44;30;5;10;1;4;69;845;93;598;7;6;NA;NA;NA;5;3;NA;NA;NA;2019-10-07;2019;"2019-5014:16";623;1;0,891475543221831;0,460841188891969;17;"Marco Cecchinato";34;"Damir Dzumhur";0,891475543221831;0,460841188891969;0,430634354329862;27;27,3;-0,300000000000001;185;172;13;0;0,25;0;0,25;-0,25;4;1;1;0;3;1;3;1;2;0;0;1
"811958";"2019-5014";"Shanghai Masters";"Hard";"64";"Masters";18;13;"Alexander Bublik";"R";196;"KAZ";22,3;97;"Yoshihito Nishioka";"L";170;"JPN";24;"6-3 6-2";3;"Q2";58;16;2;43;26;24;12;9;0;0;1;0;46;28;16;10;8;1;4;54;1004;75;764;6;6;NA;NA;NA;3;2;NA;NA;NA;2019-10-07;2019;"2019-5014:18";624;1;1,24511249783653;0,77118130950412;13;"Alexander Bublik";97;"Yoshihito Nishioka";1,24511249783653;0,77118130950412;0,473931188332412;22,3;24;-1,7;196;170;26;1,5;0,25;1,5;0,25;1,25;4;0;1;0;3;0;3;0;3;0;0;1
"811959";"2019-5014";"Shanghai Masters";"Hard";"64";"Masters";19;18;"Jeremy Chardy";"R";188;"FRA";32,6;39;"Daniel Evans";"R";175;"GBR";29,3;"2-6 6-4 6-4";3;"Q2";132;15;0;92;57;43;16;14;3;6;9;1;89;63;43;15;14;9;12;71;835;43;1110;2;6;6;NA;NA;6;4;4;NA;NA;2019-10-07;2019;"2019-5014:19";625;1;0,850252880495318;1,5737352452979;18;"Jeremy Chardy";39;"Daniel Evans";0,850252880495318;1,5737352452979;-0,723482364802584;32,6;29,3;3,3;188;175;13;0,5;0,75;0,5;0,75;-0,25;12;6;9;3;3;3;3;3;0;0;0;1
"811961";"2019-5014";"Shanghai Masters";"Hard";"64";"Masters";21;15;"Pablo Carreno Busta";"R";188;"ESP";28,2;69;"Dominik Koepfer";"L";180;"GER";25,4;"6-3 6-1";3;"Q2";69;3;2;49;32;26;7;8;3;4;0;0;58;43;21;6;8;4;9;37;1192;86;626;6;6;NA;NA;NA;3;1;NA;NA;NA;2019-10-07;2019;"2019-5014:21";626;1;1,79054663437105;0,573735245297902;15;"Pablo Carreno Busta";69;"Dominik Koepfer";1,79054663437105;0,573735245297902;1,21681138907315;28,2;25,4;2,8;188;180;8;0,75;0,444444444444444;0,75;0,444444444444444;0,305555555555556;9;4;4;3;5;1;5;1;4;0;0;1
"811962";"2019-5014";"Shanghai Masters";"Hard";"64";"Masters";22;117;"Denis Shapovalov";"L";185;"CAN";20,4;126;"Frances Tiafoe";"R";188;"USA";21,7;"6-4 6-2";3;"R64";76;6;6;49;29;27;10;9;0;0;2;0;68;45;28;10;9;11;14;36;1220;51;1015;6;6;NA;NA;NA;4;2;NA;NA;NA;2019-10-07;2019;"2019-5014:22";627;1;1,83007499855769;1,3275746580285;117;"Denis Shapovalov";126;"Frances Tiafoe";1,83007499855769;1,3275746580285;0,502500340529183;20,4;21,7;-1,3;185;188;-3;1,5;0,785714285714286;1,5;0,785714285714286;0,714285714285714;14;0;11;0;3;0;3;0;3;0;0;1
"811964";"2019-5014";"Shanghai Masters";"Hard";"64";"Masters";24;60;"John Isner";"R";206;"USA";34,4;26;"Alex De Minaur";"R";183;"AUS";20,6;"7-6(1) 6-4";3;"R64";81;18;0;62;41;33;16;11;0;0;1;1;67;43;33;13;11;2;3;17;1895;24;1520;7;6;NA;NA;NA;6;4;NA;NA;NA;2019-10-07;2019;"2019-5014:24";628;0;2,91253715874966;2,41503749927884;26;"Alex De Minaur";60;"John Isner";2,41503749927884;2,91253715874966;-0,497499659470817;20,6;34,4;-13,8;183;206;-23;1,5;0,666666666666667;0,666666666666667;1,5;-0,833333333333333;3;0;2;0;1;0;0;1;-1;0;0;1
"811965";"2019-5014";"Shanghai Masters";"Hard";"64";"Masters";25;88;"Gael Monfils";"R";193;"FRA";33;121;"Lorenzo Sonego";"R";191;"ITA";24,4;"7-5 6-7(1) 6-3";3;"R64";153;4;3;105;69;52;21;17;2;2;6;3;109;66;50;19;16;6;8;11;2375;55;1000;7;6;6;NA;NA;5;7;3;NA;NA;2019-10-07;2019;"2019-5014:25";629;1;3,5405683813627;1,21864028647534;88;"Gael Monfils";121;"Lorenzo Sonego";3,5405683813627;1,21864028647534;2,32192809488736;33;24,4;8,6;193;191;2;1;0,75;1;0,75;0,25;8;2;6;2;2;0;2;0;2;0;0;1
"811968";"2019-5014";"Shanghai Masters";"Hard";"64";"Masters";28;98;"Cameron Norrie";"L";188;"GBR";24,1;118;"Gilles Simon";"R";183;"FRA";34,7;"7-5 6-2";3;"R64";95;4;2;74;55;35;11;10;4;6;1;6;58;35;20;10;10;6;11;64;910;49;1035;7;6;NA;NA;NA;5;2;NA;NA;NA;2019-10-07;2019;"2019-5014:28";630;1;1;1,38529015588479;98;"Cameron Norrie";118;"Gilles Simon";1;1,38529015588479;-0,385290155884792;24,1;34,7;-10,6;188;183;5;0,666666666666667;0,545454545454545;0,666666666666667;0,545454545454545;0,121212121212121;11;6;6;4;5;2;5;2;3;0;0;1
"811969";"2019-5014";"Shanghai Masters";"Hard";"64";"Masters";29;122;"Joao Sousa";"R";185;"POR";30,5;73;"Filip Krajinovic";"R";185;"SRB";27,6;"2-6 6-4 7-6(5)";3;"R64";137;10;3;95;58;45;13;15;1;5;7;2;91;62;43;16;15;4;7;63;916;60;963;2;6;7;NA;NA;6;4;6;NA;NA;2019-10-07;2019;"2019-5014:29";631;0;1,02272007650008;1,09310940439148;73;"Filip Krajinovic";122;"Joao Sousa";1,09310940439148;1,02272007650008;0,0703893278913981;27,6;30,5;-2,9;185;185;0;0,2;0,571428571428571;0,571428571428571;0,2;0,371428571428571;7;5;4;1;3;4;4;3;1;0;0;1
"811970";"2019-5014";"Shanghai Masters";"Hard";"64";"Masters";30;105;"Vasek Pospisil";"R";193;"CAN";29,2;115;"Diego Schwartzman";"R";170;"ARG";27,1;"7-6(2) 6-2";3;"R64";84;11;3;53;33;33;12;10;2;2;2;2;63;34;24;14;10;5;7;248;184;16;1995;7;6;NA;NA;NA;6;2;NA;NA;NA;2019-10-07;2019;"2019-5014:30";632;1;-0,954196310386875;3;105;"Vasek Pospisil";115;"Diego Schwartzman";-0,954196310386875;3;-3,95419631038687;29,2;27,1;2,1;193;170;23;1;0,714285714285714;1;0,714285714285714;0,285714285714286;7;2;5;2;2;0;2;0;2;0;0;1
"811971";"2019-5014";"Shanghai Masters";"Hard";"64";"Masters";31;42;"Fabio Fognini";"R";178;"ITA";32,3;107;"Sam Querrey";"R";198;"USA";32;"6-4 6-2";3;"R64";63;4;3;45;30;26;10;9;0;0;8;3;56;28;21;13;9;4;7;12;2280;45;1100;6;6;NA;NA;NA;4;2;NA;NA;NA;2019-10-07;2019;"2019-5014:31";633;1;3,41503749927884;1,50814690367033;42;"Fabio Fognini";107;"Sam Querrey";3,41503749927884;1,50814690367033;1,90689059560852;32,3;32;0,299999999999997;178;198;-20;1,5;0,571428571428571;1,5;0,571428571428571;0,928571428571429;7;0;4;0;3;0;3;0;3;0;0;1
"811973";"2019-5014";"Shanghai Masters";"Hard";"64";"Masters";33;44;"Taylor Fritz";"R";193;"USA";21,9;129;"Fernando Verdasco";"L";188;"ESP";35,8;"7-6(2) 6-7(5) 6-4";3;"R64";159;8;2;127;72;54;28;17;8;10;8;4;108;59;45;24;17;3;6;29;1385;41;1170;7;6;6;NA;NA;6;7;4;NA;NA;2019-10-07;2019;"2019-5014:33";634;1;2,14201900487243;1,64244799538192;44;"Taylor Fritz";129;"Fernando Verdasco";2,14201900487243;1,64244799538192;0,499571009490512;21,9;35,8;-13,9;193;188;5;0,8;0,5;0,8;0,5;0,3;6;10;3;8;3;2;3;2;1;0;0;1
"811974";"2019-5014";"Shanghai Masters";"Hard";"64";"Masters";34;99;"Reilly Opelka";"R";211;"USA";22,1;80;"Dusan Lajovic";"R";180;"SRB";29,2;"6-3 6-4";3;"R64";64;12;0;51;35;31;11;10;0;0;5;1;60;49;33;4;9;0;2;40;1178;31;1306;6;6;NA;NA;NA;3;4;NA;NA;NA;2019-10-07;2019;"2019-5014:34";635;0;1,67807190511264;2,04580368961313;80;"Dusan Lajovic";99;"Reilly Opelka";2,04580368961313;1,67807190511264;0,367731784500488;29,2;22,1;7,1;180;211;-31;1,5;0;0;1,5;-1,5;2;0;0;0;2;0;0;2;-2;0;0;1
"811976";"2019-5014";"Shanghai Masters";"Hard";"64";"Masters";36;9;"Matteo Berrettini";"R";196;"ITA";23,4;123;"Jan Lennard Struff";"R";193;"GER";29,4;"6-2 6-1";3;"R64";61;6;0;40;31;24;6;7;2;2;4;0;46;25;14;8;8;1;6;13;2221;38;1190;6;6;NA;NA;NA;2;1;NA;NA;NA;2019-10-07;2019;"2019-5014:36";636;1;3,29956028185891;1,75207248655641;9;"Matteo Berrettini";123;"Jan Lennard Struff";3,29956028185891;1,75207248655641;1,54748779530249;23,4;29,4;-6;196;193;3;1;0,166666666666667;1;0,166666666666667;0,833333333333333;6;2;1;2;5;0;5;0;5;0;0;1
"811977";"2019-5014";"Shanghai Masters";"Hard";"64";"Masters";37;5;"Nikoloz Basilashvili";"R";185;"GEO";27,6;1;"Radu Albot";"R";175;"MDA";29,9;"4-6 6-1 6-3";3;"R64";129;2;1;74;50;37;16;13;3;4;7;3;111;66;41;23;13;4;8;26;1440;47;1092;4;6;6;NA;NA;6;1;3;NA;NA;2019-10-07;2019;"2019-5014:37";637;0;2,29956028185891;1,44541114832236;1;"Radu Albot";5;"Nikoloz Basilashvili";1,44541114832236;2,29956028185891;-0,854149133536546;29,9;27,6;2,3;175;185;-10;0,75;0,5;0,5;0,75;-0,25;8;4;4;3;4;1;1;4;-3;0;0;1
"811978";"2019-5014";"Shanghai Masters";"Hard";"64";"Masters";38;100;"Benoit Paire";"R";196;"FRA";30,4;17;"Marco Cecchinato";"R";185;"ITA";27;"6-2 7-5";3;"R64";71;10;1;54;32;29;11;10;0;0;5;4;71;45;30;12;10;3;6;23;1553;69;845;6;7;NA;NA;NA;2;5;NA;NA;NA;2019-10-07;2019;"2019-5014:38";638;0;2,47643804394299;0,891475543221831;17;"Marco Cecchinato";100;"Benoit Paire";0,891475543221831;2,47643804394299;-1,58496250072116;27;30,4;-3,4;185;196;-11;1,5;0,5;0,5;1,5;-1;6;0;3;0;3;0;0;3;-3;0;0;1
"811981";"2019-5014";"Shanghai Masters";"Hard";"64";"Masters";41;87;"John Millman";"R";183;"AUS";30,3;102;"Guido Pella";"L";185;"ARG";29,3;"6-3 7-5";3;"R64";111;9;1;82;58;42;13;11;7;7;6;1;71;43;31;13;10;8;10;58;991;21;1655;6;7;NA;NA;NA;3;5;NA;NA;NA;2019-10-07;2019;"2019-5014:41";639;1;1,14201900487243;2,60768257722124;87;"John Millman";102;"Guido Pella";1,14201900487243;2,60768257722124;-1,46566357234881;30,3;29,3;1;183;185;-2;1;0,8;1;0,8;0,2;10;7;8;7;2;0;2;0;2;0;0;1
"811982";"2019-5014";"Shanghai Masters";"Hard";"64";"Masters";42;110;"Andrey Rublev";"R";188;"RUS";21,9;22;"Borna Coric";"R";188;"CRO";22,8;"6-4 7-6(4)";3;"R64";95;15;1;60;38;34;14;11;0;1;8;4;83;54;40;13;11;11;13;33;1261;15;2130;6;7;NA;NA;NA;4;6;NA;NA;NA;2019-10-07;2019;"2019-5014:42";640;0;1,95560588064155;3,09310940439148;22;"Borna Coric";110;"Andrey Rublev";3,09310940439148;1,95560588064155;1,13750352374993;22,8;21,9;0,900000000000002;188;188;0;0;0,846153846153846;0,846153846153846;0;0,846153846153846;13;1;11;0;2;1;1;2;-1;0;0;1
"811983";"2019-5014";"Shanghai Masters";"Hard";"64";"Masters";43;51;"David Goffin";"R";180;"BEL";28,8;48;"Richard Gasquet";"R";185;"FRA";33,3;"6-2 6-3";3;"R64";57;10;1;38;23;18;11;8;0;1;3;3;48;28;18;6;9;1;6;14;2190;52;1015;6;6;NA;NA;NA;2;3;NA;NA;NA;2019-10-07;2019;"2019-5014:43";641;0;3,1926450779424;1,29956028185891;48;"Richard Gasquet";51;"David Goffin";1,29956028185891;3,1926450779424;-1,89308479608349;33,3;28,8;4,5;185;180;5;0;0,166666666666667;0,166666666666667;0;0,166666666666667;6;1;1;0;5;1;1;5;-4;0;0;1
"811984";"2019-5014";"Shanghai Masters";"Hard";"64";"Masters";44;76;"Mikhail Kukushkin";"R";183;"KAZ";31,7;66;"Miomir Kecmanovic";"R";183;"SRB";20,1;"7-6(4) 6-4";3;"R64";101;3;1;72;51;39;13;11;1;1;4;3;83;56;37;14;11;9;10;57;996;50;1033;7;6;NA;NA;NA;6;4;NA;NA;NA;2019-10-07;2019;"2019-5014:44";642;0;1,16710998583526;1,35614381022528;66;"Miomir Kecmanovic";76;"Mikhail Kukushkin";1,35614381022528;1,16710998583526;0,189033824390017;20,1;31,7;-11,6;183;183;0;1;0,9;0,9;1;-0,1;10;1;9;1;1;0;0;1;-1;0;0;1
"811985";"2019-5014";"Shanghai Masters";"Hard";"64";"Masters";45;108;"Albert Ramos";"L";188;"ESP";31,7;19;"Marin Cilic";"R";198;"CRO";31;"6-4 6-4";3;"R64";83;7;0;52;33;28;12;10;0;0;10;1;62;29;21;19;10;1;3;46;1095;25;1455;6;6;NA;NA;NA;4;4;NA;NA;NA;2019-10-07;2019;"2019-5014:45";643;0;1,47643804394299;2,35614381022528;19;"Marin Cilic";108;"Albert Ramos";2,35614381022528;1,47643804394299;0,879705766282289;31;31,7;-0,699999999999999;198;188;10;1,5;0,333333333333333;0,333333333333333;1,5;-1,16666666666667;3;0;1;0;2;0;0;2;-2;0;0;1
"811986";"2019-5014";"Shanghai Masters";"Hard";"64";"Masters";46;31;"Novak Djokovic";"R";188;"SRB";32,3;117;"Denis Shapovalov";"L";185;"CAN";20,4;"6-3 6-3";3;"R32";70;3;0;47;35;31;8;9;1;1;5;2;59;31;20;12;9;3;6;1;10365;36;1220;6;6;NA;NA;NA;3;3;NA;NA;NA;2019-10-07;2019;"2019-5014:46";644;1;7;1,83007499855769;31;"Novak Djokovic";117;"Denis Shapovalov";7;1,83007499855769;5,16992500144231;32,3;20,4;11,9;188;185;3;1;0,5;1;0,5;0,5;6;1;3;1;3;0;3;0;3;0;0;1
"811987";"2019-5014";"Shanghai Masters";"Hard";"64";"Masters";47;60;"John Isner";"R";206;"USA";34,4;106;"Lucas Pouille";"R";185;"FRA";25,6;"7-5 6-3";3;"R32";62;19;0;54;41;35;9;11;0;0;8;4;61;31;24;16;10;3;5;17;1895;22;1600;7;6;NA;NA;NA;5;3;NA;NA;NA;2019-10-07;2019;"2019-5014:47";645;1;2,91253715874966;2,5405683813627;60;"John Isner";106;"Lucas Pouille";2,91253715874966;2,5405683813627;0,371968777386958;34,4;25,6;8,8;206;185;21;1,5;0,6;1,5;0,6;0,9;5;0;3;0;2;0;2;0;2;0;0;1
"811988";"2019-5014";"Shanghai Masters";"Hard";"64";"Masters";48;59;"Hubert Hurkacz";"R";196;"POL";22,6;88;"Gael Monfils";"R";193;"FRA";33;"6-2 7-6(1)";3;"R32";76;6;1;56;37;32;12;10;1;1;6;2;65;40;23;16;10;3;5;34;1243;11;2375;6;7;NA;NA;NA;2;6;NA;NA;NA;2019-10-07;2019;"2019-5014:48";646;1;1,91253715874966;3,5405683813627;59;"Hubert Hurkacz";88;"Gael Monfils";1,91253715874966;3,5405683813627;-1,62803122261304;22,6;33;-10,4;196;193;3;1;0,6;1;0,6;0,4;5;1;3;1;2;0;2;0;2;0;0;1
"811989";"2019-5014";"Shanghai Masters";"Hard";"64";"Masters";49;127;"Stefanos Tsitsipas";"R";193;"GRE";21,1;4;"Felix Auger Aliassime";"R";193;"CAN";19,1;"7-6(3) 7-6(3)";3;"R32";122;5;2;85;64;51;8;12;2;3;11;2;82;57;43;13;12;5;6;7;3630;19;1719;7;7;NA;NA;NA;6;6;NA;NA;NA;2019-10-07;2019;"2019-5014:49";647;0;4,1926450779424;2,75207248655641;4;"Felix Auger Aliassime";127;"Stefanos Tsitsipas";2,75207248655641;4,1926450779424;-1,44057259138598;19,1;21,1;-2;193;193;0;0,666666666666667;0,833333333333333;0,833333333333333;0,666666666666667;0,166666666666667;6;3;5;2;1;1;1;1;0;0;0;1
"811990";"2019-5014";"Shanghai Masters";"Hard";"64";"Masters";50;86;"Daniil Medvedev";"R";198;"RUS";23,6;98;"Cameron Norrie";"L";188;"GBR";24,1;"6-3 6-1";3;"R32";54;9;2;41;31;24;8;8;0;0;0;0;47;32;15;8;8;3;7;4;4965;64;910;6;6;NA;NA;NA;3;1;NA;NA;NA;2019-10-07;2019;"2019-5014:50";648;1;5;1;86;"Daniil Medvedev";98;"Cameron Norrie";5;1;4;23,6;24,1;-0,5;198;188;10;1,5;0,428571428571429;1,5;0,428571428571429;1,07142857142857;7;0;3;0;4;0;4;0;4;0;0;1
"811991";"2019-5014";"Shanghai Masters";"Hard";"64";"Masters";51;105;"Vasek Pospisil";"R";193;"CAN";29,2;122;"Joao Sousa";"R";185;"POR";30,5;"6-3 7-5";3;"R32";89;15;3;61;34;31;15;11;2;2;2;2;59;37;25;11;10;3;5;248;184;63;916;6;7;NA;NA;NA;3;5;NA;NA;NA;2019-10-07;2019;"2019-5014:51";649;1;-0,954196310386875;1,02272007650008;105;"Vasek Pospisil";122;"Joao Sousa";-0,954196310386875;1,02272007650008;-1,97691638688696;29,2;30,5;-1,3;193;185;8;1;0,6;1;0,6;0,4;5;2;3;2;2;0;2;0;2;0;0;1
"811992";"2019-5014";"Shanghai Masters";"Hard";"64";"Masters";52;42;"Fabio Fognini";"R";178;"ITA";32,3;92;"Andy Murray";"R";190;"GBR";32,3;"7-6(4) 2-6 7-6(2)";3;"R32";189;9;12;132;84;55;20;16;4;10;13;3;117;67;48;20;16;6;10;12;2280;289;147;7;2;7;NA;NA;6;6;6;NA;NA;2019-10-07;2019;"2019-5014:52";650;1;3,41503749927884;-1,17492568250068;42;"Fabio Fognini";92;"Andy Murray";3,41503749927884;-1,17492568250068;4,58996318177952;32,3;32,3;0;178;190;-12;0,4;0,6;0,4;0,6;-0,2;10;10;6;4;4;6;4;6;-2;0;0;1
"811993";"2019-5014";"Shanghai Masters";"Hard";"64";"Masters";53;67;"Karen Khachanov";"R";198;"RUS";23,3;44;"Taylor Fritz";"R";193;"USA";21,9;"6-2 6-4";3;"R32";68;1;2;44;26;24;12;9;0;0;6;0;62;37;20;16;9;2;5;9;2945;29;1385;6;6;NA;NA;NA;2;4;NA;NA;NA;2019-10-07;2019;"2019-5014:53";651;0;3,83007499855769;2,14201900487243;44;"Taylor Fritz";67;"Karen Khachanov";2,14201900487243;3,83007499855769;-1,68805599368526;21,9;23,3;-1,4;193;198;-5;1,5;0,4;0,4;1,5;-1,1;5;0;2;0;3;0;0;3;-3;0;0;1
"811994";"2019-5014";"Shanghai Masters";"Hard";"64";"Masters";54;6;"Roberto Bautista Agut";"R";183;"ESP";31,4;99;"Reilly Opelka";"R";211;"USA";22,1;"6-4 7-5";3;"R32";88;2;0;55;36;31;14;11;1;1;18;0;74;47;33;13;11;2;4;10;2575;40;1178;6;7;NA;NA;NA;4;5;NA;NA;NA;2019-10-07;2019;"2019-5014:54";652;1;3,67807190511264;1,67807190511264;6;"Roberto Bautista Agut";99;"Reilly Opelka";3,67807190511264;1,67807190511264;2;31,4;22,1;9,3;183;211;-28;1;0,5;1;0,5;0,5;4;1;2;1;2;0;2;0;2;0;0;1
"811995";"2019-5014";"Shanghai Masters";"Hard";"64";"Masters";55;9;"Matteo Berrettini";"R";196;"ITA";23,4;47;"Cristian Garin";"R";185;"CHI";23,3;"6-3 6-3";3;"R32";71;11;1;53;35;29;10;9;2;2;1;2;48;30;17;10;9;3;6;13;2221;32;1262;6;6;NA;NA;NA;3;3;NA;NA;NA;2019-10-07;2019;"2019-5014:55";653;1;3,29956028185891;2;9;"Matteo Berrettini";47;"Cristian Garin";3,29956028185891;2;1,29956028185891;23,4;23,3;0,0999999999999979;196;185;11;1;0,5;1;0,5;0,5;6;2;3;2;3;0;3;0;3;0;0;1
"811996";"2019-5014";"Shanghai Masters";"Hard";"64";"Masters";56;5;"Nikoloz Basilashvili";"R";185;"GEO";27,6;100;"Benoit Paire";"R";196;"FRA";30,4;"6-4 1-6 6-1";3;"R32";97;2;5;71;48;32;14;12;2;4;12;8;78;41;26;19;12;3;6;26;1440;23;1553;6;1;6;NA;NA;4;6;1;NA;NA;2019-10-07;2019;"2019-5014:56";654;1;2,29956028185891;2,47643804394299;5;"Nikoloz Basilashvili";100;"Benoit Paire";2,29956028185891;2,47643804394299;-0,176877762084079;27,6;30,4;-2,8;185;196;-11;0,5;0,5;0,5;0,5;0;6;4;3;2;3;2;3;2;1;0;0;1
"811997";"2019-5014";"Shanghai Masters";"Hard";"64";"Masters";57;124;"Dominic Thiem";"R";185;"AUT";26;15;"Pablo Carreno Busta";"R";188;"ESP";28,2;"7-6(3) 6-3";3;"R32";107;11;0;70;45;40;14;11;4;4;5;1;76;50;35;13;10;5;6;5;4915;37;1192;7;6;NA;NA;NA;6;3;NA;NA;NA;2019-10-07;2019;"2019-5014:57";655;0;4,67807190511264;1,79054663437105;15;"Pablo Carreno Busta";124;"Dominic Thiem";1,79054663437105;4,67807190511264;-2,88752527074159;28,2;26;2,2;188;185;3;1;0,833333333333333;0,833333333333333;1;-0,166666666666667;6;4;5;4;1;0;0;1;-1;0;0;1
"811998";"2019-5014";"Shanghai Masters";"Hard";"64";"Masters";58;133;"Alexander Zverev";"R";198;"GER";22,4;18;"Jeremy Chardy";"R";188;"FRA";32,6;"7-6(13) 7-6(3)";3;"R32";107;21;3;79;58;48;11;12;1;3;8;3;84;61;44;12;12;0;2;6;4185;71;835;7;7;NA;NA;NA;6;6;NA;NA;NA;2019-10-07;2019;"2019-5014:58";656;0;4,41503749927884;0,850252880495318;18;"Jeremy Chardy";133;"Alexander Zverev";0,850252880495318;4,41503749927884;-3,56478461878353;32,6;22,4;10,2;188;198;-10;0,333333333333333;0;0;0,333333333333333;-0,333333333333333;2;3;0;1;2;2;2;2;0;0;0;1
"811999";"2019-5014";"Shanghai Masters";"Hard";"64";"Masters";59;110;"Andrey Rublev";"R";188;"RUS";21,9;87;"John Millman";"R";183;"AUS";30,3;"6-2 6-0";3;"R32";64;7;3;43;29;22;8;7;0;0;5;1;58;33;14;11;7;6;11;33;1261;58;991;6;6;NA;NA;NA;2;0;NA;NA;NA;2019-10-07;2019;"2019-5014:59";657;0;1,95560588064155;1,14201900487243;87;"John Millman";110;"Andrey Rublev";1,14201900487243;1,95560588064155;-0,813586875769118;30,3;21,9;8,4;183;188;-5;1,5;0,545454545454545;0,545454545454545;1,5;-0,954545454545455;11;0;6;0;5;0;0;5;-5;0;0;1
"812001";"2019-5014";"Shanghai Masters";"Hard";"64";"Masters";61;41;"Roger Federer";"R";185;"SUI";38,1;108;"Albert Ramos";"L";188;"ESP";31,7;"6-2 7-6(5)";3;"R32";84;8;0;54;43;39;7;10;0;0;7;4;73;43;26;21;10;3;5;3;7130;46;1095;6;7;NA;NA;NA;2;6;NA;NA;NA;2019-10-07;2019;"2019-5014:61";658;1;5,41503749927884;1,47643804394299;41;"Roger Federer";108;"Albert Ramos";5,41503749927884;1,47643804394299;3,93859945533586;38,1;31,7;6,4;185;188;-3;1,5;0,6;1,5;0,6;0,9;5;0;3;0;2;0;2;0;2;0;0;1
"812002";"2019-5014";"Shanghai Masters";"Hard";"64";"Masters";62;31;"Novak Djokovic";"R";188;"SRB";32,3;60;"John Isner";"R";206;"USA";34,4;"7-5 6-3";3;"R16";74;9;3;52;41;36;8;11;0;0;9;0;63;48;28;11;10;0;2;1;10365;17;1895;7;6;NA;NA;NA;5;3;NA;NA;NA;2019-10-07;2019;"2019-5014:62";659;1;7;2,91253715874966;31;"Novak Djokovic";60;"John Isner";7;2,91253715874966;4,08746284125034;32,3;34,4;-2,1;188;206;-18;1,5;0;1,5;0;1,5;2;0;0;0;2;0;2;0;2;0;0;1
"812003";"2019-5014";"Shanghai Masters";"Hard";"64";"Masters";63;127;"Stefanos Tsitsipas";"R";193;"GRE";21,1;59;"Hubert Hurkacz";"R";196;"POL";22,6;"7-5 3-6 7-6(5)";3;"R16";133;7;1;97;55;41;31;16;4;5;9;6;94;63;52;19;17;1;2;7;3630;34;1243;7;3;7;NA;NA;5;6;6;NA;NA;2019-10-07;2019;"2019-5014:63";660;0;4,1926450779424;1,91253715874966;59;"Hubert Hurkacz";127;"Stefanos Tsitsipas";1,91253715874966;4,1926450779424;-2,28010791919274;22,6;21,1;1,5;196;193;3;0,8;0,5;0,5;0,8;-0,3;2;5;1;4;1;1;1;1;0;0;0;1
"812004";"2019-5014";"Shanghai Masters";"Hard";"64";"Masters";64;86;"Daniil Medvedev";"R";198;"RUS";23,6;105;"Vasek Pospisil";"R";193;"CAN";29,2;"7-6(7) 7-5";3;"R16";125;11;4;88;62;51;8;12;7;9;2;3;85;44;32;19;12;3;6;4;4965;248;184;7;7;NA;NA;NA;6;5;NA;NA;NA;2019-10-07;2019;"2019-5014:64";661;1;5;-0,954196310386875;86;"Daniil Medvedev";105;"Vasek Pospisil";5;-0,954196310386875;5,95419631038687;23,6;29,2;-5,6;198;193;5;0,777777777777778;0,5;0,777777777777778;0,5;0,277777777777778;6;9;3;7;3;2;3;2;1;0;0;1
"812005";"2019-5014";"Shanghai Masters";"Hard";"64";"Masters";65;42;"Fabio Fognini";"R";178;"ITA";32,3;67;"Karen Khachanov";"R";198;"RUS";23,3;"6-3 7-5";3;"R16";106;4;5;79;38;28;24;11;7;8;11;3;79;41;30;17;10;9;12;12;2280;9;2945;6;7;NA;NA;NA;3;5;NA;NA;NA;2019-10-07;2019;"2019-5014:65";662;1;3,41503749927884;3,83007499855769;42;"Fabio Fognini";67;"Karen Khachanov";3,41503749927884;3,83007499855769;-0,415037499278844;32,3;23,3;9;178;198;-20;0,875;0,75;0,875;0,75;0,125;12;8;9;7;3;1;3;1;2;0;0;1
"812006";"2019-5014";"Shanghai Masters";"Hard";"64";"Masters";66;9;"Matteo Berrettini";"R";196;"ITA";23,4;6;"Roberto Bautista Agut";"R";183;"ESP";31,4;"7-6(5) 6-4";3;"R16";116;13;3;70;39;34;14;11;3;5;5;2;78;54;31;14;11;2;5;13;2221;10;2575;7;6;NA;NA;NA;6;4;NA;NA;NA;2019-10-07;2019;"2019-5014:66";663;0;3,29956028185891;3,67807190511264;6;"Roberto Bautista Agut";9;"Matteo Berrettini";3,67807190511264;3,29956028185891;0,37851162325373;31,4;23,4;8;183;196;-13;0,6;0,4;0,4;0,6;-0,2;5;5;2;3;3;2;2;3;-1;0;0;1
"812007";"2019-5014";"Shanghai Masters";"Hard";"64";"Masters";67;124;"Dominic Thiem";"R";185;"AUT";26;5;"Nikoloz Basilashvili";"R";185;"GEO";27,6;"6-3 6-4";3;"R16";77;3;2;62;49;33;7;10;2;4;1;2;55;34;20;10;9;2;6;5;4915;26;1440;6;6;NA;NA;NA;3;4;NA;NA;NA;2019-10-07;2019;"2019-5014:67";664;0;4,67807190511264;2,29956028185891;5;"Nikoloz Basilashvili";124;"Dominic Thiem";2,29956028185891;4,67807190511264;-2,37851162325373;27,6;26;1,6;185;185;0;0,5;0,333333333333333;0,333333333333333;0,5;-0,166666666666667;6;4;2;2;4;2;2;4;-2;0;0;1
"812008";"2019-5014";"Shanghai Masters";"Hard";"64";"Masters";68;133;"Alexander Zverev";"R";198;"GER";22,4;110;"Andrey Rublev";"R";188;"RUS";21,9;"6-0 7-6(4)";3;"R16";84;17;7;61;40;31;9;9;5;7;4;6;72;36;23;13;9;5;10;6;4185;33;1261;6;7;NA;NA;NA;0;6;NA;NA;NA;2019-10-07;2019;"2019-5014:68";665;0;4,41503749927884;1,95560588064155;110;"Andrey Rublev";133;"Alexander Zverev";1,95560588064155;4,41503749927884;-2,4594316186373;21,9;22,4;-0,5;188;198;-10;0,714285714285714;0,5;0,5;0,714285714285714;-0,214285714285714;10;7;5;5;5;2;2;5;-3;0;0;1
"812009";"2019-5014";"Shanghai Masters";"Hard";"64";"Masters";69;41;"Roger Federer";"R";185;"SUI";38,1;51;"David Goffin";"R";180;"BEL";28,8;"7-6(7) 6-4";3;"R16";114;8;1;83;60;43;13;11;2;3;2;3;89;49;29;26;11;3;5;3;7130;14;2190;7;6;NA;NA;NA;6;4;NA;NA;NA;2019-10-07;2019;"2019-5014:69";666;1;5,41503749927884;3,1926450779424;41;"Roger Federer";51;"David Goffin";5,41503749927884;3,1926450779424;2,22239242133645;38,1;28,8;9,3;185;180;5;0,666666666666667;0,6;0,666666666666667;0,6;0,0666666666666667;5;3;3;2;2;1;2;1;1;0;0;1
"812010";"2019-5014";"Shanghai Masters";"Hard";"64";"Masters";70;127;"Stefanos Tsitsipas";"R";193;"GRE";21,1;31;"Novak Djokovic";"R";188;"SRB";32,3;"3-6 7-5 6-3";3;"QF";122;11;3;82;59;49;11;15;0;1;8;2;86;64;45;16;15;5;7;7;3630;1;10365;3;7;6;NA;NA;6;5;3;NA;NA;2019-10-07;2019;"2019-5014:70";667;0;4,1926450779424;7;31;"Novak Djokovic";127;"Stefanos Tsitsipas";7;4,1926450779424;2,8073549220576;32,3;21,1;11,2;188;193;-5;0;0,714285714285714;0,714285714285714;0;0,714285714285714;7;1;5;0;2;1;1;2;-1;0;0;1
"812011";"2019-5014";"Shanghai Masters";"Hard";"64";"Masters";71;86;"Daniil Medvedev";"R";198;"RUS";23,6;42;"Fabio Fognini";"R";178;"ITA";32,3;"6-3 7-6(4)";3;"QF";86;12;2;60;46;42;7;11;0;0;3;5;68;41;31;12;10;3;4;4;4965;12;2280;6;7;NA;NA;NA;3;6;NA;NA;NA;2019-10-07;2019;"2019-5014:71";668;0;5;3,41503749927884;42;"Fabio Fognini";86;"Daniil Medvedev";3,41503749927884;5;-1,58496250072116;32,3;23,6;8,7;178;198;-20;1,5;0,75;0,75;1,5;-0,75;4;0;3;0;1;0;0;1;-1;0;0;1
"812012";"2019-5014";"Shanghai Masters";"Hard";"64";"Masters";72;9;"Matteo Berrettini";"R";196;"ITA";23,4;124;"Dominic Thiem";"R";185;"AUT";26;"7-6(8) 6-4";3;"QF";100;6;1;74;48;40;15;11;3;3;6;1;62;43;35;14;11;2;3;13;2221;5;4915;7;6;NA;NA;NA;6;4;NA;NA;NA;2019-10-07;2019;"2019-5014:72";669;1;3,29956028185891;4,67807190511264;9;"Matteo Berrettini";124;"Dominic Thiem";3,29956028185891;4,67807190511264;-1,37851162325373;23,4;26;-2,6;196;185;11;1;0,666666666666667;1;0,666666666666667;0,333333333333333;3;3;2;3;1;0;1;0;1;0;0;1
"812013";"2019-5014";"Shanghai Masters";"Hard";"64";"Masters";73;133;"Alexander Zverev";"R";198;"GER";22,4;41;"Roger Federer";"R";185;"SUI";38,1;"6-3 6-7(7) 6-3";3;"QF";124;17;1;90;70;54;12;16;1;3;3;0;92;59;38;19;14;4;8;6;4185;3;7130;6;6;6;NA;NA;3;7;3;NA;NA;2019-10-07;2019;"2019-5014:73";670;0;4,41503749927884;5,41503749927884;41;"Roger Federer";133;"Alexander Zverev";5,41503749927884;4,41503749927884;1;38,1;22,4;15,7;185;198;-13;0,333333333333333;0,5;0,5;0,333333333333333;0,166666666666667;8;3;4;1;4;2;2;4;-2;0;0;1
"812014";"2019-5014";"Shanghai Masters";"Hard";"64";"Masters";74;86;"Daniil Medvedev";"R";198;"RUS";23,6;127;"Stefanos Tsitsipas";"R";193;"GRE";21,1;"7-6(5) 7-5";3;"SF";96;6;1;67;43;36;16;12;4;5;9;3;74;49;40;11;12;1;3;4;4965;7;3630;7;7;NA;NA;NA;6;5;NA;NA;NA;2019-10-07;2019;"2019-5014:74";671;1;5;4,1926450779424;86;"Daniil Medvedev";127;"Stefanos Tsitsipas";5;4,1926450779424;0,807354922057604;23,6;21,1;2,5;198;193;5;0,8;0,333333333333333;0,8;0,333333333333333;0,466666666666667;3;5;1;4;2;1;2;1;1;0;0;1
"812015";"2019-5014";"Shanghai Masters";"Hard";"64";"Masters";75;133;"Alexander Zverev";"R";198;"GER";22,4;9;"Matteo Berrettini";"R";196;"ITA";23,4;"6-3 6-4";3;"SF";67;11;1;47;38;34;6;10;0;0;2;0;50;26;20;14;9;3;5;6;4185;13;2221;6;6;NA;NA;NA;3;4;NA;NA;NA;2019-10-07;2019;"2019-5014:75";672;0;4,41503749927884;3,29956028185891;9;"Matteo Berrettini";133;"Alexander Zverev";3,29956028185891;4,41503749927884;-1,11547721741994;23,4;22,4;1;196;198;-2;1,5;0,6;0,6;1,5;-0,9;5;0;3;0;2;0;0;2;-2;0;0;1
"812016";"2019-5014";"Shanghai Masters";"Hard";"64";"Masters";76;86;"Daniil Medvedev";"R";198;"RUS";23,6;133;"Alexander Zverev";"R";198;"GER";22,4;"6-4 6-1";3;"F";73;4;2;57;33;28;10;9;5;6;7;3;48;31;20;4;8;1;5;4;4965;6;4185;6;6;NA;NA;NA;4;1;NA;NA;NA;2019-10-07;2019;"2019-5014:76";673;1;5;4,41503749927884;86;"Daniil Medvedev";133;"Alexander Zverev";5;4,41503749927884;0,584962500721156;23,6;22,4;1,2;198;198;0;0,833333333333333;0,2;0,833333333333333;0,2;0,633333333333333;5;6;1;5;4;1;4;1;3;0;0;1
"813780";"2019-0352";"Paris Masters";"Hard";"64";"Masters";2;8;"Ricardas Berankis";"R";175;"LTU";29,3;87;"John Millman";"R";183;"AUS";30,3;"6-2 7-6(1)";3;"Q1";103;4;5;86;43;33;22;10;8;9;3;3;78;38;24;17;10;5;8;70;809;52;1016;6;7;NA;NA;NA;2;6;NA;NA;NA;2019-10-28;2019;"2019-0352:2";674;1;0,870716983055034;1,29956028185891;8;"Ricardas Berankis";87;"John Millman";0,870716983055034;1,29956028185891;-0,428843298803875;29,3;30,3;-1;175;183;-8;0,888888888888889;0,625;0,888888888888889;0,625;0,263888888888889;8;9;5;8;3;1;3;1;2;0;0;1
"813781";"2019-0352";"Paris Masters";"Hard";"64";"Masters";3;112;"Casper Ruud";"R";183;"NOR";20,8;132;"Mikael Ymer";"R";183;"SWE";21,1;"6-4 3-6 6-4";3;"Q1";124;7;3;85;49;33;16;14;6;10;6;7;99;65;42;15;15;10;15;63;931;73;765;6;3;6;NA;NA;4;6;4;NA;NA;2019-10-28;2019;"2019-0352:3";675;1;1,02272007650008;0,810175441119982;112;"Casper Ruud";132;"Mikael Ymer";1,02272007650008;0,810175441119982;0,212544635380101;20,8;21,1;-0,300000000000001;183;183;0;0,6;0,666666666666667;0,6;0,666666666666667;-0,0666666666666667;15;10;10;6;5;4;5;4;1;0;0;1
"813783";"2019-0352";"Paris Masters";"Hard";"64";"Masters";5;97;"Yoshihito Nishioka";"L";170;"JPN";24;81;"Feliciano Lopez";"L";188;"ESP";38,1;"6-7(2) 6-3 6-2";3;"Q1";122;6;1;103;63;50;20;15;6;6;12;5;85;46;38;20;14;6;9;72;787;58;958;6;6;6;NA;NA;7;3;2;NA;NA;2019-10-28;2019;"2019-0352:5";676;0;0,830074998557688;1,14201900487243;81;"Feliciano Lopez";97;"Yoshihito Nishioka";1,14201900487243;0,830074998557688;0,31194400631474;38,1;24;14,1;188;170;18;1;0,666666666666667;0,666666666666667;1;-0,333333333333333;9;6;6;6;3;0;0;3;-3;0;0;1
"813784";"2019-0352";"Paris Masters";"Hard";"64";"Masters";6;116;"Andreas Seppi";"R";190;"ITA";35,6;13;"Alexander Bublik";"R";196;"KAZ";22,3;"7-6(5) 7-5";3;"Q1";85;7;2;70;42;33;16;12;3;5;17;15;91;46;35;19;12;7;10;74;760;48;1030;7;7;NA;NA;NA;6;5;NA;NA;NA;2019-10-28;2019;"2019-0352:6";677;0;0,79054663437105;1,41503749927884;13;"Alexander Bublik";116;"Andreas Seppi";1,41503749927884;0,79054663437105;0,624490864907794;22,3;35,6;-13,3;196;190;6;0,6;0,7;0,7;0,6;0,1;10;5;7;3;3;2;2;3;-1;0;0;1
"813787";"2019-0352";"Paris Masters";"Hard";"64";"Masters";9;98;"Cameron Norrie";"L";188;"GBR";24,1;28;"Federico Delbonis";"L";190;"ARG";29;"6-3 7-6(4)";3;"Q1";102;4;1;55;32;25;16;10;1;2;4;5;96;57;33;19;11;6;9;57;960;79;694;6;7;NA;NA;NA;3;6;NA;NA;NA;2019-10-28;2019;"2019-0352:9";678;0;1,16710998583526;0,696219251822897;28;"Federico Delbonis";98;"Cameron Norrie";0,696219251822897;1,16710998583526;-0,470890734012362;29;24,1;4,9;190;188;2;0,5;0,666666666666667;0,666666666666667;0,5;0,166666666666667;9;2;6;1;3;1;1;3;-2;0;0;1
"813789";"2019-0352";"Paris Masters";"Hard";"64";"Masters";11;90;"Corentin Moutet";"L";178;"FRA";20,5;121;"Lorenzo Sonego";"R";191;"ITA";24,4;"3-6 6-3 6-0";3;"Q1";108;1;6;76;50;37;11;12;3;5;4;2;68;38;29;11;12;3;8;97;584;54;990;3;6;6;NA;NA;6;3;0;NA;NA;2019-10-28;2019;"2019-0352:11";679;1;0,400087157812872;1,24511249783653;90;"Corentin Moutet";121;"Lorenzo Sonego";0,400087157812872;1,24511249783653;-0,84502534002366;20,5;24,4;-3,9;178;191;-13;0,6;0,375;0,6;0,375;0,225;8;5;3;3;5;2;5;2;3;0;0;1
"813790";"2019-0352";"Paris Masters";"Hard";"64";"Masters";12;18;"Jeremy Chardy";"R";188;"FRA";32,7;108;"Albert Ramos";"L";188;"ESP";31,7;"6-4 6-4";3;"Q1";71;11;1;53;34;31;10;10;0;0;5;5;64;39;29;11;10;3;5;65;885;40;1130;6;6;NA;NA;NA;4;4;NA;NA;NA;2019-10-28;2019;"2019-0352:12";680;1;0,977632186971546;1,67807190511264;18;"Jeremy Chardy";108;"Albert Ramos";0,977632186971546;1,67807190511264;-0,700439718141092;32,7;31,7;1;188;188;0;1,5;0,6;1,5;0,6;0,9;5;0;3;0;2;0;2;0;2;0;0;1
"813791";"2019-0352";"Paris Masters";"Hard";"64";"Masters";13;8;"Ricardas Berankis";"R";175;"LTU";29,3;34;"Damir Dzumhur";"R";172;"BIH";27,4;"6-3 3-6 7-6(4)";3;"Q2";126;6;2;104;64;44;24;15;8;11;4;3;103;60;46;19;15;7;10;70;809;91;609;6;3;7;NA;NA;3;6;6;NA;NA;2019-10-28;2019;"2019-0352:13";681;1;0,870716983055034;0,492205359801304;8;"Ricardas Berankis";34;"Damir Dzumhur";0,870716983055034;0,492205359801304;0,37851162325373;29,3;27,4;1,9;175;172;3;0,727272727272727;0,7;0,727272727272727;0,7;0,0272727272727273;10;11;7;8;3;3;3;3;0;0;0;1
"813792";"2019-0352";"Paris Masters";"Hard";"64";"Masters";14;112;"Casper Ruud";"R";183;"NOR";20,8;49;"Hugo Gaston";"L";173;"FRA";19;"6-4 3-6 6-3";3;"Q2";102;6;2;79;50;38;21;14;3;4;6;0;81;55;41;14;14;2;4;63;931;266;170;6;3;6;NA;NA;4;6;3;NA;NA;2019-10-28;2019;"2019-0352:14";682;0;1,02272007650008;-1,05528243550119;49;"Hugo Gaston";112;"Casper Ruud";-1,05528243550119;1,02272007650008;-2,07800251200127;19;20,8;-1,8;173;183;-10;0,75;0,5;0,5;0,75;-0,25;4;4;2;3;2;1;1;2;-1;0;0;1
"813793";"2019-0352";"Paris Masters";"Hard";"64";"Masters";15;97;"Yoshihito Nishioka";"L";170;"JPN";24;116;"Andreas Seppi";"R";190;"ITA";35,6;"6-3 3-6 7-5";3;"Q2";119;5;0;89;53;40;19;15;3;5;12;5;94;54;40;21;15;5;8;72;787;74;760;6;3;7;NA;NA;3;6;5;NA;NA;2019-10-28;2019;"2019-0352:15";683;1;0,830074998557688;0,79054663437105;97;"Yoshihito Nishioka";116;"Andreas Seppi";0,830074998557688;0,79054663437105;0,039528364186638;24;35,6;-11,6;170;190;-20;0,6;0,625;0,6;0,625;-0,025;8;5;5;3;3;2;3;2;1;0;0;1
"813796";"2019-0352";"Paris Masters";"Hard";"64";"Masters";18;18;"Jeremy Chardy";"R";188;"FRA";32,7;90;"Corentin Moutet";"L";178;"FRA";20,5;"6-7(2) 7-6(3) 6-2";3;"Q2";166;14;2;114;71;49;21;16;6;9;3;7;124;88;53;19;16;15;20;65;885;97;584;6;7;6;NA;NA;7;6;2;NA;NA;2019-10-28;2019;"2019-0352:18";684;1;0,977632186971546;0,400087157812872;18;"Jeremy Chardy";90;"Corentin Moutet";0,977632186971546;0,400087157812872;0,577545029158673;32,7;20,5;12,2;188;178;10;0,666666666666667;0,75;0,666666666666667;0,75;-0,0833333333333334;20;9;15;6;5;3;5;3;2;0;0;1
"813797";"2019-0352";"Paris Masters";"Hard";"64";"Masters";19;90;"Corentin Moutet";"L";178;"FRA";20,5;80;"Dusan Lajovic";"R";180;"SRB";29,3;"6-4 1-6 6-3";3;"R64";103;1;4;78;56;40;11;13;1;3;2;1;72;47;35;15;13;0;2;97;584;34;1286;6;1;6;NA;NA;4;6;3;NA;NA;2019-10-28;2019;"2019-0352:19";685;0;0,400087157812872;1,91253715874966;80;"Dusan Lajovic";90;"Corentin Moutet";1,91253715874966;0,400087157812872;1,51245000093679;29,3;20,5;8,8;180;178;2;0,333333333333333;0;0;0,333333333333333;-0,333333333333333;2;3;0;1;2;2;2;2;0;0;0;1
"813798";"2019-0352";"Paris Masters";"Hard";"64";"Masters";20;36;"Kyle Edmund";"R";188;"GBR";24,8;8;"Ricardas Berankis";"R";175;"LTU";29,3;"6-4 6-3";3;"R64";80;8;1;59;31;27;14;10;1;2;4;2;63;35;23;15;9;4;7;75;710;70;809;6;6;NA;NA;NA;4;3;NA;NA;NA;2019-10-28;2019;"2019-0352:20";686;0;0,77118130950412;0,870716983055034;8;"Ricardas Berankis";36;"Kyle Edmund";0,870716983055034;0,77118130950412;0,0995356735509141;29,3;24,8;4,5;175;188;-13;0,5;0,571428571428571;0,571428571428571;0,5;0,0714285714285714;7;2;4;1;3;1;1;3;-2;0;0;1
"813799";"2019-0352";"Paris Masters";"Hard";"64";"Masters";21;26;"Alex De Minaur";"R";183;"AUS";20,6;30;"Laslo Djere";"R";188;"SRB";24,4;"6-1 6-4";3;"R64";67;3;3;49;30;25;7;9;0;2;4;1;49;29;19;5;8;1;6;18;1695;38;1161;6;6;NA;NA;NA;1;4;NA;NA;NA;2019-10-28;2019;"2019-0352:21";687;1;2,83007499855769;1,75207248655641;26;"Alex De Minaur";30;"Laslo Djere";2,83007499855769;1,75207248655641;1,07800251200127;20,6;24,4;-3,8;183;188;-5;0;0,166666666666667;0;0,166666666666667;-0,166666666666667;6;2;1;0;5;2;5;2;3;0;0;1
"813800";"2019-0352";"Paris Masters";"Hard";"64";"Masters";22;44;"Taylor Fritz";"R";193;"USA";21,9;126;"Frances Tiafoe";"R";188;"USA";21,7;"7-6(6) 3-6 6-4";3;"R64";122;10;0;91;56;45;19;15;2;4;8;3;97;63;51;17;16;2;4;33;1315;46;1085;7;3;6;NA;NA;6;6;4;NA;NA;2019-10-28;2019;"2019-0352:22";688;1;1,95560588064155;1,47643804394299;44;"Taylor Fritz";126;"Frances Tiafoe";1,95560588064155;1,47643804394299;0,47916783669856;21,9;21,7;0,199999999999999;193;188;5;0,5;0,5;0,5;0,5;0;4;4;2;2;2;2;2;2;0;0;0;1
"813801";"2019-0352";"Paris Masters";"Hard";"64";"Masters";23;18;"Jeremy Chardy";"R";188;"FRA";32,7;107;"Sam Querrey";"R";198;"USA";32;"5-7 6-3 7-5";3;"R64";127;15;2;109;68;55;17;16;2;3;22;6;108;74;57;13;17;4;7;65;885;47;1065;5;6;7;NA;NA;7;3;5;NA;NA;2019-10-28;2019;"2019-0352:23";689;1;0,977632186971546;1,44541114832236;18;"Jeremy Chardy";107;"Sam Querrey";0,977632186971546;1,44541114832236;-0,467778961350817;32,7;32;0,700000000000003;188;198;-10;0,666666666666667;0,571428571428571;0,666666666666667;0,571428571428571;0,0952380952380952;7;3;4;2;3;1;3;1;2;0;0;1
"813803";"2019-0352";"Paris Masters";"Hard";"64";"Masters";25;29;"Grigor Dimitrov";"R";188;"BUL";28,4;58;"Ugo Humbert";"L";188;"FRA";21,3;"4-6 6-1 6-2";3;"R64";97;9;3;66;41;35;13;13;1;3;6;3;76;46;32;11;12;4;9;27;1477;56;972;4;6;6;NA;NA;6;1;2;NA;NA;2019-10-28;2019;"2019-0352:25";690;1;2,24511249783653;1,1926450779424;29;"Grigor Dimitrov";58;"Ugo Humbert";2,24511249783653;1,1926450779424;1,05246741989414;28,4;21,3;7,1;188;188;0;0,333333333333333;0,444444444444444;0,333333333333333;0,444444444444444;-0,111111111111111;9;3;4;1;5;2;5;2;3;0;0;1
"813804";"2019-0352";"Paris Masters";"Hard";"64";"Masters";26;109;"Milos Raonic";"R";196;"CAN";28,8;98;"Cameron Norrie";"L";188;"GBR";24,1;"6-3 6-2";3;"R64";62;14;4;42;29;28;8;9;0;0;0;3;57;47;29;2;8;3;6;32;1350;57;960;6;6;NA;NA;NA;3;2;NA;NA;NA;2019-10-28;2019;"2019-0352:26";691;0;2;1,16710998583526;98;"Cameron Norrie";109;"Milos Raonic";1,16710998583526;2;-0,832890014164741;24,1;28,8;-4,7;188;196;-8;1,5;0,5;0,5;1,5;-1;6;0;3;0;3;0;0;3;-3;0;0;1
"813805";"2019-0352";"Paris Masters";"Hard";"64";"Masters";27;129;"Fernando Verdasco";"L";188;"ESP";35,9;22;"Borna Coric";"R";188;"CRO";22,9;"3-6 6-4 6-3";3;"R64";118;13;2;81;48;39;15;14;3;6;8;1;86;64;43;10;14;4;8;49;1025;25;1495;3;6;6;NA;NA;6;4;3;NA;NA;2019-10-28;2019;"2019-0352:27";692;0;1,38529015588479;2,35614381022528;22;"Borna Coric";129;"Fernando Verdasco";2,35614381022528;1,38529015588479;0,970853654340484;22,9;35,9;-13;188;188;0;0,5;0,5;0,5;0,5;0;8;6;4;3;4;3;3;4;-1;0;0;1
"813807";"2019-0352";"Paris Masters";"Hard";"64";"Masters";29;100;"Benoit Paire";"R";196;"FRA";30,4;34;"Damir Dzumhur";"R";172;"BIH";27,4;"7-5 6-4";3;"R64";86;8;8;88;45;38;16;11;11;12;1;0;64;51;31;8;11;4;7;23;1528;91;609;7;6;NA;NA;NA;5;4;NA;NA;NA;2019-10-28;2019;"2019-0352:29";693;0;2,47643804394299;0,492205359801304;34;"Damir Dzumhur";100;"Benoit Paire";0,492205359801304;2,47643804394299;-1,98423268414168;27,4;30,4;-3;172;196;-24;0,916666666666667;0,571428571428571;0,571428571428571;0,916666666666667;-0,345238095238095;7;12;4;11;3;1;1;3;-2;0;0;1
"813808";"2019-0352";"Paris Masters";"Hard";"64";"Masters";30;1;"Radu Albot";"R";175;"MDA";29,9;5;"Nikoloz Basilashvili";"R";185;"GEO";27,6;"6-3 6-2";3;"R64";72;2;0;61;39;29;10;9;5;6;3;3;55;34;18;9;8;4;8;50;1022;26;1485;6;6;NA;NA;NA;3;2;NA;NA;NA;2019-10-28;2019;"2019-0352:30";694;1;1,35614381022528;2,29956028185891;1;"Radu Albot";5;"Nikoloz Basilashvili";1,35614381022528;2,29956028185891;-0,943416471633633;29,9;27,6;2,3;175;185;-10;0,833333333333333;0,5;0,833333333333333;0,5;0,333333333333333;8;6;4;5;4;1;4;1;3;0;0;1
"813809";"2019-0352";"Paris Masters";"Hard";"64";"Masters";31;123;"Jan Lennard Struff";"R";193;"GER";29,5;97;"Yoshihito Nishioka";"L";170;"JPN";24;"4-6 7-5 6-2";3;"R64";119;20;2;107;67;51;17;15;7;9;1;2;82;53;36;16;15;1;5;36;1200;72;787;4;7;6;NA;NA;6;5;2;NA;NA;2019-10-28;2019;"2019-0352:31";695;0;1,83007499855769;0,830074998557688;97;"Yoshihito Nishioka";123;"Jan Lennard Struff";0,830074998557688;1,83007499855769;-1;24;29,5;-5,5;170;193;-23;0,777777777777778;0,2;0,2;0,777777777777778;-0,577777777777778;5;9;1;7;4;2;2;4;-2;0;0;1
"813811";"2019-0352";"Paris Masters";"Hard";"64";"Masters";33;19;"Marin Cilic";"R";198;"CRO";31;59;"Hubert Hurkacz";"R";196;"POL";22,7;"7-6(5) 6-4";3;"R64";97;9;2;69;42;36;15;11;1;1;6;4;78;51;37;14;11;7;8;24;1500;37;1198;7;6;NA;NA;NA;6;4;NA;NA;NA;2019-10-28;2019;"2019-0352:33";696;1;2,41503749927884;1,79054663437105;19;"Marin Cilic";59;"Hubert Hurkacz";2,41503749927884;1,79054663437105;0,624490864907794;31;22,7;8,3;198;196;2;1;0,875;1;0,875;0,125;8;1;7;1;1;0;1;0;1;0;0;1
"813812";"2019-0352";"Paris Masters";"Hard";"64";"Masters";34;82;"Adrian Mannarino";"L";183;"FRA";31,3;112;"Casper Ruud";"R";183;"NOR";20,8;"6-4 6-2";3;"R64";73;9;0;44;25;22;13;9;0;1;1;2;51;29;17;11;9;2;6;43;1111;63;931;6;6;NA;NA;NA;4;2;NA;NA;NA;2019-10-28;2019;"2019-0352:34";697;1;1,5737352452979;1,02272007650008;82;"Adrian Mannarino";112;"Casper Ruud";1,5737352452979;1,02272007650008;0,551015168797819;31,3;20,8;10,5;183;183;0;0;0,333333333333333;0;0,333333333333333;-0,333333333333333;6;1;2;0;4;1;4;1;3;0;0;1
"813813";"2019-0352";"Paris Masters";"Hard";"64";"Masters";35;31;"Novak Djokovic";"R";188;"SRB";32,4;90;"Corentin Moutet";"L";178;"FRA";20,5;"7-6(2) 6-4";3;"R32";106;4;3;76;52;37;14;11;4;6;1;3;77;55;33;10;11;4;7;1;9545;97;584;7;6;NA;NA;NA;6;4;NA;NA;NA;2019-10-28;2019;"2019-0352:35";698;1;7;0,400087157812872;31;"Novak Djokovic";90;"Corentin Moutet";7;0,400087157812872;6,59991284218713;32,4;20,5;11,9;188;178;10;0,666666666666667;0,571428571428571;0,666666666666667;0,571428571428571;0,0952380952380952;7;6;4;4;3;2;3;2;1;0;0;1
"813814";"2019-0352";"Paris Masters";"Hard";"64";"Masters";36;36;"Kyle Edmund";"R";188;"GBR";24,8;115;"Diego Schwartzman";"R";170;"ARG";27,1;"7-5 6-3";3;"R32";77;6;1;61;42;36;9;11;0;0;3;4;53;34;25;10;10;2;4;75;710;15;2205;7;6;NA;NA;NA;5;3;NA;NA;NA;2019-10-28;2019;"2019-0352:36";699;1;0,77118130950412;3,09310940439148;36;"Kyle Edmund";115;"Diego Schwartzman";0,77118130950412;3,09310940439148;-2,32192809488736;24,8;27,1;-2,3;188;170;18;1,5;0,5;1,5;0,5;1;4;0;2;0;2;0;2;0;2;0;0;1
"813815";"2019-0352";"Paris Masters";"Hard";"64";"Masters";37;26;"Alex De Minaur";"R";183;"AUS";20,6;6;"Roberto Bautista Agut";"R";183;"ESP";31,5;"7-6(2) 7-6(1)";3;"R32";139;8;4;93;50;40;22;12;4;6;4;1;84;53;35;16;12;2;4;18;1695;10;2575;7;7;NA;NA;NA;6;6;NA;NA;NA;2019-10-28;2019;"2019-0352:37";700;0;2,83007499855769;3,67807190511264;6;"Roberto Bautista Agut";26;"Alex De Minaur";3,67807190511264;2,83007499855769;0,84799690655495;31,5;20,6;10,9;183;183;0;0,666666666666667;0,5;0,5;0,666666666666667;-0,166666666666667;4;6;2;4;2;2;2;2;0;0;0;1
"813816";"2019-0352";"Paris Masters";"Hard";"64";"Masters";38;127;"Stefanos Tsitsipas";"R";193;"GRE";21,2;44;"Taylor Fritz";"R";193;"USA";21,9;"7-6(3) 6-3";3;"R32";73;13;1;60;38;35;14;11;0;0;5;0;57;36;28;14;10;1;2;7;3830;33;1315;7;6;NA;NA;NA;6;3;NA;NA;NA;2019-10-28;2019;"2019-0352:38";701;0;4,1926450779424;1,95560588064155;44;"Taylor Fritz";127;"Stefanos Tsitsipas";1,95560588064155;4,1926450779424;-2,23703919730085;21,9;21,2;0,699999999999999;193;193;0;1,5;0,5;0,5;1,5;-1;2;0;1;0;1;0;0;1;-1;0;0;1
"813817";"2019-0352";"Paris Masters";"Hard";"64";"Masters";39;18;"Jeremy Chardy";"R";188;"FRA";32,7;86;"Daniil Medvedev";"R";198;"RUS";23,7;"4-6 6-2 6-4";3;"R32";126;0;2;102;70;51;13;14;14;15;11;2;80;50;41;12;14;2;5;65;885;4;5740;4;6;6;NA;NA;6;2;4;NA;NA;2019-10-28;2019;"2019-0352:39";702;1;0,977632186971546;5;18;"Jeremy Chardy";86;"Daniil Medvedev";0,977632186971546;5;-4,02236781302845;32,7;23,7;9;188;198;-10;0,933333333333333;0,4;0,933333333333333;0,4;0,533333333333333;5;15;2;14;3;1;3;1;2;0;0;1
"813818";"2019-0352";"Paris Masters";"Hard";"64";"Masters";40;47;"Cristian Garin";"R";185;"CHI";23,4;60;"John Isner";"R";206;"USA";34,5;"7-6(5) 7-6(4)";3;"R32";93;6;2;76;45;37;22;12;5;6;25;1;70;38;34;19;12;0;1;42;1117;17;1850;7;7;NA;NA;NA;6;6;NA;NA;NA;2019-10-28;2019;"2019-0352:40";703;1;1,60768257722124;2,91253715874966;47;"Cristian Garin";60;"John Isner";1,60768257722124;2,91253715874966;-1,30485458152842;23,4;34,5;-11,1;185;206;-21;0,833333333333333;0;0,833333333333333;0;0,833333333333333;1;6;0;5;1;1;1;1;0;0;0;1
"813819";"2019-0352";"Paris Masters";"Hard";"64";"Masters";41;29;"Grigor Dimitrov";"R";188;"BUL";28,4;51;"David Goffin";"R";180;"BEL";28,8;"7-5 6-3";3;"R32";85;8;2;59;40;32;11;11;1;2;2;1;59;33;23;12;10;7;10;27;1477;14;2325;7;6;NA;NA;NA;5;3;NA;NA;NA;2019-10-28;2019;"2019-0352:41";704;1;2,24511249783653;3,1926450779424;29;"Grigor Dimitrov";51;"David Goffin";2,24511249783653;3,1926450779424;-0,947532580105864;28,4;28,8;-0,400000000000002;188;180;8;0,5;0,7;0,5;0,7;-0,2;10;2;7;1;3;1;3;1;2;0;0;1
"813820";"2019-0352";"Paris Masters";"Hard";"64";"Masters";42;124;"Dominic Thiem";"R";185;"AUT";26,1;109;"Milos Raonic";"R";196;"CAN";28,8;"7-6(5) 5-7 6-4";3;"R32";158;4;2;119;84;64;16;17;9;10;30;7;99;64;54;19;17;3;4;5;5495;32;1350;7;5;6;NA;NA;6;7;4;NA;NA;2019-10-28;2019;"2019-0352:42";705;0;4,67807190511264;2;109;"Milos Raonic";124;"Dominic Thiem";2;4,67807190511264;-2,67807190511264;28,8;26,1;2,7;196;185;11;0,9;0,75;0,75;0,9;-0,15;4;10;3;9;1;1;1;1;0;0;0;1
"813821";"2019-0352";"Paris Masters";"Hard";"64";"Masters";43;133;"Alexander Zverev";"R";198;"GER";22,5;129;"Fernando Verdasco";"L";188;"ESP";35,9;"6-1 6-3";3;"R32";56;9;1;38;30;26;7;8;2;2;3;3;50;29;17;10;8;3;7;6;4335;49;1025;6;6;NA;NA;NA;1;3;NA;NA;NA;2019-10-28;2019;"2019-0352:43";706;0;4,41503749927884;1,38529015588479;129;"Fernando Verdasco";133;"Alexander Zverev";1,38529015588479;4,41503749927884;-3,02974734339405;35,9;22,5;13,4;188;198;-10;1;0,428571428571429;0,428571428571429;1;-0,571428571428571;7;2;3;2;4;0;0;4;-4;0;0;1
"813822";"2019-0352";"Paris Masters";"Hard";"64";"Masters";44;117;"Denis Shapovalov";"L";185;"CAN";20,5;42;"Fabio Fognini";"R";178;"ITA";32,4;"3-6 6-3 6-3";3;"R32";102;14;3;78;43;33;19;13;4;6;2;5;81;47;28;22;14;3;7;28;1460;12;2370;3;6;6;NA;NA;6;3;3;NA;NA;2019-10-28;2019;"2019-0352:44";707;0;2,1926450779424;3,41503749927884;42;"Fabio Fognini";117;"Denis Shapovalov";3,41503749927884;2,1926450779424;1,22239242133645;32,4;20,5;11,9;178;185;-7;0,666666666666667;0,428571428571429;0,428571428571429;0,666666666666667;-0,238095238095238;7;6;3;4;4;2;2;4;-2;0;0;1
"813823";"2019-0352";"Paris Masters";"Hard";"64";"Masters";45;88;"Gael Monfils";"R";193;"FRA";33,1;100;"Benoit Paire";"R";196;"FRA";30,4;"6-4 7-6(4)";3;"R32";86;7;2;69;54;39;10;11;3;3;1;2;75;39;30;18;11;1;2;13;2350;23;1528;6;7;NA;NA;NA;4;6;NA;NA;NA;2019-10-28;2019;"2019-0352:45";708;1;3,29956028185891;2,47643804394299;88;"Gael Monfils";100;"Benoit Paire";3,29956028185891;2,47643804394299;0,823122237915921;33,1;30,4;2,7;193;196;-3;1;0,5;1;0,5;0,5;2;3;1;3;1;0;1;0;1;0;0;1
"813824";"2019-0352";"Paris Masters";"Hard";"64";"Masters";46;1;"Radu Albot";"R";175;"MDA";29,9;116;"Andreas Seppi";"R";190;"ITA";35,6;"7-6(5) 7-6(6)";3;"R32";113;11;1;76;53;42;11;12;1;3;7;4;89;47;32;26;12;2;4;50;1022;74;760;7;7;NA;NA;NA;6;6;NA;NA;NA;2019-10-28;2019;"2019-0352:46";709;1;1,35614381022528;0,79054663437105;1;"Radu Albot";116;"Andreas Seppi";1,35614381022528;0,79054663437105;0,565597175854226;29,9;35,6;-5,7;175;190;-15;0,333333333333333;0,5;0,333333333333333;0,5;-0,166666666666667;4;3;2;1;2;2;2;2;0;0;0;1
"813825";"2019-0352";"Paris Masters";"Hard";"64";"Masters";47;123;"Jan Lennard Struff";"R";193;"GER";29,5;67;"Karen Khachanov";"R";198;"RUS";23,4;"7-6(5) 3-6 7-5";3;"R32";120;17;3;86;57;48;17;16;0;2;17;3;96;63;50;18;17;1;3;36;1200;8;2830;7;3;7;NA;NA;6;6;5;NA;NA;2019-10-28;2019;"2019-0352:47";710;0;1,83007499855769;4;67;"Karen Khachanov";123;"Jan Lennard Struff";4;1,83007499855769;2,16992500144231;23,4;29,5;-6,1;198;193;5;0;0,333333333333333;0,333333333333333;0;0,333333333333333;3;2;1;0;2;2;2;2;0;0;0;1
"813827";"2019-0352";"Paris Masters";"Hard";"64";"Masters";49;130;"Stan Wawrinka";"R";183;"SUI";34,5;19;"Marin Cilic";"R";198;"CRO";31;"7-6(3) 7-6(5)";3;"R32";118;10;2;91;58;45;17;12;7;8;11;4;76;44;36;15;12;0;1;16;1910;24;1500;7;7;NA;NA;NA;6;6;NA;NA;NA;2019-10-28;2019;"2019-0352:49";711;0;3;2,41503749927884;19;"Marin Cilic";130;"Stan Wawrinka";2,41503749927884;3;-0,584962500721156;31;34,5;-3,5;198;183;15;0,875;0;0;0,875;-0,875;1;8;0;7;1;1;1;1;0;0;0;1
"813828";"2019-0352";"Paris Masters";"Hard";"64";"Masters";50;94;"Rafael Nadal";"L";185;"ESP";33,4;82;"Adrian Mannarino";"L";183;"FRA";31,3;"7-5 6-4";3;"R32";108;8;0;61;43;33;14;11;0;0;13;1;76;57;41;6;11;5;7;2;9225;43;1111;7;6;NA;NA;NA;5;4;NA;NA;NA;2019-10-28;2019;"2019-0352:50";712;0;6;1,5737352452979;82;"Adrian Mannarino";94;"Rafael Nadal";1,5737352452979;6;-4,4262647547021;31,3;33,4;-2,1;183;185;-2;1,5;0,714285714285714;0,714285714285714;1,5;-0,785714285714286;7;0;5;0;2;0;0;2;-2;0;0;1
"813829";"2019-0352";"Paris Masters";"Hard";"64";"Masters";51;31;"Novak Djokovic";"R";188;"SRB";32,4;36;"Kyle Edmund";"R";188;"GBR";24,8;"7-6(7) 6-1";3;"R16";82;6;1;54;36;32;10;9;0;0;4;2;63;36;22;14;10;2;5;1;9545;75;710;7;6;NA;NA;NA;6;1;NA;NA;NA;2019-10-28;2019;"2019-0352:51";713;1;7;0,77118130950412;31;"Novak Djokovic";36;"Kyle Edmund";7;0,77118130950412;6,22881869049588;32,4;24,8;7,6;188;188;0;1,5;0,4;1,5;0,4;1,1;5;0;2;0;3;0;3;0;3;0;0;1
"813830";"2019-0352";"Paris Masters";"Hard";"64";"Masters";52;127;"Stefanos Tsitsipas";"R";193;"GRE";21,2;26;"Alex De Minaur";"R";183;"AUS";20,6;"6-3 6-4";3;"R16";69;11;0;45;34;29;9;10;1;2;2;2;58;36;23;10;9;2;5;7;3830;18;1695;6;6;NA;NA;NA;3;4;NA;NA;NA;2019-10-28;2019;"2019-0352:52";714;0;4,1926450779424;2,83007499855769;26;"Alex De Minaur";127;"Stefanos Tsitsipas";2,83007499855769;4,1926450779424;-1,36257007938471;20,6;21,2;-0,599999999999998;183;193;-10;0,5;0,4;0,4;0,5;-0,1;5;2;2;1;3;1;1;3;-2;0;0;1
"813831";"2019-0352";"Paris Masters";"Hard";"64";"Masters";53;47;"Cristian Garin";"R";185;"CHI";23,4;18;"Jeremy Chardy";"R";188;"FRA";32,7;"6-7(4) 6-4 7-6(6)";3;"R16";144;13;1;99;73;59;15;17;2;3;21;3;107;62;50;26;17;5;7;42;1117;65;885;6;6;7;NA;NA;7;4;6;NA;NA;2019-10-28;2019;"2019-0352:53";715;0;1,60768257722124;0,977632186971546;18;"Jeremy Chardy";47;"Cristian Garin";0,977632186971546;1,60768257722124;-0,630050390249694;32,7;23,4;9,3;188;185;3;0,666666666666667;0,714285714285714;0,714285714285714;0,666666666666667;0,0476190476190477;7;3;5;2;2;1;1;2;-1;0;0;1
"813832";"2019-0352";"Paris Masters";"Hard";"64";"Masters";54;29;"Grigor Dimitrov";"R";188;"BUL";28,4;124;"Dominic Thiem";"R";185;"AUT";26,1;"6-3 6-2";3;"R16";72;2;1;48;32;28;10;9;0;0;3;0;53;36;23;8;8;4;7;27;1477;5;5495;6;6;NA;NA;NA;3;2;NA;NA;NA;2019-10-28;2019;"2019-0352:54";716;1;2,24511249783653;4,67807190511264;29;"Grigor Dimitrov";124;"Dominic Thiem";2,24511249783653;4,67807190511264;-2,43295940727611;28,4;26,1;2,3;188;185;3;1,5;0,571428571428571;1,5;0,571428571428571;0,928571428571429;7;0;4;0;3;0;3;0;3;0;0;1
"813833";"2019-0352";"Paris Masters";"Hard";"64";"Masters";55;117;"Denis Shapovalov";"L";185;"CAN";20,5;133;"Alexander Zverev";"R";198;"GER";22,5;"6-2 5-7 6-2";3;"R16";129;5;3;96;52;43;19;14;11;13;5;5;93;59;38;13;14;12;17;28;1460;6;4335;6;5;6;NA;NA;2;7;2;NA;NA;2019-10-28;2019;"2019-0352:55";717;1;2,1926450779424;4,41503749927884;117;"Denis Shapovalov";133;"Alexander Zverev";2,1926450779424;4,41503749927884;-2,22239242133645;20,5;22,5;-2;185;198;-13;0,846153846153846;0,705882352941177;0,846153846153846;0,705882352941177;0,14027149321267;17;13;12;11;5;2;5;2;3;0;0;1
"813834";"2019-0352";"Paris Masters";"Hard";"64";"Masters";56;88;"Gael Monfils";"R";193;"FRA";33,1;1;"Radu Albot";"R";175;"MDA";29,9;"4-6 6-4 6-1";3;"R16";107;12;0;86;52;41;16;14;7;9;1;2;76;58;37;8;13;2;6;13;2350;50;1022;4;6;6;NA;NA;6;4;1;NA;NA;2019-10-28;2019;"2019-0352:56";718;0;3,29956028185891;1,35614381022528;1;"Radu Albot";88;"Gael Monfils";1,35614381022528;3,29956028185891;-1,94341647163363;29,9;33,1;-3,2;175;193;-18;0,777777777777778;0,333333333333333;0,333333333333333;0,777777777777778;-0,444444444444444;6;9;2;7;4;2;2;4;-2;0;0;1
"813836";"2019-0352";"Paris Masters";"Hard";"64";"Masters";58;94;"Rafael Nadal";"L";185;"ESP";33,4;130;"Stan Wawrinka";"R";183;"SUI";34,5;"6-4 6-4";3;"R16";87;4;1;62;39;30;14;10;2;2;7;0;51;32;24;11;10;1;3;2;9225;16;1910;6;6;NA;NA;NA;4;4;NA;NA;NA;2019-10-28;2019;"2019-0352:58";719;1;6;3;94;"Rafael Nadal";130;"Stan Wawrinka";6;3;3;33,4;34,5;-1,1;185;183;2;1;0,333333333333333;1;0,333333333333333;0,666666666666667;3;2;1;2;2;0;2;0;2;0;0;1
"813837";"2019-0352";"Paris Masters";"Hard";"64";"Masters";59;31;"Novak Djokovic";"R";188;"SRB";32,4;127;"Stefanos Tsitsipas";"R";193;"GRE";21,2;"6-1 6-2";3;"QF";58;5;0;42;29;23;10;8;0;0;3;3;42;24;15;6;7;5;9;1;9545;7;3830;6;6;NA;NA;NA;1;2;NA;NA;NA;2019-10-28;2019;"2019-0352:59";720;1;7;4,1926450779424;31;"Novak Djokovic";127;"Stefanos Tsitsipas";7;4,1926450779424;2,8073549220576;32,4;21,2;11,2;188;193;-5;1,5;0,555555555555556;1,5;0,555555555555556;0,944444444444444;9;0;5;0;4;0;4;0;4;0;0;1
"813838";"2019-0352";"Paris Masters";"Hard";"64";"Masters";60;29;"Grigor Dimitrov";"R";188;"BUL";28,4;47;"Cristian Garin";"R";185;"CHI";23,4;"6-2 7-5";3;"QF";89;6;3;65;38;28;14;10;1;3;1;2;56;36;23;7;10;3;8;27;1477;42;1117;6;7;NA;NA;NA;2;5;NA;NA;NA;2019-10-28;2019;"2019-0352:60";721;1;2,24511249783653;1,60768257722124;29;"Grigor Dimitrov";47;"Cristian Garin";2,24511249783653;1,60768257722124;0,637429920615292;28,4;23,4;5;188;185;3;0,333333333333333;0,375;0,333333333333333;0,375;-0,0416666666666667;8;3;3;1;5;2;5;2;3;0;0;1
"813839";"2019-0352";"Paris Masters";"Hard";"64";"Masters";61;117;"Denis Shapovalov";"L";185;"CAN";20,5;88;"Gael Monfils";"R";193;"FRA";33,1;"6-2 6-2";3;"QF";59;5;0;39;25;23;9;8;0;0;3;3;56;33;18;11;8;1;5;28;1460;13;2350;6;6;NA;NA;NA;2;2;NA;NA;NA;2019-10-28;2019;"2019-0352:61";722;0;2,1926450779424;3,29956028185891;88;"Gael Monfils";117;"Denis Shapovalov";3,29956028185891;2,1926450779424;1,10691520391651;33,1;20,5;12,6;193;185;8;1,5;0,2;0,2;1,5;-1,3;5;0;1;0;4;0;0;4;-4;0;0;1
"813841";"2019-0352";"Paris Masters";"Hard";"64";"Masters";63;31;"Novak Djokovic";"R";188;"SRB";32,4;29;"Grigor Dimitrov";"R";188;"BUL";28,4;"7-6(5) 6-4";3;"SF";98;5;4;62;40;34;14;11;0;0;7;1;60;40;32;13;11;1;2;1;9545;27;1477;7;6;NA;NA;NA;6;4;NA;NA;NA;2019-10-28;2019;"2019-0352:63";723;0;7;2,24511249783653;29;"Grigor Dimitrov";31;"Novak Djokovic";2,24511249783653;7;-4,75488750216347;28,4;32,4;-4;188;188;0;1,5;0,5;0,5;1,5;-1;2;0;1;0;1;0;0;1;-1;0;0;1
"813843";"2019-0352";"Paris Masters";"Hard";"64";"Masters";65;31;"Novak Djokovic";"R";188;"SRB";32,4;117;"Denis Shapovalov";"L";185;"CAN";20,5;"6-3 6-4";3;"F";65;2;1;51;36;29;12;10;1;1;11;3;53;36;30;3;9;2;4;1;9545;28;1460;6;6;NA;NA;NA;3;4;NA;NA;NA;2019-10-28;2019;"2019-0352:65";724;1;7;2,1926450779424;31;"Novak Djokovic";117;"Denis Shapovalov";7;2,1926450779424;4,8073549220576;32,4;20,5;11,9;188;185;3;1;0,5;1;0,5;0,5;4;1;2;1;2;0;2;0;2;0;0;1
"821240";"2020-M024";"Cincinnati Masters";"Hard";"64";"Masters";1;118;"Gilles Simon";"R";183;"FRA";35,6;24;"Taro Daniel";"R";191;"JPN";27,5;"6-3 6-3";3;"Q1";76;5;2;48;28;23;11;9;1;2;1;4;59;34;24;9;9;3;7;54;935;112;511;6;6;NA;NA;NA;3;3;NA;NA;NA;2020-08-24;2020;"2020-M024:1";725;0;1,24511249783653;0,192645077942396;24;"Taro Daniel";118;"Gilles Simon";0,192645077942396;1,24511249783653;-1,05246741989414;27,5;35,6;-8,1;191;183;8;0,5;0,428571428571429;0,428571428571429;0,5;-0,0714285714285715;7;2;3;1;4;1;1;4;-3;0;0;1
"821242";"2020-M024";"Cincinnati Masters";"Hard";"64";"Masters";3;113;"Emil Ruusuvuori";"R";188;"FIN";21,3;18;"Jeremy Chardy";"R";188;"FRA";33,5;"6-0 6-4";3;"Q1";61;6;2;55;32;24;13;8;3;3;5;9;45;24;18;7;8;0;4;100;584;59;860;6;6;NA;NA;NA;0;4;NA;NA;NA;2020-08-24;2020;"2020-M024:3";726;0;0,356143810225276;1,11735695063816;18;"Jeremy Chardy";113;"Emil Ruusuvuori";1,11735695063816;0,356143810225276;0,761213140412883;33,5;21,3;12,2;188;188;0;1;0;0;1;-1;4;3;0;3;4;0;0;4;-4;0;0;1
"821243";"2020-M024";"Cincinnati Masters";"Hard";"64";"Masters";4;89;"Thiago Monteiro";"L";183;"BRA";26,2;21;"Federico Coria";"R";180;"ARG";28,4;"6-3 6-4";3;"Q1";69;3;2;57;39;30;11;10;0;1;3;2;51;26;18;12;9;3;6;82;699;103;569;6;6;NA;NA;NA;3;4;NA;NA;NA;2020-08-24;2020;"2020-M024:4";727;0;0,642447995381916;0,313499472816781;21;"Federico Coria";89;"Thiago Monteiro";0,313499472816781;0,642447995381916;-0,328948522565135;28,4;26,2;2,2;180;183;-3;0;0,5;0,5;0;0,5;6;1;3;0;3;1;1;3;-2;0;0;1
"821245";"2020-M024";"Cincinnati Masters";"Hard";"64";"Masters";6;8;"Ricardas Berankis";"R";175;"LTU";30,1;25;"Alejandro Davidovich Fokina";"R";183;"ESP";21,2;"6-3 6-4";3;"Q1";62;4;2;50;32;24;13;10;0;1;1;1;52;33;22;9;9;2;5;72;739;96;627;6;6;NA;NA;NA;3;4;NA;NA;NA;2020-08-24;2020;"2020-M024:6";728;1;0,830074998557688;0,415037499278844;8;"Ricardas Berankis";25;"Alejandro Davidovich Fokina";0,830074998557688;0,415037499278844;0,415037499278844;30,1;21,2;8,9;175;183;-8;0;0,4;0;0,4;-0,4;5;1;2;0;3;1;3;1;2;0;0;1
"821246";"2020-M024";"Cincinnati Masters";"Hard";"64";"Masters";7;7;"Aljaz Bedene";"R";181;"SLO";31,1;75;"Denis Kudla";"R";180;"USA";28;"6-4 7-5";3;"Q1";94;9;9;80;38;29;19;11;5;7;3;5;55;27;20;10;11;0;4;61;850;111;521;6;7;NA;NA;NA;4;5;NA;NA;NA;2020-08-24;2020;"2020-M024:7";729;1;1,06926266243711;0,205584133649894;7;"Aljaz Bedene";75;"Denis Kudla";1,06926266243711;0,205584133649894;0,86367852878722;31,1;28;3,1;181;180;1;0,714285714285714;0;0,714285714285714;0;0,714285714285714;4;7;0;5;4;2;4;2;2;0;0;1
"821250";"2020-M024";"Cincinnati Masters";"Hard";"64";"Masters";11;83;"Pedro Martinez";"R";185;"ESP";23,3;63;"Steve Johnson";"R";188;"USA";30,6;"6-3 6-7(4) 6-2";3;"Q1";145;1;7;89;57;43;18;14;4;4;17;5;119;67;47;20;15;5;9;105;537;63;825;6;6;6;NA;NA;3;7;2;NA;NA;2020-08-24;2020;"2020-M024:11";730;0;0,285754482333878;1,02272007650008;63;"Steve Johnson";83;"Pedro Martinez";1,02272007650008;0,285754482333878;0,736965594166206;30,6;23,3;7,3;188;185;3;1;0,555555555555556;0,555555555555556;1;-0,444444444444444;9;4;5;4;4;0;0;4;-4;0;0;1
"821251";"2020-M024";"Cincinnati Masters";"Hard";"64";"Masters";12;45;"Marton Fucsovics";"R";188;"HUN";28,5;95;"Brandon Nakashima";"R";185;"USA";19;"6-2 6-4";3;"Q1";85;3;3;73;38;27;20;9;6;6;3;1;46;28;17;13;9;1;4;84;692;220;229;6;6;NA;NA;NA;2;4;NA;NA;NA;2020-08-24;2020;"2020-M024:12";731;1;0,607682577221239;-0,78135971352466;45;"Marton Fucsovics";95;"Brandon Nakashima";0,607682577221239;-0,78135971352466;1,3890422907459;28,5;19;9,5;188;185;3;1;0,25;1;0,25;0,75;4;6;1;6;3;0;3;0;3;0;0;1
"821253";"2020-M024";"Cincinnati Masters";"Hard";"64";"Masters";14;16;"Salvatore Caruso";"R";185;"ITA";27,6;119;"Jannik Sinner";"R";188;"ITA";19;"5-7 6-4 6-2";3;"Q1";123;8;6;88;44;33;21;15;5;9;2;1;87;43;31;16;15;4;10;99;597;73;733;5;6;6;NA;NA;7;4;2;NA;NA;2020-08-24;2020;"2020-M024:14";732;1;0,370643379920391;0,810175441119982;16;"Salvatore Caruso";119;"Jannik Sinner";0,370643379920391;0,810175441119982;-0,439532061199592;27,6;19;8,6;185;188;-3;0,555555555555556;0,4;0,555555555555556;0,4;0,155555555555556;10;9;4;5;6;4;6;4;2;0;0;1
"821255";"2020-M024";"Cincinnati Masters";"Hard";"64";"Masters";16;98;"Cameron Norrie";"L";188;"GBR";25;76;"Mikhail Kukushkin";"R";183;"KAZ";32,6;"7-6(3) 6-2";3;"Q1";87;6;4;63;44;31;10;10;1;3;1;3;62;37;24;12;10;3;7;77;712;90;661;7;6;NA;NA;NA;6;2;NA;NA;NA;2020-08-24;2020;"2020-M024:16";733;0;0,733213459305099;0,508146903670325;76;"Mikhail Kukushkin";98;"Cameron Norrie";0,508146903670325;0,733213459305099;-0,225066555634774;32,6;25;7,6;183;188;-5;0,333333333333333;0,428571428571429;0,428571428571429;0,333333333333333;0,0952380952380952;7;3;3;1;4;2;2;4;-2;0;0;1
"821257";"2020-M024";"Cincinnati Masters";"Hard";"64";"Masters";18;50;"Marcos Giron";"R";180;"USA";27;30;"Laslo Djere";"R";188;"SRB";25,2;"6-2 6-2";3;"Q1";59;0;3;41;22;19;13;8;0;0;1;5;48;26;17;7;8;1;5;101;577;80;705;6;6;NA;NA;NA;2;2;NA;NA;NA;2020-08-24;2020;"2020-M024:18";734;0;0,341788517248205;0,678071905112637;30;"Laslo Djere";50;"Marcos Giron";0,678071905112637;0,341788517248205;0,336283387864432;25,2;27;-1,8;188;180;8;1,5;0,2;0,2;1,5;-1,3;5;0;1;0;4;0;0;4;-4;0;0;1
"821258";"2020-M024";"Cincinnati Masters";"Hard";"64";"Masters";19;56;"Lloyd Harris";"R";193;"RSA";23,4;132;"Mikael Ymer";"R";183;"SWE";21,9;"7-5 7-5";3;"Q1";110;12;4;74;42;32;19;12;4;6;2;4;71;46;30;12;12;3;7;97;616;69;759;7;7;NA;NA;NA;5;5;NA;NA;NA;2020-08-24;2020;"2020-M024:19";735;1;0,400087157812872;0,891475543221831;56;"Lloyd Harris";132;"Mikael Ymer";0,400087157812872;0,891475543221831;-0,491388385408959;23,4;21,9;1,5;193;183;10;0,666666666666667;0,428571428571429;0,666666666666667;0,428571428571429;0,238095238095238;7;6;3;4;4;2;4;2;2;0;0;1
"821261";"2020-M024";"Cincinnati Masters";"Hard";"64";"Masters";22;91;"Jaume Munar";"R";183;"ESP";23,3;28;"Federico Delbonis";"L";190;"ARG";29,8;"6-1 7-6(3)";3;"Q1";90;2;1;62;43;36;13;10;2;2;1;5;65;40;26;12;9;5;7;104;548;78;711;6;7;NA;NA;NA;1;6;NA;NA;NA;2020-08-24;2020;"2020-M024:22";736;0;0,299560281858908;0,714597781137751;28;"Federico Delbonis";91;"Jaume Munar";0,714597781137751;0,299560281858908;0,415037499278843;29,8;23,3;6,5;190;183;7;1;0,714285714285714;0,714285714285714;1;-0,285714285714286;7;2;5;2;2;0;0;2;-2;0;0;1
"821262";"2020-M024";"Cincinnati Masters";"Hard";"64";"Masters";23;77;"Soon Woo Kwon";"R";180;"KOR";22,7;116;"Andreas Seppi";"R";190;"ITA";36,5;"4-6 6-3 6-4";3;"Q1";141;5;4;95;54;36;23;15;4;7;4;6;88;45;34;18;14;1;5;71;742;88;671;4;6;6;NA;NA;6;3;4;NA;NA;2020-08-24;2020;"2020-M024:23";737;1;0,850252880495318;0,540568381362703;77;"Soon Woo Kwon";116;"Andreas Seppi";0,850252880495318;0,540568381362703;0,309684499132615;22,7;36,5;-13,8;180;190;-10;0,571428571428571;0,2;0,571428571428571;0,2;0,371428571428571;5;7;1;4;4;3;4;3;1;0;0;1
"821264";"2020-M024";"Cincinnati Masters";"Hard";"64";"Masters";25;72;"Sebastian Korda";"R";196;"USA";20,1;118;"Gilles Simon";"R";183;"FRA";35,6;"3-6 6-0 6-1";3;"Q2";91;8;2;60;36;33;10;11;5;6;3;3;66;35;21;13;11;3;8;225;220;54;935;3;6;6;NA;NA;6;0;1;NA;NA;2020-08-24;2020;"2020-M024:25";738;1;-0,813781191217037;1,24511249783653;72;"Sebastian Korda";118;"Gilles Simon";-0,813781191217037;1,24511249783653;-2,05889368905357;20,1;35,6;-15,5;196;183;13;0,833333333333333;0,375;0,833333333333333;0,375;0,458333333333333;8;6;3;5;5;1;5;1;4;0;0;1
"821268";"2020-M024";"Cincinnati Masters";"Hard";"64";"Masters";29;85;"Mackenzie Mcdonald";"R";178;"USA";25,3;69;"Dominik Koepfer";"L";180;"GER";26,3;"6-7(0) 7-5 7-6(5)";3;"Q2";155;9;5;118;72;52;25;18;6;9;10;7;115;72;50;23;18;6;10;269;172;91;643;6;7;7;NA;NA;7;5;6;NA;NA;2020-08-24;2020;"2020-M024:29";739;0;-1,07146236255662;0,492205359801304;69;"Dominik Koepfer";85;"Mackenzie Mcdonald";0,492205359801304;-1,07146236255662;1,56366772235793;26,3;25,3;1;180;178;2;0,666666666666667;0,6;0,6;0,666666666666667;-0,0666666666666667;10;9;6;6;4;3;3;4;-1;0;0;1
"821269";"2020-M024";"Cincinnati Masters";"Hard";"64";"Masters";30;45;"Marton Fucsovics";"R";188;"HUN";28,5;83;"Pedro Martinez";"R";185;"ESP";23,3;"6-1 6-2";3;"Q2";73;3;0;42;24;20;11;7;2;2;0;7;50;26;14;8;8;3;8;84;692;105;537;6;6;NA;NA;NA;1;2;NA;NA;NA;2020-08-24;2020;"2020-M024:30";740;1;0,607682577221239;0,285754482333878;45;"Marton Fucsovics";83;"Pedro Martinez";0,607682577221239;0,285754482333878;0,321928094887362;28,5;23,3;5,2;188;185;3;1;0,375;1;0,375;0,625;8;2;3;2;5;0;5;0;5;0;0;1
"821270";"2020-M024";"Cincinnati Masters";"Hard";"64";"Masters";31;16;"Salvatore Caruso";"R";185;"ITA";27,6;125;"Jordan Thompson";"R";183;"AUS";26,3;"6-4 6-4";3;"Q2";87;2;0;56;29;22;18;10;4;5;4;3;58;39;28;9;10;3;6;99;597;64;823;6;6;NA;NA;NA;4;4;NA;NA;NA;2020-08-24;2020;"2020-M024:31";741;1;0,370643379920391;1;16;"Salvatore Caruso";125;"Jordan Thompson";0,370643379920391;1;-0,62935662007961;27,6;26,3;1,3;185;183;2;0,8;0,5;0,8;0,5;0,3;6;5;3;4;3;1;3;1;2;0;0;1
"821274";"2020-M024";"Cincinnati Masters";"Hard";"64";"Masters";35;131;"J J Wolf";"R";183;"USA";21,6;91;"Jaume Munar";"R";183;"ESP";23,3;"2-6 6-2 6-4";3;"Q2";103;5;5;69;40;30;14;13;2;5;2;1;82;51;34;14;13;5;9;143;383;104;548;2;6;6;NA;NA;6;2;4;NA;NA;2020-08-24;2020;"2020-M024:35";742;0;-0,159871336778389;0,299560281858908;91;"Jaume Munar";131;"J J Wolf";0,299560281858908;-0,159871336778389;0,459431618637297;23,3;21,6;1,7;183;183;0;0,4;0,555555555555556;0,555555555555556;0,4;0,155555555555556;9;5;5;2;4;3;3;4;-1;0;0;1
"821275";"2020-M024";"Cincinnati Masters";"Hard";"64";"Masters";36;53;"Norbert Gombos";"R";193;"SVK";30;77;"Soon Woo Kwon";"R";180;"KOR";22,7;"7-6(4) 6-7(1) 6-4";3;"Q2";165;6;5;108;62;46;18;17;2;7;8;3;103;67;43;17;17;6;12;109;522;71;742;7;6;6;NA;NA;6;7;4;NA;NA;2020-08-24;2020;"2020-M024:36";743;1;0,231815675223074;0,850252880495318;53;"Norbert Gombos";77;"Soon Woo Kwon";0,231815675223074;0,850252880495318;-0,618437205272244;30;22,7;7,3;193;180;13;0,285714285714286;0,5;0,285714285714286;0,5;-0,214285714285714;12;7;6;2;6;5;6;5;1;0;0;1
"821276";"2020-M024";"Cincinnati Masters";"Hard";"64";"Masters";37;8;"Ricardas Berankis";"R";175;"LTU";30,1;101;"Tommy Paul";"R";185;"USA";23,2;"6-7(4) 6-4 7-5";3;"R64";151;1;5;102;64;48;21;17;2;4;6;6;111;52;34;34;17;6;10;72;739;57;894;6;6;7;NA;NA;7;4;5;NA;NA;2020-08-24;2020;"2020-M024:37";744;1;0,830074998557688;1,16710998583526;8;"Ricardas Berankis";101;"Tommy Paul";0,830074998557688;1,16710998583526;-0,337034987277571;30,1;23,2;6,9;175;185;-10;0,5;0,6;0,5;0,6;-0,1;10;4;6;2;4;2;4;2;2;0;0;1
"821277";"2020-M024";"Cincinnati Masters";"Hard";"64";"Masters";38;114;"Tennys Sandgren";"R";188;"USA";29;121;"Lorenzo Sonego";"R";191;"ITA";25,2;"6-3 7-6(7)";3;"R64";104;7;3;74;49;39;13;11;1;1;7;3;68;46;33;12;10;0;1;55;923;46;1030;6;7;NA;NA;NA;3;6;NA;NA;NA;2020-08-24;2020;"2020-M024:38";745;1;1,21864028647534;1,47643804394299;114;"Tennys Sandgren";121;"Lorenzo Sonego";1,21864028647534;1,47643804394299;-0,257797757467647;29;25,2;3,8;188;191;-3;1;0;1;0;1;1;1;0;1;1;0;1;0;1;0;0;1
"821278";"2020-M024";"Cincinnati Masters";"Hard";"64";"Masters";39;4;"Felix Auger Aliassime";"R";193;"CAN";20;5;"Nikoloz Basilashvili";"R";185;"GEO";28,5;"6-4 6-1";3;"R64";76;6;4;57;37;27;10;9;2;4;2;8;54;31;18;7;8;4;9;20;1771;27;1395;6;6;NA;NA;NA;4;1;NA;NA;NA;2020-08-24;2020;"2020-M024:39";746;1;2,67807190511264;2,24511249783653;4;"Felix Auger Aliassime";5;"Nikoloz Basilashvili";2,67807190511264;2,24511249783653;0,432959407276106;20;28,5;-8,5;193;185;8;0,5;0,444444444444444;0,5;0,444444444444444;0,0555555555555556;9;4;4;2;5;2;5;2;3;0;0;1
"821279";"2020-M024";"Cincinnati Masters";"Hard";"64";"Masters";40;117;"Denis Shapovalov";"L";185;"CAN";21,3;19;"Marin Cilic";"R";198;"CRO";31,9;"6-3 6-3";3;"R64";78;9;1;56;31;26;15;9;1;1;2;2;49;32;24;5;9;1;4;17;2075;37;1225;6;6;NA;NA;NA;3;3;NA;NA;NA;2020-08-24;2020;"2020-M024:40";747;0;2,91253715874966;1,79054663437105;19;"Marin Cilic";117;"Denis Shapovalov";1,79054663437105;2,91253715874966;-1,12199052437861;31,9;21,3;10,6;198;185;13;1;0,25;0,25;1;-0,75;4;1;1;1;3;0;0;3;-3;0;0;1
"821280";"2020-M024";"Cincinnati Masters";"Hard";"64";"Masters";41;123;"Jan Lennard Struff";"R";193;"GER";30,3;26;"Alex De Minaur";"R";183;"AUS";21,5;"6-2 6-4";3;"R64";81;4;6;59;32;25;15;9;2;2;7;4;57;31;25;8;9;4;7;34;1315;26;1485;6;6;NA;NA;NA;2;4;NA;NA;NA;2020-08-24;2020;"2020-M024:41";748;0;1,91253715874966;2,29956028185891;26;"Alex De Minaur";123;"Jan Lennard Struff";2,29956028185891;1,91253715874966;0,387023123109247;21,5;30,3;-8,8;183;193;-10;1;0,571428571428571;0,571428571428571;1;-0,428571428571429;7;2;4;2;3;0;0;3;-3;0;0;1
"821282";"2020-M024";"Cincinnati Masters";"Hard";"64";"Masters";43;50;"Marcos Giron";"R";180;"USA";27;85;"Mackenzie Mcdonald";"R";178;"USA";25,3;"7-6(2) 7-5";3;"R64";104;2;0;65;39;32;13;12;2;4;6;2;73;41;29;14;12;3;6;101;577;269;172;7;7;NA;NA;NA;6;5;NA;NA;NA;2020-08-24;2020;"2020-M024:43";749;1;0,341788517248205;-1,07146236255662;50;"Marcos Giron";85;"Mackenzie Mcdonald";0,341788517248205;-1,07146236255662;1,41325087980483;27;25,3;1,7;180;178;2;0,5;0,5;0,5;0,5;0;6;4;3;2;3;2;3;2;1;0;0;1
"821283";"2020-M024";"Cincinnati Masters";"Hard";"64";"Masters";44;44;"Taylor Fritz";"R";193;"USA";22,8;56;"Lloyd Harris";"R";193;"RSA";23,4;"6-1 6-3";3;"R64";52;9;1;39;22;22;10;8;0;0;1;1;42;26;14;8;8;1;5;24;1510;97;616;6;6;NA;NA;NA;1;3;NA;NA;NA;2020-08-24;2020;"2020-M024:44";750;1;2,41503749927884;0,400087157812872;44;"Taylor Fritz";56;"Lloyd Harris";2,41503749927884;0,400087157812872;2,01495034146597;22,8;23,4;-0,599999999999998;193;193;0;1,5;0,2;1,5;0,2;1,3;5;0;1;0;4;0;4;0;4;0;0;1
"821284";"2020-M024";"Cincinnati Masters";"Hard";"64";"Masters";45;7;"Aljaz Bedene";"R";181;"SLO";31,1;47;"Cristian Garin";"R";185;"CHI";24,2;"6-4 6-7(8) 6-0";3;"R64";170;17;13;106;63;51;13;14;8;12;8;14;124;64;41;22;14;9;17;61;850;18;1900;6;6;6;NA;NA;4;7;0;NA;NA;2020-08-24;2020;"2020-M024:45";751;1;1,06926266243711;2,83007499855769;7;"Aljaz Bedene";47;"Cristian Garin";1,06926266243711;2,83007499855769;-1,76081233612057;31,1;24,2;6,9;181;185;-4;0,666666666666667;0,529411764705882;0,666666666666667;0,529411764705882;0,137254901960784;17;12;9;8;8;4;8;4;4;0;0;1
"821285";"2020-M024";"Cincinnati Masters";"Hard";"64";"Masters";46;67;"Karen Khachanov";"R";198;"RUS";24,2;13;"Alexander Bublik";"R";196;"KAZ";23,1;"6-4 6-4";3;"R64";84;7;0;60;33;26;16;10;0;0;6;1;66;38;30;10;10;1;3;16;2120;51;965;6;6;NA;NA;NA;4;4;NA;NA;NA;2020-08-24;2020;"2020-M024:46";752;0;3;1,3275746580285;13;"Alexander Bublik";67;"Karen Khachanov";1,3275746580285;3;-1,6724253419715;23,1;24,2;-1,1;196;198;-2;1,5;0,333333333333333;0,333333333333333;1,5;-1,16666666666667;3;0;1;0;2;0;0;2;-2;0;0;1
"821286";"2020-M024";"Cincinnati Masters";"Hard";"64";"Masters";47;15;"Pablo Carreno Busta";"R";188;"ESP";29,1;80;"Dusan Lajovic";"R";180;"SRB";30,1;"7-5 6-1";3;"R64";88;5;6;73;45;32;15;10;6;7;2;2;52;30;20;8;9;2;6;25;1500;23;1695;7;6;NA;NA;NA;5;1;NA;NA;NA;2020-08-24;2020;"2020-M024:47";753;1;2,35614381022528;2,47643804394299;15;"Pablo Carreno Busta";80;"Dusan Lajovic";2,35614381022528;2,47643804394299;-0,120294233717711;29,1;30,1;-1;188;180;8;0,857142857142857;0,333333333333333;0,857142857142857;0,333333333333333;0,523809523809524;6;7;2;6;4;1;4;1;3;0;0;1
"821287";"2020-M024";"Cincinnati Masters";"Hard";"64";"Masters";48;48;"Richard Gasquet";"R";185;"FRA";34,1;131;"J J Wolf";"R";183;"USA";21,6;"6-4 6-4";3;"R64";83;8;2;56;31;24;16;10;3;5;7;6;58;27;21;12;10;1;5;50;985;143;383;6;6;NA;NA;NA;4;4;NA;NA;NA;2020-08-24;2020;"2020-M024:48";754;1;1,35614381022528;-0,159871336778389;48;"Richard Gasquet";131;"J J Wolf";1,35614381022528;-0,159871336778389;1,51601514700366;34,1;21,6;12,5;185;183;2;0,6;0,2;0,6;0,2;0,4;5;5;1;3;4;2;4;2;2;0;0;1
"821288";"2020-M024";"Cincinnati Masters";"Hard";"64";"Masters";49;113;"Emil Ruusuvuori";"R";188;"FIN";21,3;72;"Sebastian Korda";"R";196;"USA";20,1;"7-6(3) 4-6 7-5";3;"R64";127;9;4;95;62;46;19;17;4;8;15;3;97;69;51;11;17;2;6;100;584;225;220;7;4;7;NA;NA;6;6;5;NA;NA;2020-08-24;2020;"2020-M024:49";755;0;0,356143810225276;-0,813781191217037;72;"Sebastian Korda";113;"Emil Ruusuvuori";-0,813781191217037;0,356143810225276;-1,16992500144231;20,1;21,3;-1,2;196;188;8;0,5;0,333333333333333;0,333333333333333;0,5;-0,166666666666667;6;8;2;4;4;4;4;4;0;0;0;1
"821289";"2020-M024";"Cincinnati Masters";"Hard";"64";"Masters";50;99;"Reilly Opelka";"R";211;"USA";22,9;98;"Cameron Norrie";"L";188;"GBR";25;"6-3 6-4";3;"R64";80;18;3;64;41;30;15;10;2;2;3;2;49;31;22;12;9;2;4;39;1177;77;712;6;6;NA;NA;NA;3;4;NA;NA;NA;2020-08-24;2020;"2020-M024:50";756;0;1,71459778113775;0,733213459305099;98;"Cameron Norrie";99;"Reilly Opelka";0,733213459305099;1,71459778113775;-0,981384321832652;25;22,9;2,1;188;211;-23;1;0,5;0,5;1;-0,5;4;2;2;2;2;0;0;2;-2;0;0;1
"821290";"2020-M024";"Cincinnati Masters";"Hard";"64";"Masters";51;115;"Diego Schwartzman";"R";170;"ARG";28;112;"Casper Ruud";"R";183;"NOR";21,6;"7-6(2) 6-3";3;"R64";115;3;2;73;38;32;18;11;0;1;4;1;68;36;26;15;10;2;4;13;2265;36;1279;7;6;NA;NA;NA;6;3;NA;NA;NA;2020-08-24;2020;"2020-M024:51";757;0;3,29956028185891;1,83007499855769;112;"Casper Ruud";115;"Diego Schwartzman";1,83007499855769;3,29956028185891;-1,46948528330122;21,6;28;-6,4;183;170;13;0;0,5;0,5;0;0,5;4;1;2;0;2;1;1;2;-1;0;0;1
"821291";"2020-M024";"Cincinnati Masters";"Hard";"64";"Masters";52;60;"John Isner";"R";206;"USA";35,3;59;"Hubert Hurkacz";"R";196;"POL";23,5;"7-5 6-4";3;"R64";99;10;1;57;32;26;20;11;2;2;5;2;75;44;31;15;11;4;6;21;1760;29;1353;7;6;NA;NA;NA;5;4;NA;NA;NA;2020-08-24;2020;"2020-M024:52";758;0;2,60768257722124;2,14201900487243;59;"Hubert Hurkacz";60;"John Isner";2,14201900487243;2,60768257722124;-0,465663572348811;23,5;35,3;-11,8;196;206;-10;1;0,666666666666667;0,666666666666667;1;-0,333333333333333;6;2;4;2;2;0;0;2;-2;0;0;1
"821292";"2020-M024";"Cincinnati Masters";"Hard";"64";"Masters";53;87;"John Millman";"R";183;"AUS";31,1;82;"Adrian Mannarino";"L";183;"FRA";32,1;"4-6 6-4 7-6(2)";3;"R64";166;6;5;109;60;40;28;16;11;15;5;5;106;54;38;27;16;7;11;43;1071;38;1191;4;6;7;NA;NA;6;4;6;NA;NA;2020-08-24;2020;"2020-M024:53";759;0;1,5737352452979;1,75207248655641;82;"Adrian Mannarino";87;"John Millman";1,75207248655641;1,5737352452979;0,178337241258513;32,1;31,1;1;183;183;0;0,733333333333333;0,636363636363636;0,636363636363636;0,733333333333333;-0,0969696969696969;11;15;7;11;4;4;4;4;0;0;0;1
"821293";"2020-M024";"Cincinnati Masters";"Hard";"64";"Masters";54;3;"Kevin Anderson";"R";203;"RSA";34,2;36;"Kyle Edmund";"R";188;"GBR";25,6;"7-6(3) 4-6 6-3";3;"R64";178;20;7;105;62;50;19;16;7;10;8;7;98;52;38;24;15;5;8;124;445;44;1050;7;4;6;NA;NA;6;6;3;NA;NA;2020-08-24;2020;"2020-M024:54";760;1;0,0458036896131251;1,5405683813627;3;"Kevin Anderson";36;"Kyle Edmund";0,0458036896131251;1,5405683813627;-1,49476469174958;34,2;25,6;8,6;203;188;15;0,7;0,625;0,7;0,625;0,075;8;10;5;7;3;3;3;3;0;0;0;1
"821294";"2020-M024";"Cincinnati Masters";"Hard";"64";"Masters";55;92;"Andy Murray";"R";190;"GBR";33,2;126;"Frances Tiafoe";"R";188;"USA";22,5;"7-6(6) 3-6 6-1";3;"R64";148;8;1;86;46;36;26;14;1;2;4;2;88;60;43;16;14;3;5;134;412;81;700;7;3;6;NA;NA;6;6;1;NA;NA;2020-08-24;2020;"2020-M024:55";761;1;-0,0660891904577721;0,660149997115376;92;"Andy Murray";126;"Frances Tiafoe";-0,0660891904577721;0,660149997115376;-0,726239187573148;33,2;22,5;10,7;190;188;2;0,5;0,6;0,5;0,6;-0,1;5;2;3;1;2;1;2;1;1;0;0;1
"821295";"2020-M024";"Cincinnati Masters";"Hard";"64";"Masters";56;109;"Milos Raonic";"R";196;"CAN";29,6;107;"Sam Querrey";"R";198;"USA";32,8;"6-4 6-4";3;"R64";75;19;8;62;38;33;12;10;3;3;5;1;47;25;21;14;10;0;2;30;1350;45;1045;6;6;NA;NA;NA;4;4;NA;NA;NA;2020-08-24;2020;"2020-M024:56";762;0;2,09310940439148;1,50814690367033;107;"Sam Querrey";109;"Milos Raonic";1,50814690367033;2,09310940439148;-0,584962500721156;32,8;29,6;3,2;198;196;2;1;0;0;1;-1;2;3;0;3;2;0;0;2;-2;0;0;1
"821296";"2020-M024";"Cincinnati Masters";"Hard";"64";"Masters";57;39;"Daniel Evans";"R";175;"GBR";30,2;110;"Andrey Rublev";"R";188;"RUS";22,8;"7-5 3-6 6-2";3;"R64";152;2;7;86;42;27;22;14;5;9;6;3;100;59;43;14;15;12;18;28;1359;14;2234;7;3;6;NA;NA;5;6;2;NA;NA;2020-08-24;2020;"2020-M024:57";763;1;2,1926450779424;3,1926450779424;39;"Daniel Evans";110;"Andrey Rublev";2,1926450779424;3,1926450779424;-1;30,2;22,8;7,4;175;188;-13;0,555555555555556;0,666666666666667;0,555555555555556;0,666666666666667;-0,111111111111111;18;9;12;5;6;4;6;4;2;0;0;1
"821297";"2020-M024";"Cincinnati Masters";"Hard";"64";"Masters";58;29;"Grigor Dimitrov";"R";188;"BUL";29,2;58;"Ugo Humbert";"L";188;"FRA";22,1;"6-3 6-4";3;"R64";84;3;3;55;31;22;16;10;1;2;3;2;53;30;19;13;9;3;6;19;1850;42;1111;6;6;NA;NA;NA;3;4;NA;NA;NA;2020-08-24;2020;"2020-M024:58";764;1;2,75207248655641;1,60768257722124;29;"Grigor Dimitrov";58;"Ugo Humbert";2,75207248655641;1,60768257722124;1,14438990933518;29,2;22,1;7,1;188;188;0;0,5;0,5;0,5;0,5;0;6;2;3;1;3;1;3;1;2;0;0;1
"821298";"2020-M024";"Cincinnati Masters";"Hard";"64";"Masters";59;45;"Marton Fucsovics";"R";188;"HUN";28,5;53;"Norbert Gombos";"R";193;"SVK";30;"6-3 6-4";3;"R64";97;3;1;69;35;21;24;10;3;4;1;3;57;33;21;12;9;1;4;84;692;109;522;6;6;NA;NA;NA;3;4;NA;NA;NA;2020-08-24;2020;"2020-M024:59";765;1;0,607682577221239;0,231815675223074;45;"Marton Fucsovics";53;"Norbert Gombos";0,607682577221239;0,231815675223074;0,375866901998165;28,5;30;-1,5;188;193;-5;0,75;0,25;0,75;0,25;0,5;4;4;1;3;3;1;3;1;2;0;0;1
"821299";"2020-M024";"Cincinnati Masters";"Hard";"64";"Masters";60;73;"Filip Krajinovic";"R";185;"SRB";28,4;16;"Salvatore Caruso";"R";185;"ITA";27,6;"7-5 6-4";3;"R64";135;10;1;95;58;39;15;11;13;16;4;9;90;45;29;19;11;10;15;32;1343;99;597;7;6;NA;NA;NA;5;4;NA;NA;NA;2020-08-24;2020;"2020-M024:60";766;0;2;0,370643379920391;16;"Salvatore Caruso";73;"Filip Krajinovic";0,370643379920391;2;-1,62935662007961;27,6;28,4;-0,799999999999997;185;185;0;0,8125;0,666666666666667;0,666666666666667;0,8125;-0,145833333333333;15;16;10;13;5;3;3;5;-2;0;0;1
"821300";"2020-M024";"Cincinnati Masters";"Hard";"64";"Masters";61;31;"Novak Djokovic";"R";188;"SRB";33,2;8;"Ricardas Berankis";"R";175;"LTU";30,1;"7-6(2) 6-4";3;"R32";101;8;7;64;35;25;15;11;2;5;0;4;70;40;25;12;11;3;7;1;10220;72;739;7;6;NA;NA;NA;6;4;NA;NA;NA;2020-08-24;2020;"2020-M024:61";767;0;7;0,830074998557688;8;"Ricardas Berankis";31;"Novak Djokovic";0,830074998557688;7;-6,16992500144231;30,1;33,2;-3,1;175;188;-13;0,4;0,428571428571429;0,428571428571429;0,4;0,0285714285714285;7;5;3;2;4;3;3;4;-1;0;0;1
"821301";"2020-M024";"Cincinnati Masters";"Hard";"64";"Masters";62;114;"Tennys Sandgren";"R";188;"USA";29;4;"Felix Auger Aliassime";"R";193;"CAN";20;"6-7(4) 6-2 7-6(5)";3;"R32";170;6;4;106;60;42;29;16;4;6;2;15;116;67;48;23;16;9;13;55;923;20;1771;6;6;7;NA;NA;7;2;6;NA;NA;2020-08-24;2020;"2020-M024:62";768;0;1,21864028647534;2,67807190511264;4;"Felix Auger Aliassime";114;"Tennys Sandgren";2,67807190511264;1,21864028647534;1,4594316186373;20;29;-9;193;188;5;0,666666666666667;0,692307692307692;0,692307692307692;0,666666666666667;0,0256410256410257;13;6;9;4;4;2;2;4;-2;0;0;1
"821302";"2020-M024";"Cincinnati Masters";"Hard";"64";"Masters";63;123;"Jan Lennard Struff";"R";193;"GER";30,3;117;"Denis Shapovalov";"L";185;"CAN";21,3;"7-6(4) 3-6 6-4";3;"R32";139;5;3;92;47;38;26;15;4;6;8;4;94;58;44;21;16;3;5;34;1315;17;2075;7;3;6;NA;NA;6;6;4;NA;NA;2020-08-24;2020;"2020-M024:63";769;0;1,91253715874966;2,91253715874966;117;"Denis Shapovalov";123;"Jan Lennard Struff";2,91253715874966;1,91253715874966;1;21,3;30,3;-9;185;193;-8;0,666666666666667;0,6;0,6;0,666666666666667;-0,0666666666666667;5;6;3;4;2;2;2;2;0;0;0;1
"821303";"2020-M024";"Cincinnati Masters";"Hard";"64";"Masters";64;51;"David Goffin";"R";180;"BEL";29,7;22;"Borna Coric";"R";188;"CRO";23,7;"7-6(6) 6-4";3;"R32";109;8;5;68;37;27;18;11;2;4;6;2;72;45;25;18;11;4;7;10;2555;33;1320;7;6;NA;NA;NA;6;4;NA;NA;NA;2020-08-24;2020;"2020-M024:64";770;0;3,67807190511264;1,95560588064155;22;"Borna Coric";51;"David Goffin";1,95560588064155;3,67807190511264;-1,72246602447109;23,7;29,7;-6;188;180;8;0,5;0,571428571428571;0,571428571428571;0,5;0,0714285714285714;7;4;4;2;3;2;2;3;-1;0;0;1
"821304";"2020-M024";"Cincinnati Masters";"Hard";"64";"Masters";65;86;"Daniil Medvedev";"R";198;"RUS";24,5;50;"Marcos Giron";"R";180;"USA";27;"6-4 6-4";3;"R32";89;8;3;56;37;34;8;10;3;3;2;2;76;43;30;16;10;6;8;5;5890;101;577;6;6;NA;NA;NA;4;4;NA;NA;NA;2020-08-24;2020;"2020-M024:65";771;0;4,67807190511264;0,341788517248205;50;"Marcos Giron";86;"Daniil Medvedev";0,341788517248205;4,67807190511264;-4,33628338786443;27;24,5;2,5;180;198;-18;1;0,75;0,75;1;-0,25;8;3;6;3;2;0;0;2;-2;0;0;1
"821305";"2020-M024";"Cincinnati Masters";"Hard";"64";"Masters";66;7;"Aljaz Bedene";"R";181;"SLO";31,1;44;"Taylor Fritz";"R";193;"USA";22,8;"7-6(5) 7-5";3;"R32";104;11;3;77;43;36;17;12;3;4;10;1;71;45;33;16;12;4;6;61;850;24;1510;7;7;NA;NA;NA;6;5;NA;NA;NA;2020-08-24;2020;"2020-M024:66";772;1;1,06926266243711;2,41503749927884;7;"Aljaz Bedene";44;"Taylor Fritz";1,06926266243711;2,41503749927884;-1,34577483684173;31,1;22,8;8,3;181;193;-12;0,75;0,666666666666667;0,75;0,666666666666667;0,0833333333333334;6;4;4;3;2;1;2;1;1;0;0;1
"821306";"2020-M024";"Cincinnati Masters";"Hard";"64";"Masters";67;67;"Karen Khachanov";"R";198;"RUS";24,2;15;"Pablo Carreno Busta";"R";188;"ESP";29,1;"7-6(8) 6-1";3;"R32";83;8;1;55;28;24;18;9;0;0;6;0;68;45;29;12;10;1;4;16;2120;25;1500;7;6;NA;NA;NA;6;1;NA;NA;NA;2020-08-24;2020;"2020-M024:67";773;0;3;2,35614381022528;15;"Pablo Carreno Busta";67;"Karen Khachanov";2,35614381022528;3;-0,643856189774724;29,1;24,2;4,9;188;198;-10;1,5;0,25;0,25;1,5;-1,25;4;0;1;0;3;0;0;3;-3;0;0;1
"821307";"2020-M024";"Cincinnati Masters";"Hard";"64";"Masters";68;6;"Roberto Bautista Agut";"R";183;"ESP";32,3;48;"Richard Gasquet";"R";185;"FRA";34,1;"7-5 6-1";3;"R32";85;8;0;51;33;25;14;10;2;3;2;1;58;33;21;11;9;4;8;12;2360;50;985;7;6;NA;NA;NA;5;1;NA;NA;NA;2020-08-24;2020;"2020-M024:68";774;1;3,41503749927884;1,35614381022528;6;"Roberto Bautista Agut";48;"Richard Gasquet";3,41503749927884;1,35614381022528;2,05889368905357;32,3;34,1;-1,8;183;185;-2;0,666666666666667;0,5;0,666666666666667;0,5;0,166666666666667;8;3;4;2;4;1;4;1;3;0;0;1
"821308";"2020-M024";"Cincinnati Masters";"Hard";"64";"Masters";69;9;"Matteo Berrettini";"R";196;"ITA";24,3;113;"Emil Ruusuvuori";"R";188;"FIN";21,3;"6-4 6-7(3) 7-5";3;"R32";160;15;3;98;54;45;26;17;3;4;5;7;126;77;56;23;17;12;15;8;2860;100;584;6;6;7;NA;NA;4;7;5;NA;NA;2020-08-24;2020;"2020-M024:69";775;1;4;0,356143810225276;9;"Matteo Berrettini";113;"Emil Ruusuvuori";4;0,356143810225276;3,64385618977472;24,3;21,3;3;196;188;8;0,75;0,8;0,75;0,8;-0,05;15;4;12;3;3;1;3;1;2;0;0;1
"821309";"2020-M024";"Cincinnati Masters";"Hard";"64";"Masters";70;99;"Reilly Opelka";"R";211;"USA";22,9;115;"Diego Schwartzman";"R";170;"ARG";28;"6-3 7-6(4)";3;"R32";102;13;6;77;41;33;16;11;5;7;2;4;66;40;31;11;10;1;4;39;1177;13;2265;6;7;NA;NA;NA;3;6;NA;NA;NA;2020-08-24;2020;"2020-M024:70";776;1;1,71459778113775;3,29956028185891;99;"Reilly Opelka";115;"Diego Schwartzman";1,71459778113775;3,29956028185891;-1,58496250072116;22,9;28;-5,1;211;170;41;0,714285714285714;0,25;0,714285714285714;0,25;0,464285714285714;4;7;1;5;3;2;3;2;1;0;0;1
"821310";"2020-M024";"Cincinnati Masters";"Hard";"64";"Masters";71;60;"John Isner";"R";206;"USA";35,3;87;"John Millman";"R";183;"AUS";31,1;"4-6 7-6(3) 7-6(5)";3;"R32";167;35;6;117;84;67;18;17;5;6;6;3;102;47;40;38;17;4;4;21;1760;43;1071;4;7;7;NA;NA;6;6;6;NA;NA;2020-08-24;2020;"2020-M024:71";777;1;2,60768257722124;1,5737352452979;60;"John Isner";87;"John Millman";2,60768257722124;1,5737352452979;1,03394733192334;35,3;31,1;4,2;206;183;23;0,833333333333333;1;0,833333333333333;1;-0,166666666666667;4;6;4;5;0;1;0;1;-1;0;0;1
"821311";"2020-M024";"Cincinnati Masters";"Hard";"64";"Masters";72;127;"Stefanos Tsitsipas";"R";193;"GRE";22;3;"Kevin Anderson";"R";203;"RSA";34,2;"6-1 6-3";3;"R32";68;3;3;52;32;25;11;8;3;3;1;4;49;30;18;7;8;2;6;6;4745;124;445;6;6;NA;NA;NA;1;3;NA;NA;NA;2020-08-24;2020;"2020-M024:72";778;0;4,41503749927884;0,0458036896131251;3;"Kevin Anderson";127;"Stefanos Tsitsipas";0,0458036896131251;4,41503749927884;-4,36923380966572;34,2;22;12,2;203;193;10;1;0,333333333333333;0,333333333333333;1;-0,666666666666667;6;3;2;3;4;0;0;4;-4;0;0;1
"821312";"2020-M024";"Cincinnati Masters";"Hard";"64";"Masters";73;92;"Andy Murray";"R";190;"GBR";33,2;133;"Alexander Zverev";"R";198;"GER";23,3;"6-3 3-6 7-5";3;"R32";151;2;4;93;49;30;28;15;8;11;10;11;93;49;36;20;15;4;8;134;412;7;3630;6;3;7;NA;NA;3;6;5;NA;NA;2020-08-24;2020;"2020-M024:73";779;1;-0,0660891904577721;4,1926450779424;92;"Andy Murray";133;"Alexander Zverev";-0,0660891904577721;4,1926450779424;-4,25873426840017;33,2;23,3;9,9;190;198;-8;0,727272727272727;0,5;0,727272727272727;0,5;0,227272727272727;8;11;4;8;4;3;4;3;1;0;0;1
"821313";"2020-M024";"Cincinnati Masters";"Hard";"64";"Masters";74;109;"Milos Raonic";"R";196;"CAN";29,6;39;"Daniel Evans";"R";175;"GBR";30,2;"6-3 7-5";3;"R32";96;23;5;58;37;33;11;11;0;0;5;3;67;31;22;19;10;2;4;30;1350;28;1359;6;7;NA;NA;NA;3;5;NA;NA;NA;2020-08-24;2020;"2020-M024:74";780;0;2,09310940439148;2,1926450779424;39;"Daniel Evans";109;"Milos Raonic";2,1926450779424;2,09310940439148;0,099535673550915;30,2;29,6;0,599999999999998;175;196;-21;1,5;0,5;0,5;1,5;-1;4;0;2;0;2;0;0;2;-2;0;0;1
"821314";"2020-M024";"Cincinnati Masters";"Hard";"64";"Masters";75;45;"Marton Fucsovics";"R";188;"HUN";28,5;29;"Grigor Dimitrov";"R";188;"BUL";29,2;"7-5 4-6 6-2";3;"R32";144;5;3;87;46;32;18;15;5;10;4;6;98;56;35;17;15;6;13;84;692;19;1850;7;4;6;NA;NA;5;6;2;NA;NA;2020-08-24;2020;"2020-M024:75";781;0;0,607682577221239;2,75207248655641;29;"Grigor Dimitrov";45;"Marton Fucsovics";2,75207248655641;0,607682577221239;2,14438990933518;29,2;28,5;0,699999999999999;188;188;0;0,5;0,461538461538462;0,461538461538462;0,5;-0,0384615384615384;13;10;6;5;7;5;5;7;-2;0;0;1
"821315";"2020-M024";"Cincinnati Masters";"Hard";"64";"Masters";76;73;"Filip Krajinovic";"R";185;"SRB";28,4;124;"Dominic Thiem";"R";185;"AUT";26,9;"6-2 6-1";3;"R32";61;5;0;34;22;20;12;8;0;0;1;3;59;33;18;10;7;3;7;32;1343;3;7045;6;6;NA;NA;NA;2;1;NA;NA;NA;2020-08-24;2020;"2020-M024:76";782;1;2;5,41503749927884;73;"Filip Krajinovic";124;"Dominic Thiem";2;5,41503749927884;-3,41503749927884;28,4;26,9;1,5;185;185;0;1,5;0,428571428571429;1,5;0,428571428571429;1,07142857142857;7;0;3;0;4;0;4;0;4;0;0;1
"821316";"2020-M024";"Cincinnati Masters";"Hard";"64";"Masters";77;31;"Novak Djokovic";"R";188;"SRB";33,2;114;"Tennys Sandgren";"R";188;"USA";29;"6-2 6-4";3;"R16";88;2;4;55;31;26;15;9;4;4;7;3;73;42;32;10;9;6;9;1;10220;55;923;6;6;NA;NA;NA;2;4;NA;NA;NA;2020-08-24;2020;"2020-M024:77";783;1;7;1,21864028647534;31;"Novak Djokovic";114;"Tennys Sandgren";7;1,21864028647534;5,78135971352466;33,2;29;4,2;188;188;0;1;0,666666666666667;1;0,666666666666667;0,333333333333333;9;4;6;4;3;0;3;0;3;0;0;1
"821317";"2020-M024";"Cincinnati Masters";"Hard";"64";"Masters";78;123;"Jan Lennard Struff";"R";193;"GER";30,3;51;"David Goffin";"R";180;"BEL";29,7;"6-4 3-6 6-4";3;"R16";129;12;2;84;45;34;16;14;4;8;6;6;107;70;45;15;15;8;13;34;1315;10;2555;6;3;6;NA;NA;4;6;4;NA;NA;2020-08-24;2020;"2020-M024:78";784;0;1,91253715874966;3,67807190511264;51;"David Goffin";123;"Jan Lennard Struff";3,67807190511264;1,91253715874966;1,76553474636298;29,7;30,3;-0,600000000000001;180;193;-13;0,5;0,615384615384615;0,615384615384615;0,5;0,115384615384615;13;8;8;4;5;4;4;5;-1;0;0;1
"821318";"2020-M024";"Cincinnati Masters";"Hard";"64";"Masters";79;86;"Daniil Medvedev";"R";198;"RUS";24,5;7;"Aljaz Bedene";"R";181;"SLO";31,1;"6-3 6-3";3;"R16";68;6;0;46;27;24;13;9;0;0;6;1;49;35;25;3;9;1;4;5;5890;61;850;6;6;NA;NA;NA;3;3;NA;NA;NA;2020-08-24;2020;"2020-M024:79";785;0;4,67807190511264;1,06926266243711;7;"Aljaz Bedene";86;"Daniil Medvedev";1,06926266243711;4,67807190511264;-3,60880924267552;31,1;24,5;6,6;181;198;-17;1,5;0,25;0,25;1,5;-1,25;4;0;1;0;3;0;0;3;-3;0;0;1
"821319";"2020-M024";"Cincinnati Masters";"Hard";"64";"Masters";80;6;"Roberto Bautista Agut";"R";183;"ESP";32,3;67;"Karen Khachanov";"R";198;"RUS";24,2;"4-6 6-3 6-2";3;"R16";126;3;7;87;56;49;9;14;2;3;10;3;83;49;33;16;13;5;8;12;2360;16;2120;4;6;6;NA;NA;6;3;2;NA;NA;2020-08-24;2020;"2020-M024:80";786;1;3,41503749927884;3;6;"Roberto Bautista Agut";67;"Karen Khachanov";3,41503749927884;3;0,415037499278844;32,3;24,2;8,1;183;198;-15;0,666666666666667;0,625;0,666666666666667;0,625;0,0416666666666666;8;3;5;2;3;1;3;1;2;0;0;1
"821320";"2020-M024";"Cincinnati Masters";"Hard";"64";"Masters";81;99;"Reilly Opelka";"R";211;"USA";22,9;9;"Matteo Berrettini";"R";196;"ITA";24,3;"6-3 7-6(4)";3;"R16";75;19;1;58;35;33;16;11;0;0;7;3;53;34;28;12;10;0;1;39;1177;8;2860;6;7;NA;NA;NA;3;6;NA;NA;NA;2020-08-24;2020;"2020-M024:81";787;0;1,71459778113775;4;9;"Matteo Berrettini";99;"Reilly Opelka";4;1,71459778113775;2,28540221886225;24,3;22,9;1,4;196;211;-15;1,5;0;0;1,5;-1,5;1;0;0;0;1;0;0;1;-1;0;0;1
"821321";"2020-M024";"Cincinnati Masters";"Hard";"64";"Masters";82;127;"Stefanos Tsitsipas";"R";193;"GRE";22;60;"John Isner";"R";206;"USA";35,3;"7-6(2) 7-6(4)";3;"R16";102;10;2;78;45;38;23;12;2;2;11;4;80;52;41;17;12;2;2;6;4745;21;1760;7;7;NA;NA;NA;6;6;NA;NA;NA;2020-08-24;2020;"2020-M024:82";788;0;4,41503749927884;2,60768257722124;60;"John Isner";127;"Stefanos Tsitsipas";2,60768257722124;4,41503749927884;-1,8073549220576;35,3;22;13,3;206;193;13;1;1;1;1;0;2;2;2;2;0;0;0;0;0;0;0;1
"821322";"2020-M024";"Cincinnati Masters";"Hard";"64";"Masters";83;109;"Milos Raonic";"R";196;"CAN";29,6;92;"Andy Murray";"R";190;"GBR";33,2;"6-2 6-2";3;"R16";88;10;2;47;25;22;12;8;2;2;5;1;60;32;21;10;8;3;7;30;1350;134;412;6;6;NA;NA;NA;2;2;NA;NA;NA;2020-08-24;2020;"2020-M024:83";789;0;2,09310940439148;-0,0660891904577721;92;"Andy Murray";109;"Milos Raonic";-0,0660891904577721;2,09310940439148;-2,15919859484925;33,2;29,6;3,6;190;196;-6;1;0,428571428571429;0,428571428571429;1;-0,571428571428571;7;2;3;2;4;0;0;4;-4;0;0;1
"821323";"2020-M024";"Cincinnati Masters";"Hard";"64";"Masters";84;73;"Filip Krajinovic";"R";185;"SRB";28,4;45;"Marton Fucsovics";"R";188;"HUN";28,5;"6-2 6-1";3;"R16";63;5;3;47;27;19;11;8;0;2;0;3;36;19;2;8;7;1;7;32;1343;84;692;6;6;NA;NA;NA;2;1;NA;NA;NA;2020-08-24;2020;"2020-M024:84";790;0;2;0,607682577221239;45;"Marton Fucsovics";73;"Filip Krajinovic";0,607682577221239;2;-1,39231742277876;28,5;28,4;0,100000000000001;188;185;3;0;0,142857142857143;0,142857142857143;0;0,142857142857143;7;2;1;0;6;2;2;6;-4;0;0;1
"821324";"2020-M024";"Cincinnati Masters";"Hard";"64";"Masters";85;31;"Novak Djokovic";"R";188;"SRB";33,2;123;"Jan Lennard Struff";"R";193;"GER";30,3;"6-3 6-1";3;"QF";62;5;3;48;33;24;9;8;2;3;5;8;46;18;12;8;8;4;9;1;10220;34;1315;6;6;NA;NA;NA;3;1;NA;NA;NA;2020-08-24;2020;"2020-M024:85";791;1;7;1,91253715874966;31;"Novak Djokovic";123;"Jan Lennard Struff";7;1,91253715874966;5,08746284125034;33,2;30,3;2,9;188;193;-5;0,666666666666667;0,444444444444444;0,666666666666667;0,444444444444444;0,222222222222222;9;3;4;2;5;1;5;1;4;0;0;1
"821325";"2020-M024";"Cincinnati Masters";"Hard";"64";"Masters";86;6;"Roberto Bautista Agut";"R";183;"ESP";32,3;86;"Daniil Medvedev";"R";198;"RUS";24,5;"1-6 6-4 6-3";3;"QF";133;3;4;98;68;41;12;13;15;20;8;2;78;44;33;10;13;6;11;12;2360;5;5890;1;6;6;NA;NA;6;4;3;NA;NA;2020-08-24;2020;"2020-M024:86";792;1;3,41503749927884;4,67807190511264;6;"Roberto Bautista Agut";86;"Daniil Medvedev";3,41503749927884;4,67807190511264;-1,26303440583379;32,3;24,5;7,8;183;198;-15;0,75;0,545454545454545;0,75;0,545454545454545;0,204545454545455;11;20;6;15;5;5;5;5;0;0;0;1
"821327";"2020-M024";"Cincinnati Masters";"Hard";"64";"Masters";88;109;"Milos Raonic";"R";196;"CAN";29,6;73;"Filip Krajinovic";"R";185;"SRB";28,4;"4-6 7-6(2) 7-5";3;"QF";162;24;4;107;65;52;21;17;4;6;5;2;103;66;48;21;17;7;9;30;1350;32;1343;4;7;7;NA;NA;6;6;5;NA;NA;2020-08-24;2020;"2020-M024:88";793;0;2,09310940439148;2;73;"Filip Krajinovic";109;"Milos Raonic";2;2,09310940439148;-0,0931094043914813;28,4;29,6;-1,2;185;196;-11;0,666666666666667;0,777777777777778;0,777777777777778;0,666666666666667;0,111111111111111;9;6;7;4;2;2;2;2;0;0;0;1
"821328";"2020-M024";"Cincinnati Masters";"Hard";"64";"Masters";89;31;"Novak Djokovic";"R";188;"SRB";33,2;6;"Roberto Bautista Agut";"R";183;"ESP";32,3;"4-6 6-4 7-6(0)";3;"SF";180;14;7;103;58;40;19;16;6;12;2;4;110;73;44;15;16;8;14;1;10220;12;2360;4;6;7;NA;NA;6;4;6;NA;NA;2020-08-24;2020;"2020-M024:89";794;0;7;3,41503749927884;6;"Roberto Bautista Agut";31;"Novak Djokovic";3,41503749927884;7;-3,58496250072116;32,3;33,2;-0,900000000000006;183;188;-5;0,5;0,571428571428571;0,571428571428571;0,5;0,0714285714285714;14;12;8;6;6;6;6;6;0;0;0;1
"821329";"2020-M024";"Cincinnati Masters";"Hard";"64";"Masters";90;109;"Milos Raonic";"R";196;"CAN";29,6;127;"Stefanos Tsitsipas";"R";193;"GRE";22;"7-6(5) 6-3";3;"SF";97;12;5;65;39;35;15;11;1;1;4;1;61;36;28;16;10;0;1;30;1350;6;4745;7;6;NA;NA;NA;6;3;NA;NA;NA;2020-08-24;2020;"2020-M024:90";795;1;2,09310940439148;4,41503749927884;109;"Milos Raonic";127;"Stefanos Tsitsipas";2,09310940439148;4,41503749927884;-2,32192809488736;29,6;22;7,6;196;193;3;1;0;1;0;1;1;1;0;1;1;0;1;0;1;0;0;1
"821330";"2020-M024";"Cincinnati Masters";"Hard";"64";"Masters";91;31;"Novak Djokovic";"R";188;"SRB";33,2;109;"Milos Raonic";"R";196;"CAN";29,6;"1-6 6-3 6-4";3;"F";120;2;5;76;39;29;18;13;2;5;10;3;71;46;35;10;13;2;5;1;10220;30;1350;1;6;6;NA;NA;6;3;4;NA;NA;2020-08-24;2020;"2020-M024:91";796;1;7;2,09310940439148;31;"Novak Djokovic";109;"Milos Raonic";7;2,09310940439148;4,90689059560852;33,2;29,6;3,6;188;196;-8;0,4;0,4;0,4;0,4;0;5;5;2;2;3;3;3;3;0;0;0;1
"824265";"2020-0352";"Paris Masters";"Hard";"64";"Masters";4;50;"Marcos Giron";"R";180;"USA";27,2;14;"Roberto Carballes Baena";"R";183;"ESP";27,6;"6-4 6-1";3;"Q1";65;12;0;58;35;29;10;9;4;5;0;2;52;30;17;9;8;3;7;91;769;102;694;6;6;NA;NA;NA;4;1;NA;NA;NA;2020-11-02;2020;"2020-0352:4";797;0;0,492205359801304;0,327574658028505;14;"Roberto Carballes Baena";50;"Marcos Giron";0,327574658028505;0,492205359801304;-0,164630701772799;27,6;27,2;0,400000000000002;183;180;3;0,8;0,428571428571429;0,428571428571429;0,8;-0,371428571428571;7;5;3;4;4;1;1;4;-3;0;0;1
"824276";"2020-0352";"Paris Masters";"Hard";"64";"Masters";15;45;"Marton Fucsovics";"R";188;"HUN";28,7;105;"Vasek Pospisil";"R";193;"CAN";30,3;"4-6 7-6(3) 6-2";3;"Q2";162;5;8;102;56;43;21;15;2;5;9;6;117;66;44;23;15;8;12;52;1047;73;852;4;7;6;NA;NA;6;6;2;NA;NA;2020-11-02;2020;"2020-0352:15";798;1;1,29956028185891;0,810175441119982;45;"Marton Fucsovics";105;"Vasek Pospisil";1,29956028185891;0,810175441119982;0,489384840738926;28,7;30,3;-1,6;188;193;-5;0,4;0,666666666666667;0,4;0,666666666666667;-0,266666666666667;12;5;8;2;4;3;4;3;1;0;0;1
"824277";"2020-0352";"Paris Masters";"Hard";"64";"Masters";16;50;"Marcos Giron";"R";180;"USA";27,2;30;"Laslo Djere";"R";188;"SRB";25,4;"7-6(5) 7-6(3)";3;"Q2";112;2;1;79;42;34;21;12;0;2;4;4;81;44;33;21;12;4;6;91;769;54;1042;7;7;NA;NA;NA;6;6;NA;NA;NA;2020-11-02;2020;"2020-0352:16";799;0;0,492205359801304;1,24511249783653;30;"Laslo Djere";50;"Marcos Giron";1,24511249783653;0,492205359801304;0,752907138035228;25,4;27,2;-1,8;188;180;8;0;0,666666666666667;0,666666666666667;0;0,666666666666667;6;2;4;0;2;2;2;2;0;0;0;1
"824278";"2020-0352";"Paris Masters";"Hard";"64";"Masters";17;25;"Alejandro Davidovich Fokina";"R";183;"ESP";21,4;16;"Salvatore Caruso";"R";185;"ITA";27,8;"6-4 1-6 6-1";3;"Q2";90;3;1;59;36;26;12;12;0;3;11;6;82;44;31;17;12;3;7;63;963;81;802;6;1;6;NA;NA;4;6;1;NA;NA;2020-11-02;2020;"2020-0352:17";800;0;1,02272007650008;0,660149997115376;16;"Salvatore Caruso";25;"Alejandro Davidovich Fokina";0,660149997115376;1,02272007650008;-0,362570079384708;27,8;21,4;6,4;185;183;2;0;0,428571428571429;0,428571428571429;0;0,428571428571429;7;3;3;0;4;3;3;4;-1;0;0;1
"824279";"2020-0352";"Paris Masters";"Hard";"64";"Masters";18;53;"Norbert Gombos";"R";193;"SVK";30,2;1;"Radu Albot";"R";175;"MDA";30,9;"7-5 4-6 6-4";3;"Q2";157;6;8;111;64;45;18;16;12;17;6;5;99;56;37;16;16;3;9;105;682;90;772;7;4;6;NA;NA;5;6;4;NA;NA;2020-11-02;2020;"2020-0352:18";801;0;0,285754482333878;0,508146903670325;1;"Radu Albot";53;"Norbert Gombos";0,508146903670325;0,285754482333878;0,222392421336448;30,9;30,2;0,699999999999999;175;193;-18;0,705882352941177;0,333333333333333;0,333333333333333;0,705882352941177;-0,372549019607843;9;17;3;12;6;5;5;6;-1;0;0;1
"824282";"2020-0352";"Paris Masters";"Hard";"64";"Masters";21;17;"Marco Cecchinato";"R";185;"ITA";28;21;"Federico Coria";"R";180;"ARG";28,6;"7-6(2) 6-2";3;"Q2";73;3;3;57;32;29;15;10;0;1;3;1;62;35;26;9;10;0;3;79;811;93;757;7;6;NA;NA;NA;6;2;NA;NA;NA;2020-11-02;2020;"2020-0352:21";802;1;0,696219251822897;0,460841188891969;17;"Marco Cecchinato";21;"Federico Coria";0,696219251822897;0,460841188891969;0,235378062930928;28;28,6;-0,600000000000001;185;180;5;0;0;0;0;0;3;1;0;0;3;1;3;1;2;0;0;1
"824283";"2020-0352";"Paris Masters";"Hard";"64";"Masters";22;81;"Feliciano Lopez";"L";188;"ESP";39,1;73;"Filip Krajinovic";"R";185;"SRB";28,6;"7-6(11) 6-1";3;"R64";84;21;4;62;34;34;14;10;1;2;5;3;63;36;25;13;9;1;4;64;953;30;1628;7;6;NA;NA;NA;6;1;NA;NA;NA;2020-11-02;2020;"2020-0352:22";803;0;1;2,09310940439148;73;"Filip Krajinovic";81;"Feliciano Lopez";2,09310940439148;1;1,09310940439148;28,6;39,1;-10,5;185;188;-3;0,5;0,25;0,25;0,5;-0,25;4;2;1;1;3;1;1;3;-2;0;0;1
"824284";"2020-0352";"Paris Masters";"Hard";"64";"Masters";23;125;"Jordan Thompson";"R";183;"AUS";26,5;28;"Federico Delbonis";"L";190;"ARG";30;"6-2 6-3";3;"R64";78;5;1;45;30;23;11;8;1;1;1;2;61;38;24;8;9;4;8;61;994;78;816;6;6;NA;NA;NA;2;3;NA;NA;NA;2020-11-02;2020;"2020-0352:23";804;0;1,06926266243711;0,714597781137751;28;"Federico Delbonis";125;"Jordan Thompson";0,714597781137751;1,06926266243711;-0,354664881299362;30;26,5;3,5;190;183;7;1;0,5;0,5;1;-0,5;8;1;4;1;4;0;0;4;-4;0;0;1
"824285";"2020-0352";"Paris Masters";"Hard";"64";"Masters";24;22;"Borna Coric";"R";188;"CRO";23,9;45;"Marton Fucsovics";"R";188;"HUN";28,7;"7-6(5) 6-1";3;"R64";106;5;1;64;48;35;9;10;3;4;1;1;61;32;22;12;9;3;6;24;1820;52;1047;7;6;NA;NA;NA;6;1;NA;NA;NA;2020-11-02;2020;"2020-0352:24";805;1;2,41503749927884;1,29956028185891;22;"Borna Coric";45;"Marton Fucsovics";2,41503749927884;1,29956028185891;1,11547721741994;23,9;28,7;-4,8;188;188;0;0,75;0,5;0,75;0,5;0,25;6;4;3;3;3;1;3;1;2;0;0;1
"824286";"2020-0352";"Paris Masters";"Hard";"64";"Masters";25;15;"Pablo Carreno Busta";"R";188;"ESP";29,3;49;"Hugo Gaston";"L";173;"FRA";20,1;"6-3 6-2";3;"R64";69;6;1;60;43;30;7;9;1;2;2;2;50;32;20;5;8;9;13;15;2400;161;390;6;6;NA;NA;NA;3;2;NA;NA;NA;2020-11-02;2020;"2020-0352:25";806;1;3,09310940439148;-0,330916878114617;15;"Pablo Carreno Busta";49;"Hugo Gaston";3,09310940439148;-0,330916878114617;3,4240262825061;29,3;20,1;9,2;188;173;15;0,5;0,692307692307692;0,5;0,692307692307692;-0,192307692307692;13;2;9;1;4;1;4;1;3;0;0;1
"824287";"2020-0352";"Paris Masters";"Hard";"64";"Masters";26;123;"Jan Lennard Struff";"R";193;"GER";30,5;5;"Nikoloz Basilashvili";"R";185;"GEO";28,6;"6-4 6-2";3;"R64";83;14;1;63;38;28;9;9;6;8;5;8;73;37;20;15;9;13;18;35;1450;39;1395;6;6;NA;NA;NA;4;2;NA;NA;NA;2020-11-02;2020;"2020-0352:26";807;0;1,87071698305503;1,71459778113775;5;"Nikoloz Basilashvili";123;"Jan Lennard Struff";1,71459778113775;1,87071698305503;-0,156119201917282;28,6;30,5;-1,9;185;193;-8;0,75;0,722222222222222;0,722222222222222;0,75;-0,0277777777777778;18;8;13;6;5;2;2;5;-3;0;0;1
"824288";"2020-0352";"Paris Masters";"Hard";"64";"Masters";27;53;"Norbert Gombos";"R";193;"SVK";30,2;17;"Marco Cecchinato";"R";185;"ITA";28;"6-2 7-6(2)";3;"R64";79;9;5;57;29;26;17;10;1;2;7;3;77;49;34;11;10;6;9;105;682;79;811;6;7;NA;NA;NA;2;6;NA;NA;NA;2020-11-02;2020;"2020-0352:27";808;0;0,285754482333878;0,696219251822897;17;"Marco Cecchinato";53;"Norbert Gombos";0,696219251822897;0,285754482333878;0,410464769489019;28;30,2;-2,2;185;193;-8;0,5;0,666666666666667;0,666666666666667;0,5;0,166666666666667;9;2;6;1;3;1;1;3;-2;0;0;1
"824289";"2020-0352";"Paris Masters";"Hard";"64";"Masters";28;66;"Miomir Kecmanovic";"R";183;"SRB";21,1;87;"John Millman";"R";183;"AUS";31,3;"6-4 6-2";3;"R64";77;5;1;51;27;22;13;9;2;3;8;1;57;42;25;6;9;3;7;42;1283;38;1396;6;6;NA;NA;NA;4;2;NA;NA;NA;2020-11-02;2020;"2020-0352:28";809;1;1,60768257722124;1,75207248655641;66;"Miomir Kecmanovic";87;"John Millman";1,60768257722124;1,75207248655641;-0,144389909335175;21,1;31,3;-10,2;183;183;0;0,666666666666667;0,428571428571429;0,666666666666667;0,428571428571429;0,238095238095238;7;3;3;2;4;1;4;1;3;0;0;1
"824291";"2020-0352";"Paris Masters";"Hard";"64";"Masters";30;82;"Adrian Mannarino";"L";183;"FRA";32,3;80;"Dusan Lajovic";"R";180;"SRB";30,3;"7-6(5) 6-3";3;"R64";88;5;0;54;34;29;17;10;0;0;2;2;75;51;39;10;11;3;5;36;1426;26;1785;7;6;NA;NA;NA;6;3;NA;NA;NA;2020-11-02;2020;"2020-0352:30";810;0;1,83007499855769;2,29956028185891;80;"Dusan Lajovic";82;"Adrian Mannarino";2,29956028185891;1,83007499855769;0,46948528330122;30,3;32,3;-2;180;183;-3;1,5;0,6;0,6;1,5;-0,9;5;0;3;0;2;0;0;2;-2;0;0;1
"824292";"2020-0352";"Paris Masters";"Hard";"64";"Masters";31;130;"Stan Wawrinka";"R";183;"SUI";35,6;39;"Daniel Evans";"R";175;"GBR";30,4;"6-3 7-6(3)";3;"R64";93;8;1;67;40;33;18;11;2;2;4;1;71;45;34;12;10;3;4;20;2230;31;1589;6;7;NA;NA;NA;3;6;NA;NA;NA;2020-11-02;2020;"2020-0352:31";811;0;2,67807190511264;2,04580368961313;39;"Daniel Evans";130;"Stan Wawrinka";2,04580368961313;2,67807190511264;-0,632268215499512;30,4;35,6;-5,2;175;183;-8;1;0,75;0,75;1;-0,25;4;2;3;2;1;0;0;1;-1;0;0;1
"824293";"2020-0352";"Paris Masters";"Hard";"64";"Masters";32;101;"Tommy Paul";"R";185;"USA";23,4;118;"Gilles Simon";"R";183;"FRA";35,8;"3-6 6-3 6-3";3;"R64";120;5;0;66;44;31;12;13;0;3;2;5;95;52;33;21;14;4;9;55;1035;59;1005;3;6;6;NA;NA;6;3;3;NA;NA;2020-11-02;2020;"2020-0352:32";812;1;1,21864028647534;1,11735695063816;101;"Tommy Paul";118;"Gilles Simon";1,21864028647534;1,11735695063816;0,101283335837182;23,4;35,8;-12,4;185;183;2;0;0,444444444444444;0;0,444444444444444;-0,444444444444444;9;3;4;0;5;3;5;3;2;0;0;1
"824294";"2020-0352";"Paris Masters";"Hard";"64";"Masters";33;1;"Radu Albot";"R";175;"MDA";30,9;59;"Hubert Hurkacz";"R";196;"POL";23,7;"7-5 6-7(5) 6-4";3;"R64";134;2;3;99;65;47;23;17;3;5;21;6;111;74;57;11;17;11;15;90;772;33;1518;7;6;6;NA;NA;5;7;4;NA;NA;2020-11-02;2020;"2020-0352:33";813;1;0,508146903670325;1,95560588064155;1;"Radu Albot";59;"Hubert Hurkacz";0,508146903670325;1,95560588064155;-1,44745897697122;30,9;23,7;7,2;175;196;-21;0,6;0,733333333333333;0,6;0,733333333333333;-0,133333333333333;15;5;11;3;4;2;4;2;2;0;0;1
"824295";"2020-0352";"Paris Masters";"Hard";"64";"Masters";34;48;"Richard Gasquet";"R";185;"FRA";34,3;44;"Taylor Fritz";"R";193;"USA";23;"6-0 3-6 6-3";3;"R64";96;9;2;79;45;34;17;12;5;6;11;4;66;37;30;9;12;4;8;56;1030;29;1670;6;3;6;NA;NA;0;6;3;NA;NA;2020-11-02;2020;"2020-0352:34";814;0;1,1926450779424;2,14201900487243;44;"Taylor Fritz";48;"Richard Gasquet";2,14201900487243;1,1926450779424;0,949373926930032;23;34,3;-11,3;193;185;8;0,833333333333333;0,5;0,5;0,833333333333333;-0,333333333333333;8;6;4;5;4;1;1;4;-3;0;0;1
"824296";"2020-0352";"Paris Masters";"Hard";"64";"Masters";35;10;"Benjamin Bonzi";"R";185;"FRA";24,3;21;"Federico Coria";"R";180;"ARG";28,6;"6-2 6-1";3;"R64";56;8;1;48;25;22;13;8;1;1;1;2;36;15;9;8;7;1;5;180;346;93;757;6;6;NA;NA;NA;2;1;NA;NA;NA;2020-11-02;2020;"2020-0352:35";815;1;-0,491853096329675;0,460841188891969;10;"Benjamin Bonzi";21;"Federico Coria";-0,491853096329675;0,460841188891969;-0,952694285221644;24,3;28,6;-4,3;185;180;5;1;0,2;1;0,2;0,8;5;1;1;1;4;0;4;0;4;0;0;1
"824297";"2020-0352";"Paris Masters";"Hard";"64";"Masters";36;25;"Alejandro Davidovich Fokina";"R";183;"ESP";21,4;67;"Karen Khachanov";"R";198;"RUS";24,4;"6-3 2-6 6-2";3;"R64";107;3;2;83;62;43;11;13;5;7;7;3;88;62;41;9;12;10;13;63;963;19;2245;6;2;6;NA;NA;3;6;2;NA;NA;2020-11-02;2020;"2020-0352:36";816;1;1,02272007650008;2,75207248655641;25;"Alejandro Davidovich Fokina";67;"Karen Khachanov";1,02272007650008;2,75207248655641;-1,72935241005633;21,4;24,4;-3;183;198;-15;0,714285714285714;0,769230769230769;0,714285714285714;0,769230769230769;-0,054945054945055;13;7;10;5;3;2;3;2;1;0;0;1
"824299";"2020-0352";"Paris Masters";"Hard";"64";"Masters";38;121;"Lorenzo Sonego";"R";191;"ITA";25,4;13;"Alexander Bublik";"R";196;"KAZ";23,3;"6-1 6-4";3;"R64";59;2;1;51;30;23;15;9;2;3;2;4;43;23;13;8;8;2;6;32;1543;49;1070;6;6;NA;NA;NA;1;4;NA;NA;NA;2020-11-02;2020;"2020-0352:38";817;0;2;1,38529015588479;13;"Alexander Bublik";121;"Lorenzo Sonego";1,38529015588479;2;-0,614709844115208;23,3;25,4;-2,1;196;191;5;0,666666666666667;0,333333333333333;0,333333333333333;0,666666666666667;-0,333333333333333;6;3;2;2;4;1;1;4;-3;0;0;1
"824301";"2020-0352";"Paris Masters";"Hard";"64";"Masters";40;50;"Marcos Giron";"R";180;"USA";27,2;108;"Albert Ramos";"L";188;"ESP";32,7;"6-3 4-6 6-1";3;"R64";111;12;2;87;59;46;10;13;4;6;2;4;84;57;35;12;13;3;8;91;769;46;1165;6;4;6;NA;NA;3;6;1;NA;NA;2020-11-02;2020;"2020-0352:40";818;1;0,492205359801304;1,47643804394299;50;"Marcos Giron";108;"Albert Ramos";0,492205359801304;1,47643804394299;-0,984232684141683;27,2;32,7;-5,5;180;188;-8;0,666666666666667;0,375;0,666666666666667;0,375;0,291666666666667;8;6;3;4;5;2;5;2;3;0;0;1
"824302";"2020-0352";"Paris Masters";"Hard";"64";"Masters";41;57;"Pierre Hugues Herbert";"R";188;"FRA";29,6;114;"Tennys Sandgren";"R";188;"USA";29,2;"2-6 6-4 7-6(4)";3;"R64";136;7;6;99;48;38;28;15;3;6;11;1;99;54;44;20;15;3;5;85;787;48;1078;2;6;7;NA;NA;6;4;6;NA;NA;2020-11-02;2020;"2020-0352:41";819;1;0,590609063862298;1,41503749927884;57;"Pierre Hugues Herbert";114;"Tennys Sandgren";0,590609063862298;1,41503749927884;-0,824428435416546;29,6;29,2;0,400000000000002;188;188;0;0,5;0,6;0,5;0,6;-0,1;5;6;3;3;2;3;2;3;-1;0;0;1
"824303";"2020-0352";"Paris Masters";"Hard";"64";"Masters";42;109;"Milos Raonic";"R";196;"CAN";29,8;7;"Aljaz Bedene";"R";181;"SLO";31,2;"6-3 6-2";3;"R64";63;18;0;43;21;18;19;9;0;0;4;4;51;28;19;9;8;2;5;17;2265;53;1045;6;6;NA;NA;NA;3;2;NA;NA;NA;2020-11-02;2020;"2020-0352:42";820;0;2,91253715874966;1,2720795454368;7;"Aljaz Bedene";109;"Milos Raonic";1,2720795454368;2,91253715874966;-1,64045761331286;31,2;29,8;1,4;181;196;-15;1,5;0,4;0,4;1,5;-1,1;5;0;2;0;3;0;0;3;-3;0;0;1
"824304";"2020-0352";"Paris Masters";"Hard";"64";"Masters";43;19;"Marin Cilic";"R";198;"CRO";32;4;"Felix Auger Aliassime";"R";193;"CAN";20,2;"6-0 3-6 6-3";3;"R64";147;14;4;95;59;42;17;12;7;9;8;4;82;48;28;15;12;8;13;43;1280;21;2171;6;3;6;NA;NA;0;6;3;NA;NA;2020-11-02;2020;"2020-0352:43";821;0;1,5737352452979;2,60768257722124;4;"Felix Auger Aliassime";19;"Marin Cilic";2,60768257722124;1,5737352452979;1,03394733192334;20,2;32;-11,8;193;198;-5;0,777777777777778;0,615384615384615;0,615384615384615;0,777777777777778;-0,162393162393162;13;9;8;7;5;2;2;5;-3;0;0;1
"824305";"2020-0352";"Paris Masters";"Hard";"64";"Masters";44;90;"Corentin Moutet";"L";178;"FRA";21,5;16;"Salvatore Caruso";"R";185;"ITA";27,8;"3-6 7-6(2) 6-3";3;"R64";150;1;3;102;73;51;14;14;9;12;5;2;93;60;39;18;16;4;8;75;838;81;802;3;7;6;NA;NA;6;6;3;NA;NA;2020-11-02;2020;"2020-0352:44";822;0;0,77118130950412;0,660149997115376;16;"Salvatore Caruso";90;"Corentin Moutet";0,660149997115376;0,77118130950412;-0,111031312388744;27,8;21,5;6,3;185;178;7;0,75;0,5;0,5;0,75;-0,25;8;12;4;9;4;3;3;4;-1;0;0;1
"824306";"2020-0352";"Paris Masters";"Hard";"64";"Masters";45;58;"Ugo Humbert";"L";188;"FRA";22,3;112;"Casper Ruud";"R";183;"NOR";21,8;"4-6 6-2 7-6(1)";3;"R64";130;9;4;80;50;42;20;15;1;2;5;4;97;62;41;18;15;2;4;34;1466;27;1739;4;6;7;NA;NA;6;2;6;NA;NA;2020-11-02;2020;"2020-0352:45";823;1;1,91253715874966;2,24511249783653;58;"Ugo Humbert";112;"Casper Ruud";1,91253715874966;2,24511249783653;-0,332575339086871;22,3;21,8;0,5;188;183;5;0,5;0,5;0,5;0,5;0;4;2;2;1;2;1;2;1;1;0;0;1
"824307";"2020-0352";"Paris Masters";"Hard";"64";"Masters";46;94;"Rafael Nadal";"L";185;"ESP";34,4;81;"Feliciano Lopez";"L";188;"ESP";39,1;"4-6 7-6(5) 6-4";3;"R32";150;16;3;91;57;51;19;16;3;4;22;7;110;59;48;27;16;6;7;2;9850;64;953;4;7;6;NA;NA;6;6;4;NA;NA;2020-11-02;2020;"2020-0352:46";824;0;6;1;81;"Feliciano Lopez";94;"Rafael Nadal";1;6;-5;39,1;34,4;4,7;188;185;3;0,75;0,857142857142857;0,857142857142857;0,75;0,107142857142857;7;4;6;3;1;1;1;1;0;0;0;1
"824308";"2020-0352";"Paris Masters";"Hard";"64";"Masters";47;125;"Jordan Thompson";"R";183;"AUS";26,5;22;"Borna Coric";"R";188;"CRO";23,9;"2-6 6-4 6-2";3;"R32";134;3;3;86;50;35;16;13;7;11;14;1;84;56;40;8;13;5;10;61;994;24;1820;2;6;6;NA;NA;6;4;2;NA;NA;2020-11-02;2020;"2020-0352:47";825;0;1,06926266243711;2,41503749927884;22;"Borna Coric";125;"Jordan Thompson";2,41503749927884;1,06926266243711;1,34577483684173;23,9;26,5;-2,6;188;183;5;0,636363636363636;0,5;0,5;0,636363636363636;-0,136363636363636;10;11;5;7;5;4;4;5;-1;0;0;1
"824309";"2020-0352";"Paris Masters";"Hard";"64";"Masters";48;15;"Pablo Carreno Busta";"R";188;"ESP";29,3;123;"Jan Lennard Struff";"R";193;"GER";30,5;"7-6(3) 6-2";3;"R32";79;9;1;57;30;26;19;10;1;1;8;1;68;41;29;14;10;1;3;15;2400;35;1450;7;6;NA;NA;NA;6;2;NA;NA;NA;2020-11-02;2020;"2020-0352:48";826;1;3,09310940439148;1,87071698305503;15;"Pablo Carreno Busta";123;"Jan Lennard Struff";3,09310940439148;1,87071698305503;1,22239242133645;29,3;30,5;-1,2;188;193;-5;1;0,333333333333333;1;0,333333333333333;0,666666666666667;3;1;1;1;2;0;2;0;2;0;0;1
"824310";"2020-0352";"Paris Masters";"Hard";"64";"Masters";49;53;"Norbert Gombos";"R";193;"SVK";30,2;51;"David Goffin";"R";180;"BEL";29,9;"6-4 7-6(6)";3;"R32";96;3;3;79;44;33;17;11;6;8;6;2;64;37;26;12;11;1;4;105;682;14;2555;6;7;NA;NA;NA;4;6;NA;NA;NA;2020-11-02;2020;"2020-0352:49";827;0;0,285754482333878;3,1926450779424;51;"David Goffin";53;"Norbert Gombos";3,1926450779424;0,285754482333878;2,90689059560852;29,9;30,2;-0,300000000000001;180;193;-13;0,75;0,25;0,25;0,75;-0,5;4;8;1;6;3;2;2;3;-1;0;0;1
"824311";"2020-0352";"Paris Masters";"Hard";"64";"Masters";50;133;"Alexander Zverev";"R";198;"GER";23,5;66;"Miomir Kecmanovic";"R";183;"SRB";21,1;"6-2 6-2";3;"R32";55;8;2;42;26;23;11;8;0;0;2;3;47;26;16;7;8;2;6;7;5015;42;1283;6;6;NA;NA;NA;2;2;NA;NA;NA;2020-11-02;2020;"2020-0352:50";828;0;4,1926450779424;1,60768257722124;66;"Miomir Kecmanovic";133;"Alexander Zverev";1,60768257722124;4,1926450779424;-2,58496250072116;21,1;23,5;-2,4;183;198;-15;1,5;0,333333333333333;0,333333333333333;1,5;-1,16666666666667;6;0;2;0;4;0;0;4;-4;0;0;1
"824312";"2020-0352";"Paris Masters";"Hard";"64";"Masters";51;82;"Adrian Mannarino";"L";183;"FRA";32,3;97;"Yoshihito Nishioka";"L";170;"JPN";25,1;"6-3 6-7(5) 6-3";3;"R32";167;9;3;106;64;53;17;16;6;7;4;1;120;73;46;22;14;10;13;36;1426;51;1052;6;6;6;NA;NA;3;7;3;NA;NA;2020-11-02;2020;"2020-0352:51";829;1;1,83007499855769;1,3275746580285;82;"Adrian Mannarino";97;"Yoshihito Nishioka";1,83007499855769;1,3275746580285;0,502500340529183;32,3;25,1;7,2;183;170;13;0,857142857142857;0,769230769230769;0,857142857142857;0,769230769230769;0,0879120879120878;13;7;10;6;3;1;3;1;2;0;0;1
"824313";"2020-0352";"Paris Masters";"Hard";"64";"Masters";52;130;"Stan Wawrinka";"R";183;"SUI";35,6;101;"Tommy Paul";"R";185;"USA";23,4;"4-6 7-6(3) 6-2";3;"R32";141;8;3;122;81;54;18;15;11;16;4;3;98;58;34;21;15;7;13;20;2230;55;1035;4;7;6;NA;NA;6;6;2;NA;NA;2020-11-02;2020;"2020-0352:52";830;0;2,67807190511264;1,21864028647534;101;"Tommy Paul";130;"Stan Wawrinka";1,21864028647534;2,67807190511264;-1,4594316186373;23,4;35,6;-12,2;185;183;2;0,6875;0,538461538461538;0,538461538461538;0,6875;-0,149038461538462;13;16;7;11;6;5;5;6;-1;0;0;1
"824314";"2020-0352";"Paris Masters";"Hard";"64";"Masters";53;110;"Andrey Rublev";"R";188;"RUS";23;1;"Radu Albot";"R";175;"MDA";30,9;"6-1 6-2";3;"R32";58;6;0;42;23;21;12;8;0;0;2;2;46;32;17;4;7;2;6;8;3839;90;772;6;6;NA;NA;NA;1;2;NA;NA;NA;2020-11-02;2020;"2020-0352:53";831;0;4;0,508146903670325;1;"Radu Albot";110;"Andrey Rublev";0,508146903670325;4;-3,49185309632967;30,9;23;7,9;175;188;-13;1,5;0,333333333333333;0,333333333333333;1,5;-1,16666666666667;6;0;2;0;4;0;0;4;-4;0;0;1
"824315";"2020-0352";"Paris Masters";"Hard";"64";"Masters";54;115;"Diego Schwartzman";"R";170;"ARG";28,2;48;"Richard Gasquet";"R";185;"FRA";34,3;"7-5 6-3";3;"R32";84;6;0;55;38;32;11;11;3;4;6;3;67;43;30;10;10;3;6;9;3285;56;1030;7;6;NA;NA;NA;5;3;NA;NA;NA;2020-11-02;2020;"2020-0352:54";832;0;3,83007499855769;1,1926450779424;48;"Richard Gasquet";115;"Diego Schwartzman";1,1926450779424;3,83007499855769;-2,63742992061529;34,3;28,2;6,1;185;170;15;0,75;0,5;0,5;0,75;-0,25;6;4;3;3;3;1;1;3;-2;0;0;1
"824316";"2020-0352";"Paris Masters";"Hard";"64";"Masters";55;25;"Alejandro Davidovich Fokina";"R";183;"ESP";21,4;10;"Benjamin Bonzi";"R";185;"FRA";24,3;"6-4 6-4";3;"R32";78;0;2;51;33;24;10;10;2;4;7;1;65;34;23;13;10;2;6;63;963;180;346;6;6;NA;NA;NA;4;4;NA;NA;NA;2020-11-02;2020;"2020-0352:55";833;0;1,02272007650008;-0,491853096329675;10;"Benjamin Bonzi";25;"Alejandro Davidovich Fokina";-0,491853096329675;1,02272007650008;-1,51457317282976;24,3;21,4;2,9;185;183;2;0,5;0,333333333333333;0,333333333333333;0,5;-0,166666666666667;6;4;2;2;4;2;2;4;-2;0;0;1
"824317";"2020-0352";"Paris Masters";"Hard";"64";"Masters";56;26;"Alex De Minaur";"R";183;"AUS";21,7;121;"Lorenzo Sonego";"R";191;"ITA";25,4;"6-3 7-5";3;"R32";87;2;1;50;33;27;13;10;0;0;4;2;74;44;28;14;11;2;5;25;1815;32;1543;6;7;NA;NA;NA;3;5;NA;NA;NA;2020-11-02;2020;"2020-0352:56";834;1;2,35614381022528;2;26;"Alex De Minaur";121;"Lorenzo Sonego";2,35614381022528;2;0,356143810225276;21,7;25,4;-3,7;183;191;-8;1,5;0,4;1,5;0,4;1,1;5;0;2;0;3;0;3;0;3;0;0;1
"824319";"2020-0352";"Paris Masters";"Hard";"64";"Masters";58;50;"Marcos Giron";"R";180;"USA";27,2;9;"Matteo Berrettini";"R";196;"ITA";24,5;"7-6(3) 6-7(0) 7-5";3;"R32";170;8;3;137;78;59;30;18;7;8;14;6;118;65;56;26;18;2;4;91;769;10;3075;7;6;7;NA;NA;6;7;5;NA;NA;2020-11-02;2020;"2020-0352:58";835;0;0,492205359801304;3,67807190511264;9;"Matteo Berrettini";50;"Marcos Giron";3,67807190511264;0,492205359801304;3,18586654531133;24,5;27,2;-2,7;196;180;16;0,875;0,5;0,5;0,875;-0,375;4;8;2;7;2;1;1;2;-1;0;0;1
"824320";"2020-0352";"Paris Masters";"Hard";"64";"Masters";59;109;"Milos Raonic";"R";196;"CAN";29,8;57;"Pierre Hugues Herbert";"R";188;"FRA";29,6;"6-4 6-4";3;"R32";91;11;4;53;35;31;10;10;1;1;1;3;67;38;25;16;10;4;6;17;2265;85;787;6;6;NA;NA;NA;4;4;NA;NA;NA;2020-11-02;2020;"2020-0352:59";836;0;2,91253715874966;0,590609063862298;57;"Pierre Hugues Herbert";109;"Milos Raonic";0,590609063862298;2,91253715874966;-2,32192809488736;29,6;29,8;-0,199999999999999;188;196;-8;1;0,666666666666667;0,666666666666667;1;-0,333333333333333;6;1;4;1;2;0;0;2;-2;0;0;1
"824322";"2020-0352";"Paris Masters";"Hard";"64";"Masters";61;58;"Ugo Humbert";"L";188;"FRA";22,3;127;"Stefanos Tsitsipas";"R";193;"GRE";22,2;"7-6(4) 6-7(6) 7-6(3)";3;"R32";196;10;6;136;83;62;28;18;7;9;19;2;120;85;64;19;18;7;9;34;1466;6;5925;7;6;7;NA;NA;6;7;6;NA;NA;2020-11-02;2020;"2020-0352:61";837;1;1,91253715874966;4,41503749927884;58;"Ugo Humbert";127;"Stefanos Tsitsipas";1,91253715874966;4,41503749927884;-2,50250034052918;22,3;22,2;0,100000000000001;188;193;-5;0,777777777777778;0,777777777777778;0,777777777777778;0,777777777777778;0;9;9;7;7;2;2;2;2;0;0;0;1
"824323";"2020-0352";"Paris Masters";"Hard";"64";"Masters";62;94;"Rafael Nadal";"L";185;"ESP";34,4;125;"Jordan Thompson";"R";183;"AUS";26,5;"6-1 7-6(3)";3;"R16";93;3;3;59;36;31;16;10;1;1;7;0;56;39;29;6;9;2;4;2;9850;61;994;6;7;NA;NA;NA;1;6;NA;NA;NA;2020-11-02;2020;"2020-0352:62";838;1;6;1,06926266243711;94;"Rafael Nadal";125;"Jordan Thompson";6;1,06926266243711;4,93073733756289;34,4;26,5;7,9;185;183;2;1;0,5;1;0,5;0,5;4;1;2;1;2;0;2;0;2;0;0;1
"824324";"2020-0352";"Paris Masters";"Hard";"64";"Masters";63;15;"Pablo Carreno Busta";"R";188;"ESP";29,3;53;"Norbert Gombos";"R";193;"SVK";30,2;"7-5 6-2";3;"R16";80;3;2;58;36;26;8;10;3;6;2;2;54;30;17;7;10;4;10;15;2400;105;682;7;6;NA;NA;NA;5;2;NA;NA;NA;2020-11-02;2020;"2020-0352:63";839;1;3,09310940439148;0,285754482333878;15;"Pablo Carreno Busta";53;"Norbert Gombos";3,09310940439148;0,285754482333878;2,8073549220576;29,3;30,2;-0,899999999999999;188;193;-5;0,5;0,4;0,5;0,4;0,1;10;6;4;3;6;3;6;3;3;0;0;1
"824325";"2020-0352";"Paris Masters";"Hard";"64";"Masters";64;133;"Alexander Zverev";"R";198;"GER";23,5;82;"Adrian Mannarino";"L";183;"FRA";32,3;"7-6(11) 6-7(7) 6-4";3;"R16";180;19;1;113;79;63;15;17;3;6;9;7;137;77;60;25;17;7;11;7;5015;36;1426;7;6;6;NA;NA;6;7;4;NA;NA;2020-11-02;2020;"2020-0352:64";840;0;4,1926450779424;1,83007499855769;82;"Adrian Mannarino";133;"Alexander Zverev";1,83007499855769;4,1926450779424;-2,36257007938471;32,3;23,5;8,8;183;198;-15;0,5;0,636363636363636;0,636363636363636;0,5;0,136363636363636;11;6;7;3;4;3;3;4;-1;0;0;1
"824326";"2020-0352";"Paris Masters";"Hard";"64";"Masters";65;130;"Stan Wawrinka";"R";183;"SUI";35,6;110;"Andrey Rublev";"R";188;"RUS";23;"1-6 6-4 6-3";3;"R16";101;12;2;80;53;36;16;13;3;6;10;4;77;49;35;15;13;2;5;20;2230;8;3839;1;6;6;NA;NA;6;4;3;NA;NA;2020-11-02;2020;"2020-0352:65";841;0;2,67807190511264;4;110;"Andrey Rublev";130;"Stan Wawrinka";4;2,67807190511264;1,32192809488736;23;35,6;-12,6;188;183;5;0,5;0,4;0,4;0,5;-0,1;5;6;2;3;3;3;3;3;0;0;0;1
"824327";"2020-0352";"Paris Masters";"Hard";"64";"Masters";66;115;"Diego Schwartzman";"R";170;"ARG";28,2;25;"Alejandro Davidovich Fokina";"R";183;"ESP";21,4;"6-1 6-1";3;"R16";60;0;1;51;27;18;15;7;4;4;0;2;34;20;9;3;7;1;6;9;3285;63;963;6;6;NA;NA;NA;1;1;NA;NA;NA;2020-11-02;2020;"2020-0352:66";842;0;3,83007499855769;1,02272007650008;25;"Alejandro Davidovich Fokina";115;"Diego Schwartzman";1,02272007650008;3,83007499855769;-2,8073549220576;21,4;28,2;-6,8;183;170;13;1;0,166666666666667;0,166666666666667;1;-0,833333333333333;6;4;1;4;5;0;0;5;-5;0;0;1
"824328";"2020-0352";"Paris Masters";"Hard";"64";"Masters";67;86;"Daniil Medvedev";"R";198;"RUS";24,7;26;"Alex De Minaur";"R";183;"AUS";21,7;"5-7 6-2 6-2";3;"R16";111;13;2;78;50;37;15;14;1;3;2;1;80;51;36;11;14;1;6;5;5980;25;1815;5;6;6;NA;NA;7;2;2;NA;NA;2020-11-02;2020;"2020-0352:67";843;0;4,67807190511264;2,35614381022528;26;"Alex De Minaur";86;"Daniil Medvedev";2,35614381022528;4,67807190511264;-2,32192809488736;21,7;24,7;-3;183;198;-15;0,333333333333333;0,166666666666667;0,166666666666667;0,333333333333333;-0,166666666666667;6;3;1;1;5;2;2;5;-3;0;0;1
"824329";"2020-0352";"Paris Masters";"Hard";"64";"Masters";68;109;"Milos Raonic";"R";196;"CAN";29,8;50;"Marcos Giron";"R";180;"USA";27,2;"7-6(1) 6-2";3;"R16";81;17;1;53;34;30;14;10;0;0;2;1;72;46;32;11;10;5;7;17;2265;91;769;7;6;NA;NA;NA;6;2;NA;NA;NA;2020-11-02;2020;"2020-0352:68";844;0;2,91253715874966;0,492205359801304;50;"Marcos Giron";109;"Milos Raonic";0,492205359801304;2,91253715874966;-2,42033179894836;27,2;29,8;-2,6;180;196;-16;1,5;0,714285714285714;0,714285714285714;1,5;-0,785714285714286;7;0;5;0;2;0;0;2;-2;0;0;1
"824330";"2020-0352";"Paris Masters";"Hard";"64";"Masters";69;58;"Ugo Humbert";"L";188;"FRA";22,3;19;"Marin Cilic";"R";198;"CRO";32;"6-3 6-7(4) 6-3";3;"R16";144;19;3;106;63;53;18;16;3;4;11;4;83;45;38;18;14;5;8;34;1466;43;1280;6;6;6;NA;NA;3;7;3;NA;NA;2020-11-02;2020;"2020-0352:69";845;0;1,91253715874966;1,5737352452979;19;"Marin Cilic";58;"Ugo Humbert";1,5737352452979;1,91253715874966;-0,338801913451759;32;22,3;9,7;198;188;10;0,75;0,625;0,625;0,75;-0,125;8;4;5;3;3;1;1;3;-2;0;0;1
"824331";"2020-0352";"Paris Masters";"Hard";"64";"Masters";70;94;"Rafael Nadal";"L";185;"ESP";34,4;15;"Pablo Carreno Busta";"R";188;"ESP";29,3;"4-6 7-5 6-1";3;"QF";133;7;2;84;52;42;20;15;4;5;4;0;92;68;46;11;14;4;7;2;9850;15;2400;4;7;6;NA;NA;6;5;1;NA;NA;2020-11-02;2020;"2020-0352:70";846;0;6;3,09310940439148;15;"Pablo Carreno Busta";94;"Rafael Nadal";3,09310940439148;6;-2,90689059560852;29,3;34,4;-5,1;188;185;3;0,8;0,571428571428571;0,571428571428571;0,8;-0,228571428571429;7;5;4;4;3;1;1;3;-2;0;0;1
"824332";"2020-0352";"Paris Masters";"Hard";"64";"Masters";71;133;"Alexander Zverev";"R";198;"GER";23,5;130;"Stan Wawrinka";"R";183;"SUI";35,6;"6-3 7-6(1)";3;"QF";85;8;2;62;46;37;6;10;2;4;2;1;65;36;23;14;11;0;4;7;5015;20;2230;6;7;NA;NA;NA;3;6;NA;NA;NA;2020-11-02;2020;"2020-0352:71";847;0;4,1926450779424;2,67807190511264;130;"Stan Wawrinka";133;"Alexander Zverev";2,67807190511264;4,1926450779424;-1,51457317282976;35,6;23,5;12,1;183;198;-15;0,5;0;0;0,5;-0,5;4;4;0;2;4;2;2;4;-2;0;0;1
"824333";"2020-0352";"Paris Masters";"Hard";"64";"Masters";72;86;"Daniil Medvedev";"R";198;"RUS";24,7;115;"Diego Schwartzman";"R";170;"ARG";28,2;"6-3 6-1";3;"QF";62;8;2;37;28;27;5;8;0;0;0;0;52;35;18;8;8;2;6;5;5980;9;3285;6;6;NA;NA;NA;3;1;NA;NA;NA;2020-11-02;2020;"2020-0352:72";848;1;4,67807190511264;3,83007499855769;86;"Daniil Medvedev";115;"Diego Schwartzman";4,67807190511264;3,83007499855769;0,84799690655495;24,7;28,2;-3,5;198;170;28;1,5;0,333333333333333;1,5;0,333333333333333;1,16666666666667;6;0;2;0;4;0;4;0;4;0;0;1
"824334";"2020-0352";"Paris Masters";"Hard";"64";"Masters";73;109;"Milos Raonic";"R";196;"CAN";29,8;58;"Ugo Humbert";"L";188;"FRA";22,3;"6-3 3-6 7-6(7)";3;"QF";138;25;4;87;63;50;15;15;5;6;9;1;101;71;51;19;15;9;10;17;2265;34;1466;6;3;7;NA;NA;3;6;6;NA;NA;2020-11-02;2020;"2020-0352:73";849;0;2,91253715874966;1,91253715874966;58;"Ugo Humbert";109;"Milos Raonic";1,91253715874966;2,91253715874966;-1;22,3;29,8;-7,5;188;196;-8;0,833333333333333;0,9;0,9;0,833333333333333;0,0666666666666667;10;6;9;5;1;1;1;1;0;0;0;1
"824335";"2020-0352";"Paris Masters";"Hard";"64";"Masters";74;133;"Alexander Zverev";"R";198;"GER";23,5;94;"Rafael Nadal";"L";185;"ESP";34,4;"6-4 7-5";3;"SF";99;13;1;60;43;34;9;11;2;3;5;0;68;46;29;12;11;5;8;7;5015;2;9850;6;7;NA;NA;NA;4;5;NA;NA;NA;2020-11-02;2020;"2020-0352:74";850;0;4,1926450779424;6;94;"Rafael Nadal";133;"Alexander Zverev";6;4,1926450779424;1,8073549220576;34,4;23,5;10,9;185;198;-13;0,666666666666667;0,625;0,625;0,666666666666667;-0,0416666666666666;8;3;5;2;3;1;1;3;-2;0;0;1
"824336";"2020-0352";"Paris Masters";"Hard";"64";"Masters";75;86;"Daniil Medvedev";"R";198;"RUS";24,7;109;"Milos Raonic";"R";196;"CAN";29,8;"6-4 7-6(4)";3;"SF";97;7;3;70;51;41;10;11;6;7;12;1;68;47;38;6;11;1;3;5;5980;17;2265;6;7;NA;NA;NA;4;6;NA;NA;NA;2020-11-02;2020;"2020-0352:75";851;1;4,67807190511264;2,91253715874966;86;"Daniil Medvedev";109;"Milos Raonic";4,67807190511264;2,91253715874966;1,76553474636298;24,7;29,8;-5,1;198;196;2;0,857142857142857;0,333333333333333;0,857142857142857;0,333333333333333;0,523809523809524;3;7;1;6;2;1;2;1;1;0;0;1
"824337";"2020-0352";"Paris Masters";"Hard";"64";"Masters";76;86;"Daniil Medvedev";"R";198;"RUS";24,7;133;"Alexander Zverev";"R";198;"GER";23,5;"5-7 6-4 6-1";3;"F";127;14;2;83;48;38;21;14;6;7;11;3;102;76;51;9;15;6;10;5;5980;7;5015;5;6;6;NA;NA;7;4;1;NA;NA;2020-11-02;2020;"2020-0352:76";852;1;4,67807190511264;4,1926450779424;86;"Daniil Medvedev";133;"Alexander Zverev";4,67807190511264;4,1926450779424;0,485426827170242;24,7;23,5;1,2;198;198;0;0,857142857142857;0,6;0,857142857142857;0,6;0,257142857142857;10;7;6;6;4;1;4;1;3;0;0;1
"829398";"2021-0403";"Miami Masters";"Hard";"128";"Masters";9;12;"Jenson Brooksby";"R";188;"USA";20,4;79;"Henri Laaksonen";"R";185;"SUI";28,9;"7-6(2) 2-6 6-1";3;"Q1";119;1;0;96;69;43;17;13;8;12;6;3;91;47;28;23;14;3;8;231;283;134;548;7;2;6;NA;NA;6;6;1;NA;NA;2021-03-22;2021;"2021-0403:9";853;1;0,148250958583943;0,933910809542228;12;"Jenson Brooksby";79;"Henri Laaksonen";0,148250958583943;0,933910809542228;-0,785659850958285;20,4;28,9;-8,5;188;185;3;0,666666666666667;0,375;0,666666666666667;0,375;0,291666666666667;8;12;3;8;5;4;5;4;1;0;0;1
"829403";"2021-0403";"Miami Masters";"Hard";"128";"Masters";14;54;"Emilio Gomez";"R";185;"ECU";29,3;20;"Marius Copil";"R";193;"ROU";30,4;"6-3 6-4";3;"Q1";70;2;1;51;28;22;15;9;1;2;5;4;57;27;17;15;10;4;8;168;424;220;303;6;6;NA;NA;NA;3;4;NA;NA;NA;2021-03-22;2021;"2021-0403:14";854;0;0,607682577221239;0,21864028647534;20;"Marius Copil";54;"Emilio Gomez";0,21864028647534;0,607682577221239;-0,389042290745899;30,4;29,3;1,1;193;185;8;0,5;0,5;0,5;0,5;0;8;2;4;1;4;1;1;4;-3;0;0;1
"829406";"2021-0403";"Miami Masters";"Hard";"128";"Masters";17;95;"Brandon Nakashima";"R";185;"USA";19,6;38;"Christopher Eubanks";"R";201;"USA";24,8;"6-7(5) 6-4 6-4";3;"Q1";128;10;2;99;64;52;19;16;2;2;10;2;96;68;51;18;16;2;4;143;524;235;274;6;6;6;NA;NA;7;4;4;NA;NA;2021-03-22;2021;"2021-0403:17";855;0;0,840128663221611;0,123483053435001;38;"Christopher Eubanks";95;"Brandon Nakashima";0,123483053435001;0,840128663221611;-0,71664560978661;24,8;19,6;5,2;201;185;16;1;0,5;0,5;1;-0,5;4;2;2;2;2;0;0;2;-2;0;0;1
"829407";"2021-0403";"Miami Masters";"Hard";"128";"Masters";18;37;"Ernesto Escobedo";"R";185;"USA";24,7;23;"Maxime Cressy";"R";198;"USA";23,8;"6-3 6-4";3;"Q1";76;3;3;58;44;39;4;10;2;2;4;6;52;28;20;12;9;2;4;205;343;156;470;6;6;NA;NA;NA;3;4;NA;NA;NA;2021-03-22;2021;"2021-0403:18";856;0;0,320519900494554;0,714597781137751;23;"Maxime Cressy";37;"Ernesto Escobedo";0,714597781137751;0,320519900494554;0,394077880643198;23,8;24,7;-0,899999999999999;198;185;13;1;0,5;0,5;1;-0,5;4;2;2;2;2;0;0;2;-2;0;0;1
"829414";"2021-0403";"Miami Masters";"Hard";"128";"Masters";25;85;"Mackenzie Mcdonald";"R";178;"USA";25,9;65;"Ivo Karlovic";"R";208;"CRO";42;"7-6(3) 6-4";3;"Q2";73;5;1;63;50;42;8;11;1;1;18;3;59;38;34;10;11;1;2;120;633;172;419;7;6;NA;NA;NA;6;4;NA;NA;NA;2021-03-22;2021;"2021-0403:25";857;0;1,09310940439148;0,573735245297902;65;"Ivo Karlovic";85;"Mackenzie Mcdonald";0,573735245297902;1,09310940439148;-0,519374159093579;42;25,9;16,1;208;178;30;1;0,5;0,5;1;-0,5;2;1;1;1;1;0;0;1;-1;0;0;1
"829418";"2021-0403";"Miami Masters";"Hard";"128";"Masters";29;40;"Thomas Fabbiano";"R";173;"ITA";31,8;12;"Jenson Brooksby";"R";188;"USA";20,4;"5-7 6-2 7-5";3;"Q2";151;0;3;111;83;51;10;16;7;13;3;0;101;63;35;15;16;7;15;178;400;231;283;5;6;7;NA;NA;7;2;5;NA;NA;2021-03-22;2021;"2021-0403:29";858;0;0,524266569033602;0,148250958583943;12;"Jenson Brooksby";40;"Thomas Fabbiano";0,148250958583943;0,524266569033602;-0,37601561044966;20,4;31,8;-11,4;188;173;15;0,538461538461538;0,466666666666667;0,466666666666667;0,538461538461538;-0,0717948717948718;15;13;7;7;8;6;6;8;-2;0;0;1
"829422";"2021-0403";"Miami Masters";"Hard";"128";"Masters";33;37;"Ernesto Escobedo";"R";185;"USA";24,7;95;"Brandon Nakashima";"R";185;"USA";19,6;"6-4 7-6(4)";3;"Q2";102;12;0;66;44;36;14;11;2;2;8;0;78;51;37;15;11;5;6;205;343;143;524;6;7;NA;NA;NA;4;6;NA;NA;NA;2021-03-22;2021;"2021-0403:33";859;1;0,320519900494554;0,840128663221611;37;"Ernesto Escobedo";95;"Brandon Nakashima";0,320519900494554;0,840128663221611;-0,519608762727057;24,7;19,6;5,1;185;185;0;1;0,833333333333333;1;0,833333333333333;0,166666666666667;6;2;5;2;1;0;1;0;1;0;0;1
"829426";"2021-0403";"Miami Masters";"Hard";"128";"Masters";37;34;"Damir Dzumhur";"R";172;"BIH";28,8;3;"Kevin Anderson";"R";203;"RSA";34,8;"7-6(6) 7-5";3;"R128";116;2;1;80;56;45;12;12;7;8;14;3;78;48;37;14;12;1;3;126;599;91;845;7;7;NA;NA;NA;6;5;NA;NA;NA;2021-03-22;2021;"2021-0403:37";860;0;1,02272007650008;1,4922053598013;3;"Kevin Anderson";34;"Damir Dzumhur";1,4922053598013;1,02272007650008;0,46948528330122;34,8;28,8;6;203;172;31;0,875;0,333333333333333;0,333333333333333;0,875;-0,541666666666667;3;8;1;7;2;1;1;2;-1;0;0;1
"829427";"2021-0403";"Miami Masters";"Hard";"128";"Masters";38;7;"Aljaz Bedene";"R";181;"SLO";31,6;40;"Thomas Fabbiano";"R";173;"ITA";31,8;"7-6(5) 1-6 6-3";3;"R128";156;13;8;95;45;35;18;14;8;14;1;2;100;69;43;13;14;6;11;59;1110;178;400;7;1;6;NA;NA;6;6;3;NA;NA;2021-03-22;2021;"2021-0403:38";861;1;2,11735695063816;0,524266569033602;7;"Aljaz Bedene";40;"Thomas Fabbiano";2,11735695063816;0,524266569033602;1,59309038160456;31,6;31,8;-0,199999999999999;181;173;8;0,571428571428571;0,545454545454545;0,571428571428571;0,545454545454545;0,025974025974026;11;14;6;8;5;6;5;6;-1;0;0;1
"829428";"2021-0403";"Miami Masters";"Hard";"128";"Masters";39;43;"Bjorn Fratangelo";"R";183;"USA";27,6;129;"Fernando Verdasco";"L";188;"ESP";37,3;"6-4 6-4";3;"R128";90;11;3;73;45;34;12;10;6;7;3;3;59;38;27;9;10;3;6;233;277;72;985;6;6;NA;NA;NA;4;4;NA;NA;NA;2021-03-22;2021;"2021-0403:39";862;1;0,135813855345719;1,83007499855769;43;"Bjorn Fratangelo";129;"Fernando Verdasco";0,135813855345719;1,83007499855769;-1,69426114321197;27,6;37,3;-9,7;183;188;-5;0,857142857142857;0,5;0,857142857142857;0,5;0,357142857142857;6;7;3;6;3;1;3;1;2;0;0;1
"829430";"2021-0403";"Miami Masters";"Hard";"128";"Masters";41;125;"Jordan Thompson";"R";183;"AUS";26,9;28;"Federico Delbonis";"L";190;"ARG";30,4;"7-6(6) 6-4";3;"R128";132;6;0;78;49;38;14;11;3;4;6;4;72;44;31;13;11;3;5;60;1104;80;906;7;6;NA;NA;NA;6;4;NA;NA;NA;2021-03-22;2021;"2021-0403:41";863;0;2,09310940439148;1,67807190511264;28;"Federico Delbonis";125;"Jordan Thompson";1,67807190511264;2,09310940439148;-0,415037499278844;30,4;26,9;3,5;190;183;7;0,75;0,6;0,6;0,75;-0,15;5;4;3;3;2;1;1;2;-1;0;0;1
"829432";"2021-0403";"Miami Masters";"Hard";"128";"Masters";43;75;"Denis Kudla";"R";180;"USA";28,5;18;"Jeremy Chardy";"R";188;"FRA";34,1;"3-6 6-3 6-4";3;"R128";114;5;5;76;43;34;21;14;0;1;7;7;81;44;34;20;14;1;3;123;608;49;1190;3;6;6;NA;NA;6;3;4;NA;NA;2021-03-22;2021;"2021-0403:43";864;0;1,05748549466076;2,38529015588479;18;"Jeremy Chardy";75;"Denis Kudla";2,38529015588479;1,05748549466076;1,32780466122403;34,1;28,5;5,6;188;180;8;0;0,333333333333333;0,333333333333333;0;0,333333333333333;3;1;1;0;2;1;1;2;-1;0;0;1
"829433";"2021-0403";"Miami Masters";"Hard";"128";"Masters";44;61;"Ilya Ivashka";"R";193;"BLR";27;77;"Soon Woo Kwon";"R";180;"KOR";23,3;"7-6(4) 6-7(4) 7-6(3)";3;"R128";198;20;3;126;91;65;19;18;7;11;3;9;134;74;55;30;18;7;11;116;673;79;910;7;6;7;NA;NA;6;7;6;NA;NA;2021-03-22;2021;"2021-0403:44";865;1;1,14201900487243;1,6962192518229;61;"Ilya Ivashka";77;"Soon Woo Kwon";1,14201900487243;1,6962192518229;-0,554200246950469;27;23,3;3,7;193;180;13;0,636363636363636;0,636363636363636;0,636363636363636;0,636363636363636;0;11;11;7;7;4;4;4;4;0;0;0;1
"829437";"2021-0403";"Miami Masters";"Hard";"128";"Masters";48;19;"Marin Cilic";"R";198;"CRO";32,4;21;"Federico Coria";"R";180;"ARG";29;"6-3 2-6 6-4";3;"R128";123;8;3;81;48;41;13;14;6;9;5;5;89;53;33;21;13;4;7;45;1373;84;878;6;2;6;NA;NA;3;6;4;NA;NA;2021-03-22;2021;"2021-0403:48";866;1;2,50814690367033;1,60768257722124;19;"Marin Cilic";21;"Federico Coria";2,50814690367033;1,60768257722124;0,900464326449086;32,4;29;3,4;198;180;18;0,666666666666667;0,571428571428571;0,666666666666667;0,571428571428571;0,0952380952380952;7;9;4;6;3;3;3;3;0;0;0;1
"829438";"2021-0403";"Miami Masters";"Hard";"128";"Masters";49;72;"Sebastian Korda";"R";196;"USA";20,7;1;"Radu Albot";"R";175;"MDA";31,3;"6-3 6-0";3;"R128";74;2;0;57;39;26;12;8;5;5;1;3;49;30;15;9;7;7;11;87;865;77;936;6;6;NA;NA;NA;3;0;NA;NA;NA;2021-03-22;2021;"2021-0403:49";867;0;1,55705650415127;1,7332134593051;1;"Radu Albot";72;"Sebastian Korda";1,7332134593051;1,55705650415127;0,176156955153827;31,3;20,7;10,6;175;196;-21;1;0,636363636363636;0,636363636363636;1;-0,363636363636364;11;5;7;5;4;0;0;4;-4;0;0;1
"829440";"2021-0403";"Miami Masters";"Hard";"128";"Masters";51;66;"Miomir Kecmanovic";"R";183;"SRB";21,5;11;"Liam Broady";"L";183;"GBR";27,2;"7-5 6-7(5) 6-1";3;"R128";144;10;3;103;66;49;19;16;5;8;3;3;96;57;37;16;15;8;14;46;1364;158;457;7;6;6;NA;NA;5;7;1;NA;NA;2021-03-22;2021;"2021-0403:51";868;0;2,47643804394299;0,696219251822897;11;"Liam Broady";66;"Miomir Kecmanovic";0,696219251822897;2,47643804394299;-1,78021879212009;27,2;21,5;5,7;183;183;0;0,625;0,571428571428571;0,571428571428571;0,625;-0,0535714285714286;14;8;8;5;6;3;3;6;-3;0;0;1
"829442";"2021-0403";"Miami Masters";"Hard";"128";"Masters";53;33;"James Duckworth";"R";183;"AUS";29,1;134;"Mischa Zverev";"L";190;"GER";33,5;"6-2 4-6 6-4";3;"R128";132;7;1;85;44;31;21;14;5;9;5;2;91;52;33;17;14;6;12;104;771;280;209;6;4;6;NA;NA;2;6;4;NA;NA;2021-03-22;2021;"2021-0403:53";869;1;1,29956028185891;-0,129283016944967;33;"James Duckworth";134;"Mischa Zverev";1,29956028185891;-0,129283016944967;1,42884329880388;29,1;33,5;-4,4;183;190;-7;0,555555555555556;0,5;0,555555555555556;0,5;0,0555555555555556;12;9;6;5;6;4;6;4;2;0;0;1
"829444";"2021-0403";"Miami Masters";"Hard";"128";"Masters";55;50;"Marcos Giron";"R";180;"USA";27,6;101;"Tommy Paul";"R";185;"USA";23,8;"7-6(5) 6-4";3;"R128";115;4;1;88;50;41;19;11;7;7;7;4;76;52;39;9;11;2;3;88;864;53;1155;7;6;NA;NA;NA;6;4;NA;NA;NA;2021-03-22;2021;"2021-0403:55";870;1;1,5405683813627;2,2720795454368;50;"Marcos Giron";101;"Tommy Paul";1,5405683813627;2,2720795454368;-0,731511164074099;27,6;23,8;3,8;180;185;-5;1;0,666666666666667;1;0,666666666666667;0,333333333333333;3;7;2;7;1;0;1;0;1;0;0;1
"829445";"2021-0403";"Miami Masters";"Hard";"128";"Masters";56;98;"Cameron Norrie";"L";188;"GBR";25,5;97;"Yoshihito Nishioka";"L";170;"JPN";25,4;"6-1 3-6 7-5";3;"R128";135;8;1;82;51;34;13;14;4;9;1;2;86;63;32;12;14;3;10;56;1140;66;1046;6;3;7;NA;NA;1;6;5;NA;NA;2021-03-22;2021;"2021-0403:56";871;0;2,1926450779424;1,95560588064155;97;"Yoshihito Nishioka";98;"Cameron Norrie";1,95560588064155;2,1926450779424;-0,23703919730085;25,4;25,5;-0,100000000000001;170;188;-18;0,444444444444444;0,3;0,3;0,444444444444444;-0,144444444444444;10;9;3;4;7;5;5;7;-2;0;0;1
"829447";"2021-0403";"Miami Masters";"Hard";"128";"Masters";58;49;"Hugo Gaston";"L";173;"FRA";20,4;69;"Dominik Koepfer";"L";180;"GER";26,8;"6-1 6-4";3;"R128";71;2;0;54;25;17;17;9;0;2;1;3;49;32;18;5;8;1;6;162;445;54;1146;6;6;NA;NA;NA;1;4;NA;NA;NA;2021-03-22;2021;"2021-0403:58";872;1;0,660149997115376;2,24511249783653;49;"Hugo Gaston";69;"Dominik Koepfer";0,660149997115376;2,24511249783653;-1,58496250072116;20,4;26,8;-6,4;173;180;-7;0;0,166666666666667;0;0,166666666666667;-0,166666666666667;6;2;1;0;5;2;5;2;3;0;0;1
"829449";"2021-0403";"Miami Masters";"Hard";"128";"Masters";60;113;"Emil Ruusuvuori";"R";188;"FIN";21,9;2;"Carlos Alcaraz";"R";185;"ESP";17,8;"6-4 2-6 7-5";3;"R128";131;1;4;94;65;42;15;15;3;6;2;4;83;53;37;16;15;4;7;83;881;132;561;6;2;7;NA;NA;4;6;5;NA;NA;2021-03-22;2021;"2021-0403:60";873;0;1,62496056865308;0,955605880641547;2;"Carlos Alcaraz";113;"Emil Ruusuvuori";0,955605880641547;1,62496056865308;-0,669354688011529;17,8;21,9;-4,1;185;188;-3;0,5;0,571428571428571;0,571428571428571;0,5;0,0714285714285714;7;6;4;3;3;3;3;3;0;0;0;1
"829452";"2021-0403";"Miami Masters";"Hard";"128";"Masters";63;85;"Mackenzie Mcdonald";"R";178;"USA";25,9;105;"Vasek Pospisil";"R";193;"CAN";30,7;"6-3 4-6 6-3";3;"R128";122;2;2;81;56;43;15;14;2;3;6;4;86;48;36;17;14;5;8;120;633;67;1033;6;4;6;NA;NA;3;6;3;NA;NA;2021-03-22;2021;"2021-0403:63";874;1;1,09310940439148;1,93391080954223;85;"Mackenzie Mcdonald";105;"Vasek Pospisil";1,09310940439148;1,93391080954223;-0,840801405150747;25,9;30,7;-4,8;178;193;-15;0,666666666666667;0,625;0,666666666666667;0,625;0,0416666666666666;8;3;5;2;3;1;3;1;2;0;0;1
"829456";"2021-0403";"Miami Masters";"Hard";"128";"Masters";67;104;"Alexei Popyrin";"R";196;"AUS";21,6;81;"Feliciano Lopez";"L";188;"ESP";39,5;"6-4 7-6(4)";3;"R128";82;9;5;66;32;25;20;11;3;5;10;3;60;28;21;17;11;0;3;86;873;64;1066;6;7;NA;NA;NA;4;6;NA;NA;NA;2021-03-22;2021;"2021-0403:67";875;0;1,5737352452979;2;81;"Feliciano Lopez";104;"Alexei Popyrin";2;1,5737352452979;0,426264754702098;39,5;21,6;17,9;188;196;-8;0,6;0;0;0,6;-0,6;3;5;0;3;3;2;2;3;-1;0;0;1
"829458";"2021-0403";"Miami Masters";"Hard";"128";"Masters";69;127;"Stefanos Tsitsipas";"R";193;"GRE";22,6;34;"Damir Dzumhur";"R";172;"BIH";28,8;"6-1 6-4";3;"R64";68;6;0;49;38;29;7;9;0;0;1;2;49;34;20;9;8;6;9;5;6950;126;599;6;6;NA;NA;NA;1;4;NA;NA;NA;2021-03-22;2021;"2021-0403:69";876;0;5,67807190511264;1,02272007650008;34;"Damir Dzumhur";127;"Stefanos Tsitsipas";1,02272007650008;5,67807190511264;-4,65535182861256;28,8;22,6;6,2;172;193;-21;1,5;0,666666666666667;0,666666666666667;1,5;-0,833333333333333;9;0;6;0;3;0;0;3;-3;0;0;1
"829459";"2021-0403";"Miami Masters";"Hard";"128";"Masters";70;96;"Kei Nishikori";"R";178;"JPN";31,2;7;"Aljaz Bedene";"R";181;"SLO";31,6;"7-6(6) 5-7 6-4";3;"R64";170;3;2;101;67;49;18;17;2;6;11;6;116;73;56;14;17;2;6;39;1513;59;1110;7;5;6;NA;NA;6;7;4;NA;NA;2021-03-22;2021;"2021-0403:70";877;0;2,71459778113775;2,11735695063816;7;"Aljaz Bedene";96;"Kei Nishikori";2,11735695063816;2,71459778113775;-0,597240830499593;31,6;31,2;0,400000000000002;181;178;3;0,333333333333333;0,333333333333333;0,333333333333333;0,333333333333333;0;6;6;2;2;4;4;4;4;0;0;0;1
"829460";"2021-0403";"Miami Masters";"Hard";"128";"Masters";71;121;"Lorenzo Sonego";"R";191;"ITA";25,8;43;"Bjorn Fratangelo";"R";183;"USA";27,6;"6-4 7-6(5)";3;"R64";105;10;3;63;45;35;10;11;0;2;1;0;73;39;26;16;11;4;7;34;1668;233;277;6;7;NA;NA;NA;4;6;NA;NA;NA;2021-03-22;2021;"2021-0403:71";878;0;2,91253715874966;0,135813855345719;43;"Bjorn Fratangelo";121;"Lorenzo Sonego";0,135813855345719;2,91253715874966;-2,77672330340394;27,6;25,8;1,8;183;191;-8;0;0,571428571428571;0,571428571428571;0;0,571428571428571;7;2;4;0;3;2;2;3;-1;0;0;1
"829461";"2021-0403";"Miami Masters";"Hard";"128";"Masters";72;46;"Daniel Elahi Galan";"R";191;"COL";24,7;26;"Alex De Minaur";"R";183;"AUS";22;"4-6 6-3 6-4";3;"R64";155;4;0;100;67;48;15;15;10;13;2;2;89;56;36;17;14;4;8;113;702;23;2190;4;6;6;NA;NA;6;3;4;NA;NA;2021-03-22;2021;"2021-0403:72";879;0;1,17982103758481;3,47643804394299;26;"Alex De Minaur";46;"Daniel Elahi Galan";3,47643804394299;1,17982103758481;2,29661700635817;22;24,7;-2,7;183;191;-8;0,769230769230769;0,5;0,5;0,769230769230769;-0,269230769230769;8;13;4;10;4;3;3;4;-1;0;0;1
"829462";"2021-0403";"Miami Masters";"Hard";"128";"Masters";73;109;"Milos Raonic";"R";196;"CAN";30,2;125;"Jordan Thompson";"R";183;"AUS";26,9;"6-2 6-1";3;"R64";59;14;2;37;23;22;10;8;0;0;2;0;47;30;16;5;7;3;7;19;2450;60;1104;6;6;NA;NA;NA;2;1;NA;NA;NA;2021-03-22;2021;"2021-0403:73";880;1;3,75207248655641;2,09310940439148;109;"Milos Raonic";125;"Jordan Thompson";3,75207248655641;2,09310940439148;1,65896308216493;30,2;26,9;3,3;196;183;13;1,5;0,428571428571429;1,5;0,428571428571429;1,07142857142857;7;0;3;0;4;0;4;0;4;0;0;1
"829463";"2021-0403";"Miami Masters";"Hard";"128";"Masters";74;58;"Ugo Humbert";"L";188;"FRA";22,7;122;"Joao Sousa";"R";185;"POR";31,9;"6-1 6-4";3;"R64";73;6;2;50;28;24;13;9;2;2;2;1;50;27;16;12;8;1;4;30;1790;103;777;6;6;NA;NA;NA;1;4;NA;NA;NA;2021-03-22;2021;"2021-0403:74";881;1;3,09310940439148;1,31349947281678;58;"Ugo Humbert";122;"Joao Sousa";3,09310940439148;1,31349947281678;1,7796099315747;22,7;31,9;-9,2;188;185;3;1;0,25;1;0,25;0,75;4;2;1;2;3;0;3;0;3;0;0;1
"829464";"2021-0403";"Miami Masters";"Hard";"128";"Masters";75;59;"Hubert Hurkacz";"R";196;"POL";24,1;75;"Denis Kudla";"R";180;"USA";28,5;"7-6(5) 6-4";3;"R64";94;12;4;67;42;35;12;11;3;4;3;2;72;39;27;19;11;2;4;37;1645;123;608;7;6;NA;NA;NA;6;4;NA;NA;NA;2021-03-22;2021;"2021-0403:75";882;1;2,79054663437105;1,05748549466076;59;"Hubert Hurkacz";75;"Denis Kudla";2,79054663437105;1,05748549466076;1,73306113971029;24,1;28,5;-4,4;196;180;16;0,75;0,5;0,75;0,5;0,25;4;4;2;3;2;1;2;1;1;0;0;1
"829465";"2021-0403";"Miami Masters";"Hard";"128";"Masters";76;117;"Denis Shapovalov";"L";185;"CAN";21,9;61;"Ilya Ivashka";"R";193;"BLR";27;"6-7(5) 6-4 6-4";3;"R64";186;8;11;102;58;44;26;16;6;7;1;3;119;72;50;25;16;10;13;11;3000;116;673;6;6;6;NA;NA;7;4;4;NA;NA;2021-03-22;2021;"2021-0403:76";883;0;4,5405683813627;1,14201900487243;61;"Ilya Ivashka";117;"Denis Shapovalov";1,14201900487243;4,5405683813627;-3,39854937649027;27;21,9;5,1;193;185;8;0,857142857142857;0,769230769230769;0,769230769230769;0,857142857142857;-0,0879120879120878;13;7;10;6;3;1;1;3;-2;0;0;1
"829466";"2021-0403";"Miami Masters";"Hard";"128";"Masters";77;110;"Andrey Rublev";"R";188;"RUS";23,4;114;"Tennys Sandgren";"R";188;"USA";29,6;"6-1 6-2";3;"R64";69;2;1;42;28;23;11;8;0;0;8;2;55;30;19;8;7;8;12;8;5101;62;1088;6;6;NA;NA;NA;1;2;NA;NA;NA;2021-03-22;2021;"2021-0403:77";884;1;5;2,04580368961313;110;"Andrey Rublev";114;"Tennys Sandgren";5;2,04580368961313;2,95419631038687;23,4;29,6;-6,2;188;188;0;1,5;0,666666666666667;1,5;0,666666666666667;0,833333333333333;12;0;8;0;4;0;4;0;4;0;0;1
"829467";"2021-0403";"Miami Masters";"Hard";"128";"Masters";78;45;"Marton Fucsovics";"R";188;"HUN";29,1;71;"Thanasi Kokkinakis";"R";196;"AUS";24,9;"7-6(3) 6-7(4) 6-4";3;"R64";191;3;5;123;69;53;28;17;7;8;7;3;105;59;47;27;17;3;5;40;1462;243;258;7;6;6;NA;NA;6;7;4;NA;NA;2021-03-22;2021;"2021-0403:78";885;1;2,67807190511264;0,0751874963942187;45;"Marton Fucsovics";71;"Thanasi Kokkinakis";2,67807190511264;0,0751874963942187;2,60288440871842;29,1;24,9;4,2;188;196;-8;0,875;0,6;0,875;0,6;0,275;5;8;3;7;2;1;2;1;1;0;0;1
"829468";"2021-0403";"Miami Masters";"Hard";"128";"Masters";79;93;"Lorenzo Musetti";"R";185;"ITA";19;100;"Benoit Paire";"R";196;"FRA";31,8;"6-3 6-3";3;"R64";60;3;1;52;38;29;7;9;4;5;7;5;51;25;18;9;9;2;6;94;823;33;1773;6;6;NA;NA;NA;3;3;NA;NA;NA;2021-03-22;2021;"2021-0403:79";886;1;1,44541114832236;2,95560588064155;93;"Lorenzo Musetti";100;"Benoit Paire";1,44541114832236;2,95560588064155;-1,51019473231918;19;31,8;-12,8;185;196;-11;0,8;0,333333333333333;0,8;0,333333333333333;0,466666666666667;6;5;2;4;4;1;4;1;3;0;0;1
"829469";"2021-0403";"Miami Masters";"Hard";"128";"Masters";80;19;"Marin Cilic";"R";198;"CRO";32,4;47;"Cristian Garin";"R";185;"CHI";24,8;"3-6 7-5 7-6(5)";3;"R64";164;15;6;113;68;46;24;17;11;15;7;2;104;56;38;28;16;7;10;45;1373;20;2385;3;7;7;NA;NA;6;5;6;NA;NA;2021-03-22;2021;"2021-0403:80";887;1;2,50814690367033;3,67807190511264;19;"Marin Cilic";47;"Cristian Garin";2,50814690367033;3,67807190511264;-1,16992500144231;32,4;24,8;7,6;198;185;13;0,733333333333333;0,7;0,733333333333333;0,7;0,0333333333333333;10;15;7;11;3;4;3;4;-1;0;0;1
"829470";"2021-0403";"Miami Masters";"Hard";"128";"Masters";81;72;"Sebastian Korda";"R";196;"USA";20,7;42;"Fabio Fognini";"R";178;"ITA";33,8;"1-6 6-4 6-2";3;"R64";106;5;1;72;55;38;8;13;8;12;1;7;79;43;26;18;12;4;8;87;865;17;2570;1;6;6;NA;NA;6;4;2;NA;NA;2021-03-22;2021;"2021-0403:81";888;0;1,55705650415127;3,91253715874966;42;"Fabio Fognini";72;"Sebastian Korda";3,91253715874966;1,55705650415127;2,35548065459839;33,8;20,7;13,1;178;196;-18;0,666666666666667;0,5;0,5;0,666666666666667;-0,166666666666667;8;12;4;8;4;4;4;4;0;0;0;1
"829471";"2021-0403";"Miami Masters";"Hard";"128";"Masters";82;64;"Aslan Karatsev";"R";185;"RUS";27,5;76;"Mikhail Kukushkin";"R";183;"KAZ";33,2;"6-4 6-3";3;"R64";81;3;2;56;26;20;17;10;1;3;1;1;47;32;18;7;9;3;7;27;1888;105;769;6;6;NA;NA;NA;4;3;NA;NA;NA;2021-03-22;2021;"2021-0403:82";889;1;3,24511249783653;1,28575448233388;64;"Aslan Karatsev";76;"Mikhail Kukushkin";3,24511249783653;1,28575448233388;1,95935801550265;27,5;33,2;-5,7;185;183;2;0,333333333333333;0,428571428571429;0,333333333333333;0,428571428571429;-0,0952380952380952;7;3;3;1;4;2;4;2;2;0;0;1
"829472";"2021-0403";"Miami Masters";"Hard";"128";"Masters";83;82;"Adrian Mannarino";"L";183;"FRA";32,7;66;"Miomir Kecmanovic";"R";183;"SRB";21,5;"6-3 6-4";3;"R64";90;7;2;66;36;26;16;10;3;4;2;2;62;45;28;8;9;5;8;36;1661;46;1364;6;6;NA;NA;NA;3;4;NA;NA;NA;2021-03-22;2021;"2021-0403:83";890;0;2,83007499855769;2,47643804394299;66;"Miomir Kecmanovic";82;"Adrian Mannarino";2,47643804394299;2,83007499855769;-0,353636954614701;21,5;32,7;-11,2;183;183;0;0,75;0,625;0,625;0,75;-0,125;8;4;5;3;3;1;1;3;-2;0;0;1
"829474";"2021-0403";"Miami Masters";"Hard";"128";"Masters";85;33;"James Duckworth";"R";183;"AUS";29,1;51;"David Goffin";"R";180;"BEL";30,2;"6-3 6-1";3;"R64";76;5;0;46;24;19;15;8;0;0;4;3;64;35;18;14;8;3;7;104;771;13;2795;6;6;NA;NA;NA;3;1;NA;NA;NA;2021-03-22;2021;"2021-0403:85";891;1;1,29956028185891;4,29956028185891;33;"James Duckworth";51;"David Goffin";1,29956028185891;4,29956028185891;-3;29,1;30,2;-1,1;183;180;3;1,5;0,428571428571429;1,5;0,428571428571429;1,07142857142857;7;0;3;0;4;0;4;0;4;0;0;1
"829475";"2021-0403";"Miami Masters";"Hard";"128";"Masters";86;13;"Alexander Bublik";"R";196;"KAZ";23,7;30;"Laslo Djere";"R";188;"SRB";25,8;"6-3 6-4";3;"R64";84;4;6;70;36;28;18;10;4;5;2;3;58;35;21;12;9;0;3;44;1385;57;1131;6;6;NA;NA;NA;3;4;NA;NA;NA;2021-03-22;2021;"2021-0403:86";892;1;2,5405683813627;2,16710998583526;13;"Alexander Bublik";30;"Laslo Djere";2,5405683813627;2,16710998583526;0,373458395527444;23,7;25,8;-2,1;196;188;8;0,8;0;0,8;0;0,8;3;5;0;4;3;1;3;1;2;0;0;1
"829476";"2021-0403";"Miami Masters";"Hard";"128";"Masters";87;44;"Taylor Fritz";"R";193;"USA";23,3;50;"Marcos Giron";"R";180;"USA";27,6;"6-2 6-2";3;"R64";55;6;3;44;29;25;8;8;0;0;2;2;43;24;15;4;8;1;5;32;1775;88;864;6;6;NA;NA;NA;2;2;NA;NA;NA;2021-03-22;2021;"2021-0403:87";893;1;3;1,5405683813627;44;"Taylor Fritz";50;"Marcos Giron";3;1,5405683813627;1,4594316186373;23,3;27,6;-4,3;193;180;13;1,5;0,2;1,5;0,2;1,3;5;0;1;0;4;0;4;0;4;0;0;1
"829477";"2021-0403";"Miami Masters";"Hard";"128";"Masters";88;98;"Cameron Norrie";"L";188;"GBR";25,5;29;"Grigor Dimitrov";"R";188;"BUL";29,8;"7-5 7-5";3;"R64";117;10;1;76;59;42;9;12;5;7;4;6;81;54;36;10;12;5;9;56;1140;16;2620;7;7;NA;NA;NA;5;5;NA;NA;NA;2021-03-22;2021;"2021-0403:88";894;0;2,1926450779424;4;29;"Grigor Dimitrov";98;"Cameron Norrie";4;2,1926450779424;1,8073549220576;29,8;25,5;4,3;188;188;0;0,714285714285714;0,555555555555556;0,555555555555556;0,714285714285714;-0,158730158730159;9;7;5;5;4;2;2;4;-2;0;0;1
"829479";"2021-0403";"Miami Masters";"Hard";"128";"Masters";90;119;"Jannik Sinner";"R";188;"ITA";19,5;49;"Hugo Gaston";"L";173;"FRA";20,4;"6-2 6-2";3;"R64";62;3;2;47;27;22;12;8;3;3;0;3;52;27;18;11;8;3;7;31;1789;162;445;6;6;NA;NA;NA;2;2;NA;NA;NA;2021-03-22;2021;"2021-0403:90";895;0;3,04580368961313;0,660149997115376;49;"Hugo Gaston";119;"Jannik Sinner";0,660149997115376;3,04580368961313;-2,38565369249775;20,4;19,5;0,899999999999999;173;188;-15;1;0,428571428571429;0,428571428571429;1;-0,571428571428571;7;3;3;3;4;0;0;4;-4;0;0;1
"829480";"2021-0403";"Miami Masters";"Hard";"128";"Masters";91;132;"Mikael Ymer";"R";183;"SWE";22,5;5;"Nikoloz Basilashvili";"R";185;"GEO";29;"6-3 4-6 6-4";3;"R64";132;1;1;95;73;41;11;15;4;10;1;5;80;45;26;15;14;5;12;95;820;38;1645;6;4;6;NA;NA;3;6;4;NA;NA;2021-03-22;2021;"2021-0403:91";896;0;1,43014439166905;2,75207248655641;5;"Nikoloz Basilashvili";132;"Mikael Ymer";2,75207248655641;1,43014439166905;1,32192809488736;29;22,5;6,5;185;183;2;0,4;0,416666666666667;0,416666666666667;0,4;0,0166666666666667;12;10;5;4;7;6;6;7;-1;0;0;1
"829481";"2021-0403";"Miami Masters";"Hard";"128";"Masters";92;113;"Emil Ruusuvuori";"R";188;"FIN";21,9;133;"Alexander Zverev";"R";198;"GER";23,9;"1-6 6-3 6-1";3;"R64";124;0;5;76;46;32;10;12;3;8;11;7;78;45;27;12;11;12;18;83;881;7;6070;1;6;6;NA;NA;6;3;1;NA;NA;2021-03-22;2021;"2021-0403:92";897;1;1,62496056865308;5,1926450779424;113;"Emil Ruusuvuori";133;"Alexander Zverev";1,62496056865308;5,1926450779424;-3,56768450928932;21,9;23,9;-2;188;198;-10;0,375;0,666666666666667;0,375;0,666666666666667;-0,291666666666667;18;8;12;3;6;5;6;5;1;0;0;1
"829483";"2021-0403";"Miami Masters";"Hard";"128";"Masters";94;123;"Jan Lennard Struff";"R";193;"GER";30,9;8;"Ricardas Berankis";"R";175;"LTU";30,7;"6-3 6-4";3;"R64";99;10;3;67;38;32;12;10;5;6;2;9;91;65;40;9;9;12;15;42;1450;89;860;6;6;NA;NA;NA;3;4;NA;NA;NA;2021-03-22;2021;"2021-0403:94";898;0;2,60768257722124;1,5242665690336;8;"Ricardas Berankis";123;"Jan Lennard Struff";1,5242665690336;2,60768257722124;-1,08341600818764;30,7;30,9;-0,199999999999999;175;193;-18;0,833333333333333;0,8;0,8;0,833333333333333;-0,0333333333333333;15;6;12;5;3;1;1;3;-2;0;0;1
"829484";"2021-0403";"Miami Masters";"Hard";"128";"Masters";95;60;"John Isner";"R";206;"USA";35,9;85;"Mackenzie Mcdonald";"R";178;"USA";25,9;"2-6 6-3 7-5";3;"R64";108;15;1;82;57;44;14;15;1;3;8;3;78;53;42;12;14;3;5;28;1850;120;633;2;6;7;NA;NA;6;3;5;NA;NA;2021-03-22;2021;"2021-0403:95";899;1;3,1926450779424;1,09310940439148;60;"John Isner";85;"Mackenzie Mcdonald";3,1926450779424;1,09310940439148;2,09953567355091;35,9;25,9;10;206;178;28;0,333333333333333;0,6;0,333333333333333;0,6;-0,266666666666667;5;3;3;1;2;2;2;2;0;0;0;1
"829485";"2021-0403";"Miami Masters";"Hard";"128";"Masters";96;4;"Felix Auger Aliassime";"R";193;"CAN";20,6;57;"Pierre Hugues Herbert";"R";188;"FRA";30;"6-4 6-4";3;"R64";92;2;5;58;36;29;8;10;3;5;5;1;60;29;17;17;10;4;8;18;2561;74;972;6;6;NA;NA;NA;4;4;NA;NA;NA;2021-03-22;2021;"2021-0403:96";900;1;3,83007499855769;1,79054663437105;4;"Felix Auger Aliassime";57;"Pierre Hugues Herbert";3,83007499855769;1,79054663437105;2,03952836418664;20,6;30;-9,4;193;188;5;0,6;0,5;0,6;0,5;0,1;8;5;4;3;4;2;4;2;2;0;0;1
"829486";"2021-0403";"Miami Masters";"Hard";"128";"Masters";97;80;"Dusan Lajovic";"R";180;"SRB";30,7;37;"Ernesto Escobedo";"R";185;"USA";24,7;"6-2 6-3";3;"R64";73;6;0;42;27;21;12;8;2;2;3;1;58;34;24;7;9;2;6;26;1895;205;343;6;6;NA;NA;NA;2;3;NA;NA;NA;2021-03-22;2021;"2021-0403:97";901;0;3,29956028185891;0,320519900494554;37;"Ernesto Escobedo";80;"Dusan Lajovic";0,320519900494554;3,29956028185891;-2,97904038136435;24,7;30,7;-6;185;180;5;1;0,333333333333333;0,333333333333333;1;-0,666666666666667;6;2;2;2;4;0;0;4;-4;0;0;1
"829487";"2021-0403";"Miami Masters";"Hard";"128";"Masters";98;126;"Frances Tiafoe";"R";188;"USA";23,1;39;"Daniel Evans";"R";175;"GBR";30,8;"6-7(5) 6-3 6-3";3;"R64";170;10;1;96;64;50;15;15;3;4;8;3;103;57;41;20;15;4;8;58;1120;29;1813;6;6;6;NA;NA;7;3;3;NA;NA;2021-03-22;2021;"2021-0403:98";902;0;2,14201900487243;3,14201900487243;39;"Daniel Evans";126;"Frances Tiafoe";3,14201900487243;2,14201900487243;1;30,8;23,1;7,7;175;188;-13;0,75;0,5;0,5;0,75;-0,25;8;4;4;3;4;1;1;4;-3;0;0;1
"829488";"2021-0403";"Miami Masters";"Hard";"128";"Masters";99;104;"Alexei Popyrin";"R";196;"AUS";21,6;99;"Reilly Opelka";"R";211;"USA";23,5;"6-4 6-2";3;"R64";65;13;1;54;34;28;12;9;3;3;12;3;52;31;20;11;9;3;6;86;873;41;1457;6;6;NA;NA;NA;4;2;NA;NA;NA;2021-03-22;2021;"2021-0403:99";903;0;1,5737352452979;2,64244799538192;99;"Reilly Opelka";104;"Alexei Popyrin";2,64244799538192;1,5737352452979;1,06871275008401;23,5;21,6;1,9;211;196;15;1;0,5;0,5;1;-0,5;6;3;3;3;3;0;0;3;-3;0;0;1
"829490";"2021-0403";"Miami Masters";"Hard";"128";"Masters";101;127;"Stefanos Tsitsipas";"R";193;"GRE";22,6;96;"Kei Nishikori";"R";178;"JPN";31,2;"6-3 3-6 6-1";3;"R32";116;12;0;65;45;40;11;13;1;2;1;0;87;57;35;16;12;7;10;5;6950;39;1513;6;3;6;NA;NA;3;6;1;NA;NA;2021-03-22;2021;"2021-0403:101";904;0;5,67807190511264;2,71459778113775;96;"Kei Nishikori";127;"Stefanos Tsitsipas";2,71459778113775;5,67807190511264;-2,96347412397489;31,2;22,6;8,6;178;193;-15;0,5;0,7;0,7;0,5;0,2;10;2;7;1;3;1;1;3;-2;0;0;1
"829491";"2021-0403";"Miami Masters";"Hard";"128";"Masters";102;121;"Lorenzo Sonego";"R";191;"ITA";25,8;46;"Daniel Elahi Galan";"R";191;"COL";24,7;"7-6(6) 6-3";3;"R32";111;7;3;74;49;36;14;11;2;3;0;1;68;43;31;11;10;4;6;34;1668;113;702;7;6;NA;NA;NA;6;3;NA;NA;NA;2021-03-22;2021;"2021-0403:102";905;0;2,91253715874966;1,17982103758481;46;"Daniel Elahi Galan";121;"Lorenzo Sonego";1,17982103758481;2,91253715874966;-1,73271612116485;24,7;25,8;-1,1;191;191;0;0,666666666666667;0,666666666666667;0,666666666666667;0,666666666666667;0;6;3;4;2;2;1;1;2;-1;0;0;1
"829492";"2021-0403";"Miami Masters";"Hard";"128";"Masters";103;109;"Milos Raonic";"R";196;"CAN";30,2;58;"Ugo Humbert";"L";188;"FRA";22,7;"6-4 7-5";3;"R32";99;12;3;68;44;34;13;11;3;3;9;1;66;41;28;15;11;3;5;19;2450;30;1790;6;7;NA;NA;NA;4;5;NA;NA;NA;2021-03-22;2021;"2021-0403:103";906;0;3,75207248655641;3,09310940439148;58;"Ugo Humbert";109;"Milos Raonic";3,09310940439148;3,75207248655641;-0,658963082164933;22,7;30,2;-7,5;188;196;-8;1;0,6;0,6;1;-0,4;5;3;3;3;2;0;0;2;-2;0;0;1
"829493";"2021-0403";"Miami Masters";"Hard";"128";"Masters";104;59;"Hubert Hurkacz";"R";196;"POL";24,1;117;"Denis Shapovalov";"L";185;"CAN";21,9;"6-3 7-6(6)";3;"R32";92;2;1;69;47;38;15;11;3;3;4;1;61;44;35;8;10;0;1;37;1645;11;3000;6;7;NA;NA;NA;3;6;NA;NA;NA;2021-03-22;2021;"2021-0403:104";907;1;2,79054663437105;4,5405683813627;59;"Hubert Hurkacz";117;"Denis Shapovalov";2,79054663437105;4,5405683813627;-1,75002174699165;24,1;21,9;2,2;196;185;11;1;0;1;0;1;1;3;0;3;1;0;1;0;1;0;0;1
"829494";"2021-0403";"Miami Masters";"Hard";"128";"Masters";105;110;"Andrey Rublev";"R";188;"RUS";23,4;45;"Marton Fucsovics";"R";188;"HUN";29,1;"6-2 6-1";3;"R32";52;2;1;40;26;23;7;7;1;1;0;1;45;34;15;3;8;1;6;8;5101;40;1462;6;6;NA;NA;NA;2;1;NA;NA;NA;2021-03-22;2021;"2021-0403:105";908;0;5;2,67807190511264;45;"Marton Fucsovics";110;"Andrey Rublev";2,67807190511264;5;-2,32192809488736;29,1;23,4;5,7;188;188;0;1;0,166666666666667;0,166666666666667;1;-0,833333333333333;6;1;1;1;5;0;0;5;-5;0;0;1
"829495";"2021-0403";"Miami Masters";"Hard";"128";"Masters";106;19;"Marin Cilic";"R";198;"CRO";32,4;93;"Lorenzo Musetti";"R";185;"ITA";19;"6-3 6-4";3;"R32";74;9;2;55;28;24;18;10;2;2;5;1;51;37;24;9;9;1;3;45;1373;94;823;6;6;NA;NA;NA;3;4;NA;NA;NA;2021-03-22;2021;"2021-0403:106";909;1;2,50814690367033;1,44541114832236;19;"Marin Cilic";93;"Lorenzo Musetti";2,50814690367033;1,44541114832236;1,06273575534796;32,4;19;13,4;198;185;13;1;0,333333333333333;1;0,333333333333333;0,666666666666667;3;2;1;2;2;0;2;0;2;0;0;1
"829496";"2021-0403";"Miami Masters";"Hard";"128";"Masters";107;72;"Sebastian Korda";"R";196;"USA";20,7;64;"Aslan Karatsev";"R";185;"RUS";27,5;"6-3 6-0";3;"R32";67;3;0;42;21;18;13;7;2;2;1;4;50;26;16;7;8;4;9;87;865;27;1888;6;6;NA;NA;NA;3;0;NA;NA;NA;2021-03-22;2021;"2021-0403:107";910;0;1,55705650415127;3,24511249783653;64;"Aslan Karatsev";72;"Sebastian Korda";3,24511249783653;1,55705650415127;1,68805599368526;27,5;20,7;6,8;185;196;-11;1;0,444444444444444;0,444444444444444;1;-0,555555555555556;9;2;4;2;5;0;0;5;-5;0;0;1
"829497";"2021-0403";"Miami Masters";"Hard";"128";"Masters";108;115;"Diego Schwartzman";"R";170;"ARG";28,5;82;"Adrian Mannarino";"L";183;"FRA";32,7;"6-1 6-4";3;"R32";75;1;1;47;31;25;11;9;0;0;5;1;48;33;19;9;8;2;5;9;3640;36;1661;6;6;NA;NA;NA;1;4;NA;NA;NA;2021-03-22;2021;"2021-0403:108";911;0;4,83007499855769;2,83007499855769;82;"Adrian Mannarino";115;"Diego Schwartzman";2,83007499855769;4,83007499855769;-2;32,7;28,5;4,2;183;170;13;1,5;0,4;0,4;1,5;-1,1;5;0;2;0;3;0;0;3;-3;0;0;1
"829498";"2021-0403";"Miami Masters";"Hard";"128";"Masters";109;13;"Alexander Bublik";"R";196;"KAZ";23,7;33;"James Duckworth";"R";183;"AUS";29,1;"6-4 6-4";3;"R32";83;10;3;56;35;26;12;10;2;4;2;1;66;35;23;14;10;8;12;44;1385;104;771;6;6;NA;NA;NA;4;4;NA;NA;NA;2021-03-22;2021;"2021-0403:109";912;1;2,5405683813627;1,29956028185891;13;"Alexander Bublik";33;"James Duckworth";2,5405683813627;1,29956028185891;1,24100809950379;23,7;29,1;-5,4;196;183;13;0,5;0,666666666666667;0,5;0,666666666666667;-0,166666666666667;12;4;8;2;4;2;4;2;2;0;0;1
"829499";"2021-0403";"Miami Masters";"Hard";"128";"Masters";110;44;"Taylor Fritz";"R";193;"USA";23,3;98;"Cameron Norrie";"L";188;"GBR";25,5;"6-4 3-6 6-1";3;"R32";111;7;5;97;57;42;19;13;3;4;9;1;70;49;34;11;13;2;5;32;1775;56;1140;6;3;6;NA;NA;4;6;1;NA;NA;2021-03-22;2021;"2021-0403:110";913;1;3;2,1926450779424;44;"Taylor Fritz";98;"Cameron Norrie";3;2,1926450779424;0,807354922057604;23,3;25,5;-2,2;193;188;5;0,75;0,4;0,75;0,4;0,35;5;4;2;3;3;1;3;1;2;0;0;1
"829500";"2021-0403";"Miami Masters";"Hard";"128";"Masters";111;119;"Jannik Sinner";"R";188;"ITA";19,5;67;"Karen Khachanov";"R";198;"RUS";24,8;"4-6 7-6(2) 6-4";3;"R32";170;0;4;111;71;50;23;16;7;10;3;0;118;69;47;28;16;10;13;31;1789;22;2200;4;7;6;NA;NA;6;6;4;NA;NA;2021-03-22;2021;"2021-0403:111";914;0;3,04580368961313;3,5405683813627;67;"Karen Khachanov";119;"Jannik Sinner";3,5405683813627;3,04580368961313;0,494764691749578;24,8;19,5;5,3;198;188;10;0,7;0,769230769230769;0,769230769230769;0,7;0,0692307692307693;13;10;10;7;3;3;3;3;0;0;0;1
"829501";"2021-0403";"Miami Masters";"Hard";"128";"Masters";112;113;"Emil Ruusuvuori";"R";188;"FIN";21,9;132;"Mikael Ymer";"R";183;"SWE";22,5;"4-6 6-1 7-5";3;"R32";137;3;6;92;64;40;11;15;6;12;1;3;73;42;22;11;14;2;10;83;881;95;820;4;6;7;NA;NA;6;1;5;NA;NA;2021-03-22;2021;"2021-0403:112";915;1;1,62496056865308;1,43014439166905;113;"Emil Ruusuvuori";132;"Mikael Ymer";1,62496056865308;1,43014439166905;0,194816176984023;21,9;22,5;-0,600000000000001;188;183;5;0,5;0,2;0,5;0,2;0,3;10;12;2;6;8;6;8;6;2;0;0;1
"829502";"2021-0403";"Miami Masters";"Hard";"128";"Masters";113;6;"Roberto Bautista Agut";"R";183;"ESP";32,9;123;"Jan Lennard Struff";"R";193;"GER";30,9;"4-6 6-3 6-2";3;"R32";111;5;2;77;56;41;8;14;1;4;8;2;82;50;31;14;13;1;6;12;2910;42;1450;4;6;6;NA;NA;6;3;2;NA;NA;2021-03-22;2021;"2021-0403:113";916;1;4,41503749927884;2,60768257722124;6;"Roberto Bautista Agut";123;"Jan Lennard Struff";4,41503749927884;2,60768257722124;1,8073549220576;32,9;30,9;2;183;193;-10;0,25;0,166666666666667;0,25;0,166666666666667;0,0833333333333333;6;4;1;1;5;3;5;3;2;0;0;1
"829503";"2021-0403";"Miami Masters";"Hard";"128";"Masters";114;60;"John Isner";"R";206;"USA";35,9;4;"Felix Auger Aliassime";"R";193;"CAN";20,6;"7-6(5) 7-6(5)";3;"R32";109;16;1;77;57;47;12;12;0;0;11;5;74;56;48;9;12;0;0;28;1850;18;2561;7;7;NA;NA;NA;6;6;NA;NA;NA;2021-03-22;2021;"2021-0403:114";917;0;3,1926450779424;3,83007499855769;4;"Felix Auger Aliassime";60;"John Isner";3,83007499855769;3,1926450779424;0,637429920615292;20,6;35,9;-15,3;193;206;-13;1,5;1,5;1,5;1,5;0;0;0;0;0;0;0;0;0;0;0;0;1
"829504";"2021-0403";"Miami Masters";"Hard";"128";"Masters";115;126;"Frances Tiafoe";"R";188;"USA";23,1;80;"Dusan Lajovic";"R";180;"SRB";30,7;"1-6 7-5 6-3";3;"R32";119;6;2;87;60;41;16;14;4;6;7;2;83;57;42;14;14;5;7;58;1120;26;1895;1;7;6;NA;NA;6;5;3;NA;NA;2021-03-22;2021;"2021-0403:115";918;0;2,14201900487243;3,29956028185891;80;"Dusan Lajovic";126;"Frances Tiafoe";3,29956028185891;2,14201900487243;1,15754127698648;30,7;23,1;7,6;180;188;-8;0,666666666666667;0,714285714285714;0,714285714285714;0,666666666666667;0,0476190476190477;7;6;5;4;2;2;2;2;0;0;0;1
"829505";"2021-0403";"Miami Masters";"Hard";"128";"Masters";116;86;"Daniil Medvedev";"R";198;"RUS";25,1;104;"Alexei Popyrin";"R";196;"AUS";21,6;"7-6(3) 6-7(7) 6-4";3;"R32";157;10;6;98;49;45;27;17;0;1;8;7;129;74;54;26;17;7;9;2;9940;86;873;7;6;6;NA;NA;6;7;4;NA;NA;2021-03-22;2021;"2021-0403:116";919;1;7;1,5737352452979;86;"Daniil Medvedev";104;"Alexei Popyrin";7;1,5737352452979;5,4262647547021;25,1;21,6;3,5;198;196;2;0;0,777777777777778;0;0,777777777777778;-0,777777777777778;9;1;7;0;2;1;2;1;1;0;0;1
"829506";"2021-0403";"Miami Masters";"Hard";"128";"Masters";117;127;"Stefanos Tsitsipas";"R";193;"GRE";22,6;121;"Lorenzo Sonego";"R";191;"ITA";25,8;"6-2 7-6(2)";3;"R16";91;3;0;58;38;34;11;10;0;0;3;2;63;43;28;13;10;2;4;5;6950;34;1668;6;7;NA;NA;NA;2;6;NA;NA;NA;2021-03-22;2021;"2021-0403:117";920;0;5,67807190511264;2,91253715874966;121;"Lorenzo Sonego";127;"Stefanos Tsitsipas";2,91253715874966;5,67807190511264;-2,76553474636298;25,8;22,6;3,2;191;193;-2;1,5;0,5;0,5;1,5;-1;4;0;2;0;2;0;0;2;-2;0;0;1
"829507";"2021-0403";"Miami Masters";"Hard";"128";"Masters";118;59;"Hubert Hurkacz";"R";196;"POL";24,1;109;"Milos Raonic";"R";196;"CAN";30,2;"4-6 6-3 7-6(4)";3;"R16";140;14;4;100;67;54;17;16;1;2;12;5;104;62;47;24;15;10;11;37;1645;19;2450;4;6;7;NA;NA;6;3;6;NA;NA;2021-03-22;2021;"2021-0403:118";921;1;2,79054663437105;3,75207248655641;59;"Hubert Hurkacz";109;"Milos Raonic";2,79054663437105;3,75207248655641;-0,961525852185365;24,1;30,2;-6,1;196;196;0;0,5;0,909090909090909;0,5;0,909090909090909;-0,409090909090909;11;2;10;1;1;1;1;1;0;0;0;1
"829508";"2021-0403";"Miami Masters";"Hard";"128";"Masters";119;110;"Andrey Rublev";"R";188;"RUS";23,4;19;"Marin Cilic";"R";198;"CRO";32,4;"6-4 6-4";3;"R16";81;6;1;52;35;29;11;10;0;0;6;4;68;37;28;14;10;0;2;8;5101;45;1373;6;6;NA;NA;NA;4;4;NA;NA;NA;2021-03-22;2021;"2021-0403:119";922;0;5;2,50814690367033;19;"Marin Cilic";110;"Andrey Rublev";2,50814690367033;5;-2,49185309632967;32,4;23,4;9;198;188;10;1,5;0;0;1,5;-1,5;2;0;0;0;2;0;0;2;-2;0;0;1
"829509";"2021-0403";"Miami Masters";"Hard";"128";"Masters";120;72;"Sebastian Korda";"R";196;"USA";20,7;115;"Diego Schwartzman";"R";170;"ARG";28,5;"6-3 4-6 7-5";3;"R16";155;8;5;101;62;45;20;16;5;8;1;5;103;58;33;27;15;7;11;87;865;9;3640;6;4;7;NA;NA;3;6;5;NA;NA;2021-03-22;2021;"2021-0403:120";923;1;1,55705650415127;4,83007499855769;72;"Sebastian Korda";115;"Diego Schwartzman";1,55705650415127;4,83007499855769;-3,27301849440642;20,7;28,5;-7,8;196;170;26;0,625;0,636363636363636;0,625;0,636363636363636;-0,0113636363636364;11;8;7;5;4;3;4;3;1;0;0;1
"829510";"2021-0403";"Miami Masters";"Hard";"128";"Masters";121;13;"Alexander Bublik";"R";196;"KAZ";23,7;44;"Taylor Fritz";"R";193;"USA";23,3;"6-7(5) 6-3 6-4";3;"R16";132;23;8;116;69;50;19;16;8;11;5;1;83;55;39;15;15;1;6;44;1385;32;1775;6;6;6;NA;NA;7;3;4;NA;NA;2021-03-22;2021;"2021-0403:121";924;1;2,5405683813627;3;13;"Alexander Bublik";44;"Taylor Fritz";2,5405683813627;3;-0,459431618637297;23,7;23,3;0,399999999999999;196;193;3;0,727272727272727;0,166666666666667;0,727272727272727;0,166666666666667;0,560606060606061;6;11;1;8;5;3;5;3;2;0;0;1
"829511";"2021-0403";"Miami Masters";"Hard";"128";"Masters";122;119;"Jannik Sinner";"R";188;"ITA";19,5;113;"Emil Ruusuvuori";"R";188;"FIN";21,9;"6-3 6-2";3;"R16";69;4;1;53;39;28;7;9;1;2;0;3;46;28;15;10;8;0;4;31;1789;83;881;6;6;NA;NA;NA;3;2;NA;NA;NA;2021-03-22;2021;"2021-0403:122";925;0;3,04580368961313;1,62496056865308;113;"Emil Ruusuvuori";119;"Jannik Sinner";1,62496056865308;3,04580368961313;-1,42084312096005;21,9;19,5;2,4;188;188;0;0,5;0;0;0,5;-0,5;4;2;0;1;4;1;1;4;-3;0;0;1
"829512";"2021-0403";"Miami Masters";"Hard";"128";"Masters";123;6;"Roberto Bautista Agut";"R";183;"ESP";32,9;60;"John Isner";"R";206;"USA";35,9;"6-3 4-6 7-6(7)";3;"R16";138;4;2;93;62;47;23;15;5;6;23;1;97;65;51;15;16;0;2;12;2910;28;1850;6;4;7;NA;NA;3;6;6;NA;NA;2021-03-22;2021;"2021-0403:123";926;1;4,41503749927884;3,1926450779424;6;"Roberto Bautista Agut";60;"John Isner";4,41503749927884;3,1926450779424;1,22239242133645;32,9;35,9;-3;183;206;-23;0,833333333333333;0;0,833333333333333;0;0,833333333333333;2;6;0;5;2;1;2;1;1;0;0;1
"829513";"2021-0403";"Miami Masters";"Hard";"128";"Masters";124;86;"Daniil Medvedev";"R";198;"RUS";25,1;126;"Frances Tiafoe";"R";188;"USA";23,1;"6-4 6-3";3;"R16";92;11;3;60;38;30;13;10;2;3;0;0;56;34;19;12;9;1;4;2;9940;58;1120;6;6;NA;NA;NA;4;3;NA;NA;NA;2021-03-22;2021;"2021-0403:124";927;1;7;2,14201900487243;86;"Daniil Medvedev";126;"Frances Tiafoe";7;2,14201900487243;4,85798099512757;25,1;23,1;2;198;188;10;0,666666666666667;0,25;0,666666666666667;0,25;0,416666666666667;4;3;1;2;3;1;3;1;2;0;0;1
"829514";"2021-0403";"Miami Masters";"Hard";"128";"Masters";125;59;"Hubert Hurkacz";"R";196;"POL";24,1;127;"Stefanos Tsitsipas";"R";193;"GRE";22,6;"2-6 6-3 6-4";3;"QF";140;15;1;92;60;39;17;14;10;13;7;3;96;61;43;15;13;5;8;37;1645;5;6950;2;6;6;NA;NA;6;3;4;NA;NA;2021-03-22;2021;"2021-0403:125";928;1;2,79054663437105;5,67807190511264;59;"Hubert Hurkacz";127;"Stefanos Tsitsipas";2,79054663437105;5,67807190511264;-2,88752527074159;24,1;22,6;1,5;196;193;3;0,769230769230769;0,625;0,769230769230769;0,625;0,144230769230769;8;13;5;10;3;3;3;3;0;0;0;1
"829515";"2021-0403";"Miami Masters";"Hard";"128";"Masters";126;110;"Andrey Rublev";"R";188;"RUS";23,4;72;"Sebastian Korda";"R";196;"USA";20,7;"7-5 7-6(7)";3;"QF";102;5;0;66;33;28;16;12;0;2;4;2;79;55;39;8;12;4;7;8;5101;87;865;7;7;NA;NA;NA;5;6;NA;NA;NA;2021-03-22;2021;"2021-0403:126";929;0;5;1,55705650415127;72;"Sebastian Korda";110;"Andrey Rublev";1,55705650415127;5;-3,44294349584873;20,7;23,4;-2,7;196;188;8;0;0,571428571428571;0,571428571428571;0;0,571428571428571;7;2;4;0;3;2;2;3;-1;0;0;1
"829516";"2021-0403";"Miami Masters";"Hard";"128";"Masters";127;119;"Jannik Sinner";"R";188;"ITA";19,5;13;"Alexander Bublik";"R";196;"KAZ";23,7;"7-6(5) 6-4";3;"QF";100;2;3;81;52;33;17;11;7;9;7;5;88;52;33;17;11;6;9;31;1789;44;1385;7;6;NA;NA;NA;6;4;NA;NA;NA;2021-03-22;2021;"2021-0403:127";930;0;3,04580368961313;2,5405683813627;13;"Alexander Bublik";119;"Jannik Sinner";2,5405683813627;3,04580368961313;-0,505235308250422;23,7;19,5;4,2;196;188;8;0,777777777777778;0,666666666666667;0,666666666666667;0,777777777777778;-0,111111111111111;9;9;6;7;3;2;2;3;-1;0;0;1
"829517";"2021-0403";"Miami Masters";"Hard";"128";"Masters";128;6;"Roberto Bautista Agut";"R";183;"ESP";32,9;86;"Daniil Medvedev";"R";198;"RUS";25,1;"6-4 6-2";3;"QF";92;0;0;56;39;27;13;9;3;3;8;3;66;45;30;7;9;4;7;12;2910;2;9940;6;6;NA;NA;NA;4;2;NA;NA;NA;2021-03-22;2021;"2021-0403:128";931;1;4,41503749927884;7;6;"Roberto Bautista Agut";86;"Daniil Medvedev";4,41503749927884;7;-2,58496250072116;32,9;25,1;7,8;183;198;-15;1;0,571428571428571;1;0,571428571428571;0,428571428571429;7;3;4;3;3;0;3;0;3;0;0;1
"829518";"2021-0403";"Miami Masters";"Hard";"128";"Masters";129;59;"Hubert Hurkacz";"R";196;"POL";24,1;110;"Andrey Rublev";"R";188;"RUS";23,4;"6-3 6-4";3;"SF";87;8;1;73;44;33;14;10;4;5;2;1;59;35;25;9;9;5;8;37;1645;8;5101;6;6;NA;NA;NA;3;4;NA;NA;NA;2021-03-22;2021;"2021-0403:129";932;1;2,79054663437105;5;59;"Hubert Hurkacz";110;"Andrey Rublev";2,79054663437105;5;-2,20945336562895;24,1;23,4;0,700000000000003;196;188;8;0,8;0,625;0,8;0,625;0,175;8;5;5;4;3;1;3;1;2;0;0;1
"829519";"2021-0403";"Miami Masters";"Hard";"128";"Masters";130;119;"Jannik Sinner";"R";188;"ITA";19,5;6;"Roberto Bautista Agut";"R";183;"ESP";32,9;"5-7 6-4 6-4";3;"SF";148;5;2;100;65;42;20;16;7;10;2;0;89;60;38;15;16;4;8;31;1789;12;2910;5;6;6;NA;NA;7;4;4;NA;NA;2021-03-22;2021;"2021-0403:130";933;0;3,04580368961313;4,41503749927884;6;"Roberto Bautista Agut";119;"Jannik Sinner";4,41503749927884;3,04580368961313;1,36923380966572;32,9;19,5;13,4;183;188;-5;0,7;0,5;0,5;0,7;-0,2;8;10;4;7;4;3;3;4;-1;0;0;1
"829520";"2021-0403";"Miami Masters";"Hard";"128";"Masters";131;59;"Hubert Hurkacz";"R";196;"POL";24,1;119;"Jannik Sinner";"R";188;"ITA";19,5;"7-6(4) 6-4";3;"F";103;3;1;69;49;34;7;11;0;3;1;5;78;47;26;15;11;7;11;37;1645;31;1789;7;6;NA;NA;NA;6;4;NA;NA;NA;2021-03-22;2021;"2021-0403:131";934;1;2,79054663437105;3,04580368961313;59;"Hubert Hurkacz";119;"Jannik Sinner";2,79054663437105;3,04580368961313;-0,255257055242075;24,1;19,5;4,6;196;188;8;0;0,636363636363636;0;0,636363636363636;-0,636363636363636;11;3;7;0;4;3;4;3;1;0;0;1
"837761";"2021-0421";"Canada Masters";"Hard";"64";"Masters";1;126;"Frances Tiafoe";"R";188;"USA";23,5;131;"J J Wolf";"R";183;"USA";22,6;"6-2 0-6 6-4";3;"Q1";98;6;1;75;50;33;14;12;3;6;8;7;77;42;33;17;12;3;6;52;1226;151;514;6;0;6;NA;NA;2;6;4;NA;NA;2021-08-09;2021;"2021-0421:1";935;1;1,29956028185891;-0,238404739325079;126;"Frances Tiafoe";131;"J J Wolf";1,29956028185891;-0,238404739325079;1,53796502118399;23,5;22,6;0,899999999999999;188;183;5;0,5;0,5;0,5;0,5;0;6;6;3;3;3;3;3;3;0;0;0;1
"837764";"2021-0421";"Canada Masters";"Hard";"64";"Masters";4;11;"Liam Broady";"L";183;"GBR";27,5;104;"Alexei Popyrin";"R";196;"AUS";22;"5-7 7-6(7) 7-6(2)";3;"Q1";168;8;2;121;85;61;19;18;3;6;18;11;124;65;52;28;18;6;8;146;533;73;970;5;7;7;NA;NA;7;6;6;NA;NA;2021-08-09;2021;"2021-0421:4";936;1;-0,189824558880018;0,810175441119982;11;"Liam Broady";104;"Alexei Popyrin";-0,189824558880018;0,810175441119982;-1;27,5;22;5,5;183;196;-13;0,5;0,75;0,5;0,75;-0,25;8;6;6;3;2;3;2;3;-1;0;0;1
"837766";"2021-0421";"Canada Masters";"Hard";"64";"Masters";6;81;"Feliciano Lopez";"L";188;"ESP";39,8;23;"Maxime Cressy";"R";198;"USA";24,2;"7-6(4) 6-4";3;"Q1";100;13;7;69;33;27;20;11;1;2;13;8;88;51;33;21;11;4;6;99;810;152;504;7;6;NA;NA;NA;6;4;NA;NA;NA;2021-08-09;2021;"2021-0421:6";937;0;0,370643379920391;-0,247927513443585;23;"Maxime Cressy";81;"Feliciano Lopez";-0,247927513443585;0,370643379920391;-0,618570893363976;24,2;39,8;-15,6;198;188;10;0,5;0,666666666666667;0,666666666666667;0,5;0,166666666666667;6;2;4;1;2;1;1;2;-1;0;0;1
"837767";"2021-0421";"Canada Masters";"Hard";"64";"Masters";7;103;"Peter Polansky";"R";180;"CAN";33,1;69;"Dominik Koepfer";"L";180;"GER";27,2;"6-3 6-4";3;"Q1";87;7;2;63;35;26;17;10;1;1;1;3;61;33;24;13;9;5;7;240;282;60;1126;6;6;NA;NA;NA;3;4;NA;NA;NA;2021-08-09;2021;"2021-0421:7";938;0;-0,906890595608519;1,09310940439148;69;"Dominik Koepfer";103;"Peter Polansky";1,09310940439148;-0,906890595608519;2;27,2;33,1;-5,9;180;180;0;1;0,714285714285714;0,714285714285714;1;-0,285714285714286;7;1;5;1;2;0;0;2;-2;0;0;1
"837770";"2021-0421";"Canada Masters";"Hard";"64";"Masters";10;8;"Ricardas Berankis";"R";175;"LTU";31,1;53;"Norbert Gombos";"R";193;"SVK";30,9;"7-6(5) 6-4";3;"Q1";109;2;5;82;45;35;19;11;7;8;10;6;86;52;37;16;11;4;6;84;902;109;765;7;6;NA;NA;NA;6;4;NA;NA;NA;2021-08-09;2021;"2021-0421:10";939;1;0,607682577221239;0,231815675223074;8;"Ricardas Berankis";53;"Norbert Gombos";0,607682577221239;0,231815675223074;0,375866901998165;31,1;30,9;0,200000000000003;175;193;-18;0,875;0,666666666666667;0,875;0,666666666666667;0,208333333333333;6;8;4;7;2;1;2;1;1;0;0;1
"837772";"2021-0421";"Canada Masters";"Hard";"64";"Masters";12;46;"Daniel Elahi Galan";"R";191;"COL";25,1;10;"Benjamin Bonzi";"R";185;"FRA";25,1;"6-3 2-6 6-2";3;"Q1";124;7;2;98;57;40;18;13;15;18;4;2;79;41;30;15;12;1;5;115;735;94;821;6;2;6;NA;NA;3;6;2;NA;NA;2021-08-09;2021;"2021-0421:12";940;0;0,154509949055625;0,445411148322362;10;"Benjamin Bonzi";46;"Daniel Elahi Galan";0,445411148322362;0,154509949055625;0,290901199266737;25,1;25,1;0;185;191;-6;0,833333333333333;0,2;0,2;0,833333333333333;-0,633333333333333;5;18;1;15;4;3;3;4;-1;0;0;1
"837773";"2021-0421";"Canada Masters";"Hard";"64";"Masters";13;113;"Emil Ruusuvuori";"R";188;"FIN";22,3;126;"Frances Tiafoe";"R";188;"USA";23,5;"6-1 6-4";3;"Q2";78;7;5;67;37;28;15;9;3;3;3;5;47;21;16;11;8;0;3;72;983;52;1226;6;6;NA;NA;NA;1;4;NA;NA;NA;2021-08-09;2021;"2021-0421:13";941;1;0,830074998557688;1,29956028185891;113;"Emil Ruusuvuori";126;"Frances Tiafoe";0,830074998557688;1,29956028185891;-0,46948528330122;22,3;23,5;-1,2;188;188;0;1;0;1;0;1;3;3;0;3;3;0;3;0;3;0;0;1
"837774";"2021-0421";"Canada Masters";"Hard";"64";"Masters";14;101;"Tommy Paul";"R";185;"USA";24,2;11;"Liam Broady";"L";183;"GBR";27,5;"7-6(3) 6-3";3;"Q2";94;10;3;75;38;29;21;11;1;2;0;2;63;42;29;8;10;1;3;58;1143;146;533;7;6;NA;NA;NA;6;3;NA;NA;NA;2021-08-09;2021;"2021-0421:14";942;0;1,14201900487243;-0,189824558880018;11;"Liam Broady";101;"Tommy Paul";-0,189824558880018;1,14201900487243;-1,33184356375245;27,5;24,2;3,3;183;185;-2;0,5;0,333333333333333;0,333333333333333;0,5;-0,166666666666667;3;2;1;1;2;1;1;2;-1;0;0;1
"837775";"2021-0421";"Canada Masters";"Hard";"64";"Masters";15;97;"Yoshihito Nishioka";"L";170;"JPN";25,8;81;"Feliciano Lopez";"L";188;"ESP";39,8;"7-5 7-6(6)";3;"Q2";148;2;3;83;60;46;12;12;6;7;14;5;93;39;32;26;12;6;8;56;1155;99;810;7;7;NA;NA;NA;5;6;NA;NA;NA;2021-08-09;2021;"2021-0421:15";943;0;1,1926450779424;0,370643379920391;81;"Feliciano Lopez";97;"Yoshihito Nishioka";0,370643379920391;1,1926450779424;-0,822001698022006;39,8;25,8;14;188;170;18;0,857142857142857;0,75;0,75;0,857142857142857;-0,107142857142857;8;7;6;6;2;1;1;2;-1;0;0;1
"837776";"2021-0421";"Canada Masters";"Hard";"64";"Masters";16;33;"James Duckworth";"R";183;"AUS";29,5;103;"Peter Polansky";"R";180;"CAN";33,1;"4-6 6-1 6-2";3;"Q2";109;8;2;64;42;34;16;13;0;1;7;4;90;54;36;14;12;6;10;85;899;240;282;4;6;6;NA;NA;6;1;2;NA;NA;2021-08-09;2021;"2021-0421:16";944;1;0,590609063862298;-0,906890595608519;33;"James Duckworth";103;"Peter Polansky";0,590609063862298;-0,906890595608519;1,49749965947082;29,5;33,1;-3,6;183;180;3;0;0,6;0;0,6;-0,6;10;1;6;0;4;1;4;1;3;0;0;1
"837777";"2021-0421";"Canada Masters";"Hard";"64";"Masters";17;8;"Ricardas Berankis";"R";175;"LTU";31,1;54;"Emilio Gomez";"R";185;"ECU";29,6;"6-4 7-5";3;"Q2";93;2;2;70;43;30;18;11;2;3;2;0;66;35;26;17;11;5;8;84;902;165;459;6;7;NA;NA;NA;4;5;NA;NA;NA;2021-08-09;2021;"2021-0421:17";945;1;0,607682577221239;-0,366322214245816;8;"Ricardas Berankis";54;"Emilio Gomez";0,607682577221239;-0,366322214245816;0,974004791467055;31,1;29,6;1,5;175;185;-10;0,666666666666667;0,625;0,666666666666667;0,625;0,0416666666666666;8;3;5;2;3;1;3;1;2;0;0;1
"837780";"2021-0421";"Canada Masters";"Hard";"64";"Masters";20;99;"Reilly Opelka";"R";211;"USA";23,9;78;"Nick Kyrgios";"R";193;"AUS";26,2;"4-6 7-6(4) 6-4";3;"R64";117;22;3;87;51;45;21;16;1;2;16;5;108;70;52;20;16;8;9;32;1741;80;918;4;7;6;NA;NA;6;6;4;NA;NA;2021-08-09;2021;"2021-0421:20";946;0;2;0,678071905112637;78;"Nick Kyrgios";99;"Reilly Opelka";0,678071905112637;2;-1,32192809488736;26,2;23,9;2,3;193;211;-18;0,5;0,888888888888889;0,888888888888889;0,5;0,388888888888889;9;2;8;1;1;1;1;1;0;0;0;1
"837781";"2021-0421";"Canada Masters";"Hard";"64";"Masters";21;101;"Tommy Paul";"R";185;"USA";24,2;105;"Vasek Pospisil";"R";193;"CAN";31,1;"6-7(5) 6-2 6-3";3;"R64";141;7;0;97;57;42;22;15;3;5;9;6;84;46;34;15;14;6;11;58;1143;61;1125;6;6;6;NA;NA;7;2;3;NA;NA;2021-08-09;2021;"2021-0421:21";947;1;1,14201900487243;1,06926266243711;101;"Tommy Paul";105;"Vasek Pospisil";1,14201900487243;1,06926266243711;0,0727563424353148;24,2;31,1;-6,9;185;193;-8;0,6;0,545454545454545;0,6;0,545454545454545;0,0545454545454546;11;5;6;3;5;2;5;2;3;0;0;1
"837782";"2021-0421";"Canada Masters";"Hard";"64";"Masters";22;100;"Benoit Paire";"R";196;"FRA";32,2;85;"Mackenzie Mcdonald";"R";178;"USA";26,3;"6-3 6-4";3;"R64";78;11;5;72;35;26;22;10;3;3;2;3;53;33;24;11;9;4;6;50;1354;64;1060;6;6;NA;NA;NA;3;4;NA;NA;NA;2021-08-09;2021;"2021-0421:22";948;0;1,35614381022528;1;85;"Mackenzie Mcdonald";100;"Benoit Paire";1;1,35614381022528;-0,356143810225276;26,3;32,2;-5,9;178;196;-18;1;0,666666666666667;0,666666666666667;1;-0,333333333333333;6;3;4;3;2;0;0;2;-2;0;0;1
"837783";"2021-0421";"Canada Masters";"Hard";"64";"Masters";23;58;"Ugo Humbert";"L";188;"FRA";23,1;121;"Lorenzo Sonego";"R";191;"ITA";26,2;"6-3 6-4";3;"R64";99;7;6;68;38;33;14;10;6;6;6;4;61;41;27;9;9;3;5;26;2090;25;2147;6;6;NA;NA;NA;3;4;NA;NA;NA;2021-08-09;2021;"2021-0421:23";949;1;2,29956028185891;2,35614381022528;58;"Ugo Humbert";121;"Lorenzo Sonego";2,29956028185891;2,35614381022528;-0,0565835283663674;23,1;26,2;-3,1;188;191;-3;1;0,6;1;0,6;0,4;5;6;3;6;2;0;2;0;2;0;0;1
"837784";"2021-0421";"Canada Masters";"Hard";"64";"Masters";24;67;"Karen Khachanov";"R";198;"RUS";25,2;98;"Cameron Norrie";"L";188;"GBR";25,9;"6-4 5-7 6-4";3;"R64";153;10;5;103;52;40;28;16;8;10;5;5;107;68;44;20;16;4;7;29;1920;28;1975;6;5;6;NA;NA;4;7;4;NA;NA;2021-08-09;2021;"2021-0421:24";950;1;2,14201900487243;2,1926450779424;67;"Karen Khachanov";98;"Cameron Norrie";2,14201900487243;2,1926450779424;-0,0506260730699681;25,2;25,9;-0,699999999999999;198;188;10;0,8;0,571428571428571;0,8;0,571428571428571;0,228571428571429;7;10;4;8;3;2;3;2;1;0;0;1
"837785";"2021-0421";"Canada Masters";"Hard";"64";"Masters";25;80;"Dusan Lajovic";"R";180;"SRB";31,1;113;"Emil Ruusuvuori";"R";188;"FIN";22,3;"3-6 6-3 6-3";3;"R64";127;1;5;96;60;36;17;14;6;11;3;3;80;53;33;10;13;4;10;44;1485;72;983;3;6;6;NA;NA;6;3;3;NA;NA;2021-08-09;2021;"2021-0421:25";951;1;1,5405683813627;0,830074998557688;80;"Dusan Lajovic";113;"Emil Ruusuvuori";1,5405683813627;0,830074998557688;0,710493382805015;31,1;22,3;8,8;180;188;-8;0,545454545454545;0,4;0,545454545454545;0,4;0,145454545454545;10;11;4;6;6;5;6;5;1;0;0;1
"837786";"2021-0421";"Canada Masters";"Hard";"64";"Masters";26;19;"Marin Cilic";"R";198;"CRO";32,8;108;"Albert Ramos";"L";188;"ESP";33,5;"6-2 4-6 6-3";3;"R64";133;13;4;83;46;34;22;14;5;7;4;5;86;47;31;18;13;5;9;39;1593;48;1378;6;4;6;NA;NA;2;6;3;NA;NA;2021-08-09;2021;"2021-0421:26";952;1;1,71459778113775;1,41503749927884;19;"Marin Cilic";108;"Albert Ramos";1,71459778113775;1,41503749927884;0,299560281858907;32,8;33,5;-0,700000000000003;198;188;10;0,714285714285714;0,555555555555556;0,714285714285714;0,555555555555556;0,158730158730159;9;7;5;5;4;2;4;2;2;0;0;1
"837787";"2021-0421";"Canada Masters";"Hard";"64";"Masters";27;126;"Frances Tiafoe";"R";188;"USA";23,5;97;"Yoshihito Nishioka";"L";170;"JPN";25,8;"6-4 6-3";3;"R64";75;11;0;55;36;30;11;10;0;0;4;2;61;37;22;14;9;3;5;52;1226;56;1155;6;6;NA;NA;NA;4;3;NA;NA;NA;2021-08-09;2021;"2021-0421:27";953;0;1,29956028185891;1,1926450779424;97;"Yoshihito Nishioka";126;"Frances Tiafoe";1,1926450779424;1,29956028185891;-0,106915203916512;25,8;23,5;2,3;170;188;-18;1,5;0,6;0,6;1,5;-0,9;5;0;3;0;2;0;0;2;-2;0;0;1
"837788";"2021-0421";"Canada Masters";"Hard";"64";"Masters";28;87;"John Millman";"R";183;"AUS";32,1;8;"Ricardas Berankis";"R";175;"LTU";31,1;"6-3 7-6(4)";3;"R64";95;6;2;66;35;29;16;11;0;3;2;7;75;42;28;13;10;6;10;42;1505;84;902;6;7;NA;NA;NA;3;6;NA;NA;NA;2021-08-09;2021;"2021-0421:28";954;0;1,60768257722124;0,607682577221239;8;"Ricardas Berankis";87;"John Millman";0,607682577221239;1,60768257722124;-1;31,1;32,1;-1;175;183;-8;0;0,6;0,6;0;0,6;10;3;6;0;4;3;3;4;-1;0;0;1
"837789";"2021-0421";"Canada Masters";"Hard";"64";"Masters";29;60;"John Isner";"R";206;"USA";36,2;25;"Alejandro Davidovich Fokina";"R";183;"ESP";22,1;"6-4 6-1";3;"R64";64;19;2;52;39;30;6;9;0;1;1;4;45;30;19;4;8;4;8;30;1901;34;1723;6;6;NA;NA;NA;4;1;NA;NA;NA;2021-08-09;2021;"2021-0421:29";955;0;2,09310940439148;1,91253715874966;25;"Alejandro Davidovich Fokina";60;"John Isner";1,91253715874966;2,09310940439148;-0,18057224564182;22,1;36,2;-14,1;183;206;-23;0;0,5;0,5;0;0,5;8;1;4;0;4;1;1;4;-3;0;0;1
"837790";"2021-0421";"Canada Masters";"Hard";"64";"Masters";30;42;"Fabio Fognini";"R";178;"ITA";34,2;123;"Jan Lennard Struff";"R";193;"GER";31,2;"6-7(2) 6-2 6-4";3;"R64";144;6;11;111;55;37;31;15;10;13;9;9;91;49;38;14;15;6;12;37;1619;46;1410;6;6;6;NA;NA;7;2;4;NA;NA;2021-08-09;2021;"2021-0421:30";956;1;1,79054663437105;1,47643804394299;42;"Fabio Fognini";123;"Jan Lennard Struff";1,79054663437105;1,47643804394299;0,314108590428063;34,2;31,2;3;178;193;-15;0,769230769230769;0,5;0,769230769230769;0,5;0,269230769230769;12;13;6;10;6;3;6;3;3;0;0;1
"837791";"2021-0421";"Canada Masters";"Hard";"64";"Masters";31;96;"Kei Nishikori";"R";178;"JPN";31,6;66;"Miomir Kecmanovic";"R";183;"SRB";21,9;"6-4 6-7(5) 6-2";3;"R64";127;2;0;90;61;42;19;15;1;3;7;4;91;54;38;18;15;0;5;55;1173;59;1142;6;6;6;NA;NA;4;7;2;NA;NA;2021-08-09;2021;"2021-0421:31";957;0;1,21864028647534;1,11735695063816;66;"Miomir Kecmanovic";96;"Kei Nishikori";1,11735695063816;1,21864028647534;-0,101283335837182;21,9;31,6;-9,7;183;178;5;0,333333333333333;0;0;0,333333333333333;-0,333333333333333;5;3;0;1;5;2;2;5;-3;0;0;1
"837792";"2021-0421";"Canada Masters";"Hard";"64";"Masters";32;5;"Nikoloz Basilashvili";"R";185;"GEO";29,4;12;"Jenson Brooksby";"R";188;"USA";20,7;"2-6 6-0 6-4";3;"R64";111;7;9;88;40;26;23;12;13;17;2;3;76;50;32;8;12;5;11;43;1498;97;812;2;6;6;NA;NA;6;0;4;NA;NA;2021-08-09;2021;"2021-0421:32";958;1;1,5737352452979;0,400087157812872;5;"Nikoloz Basilashvili";12;"Jenson Brooksby";1,5737352452979;0,400087157812872;1,17364808748503;29,4;20,7;8,7;185;188;-3;0,764705882352941;0,454545454545455;0,764705882352941;0,454545454545455;0,310160427807487;11;17;5;13;6;4;6;4;2;0;0;1
"837793";"2021-0421";"Canada Masters";"Hard";"64";"Masters";33;33;"James Duckworth";"R";183;"AUS";29,5;44;"Taylor Fritz";"R";193;"USA";23,7;"7-6(2) 6-3";3;"R64";115;8;4;76;39;33;20;10;2;3;7;10;97;46;34;21;11;8;11;85;899;40;1550;7;6;NA;NA;NA;6;3;NA;NA;NA;2021-08-09;2021;"2021-0421:33";959;1;0,590609063862298;1,67807190511264;33;"James Duckworth";44;"Taylor Fritz";0,590609063862298;1,67807190511264;-1,08746284125034;29,5;23,7;5,8;183;193;-10;0,666666666666667;0,727272727272727;0,666666666666667;0,727272727272727;-0,0606060606060607;11;3;8;2;3;1;3;1;2;0;0;1
"837794";"2021-0421";"Canada Masters";"Hard";"64";"Masters";34;13;"Alexander Bublik";"R";196;"KAZ";24,1;39;"Daniel Evans";"R";175;"GBR";31,2;"6-4 6-4";3;"R64";100;8;8;61;28;24;16;10;0;1;2;5;84;42;25;21;10;7;10;38;1611;27;2084;6;6;NA;NA;NA;4;4;NA;NA;NA;2021-08-09;2021;"2021-0421:34";960;1;1,75207248655641;2,24511249783653;13;"Alexander Bublik";39;"Daniel Evans";1,75207248655641;2,24511249783653;-0,493040011280117;24,1;31,2;-7,1;196;175;21;0;0,7;0;0,7;-0,7;10;1;7;0;3;1;3;1;2;0;0;1
"837795";"2021-0421";"Canada Masters";"Hard";"64";"Masters";35;56;"Lloyd Harris";"R";193;"RSA";24,4;81;"Feliciano Lopez";"L";188;"ESP";39,8;"6-2 6-3";3;"R32";64;11;2;51;38;32;7;9;3;3;6;2;49;21;16;13;8;3;6;49;1368;99;810;6;6;NA;NA;NA;2;3;NA;NA;NA;2021-08-09;2021;"2021-0421:35";961;1;1,38529015588479;0,370643379920391;56;"Lloyd Harris";81;"Feliciano Lopez";1,38529015588479;0,370643379920391;1,0146467759644;24,4;39,8;-15,4;193;188;5;1;0,5;1;0,5;0,5;6;3;3;3;3;0;3;0;3;0;0;1
"837796";"2021-0421";"Canada Masters";"Hard";"64";"Masters";36;99;"Reilly Opelka";"R";211;"USA";23,9;29;"Grigor Dimitrov";"R";188;"BUL";30,2;"6-3 6-4";3;"R32";74;12;1;56;38;32;10;10;1;1;7;2;52;26;21;14;9;3;5;32;1741;21;2466;6;6;NA;NA;NA;3;4;NA;NA;NA;2021-08-09;2021;"2021-0421:36";962;0;2;2,60768257722124;29;"Grigor Dimitrov";99;"Reilly Opelka";2,60768257722124;2;0,607682577221239;30,2;23,9;6,3;188;211;-23;1;0,6;0,6;1;-0,4;5;1;3;1;2;0;0;2;-2;0;0;1
"837797";"2021-0421";"Canada Masters";"Hard";"64";"Masters";37;6;"Roberto Bautista Agut";"R";183;"ESP";33,3;101;"Tommy Paul";"R";185;"USA";24,2;"6-3 6-4";3;"R32";79;3;3;57;30;25;13;10;2;4;6;4;49;23;14;9;9;2;6;18;2585;58;1143;6;6;NA;NA;NA;3;4;NA;NA;NA;2021-08-09;2021;"2021-0421:37";963;1;2,83007499855769;1,14201900487243;6;"Roberto Bautista Agut";101;"Tommy Paul";2,83007499855769;1,14201900487243;1,68805599368526;33,3;24,2;9,1;183;185;-2;0,5;0,333333333333333;0,5;0,333333333333333;0,166666666666667;6;4;2;2;4;2;4;2;2;0;0;1
"837798";"2021-0421";"Canada Masters";"Hard";"64";"Masters";38;115;"Diego Schwartzman";"R";170;"ARG";28,9;100;"Benoit Paire";"R";196;"FRA";32,2;"7-5 6-1";3;"R32";80;2;4;64;44;32;11;10;2;3;12;7;61;29;23;10;9;1;5;14;2913;50;1354;7;6;NA;NA;NA;5;1;NA;NA;NA;2021-08-09;2021;"2021-0421:38";964;0;3,1926450779424;1,35614381022528;100;"Benoit Paire";115;"Diego Schwartzman";1,35614381022528;3,1926450779424;-1,83650126771712;32,2;28,9;3,3;196;170;26;0,666666666666667;0,2;0,2;0,666666666666667;-0,466666666666667;5;3;1;2;4;1;1;4;-3;0;0;1
"837799";"2021-0421";"Canada Masters";"Hard";"64";"Masters";39;127;"Stefanos Tsitsipas";"R";193;"GRE";22,9;58;"Ugo Humbert";"L";188;"FRA";23,1;"6-3 6-7(13) 6-1";3;"R32";154;16;6;97;58;49;22;15;2;3;2;6;105;55;40;25;13;11;15;3;8115;26;2090;6;6;6;NA;NA;3;7;1;NA;NA;2021-08-09;2021;"2021-0421:39";965;0;5,41503749927884;2,29956028185891;58;"Ugo Humbert";127;"Stefanos Tsitsipas";2,29956028185891;5,41503749927884;-3,11547721741994;23,1;22,9;0,200000000000003;188;193;-5;0,666666666666667;0,733333333333333;0,733333333333333;0,666666666666667;0,0666666666666667;15;3;11;2;4;1;1;4;-3;0;0;1
"837800";"2021-0421";"Canada Masters";"Hard";"64";"Masters";40;67;"Karen Khachanov";"R";198;"RUS";25,2;64;"Aslan Karatsev";"R";185;"RUS";27,9;"7-6(7) 6-4";3;"R32";131;4;2;97;63;35;20;11;12;16;7;2;80;51;31;12;11;4;9;29;1920;22;2287;7;6;NA;NA;NA;6;4;NA;NA;NA;2021-08-09;2021;"2021-0421:40";966;0;2,14201900487243;2,5405683813627;64;"Aslan Karatsev";67;"Karen Khachanov";2,5405683813627;2,14201900487243;0,398549376490275;27,9;25,2;2,7;185;198;-13;0,75;0,444444444444444;0,444444444444444;0,75;-0,305555555555556;9;16;4;12;5;4;4;5;-1;0;0;1
"837801";"2021-0421";"Canada Masters";"Hard";"64";"Masters";41;80;"Dusan Lajovic";"R";180;"SRB";31,1;4;"Felix Auger Aliassime";"R";193;"CAN";21;"7-5 6-4";3;"R32";98;0;1;65;44;34;14;11;2;2;6;4;65;42;31;12;11;3;5;44;1485;16;2693;7;6;NA;NA;NA;5;4;NA;NA;NA;2021-08-09;2021;"2021-0421:41";967;0;1,5405683813627;3;4;"Felix Auger Aliassime";80;"Dusan Lajovic";3;1,5405683813627;1,4594316186373;21;31,1;-10,1;193;180;13;1;0,6;0,6;1;-0,4;5;2;3;2;2;0;0;2;-2;0;0;1
"837802";"2021-0421";"Canada Masters";"Hard";"64";"Masters";42;112;"Casper Ruud";"R";183;"NOR";22,6;19;"Marin Cilic";"R";198;"CRO";32,8;"6-3 3-6 6-3";3;"R32";123;5;1;76;46;40;16;14;2;3;10;7;80;41;32;23;13;3;5;12;3205;39;1593;6;3;6;NA;NA;3;6;3;NA;NA;2021-08-09;2021;"2021-0421:42";968;0;3,41503749927884;1,71459778113775;19;"Marin Cilic";112;"Casper Ruud";1,71459778113775;3,41503749927884;-1,70043971814109;32,8;22,6;10,2;198;183;15;0,666666666666667;0,6;0,6;0,666666666666667;-0,0666666666666667;5;3;3;2;2;1;1;2;-1;0;0;1
"837803";"2021-0421";"Canada Masters";"Hard";"64";"Masters";43;126;"Frances Tiafoe";"R";188;"USA";23,5;117;"Denis Shapovalov";"L";185;"CAN";22,3;"6-1 6-4";3;"R32";75;5;3;50;26;23;14;9;0;0;4;9;61;30;22;11;8;10;13;52;1226;10;3625;6;6;NA;NA;NA;1;4;NA;NA;NA;2021-08-09;2021;"2021-0421:43";969;0;1,29956028185891;3,67807190511264;117;"Denis Shapovalov";126;"Frances Tiafoe";3,67807190511264;1,29956028185891;2,37851162325373;22,3;23,5;-1,2;185;188;-3;1,5;0,769230769230769;0,769230769230769;1,5;-0,730769230769231;13;0;10;0;3;0;0;3;-3;0;0;1
"837804";"2021-0421";"Canada Masters";"Hard";"64";"Masters";44;88;"Gael Monfils";"R";193;"FRA";34,9;87;"John Millman";"R";183;"AUS";32,1;"3-6 6-3 6-4";3;"R32";113;10;9;74;32;24;22;14;1;4;1;1;100;65;44;15;14;11;15;24;2253;42;1505;3;6;6;NA;NA;6;3;4;NA;NA;2021-08-09;2021;"2021-0421:44";970;0;2,41503749927884;1,60768257722124;87;"John Millman";88;"Gael Monfils";1,60768257722124;2,41503749927884;-0,807354922057605;32,1;34,9;-2,8;183;193;-10;0,25;0,733333333333333;0,733333333333333;0,25;0,483333333333333;15;4;11;1;4;3;3;4;-1;0;0;1
"837805";"2021-0421";"Canada Masters";"Hard";"64";"Masters";45;60;"John Isner";"R";206;"USA";36,2;47;"Cristian Garin";"R";185;"CHI";25,1;"4-6 6-3 6-4";3;"R32";133;21;3;87;57;47;17;15;3;4;4;3;99;62;44;18;14;5;7;30;1901;20;2475;4;6;6;NA;NA;6;3;4;NA;NA;2021-08-09;2021;"2021-0421:45";971;0;2,09310940439148;2,67807190511264;47;"Cristian Garin";60;"John Isner";2,67807190511264;2,09310940439148;0,584962500721156;25,1;36,2;-11,1;185;206;-21;0,75;0,714285714285714;0,714285714285714;0,75;-0,0357142857142857;7;4;5;3;2;1;1;2;-1;0;0;1
"837806";"2021-0421";"Canada Masters";"Hard";"64";"Masters";46;110;"Andrey Rublev";"R";188;"RUS";23,8;42;"Fabio Fognini";"R";178;"ITA";34,2;"7-6(4) 6-3";3;"R32";92;13;4;71;48;39;13;11;2;3;5;4;70;36;29;15;10;2;4;7;6005;37;1619;7;6;NA;NA;NA;6;3;NA;NA;NA;2021-08-09;2021;"2021-0421:46";972;0;4,1926450779424;1,79054663437105;42;"Fabio Fognini";110;"Andrey Rublev";1,79054663437105;4,1926450779424;-2,40209844357135;34,2;23,8;10,4;178;188;-10;0,666666666666667;0,5;0,5;0,666666666666667;-0,166666666666667;4;3;2;2;2;1;1;2;-1;0;0;1
"837808";"2021-0421";"Canada Masters";"Hard";"64";"Masters";48;5;"Nikoloz Basilashvili";"R";185;"GEO";29,4;26;"Alex De Minaur";"R";183;"AUS";22,4;"6-1 6-1";3;"R32";56;6;3;49;27;21;12;7;5;5;2;3;35;16;8;6;7;1;6;43;1498;17;2600;6;6;NA;NA;NA;1;1;NA;NA;NA;2021-08-09;2021;"2021-0421:48";973;1;1,5737352452979;2,91253715874966;5;"Nikoloz Basilashvili";26;"Alex De Minaur";1,5737352452979;2,91253715874966;-1,33880191345176;29,4;22,4;7;185;183;2;1;0,166666666666667;1;0,166666666666667;0,833333333333333;6;5;1;5;5;0;5;0;5;0;0;1
"837809";"2021-0421";"Canada Masters";"Hard";"64";"Masters";49;33;"James Duckworth";"R";183;"AUS";29,5;119;"Jannik Sinner";"R";188;"ITA";19,9;"6-3 6-4";3;"R32";76;1;0;59;45;35;9;10;2;2;3;2;60;38;29;9;9;2;4;85;899;15;2745;6;6;NA;NA;NA;3;4;NA;NA;NA;2021-08-09;2021;"2021-0421:49";974;1;0,590609063862298;3,09310940439148;33;"James Duckworth";119;"Jannik Sinner";0,590609063862298;3,09310940439148;-2,50250034052918;29,5;19,9;9,6;183;188;-5;1;0,5;1;0,5;0,5;4;2;2;2;2;0;2;0;2;0;0;1
"837810";"2021-0421";"Canada Masters";"Hard";"64";"Masters";50;86;"Daniil Medvedev";"R";198;"RUS";25,4;13;"Alexander Bublik";"R";196;"KAZ";24,1;"4-6 6-3 6-4";3;"R32";122;13;4;85;52;44;19;15;3;4;14;8;94;44;37;24;14;5;7;2;9643;38;1611;4;6;6;NA;NA;6;3;4;NA;NA;2021-08-09;2021;"2021-0421:50";975;0;6;1,75207248655641;13;"Alexander Bublik";86;"Daniil Medvedev";1,75207248655641;6;-4,24792751344359;24,1;25,4;-1,3;196;198;-2;0,75;0,714285714285714;0,714285714285714;0,75;-0,0357142857142857;7;4;5;3;2;1;1;2;-1;0;0;1
"837811";"2021-0421";"Canada Masters";"Hard";"64";"Masters";51;99;"Reilly Opelka";"R";211;"USA";23,9;56;"Lloyd Harris";"R";193;"RSA";24,4;"4-6 7-6(6) 7-6(4)";3;"R16";165;21;4;130;87;64;24;17;7;8;21;4;103;66;57;22;17;2;2;32;1741;49;1368;4;7;7;NA;NA;6;6;6;NA;NA;2021-08-09;2021;"2021-0421:51";976;0;2;1,38529015588479;56;"Lloyd Harris";99;"Reilly Opelka";1,38529015588479;2;-0,614709844115208;24,4;23,9;0,5;193;211;-18;0,875;1;1;0,875;0,125;2;8;2;7;0;1;1;0;1;0;0;1
"837812";"2021-0421";"Canada Masters";"Hard";"64";"Masters";52;6;"Roberto Bautista Agut";"R";183;"ESP";33,3;115;"Diego Schwartzman";"R";170;"ARG";28,9;"6-3 3-6 7-5";3;"R16";165;3;3;89;53;36;15;15;3;8;4;3;107;59;44;15;15;6;12;18;2585;14;2913;6;3;7;NA;NA;3;6;5;NA;NA;2021-08-09;2021;"2021-0421:52";977;1;2,83007499855769;3,1926450779424;6;"Roberto Bautista Agut";115;"Diego Schwartzman";2,83007499855769;3,1926450779424;-0,362570079384708;33,3;28,9;4,4;183;170;13;0,375;0,5;0,375;0,5;-0,125;12;8;6;3;6;5;6;5;1;0;0;1
"837813";"2021-0421";"Canada Masters";"Hard";"64";"Masters";53;127;"Stefanos Tsitsipas";"R";193;"GRE";22,9;67;"Karen Khachanov";"R";198;"RUS";25,2;"6-3 6-2";3;"R16";79;5;3;54;27;25;15;9;2;2;5;4;54;32;20;9;8;3;6;3;8115;29;1920;6;6;NA;NA;NA;3;2;NA;NA;NA;2021-08-09;2021;"2021-0421:53";978;0;5,41503749927884;2,14201900487243;67;"Karen Khachanov";127;"Stefanos Tsitsipas";2,14201900487243;5,41503749927884;-3,27301849440642;25,2;22,9;2,3;198;193;5;1;0,5;0,5;1;-0,5;6;2;3;2;3;0;0;3;-3;0;0;1
"837814";"2021-0421";"Canada Masters";"Hard";"64";"Masters";54;112;"Casper Ruud";"R";183;"NOR";22,6;80;"Dusan Lajovic";"R";180;"SRB";31,1;"6-4 6-3";3;"R16";74;5;1;54;32;23;17;10;1;2;2;2;45;36;23;3;9;0;3;12;3205;44;1485;6;6;NA;NA;NA;4;3;NA;NA;NA;2021-08-09;2021;"2021-0421:54";979;0;3,41503749927884;1,5405683813627;80;"Dusan Lajovic";112;"Casper Ruud";1,5405683813627;3,41503749927884;-1,87446911791614;31,1;22,6;8,5;180;183;-3;0,5;0;0;0,5;-0,5;3;2;0;1;3;1;1;3;-2;0;0;1
"837815";"2021-0421";"Canada Masters";"Hard";"64";"Masters";55;88;"Gael Monfils";"R";193;"FRA";34,9;126;"Frances Tiafoe";"R";188;"USA";23,5;"6-1 7-6(2)";3;"R16";87;11;5;59;37;31;12;10;2;3;3;3;72;46;28;13;9;6;9;24;2253;52;1226;6;7;NA;NA;NA;1;6;NA;NA;NA;2021-08-09;2021;"2021-0421:55";980;1;2,41503749927884;1,29956028185891;88;"Gael Monfils";126;"Frances Tiafoe";2,41503749927884;1,29956028185891;1,11547721741994;34,9;23,5;11,4;193;188;5;0,666666666666667;0,666666666666667;0,666666666666667;0,666666666666667;0;9;3;6;2;3;1;3;1;2;0;0;1
"837816";"2021-0421";"Canada Masters";"Hard";"64";"Masters";56;60;"John Isner";"R";206;"USA";36,2;110;"Andrey Rublev";"R";188;"RUS";23,8;"7-5 7-6(5)";3;"R16";103;20;1;76;48;37;18;12;4;4;10;4;74;44;37;16;12;6;7;30;1901;7;6005;7;7;NA;NA;NA;5;6;NA;NA;NA;2021-08-09;2021;"2021-0421:56";981;1;2,09310940439148;4,1926450779424;60;"John Isner";110;"Andrey Rublev";2,09310940439148;4,1926450779424;-2,09953567355091;36,2;23,8;12,4;206;188;18;1;0,857142857142857;1;0,857142857142857;0,142857142857143;7;4;6;4;1;0;1;0;1;0;0;1
"837817";"2021-0421";"Canada Masters";"Hard";"64";"Masters";57;59;"Hubert Hurkacz";"R";196;"POL";24,4;5;"Nikoloz Basilashvili";"R";185;"GEO";29,4;"6-7(7) 6-4 6-4";3;"R16";158;22;5;111;64;56;21;16;6;7;11;8;115;45;36;38;16;5;8;13;3118;43;1498;6;6;6;NA;NA;7;4;4;NA;NA;2021-08-09;2021;"2021-0421:57";982;0;3,29956028185891;1,5737352452979;5;"Nikoloz Basilashvili";59;"Hubert Hurkacz";1,5737352452979;3,29956028185891;-1,72582503656101;29,4;24,4;5;185;196;-11;0,857142857142857;0,625;0,625;0,857142857142857;-0,232142857142857;8;7;5;6;3;1;1;3;-2;0;0;1
"837818";"2021-0421";"Canada Masters";"Hard";"64";"Masters";58;86;"Daniil Medvedev";"R";198;"RUS";25,4;33;"James Duckworth";"R";183;"AUS";29,5;"6-2 6-4";3;"R16";68;10;3;50;32;27;8;9;0;1;1;2;57;32;20;10;9;5;9;2;9643;85;899;6;6;NA;NA;NA;2;4;NA;NA;NA;2021-08-09;2021;"2021-0421:58";983;0;6;0,590609063862298;33;"James Duckworth";86;"Daniil Medvedev";0,590609063862298;6;-5,4093909361377;29,5;25,4;4,1;183;198;-15;0;0,555555555555556;0,555555555555556;0;0,555555555555556;9;1;5;0;4;1;1;4;-3;0;0;1
"837819";"2021-0421";"Canada Masters";"Hard";"64";"Masters";59;99;"Reilly Opelka";"R";211;"USA";23,9;6;"Roberto Bautista Agut";"R";183;"ESP";33,3;"6-3 7-6(1)";3;"QF";83;18;2;62;41;35;13;11;0;0;6;0;48;35;30;9;10;0;1;32;1741;18;2585;6;7;NA;NA;NA;3;6;NA;NA;NA;2021-08-09;2021;"2021-0421:59";984;0;2;2,83007499855769;6;"Roberto Bautista Agut";99;"Reilly Opelka";2,83007499855769;2;0,830074998557688;33,3;23,9;9,4;183;211;-28;1,5;0;0;1,5;-1,5;1;0;0;0;1;0;0;1;-1;0;0;1
"837820";"2021-0421";"Canada Masters";"Hard";"64";"Masters";60;127;"Stefanos Tsitsipas";"R";193;"GRE";22,9;112;"Casper Ruud";"R";183;"NOR";22,6;"6-1 6-4";3;"QF";74;8;1;47;29;25;12;9;1;1;2;1;46;30;20;7;8;4;7;3;8115;12;3205;6;6;NA;NA;NA;1;4;NA;NA;NA;2021-08-09;2021;"2021-0421:60";985;0;5,41503749927884;3,41503749927884;112;"Casper Ruud";127;"Stefanos Tsitsipas";3,41503749927884;5,41503749927884;-2;22,6;22,9;-0,299999999999997;183;193;-10;1;0,571428571428571;0,571428571428571;1;-0,428571428571429;7;1;4;1;3;0;0;3;-3;0;0;1
"837821";"2021-0421";"Canada Masters";"Hard";"64";"Masters";61;60;"John Isner";"R";206;"USA";36,2;88;"Gael Monfils";"R";193;"FRA";34,9;"7-6(5) 6-4";3;"QF";93;13;2;67;46;36;14;11;1;1;12;11;73;35;28;20;11;6;7;30;1901;24;2253;7;6;NA;NA;NA;6;4;NA;NA;NA;2021-08-09;2021;"2021-0421:61";986;1;2,09310940439148;2,41503749927884;60;"John Isner";88;"Gael Monfils";2,09310940439148;2,41503749927884;-0,321928094887363;36,2;34,9;1,3;206;193;13;1;0,857142857142857;1;0,857142857142857;0,142857142857143;7;1;6;1;1;0;1;0;1;0;0;1
"837822";"2021-0421";"Canada Masters";"Hard";"64";"Masters";62;86;"Daniil Medvedev";"R";198;"RUS";25,4;59;"Hubert Hurkacz";"R";196;"POL";24,4;"2-6 7-6(6) 7-6(5)";3;"QF";136;23;5;115;76;60;20;16;7;9;9;1;99;63;54;23;16;2;2;2;9643;13;3118;2;7;7;NA;NA;6;6;6;NA;NA;2021-08-09;2021;"2021-0421:62";987;0;6;3,29956028185891;59;"Hubert Hurkacz";86;"Daniil Medvedev";3,29956028185891;6;-2,70043971814109;24,4;25,4;-1;196;198;-2;0,777777777777778;1;1;0,777777777777778;0,222222222222222;2;9;2;7;0;2;2;0;2;0;0;1
"837823";"2021-0421";"Canada Masters";"Hard";"64";"Masters";63;99;"Reilly Opelka";"R";211;"USA";23,9;127;"Stefanos Tsitsipas";"R";193;"GRE";22,9;"6-7(2) 7-6(4) 6-4";3;"SF";152;17;3;112;81;62;20;17;1;1;10;7;103;61;53;24;17;3;4;32;1741;3;8115;6;7;6;NA;NA;7;6;4;NA;NA;2021-08-09;2021;"2021-0421:63";988;1;2;5,41503749927884;99;"Reilly Opelka";127;"Stefanos Tsitsipas";2;5,41503749927884;-3,41503749927884;23,9;22,9;1;211;193;18;1;0,75;1;0,75;0,25;4;1;3;1;1;0;1;0;1;0;0;1
"837824";"2021-0421";"Canada Masters";"Hard";"64";"Masters";64;86;"Daniil Medvedev";"R";198;"RUS";25,4;60;"John Isner";"R";206;"USA";36,2;"6-2 6-2";3;"SF";54;11;3;41;30;27;7;8;1;1;4;1;50;38;23;2;8;3;7;2;9643;30;1901;6;6;NA;NA;NA;2;2;NA;NA;NA;2021-08-09;2021;"2021-0421:64";989;0;6;2,09310940439148;60;"John Isner";86;"Daniil Medvedev";2,09310940439148;6;-3,90689059560852;36,2;25,4;10,8;206;198;8;1;0,428571428571429;0,428571428571429;1;-0,571428571428571;7;1;3;1;4;0;0;4;-4;0;0;1
"837825";"2021-0421";"Canada Masters";"Hard";"64";"Masters";65;86;"Daniil Medvedev";"R";198;"RUS";25,4;99;"Reilly Opelka";"R";211;"USA";23,9;"6-4 6-3";3;"F";85;6;5;52;26;23;16;9;4;4;8;3;78;57;36;8;10;4;7;2;9643;32;1741;6;6;NA;NA;NA;4;3;NA;NA;NA;2021-08-09;2021;"2021-0421:65";990;1;6;2;86;"Daniil Medvedev";99;"Reilly Opelka";6;2;4;25,4;23,9;1,5;198;211;-13;1;0,571428571428571;1;0,571428571428571;0,428571428571429;7;4;4;4;3;0;3;0;3;0;0;1
"838077";"2021-0422";"Cincinnati Masters";"Hard";"64";"Masters";1;48;"Richard Gasquet";"R";185;"FRA";35,1;129;"Fernando Verdasco";"L";188;"ESP";37,7;"6-4 6-0";3;"Q1";NA;2;1;40;24;24;8;8;0;0;3;5;45;26;13;8;8;1;5;53;1221;132;611;6;6;NA;NA;NA;4;0;NA;NA;NA;2021-08-16;2021;"2021-0422:1";991;1;1,2720795454368;-0,0443941193584534;48;"Richard Gasquet";129;"Fernando Verdasco";1,2720795454368;-0,0443941193584534;1,31647366479525;35,1;37,7;-2,6;185;188;-3;1,5;0,2;1,5;0,2;1,3;5;0;1;0;4;0;4;0;4;0;0;1
"838078";"2021-0422";"Cincinnati Masters";"Hard";"64";"Masters";2;91;"Jaume Munar";"R";183;"ESP";24,2;53;"Norbert Gombos";"R";193;"SVK";31;"6-2 6-2";3;"Q1";NA;6;2;38;21;18;12;8;0;1;1;3;57;27;15;10;8;3;8;68;1022;108;765;6;6;NA;NA;NA;2;2;NA;NA;NA;2021-08-16;2021;"2021-0422:2";992;0;0,912537158749661;0,245112497836532;53;"Norbert Gombos";91;"Jaume Munar";0,245112497836532;0,912537158749661;-0,667424660913129;31;24,2;6,8;193;183;10;0;0,375;0,375;0;0,375;8;1;3;0;5;1;1;5;-4;0;0;1
"838079";"2021-0422";"Cincinnati Masters";"Hard";"64";"Masters";3;2;"Carlos Alcaraz";"R";185;"ESP";18,2;89;"Thiago Monteiro";"L";183;"BRA";27,2;"6-2 6-3";3;"Q1";NA;2;2;54;36;28;12;9;3;3;1;1;45;27;16;8;8;0;3;55;1196;94;829;6;6;NA;NA;NA;2;3;NA;NA;NA;2021-08-16;2021;"2021-0422:3";993;1;1,21864028647534;0,445411148322362;2;"Carlos Alcaraz";89;"Thiago Monteiro";1,21864028647534;0,445411148322362;0,773229138152978;18,2;27,2;-9;185;183;2;1;0;1;0;1;3;3;0;3;3;0;3;0;3;0;0;1
"838080";"2021-0422";"Cincinnati Masters";"Hard";"64";"Masters";4;61;"Ilya Ivashka";"R";193;"BLR";27,4;74;"Mitchell Krueger";"R";188;"USA";27,5;"6-3 3-6 6-3";3;"Q1";NA;10;3;79;57;40;11;14;0;2;8;2;91;64;39;14;13;6;9;67;1025;174;426;6;3;6;NA;NA;3;6;3;NA;NA;2021-08-16;2021;"2021-0422:4";994;1;0,933910809542228;-0,442943495848728;61;"Ilya Ivashka";74;"Mitchell Krueger";0,933910809542228;-0,442943495848728;1,37685430539096;27,4;27,5;-0,100000000000001;193;188;5;0;0,666666666666667;0;0,666666666666667;-0,666666666666667;9;2;6;0;3;2;3;2;1;0;0;1
"838081";"2021-0422";"Cincinnati Masters";"Hard";"64";"Masters";5;101;"Tommy Paul";"R";185;"USA";24,2;77;"Soon Woo Kwon";"R";180;"KOR";23,7;"6-3 6-2";3;"Q1";NA;4;3;69;45;35;8;9;3;4;1;2;43;24;16;7;8;0;4;56;1193;78;949;6;6;NA;NA;NA;3;2;NA;NA;NA;2021-08-16;2021;"2021-0422:5";995;0;1,1926450779424;0,714597781137751;77;"Soon Woo Kwon";101;"Tommy Paul";0,714597781137751;1,1926450779424;-0,478047296804645;23,7;24,2;-0,5;180;185;-5;0,75;0;0;0,75;-0,75;4;4;0;3;4;1;1;4;-3;0;0;1
"838082";"2021-0422";"Cincinnati Masters";"Hard";"64";"Masters";6;114;"Tennys Sandgren";"R";188;"USA";30;18;"Jeremy Chardy";"R";188;"FRA";34,5;"7-6(6) 6-1";3;"Q1";NA;6;6;72;45;34;11;10;2;4;8;6;64;40;25;10;9;4;8;85;907;72;994;7;6;NA;NA;NA;6;1;NA;NA;NA;2021-08-16;2021;"2021-0422:6";996;0;0,590609063862298;0,830074998557688;18;"Jeremy Chardy";114;"Tennys Sandgren";0,830074998557688;0,590609063862298;0,23946593469539;34,5;30;4,5;188;188;0;0,5;0,5;0,5;0,5;0;8;4;4;2;4;2;2;4;-2;0;0;1
"838085";"2021-0422";"Cincinnati Masters";"Hard";"64";"Masters";9;69;"Dominik Koepfer";"L";180;"GER";27,2;116;"Andreas Seppi";"R";190;"ITA";37,4;"2-6 6-4 6-4";3;"Q1";NA;4;4;86;43;32;28;14;8;10;10;4;81;44;34;20;14;3;5;59;1126;87;873;2;6;6;NA;NA;6;4;4;NA;NA;2021-08-16;2021;"2021-0422:9";997;1;1,11735695063816;0,557056504151272;69;"Dominik Koepfer";116;"Andreas Seppi";1,11735695063816;0,557056504151272;0,560300446486886;27,2;37,4;-10,2;180;190;-10;0,8;0,6;0,8;0,6;0,2;5;10;3;8;2;2;2;2;0;0;0;1
"838086";"2021-0422";"Cincinnati Masters";"Hard";"64";"Masters";10;50;"Marcos Giron";"R";180;"USA";28;131;"J J Wolf";"R";183;"USA";22,6;"6-3 6-3";3;"Q1";NA;6;1;49;31;27;11;9;0;0;8;3;60;38;24;10;9;3;6;66;1047;150;514;6;6;NA;NA;NA;3;3;NA;NA;NA;2021-08-16;2021;"2021-0422:10";998;1;0,955605880641547;-0,22881869049588;50;"Marcos Giron";131;"J J Wolf";0,955605880641547;-0,22881869049588;1,18442457113743;28;22,6;5,4;180;183;-3;1,5;0,5;1,5;0,5;1;6;0;3;0;3;0;3;0;3;0;0;1
"838087";"2021-0422";"Cincinnati Masters";"Hard";"64";"Masters";11;90;"Corentin Moutet";"L";178;"FRA";22,3;105;"Vasek Pospisil";"R";193;"CAN";31,1;"6-2 6-2";3;"Q1";NA;1;3;48;36;28;7;8;2;2;3;5;49;24;16;8;8;1;5;90;848;60;1125;6;6;NA;NA;NA;2;2;NA;NA;NA;2021-08-16;2021;"2021-0422:11";999;1;0,508146903670325;1,09310940439148;90;"Corentin Moutet";105;"Vasek Pospisil";0,508146903670325;1,09310940439148;-0,584962500721156;22,3;31,1;-8,8;178;193;-15;1;0,2;1;0,2;0,8;5;2;1;2;4;0;4;0;4;0;0;1
"838089";"2021-0422";"Cincinnati Masters";"Hard";"64";"Masters";13;3;"Kevin Anderson";"R";203;"RSA";35,2;93;"Lorenzo Musetti";"R";185;"ITA";19,4;"6-3 6-3";3;"Q1";NA;10;2;46;26;23;14;9;2;2;2;2;61;38;22;12;9;3;6;76;958;61;1106;6;6;NA;NA;NA;3;3;NA;NA;NA;2021-08-16;2021;"2021-0422:13";1000;1;0,752072486556415;1,06926266243711;3;"Kevin Anderson";93;"Lorenzo Musetti";0,752072486556415;1,06926266243711;-0,317190175880699;35,2;19,4;15,8;203;185;18;1;0,5;1;0,5;0,5;6;2;3;2;3;0;3;0;3;0;0;1
"838090";"2021-0422";"Cincinnati Masters";"Hard";"64";"Masters";14;63;"Steve Johnson";"R";188;"USA";31,6;113;"Emil Ruusuvuori";"R";188;"FIN";22,3;"6-7(4) 6-2 6-3";3;"Q1";NA;6;3;89;55;42;20;15;2;3;9;6;84;55;45;8;14;5;9;79;946;71;998;6;6;6;NA;NA;7;2;3;NA;NA;2021-08-16;2021;"2021-0422:14";1001;1;0,696219251822897;0,850252880495318;63;"Steve Johnson";113;"Emil Ruusuvuori";0,696219251822897;0,850252880495318;-0,154033628672421;31,6;22,3;9,3;188;188;0;0,666666666666667;0,555555555555556;0,666666666666667;0,555555555555556;0,111111111111111;9;3;5;2;4;1;4;1;3;0;0;1
"838091";"2021-0422";"Cincinnati Masters";"Hard";"64";"Masters";15;48;"Richard Gasquet";"R";185;"FRA";35,1;91;"Jaume Munar";"R";183;"ESP";24,2;"5-7 6-4 6-4";3;"Q2";NA;1;7;104;47;34;30;16;4;7;6;7;94;47;32;27;16;11;15;53;1221;68;1022;5;6;6;NA;NA;7;4;4;NA;NA;2021-08-16;2021;"2021-0422:15";1002;1;1,2720795454368;0,912537158749661;48;"Richard Gasquet";91;"Jaume Munar";1,2720795454368;0,912537158749661;0,35954238668714;35,1;24,2;10,9;185;183;2;0,571428571428571;0,733333333333333;0,571428571428571;0,733333333333333;-0,161904761904762;15;7;11;4;4;3;4;3;1;0;0;1
"838092";"2021-0422";"Cincinnati Masters";"Hard";"64";"Masters";16;2;"Carlos Alcaraz";"R";185;"ESP";18,2;61;"Ilya Ivashka";"R";193;"BLR";27,4;"6-3 6-4";3;"Q2";NA;0;3;62;43;29;11;10;4;6;2;0;53;33;19;9;9;2;6;55;1196;67;1025;6;6;NA;NA;NA;3;4;NA;NA;NA;2021-08-16;2021;"2021-0422:16";1003;1;1,21864028647534;0,933910809542228;2;"Carlos Alcaraz";61;"Ilya Ivashka";1,21864028647534;0,933910809542228;0,284729476933112;18,2;27,4;-9,2;185;193;-8;0,666666666666667;0,333333333333333;0,666666666666667;0,333333333333333;0,333333333333333;6;6;2;4;4;2;4;2;2;0;0;1
"838093";"2021-0422";"Cincinnati Masters";"Hard";"64";"Masters";17;101;"Tommy Paul";"R";185;"USA";24,2;114;"Tennys Sandgren";"R";188;"USA";30;"6-7(5) 7-6(4) 6-3";3;"Q2";NA;11;3;115;80;57;14;16;9;13;8;5;125;80;54;17;17;6;12;56;1193;85;907;6;7;6;NA;NA;7;6;3;NA;NA;2021-08-16;2021;"2021-0422:17";1004;1;1,1926450779424;0,590609063862298;101;"Tommy Paul";114;"Tennys Sandgren";1,1926450779424;0,590609063862298;0,602036014080098;24,2;30;-5,8;185;188;-3;0,692307692307692;0,5;0,692307692307692;0,5;0,192307692307692;12;13;6;9;6;4;6;4;2;0;0;1
"838094";"2021-0422";"Cincinnati Masters";"Hard";"64";"Masters";18;97;"Yoshihito Nishioka";"L";170;"JPN";25,8;8;"Ricardas Berankis";"R";175;"LTU";31,1;"6-7(6) 7-5 6-2";3;"Q2";NA;6;0;100;73;51;17;16;0;2;10;4;119;75;56;16;16;8;13;57;1170;92;837;6;7;6;NA;NA;7;5;2;NA;NA;2021-08-16;2021;"2021-0422:18";1005;0;1,16710998583526;0,476438043942987;8;"Ricardas Berankis";97;"Yoshihito Nishioka";0,476438043942987;1,16710998583526;-0,690671941892272;31,1;25,8;5,3;175;170;5;0;0,615384615384615;0,615384615384615;0;0,615384615384615;13;2;8;0;5;2;2;5;-3;0;0;1
"838095";"2021-0422";"Cincinnati Masters";"Hard";"64";"Masters";19;50;"Marcos Giron";"R";180;"USA";28;69;"Dominik Koepfer";"L";180;"GER";27,2;"7-6(6) 6-4";3;"Q2";NA;12;0;72;47;38;14;11;4;4;4;3;68;39;27;20;11;2;3;66;1047;59;1126;7;6;NA;NA;NA;6;4;NA;NA;NA;2021-08-16;2021;"2021-0422:19";1006;1;0,955605880641547;1,11735695063816;50;"Marcos Giron";69;"Dominik Koepfer";0,955605880641547;1,11735695063816;-0,161751069996612;28;27,2;0,800000000000001;180;180;0;1;0,666666666666667;1;0,666666666666667;0,333333333333333;3;4;2;4;1;0;1;0;1;0;0;1
"838096";"2021-0422";"Cincinnati Masters";"Hard";"64";"Masters";20;90;"Corentin Moutet";"L";178;"FRA";22,3;104;"Alexei Popyrin";"R";196;"AUS";22;"3-6 7-6(2) 7-5";3;"Q2";NA;4;1;121;92;62;17;16;14;16;7;5;98;61;48;21;17;5;7;90;848;74;970;3;7;7;NA;NA;6;6;5;NA;NA;2021-08-16;2021;"2021-0422:20";1007;1;0,508146903670325;0,79054663437105;90;"Corentin Moutet";104;"Alexei Popyrin";0,508146903670325;0,79054663437105;-0,282399730700725;22,3;22;0,300000000000001;178;196;-18;0,875;0,714285714285714;0,875;0,714285714285714;0,160714285714286;7;16;5;14;2;2;2;2;0;0;0;1
"838097";"2021-0422";"Cincinnati Masters";"Hard";"64";"Masters";21;3;"Kevin Anderson";"R";203;"RSA";35,2;63;"Steve Johnson";"R";188;"USA";31,6;"7-6(3) 6-4";3;"Q2";NA;12;1;66;38;34;15;11;3;4;8;1;80;48;32;14;11;5;7;76;958;79;946;7;6;NA;NA;NA;6;4;NA;NA;NA;2021-08-16;2021;"2021-0422:21";1008;1;0,752072486556415;0,696219251822897;3;"Kevin Anderson";63;"Steve Johnson";0,752072486556415;0,696219251822897;0,0558532347335179;35,2;31,6;3,6;203;188;15;0,75;0,714285714285714;0,75;0,714285714285714;0,0357142857142857;7;4;5;3;2;1;2;1;1;0;0;1
"838098";"2021-0422";"Cincinnati Masters";"Hard";"64";"Masters";22;72;"Sebastian Korda";"R";196;"USA";21,1;30;"Laslo Djere";"R";188;"SRB";26,2;"6-4 6-4";3;"R64";81;4;1;51;36;31;7;10;0;1;6;4;61;35;26;10;10;3;6;45;1449;52;1307;6;6;NA;NA;NA;4;4;NA;NA;NA;2021-08-16;2021;"2021-0422:22";1009;0;1,50814690367033;1,29956028185891;30;"Laslo Djere";72;"Sebastian Korda";1,29956028185891;1,50814690367033;-0,208586621811417;26,2;21,1;5,1;188;196;-8;0;0,5;0,5;0;0,5;6;1;3;0;3;1;1;3;-2;0;0;1
"838099";"2021-0422";"Cincinnati Masters";"Hard";"64";"Masters";23;121;"Lorenzo Sonego";"R";191;"ITA";26,2;2;"Carlos Alcaraz";"R";185;"ESP";18,2;"6-3 7-6(6)";3;"R64";131;3;0;79;49;32;17;11;5;7;1;3;71;36;26;13;10;1;4;27;2157;55;1196;6;7;NA;NA;NA;3;6;NA;NA;NA;2021-08-16;2021;"2021-0422:23";1010;0;2,24511249783653;1,21864028647534;2;"Carlos Alcaraz";121;"Lorenzo Sonego";1,21864028647534;2,24511249783653;-1,02647221136119;18,2;26,2;-8;185;191;-6;0,714285714285714;0,25;0,25;0,714285714285714;-0,464285714285714;4;7;1;5;3;2;2;3;-1;0;0;1
"838100";"2021-0422";"Cincinnati Masters";"Hard";"64";"Masters";24;101;"Tommy Paul";"R";185;"USA";24,2;47;"Cristian Garin";"R";185;"CHI";25,2;"4-6 6-3 6-4";3;"R64";144;5;2;89;64;43;11;15;6;10;1;3;91;54;32;20;14;6;11;56;1193;20;2510;4;6;6;NA;NA;6;3;4;NA;NA;2021-08-16;2021;"2021-0422:24";1011;0;1,1926450779424;2,67807190511264;47;"Cristian Garin";101;"Tommy Paul";2,67807190511264;1,1926450779424;1,48542682717024;25,2;24,2;1;185;185;0;0,6;0,545454545454545;0,545454545454545;0,6;-0,0545454545454546;11;10;6;6;5;4;4;5;-1;0;0;1
"838101";"2021-0422";"Cincinnati Masters";"Hard";"64";"Masters";25;4;"Felix Auger Aliassime";"R";193;"CAN";21;45;"Marton Fucsovics";"R";188;"HUN";29,5;"7-6(0) 6-3";3;"R64";140;2;5;84;44;30;18;10;7;10;3;6;91;54;34;12;11;13;18;17;2693;37;1644;7;6;NA;NA;NA;6;3;NA;NA;NA;2021-08-16;2021;"2021-0422:25";1012;1;2,91253715874966;1,79054663437105;4;"Felix Auger Aliassime";45;"Marton Fucsovics";2,91253715874966;1,79054663437105;1,12199052437861;21;29,5;-8,5;193;188;5;0,7;0,722222222222222;0,7;0,722222222222222;-0,0222222222222223;18;10;13;7;5;3;5;3;2;0;0;1
"838102";"2021-0422";"Cincinnati Masters";"Hard";"64";"Masters";26;67;"Karen Khachanov";"R";198;"RUS";25,2;3;"Kevin Anderson";"R";203;"RSA";35,2;"6-2 6-4";3;"R64";85;0;1;50;28;21;18;9;2;2;11;4;68;46;32;7;9;7;10;30;2055;76;958;6;6;NA;NA;NA;2;4;NA;NA;NA;2021-08-16;2021;"2021-0422:26";1013;0;2,09310940439148;0,752072486556415;3;"Kevin Anderson";67;"Karen Khachanov";0,752072486556415;2,09310940439148;-1,34103691783507;35,2;25,2;10;203;198;5;1;0,7;0,7;1;-0,3;10;2;7;2;3;0;0;3;-3;0;0;1
"838103";"2021-0422";"Cincinnati Masters";"Hard";"64";"Masters";27;108;"Albert Ramos";"L";188;"ESP";33,5;44;"Taylor Fritz";"R";193;"USA";23,8;"4-6 6-4 6-4";3;"R64";135;8;3;78;47;36;17;15;3;6;15;8;107;60;45;18;15;11;15;49;1378;42;1550;4;6;6;NA;NA;6;4;4;NA;NA;2021-08-16;2021;"2021-0422:27";1014;0;1,38529015588479;1,60768257722124;44;"Taylor Fritz";108;"Albert Ramos";1,60768257722124;1,38529015588479;0,222392421336448;23,8;33,5;-9,7;193;188;5;0,5;0,733333333333333;0,733333333333333;0,5;0,233333333333333;15;6;11;3;4;3;3;4;-1;0;0;1
"838104";"2021-0422";"Cincinnati Masters";"Hard";"64";"Masters";28;56;"Lloyd Harris";"R";193;"RSA";24,4;97;"Yoshihito Nishioka";"L";170;"JPN";25,8;"6-3 6-4";3;"R64";83;11;2;61;39;29;11;10;7;9;2;1;54;43;26;3;9;2;6;46;1433;57;1170;6;6;NA;NA;NA;3;4;NA;NA;NA;2021-08-16;2021;"2021-0422:28";1015;1;1,47643804394299;1,16710998583526;56;"Lloyd Harris";97;"Yoshihito Nishioka";1,47643804394299;1,16710998583526;0,309328058107728;24,4;25,8;-1,4;193;170;23;0,777777777777778;0,333333333333333;0,777777777777778;0,333333333333333;0,444444444444444;6;9;2;7;4;2;4;2;2;0;0;1
"838105";"2021-0422";"Cincinnati Masters";"Hard";"64";"Masters";29;42;"Fabio Fognini";"R";178;"ITA";34,2;5;"Nikoloz Basilashvili";"R";185;"GEO";29,4;"7-6(3) 6-3";3;"R64";98;8;3;78;50;32;14;11;2;5;4;3;61;33;21;12;10;2;6;36;1689;40;1578;7;6;NA;NA;NA;6;3;NA;NA;NA;2021-08-16;2021;"2021-0422:29";1016;0;1,83007499855769;1,67807190511264;5;"Nikoloz Basilashvili";42;"Fabio Fognini";1,67807190511264;1,83007499855769;-0,15200309344505;29,4;34,2;-4,8;185;178;7;0,4;0,333333333333333;0,333333333333333;0,4;-0,0666666666666667;6;5;2;2;4;3;3;4;-1;0;0;1
"838106";"2021-0422";"Cincinnati Masters";"Hard";"64";"Masters";30;102;"Guido Pella";"L";185;"ARG";31,2;51;"David Goffin";"R";180;"BEL";30,6;"6-3 6-3";3;"R64";NA;4;1;54;39;26;9;9;2;3;2;5;60;31;20;12;9;6;10;93;834;19;2513;6;6;NA;NA;NA;3;3;NA;NA;NA;2021-08-16;2021;"2021-0422:30";1017;0;0,460841188891969;2,75207248655641;51;"David Goffin";102;"Guido Pella";2,75207248655641;0,460841188891969;2,29123129766445;30,6;31,2;-0,599999999999998;180;185;-5;0,666666666666667;0,6;0,6;0,666666666666667;-0,0666666666666667;10;3;6;2;4;1;1;4;-3;0;0;1
"838107";"2021-0422";"Cincinnati Masters";"Hard";"64";"Masters";31;115;"Diego Schwartzman";"R";170;"ARG";28,9;39;"Daniel Evans";"R";175;"GBR";31,2;"6-2 4-6 6-3";3;"R64";127;5;2;72;47;38;15;14;2;4;4;2;76;45;31;16;13;8;12;14;2980;28;2096;6;4;6;NA;NA;2;6;3;NA;NA;2021-08-16;2021;"2021-0422:31";1018;0;3,1926450779424;2,1926450779424;39;"Daniel Evans";115;"Diego Schwartzman";2,1926450779424;3,1926450779424;-1;31,2;28,9;2,3;175;170;5;0,5;0,666666666666667;0,666666666666667;0,5;0,166666666666667;12;4;8;2;4;2;2;4;-2;0;0;1
"838108";"2021-0422";"Cincinnati Masters";"Hard";"64";"Masters";32;126;"Frances Tiafoe";"R";188;"USA";23,5;58;"Ugo Humbert";"L";188;"FRA";23,1;"7-5 7-6(9)";3;"R64";98;6;2;70;45;39;14;12;3;4;10;3;73;52;42;9;12;1;3;51;1312;29;2090;7;7;NA;NA;NA;5;6;NA;NA;NA;2021-08-16;2021;"2021-0422:32";1019;0;1,3275746580285;2,14201900487243;58;"Ugo Humbert";126;"Frances Tiafoe";2,14201900487243;1,3275746580285;0,814444346843923;23,1;23,5;-0,399999999999999;188;188;0;0,75;0,333333333333333;0,333333333333333;0,75;-0,416666666666667;3;4;1;3;2;1;1;2;-1;0;0;1
"838109";"2021-0422";"Cincinnati Masters";"Hard";"64";"Masters";33;99;"Reilly Opelka";"R";211;"USA";23,9;90;"Corentin Moutet";"L";178;"FRA";22,3;"7-6(3) 4-6 6-4";3;"R64";141;14;7;89;66;56;12;16;1;2;5;1;97;74;57;11;16;2;3;23;2341;90;848;7;4;6;NA;NA;6;6;4;NA;NA;2021-08-16;2021;"2021-0422:33";1020;0;2,47643804394299;0,508146903670325;90;"Corentin Moutet";99;"Reilly Opelka";0,508146903670325;2,47643804394299;-1,96829114027266;22,3;23,9;-1,6;178;211;-33;0,5;0,666666666666667;0,666666666666667;0,5;0,166666666666667;3;2;2;1;1;1;1;1;0;0;0;1
"838110";"2021-0422";"Cincinnati Masters";"Hard";"64";"Masters";34;100;"Benoit Paire";"R";196;"FRA";32,2;66;"Miomir Kecmanovic";"R";183;"SRB";21,9;"5-7 6-3 6-2";3;"R64";NA;11;7;94;45;35;26;15;7;10;1;2;86;59;35;14;14;4;9;50;1375;58;1142;5;6;6;NA;NA;7;3;2;NA;NA;2021-08-16;2021;"2021-0422:34";1021;0;1,35614381022528;1,14201900487243;66;"Miomir Kecmanovic";100;"Benoit Paire";1,14201900487243;1,35614381022528;-0,214124805352848;21,9;32,2;-10,3;183;196;-13;0,7;0,444444444444444;0,444444444444444;0,7;-0,255555555555556;9;10;4;7;5;3;3;5;-2;0;0;1
"838111";"2021-0422";"Cincinnati Masters";"Hard";"64";"Masters";35;60;"John Isner";"R";206;"USA";36,3;98;"Cameron Norrie";"L";188;"GBR";25,9;"4-6 7-6(5) 6-4";3;"R64";119;26;3;90;63;52;18;16;0;1;12;4;78;46;43;22;16;0;1;26;2238;31;1975;4;7;6;NA;NA;6;6;4;NA;NA;2021-08-16;2021;"2021-0422:35";1022;1;2,29956028185891;2,04580368961313;60;"John Isner";98;"Cameron Norrie";2,29956028185891;2,04580368961313;0,253756592245783;36,3;25,9;10,4;206;188;18;0;0;0;0;0;1;1;0;0;1;1;1;1;0;0;0;1
"838112";"2021-0422";"Cincinnati Masters";"Hard";"64";"Masters";36;119;"Jannik Sinner";"R";188;"ITA";20;28;"Federico Delbonis";"L";190;"ARG";30,8;"6-2 7-5";3;"R64";98;6;0;67;43;32;11;10;4;6;1;4;72;41;28;10;10;9;14;15;2745;48;1407;6;7;NA;NA;NA;2;5;NA;NA;NA;2021-08-16;2021;"2021-0422:36";1023;0;3,09310940439148;1,41503749927884;28;"Federico Delbonis";119;"Jannik Sinner";1,41503749927884;3,09310940439148;-1,67807190511264;30,8;20;10,8;190;188;2;0,666666666666667;0,642857142857143;0,642857142857143;0,666666666666667;-0,0238095238095237;14;6;9;4;5;2;2;5;-3;0;0;1
"838113";"2021-0422";"Cincinnati Masters";"Hard";"64";"Masters";37;26;"Alex De Minaur";"R";183;"AUS";22,4;73;"Filip Krajinovic";"R";185;"SRB";29,4;"0-6 6-4 6-4";3;"R64";128;8;1;100;63;44;15;13;5;9;3;1;75;48;35;13;13;4;7;18;2600;33;1724;0;6;6;NA;NA;6;4;4;NA;NA;2021-08-16;2021;"2021-0422:37";1024;1;2,83007499855769;1,95560588064155;26;"Alex De Minaur";73;"Filip Krajinovic";2,83007499855769;1,95560588064155;0,874469117916141;22,4;29,4;-7;183;185;-2;0,555555555555556;0,571428571428571;0,555555555555556;0,571428571428571;-0,0158730158730158;7;9;4;5;3;4;3;4;-1;0;0;1
"838114";"2021-0422";"Cincinnati Masters";"Hard";"64";"Masters";38;88;"Gael Monfils";"R";193;"FRA";34,9;80;"Dusan Lajovic";"R";180;"SRB";31,1;"7-6(0) 6-2";3;"R64";91;5;9;75;34;24;18;10;10;14;1;2;65;46;21;6;10;5;11;22;2423;41;1565;7;6;NA;NA;NA;6;2;NA;NA;NA;2021-08-16;2021;"2021-0422:38";1025;0;2,5405683813627;1,64244799538192;80;"Dusan Lajovic";88;"Gael Monfils";1,64244799538192;2,5405683813627;-0,898120385980786;31,1;34,9;-3,8;180;193;-13;0,714285714285714;0,454545454545455;0,454545454545455;0,714285714285714;-0,25974025974026;11;14;5;10;6;4;4;6;-2;0;0;1
"838115";"2021-0422";"Cincinnati Masters";"Hard";"64";"Masters";39;19;"Marin Cilic";"R";198;"CRO";32,8;64;"Aslan Karatsev";"R";185;"RUS";27,9;"7-5 6-3";3;"R64";111;8;5;61;37;31;13;11;0;1;6;4;83;47;32;16;10;6;9;39;1628;25;2287;7;6;NA;NA;NA;5;3;NA;NA;NA;2021-08-16;2021;"2021-0422:39";1026;1;1,71459778113775;2,35614381022528;19;"Marin Cilic";64;"Aslan Karatsev";1,71459778113775;2,35614381022528;-0,641546029087524;32,8;27,9;4,9;198;185;13;0;0,666666666666667;0;0,666666666666667;-0,666666666666667;9;1;6;0;3;1;3;1;2;0;0;1
"838116";"2021-0422";"Cincinnati Masters";"Hard";"64";"Masters";40;69;"Dominik Koepfer";"L";180;"GER";27,2;123;"Jan Lennard Struff";"R";193;"GER";31,3;"7-6(2) 5-7 6-3";3;"R64";150;9;4;119;84;61;19;17;5;6;7;4;97;48;37;30;16;4;5;59;1126;47;1410;7;5;6;NA;NA;6;7;3;NA;NA;2021-08-16;2021;"2021-0422:40";1027;1;1,11735695063816;1,44541114832236;69;"Dominik Koepfer";123;"Jan Lennard Struff";1,11735695063816;1,44541114832236;-0,328054197684204;27,2;31,3;-4,1;180;193;-13;0,833333333333333;0,8;0,833333333333333;0,8;0,0333333333333333;5;6;4;5;1;1;1;1;0;0;0;1
"838117";"2021-0422";"Cincinnati Masters";"Hard";"64";"Masters";41;92;"Andy Murray";"R";190;"GBR";34,2;48;"Richard Gasquet";"R";185;"FRA";35,1;"6-4 6-4";3;"R64";110;14;2;66;36;29;14;10;4;5;3;2;72;44;27;14;10;7;10;105;775;53;1221;6;6;NA;NA;NA;4;4;NA;NA;NA;2021-08-16;2021;"2021-0422:41";1028;0;0,285754482333878;1,2720795454368;48;"Richard Gasquet";92;"Andy Murray";1,2720795454368;0,285754482333878;0,986325063102924;35,1;34,2;0,899999999999999;185;190;-5;0,8;0,7;0,7;0,8;-0,1;10;5;7;4;3;1;1;3;-2;0;0;1
"838118";"2021-0422";"Cincinnati Masters";"Hard";"64";"Masters";42;59;"Hubert Hurkacz";"R";196;"POL";24,5;25;"Alejandro Davidovich Fokina";"R";183;"ESP";22,1;"6-1 6-7(3) 6-1";3;"R64";125;15;3;96;55;40;25;14;3;4;1;5;81;47;30;16;12;5;10;12;3288;34;1723;6;6;6;NA;NA;1;7;1;NA;NA;2021-08-16;2021;"2021-0422:42";1029;0;3,41503749927884;1,91253715874966;25;"Alejandro Davidovich Fokina";59;"Hubert Hurkacz";1,91253715874966;3,41503749927884;-1,50250034052918;22,1;24,5;-2,4;183;196;-13;0,75;0,5;0,5;0,75;-0,25;10;4;5;3;5;1;1;5;-4;0;0;1
"838119";"2021-0422";"Cincinnati Masters";"Hard";"64";"Masters";43;29;"Grigor Dimitrov";"R";188;"BUL";30,2;6;"Roberto Bautista Agut";"R";183;"ESP";33,3;"6-3 6-4";3;"R64";81;16;0;55;34;26;13;10;2;3;2;2;53;36;23;7;9;1;4;21;2466;16;2720;6;6;NA;NA;NA;3;4;NA;NA;NA;2021-08-16;2021;"2021-0422:43";1030;0;2,60768257722124;3;6;"Roberto Bautista Agut";29;"Grigor Dimitrov";3;2,60768257722124;0,392317422778761;33,3;30,2;3,1;183;188;-5;0,666666666666667;0,25;0,25;0,666666666666667;-0,416666666666667;4;3;1;2;3;1;1;3;-2;0;0;1
"838120";"2021-0422";"Cincinnati Masters";"Hard";"64";"Masters";44;13;"Alexander Bublik";"R";196;"KAZ";24,1;50;"Marcos Giron";"R";180;"USA";28;"3-6 6-3 7-6(5)";3;"R64";125;21;8;102;69;51;11;15;8;10;12;5;101;56;42;23;15;3;5;38;1633;66;1047;3;6;7;NA;NA;6;3;6;NA;NA;2021-08-16;2021;"2021-0422:44";1031;1;1,75207248655641;0,955605880641547;13;"Alexander Bublik";50;"Marcos Giron";1,75207248655641;0,955605880641547;0,796466605914868;24,1;28;-3,9;196;180;16;0,8;0,6;0,8;0,6;0,2;5;10;3;8;2;2;2;2;0;0;0;1
"838121";"2021-0422";"Cincinnati Masters";"Hard";"64";"Masters";45;85;"Mackenzie Mcdonald";"R";178;"USA";26,3;95;"Brandon Nakashima";"R";185;"USA";20;"7-5 6-2";3;"R64";90;6;1;64;32;27;20;10;6;6;6;4;62;33;23;14;10;6;9;64;1060;86;893;7;6;NA;NA;NA;5;2;NA;NA;NA;2021-08-16;2021;"2021-0422:45";1032;1;1;0,573735245297902;85;"Mackenzie Mcdonald";95;"Brandon Nakashima";1;0,573735245297902;0,426264754702098;26,3;20;6,3;178;185;-7;1;0,666666666666667;1;0,666666666666667;0,333333333333333;9;6;6;6;3;0;3;0;3;0;0;1
"838122";"2021-0422";"Cincinnati Masters";"Hard";"64";"Masters";46;127;"Stefanos Tsitsipas";"R";193;"GRE";23;72;"Sebastian Korda";"R";196;"USA";21,1;"7-6(5) 6-3";3;"R32";99;7;4;60;37;33;12;10;2;2;7;1;82;52;32;18;11;4;6;3;8350;45;1449;7;6;NA;NA;NA;6;3;NA;NA;NA;2021-08-16;2021;"2021-0422:46";1033;0;5,41503749927884;1,50814690367033;72;"Sebastian Korda";127;"Stefanos Tsitsipas";1,50814690367033;5,41503749927884;-3,90689059560852;21,1;23;-1,9;196;193;3;1;0,666666666666667;0,666666666666667;1;-0,333333333333333;6;2;4;2;2;0;0;2;-2;0;0;1
"838123";"2021-0422";"Cincinnati Masters";"Hard";"64";"Masters";47;121;"Lorenzo Sonego";"R";191;"ITA";26,2;101;"Tommy Paul";"R";185;"USA";24,2;"7-6(9) 6-2";3;"R32";114;13;3;84;48;39;20;10;5;5;6;3;69;44;32;15;10;1;3;27;2157;56;1193;7;6;NA;NA;NA;6;2;NA;NA;NA;2021-08-16;2021;"2021-0422:47";1034;0;2,24511249783653;1,1926450779424;101;"Tommy Paul";121;"Lorenzo Sonego";1,1926450779424;2,24511249783653;-1,05246741989414;24,2;26,2;-2;185;191;-6;1;0,333333333333333;0,333333333333333;1;-0,666666666666667;3;5;1;5;2;0;0;2;-2;0;0;1
"838124";"2021-0422";"Cincinnati Masters";"Hard";"64";"Masters";48;4;"Felix Auger Aliassime";"R";193;"CAN";21;67;"Karen Khachanov";"R";198;"RUS";25,2;"6-7(5) 6-3 6-4";3;"R32";172;14;5;79;48;43;21;15;1;1;5;7;132;75;50;30;16;10;13;17;2693;30;2055;6;6;6;NA;NA;7;3;4;NA;NA;2021-08-16;2021;"2021-0422:48";1035;1;2,91253715874966;2,09310940439148;4;"Felix Auger Aliassime";67;"Karen Khachanov";2,91253715874966;2,09310940439148;0,81942775435818;21;25,2;-4,2;193;198;-5;1;0,769230769230769;1;0,769230769230769;0,230769230769231;13;1;10;1;3;0;3;0;3;0;0;1
"838125";"2021-0422";"Cincinnati Masters";"Hard";"64";"Masters";49;9;"Matteo Berrettini";"R";196;"ITA";25,3;108;"Albert Ramos";"L";188;"ESP";33,5;"6-7(5) 6-3 7-5";3;"R32";140;25;1;104;73;61;16;17;5;5;2;3;90;60;48;18;16;2;4;8;5533;49;1378;6;6;7;NA;NA;7;3;5;NA;NA;2021-08-16;2021;"2021-0422:49";1036;1;4;1,38529015588479;9;"Matteo Berrettini";108;"Albert Ramos";4;1,38529015588479;2,61470984411521;25,3;33,5;-8,2;196;188;8;1;0,5;1;0,5;0,5;4;5;2;5;2;0;2;0;2;0;0;1
"838126";"2021-0422";"Cincinnati Masters";"Hard";"64";"Masters";50;133;"Alexander Zverev";"R";198;"GER";24,3;56;"Lloyd Harris";"R";193;"RSA";24,4;"7-6(3) 6-2";3;"R32";76;11;1;56;36;31;15;10;0;0;11;3;60;40;33;8;10;1;3;5;7263;46;1433;7;6;NA;NA;NA;6;2;NA;NA;NA;2021-08-16;2021;"2021-0422:50";1037;0;4,67807190511264;1,47643804394299;56;"Lloyd Harris";133;"Alexander Zverev";1,47643804394299;4,67807190511264;-3,20163386116965;24,4;24,3;0,0999999999999979;193;198;-5;1,5;0,333333333333333;0,333333333333333;1,5;-1,16666666666667;3;0;1;0;2;0;0;2;-2;0;0;1
"838127";"2021-0422";"Cincinnati Masters";"Hard";"64";"Masters";51;102;"Guido Pella";"L";185;"ARG";31,2;42;"Fabio Fognini";"R";178;"ITA";34,2;"6-1 7-5";3;"R32";89;7;1;74;52;34;12;10;6;7;4;6;61;36;22;9;9;11;15;93;834;36;1689;6;7;NA;NA;NA;1;5;NA;NA;NA;2021-08-16;2021;"2021-0422:51";1038;0;0,460841188891969;1,83007499855769;42;"Fabio Fognini";102;"Guido Pella";1,83007499855769;0,460841188891969;1,36923380966572;34,2;31,2;3;178;185;-7;0,857142857142857;0,733333333333333;0,733333333333333;0,857142857142857;-0,123809523809524;15;7;11;6;4;1;1;4;-3;0;0;1
"838128";"2021-0422";"Cincinnati Masters";"Hard";"64";"Masters";52;115;"Diego Schwartzman";"R";170;"ARG";28,9;126;"Frances Tiafoe";"R";188;"USA";23,5;"6-1 4-6 6-4";3;"R32";131;5;1;85;47;32;25;13;1;2;8;3;82;42;27;24;14;2;6;14;2980;51;1312;6;4;6;NA;NA;1;6;4;NA;NA;2021-08-16;2021;"2021-0422:52";1039;1;3,1926450779424;1,3275746580285;115;"Diego Schwartzman";126;"Frances Tiafoe";3,1926450779424;1,3275746580285;1,86507041991389;28,9;23,5;5,4;170;188;-18;0,5;0,333333333333333;0,5;0,333333333333333;0,166666666666667;6;2;2;1;4;1;4;1;3;0;0;1
"838129";"2021-0422";"Cincinnati Masters";"Hard";"64";"Masters";53;112;"Casper Ruud";"R";183;"NOR";22,6;99;"Reilly Opelka";"R";211;"USA";23,9;"6-7(5) 6-0 7-6(4)";3;"R32";145;21;2;96;69;60;12;15;3;3;17;3;91;67;49;13;15;3;6;11;3350;23;2341;6;6;7;NA;NA;7;0;6;NA;NA;2021-08-16;2021;"2021-0422:53";1040;0;3,5405683813627;2,47643804394299;99;"Reilly Opelka";112;"Casper Ruud";2,47643804394299;3,5405683813627;-1,06413033741972;23,9;22,6;1,3;211;183;28;1;0,5;0,5;1;-0,5;6;3;3;3;3;0;0;3;-3;0;0;1
"838130";"2021-0422";"Cincinnati Masters";"Hard";"64";"Masters";54;100;"Benoit Paire";"R";196;"FRA";32,2;117;"Denis Shapovalov";"L";185;"CAN";22,3;"6-3 4-6 7-5";3;"R32";134;11;5;104;55;40;22;15;7;10;5;9;111;72;45;21;16;6;11;50;1375;10;3625;6;4;7;NA;NA;3;6;5;NA;NA;2021-08-16;2021;"2021-0422:54";1041;1;1,35614381022528;3,67807190511264;100;"Benoit Paire";117;"Denis Shapovalov";1,35614381022528;3,67807190511264;-2,32192809488736;32,2;22,3;9,9;196;185;11;0,7;0,545454545454545;0,7;0,545454545454545;0,154545454545455;11;10;6;7;5;3;5;3;2;0;0;1
"838131";"2021-0422";"Cincinnati Masters";"Hard";"64";"Masters";55;60;"John Isner";"R";206;"USA";36,3;119;"Jannik Sinner";"R";188;"ITA";20;"5-7 7-6(4) 6-4";3;"R32";155;12;2;110;80;63;13;17;1;2;11;2;99;53;45;27;17;3;4;26;2238;15;2745;5;7;6;NA;NA;7;6;4;NA;NA;2021-08-16;2021;"2021-0422:55";1042;1;2,29956028185891;3,09310940439148;60;"John Isner";119;"Jannik Sinner";2,29956028185891;3,09310940439148;-0,793549122532573;36,3;20;16,3;206;188;18;0,5;0,75;0,5;0,75;-0,25;4;2;3;1;1;1;1;1;0;0;0;1
"838132";"2021-0422";"Cincinnati Masters";"Hard";"64";"Masters";56;88;"Gael Monfils";"R";193;"FRA";34,9;26;"Alex De Minaur";"R";183;"AUS";22,4;"6-3 7-5";3;"R32";104;6;5;70;41;34;13;11;3;4;1;2;80;50;32;13;10;10;13;22;2423;18;2600;6;7;NA;NA;NA;3;5;NA;NA;NA;2021-08-16;2021;"2021-0422:56";1043;0;2,5405683813627;2,83007499855769;26;"Alex De Minaur";88;"Gael Monfils";2,83007499855769;2,5405683813627;0,289506617194985;22,4;34,9;-12,5;183;193;-10;0,75;0,769230769230769;0,769230769230769;0,75;0,0192307692307693;13;4;10;3;3;1;1;3;-2;0;0;1
"838133";"2021-0422";"Cincinnati Masters";"Hard";"64";"Masters";57;110;"Andrey Rublev";"R";188;"RUS";23,8;19;"Marin Cilic";"R";198;"CRO";32,8;"5-7 6-3 6-1";3;"R32";121;11;5;78;48;40;16;14;4;5;11;5;86;46;34;20;14;2;6;7;6005;39;1628;5;6;6;NA;NA;7;3;1;NA;NA;2021-08-16;2021;"2021-0422:57";1044;0;4,1926450779424;1,71459778113775;19;"Marin Cilic";110;"Andrey Rublev";1,71459778113775;4,1926450779424;-2,47804729680464;32,8;23,8;9;198;188;10;0,8;0,333333333333333;0,333333333333333;0,8;-0,466666666666667;6;5;2;4;4;1;1;4;-3;0;0;1
"838134";"2021-0422";"Cincinnati Masters";"Hard";"64";"Masters";58;15;"Pablo Carreno Busta";"R";188;"ESP";30;69;"Dominik Koepfer";"L";180;"GER";27,2;"6-4 6-2";3;"R32";80;5;2;61;39;30;13;9;7;7;3;2;50;32;22;8;9;1;4;13;3260;59;1126;6;6;NA;NA;NA;4;2;NA;NA;NA;2021-08-16;2021;"2021-0422:58";1045;1;3,29956028185891;1,11735695063816;15;"Pablo Carreno Busta";69;"Dominik Koepfer";3,29956028185891;1,11735695063816;2,18220333122075;30;27,2;2,8;188;180;8;1;0,25;1;0,25;0,75;4;7;1;7;3;0;3;0;3;0;0;1
"838135";"2021-0422";"Cincinnati Masters";"Hard";"64";"Masters";59;59;"Hubert Hurkacz";"R";196;"POL";24,5;92;"Andy Murray";"R";190;"GBR";34,2;"7-6(4) 6-3";3;"R32";102;17;1;68;48;39;10;11;3;4;11;3;62;32;26;14;10;4;6;12;3288;105;775;7;6;NA;NA;NA;6;3;NA;NA;NA;2021-08-16;2021;"2021-0422:59";1046;1;3,41503749927884;0,285754482333878;59;"Hubert Hurkacz";92;"Andy Murray";3,41503749927884;0,285754482333878;3,12928301694497;24,5;34,2;-9,7;196;190;6;0,75;0,666666666666667;0,75;0,666666666666667;0,0833333333333334;6;4;4;3;2;1;2;1;1;0;0;1
"838136";"2021-0422";"Cincinnati Masters";"Hard";"64";"Masters";60;29;"Grigor Dimitrov";"R";188;"BUL";30,2;13;"Alexander Bublik";"R";196;"KAZ";24,1;"6-3 7-5";3;"R32";83;8;5;68;37;31;15;11;0;1;9;9;61;26;20;16;10;6;9;21;2466;38;1633;6;7;NA;NA;NA;3;5;NA;NA;NA;2021-08-16;2021;"2021-0422:60";1047;0;2,60768257722124;1,75207248655641;13;"Alexander Bublik";29;"Grigor Dimitrov";1,75207248655641;2,60768257722124;-0,855610090664825;24,1;30,2;-6,1;196;188;8;0;0,666666666666667;0,666666666666667;0;0,666666666666667;9;1;6;0;3;1;1;3;-2;0;0;1
"838137";"2021-0422";"Cincinnati Masters";"Hard";"64";"Masters";61;86;"Daniil Medvedev";"R";198;"RUS";25,5;85;"Mackenzie Mcdonald";"R";178;"USA";26,3;"6-2 6-2";3;"R32";59;10;4;51;27;26;8;8;5;6;1;3;45;26;14;6;8;1;6;2;10620;64;1060;6;6;NA;NA;NA;2;2;NA;NA;NA;2021-08-16;2021;"2021-0422:61";1048;0;6;1;85;"Mackenzie Mcdonald";86;"Daniil Medvedev";1;6;-5;26,3;25,5;0,800000000000001;178;198;-20;0,833333333333333;0,166666666666667;0,166666666666667;0,833333333333333;-0,666666666666667;6;6;1;5;5;1;1;5;-4;0;0;1
"838138";"2021-0422";"Cincinnati Masters";"Hard";"64";"Masters";62;127;"Stefanos Tsitsipas";"R";193;"GRE";23;121;"Lorenzo Sonego";"R";191;"ITA";26,2;"5-7 6-3 6-4";3;"R16";145;7;3;89;55;43;23;16;6;7;9;4;100;71;52;14;15;8;10;3;8350;27;2157;5;6;6;NA;NA;7;3;4;NA;NA;2021-08-16;2021;"2021-0422:62";1049;0;5,41503749927884;2,24511249783653;121;"Lorenzo Sonego";127;"Stefanos Tsitsipas";2,24511249783653;5,41503749927884;-3,16992500144231;26,2;23;3,2;191;193;-2;0,857142857142857;0,8;0,8;0,857142857142857;-0,057142857142857;10;7;8;6;2;1;1;2;-1;0;0;1
"838139";"2021-0422";"Cincinnati Masters";"Hard";"64";"Masters";63;4;"Felix Auger Aliassime";"R";193;"CAN";21;9;"Matteo Berrettini";"R";196;"ITA";25,3;"6-4 6-3";3;"R16";94;7;5;52;33;29;8;10;0;1;4;2;68;39;25;12;9;8;11;17;2693;8;5533;6;6;NA;NA;NA;4;3;NA;NA;NA;2021-08-16;2021;"2021-0422:63";1050;1;2,91253715874966;4;4;"Felix Auger Aliassime";9;"Matteo Berrettini";2,91253715874966;4;-1,08746284125034;21;25,3;-4,3;193;196;-3;0;0,727272727272727;0;0,727272727272727;-0,727272727272727;11;1;8;0;3;1;3;1;2;0;0;1
"838140";"2021-0422";"Cincinnati Masters";"Hard";"64";"Masters";64;133;"Alexander Zverev";"R";198;"GER";24,3;102;"Guido Pella";"L";185;"ARG";31,2;"6-2 6-3";3;"R16";73;8;3;40;27;23;9;8;0;0;3;1;60;37;19;13;9;4;8;5;7263;93;834;6;6;NA;NA;NA;2;3;NA;NA;NA;2021-08-16;2021;"2021-0422:64";1051;0;4,67807190511264;0,460841188891969;102;"Guido Pella";133;"Alexander Zverev";0,460841188891969;4,67807190511264;-4,21723071622067;31,2;24,3;6,9;185;198;-13;1,5;0,5;0,5;1,5;-1;8;0;4;0;4;0;0;4;-4;0;0;1
"838141";"2021-0422";"Cincinnati Masters";"Hard";"64";"Masters";65;112;"Casper Ruud";"R";183;"NOR";22,6;115;"Diego Schwartzman";"R";170;"ARG";28,9;"6-4 6-3";3;"R16";80;6;0;49;33;30;10;10;0;0;0;1;53;32;22;12;9;5;7;11;3350;14;2980;6;6;NA;NA;NA;4;3;NA;NA;NA;2021-08-16;2021;"2021-0422:65";1052;1;3,5405683813627;3,1926450779424;112;"Casper Ruud";115;"Diego Schwartzman";3,5405683813627;3,1926450779424;0,347923303420307;22,6;28,9;-6,3;183;170;13;1,5;0,714285714285714;1,5;0,714285714285714;0,785714285714286;7;0;5;0;2;0;2;0;2;0;0;1
"838142";"2021-0422";"Cincinnati Masters";"Hard";"64";"Masters";66;100;"Benoit Paire";"R";196;"FRA";32,2;60;"John Isner";"R";206;"USA";36,3;"7-6(1) 6-7(2) 6-1";3;"R16";138;16;20;109;54;47;24;15;8;9;18;6;106;71;46;19;16;7;11;50;1375;26;2238;7;6;6;NA;NA;6;7;1;NA;NA;2021-08-16;2021;"2021-0422:66";1053;0;1,35614381022528;2,29956028185891;60;"John Isner";100;"Benoit Paire";2,29956028185891;1,35614381022528;0,943416471633633;36,3;32,2;4,09999999999999;206;196;10;0,888888888888889;0,636363636363636;0,636363636363636;0,888888888888889;-0,252525252525252;11;9;7;8;4;1;1;4;-3;0;0;1
"838143";"2021-0422";"Cincinnati Masters";"Hard";"64";"Masters";67;110;"Andrey Rublev";"R";188;"RUS";23,8;88;"Gael Monfils";"R";193;"FRA";34,9;"7-6(2) 7-6(5)";3;"R16";108;8;2;82;46;40;10;12;1;4;9;7;76;49;31;12;12;1;4;7;6005;22;2423;7;7;NA;NA;NA;6;6;NA;NA;NA;2021-08-16;2021;"2021-0422:67";1054;0;4,1926450779424;2,5405683813627;88;"Gael Monfils";110;"Andrey Rublev";2,5405683813627;4,1926450779424;-1,65207669657969;34,9;23,8;11,1;193;188;5;0,25;0,25;0,25;0,25;0;4;4;1;1;3;3;3;3;0;0;0;1
"838144";"2021-0422";"Cincinnati Masters";"Hard";"64";"Masters";68;15;"Pablo Carreno Busta";"R";188;"ESP";30;59;"Hubert Hurkacz";"R";196;"POL";24,5;"7-6(6) 7-6(3)";3;"R16";131;7;4;73;45;37;21;12;4;5;14;2;109;59;41;28;12;11;12;13;3260;12;3288;7;7;NA;NA;NA;6;6;NA;NA;NA;2021-08-16;2021;"2021-0422:68";1055;1;3,29956028185891;3,41503749927884;15;"Pablo Carreno Busta";59;"Hubert Hurkacz";3,29956028185891;3,41503749927884;-0,115477217419936;30;24,5;5,5;188;196;-8;0,8;0,916666666666667;0,8;0,916666666666667;-0,116666666666667;12;5;11;4;1;1;1;1;0;0;0;1
"838145";"2021-0422";"Cincinnati Masters";"Hard";"64";"Masters";69;86;"Daniil Medvedev";"R";198;"RUS";25,5;29;"Grigor Dimitrov";"R";188;"BUL";30,2;"6-3 6-3";3;"R16";89;7;2;59;39;29;10;9;3;4;0;5;60;39;25;6;9;6;10;2;10620;21;2466;6;6;NA;NA;NA;3;3;NA;NA;NA;2021-08-16;2021;"2021-0422:69";1056;0;6;2,60768257722124;29;"Grigor Dimitrov";86;"Daniil Medvedev";2,60768257722124;6;-3,39231742277876;30,2;25,5;4,7;188;198;-10;0,75;0,6;0,6;0,75;-0,15;10;4;6;3;4;1;1;4;-3;0;0;1
"838146";"2021-0422";"Cincinnati Masters";"Hard";"64";"Masters";70;127;"Stefanos Tsitsipas";"R";193;"GRE";23;4;"Felix Auger Aliassime";"R";193;"CAN";21;"6-2 5-7 6-1";3;"QF";131;6;3;78;42;34;23;14;1;2;10;7;82;55;38;9;13;4;8;3;8350;17;2693;6;5;6;NA;NA;2;7;1;NA;NA;2021-08-16;2021;"2021-0422:70";1057;0;5,41503749927884;2,91253715874966;4;"Felix Auger Aliassime";127;"Stefanos Tsitsipas";2,91253715874966;5,41503749927884;-2,50250034052918;21;23;-2;193;193;0;0,5;0,5;0,5;0,5;0;8;2;4;1;4;1;1;4;-3;0;0;1
"838147";"2021-0422";"Cincinnati Masters";"Hard";"64";"Masters";71;133;"Alexander Zverev";"R";198;"GER";24,3;112;"Casper Ruud";"R";183;"NOR";22,6;"6-1 6-3";3;"QF";59;6;1;37;26;23;6;8;0;1;2;0;45;32;15;6;8;2;7;5;7263;11;3350;6;6;NA;NA;NA;1;3;NA;NA;NA;2021-08-16;2021;"2021-0422:71";1058;0;4,67807190511264;3,5405683813627;112;"Casper Ruud";133;"Alexander Zverev";3,5405683813627;4,67807190511264;-1,13750352374994;22,6;24,3;-1,7;183;198;-15;0;0,285714285714286;0,285714285714286;0;0,285714285714286;7;1;2;0;5;1;1;5;-4;0;0;1
"838148";"2021-0422";"Cincinnati Masters";"Hard";"64";"Masters";72;110;"Andrey Rublev";"R";188;"RUS";23,8;100;"Benoit Paire";"R";196;"FRA";32,2;"6-2 3-6 6-3";3;"QF";99;13;2;74;44;37;15;13;2;3;9;8;89;49;36;18;13;6;9;7;6005;50;1375;6;3;6;NA;NA;2;6;3;NA;NA;2021-08-16;2021;"2021-0422:72";1059;0;4,1926450779424;1,35614381022528;100;"Benoit Paire";110;"Andrey Rublev";1,35614381022528;4,1926450779424;-2,83650126771712;32,2;23,8;8,4;196;188;8;0,666666666666667;0,666666666666667;0,666666666666667;0,666666666666667;0;9;3;6;2;3;1;1;3;-2;0;0;1
"838149";"2021-0422";"Cincinnati Masters";"Hard";"64";"Masters";73;86;"Daniil Medvedev";"R";198;"RUS";25,5;15;"Pablo Carreno Busta";"R";188;"ESP";30;"6-1 6-1";3;"QF";54;9;2;34;26;24;4;7;0;0;1;2;52;41;23;1;7;6;11;2;10620;13;3260;6;6;NA;NA;NA;1;1;NA;NA;NA;2021-08-16;2021;"2021-0422:73";1060;0;6;3,29956028185891;15;"Pablo Carreno Busta";86;"Daniil Medvedev";3,29956028185891;6;-2,70043971814109;30;25,5;4,5;188;198;-10;1,5;0,545454545454545;0,545454545454545;1,5;-0,954545454545455;11;0;6;0;5;0;0;5;-5;0;0;1
"838150";"2021-0422";"Cincinnati Masters";"Hard";"64";"Masters";74;133;"Alexander Zverev";"R";198;"GER";24,3;127;"Stefanos Tsitsipas";"R";193;"GRE";23;"6-4 3-6 7-6(4)";3;"SF";161;15;4;97;73;52;8;15;4;8;10;4;113;71;52;16;16;1;5;5;7263;3;8350;6;3;7;NA;NA;4;6;6;NA;NA;2021-08-16;2021;"2021-0422:74";1061;0;4,67807190511264;5,41503749927884;127;"Stefanos Tsitsipas";133;"Alexander Zverev";5,41503749927884;4,67807190511264;0,736965594166206;23;24,3;-1,3;193;198;-5;0,5;0,2;0,2;0,5;-0,3;5;8;1;4;4;4;4;4;0;0;0;1
"838151";"2021-0422";"Cincinnati Masters";"Hard";"64";"Masters";75;110;"Andrey Rublev";"R";188;"RUS";23,8;86;"Daniil Medvedev";"R";198;"RUS";25,5;"2-6 6-3 6-3";3;"SF";141;2;5;85;60;44;8;13;4;7;8;3;100;54;36;22;13;6;10;7;6005;2;10620;2;6;6;NA;NA;6;3;3;NA;NA;2021-08-16;2021;"2021-0422:75";1062;0;4,1926450779424;6;86;"Daniil Medvedev";110;"Andrey Rublev";6;4,1926450779424;1,8073549220576;25,5;23,8;1,7;198;188;10;0,571428571428571;0,6;0,6;0,571428571428571;0,0285714285714286;10;7;6;4;4;3;3;4;-1;0;0;1
"838152";"2021-0422";"Cincinnati Masters";"Hard";"64";"Masters";76;133;"Alexander Zverev";"R";198;"GER";24,3;110;"Andrey Rublev";"R";188;"RUS";23,8;"6-2 6-3";3;"F";59;6;4;39;28;26;5;8;0;1;11;0;55;39;26;2;9;5;10;5;7263;7;6005;6;6;NA;NA;NA;2;3;NA;NA;NA;2021-08-16;2021;"2021-0422:76";1063;0;4,67807190511264;4,1926450779424;110;"Andrey Rublev";133;"Alexander Zverev";4,1926450779424;4,67807190511264;-0,485426827170242;23,8;24,3;-0,5;188;198;-10;0;0,5;0,5;0;0,5;10;1;5;0;5;1;1;5;-4;0;0;1
"842022";"2021-0404";"Indian Wells Masters";"Hard";"128";"Masters";1;128;"Botic Van De Zandschulp";"R";188;"NED";26;103;"Peter Polansky";"R";180;"CAN";33,3;"6-3 6-3";3;"Q1";71;7;2;46;32;24;6;9;2;4;2;2;66;40;20;11;9;7;12;65;1013;282;210;6;6;NA;NA;NA;3;3;NA;NA;NA;2021-10-04;2021;"2021-0404:1";1064;0;1,97763218697155;-0,139551352398794;103;"Peter Polansky";128;"Botic Van De Zandschulp";-0,139551352398794;1,97763218697155;-2,11718353937034;33,3;26;7,3;180;188;-8;0,5;0,583333333333333;0,583333333333333;0,5;0,0833333333333334;12;4;7;2;5;2;2;5;-3;0;0;1
"842050";"2021-0404";"Indian Wells Masters";"Hard";"128";"Masters";29;37;"Ernesto Escobedo";"R";185;"USA";25,2;76;"Mikhail Kukushkin";"R";183;"KAZ";33,7;"6-2 6-4";3;"Q2";80;3;3;62;46;34;8;9;2;3;6;1;59;34;22;10;9;3;7;178;410;149;478;6;6;NA;NA;NA;2;4;NA;NA;NA;2021-10-04;2021;"2021-0404:29";1065;1;0,524266569033602;0,780831479537839;37;"Ernesto Escobedo";76;"Mikhail Kukushkin";0,524266569033602;0,780831479537839;-0,256564910504236;25,2;33,7;-8,5;185;183;2;0,666666666666667;0,428571428571429;0,666666666666667;0,428571428571429;0,238095238095238;7;3;3;2;4;1;4;1;3;0;0;1
"842056";"2021-0404";"Indian Wells Masters";"Hard";"128";"Masters";35;54;"Emilio Gomez";"R";185;"ECU";29,8;65;"Ivo Karlovic";"R";208;"CRO";42,5;"6-3 7-6(7)";3;"Q2";91;4;1;72;48;39;13;11;1;1;12;1;59;40;35;7;10;0;1;174;417;200;334;6;7;NA;NA;NA;3;6;NA;NA;NA;2021-10-04;2021;"2021-0404:35";1066;1;0,557056504151272;0,356143810225276;54;"Emilio Gomez";65;"Ivo Karlovic";0,557056504151272;0,356143810225276;0,200912693925996;29,8;42,5;-12,7;185;208;-23;1;0;1;0;1;1;1;0;1;1;0;1;0;1;0;0;1
"842059";"2021-0404";"Indian Wells Masters";"Hard";"128";"Masters";38;123;"Jan Lennard Struff";"R";193;"GER";31,4;46;"Daniel Elahi Galan";"R";191;"COL";25,2;"7-6(4) 6-3";3;"R128";91;9;3;72;39;29;21;11;2;3;3;2;73;42;31;13;10;4;6;53;1208;104;735;7;6;NA;NA;NA;6;3;NA;NA;NA;2021-10-04;2021;"2021-0404:38";1067;0;2,2720795454368;1,29956028185891;46;"Daniel Elahi Galan";123;"Jan Lennard Struff";1,29956028185891;2,2720795454368;-0,972519263577893;25,2;31,4;-6,2;191;193;-2;0,666666666666667;0,666666666666667;0,666666666666667;0,666666666666667;0;6;3;4;2;2;1;1;2;-1;0;0;1
"842061";"2021-0404";"Indian Wells Masters";"Hard";"128";"Masters";40;37;"Ernesto Escobedo";"R";185;"USA";25,2;111;"Holger Rune";"R";185;"DEN";18,4;"6-4 6-1";3;"R128";72;2;0;53;43;30;6;9;1;2;3;2;42;25;15;7;8;2;6;178;410;124;645;6;6;NA;NA;NA;4;1;NA;NA;NA;2021-10-04;2021;"2021-0404:40";1068;1;0,524266569033602;1,04580368961313;37;"Ernesto Escobedo";111;"Holger Rune";0,524266569033602;1,04580368961313;-0,521537120579523;25,2;18,4;6,8;185;185;0;0,5;0,333333333333333;0,5;0,333333333333333;0,166666666666667;6;2;2;1;4;1;4;1;3;0;0;1
"842063";"2021-0404";"Indian Wells Masters";"Hard";"128";"Masters";42;113;"Emil Ruusuvuori";"R";188;"FIN";22,5;69;"Dominik Koepfer";"L";180;"GER";27,4;"6-7(3) 6-2 6-0";3;"R128";134;2;7;89;54;35;19;13;9;11;2;7;85;46;25;17;13;4;11;91;836;64;1015;6;6;6;NA;NA;7;2;0;NA;NA;2021-10-04;2021;"2021-0404:42";1069;0;1,4922053598013;2;69;"Dominik Koepfer";113;"Emil Ruusuvuori";2;1,4922053598013;0,507794640198696;27,4;22,5;4,9;180;188;-8;0,818181818181818;0,363636363636364;0,363636363636364;0,818181818181818;-0,454545454545455;11;11;4;9;7;2;2;7;-5;0;0;1
"842065";"2021-0404";"Indian Wells Masters";"Hard";"128";"Masters";44;108;"Albert Ramos";"L";188;"ESP";33,7;93;"Lorenzo Musetti";"R";185;"ITA";19,5;"6-1 6-3";3;"R128";86;0;3;53;31;26;8;8;5;6;2;5;70;36;22;11;8;9;14;48;1324;61;1028;6;6;NA;NA;NA;1;3;NA;NA;NA;2021-10-04;2021;"2021-0404:44";1070;0;2,41503749927884;2,06926266243711;93;"Lorenzo Musetti";108;"Albert Ramos";2,06926266243711;2,41503749927884;-0,345774836841731;19,5;33,7;-14,2;185;188;-3;0,833333333333333;0,642857142857143;0,642857142857143;0,833333333333333;-0,19047619047619;14;6;9;5;5;1;1;5;-4;0;0;1
"842067";"2021-0404";"Indian Wells Masters";"Hard";"128";"Masters";46;92;"Andy Murray";"R";190;"GBR";34,3;82;"Adrian Mannarino";"L";183;"FRA";33,2;"6-3 6-2";3;"R128";83;5;3;54;28;23;16;9;1;1;1;1;48;25;17;10;8;3;6;121;661;58;1067;6;6;NA;NA;NA;3;2;NA;NA;NA;2021-10-04;2021;"2021-0404:46";1071;0;1,08113676272541;2,14201900487243;82;"Adrian Mannarino";92;"Andy Murray";2,14201900487243;1,08113676272541;1,06088224214702;33,2;34,3;-1,09999999999999;183;190;-7;1;0,5;0,5;1;-0,5;6;1;3;1;3;0;0;3;-3;0;0;1
"842068";"2021-0404";"Indian Wells Masters";"Hard";"128";"Masters";47;3;"Kevin Anderson";"R";203;"RSA";35,3;125;"Jordan Thompson";"R";183;"AUS";27,4;"7-5 6-2";3;"R128";83;10;2;56;34;31;11;10;2;2;1;3;66;37;25;14;10;7;10;67;989;74;930;7;6;NA;NA;NA;5;2;NA;NA;NA;2021-10-04;2021;"2021-0404:47";1072;1;1,93391080954223;1,79054663437105;3;"Kevin Anderson";125;"Jordan Thompson";1,93391080954223;1,79054663437105;0,143364175171178;35,3;27,4;7,9;203;183;20;1;0,7;1;0,7;0,3;10;2;7;2;3;0;3;0;3;0;0;1
"842070";"2021-0404";"Indian Wells Masters";"Hard";"128";"Masters";49;87;"John Millman";"R";183;"AUS";32,3;120;"Jack Sock";"R";185;"USA";29;"7-5 4-6 6-3";3;"R128";150;4;1;110;74;49;17;16;10;14;5;5;92;43;29;23;15;5;10;90;838;161;438;7;4;6;NA;NA;5;6;3;NA;NA;2021-10-04;2021;"2021-0404:49";1073;1;1,50814690367033;0,669083121885383;87;"John Millman";120;"Jack Sock";1,50814690367033;0,669083121885383;0,839063781784942;32,3;29;3,3;183;185;-2;0,714285714285714;0,5;0,714285714285714;0,5;0,214285714285714;10;14;5;10;5;4;5;4;1;0;0;1
"842071";"2021-0404";"Indian Wells Masters";"Hard";"128";"Masters";50;97;"Yoshihito Nishioka";"L";170;"JPN";26;28;"Federico Delbonis";"L";190;"ARG";30,9;"6-3 3-6 7-6(2)";3;"R128";137;0;3;90;56;37;18;15;4;9;1;5;88;49;32;18;15;3;8;73;946;44;1420;6;3;7;NA;NA;3;6;6;NA;NA;2021-10-04;2021;"2021-0404:50";1074;0;1,81017544111998;2,5405683813627;28;"Federico Delbonis";97;"Yoshihito Nishioka";2,5405683813627;1,81017544111998;0,73039294024272;30,9;26;4,9;190;170;20;0,444444444444444;0,375;0,375;0,444444444444444;-0,0694444444444444;8;9;3;4;5;5;5;5;0;0;0;1
"842072";"2021-0404";"Indian Wells Masters";"Hard";"128";"Masters";51;95;"Brandon Nakashima";"R";185;"USA";20,1;21;"Federico Coria";"R";180;"ARG";29,5;"6-3 6-2";3;"R128";78;1;0;55;29;23;16;9;1;1;3;3;52;32;18;11;8;5;8;79;895;66;1010;6;6;NA;NA;NA;3;2;NA;NA;NA;2021-10-04;2021;"2021-0404:51";1075;0;1,6962192518229;1,95560588064155;21;"Federico Coria";95;"Brandon Nakashima";1,95560588064155;1,6962192518229;0,25938662881865;29,5;20,1;9,4;180;185;-5;1;0,625;0,625;1;-0,375;8;1;5;1;3;0;0;3;-3;0;0;1
"842075";"2021-0404";"Indian Wells Masters";"Hard";"128";"Masters";54;25;"Alejandro Davidovich Fokina";"R";183;"ESP";22,3;63;"Steve Johnson";"R";188;"USA";31,7;"6-7(5) 6-3 7-5";3;"R128";147;3;2;103;69;49;20;17;5;8;6;5;110;49;38;27;16;12;17;43;1420;82;876;6;6;7;NA;NA;7;3;5;NA;NA;2021-10-04;2021;"2021-0404:54";1076;1;2,5737352452979;1,64244799538192;25;"Alejandro Davidovich Fokina";63;"Steve Johnson";2,5737352452979;1,64244799538192;0,931287249915986;22,3;31,7;-9,4;183;188;-5;0,625;0,705882352941177;0,625;0,705882352941177;-0,0808823529411765;17;8;12;5;5;3;5;3;2;0;0;1
"842076";"2021-0404";"Indian Wells Masters";"Hard";"128";"Masters";55;96;"Kei Nishikori";"R";178;"JPN";31,7;122;"Joao Sousa";"R";185;"POR";32,5;"6-7(5) 6-3 6-2";3;"R128";142;5;1;93;56;35;21;15;4;8;4;3;99;64;38;13;14;11;18;52;1208;182;395;6;6;6;NA;NA;7;3;2;NA;NA;2021-10-04;2021;"2021-0404:55";1077;1;2,29956028185891;0,492205359801304;96;"Kei Nishikori";122;"Joao Sousa";2,29956028185891;0,492205359801304;1,8073549220576;31,7;32,5;-0,800000000000001;178;185;-7;0,5;0,611111111111111;0,5;0,611111111111111;-0,111111111111111;18;8;11;4;7;4;7;4;3;0;0;1
"842077";"2021-0404";"Indian Wells Masters";"Hard";"128";"Masters";56;23;"Maxime Cressy";"R";198;"USA";24,4;30;"Laslo Djere";"R";188;"SRB";26,3;"6-7(3) 6-1 7-5";3;"R128";143;18;4;85;55;43;20;15;2;3;7;8;115;64;47;22;16;8;13;144;518;47;1342;6;6;7;NA;NA;7;1;5;NA;NA;2021-10-04;2021;"2021-0404:56";1078;1;0,830074998557688;2,44541114832236;23;"Maxime Cressy";30;"Laslo Djere";0,830074998557688;2,44541114832236;-1,61533614976467;24,4;26,3;-1,9;198;188;10;0,666666666666667;0,615384615384615;0,666666666666667;0,615384615384615;0,0512820512820512;13;3;8;2;5;1;5;1;4;0;0;1
"842078";"2021-0404";"Indian Wells Masters";"Hard";"128";"Masters";57;102;"Guido Pella";"L";185;"ARG";31,3;77;"Soon Woo Kwon";"R";180;"KOR";23,8;"1-6 6-3 6-4";3;"R128";131;6;2;107;74;42;14;13;15;20;6;4;75;40;26;18;13;4;9;77;914;55;1117;1;6;6;NA;NA;6;3;4;NA;NA;2021-10-04;2021;"2021-0404:57";1079;0;1,7332134593051;2,21864028647534;77;"Soon Woo Kwon";102;"Guido Pella";2,21864028647534;1,7332134593051;0,485426827170241;23,8;31,3;-7,5;180;185;-5;0,75;0,444444444444444;0,444444444444444;0,75;-0,305555555555556;9;20;4;15;5;5;5;5;0;0;0;1
"842079";"2021-0404";"Indian Wells Masters";"Hard";"128";"Masters";58;114;"Tennys Sandgren";"R";188;"USA";30,2;89;"Thiago Monteiro";"L";183;"BRA";27,3;"6-4 6-3";3;"R128";108;11;5;71;34;29;17;10;3;4;3;6;67;41;32;6;9;7;10;101;758;92;834;6;6;NA;NA;NA;4;3;NA;NA;NA;2021-10-04;2021;"2021-0404:58";1080;0;1,34178851724821;1,47643804394299;89;"Thiago Monteiro";114;"Tennys Sandgren";1,47643804394299;1,34178851724821;0,134649526694782;27,3;30,2;-2,9;183;188;-5;0,75;0,7;0,7;0,75;-0,05;10;4;7;3;3;1;1;3;-2;0;0;1
"842080";"2021-0404";"Indian Wells Masters";"Hard";"128";"Masters";59;101;"Tommy Paul";"R";185;"USA";24,3;81;"Feliciano Lopez";"L";188;"ESP";40;"6-3 7-6(3)";3;"R128";88;2;2;63;32;26;18;11;0;2;6;4;73;39;28;14;10;6;9;60;1033;107;733;6;7;NA;NA;NA;3;6;NA;NA;NA;2021-10-04;2021;"2021-0404:59";1081;0;2,09310940439148;1,25853301359885;81;"Feliciano Lopez";101;"Tommy Paul";1,25853301359885;2,09310940439148;-0,834576390792629;40;24,3;15,7;188;185;3;0;0,666666666666667;0,666666666666667;0;0,666666666666667;9;2;6;0;3;2;2;3;-1;0;0;1
"842082";"2021-0404";"Indian Wells Masters";"Hard";"128";"Masters";61;104;"Alexei Popyrin";"R";196;"AUS";22,1;66;"Miomir Kecmanovic";"R";183;"SRB";22;"6-3 7-6(4)";3;"R128";88;5;2;66;37;27;20;11;1;2;3;1;56;33;22;14;10;0;2;69;965;62;1025;6;7;NA;NA;NA;3;6;NA;NA;NA;2021-10-04;2021;"2021-0404:61";1082;0;1,89147554322183;2,04580368961313;66;"Miomir Kecmanovic";104;"Alexei Popyrin";2,04580368961313;1,89147554322183;0,154328146391294;22;22,1;-0,100000000000001;183;196;-13;0,5;0;0;0,5;-0,5;2;2;0;1;2;1;1;2;-1;0;0;1
"842083";"2021-0404";"Indian Wells Masters";"Hard";"128";"Masters";62;126;"Frances Tiafoe";"R";188;"USA";23,7;100;"Benoit Paire";"R";196;"FRA";32,4;"6-4 6-4";3;"R128";62;2;0;49;34;25;9;10;0;2;5;6;59;30;22;10;10;1;5;51;1242;49;1295;6;6;NA;NA;NA;4;4;NA;NA;NA;2021-10-04;2021;"2021-0404:62";1083;0;2,3275746580285;2,38529015588479;100;"Benoit Paire";126;"Frances Tiafoe";2,38529015588479;2,3275746580285;0,0577154978562868;32,4;23,7;8,7;196;188;8;0;0,2;0,2;0;0,2;5;2;1;0;4;2;2;4;-2;0;0;1
"842085";"2021-0404";"Indian Wells Masters";"Hard";"128";"Masters";64;105;"Vasek Pospisil";"R";193;"CAN";31,2;131;"J J Wolf";"R";183;"USA";22,7;"6-4 4-6 6-4";3;"R128";137;11;5;94;52;39;20;15;6;9;2;1;96;58;40;19;15;6;10;85;855;187;373;6;4;6;NA;NA;4;6;4;NA;NA;2021-10-04;2021;"2021-0404:64";1084;1;1,5906090638623;0,453105540112364;105;"Vasek Pospisil";131;"J J Wolf";1,5906090638623;0,453105540112364;1,13750352374993;31,2;22,7;8,5;193;183;10;0,666666666666667;0,6;0,666666666666667;0,6;0,0666666666666667;10;9;6;6;4;3;4;3;1;0;0;1
"842086";"2021-0404";"Indian Wells Masters";"Hard";"128";"Masters";65;24;"Taro Daniel";"R";191;"JPN";28,6;70;"Philipp Kohlschreiber";"R";178;"GER";37,9;"6-2 6-4";3;"R128";99;1;4;71;45;30;14;9;7;8;5;3;61;39;26;7;9;5;9;123;649;106;733;6;6;NA;NA;NA;2;4;NA;NA;NA;2021-10-04;2021;"2021-0404:65";1085;1;1,05748549466076;1,2720795454368;24;"Taro Daniel";70;"Philipp Kohlschreiber";1,05748549466076;1,2720795454368;-0,214594050776041;28,6;37,9;-9,3;191;178;13;0,875;0,555555555555556;0,875;0,555555555555556;0,319444444444444;9;8;5;7;4;1;4;1;3;0;0;1
"842088";"2021-0404";"Indian Wells Masters";"Hard";"128";"Masters";67;50;"Marcos Giron";"R";180;"USA";28,1;128;"Botic Van De Zandschulp";"R";188;"NED";26;"6-7(7) 6-2 6-4";3;"R128";154;5;2;116;74;58;18;15;3;4;5;9;108;69;47;20;15;8;12;56;1077;65;1013;6;6;6;NA;NA;7;2;4;NA;NA;2021-10-04;2021;"2021-0404:67";1086;1;2,1926450779424;1,97763218697155;50;"Marcos Giron";128;"Botic Van De Zandschulp";2,1926450779424;1,97763218697155;0,215012890970851;28,1;26;2,1;180;188;-8;0,75;0,666666666666667;0,75;0,666666666666667;0,0833333333333334;12;4;8;3;4;1;4;1;3;0;0;1
"842089";"2021-0404";"Indian Wells Masters";"Hard";"128";"Masters";68;85;"Mackenzie Mcdonald";"R";178;"USA";26,4;33;"James Duckworth";"R";183;"AUS";29,7;"6-3 6-3";3;"R128";75;8;2;63;35;27;14;9;1;2;4;3;49;23;17;9;9;3;7;57;1070;54;1174;6;6;NA;NA;NA;3;3;NA;NA;NA;2021-10-04;2021;"2021-0404:68";1087;0;2,16710998583526;2,24511249783653;33;"James Duckworth";85;"Mackenzie Mcdonald";2,24511249783653;2,16710998583526;0,0780025120012731;29,7;26,4;3,3;183;178;5;0,5;0,428571428571429;0,428571428571429;0,5;-0,0714285714285715;7;2;3;1;4;1;1;4;-3;0;0;1
"842090";"2021-0404";"Indian Wells Masters";"Hard";"128";"Masters";69;127;"Stefanos Tsitsipas";"R";193;"GRE";23,1;83;"Pedro Martinez";"R";185;"ESP";24,4;"6-2 6-4";3;"R64";94;7;0;56;41;26;12;9;1;2;0;4;64;39;23;9;9;5;9;3;8175;59;1054;6;6;NA;NA;NA;2;4;NA;NA;NA;2021-10-04;2021;"2021-0404:69";1088;0;6,41503749927884;2,11735695063816;83;"Pedro Martinez";127;"Stefanos Tsitsipas";2,11735695063816;6,41503749927884;-4,29768054864069;24,4;23,1;1,3;185;193;-8;0,5;0,555555555555556;0,555555555555556;0,5;0,0555555555555556;9;2;5;1;4;1;1;4;-3;0;0;1
"842091";"2021-0404";"Indian Wells Masters";"Hard";"128";"Masters";70;42;"Fabio Fognini";"R";178;"ITA";34,3;123;"Jan Lennard Struff";"R";193;"GER";31,4;"6-4 4-6 6-3";3;"R64";128;5;3;78;53;44;9;14;2;4;14;5;115;60;41;25;15;9;13;30;1664;53;1208;6;4;6;NA;NA;4;6;3;NA;NA;2021-10-04;2021;"2021-0404:70";1089;1;3,09310940439148;2,2720795454368;42;"Fabio Fognini";123;"Jan Lennard Struff";3,09310940439148;2,2720795454368;0,82102985895468;34,3;31,4;2,9;178;193;-15;0,5;0,692307692307692;0,5;0,692307692307692;-0,192307692307692;13;4;9;2;4;2;4;2;2;0;0;1
"842093";"2021-0404";"Indian Wells Masters";"Hard";"128";"Masters";72;47;"Cristian Garin";"R";185;"CHI";25,3;37;"Ernesto Escobedo";"R";185;"USA";25,2;"7-5 6-2";3;"R64";94;5;4;57;33;27;13;10;2;3;3;1;62;45;25;8;10;1;5;17;2510;178;410;7;6;NA;NA;NA;5;2;NA;NA;NA;2021-10-04;2021;"2021-0404:72";1090;0;3,91253715874966;0,524266569033602;37;"Ernesto Escobedo";47;"Cristian Garin";0,524266569033602;3,91253715874966;-3,38827058971606;25,2;25,3;-0,100000000000001;185;185;0;0,666666666666667;0,2;0,2;0,666666666666667;-0,466666666666667;5;3;1;2;4;1;1;4;-3;0;0;1
"842094";"2021-0404";"Indian Wells Masters";"Hard";"128";"Masters";73;15;"Pablo Carreno Busta";"R";188;"ESP";30,2;54;"Emilio Gomez";"R";185;"ECU";29,8;"6-1 6-4";3;"R64";70;3;1;46;32;29;8;9;2;2;2;2;55;35;19;10;8;6;9;16;2550;174;417;6;6;NA;NA;NA;1;4;NA;NA;NA;2021-10-04;2021;"2021-0404:73";1091;1;4;0,557056504151272;15;"Pablo Carreno Busta";54;"Emilio Gomez";4;0,557056504151272;3,44294349584873;30,2;29,8;0,399999999999999;188;185;3;1;0,666666666666667;1;0,666666666666667;0,333333333333333;9;2;6;2;3;0;3;0;3;0;0;1
"842095";"2021-0404";"Indian Wells Masters";"Hard";"128";"Masters";74;67;"Karen Khachanov";"R";198;"RUS";25,3;113;"Emil Ruusuvuori";"R";188;"FIN";22,5;"6-2 7-5";3;"R64";96;4;5;69;40;29;16;10;4;5;4;7;59;40;23;8;10;4;8;29;1830;91;836;6;7;NA;NA;NA;2;5;NA;NA;NA;2021-10-04;2021;"2021-0404:74";1092;1;3,14201900487243;1,4922053598013;67;"Karen Khachanov";113;"Emil Ruusuvuori";3,14201900487243;1,4922053598013;1,64981364507112;25,3;22,5;2,8;198;188;10;0,8;0,5;0,8;0,5;0,3;8;5;4;4;4;1;4;1;3;0;0;1
"842096";"2021-0404";"Indian Wells Masters";"Hard";"128";"Masters";75;5;"Nikoloz Basilashvili";"R";185;"GEO";29,6;38;"Christopher Eubanks";"R";201;"USA";25,4;"6-4 6-3";3;"R64";74;1;6;55;31;23;13;9;1;2;6;0;73;49;26;12;10;9;13;36;1556;194;354;6;6;NA;NA;NA;4;3;NA;NA;NA;2021-10-04;2021;"2021-0404:75";1093;1;2,83007499855769;0,400087157812872;5;"Nikoloz Basilashvili";38;"Christopher Eubanks";2,83007499855769;0,400087157812872;2,42998784074482;29,6;25,4;4,2;185;201;-16;0,5;0,692307692307692;0,5;0,692307692307692;-0,192307692307692;13;2;9;1;4;1;4;1;3;0;0;1
"842097";"2021-0404";"Indian Wells Masters";"Hard";"128";"Masters";76;108;"Albert Ramos";"L";188;"ESP";33,7;4;"Felix Auger Aliassime";"R";193;"CAN";21,1;"6-4 6-2";3;"R64";76;0;3;45;29;24;9;9;1;2;7;7;53;31;18;10;9;5;9;48;1324;11;3368;6;6;NA;NA;NA;4;2;NA;NA;NA;2021-10-04;2021;"2021-0404:76";1094;0;2,41503749927884;4,5405683813627;4;"Felix Auger Aliassime";108;"Albert Ramos";4,5405683813627;2,41503749927884;2,12553088208386;21,1;33,7;-12,6;193;188;5;0,5;0,555555555555556;0,555555555555556;0,5;0,0555555555555556;9;2;5;1;4;1;1;4;-3;0;0;1
"842098";"2021-0404";"Indian Wells Masters";"Hard";"128";"Masters";77;133;"Alexander Zverev";"R";198;"GER";24,4;12;"Jenson Brooksby";"R";188;"USA";20,9;"6-4 3-6 6-1";3;"R64";106;12;5;72;48;35;14;13;1;3;1;1;79;47;32;17;13;1;5;4;7603;76;922;6;3;6;NA;NA;4;6;1;NA;NA;2021-10-04;2021;"2021-0404:77";1095;0;6;1,75207248655641;12;"Jenson Brooksby";133;"Alexander Zverev";1,75207248655641;6;-4,24792751344359;20,9;24,4;-3,5;188;198;-10;0,333333333333333;0,2;0,2;0,333333333333333;-0,133333333333333;5;3;1;1;4;2;2;4;-2;0;0;1
"842099";"2021-0404";"Indian Wells Masters";"Hard";"128";"Masters";78;92;"Andy Murray";"R";190;"GBR";34,3;2;"Carlos Alcaraz";"R";185;"ESP";18,4;"5-7 6-3 6-2";3;"R64";183;3;3;101;60;40;23;15;8;10;3;3;96;60;37;17;14;7;11;121;661;38;1499;5;6;6;NA;NA;7;3;2;NA;NA;2021-10-04;2021;"2021-0404:78";1096;0;1,08113676272541;2,75207248655641;2;"Carlos Alcaraz";92;"Andy Murray";2,75207248655641;1,08113676272541;1,67093572383101;18,4;34,3;-15,9;185;190;-5;0,8;0,636363636363636;0,636363636363636;0,8;-0,163636363636364;11;10;7;8;4;2;2;4;-2;0;0;1
"842100";"2021-0404";"Indian Wells Masters";"Hard";"128";"Masters";79;3;"Kevin Anderson";"R";203;"RSA";35,3;121;"Lorenzo Sonego";"R";191;"ITA";26,4;"7-6(7) 7-6(3)";3;"R64";127;10;2;82;50;38;20;12;4;6;5;2;77;51;38;12;12;3;5;67;989;21;2122;7;7;NA;NA;NA;6;6;NA;NA;NA;2021-10-04;2021;"2021-0404:79";1097;1;1,93391080954223;3,60768257722124;3;"Kevin Anderson";121;"Lorenzo Sonego";1,93391080954223;3,60768257722124;-1,67377176767901;35,3;26,4;8,9;203;191;12;0,666666666666667;0,6;0,666666666666667;0,6;0,0666666666666667;5;6;3;4;2;2;2;2;0;0;0;1
"842102";"2021-0404";"Indian Wells Masters";"Hard";"128";"Masters";81;119;"Jannik Sinner";"R";188;"ITA";20,1;87;"John Millman";"R";183;"AUS";32,3;"6-2 6-2";3;"R64";74;3;1;40;21;18;14;8;0;0;1;2;51;33;18;7;8;3;7;14;2895;90;838;6;6;NA;NA;NA;2;2;NA;NA;NA;2021-10-04;2021;"2021-0404:81";1098;0;4,1926450779424;1,50814690367033;87;"John Millman";119;"Jannik Sinner";1,50814690367033;4,1926450779424;-2,68449817427207;32,3;20,1;12,2;183;188;-5;1,5;0,428571428571429;0,428571428571429;1,5;-1,07142857142857;7;0;3;0;4;0;0;4;-4;0;0;1
"842103";"2021-0404";"Indian Wells Masters";"Hard";"128";"Masters";82;60;"John Isner";"R";206;"USA";36,4;97;"Yoshihito Nishioka";"L";170;"JPN";26;"6-3 6-4";3;"R64";69;13;2;51;29;25;15;10;0;0;0;2;51;33;23;9;9;1;3;23;2091;73;946;6;6;NA;NA;NA;3;4;NA;NA;NA;2021-10-04;2021;"2021-0404:82";1099;1;3,47643804394299;1,81017544111998;60;"John Isner";97;"Yoshihito Nishioka";3,47643804394299;1,81017544111998;1,666262602823;36,4;26;10,4;206;170;36;1,5;0,333333333333333;1,5;0,333333333333333;1,16666666666667;3;0;1;0;2;0;2;0;2;0;0;1
"842104";"2021-0404";"Indian Wells Masters";"Hard";"128";"Masters";83;44;"Taylor Fritz";"R";193;"USA";23,9;95;"Brandon Nakashima";"R";185;"USA";20,1;"6-3 6-4";3;"R64";80;5;1;58;31;23;16;10;0;1;4;0;60;33;23;12;9;2;5;39;1495;79;895;6;6;NA;NA;NA;3;4;NA;NA;NA;2021-10-04;2021;"2021-0404:83";1100;1;2,71459778113775;1,6962192518229;44;"Taylor Fritz";95;"Brandon Nakashima";2,71459778113775;1,6962192518229;1,01837852931485;23,9;20,1;3,8;193;185;8;0;0,4;0;0,4;-0,4;5;1;2;0;3;1;3;1;2;0;0;1
"842106";"2021-0404";"Indian Wells Masters";"Hard";"128";"Masters";85;112;"Casper Ruud";"R";183;"NOR";22,7;14;"Roberto Carballes Baena";"R";183;"ESP";28,5;"6-1 6-2";3;"R64";71;5;1;41;26;21;12;8;1;1;0;2;50;31;14;11;7;4;8;10;3615;81;877;6;6;NA;NA;NA;1;2;NA;NA;NA;2021-10-04;2021;"2021-0404:85";1101;0;4,67807190511264;1,66014999711538;14;"Roberto Carballes Baena";112;"Casper Ruud";1,66014999711538;4,67807190511264;-3,01792190799726;28,5;22,7;5,8;183;183;0;1;0,5;0,5;1;-0,5;8;1;4;1;4;0;0;4;-4;0;0;1
"842107";"2021-0404";"Indian Wells Masters";"Hard";"128";"Masters";86;56;"Lloyd Harris";"R";193;"RSA";24,6;25;"Alejandro Davidovich Fokina";"R";183;"ESP";22,3;"6-3 6-3";3;"R64";69;8;2;48;28;23;11;9;2;3;2;1;55;37;21;9;9;4;8;31;1652;43;1420;6;6;NA;NA;NA;3;3;NA;NA;NA;2021-10-04;2021;"2021-0404:86";1102;0;3,04580368961313;2,5737352452979;25;"Alejandro Davidovich Fokina";56;"Lloyd Harris";2,5737352452979;3,04580368961313;-0,472068444315223;22,3;24,6;-2,3;183;193;-10;0,666666666666667;0,5;0,5;0,666666666666667;-0,166666666666667;8;3;4;2;4;1;1;4;-3;0;0;1
"842108";"2021-0404";"Indian Wells Masters";"Hard";"128";"Masters";87;39;"Daniel Evans";"R";175;"GBR";31,3;96;"Kei Nishikori";"R";178;"JPN";31,7;"4-6 6-3 6-4";3;"R64";167;4;5;98;60;48;17;15;10;12;2;3;96;48;35;25;14;6;9;22;2122;52;1208;4;6;6;NA;NA;6;3;4;NA;NA;2021-10-04;2021;"2021-0404:87";1103;1;3,5405683813627;2,29956028185891;39;"Daniel Evans";96;"Kei Nishikori";3,5405683813627;2,29956028185891;1,24100809950379;31,3;31,7;-0,399999999999999;175;178;-3;0,833333333333333;0,666666666666667;0,833333333333333;0,666666666666667;0,166666666666667;9;12;6;10;3;2;3;2;1;0;0;1
"842109";"2021-0404";"Indian Wells Masters";"Hard";"128";"Masters";88;115;"Diego Schwartzman";"R";170;"ARG";29,1;23;"Maxime Cressy";"R";198;"USA";24,4;"6-2 3-6 7-5";3;"R64";158;4;2;98;60;38;23;14;4;6;11;14;107;63;45;17;15;11;15;15;2800;144;518;6;3;7;NA;NA;2;6;5;NA;NA;2021-10-04;2021;"2021-0404:88";1104;0;4,09310940439148;0,830074998557688;23;"Maxime Cressy";115;"Diego Schwartzman";0,830074998557688;4,09310940439148;-3,26303440583379;24,4;29,1;-4,7;198;170;28;0,666666666666667;0,733333333333333;0,733333333333333;0,666666666666667;0,0666666666666667;15;6;11;4;4;2;2;4;-2;0;0;1
"842110";"2021-0404";"Indian Wells Masters";"Hard";"128";"Masters";89;6;"Roberto Bautista Agut";"R";183;"ESP";33,4;102;"Guido Pella";"L";185;"ARG";31,3;"7-5 6-3";3;"R64";116;2;3;73;45;32;11;11;9;12;1;3;71;48;25;12;10;4;9;19;2360;77;914;7;6;NA;NA;NA;5;3;NA;NA;NA;2021-10-04;2021;"2021-0404:89";1105;1;3,75207248655641;1,7332134593051;6;"Roberto Bautista Agut";102;"Guido Pella";3,75207248655641;1,7332134593051;2,01885902725132;33,4;31,3;2,1;183;185;-2;0,75;0,444444444444444;0,75;0,444444444444444;0,305555555555556;9;12;4;9;5;3;5;3;2;0;0;1
"842111";"2021-0404";"Indian Wells Masters";"Hard";"128";"Masters";90;98;"Cameron Norrie";"L";188;"GBR";26,1;114;"Tennys Sandgren";"R";188;"USA";30,2;"6-4 5-7 6-0";3;"R64";134;3;5;79;43;31;19;14;4;7;6;1;99;58;29;22;14;12;18;26;2015;101;758;6;5;6;NA;NA;4;7;0;NA;NA;2021-10-04;2021;"2021-0404:90";1106;1;3,29956028185891;1,34178851724821;98;"Cameron Norrie";114;"Tennys Sandgren";3,29956028185891;1,34178851724821;1,9577717646107;26,1;30,2;-4,1;188;188;0;0,571428571428571;0,666666666666667;0,571428571428571;0,666666666666667;-0,0952380952380952;18;7;12;4;6;3;6;3;3;0;0;1
"842112";"2021-0404";"Indian Wells Masters";"Hard";"128";"Masters";91;101;"Tommy Paul";"R";185;"USA";24,3;80;"Dusan Lajovic";"R";180;"SRB";31,2;"6-2 6-3";3;"R64";60;0;1;41;24;20;12;8;0;0;2;2;55;43;25;4;9;4;8;60;1033;35;1565;6;6;NA;NA;NA;2;3;NA;NA;NA;2021-10-04;2021;"2021-0404:91";1107;0;2,09310940439148;2,87071698305503;80;"Dusan Lajovic";101;"Tommy Paul";2,87071698305503;2,09310940439148;0,777607578663552;31,2;24,3;6,9;180;185;-5;1,5;0,5;0,5;1,5;-1;8;0;4;0;4;0;0;4;-4;0;0;1
"842114";"2021-0404";"Indian Wells Masters";"Hard";"128";"Masters";93;59;"Hubert Hurkacz";"R";196;"POL";24,6;104;"Alexei Popyrin";"R";196;"AUS";22,1;"6-1 7-5";3;"R64";86;6;4;67;42;29;15;10;4;5;4;4;62;36;20;12;9;10;14;12;3333;69;965;6;7;NA;NA;NA;1;5;NA;NA;NA;2021-10-04;2021;"2021-0404:93";1108;1;4,41503749927884;1,89147554322183;59;"Hubert Hurkacz";104;"Alexei Popyrin";4,41503749927884;1,89147554322183;2,52356195605701;24,6;22,1;2,5;196;196;0;0,8;0,714285714285714;0,8;0,714285714285714;0,0857142857142857;14;5;10;4;4;1;4;1;3;0;0;1
"842115";"2021-0404";"Indian Wells Masters";"Hard";"128";"Masters";94;126;"Frances Tiafoe";"R";188;"USA";23,7;72;"Sebastian Korda";"R";196;"USA";21,2;"6-0 6-4";3;"R64";80;2;1;49;33;23;9;8;2;3;4;4;66;36;21;9;8;6;11;51;1242;40;1469;6;6;NA;NA;NA;0;4;NA;NA;NA;2021-10-04;2021;"2021-0404:94";1109;0;2,3275746580285;2,67807190511264;72;"Sebastian Korda";126;"Frances Tiafoe";2,67807190511264;2,3275746580285;0,350497247084133;21,2;23,7;-2,5;196;188;8;0,666666666666667;0,545454545454545;0,545454545454545;0,666666666666667;-0,121212121212121;11;3;6;2;5;1;1;5;-4;0;0;1
"842116";"2021-0404";"Indian Wells Masters";"Hard";"128";"Masters";95;64;"Aslan Karatsev";"R";185;"RUS";28;16;"Salvatore Caruso";"R";185;"ITA";28,8;"6-0 6-2";3;"R64";69;3;1;39;23;21;8;7;1;1;1;0;48;28;15;7;7;6;11;24;2085;145;513;6;6;NA;NA;NA;0;2;NA;NA;NA;2021-10-04;2021;"2021-0404:95";1110;0;3,41503749927884;0,820090909985066;16;"Salvatore Caruso";64;"Aslan Karatsev";0,820090909985066;3,41503749927884;-2,59494658929378;28,8;28;0,800000000000001;185;185;0;1;0,545454545454545;0,545454545454545;1;-0,454545454545455;11;1;6;1;5;0;0;5;-5;0;0;1
"842118";"2021-0404";"Indian Wells Masters";"Hard";"128";"Masters";97;99;"Reilly Opelka";"R";211;"USA";24,1;24;"Taro Daniel";"R";191;"JPN";28,6;"7-5 6-3";3;"R64";89;11;4;53;29;26;18;11;0;0;0;0;63;40;27;13;10;3;5;20;2161;123;649;7;6;NA;NA;NA;5;3;NA;NA;NA;2021-10-04;2021;"2021-0404:97";1111;0;3,67807190511264;1,05748549466076;24;"Taro Daniel";99;"Reilly Opelka";1,05748549466076;3,67807190511264;-2,62058641045188;28,6;24,1;4,5;191;211;-20;1,5;0,6;0,6;1,5;-0,9;5;0;3;0;2;0;0;2;-2;0;0;1
"842120";"2021-0404";"Indian Wells Masters";"Hard";"128";"Masters";99;73;"Filip Krajinovic";"R";185;"SRB";29,6;50;"Marcos Giron";"R";180;"USA";28,1;"7-6(2) 7-5";3;"R64";106;1;5;77;50;38;14;12;6;8;4;2;80;47;30;18;12;7;10;34;1589;56;1077;7;7;NA;NA;NA;6;5;NA;NA;NA;2021-10-04;2021;"2021-0404:99";1112;0;2,91253715874966;2,1926450779424;50;"Marcos Giron";73;"Filip Krajinovic";2,1926450779424;2,91253715874966;-0,719892080807265;28,1;29,6;-1,5;180;185;-5;0,75;0,7;0,7;0,75;-0,05;10;8;7;6;3;2;2;3;-1;0;0;1
"842121";"2021-0404";"Indian Wells Masters";"Hard";"128";"Masters";100;86;"Daniil Medvedev";"R";198;"RUS";25,6;85;"Mackenzie Mcdonald";"R";178;"USA";26,4;"6-4 6-2";3;"R64";72;4;2;47;28;23;14;9;0;0;1;1;55;38;26;6;9;4;7;2;10575;57;1070;6;6;NA;NA;NA;4;2;NA;NA;NA;2021-10-04;2021;"2021-0404:100";1113;0;7;2,16710998583526;85;"Mackenzie Mcdonald";86;"Daniil Medvedev";2,16710998583526;7;-4,83289001416474;26,4;25,6;0,799999999999997;178;198;-20;1,5;0,571428571428571;0,571428571428571;1,5;-0,928571428571429;7;0;4;0;3;0;0;3;-3;0;0;1
"842122";"2021-0404";"Indian Wells Masters";"Hard";"128";"Masters";101;127;"Stefanos Tsitsipas";"R";193;"GRE";23,1;42;"Fabio Fognini";"R";178;"ITA";34,3;"2-6 6-3 6-4";3;"R32";122;10;4;98;62;41;18;14;8;11;1;1;75;49;29;18;13;3;6;3;8175;30;1664;2;6;6;NA;NA;6;3;4;NA;NA;2021-10-04;2021;"2021-0404:101";1114;0;6,41503749927884;3,09310940439148;42;"Fabio Fognini";127;"Stefanos Tsitsipas";3,09310940439148;6,41503749927884;-3,32192809488736;34,3;23,1;11,2;178;193;-15;0,727272727272727;0,5;0,5;0,727272727272727;-0,227272727272727;6;11;3;8;3;3;3;3;0;0;0;1
"842123";"2021-0404";"Indian Wells Masters";"Hard";"128";"Masters";102;26;"Alex De Minaur";"R";183;"AUS";22,6;47;"Cristian Garin";"R";185;"CHI";25,3;"6-4 6-2";3;"R32";92;1;0;61;40;26;9;9;3;5;1;0;59;40;18;10;9;6;11;27;1956;17;2510;6;6;NA;NA;NA;4;2;NA;NA;NA;2021-10-04;2021;"2021-0404:102";1115;1;3,24511249783653;3,91253715874966;26;"Alex De Minaur";47;"Cristian Garin";3,24511249783653;3,91253715874966;-0,667424660913129;22,6;25,3;-2,7;183;185;-2;0,6;0,545454545454545;0,6;0,545454545454545;0,0545454545454546;11;5;6;3;5;2;5;2;3;0;0;1
"842124";"2021-0404";"Indian Wells Masters";"Hard";"128";"Masters";103;67;"Karen Khachanov";"R";198;"RUS";25,3;15;"Pablo Carreno Busta";"R";188;"ESP";30,2;"6-0 6-4";3;"R32";64;6;2;37;23;22;10;8;0;0;0;1;49;34;21;6;8;1;5;29;1830;16;2550;6;6;NA;NA;NA;0;4;NA;NA;NA;2021-10-04;2021;"2021-0404:103";1116;0;3,14201900487243;4;15;"Pablo Carreno Busta";67;"Karen Khachanov";4;3,14201900487243;0,857980995127572;30,2;25,3;4,9;188;198;-10;1,5;0,2;0,2;1,5;-1,3;5;0;1;0;4;0;0;4;-4;0;0;1
"842125";"2021-0404";"Indian Wells Masters";"Hard";"128";"Masters";104;5;"Nikoloz Basilashvili";"R";185;"GEO";29,6;108;"Albert Ramos";"L";188;"ESP";33,7;"4-6 7-6(2) 6-2";3;"R32";143;8;8;98;53;39;19;15;6;10;6;2;104;59;36;20;15;1;6;36;1556;48;1324;4;7;6;NA;NA;6;6;2;NA;NA;2021-10-04;2021;"2021-0404:104";1117;1;2,83007499855769;2,41503749927884;5;"Nikoloz Basilashvili";108;"Albert Ramos";2,83007499855769;2,41503749927884;0,415037499278844;29,6;33,7;-4,1;185;188;-3;0,6;0,166666666666667;0,6;0,166666666666667;0,433333333333333;6;10;1;6;5;4;5;4;1;0;0;1
"842126";"2021-0404";"Indian Wells Masters";"Hard";"128";"Masters";105;133;"Alexander Zverev";"R";198;"GER";24,4;92;"Andy Murray";"R";190;"GBR";34,3;"6-4 7-6(4)";3;"R32";127;8;4;74;53;38;9;11;3;6;8;4;82;53;35;12;11;2;6;4;7603;121;661;6;7;NA;NA;NA;4;6;NA;NA;NA;2021-10-04;2021;"2021-0404:105";1118;0;6;1,08113676272541;92;"Andy Murray";133;"Alexander Zverev";1,08113676272541;6;-4,91886323727459;34,3;24,4;9,9;190;198;-8;0,5;0,333333333333333;0,333333333333333;0,5;-0,166666666666667;6;6;2;3;4;3;3;4;-1;0;0;1
"842127";"2021-0404";"Indian Wells Masters";"Hard";"128";"Masters";106;88;"Gael Monfils";"R";193;"FRA";35;3;"Kevin Anderson";"R";203;"RSA";35,3;"7-5 6-2";3;"R32";99;9;11;92;53;37;20;10;9;10;1;3;60;35;24;8;10;4;8;18;2418;67;989;7;6;NA;NA;NA;5;2;NA;NA;NA;2021-10-04;2021;"2021-0404:106";1119;0;3,83007499855769;1,93391080954223;3;"Kevin Anderson";88;"Gael Monfils";1,93391080954223;3,83007499855769;-1,89616418901546;35,3;35;0,299999999999997;203;193;10;0,9;0,5;0,5;0,9;-0,4;8;10;4;9;4;1;1;4;-3;0;0;1
"842129";"2021-0404";"Indian Wells Masters";"Hard";"128";"Masters";108;44;"Taylor Fritz";"R";193;"USA";23,9;9;"Matteo Berrettini";"R";196;"ITA";25,4;"6-4 6-3";3;"R32";81;3;2;63;37;30;10;10;4;6;3;3;56;35;22;7;9;5;9;39;1495;7;5173;6;6;NA;NA;NA;4;3;NA;NA;NA;2021-10-04;2021;"2021-0404:108";1120;0;2,71459778113775;5,1926450779424;9;"Matteo Berrettini";44;"Taylor Fritz";5,1926450779424;2,71459778113775;2,47804729680464;25,4;23,9;1,5;196;193;3;0,666666666666667;0,555555555555556;0,555555555555556;0,666666666666667;-0,111111111111111;9;6;5;4;4;2;2;4;-2;0;0;1
"842130";"2021-0404";"Indian Wells Masters";"Hard";"128";"Masters";109;112;"Casper Ruud";"R";183;"NOR";22,7;56;"Lloyd Harris";"R";193;"RSA";24,6;"6-7(4) 6-4 6-4";3;"R32";171;2;4;125;76;55;26;16;8;8;18;5;96;64;52;15;16;3;5;10;3615;31;1652;6;6;6;NA;NA;7;4;4;NA;NA;2021-10-04;2021;"2021-0404:109";1121;0;4,67807190511264;3,04580368961313;56;"Lloyd Harris";112;"Casper Ruud";3,04580368961313;4,67807190511264;-1,63226821549951;24,6;22,7;1,9;193;183;10;1;0,6;0,6;1;-0,4;5;8;3;8;2;0;0;2;-2;0;0;1
"842131";"2021-0404";"Indian Wells Masters";"Hard";"128";"Masters";110;115;"Diego Schwartzman";"R";170;"ARG";29,1;39;"Daniel Evans";"R";175;"GBR";31,3;"5-7 6-4 6-0";3;"R32";139;3;6;88;54;36;18;14;7;10;3;3;83;59;33;10;14;6;12;15;2800;22;2122;5;6;6;NA;NA;7;4;0;NA;NA;2021-10-04;2021;"2021-0404:110";1122;0;4,09310940439148;3,5405683813627;39;"Daniel Evans";115;"Diego Schwartzman";3,5405683813627;4,09310940439148;-0,552541023028779;31,3;29,1;2,2;175;170;5;0,7;0,5;0,5;0,7;-0,2;12;10;6;7;6;3;3;6;-3;0;0;1
"842132";"2021-0404";"Indian Wells Masters";"Hard";"128";"Masters";111;98;"Cameron Norrie";"L";188;"GBR";26,1;6;"Roberto Bautista Agut";"R";183;"ESP";33,4;"6-4 5-7 6-3";3;"R32";164;12;8;101;62;44;15;15;10;14;0;0;126;92;53;15;16;11;17;26;2015;19;2360;6;5;6;NA;NA;4;7;3;NA;NA;2021-10-04;2021;"2021-0404:111";1123;0;3,29956028185891;3,75207248655641;6;"Roberto Bautista Agut";98;"Cameron Norrie";3,75207248655641;3,29956028185891;0,452512204697507;33,4;26,1;7,3;183;188;-5;0,714285714285714;0,647058823529412;0,647058823529412;0,714285714285714;-0,0672268907563025;17;14;11;10;6;4;4;6;-2;0;0;1
"842133";"2021-0404";"Indian Wells Masters";"Hard";"128";"Masters";112;101;"Tommy Paul";"R";185;"USA";24,3;110;"Andrey Rublev";"R";188;"RUS";23,9;"6-4 3-6 7-5";3;"R32";144;5;5;107;64;46;18;15;10;14;6;4;104;73;45;14;16;6;11;60;1033;5;6130;6;3;7;NA;NA;4;6;5;NA;NA;2021-10-04;2021;"2021-0404:112";1124;1;2,09310940439148;5,67807190511264;101;"Tommy Paul";110;"Andrey Rublev";2,09310940439148;5,67807190511264;-3,58496250072116;24,3;23,9;0,400000000000002;185;188;-3;0,714285714285714;0,545454545454545;0,714285714285714;0,545454545454545;0,168831168831169;11;14;6;10;5;4;5;4;1;0;0;1
"842134";"2021-0404";"Indian Wells Masters";"Hard";"128";"Masters";113;59;"Hubert Hurkacz";"R";196;"POL";24,6;126;"Frances Tiafoe";"R";188;"USA";23,7;"6-3 6-2";3;"R32";71;7;0;48;34;29;8;9;2;2;1;2;55;30;18;13;8;7;10;12;3333;51;1242;6;6;NA;NA;NA;3;2;NA;NA;NA;2021-10-04;2021;"2021-0404:113";1125;1;4,41503749927884;2,3275746580285;59;"Hubert Hurkacz";126;"Frances Tiafoe";4,41503749927884;2,3275746580285;2,08746284125034;24,6;23,7;0,900000000000002;196;188;8;1;0,7;1;0,7;0,3;10;2;7;2;3;0;3;0;3;0;0;1
"842135";"2021-0404";"Indian Wells Masters";"Hard";"128";"Masters";114;64;"Aslan Karatsev";"R";185;"RUS";28;117;"Denis Shapovalov";"L";185;"CAN";22,4;"7-5 6-2";3;"R32";96;0;3;61;27;21;24;10;1;1;12;4;58;35;26;9;10;6;9;24;2085;13;3265;7;6;NA;NA;NA;5;2;NA;NA;NA;2021-10-04;2021;"2021-0404:114";1126;1;3,41503749927884;4,29956028185891;64;"Aslan Karatsev";117;"Denis Shapovalov";3,41503749927884;4,29956028185891;-0,884522782580063;28;22,4;5,6;185;185;0;1;0,666666666666667;1;0,666666666666667;0,333333333333333;9;1;6;1;3;0;3;0;3;0;0;1
"842136";"2021-0404";"Indian Wells Masters";"Hard";"128";"Masters";115;29;"Grigor Dimitrov";"R";188;"BUL";30,3;99;"Reilly Opelka";"R";211;"USA";24,1;"6-3 6-4";3;"R32";73;4;2;48;37;32;8;10;0;0;5;1;55;33;24;10;9;4;6;28;1881;20;2161;6;6;NA;NA;NA;3;4;NA;NA;NA;2021-10-04;2021;"2021-0404:115";1127;1;3,1926450779424;3,67807190511264;29;"Grigor Dimitrov";99;"Reilly Opelka";3,1926450779424;3,67807190511264;-0,485426827170241;30,3;24,1;6,2;188;211;-23;1,5;0,666666666666667;1,5;0,666666666666667;0,833333333333333;6;0;4;0;2;0;2;0;2;0;0;1
"842137";"2021-0404";"Indian Wells Masters";"Hard";"128";"Masters";116;86;"Daniil Medvedev";"R";198;"RUS";25,6;73;"Filip Krajinovic";"R";185;"SRB";29,6;"6-2 7-6(1)";3;"R32";90;4;3;57;33;23;15;10;1;3;0;0;62;41;22;10;10;2;6;2;10575;34;1589;6;7;NA;NA;NA;2;6;NA;NA;NA;2021-10-04;2021;"2021-0404:116";1128;0;7;2,91253715874966;73;"Filip Krajinovic";86;"Daniil Medvedev";2,91253715874966;7;-4,08746284125034;29,6;25,6;4;185;198;-13;0,333333333333333;0,333333333333333;0,333333333333333;0,333333333333333;0;6;3;2;1;4;2;2;4;-2;0;0;1
"842138";"2021-0404";"Indian Wells Masters";"Hard";"128";"Masters";117;127;"Stefanos Tsitsipas";"R";193;"GRE";23,1;26;"Alex De Minaur";"R";183;"AUS";22,6;"6-7(3) 7-6(3) 6-2";3;"R16";163;7;1;106;55;36;33;16;2;5;1;3;108;62;39;24;16;5;10;3;8175;27;1956;6;7;6;NA;NA;7;6;2;NA;NA;2021-10-04;2021;"2021-0404:117";1129;0;6,41503749927884;3,24511249783653;26;"Alex De Minaur";127;"Stefanos Tsitsipas";3,24511249783653;6,41503749927884;-3,16992500144231;22,6;23,1;-0,5;183;193;-10;0,4;0,5;0,5;0,4;0,1;10;5;5;2;5;3;3;5;-2;0;0;1
"842139";"2021-0404";"Indian Wells Masters";"Hard";"128";"Masters";118;5;"Nikoloz Basilashvili";"R";185;"GEO";29,6;67;"Karen Khachanov";"R";198;"RUS";25,3;"6-4 7-6(6)";3;"R16";115;4;2;74;41;29;19;11;4;6;4;2;79;47;26;19;11;3;6;36;1556;29;1830;6;7;NA;NA;NA;4;6;NA;NA;NA;2021-10-04;2021;"2021-0404:118";1130;1;2,83007499855769;3,14201900487243;5;"Nikoloz Basilashvili";67;"Karen Khachanov";2,83007499855769;3,14201900487243;-0,31194400631474;29,6;25,3;4,3;185;198;-13;0,666666666666667;0,5;0,666666666666667;0,5;0,166666666666667;6;6;3;4;3;2;3;2;1;0;0;1
"842140";"2021-0404";"Indian Wells Masters";"Hard";"128";"Masters";119;133;"Alexander Zverev";"R";198;"GER";24,4;88;"Gael Monfils";"R";193;"FRA";35;"6-1 6-3";3;"R16";61;1;1;47;34;26;8;8;1;1;2;0;43;31;19;4;8;4;8;4;7603;18;2418;6;6;NA;NA;NA;1;3;NA;NA;NA;2021-10-04;2021;"2021-0404:119";1131;0;6;3,83007499855769;88;"Gael Monfils";133;"Alexander Zverev";3,83007499855769;6;-2,16992500144231;35;24,4;10,6;193;198;-5;1;0,5;0,5;1;-0,5;8;1;4;1;4;0;0;4;-4;0;0;1
"842141";"2021-0404";"Indian Wells Masters";"Hard";"128";"Masters";120;44;"Taylor Fritz";"R";193;"USA";23,9;119;"Jannik Sinner";"R";188;"ITA";20,1;"6-4 6-3";3;"R16";100;6;3;74;43;25;17;10;5;8;0;4;65;33;20;11;9;7;12;39;1495;14;2895;6;6;NA;NA;NA;4;3;NA;NA;NA;2021-10-04;2021;"2021-0404:120";1132;1;2,71459778113775;4,1926450779424;44;"Taylor Fritz";119;"Jannik Sinner";2,71459778113775;4,1926450779424;-1,47804729680464;23,9;20,1;3,8;193;188;5;0,625;0,583333333333333;0,625;0,583333333333333;0,0416666666666666;12;8;7;5;5;3;5;3;2;0;0;1
"842142";"2021-0404";"Indian Wells Masters";"Hard";"128";"Masters";121;115;"Diego Schwartzman";"R";170;"ARG";29,1;112;"Casper Ruud";"R";183;"NOR";22,7;"6-3 6-3";3;"R16";103;1;0;62;44;28;13;9;3;4;1;0;65;41;23;11;9;3;7;15;2800;10;3615;6;6;NA;NA;NA;3;3;NA;NA;NA;2021-10-04;2021;"2021-0404:121";1133;0;4,09310940439148;4,67807190511264;112;"Casper Ruud";115;"Diego Schwartzman";4,67807190511264;4,09310940439148;0,584962500721157;22,7;29,1;-6,4;183;170;13;0,75;0,428571428571429;0,428571428571429;0,75;-0,321428571428571;7;4;3;3;4;1;1;4;-3;0;0;1
"842143";"2021-0404";"Indian Wells Masters";"Hard";"128";"Masters";122;98;"Cameron Norrie";"L";188;"GBR";26,1;101;"Tommy Paul";"R";185;"USA";24,3;"6-4 4-6 6-2";3;"R16";135;6;3;86;56;37;12;14;4;9;2;3;111;67;38;18;14;17;24;26;2015;60;1033;6;4;6;NA;NA;4;6;2;NA;NA;2021-10-04;2021;"2021-0404:122";1134;1;3,29956028185891;2,09310940439148;98;"Cameron Norrie";101;"Tommy Paul";3,29956028185891;2,09310940439148;1,20645087746743;26,1;24,3;1,8;188;185;3;0,444444444444444;0,708333333333333;0,444444444444444;0,708333333333333;-0,263888888888889;24;9;17;4;7;5;7;5;2;0;0;1
"842144";"2021-0404";"Indian Wells Masters";"Hard";"128";"Masters";123;59;"Hubert Hurkacz";"R";196;"POL";24,6;64;"Aslan Karatsev";"R";185;"RUS";28;"6-1 6-3";3;"R16";63;6;0;44;31;22;9;8;1;2;1;5;51;32;17;5;8;4;9;12;3333;24;2085;6;6;NA;NA;NA;1;3;NA;NA;NA;2021-10-04;2021;"2021-0404:123";1135;1;4,41503749927884;3,41503749927884;59;"Hubert Hurkacz";64;"Aslan Karatsev";4,41503749927884;3,41503749927884;1;24,6;28;-3,4;196;185;11;0,5;0,444444444444444;0,5;0,444444444444444;0,0555555555555556;9;2;4;1;5;1;5;1;4;0;0;1
"842145";"2021-0404";"Indian Wells Masters";"Hard";"128";"Masters";124;29;"Grigor Dimitrov";"R";188;"BUL";30,3;86;"Daniil Medvedev";"R";198;"RUS";25,6;"4-6 6-4 6-3";3;"R16";134;1;5;90;72;46;7;15;2;7;5;6;81;44;29;14;14;4;10;28;1881;2;10575;4;6;6;NA;NA;6;4;3;NA;NA;2021-10-04;2021;"2021-0404:124";1136;1;3,1926450779424;7;29;"Grigor Dimitrov";86;"Daniil Medvedev";3,1926450779424;7;-3,8073549220576;30,3;25,6;4,7;188;198;-10;0,285714285714286;0,4;0,285714285714286;0,4;-0,114285714285714;10;7;4;2;6;5;6;5;1;0;0;1
"842146";"2021-0404";"Indian Wells Masters";"Hard";"128";"Masters";125;5;"Nikoloz Basilashvili";"R";185;"GEO";29,6;127;"Stefanos Tsitsipas";"R";193;"GRE";23,1;"6-4 2-6 6-4";3;"QF";129;5;1;101;73;44;14;14;6;10;10;2;74;48;33;13;14;1;5;36;1556;3;8175;6;2;6;NA;NA;4;6;4;NA;NA;2021-10-04;2021;"2021-0404:125";1137;1;2,83007499855769;6,41503749927884;5;"Nikoloz Basilashvili";127;"Stefanos Tsitsipas";2,83007499855769;6,41503749927884;-3,58496250072116;29,6;23,1;6,5;185;193;-8;0,6;0,2;0,6;0,2;0,4;5;10;1;6;4;4;4;4;0;0;0;1
"842147";"2021-0404";"Indian Wells Masters";"Hard";"128";"Masters";126;44;"Taylor Fritz";"R";193;"USA";23,9;133;"Alexander Zverev";"R";198;"GER";24,4;"4-6 6-3 7-6(3)";3;"QF";140;10;3;101;61;50;18;16;5;8;9;5;91;60;45;14;15;1;4;39;1495;4;7603;4;6;7;NA;NA;6;3;6;NA;NA;2021-10-04;2021;"2021-0404:126";1138;1;2,71459778113775;6;44;"Taylor Fritz";133;"Alexander Zverev";2,71459778113775;6;-3,28540221886225;23,9;24,4;-0,5;193;198;-5;0,625;0,25;0,625;0,25;0,375;4;8;1;5;3;3;3;3;0;0;0;1
"842148";"2021-0404";"Indian Wells Masters";"Hard";"128";"Masters";127;98;"Cameron Norrie";"L";188;"GBR";26,1;115;"Diego Schwartzman";"R";170;"ARG";29,1;"6-0 6-2";3;"QF";73;0;0;42;25;18;10;7;2;3;0;4;46;27;13;3;7;3;9;26;2015;15;2800;6;6;NA;NA;NA;0;2;NA;NA;NA;2021-10-04;2021;"2021-0404:127";1139;1;3,29956028185891;4,09310940439148;98;"Cameron Norrie";115;"Diego Schwartzman";3,29956028185891;4,09310940439148;-0,793549122532573;26,1;29,1;-3;188;170;18;0,666666666666667;0,333333333333333;0,666666666666667;0,333333333333333;0,333333333333333;9;3;3;2;6;1;6;1;5;0;0;1
"842149";"2021-0404";"Indian Wells Masters";"Hard";"128";"Masters";128;29;"Grigor Dimitrov";"R";188;"BUL";30,3;59;"Hubert Hurkacz";"R";196;"POL";24,6;"3-6 6-4 7-6(2)";3;"QF";157;0;4;97;72;51;13;15;6;9;14;1;104;62;48;20;16;1;4;28;1881;12;3333;3;6;7;NA;NA;6;4;6;NA;NA;2021-10-04;2021;"2021-0404:128";1140;1;3,1926450779424;4,41503749927884;29;"Grigor Dimitrov";59;"Hubert Hurkacz";3,1926450779424;4,41503749927884;-1,22239242133645;30,3;24,6;5,7;188;196;-8;0,666666666666667;0,25;0,666666666666667;0,25;0,416666666666667;4;9;1;6;3;3;3;3;0;0;0;1
"842150";"2021-0404";"Indian Wells Masters";"Hard";"128";"Masters";129;5;"Nikoloz Basilashvili";"R";185;"GEO";29,6;44;"Taylor Fritz";"R";193;"USA";23,9;"7-6(5) 6-3";3;"SF";101;3;1;90;63;43;16;11;7;7;11;3;63;37;33;10;10;0;1;36;1556;39;1495;7;6;NA;NA;NA;6;3;NA;NA;NA;2021-10-04;2021;"2021-0404:129";1141;1;2,83007499855769;2,71459778113775;5;"Nikoloz Basilashvili";44;"Taylor Fritz";2,83007499855769;2,71459778113775;0,115477217419937;29,6;23,9;5,7;185;193;-8;1;0;1;0;1;1;7;0;7;1;0;1;0;1;0;0;1
"842151";"2021-0404";"Indian Wells Masters";"Hard";"128";"Masters";130;98;"Cameron Norrie";"L";188;"GBR";26,1;29;"Grigor Dimitrov";"R";188;"BUL";30,3;"6-2 6-4";3;"SF";86;4;1;55;39;27;9;9;1;2;0;4;62;38;22;12;9;3;7;26;2015;28;1881;6;6;NA;NA;NA;2;4;NA;NA;NA;2021-10-04;2021;"2021-0404:130";1142;0;3,29956028185891;3,1926450779424;29;"Grigor Dimitrov";98;"Cameron Norrie";3,1926450779424;3,29956028185891;-0,106915203916512;30,3;26,1;4,2;188;188;0;0,5;0,428571428571429;0,428571428571429;0,5;-0,0714285714285715;7;2;3;1;4;1;1;4;-3;0;0;1
"842152";"2021-0404";"Indian Wells Masters";"Hard";"128";"Masters";131;98;"Cameron Norrie";"L";188;"GBR";26,1;5;"Nikoloz Basilashvili";"R";185;"GEO";29,6;"3-6 6-4 6-1";3;"F";109;1;2;72;43;33;14;13;3;6;2;0;74;45;25;17;13;3;8;26;2015;36;1556;3;6;6;NA;NA;6;4;1;NA;NA;2021-10-04;2021;"2021-0404:131";1143;0;3,29956028185891;2,83007499855769;5;"Nikoloz Basilashvili";98;"Cameron Norrie";2,83007499855769;3,29956028185891;-0,46948528330122;29,6;26,1;3,5;185;188;-3;0,5;0,375;0,375;0,5;-0,125;8;6;3;3;5;3;3;5;-2;0;0;1
"844827";"2021-0352";"Paris Masters";"Hard";"64";"Masters";3;116;"Andreas Seppi";"R";190;"ITA";37,6;83;"Pedro Martinez";"R";185;"ESP";24,5;"7-5 6-3";3;"Q1";102;11;2;82;54;38;14;11;6;8;3;4;58;29;18;16;10;2;6;101;734;64;996;7;6;NA;NA;NA;5;3;NA;NA;NA;2021-11-01;2021;"2021-0352:3";1144;0;0,341788517248205;1;83;"Pedro Martinez";116;"Andreas Seppi";1;0,341788517248205;0,658211482751795;24,5;37,6;-13,1;185;190;-5;0,75;0,333333333333333;0,333333333333333;0,75;-0,416666666666667;6;8;2;6;4;2;2;4;-2;0;0;1
"844829";"2021-0352";"Paris Masters";"Hard";"64";"Masters";5;12;"Jenson Brooksby";"R";188;"USA";21;52;"Peter Gojowczyk";"R";185;"GER";32,2;"6-3 4-6 7-6(4)";3;"Q1";153;4;2;115;69;47;20;16;9;14;6;8;101;44;28;27;15;6;11;56;1048;84;822;6;4;7;NA;NA;3;6;6;NA;NA;2021-11-01;2021;"2021-0352:5";1145;1;1,1926450779424;0,607682577221239;12;"Jenson Brooksby";52;"Peter Gojowczyk";1,1926450779424;0,607682577221239;0,584962500721157;21;32,2;-11,2;188;185;3;0,642857142857143;0,545454545454545;0,642857142857143;0,545454545454545;0,0974025974025975;11;14;6;9;5;5;5;5;0;0;0;1
"844831";"2021-0352";"Paris Masters";"Hard";"64";"Masters";7;50;"Marcos Giron";"R";180;"USA";28,2;118;"Gilles Simon";"R";183;"FRA";36,8;"6-7(4) 6-4 7-5";3;"Q1";173;9;0;95;52;45;23;17;3;6;5;2;125;74;50;25;17;4;9;57;1034;120;629;6;6;7;NA;NA;7;4;5;NA;NA;2021-11-01;2021;"2021-0352:7";1146;1;1,16710998583526;0,0931094043914813;50;"Marcos Giron";118;"Gilles Simon";1,16710998583526;0,0931094043914813;1,07400058144378;28,2;36,8;-8,6;180;183;-3;0,5;0,444444444444444;0,5;0,444444444444444;0,0555555555555556;9;6;4;3;5;3;5;3;2;0;0;1
"844832";"2021-0352";"Paris Masters";"Hard";"64";"Masters";8;53;"Norbert Gombos";"R";193;"SVK";31,2;21;"Federico Coria";"R";180;"ARG";29,6;"2-6 7-5 6-1";3;"Q1";105;5;1;81;54;40;11;14;2;5;5;5;84;52;38;13;13;3;7;110;715;72;903;2;7;6;NA;NA;6;5;1;NA;NA;2021-11-01;2021;"2021-0352:8";1147;0;0,21864028647534;0,830074998557688;21;"Federico Coria";53;"Norbert Gombos";0,830074998557688;0,21864028647534;0,611434712082348;29,6;31,2;-1,6;180;193;-13;0,4;0,428571428571429;0,428571428571429;0,4;0,0285714285714285;7;5;3;2;4;3;3;4;-1;0;0;1
"844833";"2021-0352";"Paris Masters";"Hard";"64";"Masters";9;49;"Hugo Gaston";"L";173;"FRA";21;3;"Kevin Anderson";"R";203;"RSA";35,4;"7-6(13) 2-6 7-6(1)";3;"Q1";153;3;16;129;67;48;34;16;6;9;17;3;108;75;59;16;16;1;2;103;722;76;874;7;2;7;NA;NA;6;6;6;NA;NA;2021-11-01;2021;"2021-0352:9";1148;0;0,313499472816781;0,752072486556415;3;"Kevin Anderson";49;"Hugo Gaston";0,752072486556415;0,313499472816781;0,438573013739633;35,4;21;14,4;203;173;30;0,666666666666667;0,5;0,5;0,666666666666667;-0,166666666666667;2;9;1;6;1;3;3;1;2;0;0;1
"844834";"2021-0352";"Paris Masters";"Hard";"64";"Masters";10;93;"Lorenzo Musetti";"R";185;"ITA";19,6;106;"Lucas Pouille";"R";185;"FRA";27,6;"4-6 6-4 6-1";3;"Q1";122;2;5;86;51;33;19;14;2;6;2;7;92;48;29;19;13;6;12;67;958;152;440;4;6;6;NA;NA;6;4;1;NA;NA;2021-11-01;2021;"2021-0352:10";1149;1;0,933910809542228;-0,247927513443585;93;"Lorenzo Musetti";106;"Lucas Pouille";0,933910809542228;-0,247927513443585;1,18183832298581;19,6;27,6;-8;185;185;0;0,333333333333333;0,5;0,333333333333333;0,5;-0,166666666666667;12;6;6;2;6;4;6;4;2;0;0;1
"844837";"2021-0352";"Paris Masters";"Hard";"64";"Masters";13;97;"Yoshihito Nishioka";"L";170;"JPN";26;10;"Benjamin Bonzi";"R";185;"FRA";25,3;"6-4 7-6(4)";3;"Q1";106;1;4;81;44;31;23;11;4;4;8;4;78;47;34;17;11;5;6;80;852;60;1004;6;7;NA;NA;NA;4;6;NA;NA;NA;2021-11-01;2021;"2021-0352:13";1150;0;0,678071905112637;1,09310940439148;10;"Benjamin Bonzi";97;"Yoshihito Nishioka";1,09310940439148;0,678071905112637;0,415037499278844;25,3;26;-0,699999999999999;185;170;15;1;0,833333333333333;0,833333333333333;1;-0,166666666666667;6;4;5;4;1;0;0;1;-1;0;0;1
"844839";"2021-0352";"Paris Masters";"Hard";"64";"Masters";15;101;"Tommy Paul";"R";185;"USA";24,4;104;"Alexei Popyrin";"R";196;"AUS";22,2;"4-6 6-4 6-3";3;"Q2";139;8;4;124;75;44;24;14;16;21;8;11;103;61;39;12;15;4;11;53;1103;71;912;4;6;6;NA;NA;6;4;3;NA;NA;2021-11-01;2021;"2021-0352:15";1151;1;1,2720795454368;0,850252880495318;101;"Tommy Paul";104;"Alexei Popyrin";1,2720795454368;0,850252880495318;0,421826664941483;24,4;22,2;2,2;185;196;-11;0,761904761904762;0,363636363636364;0,761904761904762;0,363636363636364;0,398268398268398;11;21;4;16;7;5;7;5;2;0;0;1
"844840";"2021-0352";"Paris Masters";"Hard";"64";"Masters";16;132;"Mikael Ymer";"R";183;"SWE";23,1;116;"Andreas Seppi";"R";190;"ITA";37,6;"6-2 6-1";3;"Q2";67;2;1;42;31;24;6;7;1;1;2;1;56;30;14;11;8;4;9;97;757;101;734;6;6;NA;NA;NA;2;1;NA;NA;NA;2021-11-01;2021;"2021-0352:16";1152;0;0,400087157812872;0,341788517248205;116;"Andreas Seppi";132;"Mikael Ymer";0,341788517248205;0,400087157812872;-0,0582986405646668;37,6;23,1;14,5;190;183;7;1;0,444444444444444;0,444444444444444;1;-0,555555555555556;9;1;4;1;5;0;0;5;-5;0;0;1
"844841";"2021-0352";"Paris Masters";"Hard";"64";"Masters";17;12;"Jenson Brooksby";"R";188;"USA";21;14;"Roberto Carballes Baena";"R";183;"ESP";28,6;"5-7 6-4 6-3";3;"Q2";182;1;3;103;57;34;20;16;6;13;3;3;108;64;39;14;15;9;17;56;1048;75;882;5;6;6;NA;NA;7;4;3;NA;NA;2021-11-01;2021;"2021-0352:17";1153;1;1,1926450779424;0,77118130950412;12;"Jenson Brooksby";14;"Roberto Carballes Baena";1,1926450779424;0,77118130950412;0,421463768438277;21;28,6;-7,6;188;183;5;0,461538461538462;0,529411764705882;0,461538461538462;0,529411764705882;-0,0678733031674208;17;13;9;6;8;7;8;7;1;0;0;1
"844842";"2021-0352";"Paris Masters";"Hard";"64";"Masters";18;50;"Marcos Giron";"R";180;"USA";28,2;53;"Norbert Gombos";"R";193;"SVK";31,2;"6-1 7-5";3;"Q2";85;4;3;53;32;26;10;10;2;4;5;3;76;47;26;13;9;8;13;57;1034;110;715;6;7;NA;NA;NA;1;5;NA;NA;NA;2021-11-01;2021;"2021-0352:18";1154;1;1,16710998583526;0,21864028647534;50;"Marcos Giron";53;"Norbert Gombos";1,16710998583526;0,21864028647534;0,948469699359919;28,2;31,2;-3;180;193;-13;0,5;0,615384615384615;0,5;0,615384615384615;-0,115384615384615;13;4;8;2;5;2;5;2;3;0;0;1
"844843";"2021-0352";"Paris Masters";"Hard";"64";"Masters";19;49;"Hugo Gaston";"L";173;"FRA";21;93;"Lorenzo Musetti";"R";185;"ITA";19,6;"3-6 6-3 6-4";3;"Q2";129;1;1;88;49;30;20;14;6;11;5;1;82;40;26;17;14;3;9;103;722;67;958;3;6;6;NA;NA;6;3;4;NA;NA;2021-11-01;2021;"2021-0352:19";1155;1;0,313499472816781;0,933910809542228;49;"Hugo Gaston";93;"Lorenzo Musetti";0,313499472816781;0,933910809542228;-0,620411336725446;21;19,6;1,4;173;185;-12;0,545454545454545;0,333333333333333;0,545454545454545;0,333333333333333;0,212121212121212;9;11;3;6;6;5;6;5;1;0;0;1
"844844";"2021-0352";"Paris Masters";"Hard";"64";"Masters";20;66;"Miomir Kecmanovic";"R";183;"SRB";22,1;69;"Dominik Koepfer";"L";180;"GER";27,5;"6-3 6-0";3;"Q2";58;3;2;43;21;17;13;8;0;1;2;1;42;21;9;9;7;0;5;69;926;58;1015;6;6;NA;NA;NA;3;0;NA;NA;NA;2021-11-01;2021;"2021-0352:20";1156;1;0,891475543221831;1,14201900487243;66;"Miomir Kecmanovic";69;"Dominik Koepfer";0,891475543221831;1,14201900487243;-0,250543461650597;22,1;27,5;-5,4;183;180;3;0;0;0;0;0;5;1;0;0;5;1;5;1;4;0;0;1
"844846";"2021-0352";"Paris Masters";"Hard";"64";"Masters";22;61;"Ilya Ivashka";"R";193;"BLR";27,6;108;"Albert Ramos";"L";188;"ESP";33,7;"6-3 7-6(2)";3;"R64";94;15;2;70;45;37;14;11;2;2;4;3;59;32;24;17;10;0;1;46;1253;44;1294;6;7;NA;NA;NA;3;6;NA;NA;NA;2021-11-01;2021;"2021-0352:22";1157;1;1,47643804394299;1,5405683813627;61;"Ilya Ivashka";108;"Albert Ramos";1,47643804394299;1,5405683813627;-0,0641303374197157;27,6;33,7;-6,1;193;188;5;1;0;1;0;1;1;2;0;2;1;0;1;0;1;0;0;1
"844847";"2021-0352";"Paris Masters";"Hard";"64";"Masters";23;19;"Marin Cilic";"R";198;"CRO";33;25;"Alejandro Davidovich Fokina";"R";183;"ESP";22,4;"6-3 6-4";3;"R64";87;8;3;66;35;29;14;10;6;7;4;1;57;35;22;11;9;2;5;28;1755;45;1255;6;6;NA;NA;NA;3;4;NA;NA;NA;2021-11-01;2021;"2021-0352:23";1158;1;2,1926450779424;1,50814690367033;19;"Marin Cilic";25;"Alejandro Davidovich Fokina";2,1926450779424;1,50814690367033;0,684498174272071;33;22,4;10,6;198;183;15;0,857142857142857;0,4;0,857142857142857;0,4;0,457142857142857;5;7;2;6;3;1;3;1;2;0;0;1
"844848";"2021-0352";"Paris Masters";"Hard";"64";"Masters";24;72;"Sebastian Korda";"R";196;"USA";21,3;64;"Aslan Karatsev";"R";185;"RUS";28,1;"6-2 6-7(9) 7-6(5)";3;"R64";172;11;2;104;75;59;12;16;3;5;5;7;145;98;60;24;16;13;17;39;1474;16;2392;6;6;7;NA;NA;2;7;6;NA;NA;2021-11-01;2021;"2021-0352:24";1159;0;1,71459778113775;3;64;"Aslan Karatsev";72;"Sebastian Korda";3;1,71459778113775;1,28540221886225;28,1;21,3;6,8;185;196;-11;0,6;0,764705882352941;0,764705882352941;0,6;0,164705882352941;17;5;13;3;4;2;2;4;-2;0;0;1
"844849";"2021-0352";"Paris Masters";"Hard";"64";"Masters";25;15;"Pablo Carreno Busta";"R";188;"ESP";30,3;100;"Benoit Paire";"R";196;"FRA";32,4;"6-3 6-4";3;"R64";87;3;2;64;40;28;15;10;3;4;9;7;70;37;26;12;9;2;5;17;2365;47;1245;6;6;NA;NA;NA;3;4;NA;NA;NA;2021-11-01;2021;"2021-0352:25";1160;1;2,91253715874966;1,44541114832236;15;"Pablo Carreno Busta";100;"Benoit Paire";2,91253715874966;1,44541114832236;1,4671260104273;30,3;32,4;-2,1;188;196;-8;0,75;0,4;0,75;0,4;0,35;5;4;2;3;3;1;3;1;2;0;0;1
"844851";"2021-0352";"Paris Masters";"Hard";"64";"Masters";27;2;"Carlos Alcaraz";"R";185;"ESP";18,4;57;"Pierre Hugues Herbert";"R";188;"FRA";30,6;"6-7(4) 7-6(2) 7-5";3;"R64";173;2;2;111;69;48;29;18;3;5;8;10;125;73;54;26;18;8;11;35;1529;99;748;6;7;7;NA;NA;7;6;5;NA;NA;2021-11-01;2021;"2021-0352:27";1161;1;1,87071698305503;0,370643379920391;2;"Carlos Alcaraz";57;"Pierre Hugues Herbert";1,87071698305503;0,370643379920391;1,50007360313464;18,4;30,6;-12,2;185;188;-3;0,6;0,727272727272727;0,6;0,727272727272727;-0,127272727272727;11;5;8;3;3;2;3;2;1;0;0;1
"844852";"2021-0352";"Paris Masters";"Hard";"64";"Masters";28;80;"Dusan Lajovic";"R";180;"SRB";31,3;85;"Mackenzie Mcdonald";"R";178;"USA";26,5;"6-3 6-4";3;"R64";67;6;1;57;42;34;8;10;1;1;7;2;49;37;28;6;9;3;5;34;1566;54;1089;6;6;NA;NA;NA;3;4;NA;NA;NA;2021-11-01;2021;"2021-0352:28";1162;1;1,91253715874966;1,24511249783653;80;"Dusan Lajovic";85;"Mackenzie Mcdonald";1,91253715874966;1,24511249783653;0,667424660913129;31,3;26,5;4,8;180;178;2;1;0,6;1;0,6;0,4;5;1;3;1;2;0;2;0;2;0;0;1
"844853";"2021-0352";"Paris Masters";"Hard";"64";"Masters";29;67;"Karen Khachanov";"R";198;"RUS";25,4;132;"Mikael Ymer";"R";183;"SWE";23,1;"6-4 7-5";3;"R64";108;7;1;69;47;38;9;11;4;5;1;5;83;61;39;9;11;10;13;31;1706;97;757;6;7;NA;NA;NA;4;5;NA;NA;NA;2021-11-01;2021;"2021-0352:29";1163;1;2,04580368961313;0,400087157812872;67;"Karen Khachanov";132;"Mikael Ymer";2,04580368961313;0,400087157812872;1,64571653180025;25,4;23,1;2,3;198;183;15;0,8;0,769230769230769;0,8;0,769230769230769;0,0307692307692308;13;5;10;4;3;1;3;1;2;0;0;1
"844854";"2021-0352";"Paris Masters";"Hard";"64";"Masters";30;29;"Grigor Dimitrov";"R";188;"BUL";30,4;48;"Richard Gasquet";"R";185;"FRA";35,3;"6-1 4-6 6-2";3;"R64";105;5;1;74;50;36;16;13;2;3;3;5;82;51;33;12;12;11;15;30;1721;74;899;6;4;6;NA;NA;1;6;2;NA;NA;2021-11-01;2021;"2021-0352:30";1164;1;2,09310940439148;0,79054663437105;29;"Grigor Dimitrov";48;"Richard Gasquet";2,09310940439148;0,79054663437105;1,30256277002043;30,4;35,3;-4,9;188;185;3;0,666666666666667;0,733333333333333;0,666666666666667;0,733333333333333;-0,0666666666666667;15;3;11;2;4;1;4;1;3;0;0;1
"844855";"2021-0352";"Paris Masters";"Hard";"64";"Masters";31;115;"Diego Schwartzman";"R";170;"ARG";29,2;87;"John Millman";"R";183;"AUS";32,3;"7-6(2) 5-7 6-2";3;"R64";178;1;4;114;69;47;17;16;9;16;4;3;112;75;40;17;16;5;13;15;2760;73;900;7;5;6;NA;NA;6;7;2;NA;NA;2021-11-01;2021;"2021-0352:31";1165;0;3,09310940439148;0,810175441119982;87;"John Millman";115;"Diego Schwartzman";0,810175441119982;3,09310940439148;-2,2829339632715;32,3;29,2;3,1;183;170;13;0,5625;0,384615384615385;0,384615384615385;0,5625;-0,177884615384615;13;16;5;9;8;7;7;8;-1;0;0;1
"844856";"2021-0352";"Paris Masters";"Hard";"64";"Masters";32;50;"Marcos Giron";"R";180;"USA";28,2;126;"Frances Tiafoe";"R";188;"USA";23,7;"6-7(5) 6-4 6-3";3;"R64";120;11;2;96;53;40;27;15;7;9;12;3;96;62;44;18;16;0;5;57;1034;41;1422;6;6;6;NA;NA;7;4;3;NA;NA;2021-11-01;2021;"2021-0352:32";1166;1;1,16710998583526;1,64244799538192;50;"Marcos Giron";126;"Frances Tiafoe";1,16710998583526;1,64244799538192;-0,475338009546658;28,2;23,7;4,5;180;188;-8;0,777777777777778;0;0,777777777777778;0;0,777777777777778;5;9;0;7;5;2;5;2;3;0;0;1
"844857";"2021-0352";"Paris Masters";"Hard";"64";"Masters";33;13;"Alexander Bublik";"R";196;"KAZ";24,3;39;"Daniel Evans";"R";175;"GBR";31,4;"2-6 7-5 7-5";3;"R64";134;24;12;112;66;50;20;16;9;12;3;4;86;51;40;21;16;2;5;36;1516;24;1917;2;7;7;NA;NA;6;5;5;NA;NA;2021-11-01;2021;"2021-0352:33";1167;1;1,83007499855769;2,41503749927884;13;"Alexander Bublik";39;"Daniel Evans";1,83007499855769;2,41503749927884;-0,584962500721156;24,3;31,4;-7,1;196;175;21;0,75;0,4;0,75;0,4;0,35;5;12;2;9;3;3;3;3;0;0;0;1
"844858";"2021-0352";"Paris Masters";"Hard";"64";"Masters";34;101;"Tommy Paul";"R";185;"USA";24,4;123;"Jan Lennard Struff";"R";193;"GER";31,5;"6-3 6-4";3;"R64";75;6;0;61;35;26;15;10;1;2;6;4;57;35;23;11;9;4;7;53;1103;50;1156;6;6;NA;NA;NA;3;4;NA;NA;NA;2021-11-01;2021;"2021-0352:34";1168;1;1,2720795454368;1,35614381022528;101;"Tommy Paul";123;"Jan Lennard Struff";1,2720795454368;1,35614381022528;-0,0840642647884744;24,4;31,5;-7,1;185;193;-8;0,5;0,571428571428571;0,5;0,571428571428571;-0,0714285714285714;7;2;4;1;3;1;3;1;2;0;0;1
"844859";"2021-0352";"Paris Masters";"Hard";"64";"Masters";35;69;"Dominik Koepfer";"L";180;"GER";27,5;92;"Andy Murray";"R";190;"GBR";34,4;"6-4 5-7 7-6(9)";3;"R64";181;5;3;112;77;58;15;17;7;10;11;9;112;55;43;28;17;6;9;58;1015;144;476;6;5;7;NA;NA;4;7;6;NA;NA;2021-11-01;2021;"2021-0352:35";1169;1;1,14201900487243;-0,169925001442312;69;"Dominik Koepfer";92;"Andy Murray";1,14201900487243;-0,169925001442312;1,31194400631474;27,5;34,4;-6,9;180;190;-10;0,7;0,666666666666667;0,7;0,666666666666667;0,0333333333333333;9;10;6;7;3;3;3;3;0;0;0;1
"844861";"2021-0352";"Paris Masters";"Hard";"64";"Masters";37;33;"James Duckworth";"R";183;"AUS";29,7;6;"Roberto Bautista Agut";"R";183;"ESP";33,5;"6-4 5-7 7-6(4)";3;"R64";155;12;5;118;62;41;32;17;11;15;11;2;101;68;44;22;17;6;10;55;1076;20;2260;6;5;7;NA;NA;4;7;6;NA;NA;2021-11-01;2021;"2021-0352:37";1170;0;1,21864028647534;2,67807190511264;6;"Roberto Bautista Agut";33;"James Duckworth";2,67807190511264;1,21864028647534;1,4594316186373;33,5;29,7;3,8;183;183;0;0,733333333333333;0,6;0,6;0,733333333333333;-0,133333333333333;10;15;6;11;4;4;4;4;0;0;0;1
"844862";"2021-0352";"Paris Masters";"Hard";"64";"Masters";38;93;"Lorenzo Musetti";"R";185;"ITA";19,6;30;"Laslo Djere";"R";188;"SRB";26,4;"4-6 7-6(5) 6-4";3;"R64";155;3;1;112;68;48;23;16;3;6;7;5;98;56;42;21;16;2;5;67;958;51;1137;4;7;6;NA;NA;6;6;4;NA;NA;2021-11-01;2021;"2021-0352:38";1171;0;0,933910809542228;1,3275746580285;30;"Laslo Djere";93;"Lorenzo Musetti";1,3275746580285;0,933910809542228;0,393663848486277;26,4;19,6;6,8;188;185;3;0,5;0,4;0,4;0,5;-0,1;5;6;2;3;3;3;3;3;0;0;0;1
"844863";"2021-0352";"Paris Masters";"Hard";"64";"Masters";39;104;"Alexei Popyrin";"R";196;"AUS";22,2;26;"Alex De Minaur";"R";183;"AUS";22,7;"6-0 6-3";3;"R64";56;4;2;46;26;17;15;8;3;4;1;3;45;25;15;5;7;3;8;71;912;32;1676;6;6;NA;NA;NA;0;3;NA;NA;NA;2021-11-01;2021;"2021-0352:39";1172;0;0,850252880495318;2;26;"Alex De Minaur";104;"Alexei Popyrin";2;0,850252880495318;1,14974711950468;22,7;22,2;0,5;183;196;-13;0,75;0,375;0,375;0,75;-0,375;8;4;3;3;5;1;1;5;-4;0;0;1
"844864";"2021-0352";"Paris Masters";"Hard";"64";"Masters";40;44;"Taylor Fritz";"R";193;"USA";24;121;"Lorenzo Sonego";"R";191;"ITA";26,4;"3-6 6-2 6-3";3;"R64";110;5;1;78;52;41;16;13;2;3;7;2;74;43;28;18;13;2;5;26;1890;27;1860;3;6;6;NA;NA;6;2;3;NA;NA;2021-11-01;2021;"2021-0352:40";1173;1;2,29956028185891;2,24511249783653;44;"Taylor Fritz";121;"Lorenzo Sonego";2,29956028185891;2,24511249783653;0,0544477840223765;24;26,4;-2,4;193;191;2;0,666666666666667;0,4;0,666666666666667;0,4;0,266666666666667;5;3;2;2;3;1;3;1;2;0;0;1
"844865";"2021-0352";"Paris Masters";"Hard";"64";"Masters";41;99;"Reilly Opelka";"R";211;"USA";24,1;73;"Filip Krajinovic";"R";185;"SRB";29,6;"6-3 7-6(4)";3;"R64";79;19;2;60;33;28;21;11;0;0;4;3;63;38;32;11;10;1;2;25;1891;42;1402;6;7;NA;NA;NA;3;6;NA;NA;NA;2021-11-01;2021;"2021-0352:41";1174;0;2,35614381022528;1,60768257722124;73;"Filip Krajinovic";99;"Reilly Opelka";1,60768257722124;2,35614381022528;-0,748461233004036;29,6;24,1;5,5;185;211;-26;1,5;0,5;0,5;1,5;-1;2;0;1;0;1;0;0;1;-1;0;0;1
"844866";"2021-0352";"Paris Masters";"Hard";"64";"Masters";42;98;"Cameron Norrie";"L";188;"GBR";26,1;28;"Federico Delbonis";"L";190;"ARG";31;"6-2 6-1";3;"R64";72;3;2;49;36;30;4;8;1;1;0;1;48;25;12;10;7;5;9;13;2900;43;1370;6;6;NA;NA;NA;2;1;NA;NA;NA;2021-11-01;2021;"2021-0352:42";1175;0;3,29956028185891;1,5737352452979;28;"Federico Delbonis";98;"Cameron Norrie";1,5737352452979;3,29956028185891;-1,72582503656101;31;26,1;4,9;190;188;2;1;0,555555555555556;0,555555555555556;1;-0,444444444444444;9;1;5;1;4;0;0;4;-4;0;0;1
"844867";"2021-0352";"Paris Masters";"Hard";"64";"Masters";43;88;"Gael Monfils";"R";193;"FRA";35,1;66;"Miomir Kecmanovic";"R";183;"SRB";22,1;"4-6 7-5 6-3";3;"R64";129;14;6;86;49;43;20;16;2;3;0;0;100;69;46;20;15;2;4;22;2078;69;926;4;7;6;NA;NA;6;5;3;NA;NA;2021-11-01;2021;"2021-0352:43";1176;0;2,5405683813627;0,891475543221831;66;"Miomir Kecmanovic";88;"Gael Monfils";0,891475543221831;2,5405683813627;-1,64909283814087;22,1;35,1;-13;183;193;-10;0,666666666666667;0,5;0,5;0,666666666666667;-0,166666666666667;4;3;2;2;2;1;1;2;-1;0;0;1
"844868";"2021-0352";"Paris Masters";"Hard";"64";"Masters";44;82;"Adrian Mannarino";"L";183;"FRA";33,3;5;"Nikoloz Basilashvili";"R";185;"GEO";29,6;"6-2 6-4";3;"R64";75;3;0;49;28;23;9;9;3;5;3;1;52;30;13;11;9;1;6;59;1004;21;2101;6;6;NA;NA;NA;2;4;NA;NA;NA;2021-11-01;2021;"2021-0352:44";1177;0;1,11735695063816;2,60768257722124;5;"Nikoloz Basilashvili";82;"Adrian Mannarino";2,60768257722124;1,11735695063816;1,49032562658308;29,6;33,3;-3,7;185;183;2;0,6;0,166666666666667;0,166666666666667;0,6;-0,433333333333333;6;5;1;3;5;2;2;5;-3;0;0;1
"844869";"2021-0352";"Paris Masters";"Hard";"64";"Masters";45;45;"Marton Fucsovics";"R";188;"HUN";29,7;42;"Fabio Fognini";"R";178;"ITA";34,4;"6-1 6-7(6) 7-6(5)";3;"R64";164;9;7;102;59;46;18;16;0;4;1;4;114;67;42;19;15;10;16;40;1439;37;1484;6;6;7;NA;NA;1;7;6;NA;NA;2021-11-01;2021;"2021-0352:45";1178;0;1,67807190511264;1,79054663437105;42;"Fabio Fognini";45;"Marton Fucsovics";1,79054663437105;1,67807190511264;0,112474729258413;34,4;29,7;4,7;178;188;-10;0;0,625;0,625;0;0,625;16;4;10;0;6;4;4;6;-2;0;0;1
"844870";"2021-0352";"Paris Masters";"Hard";"64";"Masters";46;86;"Daniil Medvedev";"R";198;"RUS";25,7;61;"Ilya Ivashka";"R";193;"BLR";27,6;"7-5 6-4";3;"R32";90;3;5;62;39;29;12;11;1;3;3;1;62;41;25;11;11;4;8;2;9540;46;1253;7;6;NA;NA;NA;5;4;NA;NA;NA;2021-11-01;2021;"2021-0352:46";1179;0;6;1,47643804394299;61;"Ilya Ivashka";86;"Daniil Medvedev";1,47643804394299;6;-4,52356195605701;27,6;25,7;1,9;193;198;-5;0,333333333333333;0,5;0,5;0,333333333333333;0,166666666666667;8;3;4;1;4;2;2;4;-2;0;0;1
"844871";"2021-0352";"Paris Masters";"Hard";"64";"Masters";47;72;"Sebastian Korda";"R";196;"USA";21,3;19;"Marin Cilic";"R";198;"CRO";33;"6-2 6-4";3;"R32";71;5;1;43;27;24;12;9;0;0;5;3;54;24;18;14;9;0;3;39;1474;28;1755;6;6;NA;NA;NA;2;4;NA;NA;NA;2021-11-01;2021;"2021-0352:47";1180;0;1,71459778113775;2,1926450779424;19;"Marin Cilic";72;"Sebastian Korda";2,1926450779424;1,71459778113775;0,478047296804645;33;21,3;11,7;198;196;2;1,5;0;0;1,5;-1,5;3;0;0;0;3;0;0;3;-3;0;0;1
"844872";"2021-0352";"Paris Masters";"Hard";"64";"Masters";48;49;"Hugo Gaston";"L";173;"FRA";21;15;"Pablo Carreno Busta";"R";188;"ESP";30,3;"6-7(3) 6-4 7-5";3;"R32";155;3;4;100;56;33;22;17;1;6;4;6;104;71;47;13;17;10;17;103;722;17;2365;6;6;7;NA;NA;7;4;5;NA;NA;2021-11-01;2021;"2021-0352:48";1181;0;0,313499472816781;2,91253715874966;15;"Pablo Carreno Busta";49;"Hugo Gaston";2,91253715874966;0,313499472816781;2,59903768593288;30,3;21;9,3;188;173;15;0,166666666666667;0,588235294117647;0,588235294117647;0,166666666666667;0,42156862745098;17;6;10;1;7;5;5;7;-2;0;0;1
"844873";"2021-0352";"Paris Masters";"Hard";"64";"Masters";49;2;"Carlos Alcaraz";"R";185;"ESP";18,4;119;"Jannik Sinner";"R";188;"ITA";20,2;"7-6(1) 7-5";3;"R32";127;3;4;79;45;36;19;12;1;2;5;2;85;54;33;18;12;9;11;35;1529;9;3395;7;7;NA;NA;NA;6;5;NA;NA;NA;2021-11-01;2021;"2021-0352:49";1182;1;1,87071698305503;3,83007499855769;2;"Carlos Alcaraz";119;"Jannik Sinner";1,87071698305503;3,83007499855769;-1,95935801550265;18,4;20,2;-1,8;185;188;-3;0,5;0,818181818181818;0,5;0,818181818181818;-0,318181818181818;11;2;9;1;2;1;2;1;1;0;0;1
"844874";"2021-0352";"Paris Masters";"Hard";"64";"Masters";50;133;"Alexander Zverev";"R";198;"GER";24,5;80;"Dusan Lajovic";"R";180;"SRB";31,3;"6-3 7-6(5)";3;"R32";100;14;3;69;50;40;9;11;4;5;4;4;79;48;37;10;10;7;9;4;7180;34;1566;6;7;NA;NA;NA;3;6;NA;NA;NA;2021-11-01;2021;"2021-0352:50";1183;0;5;1,91253715874966;80;"Dusan Lajovic";133;"Alexander Zverev";1,91253715874966;5;-3,08746284125034;31,3;24,5;6,8;180;198;-18;0,8;0,777777777777778;0,777777777777778;0,8;-0,0222222222222223;9;5;7;4;2;1;1;2;-1;0;0;1
"844875";"2021-0352";"Paris Masters";"Hard";"64";"Masters";51;29;"Grigor Dimitrov";"R";188;"BUL";30,4;67;"Karen Khachanov";"R";198;"RUS";25,4;"4-6 6-2 6-0";3;"R32";115;6;0;72;52;40;11;12;2;3;10;5;89;55;39;10;12;9;14;30;1721;31;1706;4;6;6;NA;NA;6;2;0;NA;NA;2021-11-01;2021;"2021-0352:51";1184;1;2,09310940439148;2,04580368961313;29;"Grigor Dimitrov";67;"Karen Khachanov";2,09310940439148;2,04580368961313;0,0473057147783562;30,4;25,4;5;188;198;-10;0,666666666666667;0,642857142857143;0,666666666666667;0,642857142857143;0,0238095238095237;14;3;9;2;5;1;5;1;4;0;0;1
"844876";"2021-0352";"Paris Masters";"Hard";"64";"Masters";52;50;"Marcos Giron";"R";180;"USA";28,2;115;"Diego Schwartzman";"R";170;"ARG";29,2;"7-6(2) 7-6(4)";3;"R32";131;2;0;83;42;31;25;12;4;6;2;3;93;53;35;22;12;5;7;57;1034;15;2760;7;7;NA;NA;NA;6;6;NA;NA;NA;2021-11-01;2021;"2021-0352:52";1185;1;1,16710998583526;3,09310940439148;50;"Marcos Giron";115;"Diego Schwartzman";1,16710998583526;3,09310940439148;-1,92599941855622;28,2;29,2;-1;180;170;10;0,666666666666667;0,714285714285714;0,666666666666667;0,714285714285714;-0,0476190476190477;7;6;5;4;2;2;2;2;0;0;0;1
"844877";"2021-0352";"Paris Masters";"Hard";"64";"Masters";53;112;"Casper Ruud";"R";183;"NOR";22,8;13;"Alexander Bublik";"R";196;"KAZ";24,3;"6-4 6-0";3;"R32";77;2;2;51;26;18;14;8;4;6;6;10;69;36;25;5;8;10;16;8;3670;36;1516;6;6;NA;NA;NA;4;0;NA;NA;NA;2021-11-01;2021;"2021-0352:53";1186;0;4;1,83007499855769;13;"Alexander Bublik";112;"Casper Ruud";1,83007499855769;4;-2,16992500144231;24,3;22,8;1,5;196;183;13;0,666666666666667;0,625;0,625;0,666666666666667;-0,0416666666666666;16;6;10;4;6;2;2;6;-4;0;0;1
"844878";"2021-0352";"Paris Masters";"Hard";"64";"Masters";54;59;"Hubert Hurkacz";"R";196;"POL";24,7;101;"Tommy Paul";"R";185;"USA";24,4;"7-5 7-6(4)";3;"R32";107;13;4;74;49;35;13;12;4;7;4;3;85;45;31;17;12;5;9;10;3366;53;1103;7;7;NA;NA;NA;5;6;NA;NA;NA;2021-11-01;2021;"2021-0352:54";1187;1;3,67807190511264;1,2720795454368;59;"Hubert Hurkacz";101;"Tommy Paul";3,67807190511264;1,2720795454368;2,40599235967584;24,7;24,4;0,300000000000001;196;185;11;0,571428571428571;0,555555555555556;0,571428571428571;0,555555555555556;0,0158730158730158;9;7;5;4;4;3;4;3;1;0;0;1
"844879";"2021-0352";"Paris Masters";"Hard";"64";"Masters";55;69;"Dominik Koepfer";"L";180;"GER";27,5;4;"Felix Auger Aliassime";"R";193;"CAN";21,2;"6-3 7-5";3;"R32";98;3;2;68;48;32;13;10;2;3;10;8;68;37;28;11;11;4;8;58;1015;11;3263;6;7;NA;NA;NA;3;5;NA;NA;NA;2021-11-01;2021;"2021-0352:55";1188;0;1,14201900487243;3,5405683813627;4;"Felix Auger Aliassime";69;"Dominik Koepfer";3,5405683813627;1,14201900487243;2,39854937649027;21,2;27,5;-6,3;193;180;13;0,666666666666667;0,5;0,5;0,666666666666667;-0,166666666666667;8;3;4;2;4;1;1;4;-3;0;0;1
"844880";"2021-0352";"Paris Masters";"Hard";"64";"Masters";56;33;"James Duckworth";"R";183;"AUS";29,7;93;"Lorenzo Musetti";"R";185;"ITA";19,6;"6-3 3-6 6-3";3;"R32";124;11;0;83;45;38;20;14;2;3;9;1;104;56;37;25;13;8;10;55;1076;67;958;6;3;6;NA;NA;3;6;3;NA;NA;2021-11-01;2021;"2021-0352:56";1189;1;1,21864028647534;0,933910809542228;33;"James Duckworth";93;"Lorenzo Musetti";1,21864028647534;0,933910809542228;0,284729476933112;29,7;19,6;10,1;183;185;-2;0,666666666666667;0,8;0,666666666666667;0,8;-0,133333333333333;10;3;8;2;2;1;2;1;1;0;0;1
"844882";"2021-0352";"Paris Masters";"Hard";"64";"Masters";58;44;"Taylor Fritz";"R";193;"USA";24;110;"Andrey Rublev";"R";188;"RUS";24;"7-5 7-6(2)";3;"R32";79;12;1;75;49;39;18;12;1;1;8;0;60;40;32;14;12;0;1;26;1890;6;5150;7;7;NA;NA;NA;5;6;NA;NA;NA;2021-11-01;2021;"2021-0352:58";1190;1;2,29956028185891;4,41503749927884;44;"Taylor Fritz";110;"Andrey Rublev";2,29956028185891;4,41503749927884;-2,11547721741994;24;24;0;193;188;5;1;0;1;0;1;1;1;0;1;1;0;1;0;1;0;0;1
"844883";"2021-0352";"Paris Masters";"Hard";"64";"Masters";59;98;"Cameron Norrie";"L";188;"GBR";26,1;99;"Reilly Opelka";"R";211;"USA";24,1;"6-3 6-4";3;"R32";73;6;0;62;42;31;11;10;4;5;9;3;57;32;21;10;9;5;8;13;2900;25;1891;6;6;NA;NA;NA;3;4;NA;NA;NA;2021-11-01;2021;"2021-0352:59";1191;1;3,29956028185891;2,35614381022528;98;"Cameron Norrie";99;"Reilly Opelka";3,29956028185891;2,35614381022528;0,943416471633632;26,1;24,1;2;188;211;-23;0,8;0,625;0,8;0,625;0,175;8;5;5;4;3;1;3;1;2;0;0;1
"844884";"2021-0352";"Paris Masters";"Hard";"64";"Masters";60;88;"Gael Monfils";"R";193;"FRA";35,1;82;"Adrian Mannarino";"L";183;"FRA";33,3;"2-6 7-6(4) 6-2";3;"R32";146;9;3;90;56;37;19;14;4;8;1;4;92;47;31;24;14;2;6;22;2078;59;1004;2;7;6;NA;NA;6;6;2;NA;NA;2021-11-01;2021;"2021-0352:60";1192;0;2,5405683813627;1,11735695063816;82;"Adrian Mannarino";88;"Gael Monfils";1,11735695063816;2,5405683813627;-1,42321143072454;33,3;35,1;-1,8;183;193;-10;0,5;0,333333333333333;0,333333333333333;0,5;-0,166666666666667;6;8;2;4;4;4;4;4;0;0;0;1
"844885";"2021-0352";"Paris Masters";"Hard";"64";"Masters";61;31;"Novak Djokovic";"R";188;"SRB";34,4;45;"Marton Fucsovics";"R";188;"HUN";29,7;"6-2 4-6 6-3";3;"R32";120;3;0;78;53;41;14;14;0;2;8;6;90;54;38;13;13;7;11;1;10340;40;1439;6;4;6;NA;NA;2;6;3;NA;NA;2021-11-01;2021;"2021-0352:61";1193;1;7;1,67807190511264;31;"Novak Djokovic";45;"Marton Fucsovics";7;1,67807190511264;5,32192809488736;34,4;29,7;4,7;188;188;0;0;0,636363636363636;0;0,636363636363636;-0,636363636363636;11;2;7;0;4;2;4;2;2;0;0;1
"844886";"2021-0352";"Paris Masters";"Hard";"64";"Masters";62;86;"Daniil Medvedev";"R";198;"RUS";25,7;72;"Sebastian Korda";"R";196;"USA";21,3;"4-6 6-1 6-3";3;"R16";109;7;3;76;56;39;11;13;1;3;2;4;85;56;32;14;13;9;14;2;9540;39;1474;4;6;6;NA;NA;6;1;3;NA;NA;2021-11-01;2021;"2021-0352:62";1194;0;6;1,71459778113775;72;"Sebastian Korda";86;"Daniil Medvedev";1,71459778113775;6;-4,28540221886225;21,3;25,7;-4,4;196;198;-2;0,333333333333333;0,642857142857143;0,642857142857143;0,333333333333333;0,30952380952381;14;3;9;1;5;2;2;5;-3;0;0;1
"844887";"2021-0352";"Paris Masters";"Hard";"64";"Masters";63;49;"Hugo Gaston";"L";173;"FRA";21;2;"Carlos Alcaraz";"R";185;"ESP";18,4;"6-4 7-5";3;"R16";103;1;1;61;33;22;15;11;1;5;1;4;66;35;17;13;11;6;12;103;722;35;1529;6;7;NA;NA;NA;4;5;NA;NA;NA;2021-11-01;2021;"2021-0352:63";1195;0;0,313499472816781;1,87071698305503;2;"Carlos Alcaraz";49;"Hugo Gaston";1,87071698305503;0,313499472816781;1,55721751023825;18,4;21;-2,6;185;173;12;0,2;0,5;0,5;0,2;0,3;12;5;6;1;6;4;4;6;-2;0;0;1
"844888";"2021-0352";"Paris Masters";"Hard";"64";"Masters";64;133;"Alexander Zverev";"R";198;"GER";24,5;29;"Grigor Dimitrov";"R";188;"BUL";30,4;"7-6(4) 6-7(3) 6-3";3;"R16";165;17;5;114;79;58;19;16;9;10;7;2;97;68;52;17;17;5;8;4;7180;30;1721;7;6;6;NA;NA;6;7;3;NA;NA;2021-11-01;2021;"2021-0352:64";1196;0;5;2,09310940439148;29;"Grigor Dimitrov";133;"Alexander Zverev";2,09310940439148;5;-2,90689059560852;30,4;24,5;5,9;188;198;-10;0,9;0,625;0,625;0,9;-0,275;8;10;5;9;3;1;1;3;-2;0;0;1
"844889";"2021-0352";"Paris Masters";"Hard";"64";"Masters";65;112;"Casper Ruud";"R";183;"NOR";22,8;50;"Marcos Giron";"R";180;"USA";28,2;"6-2 6-1";3;"R16";67;5;1;45;29;24;10;8;0;0;2;0;51;23;14;10;7;3;7;8;3670;57;1034;6;6;NA;NA;NA;2;1;NA;NA;NA;2021-11-01;2021;"2021-0352:65";1197;0;4;1,16710998583526;50;"Marcos Giron";112;"Casper Ruud";1,16710998583526;4;-2,83289001416474;28,2;22,8;5,4;180;183;-3;1,5;0,428571428571429;0,428571428571429;1,5;-1,07142857142857;7;0;3;0;4;0;0;4;-4;0;0;1
"844890";"2021-0352";"Paris Masters";"Hard";"64";"Masters";66;59;"Hubert Hurkacz";"R";196;"POL";24,7;69;"Dominik Koepfer";"L";180;"GER";27,5;"4-6 7-5 6-2";3;"R16";126;18;2;89;57;41;18;15;6;9;3;2;100;74;43;13;15;8;13;10;3366;58;1015;4;7;6;NA;NA;6;5;2;NA;NA;2021-11-01;2021;"2021-0352:66";1198;1;3,67807190511264;1,14201900487243;59;"Hubert Hurkacz";69;"Dominik Koepfer";3,67807190511264;1,14201900487243;2,53605290024021;24,7;27,5;-2,8;196;180;16;0,666666666666667;0,615384615384615;0,666666666666667;0,615384615384615;0,0512820512820512;13;9;8;6;5;3;5;3;2;0;0;1
"844891";"2021-0352";"Paris Masters";"Hard";"64";"Masters";67;33;"James Duckworth";"R";183;"AUS";29,7;104;"Alexei Popyrin";"R";196;"AUS";22,2;"7-6(6) 6-4";3;"R16";106;4;1;76;41;29;18;11;1;4;6;3;84;43;33;13;11;8;12;55;1076;71;912;7;6;NA;NA;NA;6;4;NA;NA;NA;2021-11-01;2021;"2021-0352:67";1199;1;1,21864028647534;0,850252880495318;33;"James Duckworth";104;"Alexei Popyrin";1,21864028647534;0,850252880495318;0,368387405980022;29,7;22,2;7,5;183;196;-13;0,25;0,666666666666667;0,25;0,666666666666667;-0,416666666666667;12;4;8;1;4;3;4;3;1;0;0;1
"844892";"2021-0352";"Paris Masters";"Hard";"64";"Masters";68;44;"Taylor Fritz";"R";193;"USA";24;98;"Cameron Norrie";"L";188;"GBR";26,1;"6-3 7-6(3)";3;"R16";93;10;0;70;48;40;11;11;3;3;3;4;69;45;29;14;10;2;3;26;1890;13;2900;6;7;NA;NA;NA;3;6;NA;NA;NA;2021-11-01;2021;"2021-0352:68";1200;1;2,29956028185891;3,29956028185891;44;"Taylor Fritz";98;"Cameron Norrie";2,29956028185891;3,29956028185891;-1;24;26,1;-2,1;193;188;5;1;0,666666666666667;1;0,666666666666667;0,333333333333333;3;3;2;3;1;0;1;0;1;0;0;1
"844894";"2021-0352";"Paris Masters";"Hard";"64";"Masters";70;86;"Daniil Medvedev";"R";198;"RUS";25,7;49;"Hugo Gaston";"L";173;"FRA";21;"7-6(7) 6-4";3;"QF";105;13;2;76;55;39;10;11;1;3;1;3;79;48;33;13;11;3;6;2;9540;103;722;7;6;NA;NA;NA;6;4;NA;NA;NA;2021-11-01;2021;"2021-0352:70";1201;0;6;0,313499472816781;49;"Hugo Gaston";86;"Daniil Medvedev";0,313499472816781;6;-5,68650052718322;21;25,7;-4,7;173;198;-25;0,333333333333333;0,5;0,5;0,333333333333333;0,166666666666667;6;3;3;1;3;2;2;3;-1;0;0;1
"844895";"2021-0352";"Paris Masters";"Hard";"64";"Masters";71;133;"Alexander Zverev";"R";198;"GER";24,5;112;"Casper Ruud";"R";183;"NOR";22,8;"7-5 6-4";3;"QF";94;4;0;58;43;37;8;11;3;3;3;0;70;45;31;15;11;8;10;4;7180;8;3670;7;6;NA;NA;NA;5;4;NA;NA;NA;2021-11-01;2021;"2021-0352:71";1202;0;5;4;112;"Casper Ruud";133;"Alexander Zverev";4;5;-1;22,8;24,5;-1,7;183;198;-15;1;0,8;0,8;1;-0,2;10;3;8;3;2;0;0;2;-2;0;0;1
"844896";"2021-0352";"Paris Masters";"Hard";"64";"Masters";72;59;"Hubert Hurkacz";"R";196;"POL";24,7;33;"James Duckworth";"R";183;"AUS";29,7;"6-2 6-7(4) 7-5";3;"QF";132;17;0;86;55;46;20;16;2;3;7;1;109;61;41;29;16;8;12;10;3366;55;1076;6;6;7;NA;NA;2;7;5;NA;NA;2021-11-01;2021;"2021-0352:72";1203;0;3,67807190511264;1,21864028647534;33;"James Duckworth";59;"Hubert Hurkacz";1,21864028647534;3,67807190511264;-2,4594316186373;29,7;24,7;5;183;196;-13;0,666666666666667;0,666666666666667;0,666666666666667;0,666666666666667;0;12;3;8;2;4;1;1;4;-3;0;0;1
"844897";"2021-0352";"Paris Masters";"Hard";"64";"Masters";73;31;"Novak Djokovic";"R";188;"SRB";34,4;44;"Taylor Fritz";"R";193;"USA";24;"6-4 6-3";3;"QF";73;8;3;47;34;25;6;10;2;5;5;4;59;37;20;7;9;4;9;1;10340;26;1890;6;6;NA;NA;NA;4;3;NA;NA;NA;2021-11-01;2021;"2021-0352:73";1204;1;7;2,29956028185891;31;"Novak Djokovic";44;"Taylor Fritz";7;2,29956028185891;4,70043971814109;34,4;24;10,4;188;193;-5;0,4;0,444444444444444;0,4;0,444444444444444;-0,0444444444444444;9;5;4;2;5;3;5;3;2;0;0;1
"844898";"2021-0352";"Paris Masters";"Hard";"64";"Masters";74;86;"Daniil Medvedev";"R";198;"RUS";25,7;133;"Alexander Zverev";"R";198;"GER";24,5;"6-2 6-2";3;"SF";80;4;0;51;29;23;14;8;3;3;6;4;57;38;23;6;8;1;5;2;9540;4;7180;6;6;NA;NA;NA;2;2;NA;NA;NA;2021-11-01;2021;"2021-0352:74";1205;1;6;5;86;"Daniil Medvedev";133;"Alexander Zverev";6;5;1;25,7;24,5;1,2;198;198;0;1;0,2;1;0,2;0,8;5;3;1;3;4;0;4;0;4;0;0;1
"844899";"2021-0352";"Paris Masters";"Hard";"64";"Masters";75;31;"Novak Djokovic";"R";188;"SRB";34,4;59;"Hubert Hurkacz";"R";196;"POL";24,7;"3-6 6-0 7-6(5)";3;"SF";137;5;3;77;43;33;21;13;1;3;12;2;104;69;49;12;14;8;12;1;10340;10;3366;3;6;7;NA;NA;6;0;6;NA;NA;2021-11-01;2021;"2021-0352:75";1206;1;7;3,67807190511264;31;"Novak Djokovic";59;"Hubert Hurkacz";7;3,67807190511264;3,32192809488736;34,4;24,7;9,7;188;196;-8;0,333333333333333;0,666666666666667;0,333333333333333;0,666666666666667;-0,333333333333333;12;3;8;1;4;2;4;2;2;0;0;1
"844900";"2021-0352";"Paris Masters";"Hard";"64";"Masters";76;31;"Novak Djokovic";"R";188;"SRB";34,4;86;"Daniil Medvedev";"R";198;"RUS";25,7;"4-6 6-3 6-3";3;"F";135;6;2;86;57;45;9;14;7;10;7;3;88;51;30;18;14;1;6;1;10340;2;9540;4;6;6;NA;NA;6;3;3;NA;NA;2021-11-01;2021;"2021-0352:76";1207;1;7;6;31;"Novak Djokovic";86;"Daniil Medvedev";7;6;1;34,4;25,7;8,7;188;198;-10;0,7;0,166666666666667;0,7;0,166666666666667;0,533333333333333;6;10;1;7;5;3;5;3;2;0;0;1
"851618";"2022-0404";"Indian Wells Masters";"Hard";"128";"Masters";2;114;"Tennys Sandgren";"R";188;"USA";30,6;43;"Bjorn Fratangelo";"R";183;"USA";28,6;"4-6 6-4 6-2";3;"Q1";122;7;2;100;64;40;18;14;8;12;4;3;75;39;25;16;14;7;13;153;396;144;446;4;6;6;NA;NA;6;4;2;NA;NA;2022-03-07;2022;"2022-0404:2";1208;0;0,742612157307348;0,830074998557688;43;"Bjorn Fratangelo";114;"Tennys Sandgren";0,830074998557688;0,742612157307348;0,08746284125034;28,6;30,6;-2;183;188;-5;0,666666666666667;0,538461538461538;0,538461538461538;0,666666666666667;-0,128205128205128;13;12;7;8;6;4;4;6;-2;0;0;1
"851620";"2022-0404";"Indian Wells Masters";"Hard";"128";"Masters";4;38;"Christopher Eubanks";"R";201;"USA";25,8;81;"Feliciano Lopez";"L";188;"ESP";40,4;"4-6 6-3 7-5";3;"Q1";116;18;6;99;64;50;12;16;3;6;9;10;98;48;37;21;15;4;8;157;380;112;603;4;6;7;NA;NA;6;3;5;NA;NA;2022-03-07;2022;"2022-0404:4";1209;1;0,705379251108373;1,1926450779424;38;"Christopher Eubanks";81;"Feliciano Lopez";0,705379251108373;1,1926450779424;-0,487265826834023;25,8;40,4;-14,6;201;188;13;0,5;0,5;0,5;0,5;0;8;6;4;3;4;3;4;3;1;0;0;1
"851621";"2022-0404";"Indian Wells Masters";"Hard";"128";"Masters";5;111;"Holger Rune";"R";185;"DEN";18,8;74;"Mitchell Krueger";"R";188;"USA";28,1;"6-4 3-6 6-3";3;"Q1";115;7;8;71;41;35;14;14;1;4;0;3;93;50;31;25;14;8;12;86;750;164;365;6;3;6;NA;NA;4;6;3;NA;NA;2022-03-07;2022;"2022-0404:5";1210;0;1,5737352452979;0,642447995381916;74;"Mitchell Krueger";111;"Holger Rune";0,642447995381916;1,5737352452979;-0,931287249915986;28,1;18,8;9,3;188;185;3;0,25;0,666666666666667;0,666666666666667;0,25;0,416666666666667;12;4;8;1;4;3;3;4;-1;0;0;1
"851628";"2022-0404";"Indian Wells Masters";"Hard";"128";"Masters";12;76;"Mikhail Kukushkin";"R";183;"KAZ";34,1;116;"Andreas Seppi";"R";190;"ITA";38;"6-2 6-4";3;"Q1";96;2;1;48;28;25;13;9;1;1;3;6;81;37;29;15;9;6;9;154;386;122;542;6;6;NA;NA;NA;2;4;NA;NA;NA;2022-03-07;2022;"2022-0404:12";1211;1;0,733213459305099;1,06926266243711;76;"Mikhail Kukushkin";116;"Andreas Seppi";0,733213459305099;1,06926266243711;-0,336049203132014;34,1;38;-3,9;183;190;-7;1;0,666666666666667;1;0,666666666666667;0,333333333333333;9;1;6;1;3;0;3;0;3;0;0;1
"851629";"2022-0404";"Indian Wells Masters";"Hard";"128";"Masters";13;71;"Thanasi Kokkinakis";"R";196;"AUS";25,9;40;"Thomas Fabbiano";"R";173;"ITA";32,7;"6-3 6-4";3;"Q1";89;11;3;63;42;34;10;9;5;5;2;3;61;44;26;10;10;1;4;97;681;174;341;6;6;NA;NA;NA;3;4;NA;NA;NA;2022-03-07;2022;"2022-0404:13";1212;0;1,40008715781287;0,557056504151272;40;"Thomas Fabbiano";71;"Thanasi Kokkinakis";0,557056504151272;1,40008715781287;-0,8430306536616;32,7;25,9;6,8;173;196;-23;1;0,25;0,25;1;-0,75;4;5;1;5;3;0;0;3;-3;0;0;1
"851638";"2022-0404";"Indian Wells Masters";"Hard";"128";"Masters";22;131;"J J Wolf";"R";183;"USA";23,2;54;"Emilio Gomez";"R";185;"ECU";30,2;"6-1 6-3";3;"Q1";75;4;2;55;32;25;13;8;2;2;6;5;59;35;22;8;8;3;7;209;274;141;459;6;6;NA;NA;NA;1;3;NA;NA;NA;2022-03-07;2022;"2022-0404:22";1213;0;0,292640867919117;0,860448647601206;54;"Emilio Gomez";131;"J J Wolf";0,860448647601206;0,292640867919117;0,567807779682089;30,2;23,2;7;185;183;2;1;0,428571428571429;0,428571428571429;1;-0,571428571428571;7;2;3;2;4;0;0;4;-4;0;0;1
"851641";"2022-0404";"Indian Wells Masters";"Hard";"128";"Masters";25;114;"Tennys Sandgren";"R";188;"USA";30,6;87;"John Millman";"R";183;"AUS";32,7;"6-7(3) 7-6(8) 7-6(5)";3;"Q2";177;13;3;125;73;54;30;18;2;4;8;0;120;69;58;27;18;4;6;153;396;77;818;6;7;7;NA;NA;7;6;6;NA;NA;2022-03-07;2022;"2022-0404:25";1214;0;0,742612157307348;1,7332134593051;87;"John Millman";114;"Tennys Sandgren";1,7332134593051;0,742612157307348;0,990601301997751;32,7;30,6;2,1;183;188;-5;0,5;0,666666666666667;0,666666666666667;0,5;0,166666666666667;6;4;4;2;2;2;2;2;0;0;0;1
"851642";"2022-0404";"Indian Wells Masters";"Hard";"128";"Masters";26;38;"Christopher Eubanks";"R";201;"USA";25,8;122;"Joao Sousa";"R";185;"POR";32,9;"7-6(4) 7-6(4)";3;"Q2";101;13;3;74;44;36;20;12;4;5;4;6;85;52;39;18;12;0;1;157;380;85;762;7;7;NA;NA;NA;6;6;NA;NA;NA;2022-03-07;2022;"2022-0404:26";1215;1;0,705379251108373;1,5906090638623;38;"Christopher Eubanks";122;"Joao Sousa";0,705379251108373;1,5906090638623;-0,885229812753925;25,8;32,9;-7,1;201;185;16;0,8;0;0,8;0;0,8;1;5;0;4;1;1;1;1;0;0;0;1
"851646";"2022-0404";"Indian Wells Masters";"Hard";"128";"Masters";30;76;"Mikhail Kukushkin";"R";183;"KAZ";34,1;97;"Yoshihito Nishioka";"L";170;"JPN";26,4;"6-2 7-6(4)";3;"Q2";128;1;3;74;41;31;13;10;7;9;1;3;101;73;42;10;10;14;18;154;386;93;705;6;7;NA;NA;NA;2;6;NA;NA;NA;2022-03-07;2022;"2022-0404:30";1216;1;0,733213459305099;1,46084118889197;76;"Mikhail Kukushkin";97;"Yoshihito Nishioka";0,733213459305099;1,46084118889197;-0,72762772958687;34,1;26,4;7,7;183;170;13;0,777777777777778;0,777777777777778;0,777777777777778;0,777777777777778;0;18;9;14;7;4;2;4;2;2;0;0;1
"851647";"2022-0404";"Indian Wells Masters";"Hard";"128";"Masters";31;71;"Thanasi Kokkinakis";"R";196;"AUS";25,9;105;"Vasek Pospisil";"R";193;"CAN";31,7;"7-6(5) 7-5";3;"Q2";132;12;3;69;45;37;14;12;1;3;6;5;110;59;38;26;12;9;12;97;681;129;501;7;7;NA;NA;NA;6;5;NA;NA;NA;2022-03-07;2022;"2022-0404:31";1217;1;1,40008715781287;0,988772744576746;71;"Thanasi Kokkinakis";105;"Vasek Pospisil";1,40008715781287;0,988772744576746;0,411314413236126;25,9;31,7;-5,8;196;193;3;0,333333333333333;0,75;0,333333333333333;0,75;-0,416666666666667;12;3;9;1;3;2;3;2;1;0;0;1
"851650";"2022-0404";"Indian Wells Masters";"Hard";"128";"Masters";34;70;"Philipp Kohlschreiber";"R";178;"GER";38,3;75;"Denis Kudla";"R";180;"USA";29,5;"0-6 6-3 6-3";3;"Q2";114;5;2;87;51;31;15;12;8;13;2;3;80;49;26;14;12;5;10;136;478;102;644;0;6;6;NA;NA;6;3;3;NA;NA;2022-03-07;2022;"2022-0404:34";1218;1;0,912537158749661;1,3275746580285;70;"Philipp Kohlschreiber";75;"Denis Kudla";0,912537158749661;1,3275746580285;-0,415037499278844;38,3;29,5;8,8;178;180;-2;0,615384615384615;0,5;0,615384615384615;0,5;0,115384615384615;10;13;5;8;5;5;5;5;0;0;0;1
"851651";"2022-0404";"Indian Wells Masters";"Hard";"128";"Masters";35;131;"J J Wolf";"R";183;"USA";23,2;46;"Daniel Elahi Galan";"R";191;"COL";25,7;"7-6(3) 6-2";3;"Q2";103;6;2;81;38;27;23;10;4;6;1;0;63;53;31;4;10;2;6;209;274;103;636;7;6;NA;NA;NA;6;2;NA;NA;NA;2022-03-07;2022;"2022-0404:35";1219;0;0,292640867919117;1,31349947281678;46;"Daniel Elahi Galan";131;"J J Wolf";1,31349947281678;0,292640867919117;1,02085860489766;25,7;23,2;2,5;191;183;8;0,666666666666667;0,333333333333333;0,333333333333333;0,666666666666667;-0,333333333333333;6;6;2;4;4;2;2;4;-2;0;0;1
"851654";"2022-0404";"Indian Wells Masters";"Hard";"128";"Masters";38;73;"Filip Krajinovic";"R";185;"SRB";30;80;"Dusan Lajovic";"R";180;"SRB";31,6;"7-5 4-6 6-1";3;"R128";121;6;1;91;56;40;21;15;5;7;5;2;76;53;33;14;14;2;6;40;1212;44;1126;7;4;6;NA;NA;5;6;1;NA;NA;2022-03-07;2022;"2022-0404:38";1220;1;2,67807190511264;2,5405683813627;73;"Filip Krajinovic";80;"Dusan Lajovic";2,67807190511264;2,5405683813627;0,137503523749935;30;31,6;-1,6;185;180;5;0,714285714285714;0,333333333333333;0,714285714285714;0,333333333333333;0,380952380952381;6;7;2;5;4;2;4;2;2;0;0;1
"851655";"2022-0404";"Indian Wells Masters";"Hard";"128";"Masters";39;85;"Mackenzie Mcdonald";"R";178;"USA";26,8;45;"Marton Fucsovics";"R";188;"HUN";30;"7-6(11) 7-5";3;"R128";142;3;3;105;63;47;23;12;10;11;1;4;77;49;39;13;12;0;2;59;976;48;1082;7;7;NA;NA;NA;6;5;NA;NA;NA;2022-03-07;2022;"2022-0404:39";1221;0;2,11735695063816;2,41503749927884;45;"Marton Fucsovics";85;"Mackenzie Mcdonald";2,41503749927884;2,11735695063816;0,297680548640685;30;26,8;3,2;188;178;10;0,909090909090909;0;0;0,909090909090909;-0,909090909090909;2;11;0;10;2;1;1;2;-1;0;0;1
"851656";"2022-0404";"Indian Wells Masters";"Hard";"128";"Masters";40;131;"J J Wolf";"R";183;"USA";23,2;49;"Hugo Gaston";"L";173;"FRA";21,4;"7-5 6-4";3;"R128";92;7;4;63;36;26;14;11;1;3;3;5;83;45;32;12;11;9;13;209;274;68;887;7;6;NA;NA;NA;5;4;NA;NA;NA;2022-03-07;2022;"2022-0404:40";1222;0;0,292640867919117;1,91253715874966;49;"Hugo Gaston";131;"J J Wolf";1,91253715874966;0,292640867919117;1,61989629083054;21,4;23,2;-1,8;173;183;-10;0,333333333333333;0,692307692307692;0,692307692307692;0,333333333333333;0,358974358974359;13;3;9;1;4;2;2;4;-2;0;0;1
"851657";"2022-0404";"Indian Wells Masters";"Hard";"128";"Masters";41;83;"Pedro Martinez";"R";185;"ESP";24,8;122;"Joao Sousa";"R";185;"POR";32,9;"6-4 7-5";3;"R128";128;3;4;86;52;31;19;11;7;10;2;3;84;45;28;16;11;6;11;49;1072;85;762;6;7;NA;NA;NA;4;5;NA;NA;NA;2022-03-07;2022;"2022-0404:41";1223;1;2,38529015588479;1,5906090638623;83;"Pedro Martinez";122;"Joao Sousa";2,38529015588479;1,5906090638623;0,794681092022493;24,8;32,9;-8,1;185;185;0;0,7;0,545454545454545;0,7;0,545454545454545;0,154545454545455;11;10;6;7;5;3;5;3;2;0;0;1
"851659";"2022-0404";"Indian Wells Masters";"Hard";"128";"Masters";43;12;"Jenson Brooksby";"R";188;"USA";21,3;14;"Roberto Carballes Baena";"R";183;"ESP";28,9;"6-1 6-4";3;"R128";87;1;1;42;26;18;14;9;0;1;0;0;60;39;21;8;8;5;9;43;1153;73;836;6;6;NA;NA;NA;1;4;NA;NA;NA;2022-03-07;2022;"2022-0404:43";1224;1;2,5737352452979;1,81017544111998;12;"Jenson Brooksby";14;"Roberto Carballes Baena";2,5737352452979;1,81017544111998;0,76355980417792;21,3;28,9;-7,6;188;183;5;0;0,555555555555556;0;0,555555555555556;-0,555555555555556;9;1;5;0;4;1;4;1;3;0;0;1
"851661";"2022-0404";"Indian Wells Masters";"Hard";"128";"Masters";45;72;"Sebastian Korda";"R";196;"USA";21,6;71;"Thanasi Kokkinakis";"R";196;"AUS";25,9;"6-3 6-4";3;"R128";89;2;3;60;39;29;9;10;4;6;0;3;55;33;21;7;9;4;8;38;1289;97;681;6;6;NA;NA;NA;3;4;NA;NA;NA;2022-03-07;2022;"2022-0404:45";1225;0;2,75207248655641;1,40008715781287;71;"Thanasi Kokkinakis";72;"Sebastian Korda";1,40008715781287;2,75207248655641;-1,35198532874354;25,9;21,6;4,3;196;196;0;0,666666666666667;0,5;0,5;0,666666666666667;-0,166666666666667;8;6;4;4;4;2;2;4;-2;0;0;1
"851663";"2022-0404";"Indian Wells Masters";"Hard";"128";"Masters";47;93;"Lorenzo Musetti";"R";185;"ITA";20;50;"Marcos Giron";"R";180;"USA";28,6;"6-3 7-5";3;"R128";99;2;1;57;38;30;12;11;0;1;1;1;71;39;25;16;10;10;13;56;1000;55;1001;6;7;NA;NA;NA;3;5;NA;NA;NA;2022-03-07;2022;"2022-0404:47";1226;0;2,1926450779424;2,21864028647534;50;"Marcos Giron";93;"Lorenzo Musetti";2,21864028647534;2,1926450779424;0,0259952085329438;28,6;20;8,6;180;185;-5;0;0,769230769230769;0,769230769230769;0;0,769230769230769;13;1;10;0;3;1;1;3;-2;0;0;1
"851664";"2022-0404";"Indian Wells Masters";"Hard";"128";"Masters";48;25;"Alejandro Davidovich Fokina";"R";183;"ESP";22,7;22;"Borna Coric";"R";188;"CRO";25,3;"6-7(5) 6-0 7-5";3;"R128";143;4;4;92;59;40;19;15;4;7;7;3;102;67;40;14;15;10;17;45;1115;167;349;6;6;7;NA;NA;7;0;5;NA;NA;2022-03-07;2022;"2022-0404:48";1227;0;2,50814690367033;0,616295707525948;22;"Borna Coric";25;"Alejandro Davidovich Fokina";0,616295707525948;2,50814690367033;-1,89185119614438;25,3;22,7;2,6;188;183;5;0,571428571428571;0,588235294117647;0,588235294117647;0,571428571428571;0,0168067226890757;17;7;10;4;7;3;3;7;-4;0;0;1
"851665";"2022-0404";"Indian Wells Masters";"Hard";"128";"Masters";49;30;"Laslo Djere";"R";188;"SRB";26,7;77;"Soon Woo Kwon";"R";180;"KOR";24,2;"2-6 6-3 6-4";3;"R128";120;3;4;79;48;35;13;14;2;6;2;3;92;54;36;16;13;7;11;52;1041;64;906;2;6;6;NA;NA;6;3;4;NA;NA;2022-03-07;2022;"2022-0404:49";1228;1;2,29956028185891;2;30;"Laslo Djere";77;"Soon Woo Kwon";2,29956028185891;2;0,299560281858908;26,7;24,2;2,5;188;180;8;0,333333333333333;0,636363636363636;0,333333333333333;0,636363636363636;-0,303030303030303;11;6;7;2;4;4;4;4;0;0;0;1
"851668";"2022-0404";"Indian Wells Masters";"Hard";"128";"Masters";52;38;"Christopher Eubanks";"R";201;"USA";25,8;23;"Maxime Cressy";"R";198;"USA";24,8;"5-7 7-6(8) 6-4";3;"R128";152;11;4;110;66;53;24;17;4;5;15;5;97;62;49;24;17;2;3;157;380;72;852;5;7;6;NA;NA;7;6;4;NA;NA;2022-03-07;2022;"2022-0404:52";1229;0;0,705379251108373;1,83007499855769;23;"Maxime Cressy";38;"Christopher Eubanks";1,83007499855769;0,705379251108373;1,12469574744931;24,8;25,8;-1;198;201;-3;0,8;0,666666666666667;0,666666666666667;0,8;-0,133333333333333;3;5;2;4;1;1;1;1;0;0;0;1
"851669";"2022-0404";"Indian Wells Masters";"Hard";"128";"Masters";53;111;"Holger Rune";"R";185;"DEN";18,8;58;"Ugo Humbert";"L";188;"FRA";23,6;"6-3 6-2";3;"R128";60;0;2;41;24;20;12;8;0;0;3;1;51;29;19;9;9;2;6;86;750;42;1178;6;6;NA;NA;NA;3;2;NA;NA;NA;2022-03-07;2022;"2022-0404:53";1230;0;1,5737352452979;2,60768257722124;58;"Ugo Humbert";111;"Holger Rune";2,60768257722124;1,5737352452979;1,03394733192334;23,6;18,8;4,8;188;185;3;1,5;0,333333333333333;0,333333333333333;1,5;-1,16666666666667;6;0;2;0;4;0;0;4;-4;0;0;1
"851671";"2022-0404";"Indian Wells Masters";"Hard";"128";"Masters";55;66;"Miomir Kecmanovic";"R";183;"SRB";22,5;11;"Liam Broady";"L";183;"GBR";28,1;"6-4 4-6 6-4";3;"R128";133;5;4;90;55;45;16;15;5;7;3;0;91;47;33;24;15;3;6;61;921;124;528;6;4;6;NA;NA;4;6;4;NA;NA;2022-03-07;2022;"2022-0404:55";1231;0;2,06926266243711;1,04580368961313;11;"Liam Broady";66;"Miomir Kecmanovic";1,04580368961313;2,06926266243711;-1,02345897282399;28,1;22,5;5,6;183;183;0;0,714285714285714;0,5;0,5;0,714285714285714;-0,214285714285714;6;7;3;5;3;2;2;3;-1;0;0;1
"851672";"2022-0404";"Indian Wells Masters";"Hard";"128";"Masters";56;128;"Botic Van De Zandschulp";"R";188;"NED";26,4;114;"Tennys Sandgren";"R";188;"USA";30,6;"6-4 6-2";3;"R128";76;3;1;55;36;29;10;9;4;4;2;4;50;26;17;13;9;2;5;47;1096;153;396;6;6;NA;NA;NA;4;2;NA;NA;NA;2022-03-07;2022;"2022-0404:56";1232;0;2,44541114832236;0,742612157307348;114;"Tennys Sandgren";128;"Botic Van De Zandschulp";0,742612157307348;2,44541114832236;-1,70279899101501;30,6;26,4;4,2;188;188;0;1;0,4;0,4;1;-0,6;5;4;2;4;3;0;0;3;-3;0;0;1
"851675";"2022-0404";"Indian Wells Masters";"Hard";"128";"Masters";59;87;"John Millman";"R";183;"AUS";32,7;123;"Jan Lennard Struff";"R";193;"GER";31,8;"7-6(6) 6-4";3;"R128";93;5;2;72;49;37;13;11;5;6;16;3;79;46;34;15;11;6;8;77;818;58;984;7;6;NA;NA;NA;6;4;NA;NA;NA;2022-03-07;2022;"2022-0404:59";1233;1;1,7332134593051;2,14201900487243;87;"John Millman";123;"Jan Lennard Struff";1,7332134593051;2,14201900487243;-0,408805545567329;32,7;31,8;0,900000000000002;183;193;-10;0,833333333333333;0,75;0,833333333333333;0,75;0,0833333333333334;8;6;6;5;2;1;2;1;1;0;0;1
"851676";"2022-0404";"Indian Wells Masters";"Hard";"128";"Masters";60;101;"Tommy Paul";"R";185;"USA";24,8;76;"Mikhail Kukushkin";"R";183;"KAZ";34,1;"6-4 6-4";3;"R128";90;4;1;65;36;29;14;10;2;3;1;0;61;38;22;14;10;9;12;39;1252;154;386;6;6;NA;NA;NA;4;4;NA;NA;NA;2022-03-07;2022;"2022-0404:60";1234;0;2,71459778113775;0,733213459305099;76;"Mikhail Kukushkin";101;"Tommy Paul";0,733213459305099;2,71459778113775;-1,98138432183265;34,1;24,8;9,3;183;185;-2;0,666666666666667;0,75;0,75;0,666666666666667;0,0833333333333334;12;3;9;2;3;1;1;3;-2;0;0;1
"851677";"2022-0404";"Indian Wells Masters";"Hard";"128";"Masters";61;69;"Dominik Koepfer";"L";180;"GER";27,8;100;"Benoit Paire";"R";196;"FRA";32,8;"2-6 7-5 6-4";3;"R128";141;3;3;106;70;41;19;15;14;20;8;15;110;47;37;24;15;4;10;51;1054;53;1040;2;7;6;NA;NA;6;5;4;NA;NA;2022-03-07;2022;"2022-0404:61";1235;1;2,3275746580285;2,2720795454368;69;"Dominik Koepfer";100;"Benoit Paire";2,3275746580285;2,2720795454368;0,0554951125917036;27,8;32,8;-5;180;196;-16;0,7;0,4;0,7;0,4;0,3;10;20;4;14;6;6;6;6;0;0;0;1
"851678";"2022-0404";"Indian Wells Masters";"Hard";"128";"Masters";62;95;"Brandon Nakashima";"R";185;"USA";20,5;82;"Adrian Mannarino";"L";183;"FRA";33,6;"6-2 7-6(4)";3;"R128";99;4;0;61;38;32;8;10;1;3;4;6;68;39;25;12;10;4;8;80;793;66;904;6;7;NA;NA;NA;2;6;NA;NA;NA;2022-03-07;2022;"2022-0404:62";1236;0;1,67807190511264;1,95560588064155;82;"Adrian Mannarino";95;"Brandon Nakashima";1,95560588064155;1,67807190511264;0,277533975528909;33,6;20,5;13,1;183;185;-2;0,333333333333333;0,5;0,5;0,333333333333333;0,166666666666667;8;3;4;1;4;2;2;4;-2;0;0;1
"851681";"2022-0404";"Indian Wells Masters";"Hard";"128";"Masters";65;113;"Emil Ruusuvuori";"R";188;"FIN";22,9;70;"Philipp Kohlschreiber";"R";178;"GER";38,3;"6-3 6-3";3;"R128";85;0;1;54;36;24;9;9;2;4;1;2;57;33;19;9;9;7;12;70;876;136;478;6;6;NA;NA;NA;3;3;NA;NA;NA;2022-03-07;2022;"2022-0404:65";1237;0;1,87071698305503;0,912537158749661;70;"Philipp Kohlschreiber";113;"Emil Ruusuvuori";0,912537158749661;1,87071698305503;-0,958179824305373;38,3;22,9;15,4;178;188;-10;0,5;0,583333333333333;0,583333333333333;0,5;0,0833333333333334;12;4;7;2;5;2;2;5;-3;0;0;1
"851683";"2022-0404";"Indian Wells Masters";"Hard";"128";"Masters";67;92;"Andy Murray";"R";190;"GBR";34,8;24;"Taro Daniel";"R";191;"JPN";29,1;"1-6 6-2 6-4";3;"R128";118;2;2;63;40;25;8;12;1;5;3;1;71;45;34;8;13;7;12;88;733;106;625;1;6;6;NA;NA;6;2;4;NA;NA;2022-03-07;2022;"2022-0404:67";1238;0;1,5405683813627;1,2720795454368;24;"Taro Daniel";92;"Andy Murray";1,2720795454368;1,5405683813627;-0,268488835925901;29,1;34,8;-5,7;191;190;1;0,2;0,583333333333333;0,583333333333333;0,2;0,383333333333333;12;5;7;1;5;4;4;5;-1;0;0;1
"851684";"2022-0404";"Indian Wells Masters";"Hard";"128";"Masters";68;125;"Jordan Thompson";"R";183;"AUS";27,8;51;"David Goffin";"R";180;"BEL";31,2;"4-6 7-5 7-6(3)";3;"R128";164;10;5;105;56;42;23;17;8;12;4;3;113;60;43;26;17;6;10;78;800;71;861;4;7;7;NA;NA;6;5;6;NA;NA;2022-03-07;2022;"2022-0404:68";1239;0;1,71459778113775;1,85025288049532;51;"David Goffin";125;"Jordan Thompson";1,85025288049532;1,71459778113775;0,135655099357566;31,2;27,8;3,4;180;183;-3;0,666666666666667;0,6;0,6;0,666666666666667;-0,0666666666666667;10;12;6;8;4;4;4;4;0;0;0;1
"851686";"2022-0404";"Indian Wells Masters";"Hard";"128";"Masters";70;88;"Gael Monfils";"R";193;"FRA";35,5;73;"Filip Krajinovic";"R";185;"SRB";30;"6-3 6-4";3;"R64";68;13;4;60;29;26;18;10;1;1;3;0;46;27;21;11;9;2;4;28;1633;40;1212;6;6;NA;NA;NA;3;4;NA;NA;NA;2022-03-07;2022;"2022-0404:70";1240;0;3,1926450779424;2,67807190511264;73;"Filip Krajinovic";88;"Gael Monfils";2,67807190511264;3,1926450779424;-0,514573172829759;30;35,5;-5,5;185;193;-8;1;0,5;0,5;1;-0,5;4;1;2;1;2;0;0;2;-2;0;0;1
"851687";"2022-0404";"Indian Wells Masters";"Hard";"128";"Masters";71;2;"Carlos Alcaraz";"R";185;"ESP";18,8;85;"Mackenzie Mcdonald";"R";178;"USA";26,8;"6-3 6-3";3;"R64";95;0;3;57;33;21;14;9;4;6;1;4;63;40;20;11;9;4;9;19;2056;59;976;6;6;NA;NA;NA;3;3;NA;NA;NA;2022-03-07;2022;"2022-0404:71";1241;1;3,75207248655641;2,11735695063816;2;"Carlos Alcaraz";85;"Mackenzie Mcdonald";3,75207248655641;2,11735695063816;1,63471553591826;18,8;26,8;-8;185;178;7;0,666666666666667;0,444444444444444;0,666666666666667;0,444444444444444;0,222222222222222;9;6;4;4;5;2;5;2;3;0;0;1
"851688";"2022-0404";"Indian Wells Masters";"Hard";"128";"Masters";72;6;"Roberto Bautista Agut";"R";183;"ESP";33,8;131;"J J Wolf";"R";183;"USA";23,2;"6-3 6-7(3) 7-6(5)";3;"R64";197;9;3;107;57;43;28;17;5;8;16;5;156;91;64;26;16;14;18;15;2480;209;274;6;6;7;NA;NA;3;7;6;NA;NA;2022-03-07;2022;"2022-0404:72";1242;1;4,09310940439148;0,292640867919117;6;"Roberto Bautista Agut";131;"J J Wolf";4,09310940439148;0,292640867919117;3,80046853647236;33,8;23,2;10,6;183;183;0;0,625;0,777777777777778;0,625;0,777777777777778;-0,152777777777778;18;8;14;5;4;3;4;3;1;0;0;1
"851689";"2022-0404";"Indian Wells Masters";"Hard";"128";"Masters";73;98;"Cameron Norrie";"L";188;"GBR";26,5;83;"Pedro Martinez";"R";185;"ESP";24,8;"6-3 6-3";3;"R64";89;3;0;55;35;26;12;9;3;4;3;4;61;38;22;11;9;4;8;12;3305;49;1072;6;6;NA;NA;NA;3;3;NA;NA;NA;2022-03-07;2022;"2022-0404:73";1243;0;4,41503749927884;2,38529015588479;83;"Pedro Martinez";98;"Cameron Norrie";2,38529015588479;4,41503749927884;-2,02974734339405;24,8;26,5;-1,7;185;188;-3;0,75;0,5;0,5;0,75;-0,25;8;4;4;3;4;1;1;4;-3;0;0;1
"851691";"2022-0404";"Indian Wells Masters";"Hard";"128";"Masters";75;12;"Jenson Brooksby";"R";188;"USA";21,3;67;"Karen Khachanov";"R";198;"RUS";25,7;"6-0 6-3";3;"R64";78;5;3;55;32;24;13;8;4;4;2;2;46;21;14;8;7;5;9;43;1153;26;1680;6;6;NA;NA;NA;0;3;NA;NA;NA;2022-03-07;2022;"2022-0404:75";1244;1;2,5737352452979;3,29956028185891;12;"Jenson Brooksby";67;"Karen Khachanov";2,5737352452979;3,29956028185891;-0,725825036561006;21,3;25,7;-4,4;188;198;-10;1;0,555555555555556;1;0,555555555555556;0,444444444444444;9;4;5;4;4;0;4;0;4;0;0;1
"851692";"2022-0404";"Indian Wells Masters";"Hard";"128";"Masters";76;127;"Stefanos Tsitsipas";"R";193;"GRE";23,5;120;"Jack Sock";"R";185;"USA";29,4;"7-6(5) 3-6 7-6(5)";3;"R64";154;8;2;95;64;53;20;16;2;3;6;3;115;68;50;32;17;5;5;5;6325;147;429;7;3;7;NA;NA;6;6;6;NA;NA;2022-03-07;2022;"2022-0404:76";1245;0;5,67807190511264;0,800327655163636;120;"Jack Sock";127;"Stefanos Tsitsipas";0,800327655163636;5,67807190511264;-4,877744249949;29,4;23,5;5,9;185;193;-8;0,666666666666667;1;1;0,666666666666667;0,333333333333333;5;3;5;2;0;1;1;0;1;0;0;1
"851693";"2022-0404";"Indian Wells Masters";"Hard";"128";"Masters";77;94;"Rafael Nadal";"L";185;"ESP";35,7;72;"Sebastian Korda";"R";196;"USA";21,6;"6-2 1-6 7-6(3)";3;"R64";149;5;8;98;61;37;19;13;7;11;3;2;87;45;28;20;14;2;6;4;6515;38;1289;6;1;7;NA;NA;2;6;6;NA;NA;2022-03-07;2022;"2022-0404:77";1246;0;6;2,75207248655641;72;"Sebastian Korda";94;"Rafael Nadal";2,75207248655641;6;-3,24792751344359;21,6;35,7;-14,1;196;185;11;0,636363636363636;0,333333333333333;0,333333333333333;0,636363636363636;-0,303030303030303;6;11;2;7;4;4;4;4;0;0;0;1
"851694";"2022-0404";"Indian Wells Masters";"Hard";"128";"Masters";78;39;"Daniel Evans";"R";175;"GBR";31,7;21;"Federico Coria";"R";180;"ARG";29,9;"6-2 6-0";3;"R64";67;3;1;40;17;11;17;7;1;2;3;1;48;29;11;8;7;2;8;29;1542;65;906;6;6;NA;NA;NA;2;0;NA;NA;NA;2022-03-07;2022;"2022-0404:78";1247;0;3,14201900487243;1,97763218697155;21;"Federico Coria";39;"Daniel Evans";1,97763218697155;3,14201900487243;-1,16438681790088;29,9;31,7;-1,8;180;175;5;0,5;0,25;0,25;0,5;-0,25;8;2;2;1;6;1;1;6;-5;0;0;1
"851695";"2022-0404";"Indian Wells Masters";"Hard";"128";"Masters";79;99;"Reilly Opelka";"R";211;"USA";24,5;93;"Lorenzo Musetti";"R";185;"ITA";20;"6-1 6-4";3;"R64";66;9;2;47;27;22;15;9;0;0;2;4;50;30;20;8;8;3;6;17;2156;56;1000;6;6;NA;NA;NA;1;4;NA;NA;NA;2022-03-07;2022;"2022-0404:79";1248;0;3,91253715874966;2,1926450779424;93;"Lorenzo Musetti";99;"Reilly Opelka";2,1926450779424;3,91253715874966;-1,71989208080726;20;24,5;-4,5;185;211;-26;1,5;0,5;0,5;1,5;-1;6;0;3;0;3;0;0;3;-3;0;0;1
"851696";"2022-0404";"Indian Wells Masters";"Hard";"128";"Masters";80;117;"Denis Shapovalov";"L";185;"CAN";22,8;25;"Alejandro Davidovich Fokina";"R";183;"ESP";22,7;"4-6 6-4 6-2";3;"R64";154;7;9;96;59;43;16;14;11;14;0;4;106;65;39;21;14;9;14;13;3020;45;1115;4;6;6;NA;NA;6;4;2;NA;NA;2022-03-07;2022;"2022-0404:80";1249;0;4,29956028185891;2,50814690367033;25;"Alejandro Davidovich Fokina";117;"Denis Shapovalov";2,50814690367033;4,29956028185891;-1,79141337818858;22,7;22,8;-0,100000000000001;183;185;-2;0,785714285714286;0,642857142857143;0,642857142857143;0,785714285714286;-0,142857142857143;14;14;9;11;5;3;3;5;-2;0;0;1
"851697";"2022-0404";"Indian Wells Masters";"Hard";"128";"Masters";81;119;"Jannik Sinner";"R";188;"ITA";20,5;30;"Laslo Djere";"R";188;"SRB";26,7;"6-3 6-3";3;"R64";88;2;3;55;25;19;19;9;5;6;4;2;67;42;26;10;9;5;9;10;3495;52;1041;6;6;NA;NA;NA;3;3;NA;NA;NA;2022-03-07;2022;"2022-0404:81";1250;0;4,67807190511264;2,29956028185891;30;"Laslo Djere";119;"Jannik Sinner";2,29956028185891;4,67807190511264;-2,37851162325373;26,7;20,5;6,2;188;188;0;0,833333333333333;0,555555555555556;0,555555555555556;0,833333333333333;-0,277777777777778;9;6;5;5;4;1;1;4;-3;0;0;1
"851698";"2022-0404";"Indian Wells Masters";"Hard";"128";"Masters";82;10;"Benjamin Bonzi";"R";185;"FRA";25,7;121;"Lorenzo Sonego";"R";191;"ITA";26,8;"6-3 6-4";3;"R64";97;1;1;53;29;22;16;10;1;2;8;4;71;47;30;10;9;7;10;62;909;21;1937;6;6;NA;NA;NA;3;4;NA;NA;NA;2022-03-07;2022;"2022-0404:82";1251;1;2,04580368961313;3,60768257722124;10;"Benjamin Bonzi";121;"Lorenzo Sonego";2,04580368961313;3,60768257722124;-1,56187888760811;25,7;26,8;-1,1;185;191;-6;0,5;0,7;0,5;0,7;-0,2;10;2;7;1;3;1;3;1;2;0;0;1
"851699";"2022-0404";"Indian Wells Masters";"Hard";"128";"Masters";83;78;"Nick Kyrgios";"R";193;"AUS";26,8;28;"Federico Delbonis";"L";190;"ARG";31,4;"6-2 6-2";3;"R64";65;9;1;47;28;25;10;8;5;5;5;1;51;35;19;9;8;3;7;132;493;34;1382;6;6;NA;NA;NA;2;2;NA;NA;NA;2022-03-07;2022;"2022-0404:83";1252;0;0,955605880641547;2,91253715874966;28;"Federico Delbonis";78;"Nick Kyrgios";2,91253715874966;0,955605880641547;1,95693127810811;31,4;26,8;4,6;190;193;-3;1;0,428571428571429;0,428571428571429;1;-0,571428571428571;7;5;3;5;4;0;0;4;-4;0;0;1
"851700";"2022-0404";"Indian Wells Masters";"Hard";"128";"Masters";84;112;"Casper Ruud";"R";183;"NOR";23,2;38;"Christopher Eubanks";"R";201;"USA";25,8;"7-6(5) 6-2";3;"R64";82;5;1;57;36;31;14;10;0;0;4;1;64;42;32;11;10;4;6;8;3915;157;380;7;6;NA;NA;NA;6;2;NA;NA;NA;2022-03-07;2022;"2022-0404:84";1253;0;5;0,705379251108373;38;"Christopher Eubanks";112;"Casper Ruud";0,705379251108373;5;-4,29462074889163;25,8;23,2;2,6;201;183;18;1,5;0,666666666666667;0,666666666666667;1,5;-0,833333333333333;6;0;4;0;2;0;0;2;-2;0;0;1
"851701";"2022-0404";"Indian Wells Masters";"Hard";"128";"Masters";85;9;"Matteo Berrettini";"R";196;"ITA";25,9;111;"Holger Rune";"R";185;"DEN";18,8;"6-3 4-6 6-4";3;"R64";122;13;3;93;60;43;17;15;6;8;5;4;77;52;38;14;14;5;8;6;4928;86;750;6;4;6;NA;NA;3;6;4;NA;NA;2022-03-07;2022;"2022-0404:85";1254;1;5,41503749927884;1,5737352452979;9;"Matteo Berrettini";111;"Holger Rune";5,41503749927884;1,5737352452979;3,84130225398094;25,9;18,8;7,1;196;185;11;0,75;0,625;0,75;0,625;0,125;8;8;5;6;3;2;3;2;1;0;0;1
"851703";"2022-0404";"Indian Wells Masters";"Hard";"128";"Masters";87;66;"Miomir Kecmanovic";"R";183;"SRB";22,5;19;"Marin Cilic";"R";198;"CRO";33,4;"6-7(7) 6-3 7-6(6)";3;"R64";172;0;2;130;85;61;26;17;12;13;13;6;115;55;43;31;16;7;9;61;921;24;1785;6;6;7;NA;NA;7;3;6;NA;NA;2022-03-07;2022;"2022-0404:87";1255;0;2,06926266243711;3,41503749927884;19;"Marin Cilic";66;"Miomir Kecmanovic";3,41503749927884;2,06926266243711;1,34577483684173;33,4;22,5;10,9;198;183;15;0,923076923076923;0,777777777777778;0,777777777777778;0,923076923076923;-0,145299145299145;9;13;7;12;2;1;1;2;-1;0;0;1
"851704";"2022-0404";"Indian Wells Masters";"Hard";"128";"Masters";88;128;"Botic Van De Zandschulp";"R";188;"NED";26,4;4;"Felix Auger Aliassime";"R";193;"CAN";21,5;"7-6(4) 6-7(4) 6-3";3;"R64";195;4;3;113;68;50;25;16;8;10;8;8;118;61;45;27;17;9;13;47;1096;9;3883;7;6;6;NA;NA;6;7;3;NA;NA;2022-03-07;2022;"2022-0404:88";1256;0;2,44541114832236;4,83007499855769;4;"Felix Auger Aliassime";128;"Botic Van De Zandschulp";4,83007499855769;2,44541114832236;2,38466385023533;21,5;26,4;-4,9;193;188;5;0,8;0,692307692307692;0,692307692307692;0,8;-0,107692307692308;13;10;9;8;4;2;2;4;-2;0;0;1
"851705";"2022-0404";"Indian Wells Masters";"Hard";"128";"Masters";89;91;"Jaume Munar";"R";183;"ESP";24,8;15;"Pablo Carreno Busta";"R";188;"ESP";30,6;"4-6 6-4 7-6(4)";3;"R64";178;7;12;112;73;46;19;16;7;11;2;3;115;78;53;15;16;7;11;99;675;16;2220;4;6;7;NA;NA;6;4;6;NA;NA;2022-03-07;2022;"2022-0404:89";1257;0;1,37064337992039;4;15;"Pablo Carreno Busta";91;"Jaume Munar";4;1,37064337992039;2,62935662007961;30,6;24,8;5,8;188;183;5;0,636363636363636;0,636363636363636;0,636363636363636;0,636363636363636;0;11;11;7;7;4;4;4;4;0;0;0;1
"851707";"2022-0404";"Indian Wells Masters";"Hard";"128";"Masters";91;26;"Alex De Minaur";"R";183;"AUS";23;87;"John Millman";"R";183;"AUS";32,7;"7-6(4) 6-3";3;"R64";100;5;0;65;38;26;18;11;0;2;1;0;63;35;21;14;10;1;4;31;1451;77;818;7;6;NA;NA;NA;6;3;NA;NA;NA;2022-03-07;2022;"2022-0404:91";1258;1;3,04580368961313;1,7332134593051;26;"Alex De Minaur";87;"John Millman";3,04580368961313;1,7332134593051;1,31259023030803;23;32,7;-9,7;183;183;0;0;0,25;0;0,25;-0,25;4;2;1;0;3;2;3;2;1;0;0;1
"851708";"2022-0404";"Indian Wells Masters";"Hard";"128";"Masters";92;101;"Tommy Paul";"R";185;"USA";24,8;133;"Alexander Zverev";"R";198;"GER";24,8;"6-2 4-6 7-6(2)";3;"R64";137;1;3;98;62;44;24;15;3;5;6;6;90;64;50;9;15;4;7;39;1252;3;7515;6;4;7;NA;NA;2;6;6;NA;NA;2022-03-07;2022;"2022-0404:92";1259;1;2,71459778113775;6,41503749927884;101;"Tommy Paul";133;"Alexander Zverev";2,71459778113775;6,41503749927884;-3,70043971814109;24,8;24,8;0;185;198;-13;0,6;0,571428571428571;0,6;0,571428571428571;0,0285714285714286;7;5;4;3;3;2;3;2;1;0;0;1
"851709";"2022-0404";"Indian Wells Masters";"Hard";"128";"Masters";93;110;"Andrey Rublev";"R";188;"RUS";24,3;69;"Dominik Koepfer";"L";180;"GER";27,8;"7-5 6-4";3;"R64";105;7;1;65;43;31;11;11;4;6;4;3;85;50;27;20;11;8;12;7;4590;51;1054;7;6;NA;NA;NA;5;4;NA;NA;NA;2022-03-07;2022;"2022-0404:93";1260;0;5,1926450779424;2,3275746580285;69;"Dominik Koepfer";110;"Andrey Rublev";2,3275746580285;5,1926450779424;-2,86507041991389;27,8;24,3;3,5;180;188;-8;0,666666666666667;0,666666666666667;0,666666666666667;0,666666666666667;0;12;6;8;4;4;2;2;4;-2;0;0;1
"851710";"2022-0404";"Indian Wells Masters";"Hard";"128";"Masters";94;126;"Frances Tiafoe";"R";188;"USA";24,1;95;"Brandon Nakashima";"R";185;"USA";20,5;"6-4 6-4";3;"R64";89;9;0;56;33;27;13;10;2;3;5;3;68;32;26;14;10;3;6;30;1463;80;793;6;6;NA;NA;NA;4;4;NA;NA;NA;2022-03-07;2022;"2022-0404:94";1261;0;3,09310940439148;1,67807190511264;95;"Brandon Nakashima";126;"Frances Tiafoe";1,67807190511264;3,09310940439148;-1,41503749927884;20,5;24,1;-3,6;185;188;-3;0,666666666666667;0,5;0,5;0,666666666666667;-0,166666666666667;6;3;3;2;3;1;1;3;-2;0;0;1
"851711";"2022-0404";"Indian Wells Masters";"Hard";"128";"Masters";95;63;"Steve Johnson";"R";188;"USA";32,1;64;"Aslan Karatsev";"R";185;"RUS";28,5;"7-6(5) 6-4";3;"R64";105;19;3;64;42;38;13;11;1;1;8;7;85;50;36;17;11;11;12;115;594;22;1933;7;6;NA;NA;NA;6;4;NA;NA;NA;2022-03-07;2022;"2022-0404:95";1262;1;1,15450994905563;3,5405683813627;63;"Steve Johnson";64;"Aslan Karatsev";1,15450994905563;3,5405683813627;-2,38605843230708;32,1;28,5;3,6;188;185;3;1;0,916666666666667;1;0,916666666666667;0,0833333333333334;12;1;11;1;1;0;1;0;1;0;0;1
"851713";"2022-0404";"Indian Wells Masters";"Hard";"128";"Masters";97;115;"Diego Schwartzman";"R";170;"ARG";29,5;113;"Emil Ruusuvuori";"R";188;"FIN";22,9;"5-7 6-3 6-3";3;"R64";162;0;7;101;59;42;18;15;7;11;2;4;87;61;38;11;15;5;11;14;2660;70;876;5;6;6;NA;NA;7;3;3;NA;NA;2022-03-07;2022;"2022-0404:97";1263;0;4,1926450779424;1,87071698305503;113;"Emil Ruusuvuori";115;"Diego Schwartzman";1,87071698305503;4,1926450779424;-2,32192809488736;22,9;29,5;-6,6;188;170;18;0,636363636363636;0,454545454545455;0,454545454545455;0,636363636363636;-0,181818181818182;11;11;5;7;6;4;4;6;-2;0;0;1
"851714";"2022-0404";"Indian Wells Masters";"Hard";"128";"Masters";98;60;"John Isner";"R";206;"USA";36,8;107;"Sam Querrey";"R";198;"USA";34,4;"7-6(6) 7-6(2)";3;"R64";87;21;1;70;50;40;14;12;0;1;15;8;74;43;39;15;12;5;6;23;1801;114;595;7;7;NA;NA;NA;6;6;NA;NA;NA;2022-03-07;2022;"2022-0404:98";1264;1;3,47643804394299;1,16710998583526;60;"John Isner";107;"Sam Querrey";3,47643804394299;1,16710998583526;2,30932805810773;36,8;34,4;2,4;206;198;8;0;0,833333333333333;0;0,833333333333333;-0,833333333333333;6;1;5;0;1;1;1;1;0;0;0;1
"851715";"2022-0404";"Indian Wells Masters";"Hard";"128";"Masters";99;13;"Alexander Bublik";"R";196;"KAZ";24,7;92;"Andy Murray";"R";190;"GBR";34,8;"7-6(9) 6-3";3;"R64";121;11;6;81;47;39;17;11;6;6;4;4;78;42;29;21;10;4;5;33;1391;88;733;7;6;NA;NA;NA;6;3;NA;NA;NA;2022-03-07;2022;"2022-0404:99";1265;1;2,95560588064155;1,5405683813627;13;"Alexander Bublik";92;"Andy Murray";2,95560588064155;1,5405683813627;1,41503749927884;24,7;34,8;-10,1;196;190;6;1;0,8;1;0,8;0,2;5;6;4;6;1;0;1;0;1;0;0;1
"851716";"2022-0404";"Indian Wells Masters";"Hard";"128";"Masters";100;29;"Grigor Dimitrov";"R";188;"BUL";30,8;125;"Jordan Thompson";"R";183;"AUS";27,8;"7-6(3) 6-2";3;"R64";100;3;4;59;35;29;13;10;0;1;2;4;69;39;26;13;10;1;4;35;1381;78;800;7;6;NA;NA;NA;6;2;NA;NA;NA;2022-03-07;2022;"2022-0404:100";1266;1;2,87071698305503;1,71459778113775;29;"Grigor Dimitrov";125;"Jordan Thompson";2,87071698305503;1,71459778113775;1,15611920191728;30,8;27,8;3;188;183;5;0;0,25;0;0,25;-0,25;4;1;1;0;3;1;3;1;2;0;0;1
"851717";"2022-0404";"Indian Wells Masters";"Hard";"128";"Masters";101;88;"Gael Monfils";"R";193;"FRA";35,5;86;"Daniil Medvedev";"R";198;"RUS";26;"4-6 6-3 6-1";3;"R32";126;3;7;87;59;41;12;13;5;7;5;6;84;42;27;21;13;9;14;28;1633;1;8615;4;6;6;NA;NA;6;3;1;NA;NA;2022-03-07;2022;"2022-0404:101";1267;0;3,1926450779424;8;86;"Daniil Medvedev";88;"Gael Monfils";8;3,1926450779424;4,8073549220576;26;35,5;-9,5;198;193;5;0,714285714285714;0,642857142857143;0,642857142857143;0,714285714285714;-0,0714285714285714;14;7;9;5;5;2;2;5;-3;0;0;1
"851718";"2022-0404";"Indian Wells Masters";"Hard";"128";"Masters";102;2;"Carlos Alcaraz";"R";185;"ESP";18,8;6;"Roberto Bautista Agut";"R";183;"ESP";33,8;"6-2 6-0";3;"R32";66;4;2;43;27;23;8;7;1;1;0;3;44;30;14;4;7;4;9;19;2056;15;2480;6;6;NA;NA;NA;2;0;NA;NA;NA;2022-03-07;2022;"2022-0404:102";1268;1;3,75207248655641;4,09310940439148;2;"Carlos Alcaraz";6;"Roberto Bautista Agut";3,75207248655641;4,09310940439148;-0,341036917835067;18,8;33,8;-15;185;183;2;1;0,444444444444444;1;0,444444444444444;0,555555555555556;9;1;4;1;5;0;5;0;5;0;0;1
"851719";"2022-0404";"Indian Wells Masters";"Hard";"128";"Masters";103;98;"Cameron Norrie";"L";188;"GBR";26,5;5;"Nikoloz Basilashvili";"R";185;"GEO";30;"3-6 6-3 6-1";3;"R32";103;1;1;70;46;36;9;12;2;5;7;5;91;48;34;13;13;5;11;12;3305;18;2121;3;6;6;NA;NA;6;3;1;NA;NA;2022-03-07;2022;"2022-0404:103";1269;0;4,41503749927884;3,83007499855769;5;"Nikoloz Basilashvili";98;"Cameron Norrie";3,83007499855769;4,41503749927884;-0,584962500721156;30;26,5;3,5;185;188;-3;0,4;0,454545454545455;0,454545454545455;0,4;0,0545454545454545;11;5;5;2;6;3;3;6;-3;0;0;1
"851720";"2022-0404";"Indian Wells Masters";"Hard";"128";"Masters";104;12;"Jenson Brooksby";"R";188;"USA";21,3;127;"Stefanos Tsitsipas";"R";193;"GRE";23,5;"1-6 6-3 6-2";3;"R32";123;2;2;81;59;39;12;12;2;4;3;3;84;50;33;17;12;9;12;43;1153;5;6325;1;6;6;NA;NA;6;3;2;NA;NA;2022-03-07;2022;"2022-0404:104";1270;1;2,5737352452979;5,67807190511264;12;"Jenson Brooksby";127;"Stefanos Tsitsipas";2,5737352452979;5,67807190511264;-3,10433665981474;21,3;23,5;-2,2;188;193;-5;0,5;0,75;0,5;0,75;-0,25;12;4;9;2;3;2;3;2;1;0;0;1
"851721";"2022-0404";"Indian Wells Masters";"Hard";"128";"Masters";105;94;"Rafael Nadal";"L";185;"ESP";35,7;39;"Daniel Evans";"R";175;"GBR";31,7;"7-5 6-3";3;"R32";103;4;5;66;40;30;17;11;3;4;3;2;55;28;17;17;10;1;4;4;6515;29;1542;7;6;NA;NA;NA;5;3;NA;NA;NA;2022-03-07;2022;"2022-0404:105";1271;0;6;3,14201900487243;39;"Daniel Evans";94;"Rafael Nadal";3,14201900487243;6;-2,85798099512757;31,7;35,7;-4;175;185;-10;0,75;0,25;0,25;0,75;-0,5;4;4;1;3;3;1;1;3;-2;0;0;1
"851722";"2022-0404";"Indian Wells Masters";"Hard";"128";"Masters";106;99;"Reilly Opelka";"R";211;"USA";24,5;117;"Denis Shapovalov";"L";185;"CAN";22,8;"6-7(4) 6-4 6-4";3;"R32";136;11;1;101;74;55;17;16;4;4;12;10;96;53;41;27;16;1;3;17;2156;13;3020;6;6;6;NA;NA;7;4;4;NA;NA;2022-03-07;2022;"2022-0404:106";1272;1;3,91253715874966;4,29956028185891;99;"Reilly Opelka";117;"Denis Shapovalov";3,91253715874966;4,29956028185891;-0,387023123109246;24,5;22,8;1,7;211;185;26;1;0,333333333333333;1;0,333333333333333;0,666666666666667;3;4;1;4;2;0;2;0;2;0;0;1
"851723";"2022-0404";"Indian Wells Masters";"Hard";"128";"Masters";107;119;"Jannik Sinner";"R";188;"ITA";20,5;10;"Benjamin Bonzi";"R";185;"FRA";25,7;"7-6(5) 3-6 6-4";3;"R32";157;12;1;113;70;50;18;16;6;10;5;4;105;55;36;29;15;10;13;10;3495;62;909;7;3;6;NA;NA;6;6;4;NA;NA;2022-03-07;2022;"2022-0404:107";1273;0;4,67807190511264;2,04580368961313;10;"Benjamin Bonzi";119;"Jannik Sinner";2,04580368961313;4,67807190511264;-2,63226821549951;25,7;20,5;5,2;185;188;-3;0,6;0,769230769230769;0,769230769230769;0,6;0,169230769230769;13;10;10;6;3;4;4;3;1;0;0;1
"851724";"2022-0404";"Indian Wells Masters";"Hard";"128";"Masters";108;78;"Nick Kyrgios";"R";193;"AUS";26,8;112;"Casper Ruud";"R";183;"NOR";23,2;"6-4 6-4";3;"R32";76;7;1;52;34;28;12;10;0;0;7;3;54;26;22;12;10;0;2;132;493;8;3915;6;6;NA;NA;NA;4;4;NA;NA;NA;2022-03-07;2022;"2022-0404:108";1274;1;0,955605880641547;5;78;"Nick Kyrgios";112;"Casper Ruud";0,955605880641547;5;-4,04439411935845;26,8;23,2;3,6;193;183;10;1,5;0;1,5;0;1,5;2;0;0;0;2;0;2;0;2;0;0;1
"851725";"2022-0404";"Indian Wells Masters";"Hard";"128";"Masters";109;9;"Matteo Berrettini";"R";196;"ITA";25,9;56;"Lloyd Harris";"R";193;"RSA";25;"6-4 7-5";3;"R32";92;12;3;62;41;36;9;11;2;3;6;0;64;39;31;10;11;1;4;6;4928;32;1393;6;7;NA;NA;NA;4;5;NA;NA;NA;2022-03-07;2022;"2022-0404:109";1275;1;5,41503749927884;3;9;"Matteo Berrettini";56;"Lloyd Harris";5,41503749927884;3;2,41503749927884;25,9;25;0,899999999999999;196;193;3;0,666666666666667;0,25;0,666666666666667;0,25;0,416666666666667;4;3;1;2;3;1;3;1;2;0;0;1
"851726";"2022-0404";"Indian Wells Masters";"Hard";"128";"Masters";110;66;"Miomir Kecmanovic";"R";183;"SRB";22,5;128;"Botic Van De Zandschulp";"R";188;"NED";26,4;"7-6(3) 7-5";3;"R32";107;7;1;62;37;29;21;12;1;2;7;2;84;50;33;18;12;2;4;61;921;47;1096;7;7;NA;NA;NA;6;5;NA;NA;NA;2022-03-07;2022;"2022-0404:110";1276;1;2,06926266243711;2,44541114832236;66;"Miomir Kecmanovic";128;"Botic Van De Zandschulp";2,06926266243711;2,44541114832236;-0,376148485885249;22,5;26,4;-3,9;183;188;-5;0,5;0,5;0,5;0,5;0;4;2;2;1;2;1;2;1;1;0;0;1
"851727";"2022-0404";"Indian Wells Masters";"Hard";"128";"Masters";111;44;"Taylor Fritz";"R";193;"USA";24,3;91;"Jaume Munar";"R";183;"ESP";24,8;"6-4 2-6 7-6(2)";3;"R32";169;11;6;113;77;54;17;15;9;12;7;5;99;64;49;15;15;7;9;20;2010;99;675;6;2;7;NA;NA;4;6;6;NA;NA;2022-03-07;2022;"2022-0404:111";1277;1;3,67807190511264;1,37064337992039;44;"Taylor Fritz";91;"Jaume Munar";3,67807190511264;1,37064337992039;2,30742852519225;24,3;24,8;-0,5;193;183;10;0,75;0,777777777777778;0,75;0,777777777777778;-0,0277777777777778;9;12;7;9;2;3;2;3;-1;0;0;1
"851728";"2022-0404";"Indian Wells Masters";"Hard";"128";"Masters";112;26;"Alex De Minaur";"R";183;"AUS";23;101;"Tommy Paul";"R";185;"USA";24,8;"7-6(2) 6-4";3;"R32";109;1;2;82;51;33;23;11;6;7;2;1;73;44;28;19;11;5;7;31;1451;39;1252;7;6;NA;NA;NA;6;4;NA;NA;NA;2022-03-07;2022;"2022-0404:112";1278;1;3,04580368961313;2,71459778113775;26;"Alex De Minaur";101;"Tommy Paul";3,04580368961313;2,71459778113775;0,331205908475374;23;24,8;-1,8;183;185;-2;0,857142857142857;0,714285714285714;0,857142857142857;0,714285714285714;0,142857142857143;7;7;5;6;2;1;2;1;1;0;0;1
"851729";"2022-0404";"Indian Wells Masters";"Hard";"128";"Masters";113;110;"Andrey Rublev";"R";188;"RUS";24,3;126;"Frances Tiafoe";"R";188;"USA";24,1;"6-3 6-4";3;"R32";70;7;1;52;34;28;11;10;2;3;6;4;57;32;24;9;9;1;4;7;4590;30;1463;6;6;NA;NA;NA;3;4;NA;NA;NA;2022-03-07;2022;"2022-0404:113";1279;1;5,1926450779424;3,09310940439148;110;"Andrey Rublev";126;"Frances Tiafoe";5,1926450779424;3,09310940439148;2,09953567355091;24,3;24,1;0,199999999999999;188;188;0;0,666666666666667;0,25;0,666666666666667;0,25;0,416666666666667;4;3;1;2;3;1;3;1;2;0;0;1
"851730";"2022-0404";"Indian Wells Masters";"Hard";"128";"Masters";114;59;"Hubert Hurkacz";"R";196;"POL";25;63;"Steve Johnson";"R";188;"USA";32,1;"7-6(7) 6-3";3;"R32";88;13;1;71;46;41;10;11;3;3;6;2;62;40;34;7;10;2;3;11;3468;115;594;7;6;NA;NA;NA;6;3;NA;NA;NA;2022-03-07;2022;"2022-0404:114";1280;1;4,5405683813627;1,15450994905563;59;"Hubert Hurkacz";63;"Steve Johnson";4,5405683813627;1,15450994905563;3,38605843230708;25;32,1;-7,1;196;188;8;1;0,666666666666667;1;0,666666666666667;0,333333333333333;3;3;2;3;1;0;1;0;1;0;0;1
"851731";"2022-0404";"Indian Wells Masters";"Hard";"128";"Masters";115;60;"John Isner";"R";206;"USA";36,8;115;"Diego Schwartzman";"R";170;"ARG";29,5;"7-5 6-3";3;"R32";79;13;1;53;38;34;10;11;0;0;2;3;58;38;25;13;10;1;3;23;1801;14;2660;7;6;NA;NA;NA;5;3;NA;NA;NA;2022-03-07;2022;"2022-0404:115";1281;1;3,47643804394299;4,1926450779424;60;"John Isner";115;"Diego Schwartzman";3,47643804394299;4,1926450779424;-0,716207033999409;36,8;29,5;7,3;206;170;36;1,5;0,333333333333333;1,5;0,333333333333333;1,16666666666667;3;0;1;0;2;0;2;0;2;0;0;1
"851732";"2022-0404";"Indian Wells Masters";"Hard";"128";"Masters";116;29;"Grigor Dimitrov";"R";188;"BUL";30,8;13;"Alexander Bublik";"R";196;"KAZ";24,7;"6-3 6-4";3;"R32";69;0;1;51;31;25;16;10;0;0;9;2;53;34;28;8;9;2;4;35;1381;33;1391;6;6;NA;NA;NA;3;4;NA;NA;NA;2022-03-07;2022;"2022-0404:116";1282;0;2,87071698305503;2,95560588064155;13;"Alexander Bublik";29;"Grigor Dimitrov";2,95560588064155;2,87071698305503;0,084888897586513;24,7;30,8;-6,1;196;188;8;1,5;0,5;0,5;1,5;-1;4;0;2;0;2;0;0;2;-2;0;0;1
"851733";"2022-0404";"Indian Wells Masters";"Hard";"128";"Masters";117;2;"Carlos Alcaraz";"R";185;"ESP";18,8;88;"Gael Monfils";"R";193;"FRA";35,5;"7-5 6-1";3;"R16";77;4;1;43;30;26;10;9;0;0;3;4;67;37;23;12;10;3;7;19;2056;28;1633;7;6;NA;NA;NA;5;1;NA;NA;NA;2022-03-07;2022;"2022-0404:117";1283;1;3,75207248655641;3,1926450779424;2;"Carlos Alcaraz";88;"Gael Monfils";3,75207248655641;3,1926450779424;0,559427408614019;18,8;35,5;-16,7;185;193;-8;1,5;0,428571428571429;1,5;0,428571428571429;1,07142857142857;7;0;3;0;4;0;4;0;4;0;0;1
"851734";"2022-0404";"Indian Wells Masters";"Hard";"128";"Masters";118;98;"Cameron Norrie";"L";188;"GBR";26,5;12;"Jenson Brooksby";"R";188;"USA";21,3;"6-2 6-4";3;"R16";98;4;4;60;44;30;9;9;5;7;1;1;67;39;22;12;9;4;9;12;3305;43;1153;6;6;NA;NA;NA;2;4;NA;NA;NA;2022-03-07;2022;"2022-0404:118";1284;0;4,41503749927884;2,5737352452979;12;"Jenson Brooksby";98;"Cameron Norrie";2,5737352452979;4,41503749927884;-1,84130225398094;21,3;26,5;-5,2;188;188;0;0,714285714285714;0,444444444444444;0,444444444444444;0,714285714285714;-0,26984126984127;9;7;4;5;5;2;2;5;-3;0;0;1
"851735";"2022-0404";"Indian Wells Masters";"Hard";"128";"Masters";119;94;"Rafael Nadal";"L";185;"ESP";35,7;99;"Reilly Opelka";"R";211;"USA";24,5;"7-6(3) 7-6(5)";3;"R16";131;6;3;73;51;43;16;12;3;4;9;5;98;74;56;8;12;4;5;4;6515;17;2156;7;7;NA;NA;NA;6;6;NA;NA;NA;2022-03-07;2022;"2022-0404:119";1285;1;6;3,91253715874966;94;"Rafael Nadal";99;"Reilly Opelka";6;3,91253715874966;2,08746284125034;35,7;24,5;11,2;185;211;-26;0,75;0,8;0,75;0,8;-0,05;5;4;4;3;1;1;1;1;0;0;0;1
"851737";"2022-0404";"Indian Wells Masters";"Hard";"128";"Masters";121;66;"Miomir Kecmanovic";"R";183;"SRB";22,5;9;"Matteo Berrettini";"R";196;"ITA";25,9;"6-3 6-7(5) 6-4";3;"R16";148;2;1;101;55;42;35;16;1;1;14;3;100;62;47;20;15;4;6;61;921;6;4928;6;6;6;NA;NA;3;7;4;NA;NA;2022-03-07;2022;"2022-0404:121";1286;0;2,06926266243711;5,41503749927884;9;"Matteo Berrettini";66;"Miomir Kecmanovic";5,41503749927884;2,06926266243711;3,34577483684173;25,9;22,5;3,4;196;183;13;1;0,666666666666667;0,666666666666667;1;-0,333333333333333;6;1;4;1;2;0;0;2;-2;0;0;1
"851738";"2022-0404";"Indian Wells Masters";"Hard";"128";"Masters";122;44;"Taylor Fritz";"R";193;"USA";24,3;26;"Alex De Minaur";"R";183;"AUS";23;"3-6 6-4 7-6(5)";3;"R16";143;14;2;111;74;53;17;16;4;8;2;1;101;62;45;19;15;6;9;20;2010;31;1451;3;6;7;NA;NA;6;4;6;NA;NA;2022-03-07;2022;"2022-0404:122";1287;0;3,67807190511264;3,04580368961313;26;"Alex De Minaur";44;"Taylor Fritz";3,04580368961313;3,67807190511264;-0,632268215499512;23;24,3;-1,3;183;193;-10;0,5;0,666666666666667;0,666666666666667;0,5;0,166666666666667;9;8;6;4;3;4;4;3;1;0;0;1
"851739";"2022-0404";"Indian Wells Masters";"Hard";"128";"Masters";123;110;"Andrey Rublev";"R";188;"RUS";24,3;59;"Hubert Hurkacz";"R";196;"POL";25;"7-6(5) 6-4";3;"R16";99;9;1;68;36;33;16;11;1;2;9;3;79;46;36;12;11;6;8;7;4590;11;3468;7;6;NA;NA;NA;6;4;NA;NA;NA;2022-03-07;2022;"2022-0404:123";1288;0;5,1926450779424;4,5405683813627;59;"Hubert Hurkacz";110;"Andrey Rublev";4,5405683813627;5,1926450779424;-0,652076696579694;25;24,3;0,699999999999999;196;188;8;0,5;0,75;0,75;0,5;0,25;8;2;6;1;2;1;1;2;-1;0;0;1
"851740";"2022-0404";"Indian Wells Masters";"Hard";"128";"Masters";124;29;"Grigor Dimitrov";"R";188;"BUL";30,8;60;"John Isner";"R";206;"USA";36,8;"6-3 7-6(6)";3;"R16";93;8;3;69;49;39;11;11;1;1;12;2;57;39;34;7;10;0;1;35;1381;23;1801;6;7;NA;NA;NA;3;6;NA;NA;NA;2022-03-07;2022;"2022-0404:124";1289;1;2,87071698305503;3,47643804394299;29;"Grigor Dimitrov";60;"John Isner";2,87071698305503;3,47643804394299;-0,605721060887953;30,8;36,8;-6;188;206;-18;1;0;1;0;1;1;1;0;1;1;0;1;0;1;0;0;1
"851741";"2022-0404";"Indian Wells Masters";"Hard";"128";"Masters";125;2;"Carlos Alcaraz";"R";185;"ESP";18,8;98;"Cameron Norrie";"L";188;"GBR";26,5;"6-4 6-3";3;"QF";104;0;1;71;44;26;13;10;5;9;0;0;62;36;20;7;9;2;8;19;2056;12;3305;6;6;NA;NA;NA;4;3;NA;NA;NA;2022-03-07;2022;"2022-0404:125";1290;1;3,75207248655641;4,41503749927884;2;"Carlos Alcaraz";98;"Cameron Norrie";3,75207248655641;4,41503749927884;-0,662965012722429;18,8;26,5;-7,7;185;188;-3;0,555555555555556;0,25;0,555555555555556;0,25;0,305555555555556;8;9;2;5;6;4;6;4;2;0;0;1
"851742";"2022-0404";"Indian Wells Masters";"Hard";"128";"Masters";126;94;"Rafael Nadal";"L";185;"ESP";35,7;78;"Nick Kyrgios";"R";193;"AUS";26,8;"7-6(0) 5-7 6-4";3;"QF";166;10;7;102;67;52;17;17;3;5;12;5;107;58;44;26;17;2;4;4;6515;132;493;7;5;6;NA;NA;6;7;4;NA;NA;2022-03-07;2022;"2022-0404:126";1291;0;6;0,955605880641547;78;"Nick Kyrgios";94;"Rafael Nadal";0,955605880641547;6;-5,04439411935845;26,8;35,7;-8,9;193;185;8;0,6;0,5;0,5;0,6;-0,1;4;5;2;3;2;2;2;2;0;0;0;1
"851743";"2022-0404";"Indian Wells Masters";"Hard";"128";"Masters";127;44;"Taylor Fritz";"R";193;"USA";24,3;66;"Miomir Kecmanovic";"R";183;"SRB";22,5;"7-6(5) 3-6 6-1";3;"QF";117;14;4;72;49;44;12;14;2;3;7;5;106;57;41;25;14;8;10;20;2010;61;921;7;3;6;NA;NA;6;6;1;NA;NA;2022-03-07;2022;"2022-0404:127";1292;1;3,67807190511264;2,06926266243711;44;"Taylor Fritz";66;"Miomir Kecmanovic";3,67807190511264;2,06926266243711;1,60880924267552;24,3;22,5;1,8;193;183;10;0,666666666666667;0,8;0,666666666666667;0,8;-0,133333333333333;10;3;8;2;2;1;2;1;1;0;0;1
"851744";"2022-0404";"Indian Wells Masters";"Hard";"128";"Masters";128;110;"Andrey Rublev";"R";188;"RUS";24,3;29;"Grigor Dimitrov";"R";188;"BUL";30,8;"7-5 6-2";3;"QF";90;4;2;58;36;29;10;10;2;3;3;5;72;45;29;10;10;6;10;7;4590;35;1381;7;6;NA;NA;NA;5;2;NA;NA;NA;2022-03-07;2022;"2022-0404:128";1293;0;5,1926450779424;2,87071698305503;29;"Grigor Dimitrov";110;"Andrey Rublev";2,87071698305503;5,1926450779424;-2,32192809488736;30,8;24,3;6,5;188;188;0;0,666666666666667;0,6;0,6;0,666666666666667;-0,0666666666666667;10;3;6;2;4;1;1;4;-3;0;0;1
"851745";"2022-0404";"Indian Wells Masters";"Hard";"128";"Masters";129;94;"Rafael Nadal";"L";185;"ESP";35,7;2;"Carlos Alcaraz";"R";185;"ESP";18,8;"6-4 4-6 6-3";3;"SF";192;2;4;108;72;45;16;15;9;14;1;3;100;63;38;17;14;15;21;4;6515;19;2056;6;4;6;NA;NA;4;6;3;NA;NA;2022-03-07;2022;"2022-0404:129";1294;0;6;3,75207248655641;2;"Carlos Alcaraz";94;"Rafael Nadal";3,75207248655641;6;-2,24792751344359;18,8;35,7;-16,9;185;185;0;0,642857142857143;0,714285714285714;0,714285714285714;0,642857142857143;0,0714285714285714;21;14;15;9;6;5;5;6;-1;0;0;1
"851746";"2022-0404";"Indian Wells Masters";"Hard";"128";"Masters";130;44;"Taylor Fritz";"R";193;"USA";24,3;110;"Andrey Rublev";"R";188;"RUS";24,3;"7-5 6-4";3;"SF";110;5;3;64;38;29;16;11;3;4;5;3;101;62;40;19;11;8;11;20;2010;7;4590;7;6;NA;NA;NA;5;4;NA;NA;NA;2022-03-07;2022;"2022-0404:130";1295;1;3,67807190511264;5,1926450779424;44;"Taylor Fritz";110;"Andrey Rublev";3,67807190511264;5,1926450779424;-1,51457317282976;24,3;24,3;0;193;188;5;0,75;0,727272727272727;0,75;0,727272727272727;0,0227272727272727;11;4;8;3;3;1;3;1;2;0;0;1
"851747";"2022-0404";"Indian Wells Masters";"Hard";"128";"Masters";131;44;"Taylor Fritz";"R";193;"USA";24,3;94;"Rafael Nadal";"L";185;"ESP";35,7;"6-3 7-6(5)";3;"F";126;1;3;76;49;34;13;10;8;10;2;3;78;52;29;14;11;5;9;20;2010;4;6515;6;7;NA;NA;NA;3;6;NA;NA;NA;2022-03-07;2022;"2022-0404:131";1296;1;3,67807190511264;6;44;"Taylor Fritz";94;"Rafael Nadal";3,67807190511264;6;-2,32192809488736;24,3;35,7;-11,4;193;185;8;0,8;0,555555555555556;0,8;0,555555555555556;0,244444444444444;9;10;5;8;4;2;4;2;2;0;0;1
"853123";"2022-0403";"Miami Masters";"Hard";"128";"Masters";1;129;"Fernando Verdasco";"L";188;"ESP";38,3;122;"Joao Sousa";"R";185;"POR";32,9;"6-4 4-6 6-4";3;"Q1";133;6;3;91;65;39;13;15;4;9;3;1;91;59;36;15;15;6;12;123;540;82;770;6;4;6;NA;NA;4;6;4;NA;NA;2022-03-21;2022;"2022-0403:1";1297;0;1,05748549466076;1,64244799538192;122;"Joao Sousa";129;"Fernando Verdasco";1,64244799538192;1,05748549466076;0,584962500721156;32,9;38,3;-5,4;185;188;-3;0,444444444444444;0,5;0,5;0,444444444444444;0,0555555555555556;12;9;6;4;6;5;5;6;-1;0;0;1
"853126";"2022-0403";"Miami Masters";"Hard";"128";"Masters";4;76;"Mikhail Kukushkin";"R";183;"KAZ";34,2;1;"Radu Albot";"R";175;"MDA";32,3;"4-6 7-6(7) 6-2";3;"Q1";145;5;1;101;68;48;18;15;5;7;7;5;94;63;46;13;15;2;5;159;369;117;574;4;7;6;NA;NA;6;6;2;NA;NA;2022-03-21;2022;"2022-0403:4";1298;0;0,687117044715644;1,1296352804166;1;"Radu Albot";76;"Mikhail Kukushkin";1,1296352804166;0,687117044715644;0,442518235700951;32,3;34,2;-1,90000000000001;175;183;-8;0,714285714285714;0,4;0,4;0,714285714285714;-0,314285714285714;5;7;2;5;3;2;2;3;-1;0;0;1
"853130";"2022-0403";"Miami Masters";"Hard";"128";"Masters";8;38;"Christopher Eubanks";"R";201;"USA";25,8;11;"Liam Broady";"L";183;"GBR";28,2;"6-4 6-2";3;"Q1";71;7;1;50;39;31;6;9;0;0;5;0;56;41;26;7;9;3;6;155;402;121;542;6;6;NA;NA;NA;4;2;NA;NA;NA;2022-03-21;2022;"2022-0403:8";1299;0;0,723875594725762;1,08113676272541;11;"Liam Broady";38;"Christopher Eubanks";1,08113676272541;0,723875594725762;0,357261167999643;28,2;25,8;2,4;183;201;-18;1,5;0,5;0,5;1,5;-1;6;0;3;0;3;0;0;3;-3;0;0;1
"853133";"2022-0403";"Miami Masters";"Hard";"128";"Masters";11;71;"Thanasi Kokkinakis";"R";196;"AUS";25,9;40;"Thomas Fabbiano";"R";173;"ITA";32,8;"6-1 6-3";3;"Q1";76;7;0;46;28;23;10;8;0;0;2;2;53;32;18;9;8;1;5;97;700;173;341;6;6;NA;NA;NA;1;3;NA;NA;NA;2022-03-21;2022;"2022-0403:11";1300;0;1,40008715781287;0,565371772363275;40;"Thomas Fabbiano";71;"Thanasi Kokkinakis";0,565371772363275;1,40008715781287;-0,834715385449597;32,8;25,9;6,9;173;196;-23;1,5;0,2;0,2;1,5;-1,3;5;0;1;0;4;0;0;4;-4;0;0;1
"853143";"2022-0403";"Miami Masters";"Hard";"128";"Masters";21;131;"J J Wolf";"R";183;"USA";23,2;107;"Sam Querrey";"R";198;"USA";34,4;"6-4 6-3";3;"Q1";61;6;2;56;40;30;10;10;0;1;12;2;51;34;25;5;9;2;5;167;356;110;620;6;6;NA;NA;NA;4;3;NA;NA;NA;2022-03-21;2022;"2022-0403:21";1301;0;0,616295707525948;1,21864028647534;107;"Sam Querrey";131;"J J Wolf";1,21864028647534;0,616295707525948;0,602344578949392;34,4;23,2;11,2;198;183;15;0;0,4;0,4;0;0,4;5;1;2;0;3;1;1;3;-2;0;0;1
"853149";"2022-0403";"Miami Masters";"Hard";"128";"Masters";27;74;"Mitchell Krueger";"R";188;"USA";28,1;3;"Kevin Anderson";"R";203;"RSA";35,8;"7-6(5) 7-5";3;"Q2";120;4;1;84;61;44;13;12;6;7;13;3;72;40;31;19;12;4;6;160;367;91;719;7;7;NA;NA;NA;6;5;NA;NA;NA;2022-03-21;2022;"2022-0403:27";1302;0;0,678071905112637;1,4922053598013;3;"Kevin Anderson";74;"Mitchell Krueger";1,4922053598013;0,678071905112637;0,814133454688666;35,8;28,1;7,7;203;188;15;0,857142857142857;0,666666666666667;0,666666666666667;0,857142857142857;-0,19047619047619;6;7;4;6;2;1;1;2;-1;0;0;1
"853150";"2022-0403";"Miami Masters";"Hard";"128";"Masters";28;97;"Yoshihito Nishioka";"L";170;"JPN";26,4;38;"Christopher Eubanks";"R";201;"USA";25,8;"2-6 7-6(1) 6-1";3;"Q2";125;5;0;82;64;42;12;14;5;8;5;0;95;62;41;17;13;5;8;96;705;155;402;2;7;6;NA;NA;6;6;1;NA;NA;2022-03-21;2022;"2022-0403:28";1303;0;1,41503749927884;0,723875594725762;38;"Christopher Eubanks";97;"Yoshihito Nishioka";0,723875594725762;1,41503749927884;-0,691161904553081;25,8;26,4;-0,599999999999998;201;170;31;0,625;0,625;0,625;0,625;0;8;8;5;5;3;3;3;3;0;0;0;1
"853151";"2022-0403";"Miami Masters";"Hard";"128";"Masters";29;54;"Emilio Gomez";"R";185;"ECU";30,3;52;"Peter Gojowczyk";"R";185;"GER";32,6;"3-6 7-6(4) 6-2";3;"Q2";154;9;7;106;62;41;22;15;10;14;8;7;124;57;41;28;14;7;11;145;437;100;683;3;7;6;NA;NA;6;6;2;NA;NA;2022-03-21;2022;"2022-0403:29";1304;0;0,820090909985066;1,35614381022528;52;"Peter Gojowczyk";54;"Emilio Gomez";1,35614381022528;0,820090909985066;0,53605290024021;32,6;30,3;2,3;185;185;0;0,714285714285714;0,636363636363636;0,636363636363636;0,714285714285714;-0,077922077922078;11;14;7;10;4;4;4;4;0;0;0;1
"853152";"2022-0403";"Miami Masters";"Hard";"128";"Masters";30;71;"Thanasi Kokkinakis";"R";196;"AUS";25,9;116;"Andreas Seppi";"R";190;"ITA";38;"6-3 6-4";3;"Q2";92;10;2;49;34;32;10;10;1;1;3;4;70;41;29;12;9;4;6;97;700;138;465;6;6;NA;NA;NA;3;4;NA;NA;NA;2022-03-21;2022;"2022-0403:30";1305;1;1,40008715781287;0,891475543221831;71;"Thanasi Kokkinakis";116;"Andreas Seppi";1,40008715781287;0,891475543221831;0,508611614591041;25,9;38;-12,1;196;190;6;1;0,666666666666667;1;0,666666666666667;0,333333333333333;6;1;4;1;2;0;2;0;2;0;0;1
"853156";"2022-0403";"Miami Masters";"Hard";"128";"Masters";34;24;"Taro Daniel";"R";191;"JPN";29,1;43;"Bjorn Fratangelo";"R";183;"USA";28,6;"6-1 7-6(4)";3;"Q2";110;4;1;81;46;34;20;10;3;4;4;2;64;35;25;11;9;2;5;106;641;158;370;6;7;NA;NA;NA;1;6;NA;NA;NA;2022-03-21;2022;"2022-0403:34";1306;1;1,2720795454368;0,696219251822897;24;"Taro Daniel";43;"Bjorn Fratangelo";1,2720795454368;0,696219251822897;0,575860293613904;29,1;28,6;0,5;191;183;8;0,75;0,4;0,75;0,4;0,35;5;4;2;3;3;1;3;1;2;0;0;1
"853158";"2022-0403";"Miami Masters";"Hard";"128";"Masters";36;120;"Jack Sock";"R";185;"USA";29,4;63;"Steve Johnson";"R";188;"USA";32,2;"6-2 6-2";3;"Q2";60;8;1;39;22;18;14;8;0;0;1;0;48;29;17;7;8;1;5;144;437;107;639;6;6;NA;NA;NA;2;2;NA;NA;NA;2022-03-21;2022;"2022-0403:36";1307;0;0,830074998557688;1,25853301359885;63;"Steve Johnson";120;"Jack Sock";1,25853301359885;0,830074998557688;0,428458015041165;32,2;29,4;2,8;188;185;3;1,5;0,2;0,2;1,5;-1,3;5;0;1;0;4;0;0;4;-4;0;0;1
"853159";"2022-0403";"Miami Masters";"Hard";"128";"Masters";37;92;"Andy Murray";"R";190;"GBR";34,8;28;"Federico Delbonis";"L";190;"ARG";31,4;"7-6(4) 6-1";3;"R128";93;9;1;52;40;35;6;9;0;0;4;5;60;34;30;7;10;1;4;85;758;36;1302;7;6;NA;NA;NA;6;1;NA;NA;NA;2022-03-21;2022;"2022-0403:37";1308;0;1,5906090638623;2,83007499855769;28;"Federico Delbonis";92;"Andy Murray";2,83007499855769;1,5906090638623;1,23946593469539;31,4;34,8;-3,4;190;190;0;1,5;0,25;0,25;1,5;-1,25;4;0;1;0;3;0;0;3;-3;0;0;1
"853161";"2022-0403";"Miami Masters";"Hard";"128";"Masters";39;12;"Jenson Brooksby";"R";188;"USA";21,3;21;"Federico Coria";"R";180;"ARG";30;"3-6 6-2 6-3";3;"R128";126;3;0;76;48;28;12;13;2;8;0;0;79;56;23;14;13;4;12;39;1195;60;911;3;6;6;NA;NA;6;2;3;NA;NA;2022-03-21;2022;"2022-0403:39";1309;1;2,71459778113775;2,09310940439148;12;"Jenson Brooksby";21;"Federico Coria";2,71459778113775;2,09310940439148;0,62148837674627;21,3;30;-8,7;188;180;8;0,25;0,333333333333333;0,25;0,333333333333333;-0,0833333333333333;12;8;4;2;8;6;8;6;2;0;0;1
"853164";"2022-0403";"Miami Masters";"Hard";"128";"Masters";42;97;"Yoshihito Nishioka";"L";170;"JPN";26,4;54;"Emilio Gomez";"R";185;"ECU";30,3;"6-2 6-7(2) 6-1";3;"R128";124;1;0;89;66;43;14;14;1;2;6;3;74;42;30;16;13;1;6;96;705;145;437;6;6;6;NA;NA;2;7;1;NA;NA;2022-03-21;2022;"2022-0403:42";1310;0;1,41503749927884;0,820090909985066;54;"Emilio Gomez";97;"Yoshihito Nishioka";0,820090909985066;1,41503749927884;-0,594946589293778;30,3;26,4;3,9;185;170;15;0,5;0,166666666666667;0,166666666666667;0,5;-0,333333333333333;6;2;1;1;5;1;1;5;-4;0;0;1
"853165";"2022-0403";"Miami Masters";"Hard";"128";"Masters";43;58;"Ugo Humbert";"L";188;"FRA";23,7;7;"Aljaz Bedene";"R";181;"SLO";32,6;"6-3 3-6 6-3";3;"R128";115;5;3;71;48;35;15;14;0;2;10;4;80;51;36;15;13;4;7;45;1098;141;450;6;3;6;NA;NA;3;6;3;NA;NA;2022-03-21;2022;"2022-0403:43";1311;0;2,50814690367033;0,860448647601206;7;"Aljaz Bedene";58;"Ugo Humbert";0,860448647601206;2,50814690367033;-1,64769825606912;32,6;23,7;8,9;181;188;-7;0;0,571428571428571;0,571428571428571;0;0,571428571428571;7;2;4;0;3;2;2;3;-1;0;0;1
"853169";"2022-0403";"Miami Masters";"Hard";"128";"Masters";47;104;"Alexei Popyrin";"R";196;"AUS";22,6;93;"Lorenzo Musetti";"R";185;"ITA";20;"7-5 7-6(5)";3;"R128";113;5;4;86;53;45;12;12;2;3;6;2;76;52;36;15;12;5;7;92;711;76;826;7;7;NA;NA;NA;5;6;NA;NA;NA;2022-03-21;2022;"2022-0403:47";1312;0;1,47643804394299;1,75207248655641;93;"Lorenzo Musetti";104;"Alexei Popyrin";1,75207248655641;1,47643804394299;0,275634442613428;20;22,6;-2,6;185;196;-11;0,666666666666667;0,714285714285714;0,714285714285714;0,666666666666667;0,0476190476190477;7;3;5;2;2;1;1;2;-1;0;0;1
"853170";"2022-0403";"Miami Masters";"Hard";"128";"Masters";48;45;"Marton Fucsovics";"R";188;"HUN";30,1;50;"Marcos Giron";"R";180;"USA";28,6;"6-3 6-4";3;"R128";96;1;0;58;44;29;11;10;1;2;1;0;65;38;21;14;9;4;7;55;977;52;998;6;6;NA;NA;NA;3;4;NA;NA;NA;2022-03-21;2022;"2022-0403:48";1313;1;2,21864028647534;2,29956028185891;45;"Marton Fucsovics";50;"Marcos Giron";2,21864028647534;2,29956028185891;-0,0809199953835682;30,1;28,6;1,5;188;180;8;0,5;0,571428571428571;0,5;0,571428571428571;-0,0714285714285714;7;2;4;1;3;1;3;1;2;0;0;1
"853171";"2022-0403";"Miami Masters";"Hard";"128";"Masters";49;76;"Mikhail Kukushkin";"R";183;"KAZ";34,2;128;"Botic Van De Zandschulp";"R";188;"NED";26,4;"6-4 6-4";3;"R128";110;0;1;78;44;28;21;10;11;12;4;2;70;42;24;15;10;9;12;159;369;42;1131;6;6;NA;NA;NA;4;4;NA;NA;NA;2022-03-21;2022;"2022-0403:49";1314;1;0,687117044715644;2,60768257722124;76;"Mikhail Kukushkin";128;"Botic Van De Zandschulp";0,687117044715644;2,60768257722124;-1,9205655325056;34,2;26,4;7,8;183;188;-5;0,916666666666667;0,75;0,916666666666667;0,75;0,166666666666667;12;12;9;11;3;1;3;1;2;0;0;1
"853172";"2022-0403";"Miami Masters";"Hard";"128";"Masters";50;101;"Tommy Paul";"R";185;"USA";24,8;10;"Benjamin Bonzi";"R";185;"FRA";25,7;"6-4 6-4";3;"R128";75;8;3;53;34;24;9;10;3;6;4;1;58;38;21;9;10;2;7;37;1277;59;912;6;6;NA;NA;NA;4;4;NA;NA;NA;2022-03-21;2022;"2022-0403:50";1315;0;2,79054663437105;2,11735695063816;10;"Benjamin Bonzi";101;"Tommy Paul";2,11735695063816;2,79054663437105;-0,673189683732891;25,7;24,8;0,899999999999999;185;185;0;0,5;0,285714285714286;0,285714285714286;0,5;-0,214285714285714;7;6;2;3;5;3;3;5;-2;0;0;1
"853173";"2022-0403";"Miami Masters";"Hard";"128";"Masters";51;72;"Sebastian Korda";"R";196;"USA";21,7;25;"Alejandro Davidovich Fokina";"R";183;"ESP";22,7;"6-1 6-1";3;"R128";72;2;0;48;28;17;13;7;3;4;0;3;45;27;12;4;7;3;9;38;1269;43;1110;6;6;NA;NA;NA;1;1;NA;NA;NA;2022-03-21;2022;"2022-0403:51";1316;0;2,75207248655641;2,5737352452979;25;"Alejandro Davidovich Fokina";72;"Sebastian Korda";2,5737352452979;2,75207248655641;-0,178337241258513;22,7;21,7;1;183;196;-13;0,75;0,333333333333333;0,333333333333333;0,75;-0,416666666666667;9;4;3;3;6;1;1;6;-5;0;0;1
"853174";"2022-0403";"Miami Masters";"Hard";"128";"Masters";52;66;"Miomir Kecmanovic";"R";183;"SRB";22,5;120;"Jack Sock";"R";185;"USA";29,4;"7-6(3) 6-4";3;"R128";99;5;0;69;40;30;20;11;3;4;8;1;70;50;35;9;11;3;5;48;1056;144;437;7;6;NA;NA;NA;6;4;NA;NA;NA;2022-03-21;2022;"2022-0403:52";1317;1;2,41503749927884;0,830074998557688;66;"Miomir Kecmanovic";120;"Jack Sock";2,41503749927884;0,830074998557688;1,58496250072116;22,5;29,4;-6,9;183;185;-2;0,75;0,6;0,75;0,6;0,15;5;4;3;3;2;1;2;1;1;0;0;1
"853175";"2022-0403";"Miami Masters";"Hard";"128";"Masters";53;78;"Nick Kyrgios";"R";193;"AUS";26,8;82;"Adrian Mannarino";"L";183;"FRA";33,7;"7-6(3) 6-3";3;"R128";92;12;4;67;50;41;8;11;0;0;4;1;69;40;27;16;10;1;2;102;673;61;904;7;6;NA;NA;NA;6;3;NA;NA;NA;2022-03-21;2022;"2022-0403:53";1318;1;1,3275746580285;2,06926266243711;78;"Nick Kyrgios";82;"Adrian Mannarino";1,3275746580285;2,06926266243711;-0,741688004408608;26,8;33,7;-6,9;193;183;10;1,5;0,5;1,5;0,5;1;2;0;1;0;1;0;1;0;1;0;0;1
"853176";"2022-0403";"Miami Masters";"Hard";"128";"Masters";54;24;"Taro Daniel";"R";191;"JPN";29,1;91;"Jaume Munar";"R";183;"ESP";24,8;"6-3 6-4";3;"R128";104;0;0;57;39;28;12;10;0;1;6;1;54;32;22;10;9;3;6;106;641;89;724;6;6;NA;NA;NA;3;4;NA;NA;NA;2022-03-21;2022;"2022-0403:54";1319;1;1,2720795454368;1,5242665690336;24;"Taro Daniel";91;"Jaume Munar";1,2720795454368;1,5242665690336;-0,252187023596801;29,1;24,8;4,3;191;183;8;0;0,5;0;0,5;-0,5;6;1;3;0;3;1;3;1;2;0;0;1
"853177";"2022-0403";"Miami Masters";"Hard";"128";"Masters";55;51;"David Goffin";"R";180;"BEL";31,2;14;"Roberto Carballes Baena";"R";183;"ESP";28,9;"6-2 6-3";3;"R128";86;2;1;52;38;27;10;9;0;1;0;2;55;31;15;12;8;4;8;70;863;79;801;6;6;NA;NA;NA;2;3;NA;NA;NA;2022-03-21;2022;"2022-0403:55";1320;0;1,87071698305503;1,6962192518229;14;"Roberto Carballes Baena";51;"David Goffin";1,6962192518229;1,87071698305503;-0,174497731232137;28,9;31,2;-2,3;183;180;3;0;0,5;0,5;0;0,5;8;1;4;0;4;1;1;4;-3;0;0;1
"853178";"2022-0403";"Miami Masters";"Hard";"128";"Masters";56;113;"Emil Ruusuvuori";"R";188;"FIN";22,9;23;"Maxime Cressy";"R";198;"USA";24,8;"6-3 6-2";3;"R128";68;3;0;57;37;28;13;9;3;3;6;2;37;21;16;8;8;0;3;71;862;72;855;6;6;NA;NA;NA;3;2;NA;NA;NA;2022-03-21;2022;"2022-0403:56";1321;0;1,85025288049532;1,83007499855769;23;"Maxime Cressy";113;"Emil Ruusuvuori";1,83007499855769;1,85025288049532;-0,0201778819376299;24,8;22,9;1,9;198;188;10;1;0;0;1;-1;3;3;0;3;3;0;0;3;-3;0;0;1
"853181";"2022-0403";"Miami Masters";"Hard";"128";"Masters";59;95;"Brandon Nakashima";"R";185;"USA";20,6;77;"Soon Woo Kwon";"R";180;"KOR";24,2;"6-1 7-5";3;"R128";79;11;0;46;29;23;17;10;0;0;2;3;58;29;17;17;9;3;6;80;798;63;901;6;7;NA;NA;NA;1;5;NA;NA;NA;2022-03-21;2022;"2022-0403:59";1322;0;1,67807190511264;2,02272007650008;77;"Soon Woo Kwon";95;"Brandon Nakashima";2,02272007650008;1,67807190511264;0,344648171387446;24,2;20,6;3,6;180;185;-5;1,5;0,5;0,5;1,5;-1;6;0;3;0;3;0;0;3;-3;0;0;1
"853183";"2022-0403";"Miami Masters";"Hard";"128";"Masters";61;79;"Henri Laaksonen";"R";185;"SUI";29,9;100;"Benoit Paire";"R";196;"FRA";32,8;"7-6(8) 1-6 6-4";3;"R128";128;3;7;103;59;37;20;15;6;12;9;3;92;61;44;12;14;4;8;86;744;49;1041;7;1;6;NA;NA;6;6;4;NA;NA;2022-03-21;2022;"2022-0403:61";1323;1;1,5737352452979;2,38529015588479;79;"Henri Laaksonen";100;"Benoit Paire";1,5737352452979;2,38529015588479;-0,81155491058689;29,9;32,8;-2,9;185;196;-11;0,5;0,5;0,5;0,5;0;8;12;4;6;4;6;4;6;-2;0;0;1
"853184";"2022-0403";"Miami Masters";"Hard";"128";"Masters";62;46;"Daniel Elahi Galan";"R";191;"COL";25,7;87;"John Millman";"R";183;"AUS";32,7;"6-4 6-2";3;"R128";82;3;0;51;32;19;13;9;3;5;2;0;57;34;18;10;9;4;9;118;554;73;838;6;6;NA;NA;NA;4;2;NA;NA;NA;2022-03-21;2022;"2022-0403:62";1324;1;1,11735695063816;1,81017544111998;46;"Daniel Elahi Galan";87;"John Millman";1,11735695063816;1,81017544111998;-0,692818490481824;25,7;32,7;-7;191;183;8;0,6;0,444444444444444;0,6;0,444444444444444;0,155555555555556;9;5;4;3;5;2;5;2;3;0;0;1
"853187";"2022-0403";"Miami Masters";"Hard";"128";"Masters";65;71;"Thanasi Kokkinakis";"R";196;"AUS";25,9;48;"Richard Gasquet";"R";185;"FRA";35,7;"6-4 6-2";3;"R128";93;10;1;56;36;29;11;9;3;3;4;0;59;35;23;11;9;6;9;97;700;81;777;6;6;NA;NA;NA;4;2;NA;NA;NA;2022-03-21;2022;"2022-0403:65";1325;0;1,40008715781287;1,66014999711538;48;"Richard Gasquet";71;"Thanasi Kokkinakis";1,66014999711538;1,40008715781287;0,260062839302504;35,7;25,9;9,8;185;196;-11;1;0,666666666666667;0,666666666666667;1;-0,333333333333333;9;3;6;3;3;0;0;3;-3;0;0;1
"853189";"2022-0403";"Miami Masters";"Hard";"128";"Masters";67;85;"Mackenzie Mcdonald";"R";178;"USA";26,9;69;"Dominik Koepfer";"L";180;"GER";27,8;"6-7(8) 6-4 6-4";3;"R128";161;3;0;107;74;43;16;16;8;15;0;11;113;71;37;16;16;7;16;54;981;64;899;6;6;6;NA;NA;7;4;4;NA;NA;2022-03-21;2022;"2022-0403:67";1326;0;2,24511249783653;2;69;"Dominik Koepfer";85;"Mackenzie Mcdonald";2;2,24511249783653;-0,245112497836532;27,8;26,9;0,900000000000002;180;178;2;0,533333333333333;0,4375;0,4375;0,533333333333333;-0,0958333333333333;16;15;7;8;9;7;7;9;-2;0;0;1
"853190";"2022-0403";"Miami Masters";"Hard";"128";"Masters";68;22;"Borna Coric";"R";188;"CRO";25,3;129;"Fernando Verdasco";"L";188;"ESP";38,3;"6-4 7-5";3;"R128";110;5;1;66;43;29;14;11;3;5;3;2;72;53;34;5;11;3;7;166;359;123;540;6;7;NA;NA;NA;4;5;NA;NA;NA;2022-03-21;2022;"2022-0403:68";1327;1;0,624960568653075;1,05748549466076;22;"Borna Coric";129;"Fernando Verdasco";0,624960568653075;1,05748549466076;-0,432524926007685;25,3;38,3;-13;188;188;0;0,6;0,428571428571429;0,6;0,428571428571429;0,171428571428571;7;5;3;3;4;2;4;2;2;0;0;1
"853191";"2022-0403";"Miami Masters";"Hard";"128";"Masters";69;86;"Daniil Medvedev";"R";198;"RUS";26,1;92;"Andy Murray";"R";190;"GBR";34,8;"6-4 6-2";3;"R64";89;4;2;50;32;27;11;9;0;0;1;1;51;26;19;10;9;3;6;2;8410;85;758;6;6;NA;NA;NA;4;2;NA;NA;NA;2022-03-21;2022;"2022-0403:69";1328;1;7;1,5906090638623;86;"Daniil Medvedev";92;"Andy Murray";7;1,5906090638623;5,4093909361377;26,1;34,8;-8,7;198;190;8;1,5;0,5;1,5;0,5;1;6;0;3;0;3;0;3;0;3;0;0;1
"853192";"2022-0403";"Miami Masters";"Hard";"128";"Masters";70;83;"Pedro Martinez";"R";185;"ESP";24,9;47;"Cristian Garin";"R";185;"CHI";25,8;"7-6(2) 6-2";3;"R64";137;4;3;82;53;35;15;10;4;6;0;1;67;40;21;12;10;2;6;47;1077;30;1466;7;6;NA;NA;NA;6;2;NA;NA;NA;2022-03-21;2022;"2022-0403:70";1329;0;2,44541114832236;3,09310940439148;47;"Cristian Garin";83;"Pedro Martinez";3,09310940439148;2,44541114832236;0,647698256069119;25,8;24,9;0,900000000000002;185;185;0;0,666666666666667;0,333333333333333;0,333333333333333;0,666666666666667;-0,333333333333333;6;6;2;4;4;2;2;4;-2;0;0;1
"853193";"2022-0403";"Miami Masters";"Hard";"128";"Masters";71;12;"Jenson Brooksby";"R";188;"USA";21,3;5;"Nikoloz Basilashvili";"R";185;"GEO";30;"6-3 6-1";3;"R64";69;5;0;59;37;31;9;8;1;2;1;2;47;31;19;4;8;0;5;39;1195;20;1916;6;6;NA;NA;NA;3;1;NA;NA;NA;2022-03-21;2022;"2022-0403:71";1330;0;2,71459778113775;3,67807190511264;5;"Nikoloz Basilashvili";12;"Jenson Brooksby";3,67807190511264;2,71459778113775;0,963474123974886;30;21,3;8,7;185;188;-3;0,5;0;0;0,5;-0,5;5;2;0;1;5;1;1;5;-4;0;0;1
"853195";"2022-0403";"Miami Masters";"Hard";"128";"Masters";73;56;"Lloyd Harris";"R";193;"RSA";25;117;"Denis Shapovalov";"L";185;"CAN";22,9;"6-3 6-4";3;"R64";79;5;0;47;30;23;12;9;1;2;4;6;66;35;22;15;10;6;10;44;1101;14;2863;6;6;NA;NA;NA;3;4;NA;NA;NA;2022-03-21;2022;"2022-0403:73";1331;1;2,5405683813627;4,1926450779424;56;"Lloyd Harris";117;"Denis Shapovalov";2,5405683813627;4,1926450779424;-1,65207669657969;25;22,9;2,1;193;185;8;0,5;0,6;0,5;0,6;-0,1;10;2;6;1;4;1;4;1;3;0;0;1
"853196";"2022-0403";"Miami Masters";"Hard";"128";"Masters";74;97;"Yoshihito Nishioka";"L";170;"JPN";26,4;39;"Daniel Evans";"R";175;"GBR";31,8;"3-6 6-4 6-3";3;"R64";138;2;1;100;70;45;18;14;5;8;4;4;80;43;35;15;14;2;6;96;705;27;1567;3;6;6;NA;NA;6;4;3;NA;NA;2022-03-21;2022;"2022-0403:74";1332;0;1,41503749927884;3,24511249783653;39;"Daniel Evans";97;"Yoshihito Nishioka";3,24511249783653;1,41503749927884;1,83007499855769;31,8;26,4;5,4;175;170;5;0,625;0,333333333333333;0,333333333333333;0,625;-0,291666666666667;6;8;2;5;4;3;3;4;-1;0;0;1
"853197";"2022-0403";"Miami Masters";"Hard";"128";"Masters";75;64;"Aslan Karatsev";"R";185;"RUS";28,5;58;"Ugo Humbert";"L";188;"FRA";23,7;"7-5 6-2";3;"R64";106;6;6;70;40;28;18;10;3;4;0;2;78;45;25;17;10;4;8;32;1428;45;1098;7;6;NA;NA;NA;5;2;NA;NA;NA;2022-03-21;2022;"2022-0403:75";1333;0;3;2,50814690367033;58;"Ugo Humbert";64;"Aslan Karatsev";2,50814690367033;3;-0,491853096329675;23,7;28,5;-4,8;188;185;3;0,75;0,5;0,5;0,75;-0,25;8;4;4;3;4;1;1;4;-3;0;0;1
"853199";"2022-0403";"Miami Masters";"Hard";"128";"Masters";77;127;"Stefanos Tsitsipas";"R";193;"GRE";23,6;131;"J J Wolf";"R";183;"USA";23,2;"6-4 6-7(5) 6-1";3;"R64";121;10;1;78;49;38;17;14;0;2;7;4;87;50;36;17;15;2;8;5;6070;167;356;6;6;6;NA;NA;4;7;1;NA;NA;2022-03-21;2022;"2022-0403:77";1334;1;5,67807190511264;0,616295707525948;127;"Stefanos Tsitsipas";131;"J J Wolf";5,67807190511264;0,616295707525948;5,06177619758669;23,6;23,2;0,400000000000002;193;183;10;0;0,25;0;0,25;-0,25;8;2;2;0;6;2;6;2;4;0;0;1
"853200";"2022-0403";"Miami Masters";"Hard";"128";"Masters";78;26;"Alex De Minaur";"R";183;"AUS";23;125;"Jordan Thompson";"R";183;"AUS";27,9;"6-2 6-3";3;"R64";68;1;0;40;23;18;12;8;0;1;1;2;48;27;16;7;9;0;5;28;1531;78;805;6;6;NA;NA;NA;2;3;NA;NA;NA;2022-03-21;2022;"2022-0403:78";1335;1;3,1926450779424;1,71459778113775;26;"Alex De Minaur";125;"Jordan Thompson";3,1926450779424;1,71459778113775;1,47804729680464;23;27,9;-4,9;183;183;0;0;0;0;0;0;5;1;0;0;5;1;5;1;4;0;0;1
"853201";"2022-0403";"Miami Masters";"Hard";"128";"Masters";79;19;"Marin Cilic";"R";198;"CRO";33,4;104;"Alexei Popyrin";"R";196;"AUS";22,6;"6-0 6-3";3;"R64";53;6;1;42;26;22;10;8;0;0;1;0;36;24;15;4;7;1;5;23;1785;92;711;6;6;NA;NA;NA;0;3;NA;NA;NA;2022-03-21;2022;"2022-0403:79";1336;1;3,47643804394299;1,47643804394299;19;"Marin Cilic";104;"Alexei Popyrin";3,47643804394299;1,47643804394299;2;33,4;22,6;10,8;198;196;2;1,5;0,2;1,5;0,2;1,3;5;0;1;0;4;0;4;0;4;0;0;1
"853202";"2022-0403";"Miami Masters";"Hard";"128";"Masters";80;2;"Carlos Alcaraz";"R";185;"ESP";18,8;45;"Marton Fucsovics";"R";188;"HUN";30,1;"6-3 6-2";3;"R64";81;2;3;55;35;29;11;9;3;3;1;2;58;36;24;10;8;3;6;16;2414;55;977;6;6;NA;NA;NA;3;2;NA;NA;NA;2022-03-21;2022;"2022-0403:80";1337;1;4;2,21864028647534;2;"Carlos Alcaraz";45;"Marton Fucsovics";4;2,21864028647534;1,78135971352466;18,8;30,1;-11,3;185;188;-3;1;0,5;1;0,5;0,5;6;3;3;3;3;0;3;0;3;0;0;1
"853203";"2022-0403";"Miami Masters";"Hard";"128";"Masters";81;44;"Taylor Fritz";"R";193;"USA";24,3;76;"Mikhail Kukushkin";"R";183;"KAZ";34,2;"6-3 5-7 6-3";3;"R64";126;10;0;75;48;41;16;15;0;1;0;1;92;63;44;12;15;8;11;13;2920;159;369;6;5;6;NA;NA;3;7;3;NA;NA;2022-03-21;2022;"2022-0403:81";1338;1;4,29956028185891;0,687117044715644;44;"Taylor Fritz";76;"Mikhail Kukushkin";4,29956028185891;0,687117044715644;3,61244323714326;24,3;34,2;-9,9;193;183;10;0;0,727272727272727;0;0,727272727272727;-0,727272727272727;11;1;8;0;3;1;3;1;2;0;0;1
"853204";"2022-0403";"Miami Masters";"Hard";"128";"Masters";82;101;"Tommy Paul";"R";185;"USA";24,8;67;"Karen Khachanov";"R";198;"RUS";25,8;"6-4 3-6 7-6(3)";3;"R64";144;6;4;87;55;41;16;15;2;5;6;3;110;74;47;21;16;13;16;37;1277;25;1623;6;3;7;NA;NA;4;6;6;NA;NA;2022-03-21;2022;"2022-0403:82";1339;0;2,79054663437105;3,35614381022528;67;"Karen Khachanov";101;"Tommy Paul";3,35614381022528;2,79054663437105;0,565597175854226;25,8;24,8;1;198;185;13;0,4;0,8125;0,8125;0,4;0,4125;16;5;13;2;3;3;3;3;0;0;0;1
"853205";"2022-0403";"Miami Masters";"Hard";"128";"Masters";83;72;"Sebastian Korda";"R";196;"USA";21,7;108;"Albert Ramos";"L";188;"ESP";34,1;"4-6 7-6(6) 6-3";3;"R64";160;9;2;99;64;46;17;15;4;8;3;0;108;79;50;14;16;11;16;38;1269;35;1314;4;7;6;NA;NA;6;6;3;NA;NA;2022-03-21;2022;"2022-0403:83";1340;1;2,75207248655641;2,87071698305503;72;"Sebastian Korda";108;"Albert Ramos";2,75207248655641;2,87071698305503;-0,118644496498619;21,7;34,1;-12,4;196;188;8;0,5;0,6875;0,5;0,6875;-0,1875;16;8;11;4;5;4;5;4;1;0;0;1
"853206";"2022-0403";"Miami Masters";"Hard";"128";"Masters";84;66;"Miomir Kecmanovic";"R";183;"SRB";22,5;4;"Felix Auger Aliassime";"R";193;"CAN";21,6;"6-4 6-2";3;"R64";93;4;1;59;33;25;18;9;5;5;5;4;58;34;21;10;9;3;6;48;1056;9;3803;6;6;NA;NA;NA;4;2;NA;NA;NA;2022-03-21;2022;"2022-0403:84";1341;0;2,41503749927884;4,83007499855769;4;"Felix Auger Aliassime";66;"Miomir Kecmanovic";4,83007499855769;2,41503749927884;2,41503749927884;21,6;22,5;-0,899999999999999;193;183;10;1;0,5;0,5;1;-0,5;6;5;3;5;3;0;0;3;-3;0;0;1
"853207";"2022-0403";"Miami Masters";"Hard";"128";"Masters";85;78;"Nick Kyrgios";"R";193;"AUS";26,8;110;"Andrey Rublev";"R";188;"RUS";24,4;"6-3 6-0";3;"R64";52;10;0;54;43;30;5;8;2;3;5;3;39;20;13;4;7;2;7;102;673;7;4725;6;6;NA;NA;NA;3;0;NA;NA;NA;2022-03-21;2022;"2022-0403:85";1342;1;1,3275746580285;5,1926450779424;78;"Nick Kyrgios";110;"Andrey Rublev";1,3275746580285;5,1926450779424;-3,86507041991389;26,8;24,4;2,4;193;188;5;0,666666666666667;0,285714285714286;0,666666666666667;0,285714285714286;0,380952380952381;7;3;2;2;5;1;5;1;4;0;0;1
"853208";"2022-0403";"Miami Masters";"Hard";"128";"Masters";86;42;"Fabio Fognini";"R";178;"ITA";34,8;24;"Taro Daniel";"R";191;"JPN";29,1;"6-7(1) 6-2 7-6(5)";3;"R64";171;9;7;115;71;50;21;16;8;12;9;1;104;67;46;16;16;4;10;34;1339;106;641;6;6;7;NA;NA;7;2;6;NA;NA;2022-03-21;2022;"2022-0403:86";1343;0;2,91253715874966;1,2720795454368;24;"Taro Daniel";42;"Fabio Fognini";1,2720795454368;2,91253715874966;-1,64045761331286;29,1;34,8;-5,7;191;178;13;0,666666666666667;0,4;0,4;0,666666666666667;-0,266666666666667;10;12;4;8;6;4;4;6;-2;0;0;1
"853209";"2022-0403";"Miami Masters";"Hard";"128";"Masters";87;15;"Pablo Carreno Busta";"R";188;"ESP";30,6;51;"David Goffin";"R";180;"BEL";31,2;"6-3 6-2";3;"R64";69;1;1;48;32;24;13;9;0;0;4;2;48;36;23;3;8;2;5;19;2220;70;863;6;6;NA;NA;NA;3;2;NA;NA;NA;2022-03-21;2022;"2022-0403:87";1344;1;3,75207248655641;1,87071698305503;15;"Pablo Carreno Busta";51;"David Goffin";3,75207248655641;1,87071698305503;1,88135550350138;30,6;31,2;-0,599999999999998;188;180;8;1,5;0,4;1,5;0,4;1,1;5;0;2;0;3;0;3;0;3;0;0;1
"853210";"2022-0403";"Miami Masters";"Hard";"128";"Masters";88;119;"Jannik Sinner";"R";188;"ITA";20,5;113;"Emil Ruusuvuori";"R";188;"FIN";22,9;"6-4 3-6 7-6(8)";3;"R64";160;3;2;101;63;49;15;15;6;8;4;4;98;66;45;19;16;2;4;11;3474;71;862;6;3;7;NA;NA;4;6;6;NA;NA;2022-03-21;2022;"2022-0403:88";1345;0;4,5405683813627;1,85025288049532;113;"Emil Ruusuvuori";119;"Jannik Sinner";1,85025288049532;4,5405683813627;-2,69031550086738;22,9;20,5;2,4;188;188;0;0,75;0,5;0,5;0,75;-0,25;4;8;2;6;2;2;2;2;0;0;0;1
"853213";"2022-0403";"Miami Masters";"Hard";"128";"Masters";91;126;"Frances Tiafoe";"R";188;"USA";24,1;95;"Brandon Nakashima";"R";185;"USA";20,6;"3-6 7-6(5) 6-4";3;"R64";130;14;1;89;59;49;14;15;1;2;7;2;85;55;44;22;16;1;2;31;1453;80;798;3;7;6;NA;NA;6;6;4;NA;NA;2022-03-21;2022;"2022-0403:91";1346;0;3,04580368961313;1,67807190511264;95;"Brandon Nakashima";126;"Frances Tiafoe";1,67807190511264;3,04580368961313;-1,36773178450049;20,6;24,1;-3,5;185;188;-3;0,5;0,5;0,5;0,5;0;2;2;1;1;1;1;1;1;0;0;0;1
"853215";"2022-0403";"Miami Masters";"Hard";"128";"Masters";93;112;"Casper Ruud";"R";183;"NOR";23,2;79;"Henri Laaksonen";"R";185;"SUI";29,9;"6-1 6-2";3;"R64";50;5;1;39;29;25;7;8;0;0;2;1;38;13;7;11;7;2;6;8;3870;86;744;6;6;NA;NA;NA;1;2;NA;NA;NA;2022-03-21;2022;"2022-0403:93";1347;0;5;1,5737352452979;79;"Henri Laaksonen";112;"Casper Ruud";1,5737352452979;5;-3,4262647547021;29,9;23,2;6,7;185;183;2;1,5;0,333333333333333;0,333333333333333;1,5;-1,16666666666667;6;0;2;0;4;0;0;4;-4;0;0;1
"853216";"2022-0403";"Miami Masters";"Hard";"128";"Masters";94;13;"Alexander Bublik";"R";196;"KAZ";24,7;46;"Daniel Elahi Galan";"R";191;"COL";25,7;"6-7(7) 6-3 6-4";3;"R64";129;11;13;94;54;42;19;16;5;9;1;0;109;70;40;20;15;6;12;33;1416;118;554;6;6;6;NA;NA;7;3;4;NA;NA;2022-03-21;2022;"2022-0403:94";1348;1;2,95560588064155;1,11735695063816;13;"Alexander Bublik";46;"Daniel Elahi Galan";2,95560588064155;1,11735695063816;1,83824893000339;24,7;25,7;-1;196;191;5;0,555555555555556;0,5;0,555555555555556;0,5;0,0555555555555556;12;9;6;5;6;4;6;4;2;0;0;1
"853217";"2022-0403";"Miami Masters";"Hard";"128";"Masters";95;49;"Hugo Gaston";"L";173;"FRA";21,4;60;"John Isner";"R";206;"USA";36,9;"7-6(5) 6-4";3;"R64";94;4;1;70;46;35;18;11;5;5;22;2;71;48;40;9;11;8;9;68;877;22;1846;7;6;NA;NA;NA;6;4;NA;NA;NA;2022-03-21;2022;"2022-0403:95";1349;1;1,91253715874966;3,5405683813627;49;"Hugo Gaston";60;"John Isner";1,91253715874966;3,5405683813627;-1,62803122261304;21,4;36,9;-15,5;173;206;-33;1;0,888888888888889;1;0,888888888888889;0,111111111111111;9;5;8;5;1;0;1;0;1;0;0;1
"853219";"2022-0403";"Miami Masters";"Hard";"128";"Masters";97;71;"Thanasi Kokkinakis";"R";196;"AUS";25,9;115;"Diego Schwartzman";"R";170;"ARG";29,5;"4-6 7-6(3) 6-4";3;"R64";185;8;3;107;68;51;13;16;5;10;0;5;98;61;36;21;16;6;11;97;700;15;2660;4;7;6;NA;NA;6;6;4;NA;NA;2022-03-21;2022;"2022-0403:97";1350;1;1,40008715781287;4,09310940439148;71;"Thanasi Kokkinakis";115;"Diego Schwartzman";1,40008715781287;4,09310940439148;-2,69302224657861;25,9;29,5;-3,6;196;170;26;0,5;0,545454545454545;0,5;0,545454545454545;-0,0454545454545454;11;10;6;5;5;5;5;5;0;0;0;1
"853220";"2022-0403";"Miami Masters";"Hard";"128";"Masters";98;75;"Denis Kudla";"R";180;"USA";29,5;121;"Lorenzo Sonego";"R";191;"ITA";26,8;"3-6 7-6(5) 6-4";3;"R64";149;2;3;99;67;46;17;15;4;7;14;2;87;54;42;19;16;0;3;84;759;21;1902;3;7;6;NA;NA;6;6;4;NA;NA;2022-03-21;2022;"2022-0403:98";1351;1;1,60768257722124;3,60768257722124;75;"Denis Kudla";121;"Lorenzo Sonego";1,60768257722124;3,60768257722124;-2;29,5;26,8;2,7;180;191;-11;0,571428571428571;0;0,571428571428571;0;0,571428571428571;3;7;0;4;3;3;3;3;0;0;0;1
"853221";"2022-0403";"Miami Masters";"Hard";"128";"Masters";99;85;"Mackenzie Mcdonald";"R";178;"USA";26,9;29;"Grigor Dimitrov";"R";188;"BUL";30,8;"6-1 6-4";3;"R64";72;1;2;57;36;26;14;9;0;0;2;0;43;29;18;8;8;0;3;54;981;29;1471;6;6;NA;NA;NA;1;4;NA;NA;NA;2022-03-21;2022;"2022-0403:99";1352;0;2,24511249783653;3,14201900487243;29;"Grigor Dimitrov";85;"Mackenzie Mcdonald";3,14201900487243;2,24511249783653;0,896906507035896;30,8;26,9;3,9;188;178;10;1,5;0;0;1,5;-1,5;3;0;0;0;3;0;0;3;-3;0;0;1
"853222";"2022-0403";"Miami Masters";"Hard";"128";"Masters";100;133;"Alexander Zverev";"R";198;"GER";24,9;22;"Borna Coric";"R";188;"CRO";25,3;"6-4 3-6 6-3";3;"R64";121;12;1;75;55;45;11;14;1;2;2;0;78;51;33;20;14;1;3;4;7025;166;359;6;3;6;NA;NA;4;6;3;NA;NA;2022-03-21;2022;"2022-0403:100";1353;0;6;0,624960568653075;22;"Borna Coric";133;"Alexander Zverev";0,624960568653075;6;-5,37503943134692;25,3;24,9;0,400000000000002;188;198;-10;0,5;0,333333333333333;0,333333333333333;0,5;-0,166666666666667;3;2;1;1;2;1;1;2;-1;0;0;1
"853223";"2022-0403";"Miami Masters";"Hard";"128";"Masters";101;86;"Daniil Medvedev";"R";198;"RUS";26,1;83;"Pedro Martinez";"R";185;"ESP";24,9;"6-3 6-4";3;"R32";84;14;1;55;39;31;10;10;2;3;0;2;58;36;22;12;9;3;6;2;8410;47;1077;6;6;NA;NA;NA;3;4;NA;NA;NA;2022-03-21;2022;"2022-0403:101";1354;0;7;2,44541114832236;83;"Pedro Martinez";86;"Daniil Medvedev";2,44541114832236;7;-4,55458885167764;24,9;26,1;-1,2;185;198;-13;0,666666666666667;0,5;0,5;0,666666666666667;-0,166666666666667;6;3;3;2;3;1;1;3;-2;0;0;1
"853224";"2022-0403";"Miami Masters";"Hard";"128";"Masters";102;12;"Jenson Brooksby";"R";188;"USA";21,3;6;"Roberto Bautista Agut";"R";183;"ESP";33,9;"6-3 5-7 6-4";3;"R32";179;8;0;96;57;36;22;15;6;10;2;1;94;58;36;19;16;6;12;39;1195;17;2375;6;5;6;NA;NA;3;7;4;NA;NA;2022-03-21;2022;"2022-0403:102";1355;0;2,71459778113775;3,91253715874966;6;"Roberto Bautista Agut";12;"Jenson Brooksby";3,91253715874966;2,71459778113775;1,19793937761191;33,9;21,3;12,6;183;188;-5;0,6;0,5;0,5;0,6;-0,1;12;10;6;6;6;4;4;6;-2;0;0;1
"853225";"2022-0403";"Miami Masters";"Hard";"128";"Masters";103;56;"Lloyd Harris";"R";193;"RSA";25;97;"Yoshihito Nishioka";"L";170;"JPN";26,4;"7-6(5) 4-6 7-5";3;"R32";154;19;2;122;82;59;21;17;8;9;2;1;96;68;51;19;17;0;1;44;1101;96;705;7;4;7;NA;NA;6;6;5;NA;NA;2022-03-21;2022;"2022-0403:103";1356;1;2,5405683813627;1,41503749927884;56;"Lloyd Harris";97;"Yoshihito Nishioka";2,5405683813627;1,41503749927884;1,12553088208386;25;26,4;-1,4;193;170;23;0,888888888888889;0;0,888888888888889;0;0,888888888888889;1;9;0;8;1;1;1;1;0;0;0;1
"853226";"2022-0403";"Miami Masters";"Hard";"128";"Masters";104;59;"Hubert Hurkacz";"R";196;"POL";25,1;64;"Aslan Karatsev";"R";185;"RUS";28,5;"7-5 4-6 6-3";3;"R32";142;24;1;89;63;52;14;16;2;3;6;3;94;53;37;26;15;2;4;10;3513;32;1428;7;4;6;NA;NA;5;6;3;NA;NA;2022-03-21;2022;"2022-0403:104";1357;1;4,67807190511264;3;59;"Hubert Hurkacz";64;"Aslan Karatsev";4,67807190511264;3;1,67807190511264;25,1;28,5;-3,4;196;185;11;0,666666666666667;0,5;0,666666666666667;0,5;0,166666666666667;4;3;2;2;2;1;2;1;1;0;0;1
"853227";"2022-0403";"Miami Masters";"Hard";"128";"Masters";105;127;"Stefanos Tsitsipas";"R";193;"GRE";23,6;26;"Alex De Minaur";"R";183;"AUS";23;"6-4 6-3";3;"R32";90;8;1;57;34;28;16;10;3;3;2;3;76;50;32;13;9;4;6;5;6070;28;1531;6;6;NA;NA;NA;4;3;NA;NA;NA;2022-03-21;2022;"2022-0403:105";1358;0;5,67807190511264;3,1926450779424;26;"Alex De Minaur";127;"Stefanos Tsitsipas";3,1926450779424;5,67807190511264;-2,48542682717024;23;23,6;-0,600000000000001;183;193;-10;1;0,666666666666667;0,666666666666667;1;-0,333333333333333;6;3;4;3;2;0;0;2;-2;0;0;1
"853228";"2022-0403";"Miami Masters";"Hard";"128";"Masters";106;2;"Carlos Alcaraz";"R";185;"ESP";18,8;19;"Marin Cilic";"R";198;"CRO";33,4;"6-4 6-4";3;"R32";95;2;1;55;36;28;13;10;1;1;2;1;66;45;31;10;10;7;9;16;2414;23;1785;6;6;NA;NA;NA;4;4;NA;NA;NA;2022-03-21;2022;"2022-0403:106";1359;1;4;3,47643804394299;2;"Carlos Alcaraz";19;"Marin Cilic";4;3,47643804394299;0,523561956057013;18,8;33,4;-14,6;185;198;-13;1;0,777777777777778;1;0,777777777777778;0,222222222222222;9;1;7;1;2;0;2;0;2;0;0;1
"853229";"2022-0403";"Miami Masters";"Hard";"128";"Masters";107;44;"Taylor Fritz";"R";193;"USA";24,3;101;"Tommy Paul";"R";185;"USA";24,8;"7-6(2) 6-4";3;"R32";93;4;1;67;37;30;20;11;2;3;2;2;69;43;29;14;11;0;2;13;2920;37;1277;7;6;NA;NA;NA;6;4;NA;NA;NA;2022-03-21;2022;"2022-0403:107";1360;1;4,29956028185891;2,79054663437105;44;"Taylor Fritz";101;"Tommy Paul";4,29956028185891;2,79054663437105;1,50901364748786;24,3;24,8;-0,5;193;185;8;0,666666666666667;0;0,666666666666667;0;0,666666666666667;2;3;0;2;2;1;2;1;1;0;0;1
"853230";"2022-0403";"Miami Masters";"Hard";"128";"Masters";108;66;"Miomir Kecmanovic";"R";183;"SRB";22,5;72;"Sebastian Korda";"R";196;"USA";21,7;"7-6(4) 6-3";3;"R32";88;4;3;71;49;39;11;11;2;3;11;3;65;41;27;14;10;5;7;48;1056;38;1269;7;6;NA;NA;NA;6;3;NA;NA;NA;2022-03-21;2022;"2022-0403:108";1361;1;2,41503749927884;2,75207248655641;66;"Miomir Kecmanovic";72;"Sebastian Korda";2,41503749927884;2,75207248655641;-0,337034987277571;22,5;21,7;0,800000000000001;183;196;-13;0,666666666666667;0,714285714285714;0,666666666666667;0,714285714285714;-0,0476190476190477;7;3;5;2;2;1;2;1;1;0;0;1
"853231";"2022-0403";"Miami Masters";"Hard";"128";"Masters";109;78;"Nick Kyrgios";"R";193;"AUS";26,8;42;"Fabio Fognini";"R";178;"ITA";34,8;"6-2 6-4";3;"R32";61;10;1;44;34;29;7;9;0;0;2;3;53;31;20;11;9;3;6;102;673;34;1339;6;6;NA;NA;NA;2;4;NA;NA;NA;2022-03-21;2022;"2022-0403:109";1362;0;1,3275746580285;2,91253715874966;42;"Fabio Fognini";78;"Nick Kyrgios";2,91253715874966;1,3275746580285;1,58496250072116;34,8;26,8;8;178;193;-15;1,5;0,5;0,5;1,5;-1;6;0;3;0;3;0;0;3;-3;0;0;1
"853232";"2022-0403";"Miami Masters";"Hard";"128";"Masters";110;119;"Jannik Sinner";"R";188;"ITA";20,5;15;"Pablo Carreno Busta";"R";188;"ESP";30,6;"5-7 7-5 7-5";3;"R32";191;15;1;140;85;57;27;18;13;17;3;1;94;59;40;17;18;2;7;11;3474;19;2220;5;7;7;NA;NA;7;5;5;NA;NA;2022-03-21;2022;"2022-0403:110";1363;0;4,5405683813627;3,75207248655641;15;"Pablo Carreno Busta";119;"Jannik Sinner";3,75207248655641;4,5405683813627;-0,788495894806288;30,6;20,5;10,1;188;188;0;0,764705882352941;0,285714285714286;0,285714285714286;0,764705882352941;-0,478991596638655;7;17;2;13;5;4;4;5;-1;0;0;1
"853235";"2022-0403";"Miami Masters";"Hard";"128";"Masters";113;112;"Casper Ruud";"R";183;"NOR";23,2;13;"Alexander Bublik";"R";196;"KAZ";24,7;"6-3 6-2";3;"R32";58;3;0;46;33;28;8;9;0;0;5;2;50;31;21;7;8;4;7;8;3870;33;1416;6;6;NA;NA;NA;3;2;NA;NA;NA;2022-03-21;2022;"2022-0403:113";1364;0;5;2,95560588064155;13;"Alexander Bublik";112;"Casper Ruud";2,95560588064155;5;-2,04439411935845;24,7;23,2;1,5;196;183;13;1,5;0,571428571428571;0,571428571428571;1,5;-0,928571428571429;7;0;4;0;3;0;0;3;-3;0;0;1
"853236";"2022-0403";"Miami Masters";"Hard";"128";"Masters";114;98;"Cameron Norrie";"L";188;"GBR";26,5;49;"Hugo Gaston";"L";173;"FRA";21,4;"6-3 7-5";3;"R32";115;7;0;72;49;33;12;11;4;6;3;1;81;39;20;22;10;11;15;12;3395;68;877;6;7;NA;NA;NA;3;5;NA;NA;NA;2022-03-21;2022;"2022-0403:114";1365;0;4,41503749927884;1,91253715874966;49;"Hugo Gaston";98;"Cameron Norrie";1,91253715874966;4,41503749927884;-2,50250034052918;21,4;26,5;-5,1;173;188;-15;0,666666666666667;0,733333333333333;0,733333333333333;0,666666666666667;0,0666666666666667;15;6;11;4;4;2;2;4;-2;0;0;1
"853237";"2022-0403";"Miami Masters";"Hard";"128";"Masters";115;71;"Thanasi Kokkinakis";"R";196;"AUS";25,9;75;"Denis Kudla";"R";180;"USA";29,5;"7-6(5) 4-6 7-6(4)";3;"R32";167;22;3;102;72;62;14;17;0;2;10;2;113;71;55;26;17;6;7;97;700;84;759;7;4;7;NA;NA;6;6;6;NA;NA;2022-03-21;2022;"2022-0403:115";1366;1;1,40008715781287;1,60768257722124;71;"Thanasi Kokkinakis";75;"Denis Kudla";1,40008715781287;1,60768257722124;-0,207595419408367;25,9;29,5;-3,6;196;180;16;0;0,857142857142857;0;0,857142857142857;-0,857142857142857;7;2;6;0;1;2;1;2;-1;0;0;1
"853238";"2022-0403";"Miami Masters";"Hard";"128";"Masters";116;133;"Alexander Zverev";"R";198;"GER";24,9;85;"Mackenzie Mcdonald";"R";178;"USA";26,9;"6-2 6-2";3;"R32";73;10;1;50;37;27;9;8;1;1;2;1;62;40;24;9;8;4;8;4;7025;54;981;6;6;NA;NA;NA;2;2;NA;NA;NA;2022-03-21;2022;"2022-0403:116";1367;0;6;2,24511249783653;85;"Mackenzie Mcdonald";133;"Alexander Zverev";2,24511249783653;6;-3,75488750216347;26,9;24,9;2;178;198;-20;1;0,5;0,5;1;-0,5;8;1;4;1;4;0;0;4;-4;0;0;1
"853239";"2022-0403";"Miami Masters";"Hard";"128";"Masters";117;86;"Daniil Medvedev";"R";198;"RUS";26,1;12;"Jenson Brooksby";"R";188;"USA";21,3;"7-5 6-1";3;"R16";78;8;4;58;40;34;7;10;2;3;0;1;46;33;18;6;9;0;4;2;8410;39;1195;7;6;NA;NA;NA;5;1;NA;NA;NA;2022-03-21;2022;"2022-0403:117";1368;0;7;2,71459778113775;12;"Jenson Brooksby";86;"Daniil Medvedev";2,71459778113775;7;-4,28540221886225;21,3;26,1;-4,8;188;198;-10;0,666666666666667;0;0;0,666666666666667;-0,666666666666667;4;3;0;2;4;1;1;4;-3;0;0;1
"853240";"2022-0403";"Miami Masters";"Hard";"128";"Masters";118;59;"Hubert Hurkacz";"R";196;"POL";25,1;56;"Lloyd Harris";"R";193;"RSA";25;"7-6(3) 6-2";3;"R16";89;9;1;60;39;31;12;10;3;4;6;0;64;38;24;11;10;1;4;10;3513;44;1101;7;6;NA;NA;NA;6;2;NA;NA;NA;2022-03-21;2022;"2022-0403:118";1369;0;4,67807190511264;2,5405683813627;56;"Lloyd Harris";59;"Hubert Hurkacz";2,5405683813627;4,67807190511264;-2,13750352374994;25;25,1;-0,100000000000001;193;196;-3;0,75;0,25;0,25;0,75;-0,5;4;4;1;3;3;1;1;3;-2;0;0;1
"853241";"2022-0403";"Miami Masters";"Hard";"128";"Masters";119;2;"Carlos Alcaraz";"R";185;"ESP";18,8;127;"Stefanos Tsitsipas";"R";193;"GRE";23,6;"7-5 6-3";3;"R16";110;1;2;72;50;37;10;10;7;8;5;1;78;46;34;9;11;7;11;16;2414;5;6070;7;6;NA;NA;NA;5;3;NA;NA;NA;2022-03-21;2022;"2022-0403:119";1370;1;4;5,67807190511264;2;"Carlos Alcaraz";127;"Stefanos Tsitsipas";4;5,67807190511264;-1,67807190511264;18,8;23,6;-4,8;185;193;-8;0,875;0,636363636363636;0,875;0,636363636363636;0,238636363636364;11;8;7;7;4;1;4;1;3;0;0;1
"853242";"2022-0403";"Miami Masters";"Hard";"128";"Masters";120;66;"Miomir Kecmanovic";"R";183;"SRB";22,5;44;"Taylor Fritz";"R";193;"USA";24,3;"3-6 6-1 6-4";3;"R16";126;6;2;97;70;51;12;13;5;6;8;1;88;60;42;14;13;5;8;48;1056;13;2920;3;6;6;NA;NA;6;1;4;NA;NA;2022-03-21;2022;"2022-0403:120";1371;0;2,41503749927884;4,29956028185891;44;"Taylor Fritz";66;"Miomir Kecmanovic";4,29956028185891;2,41503749927884;1,88452278258006;24,3;22,5;1,8;193;183;10;0,833333333333333;0,625;0,625;0,833333333333333;-0,208333333333333;8;6;5;5;3;1;1;3;-2;0;0;1
"853243";"2022-0403";"Miami Masters";"Hard";"128";"Masters";121;119;"Jannik Sinner";"R";188;"ITA";20,5;78;"Nick Kyrgios";"R";193;"AUS";26,8;"7-6(3) 6-3";3;"R16";99;8;4;70;46;38;11;10;2;2;7;4;71;45;31;13;11;2;4;11;3474;102;673;7;6;NA;NA;NA;6;3;NA;NA;NA;2022-03-21;2022;"2022-0403:121";1372;0;4,5405683813627;1,3275746580285;78;"Nick Kyrgios";119;"Jannik Sinner";1,3275746580285;4,5405683813627;-3,2129937233342;26,8;20,5;6,3;193;188;5;1;0,5;0,5;1;-0,5;4;2;2;2;2;0;0;2;-2;0;0;1
"853245";"2022-0403";"Miami Masters";"Hard";"128";"Masters";123;112;"Casper Ruud";"R";183;"NOR";23,2;98;"Cameron Norrie";"L";188;"GBR";26,5;"6-3 6-4";3;"R16";92;7;1;68;39;33;10;10;2;3;5;3;53;28;19;12;9;5;8;8;3870;12;3395;6;6;NA;NA;NA;3;4;NA;NA;NA;2022-03-21;2022;"2022-0403:123";1373;0;5;4,41503749927884;98;"Cameron Norrie";112;"Casper Ruud";4,41503749927884;5;-0,584962500721156;26,5;23,2;3,3;188;183;5;0,666666666666667;0,625;0,625;0,666666666666667;-0,0416666666666666;8;3;5;2;3;1;1;3;-2;0;0;1
"853246";"2022-0403";"Miami Masters";"Hard";"128";"Masters";124;133;"Alexander Zverev";"R";198;"GER";24,9;71;"Thanasi Kokkinakis";"R";196;"AUS";25,9;"6-4 6-4";3;"R16";96;4;2;50;35;31;9;10;0;0;8;3;73;41;32;12;10;6;8;4;7025;97;700;6;6;NA;NA;NA;4;4;NA;NA;NA;2022-03-21;2022;"2022-0403:124";1374;0;6;1,40008715781287;71;"Thanasi Kokkinakis";133;"Alexander Zverev";1,40008715781287;6;-4,59991284218713;25,9;24,9;1;196;198;-2;1,5;0,75;0,75;1,5;-0,75;8;0;6;0;2;0;0;2;-2;0;0;1
"853247";"2022-0403";"Miami Masters";"Hard";"128";"Masters";125;59;"Hubert Hurkacz";"R";196;"POL";25,1;86;"Daniil Medvedev";"R";198;"RUS";26,1;"7-6(7) 6-3";3;"QF";123;5;2;64;46;34;11;10;3;4;2;6;94;49;34;22;11;11;14;10;3513;2;8410;7;6;NA;NA;NA;6;3;NA;NA;NA;2022-03-21;2022;"2022-0403:125";1375;1;4,67807190511264;7;59;"Hubert Hurkacz";86;"Daniil Medvedev";4,67807190511264;7;-2,32192809488736;25,1;26,1;-1;196;198;-2;0,75;0,785714285714286;0,75;0,785714285714286;-0,0357142857142857;14;4;11;3;3;1;3;1;2;0;0;1
"853248";"2022-0403";"Miami Masters";"Hard";"128";"Masters";126;2;"Carlos Alcaraz";"R";185;"ESP";18,8;66;"Miomir Kecmanovic";"R";183;"SRB";22,5;"6-7(5) 6-3 7-6(5)";3;"QF";143;5;3;106;79;62;14;17;1;2;2;0;95;64;49;20;16;0;2;16;2414;48;1056;6;6;7;NA;NA;7;3;6;NA;NA;2022-03-21;2022;"2022-0403:126";1376;1;4;2,41503749927884;2;"Carlos Alcaraz";66;"Miomir Kecmanovic";4;2,41503749927884;1,58496250072116;18,8;22,5;-3,7;185;183;2;0,5;0;0,5;0;0,5;2;2;0;1;2;1;2;1;1;0;0;1
"853250";"2022-0403";"Miami Masters";"Hard";"128";"Masters";128;112;"Casper Ruud";"R";183;"NOR";23,2;133;"Alexander Zverev";"R";198;"GER";24,9;"6-3 1-6 6-3";3;"QF";98;6;0;63;47;37;10;13;2;4;10;1;66;44;35;12;12;3;5;8;3870;4;7025;6;1;6;NA;NA;3;6;3;NA;NA;2022-03-21;2022;"2022-0403:128";1377;1;5;6;112;"Casper Ruud";133;"Alexander Zverev";5;6;-1;23,2;24,9;-1,7;183;198;-15;0,5;0,6;0,5;0,6;-0,1;5;4;3;2;2;2;2;2;0;0;0;1
"853251";"2022-0403";"Miami Masters";"Hard";"128";"Masters";129;2;"Carlos Alcaraz";"R";185;"ESP";18,8;59;"Hubert Hurkacz";"R";196;"POL";25,1;"7-6(5) 7-6(2)";3;"SF";122;3;0;81;58;45;16;12;3;3;13;0;86;57;46;13;12;3;3;16;2414;10;3513;7;7;NA;NA;NA;6;6;NA;NA;NA;2022-03-21;2022;"2022-0403:129";1378;1;4;4,67807190511264;2;"Carlos Alcaraz";59;"Hubert Hurkacz";4;4,67807190511264;-0,678071905112638;18,8;25,1;-6,3;185;196;-11;1;1;1;1;0;3;3;3;3;0;0;0;0;0;0;0;1
"853253";"2022-0403";"Miami Masters";"Hard";"128";"Masters";131;2;"Carlos Alcaraz";"R";185;"ESP";18,8;112;"Casper Ruud";"R";183;"NOR";23,2;"7-5 6-4";3;"F";112;6;2;68;48;36;9;11;6;8;5;3;73;43;26;16;11;5;9;16;2414;8;3870;7;6;NA;NA;NA;5;4;NA;NA;NA;2022-03-21;2022;"2022-0403:131";1379;1;4;5;2;"Carlos Alcaraz";112;"Casper Ruud";4;5;-1;18,8;23,2;-4,4;185;183;2;0,75;0,555555555555556;0,75;0,555555555555556;0,194444444444444;9;8;5;6;4;2;4;2;2;0;0;1
"865325";"2022-0421";"Canada Masters";"Hard";"64";"Masters";5;100;"Benoit Paire";"R";196;"FRA";33,2;75;"Denis Kudla";"R";180;"USA";29,9;"6-4 6-4";3;"Q1";81;13;8;66;36;30;12;10;3;4;4;6;75;46;34;9;10;9;12;104;511;96;555;6;6;NA;NA;NA;4;4;NA;NA;NA;2022-08-08;2022;"2022-0421:5";1380;0;0,299560281858908;0,415037499278844;75;"Denis Kudla";100;"Benoit Paire";0,415037499278844;0,299560281858908;0,115477217419936;29,9;33,2;-3,3;180;196;-16;0,75;0,75;0,75;0,75;0;12;4;9;3;3;1;1;3;-2;0;0;1
"865329";"2022-0421";"Canada Masters";"Hard";"64";"Masters";9;77;"Soon Woo Kwon";"R";180;"KOR";24,6;35;"Matthew Ebden";"R";188;"AUS";34,6;"6-1 7-6(1)";3;"Q1";83;4;1;63;35;25;20;10;4;5;9;7;63;39;25;9;9;5;8;81;640;643;34;6;7;NA;NA;NA;1;6;NA;NA;NA;2022-08-08;2022;"2022-0421:9";1381;0;0,660149997115376;-2,32867492732795;35;"Matthew Ebden";77;"Soon Woo Kwon";-2,32867492732795;0,660149997115376;-2,98882492444332;34,6;24,6;10;188;180;8;0,8;0,625;0,625;0,8;-0,175;8;5;5;4;3;1;1;3;-2;0;0;1
"865334";"2022-0421";"Canada Masters";"Hard";"64";"Masters";14;50;"Marcos Giron";"R";180;"USA";29;104;"Alexei Popyrin";"R";196;"AUS";23;"6-4 6-7(10) 6-1";3;"Q2";139;12;2;91;58;49;22;15;3;3;11;5;97;59;43;20;14;2;5;57;801;80;644;6;6;6;NA;NA;4;7;1;NA;NA;2022-08-08;2022;"2022-0421:14";1382;1;1,16710998583526;0,678071905112637;50;"Marcos Giron";104;"Alexei Popyrin";1,16710998583526;0,678071905112637;0,489038080722621;29;23;6;180;196;-16;1;0,4;1;0,4;0,6;5;3;2;3;3;0;3;0;3;0;0;1
"865338";"2022-0421";"Canada Masters";"Hard";"64";"Masters";18;82;"Adrian Mannarino";"L";183;"FRA";34,1;77;"Soon Woo Kwon";"R";180;"KOR";24,6;"1-6 6-4 6-3";3;"Q2";128;2;4;74;42;24;16;13;3;8;3;3;74;37;22;20;13;5;10;70;671;81;640;1;6;6;NA;NA;6;4;3;NA;NA;2022-08-08;2022;"2022-0421:18";1383;0;0,870716983055034;0,660149997115376;77;"Soon Woo Kwon";82;"Adrian Mannarino";0,660149997115376;0,870716983055034;-0,210566985939658;24,6;34,1;-9,5;180;183;-3;0,375;0,5;0,5;0,375;0,125;10;8;5;3;5;5;5;5;0;0;0;1
"865342";"2022-0421";"Canada Masters";"Hard";"64";"Masters";22;26;"Alex De Minaur";"R";183;"AUS";23,4;117;"Denis Shapovalov";"L";185;"CAN";23,3;"7-5 7-6(4)";3;"R64";112;0;1;82;50;40;16;12;4;5;5;2;75;52;37;13;12;2;4;21;1585;22;1560;7;7;NA;NA;NA;5;6;NA;NA;NA;2022-08-08;2022;"2022-0421:22";1384;1;2,60768257722124;2,5405683813627;26;"Alex De Minaur";117;"Denis Shapovalov";2,60768257722124;2,5405683813627;0,0671141958585366;23,4;23,3;0,0999999999999979;183;185;-2;0,8;0,5;0,8;0,5;0,3;4;5;2;4;2;1;2;1;1;0;0;1
"865344";"2022-0421";"Canada Masters";"Hard";"64";"Masters";24;115;"Diego Schwartzman";"R";170;"ARG";29,9;25;"Alejandro Davidovich Fokina";"R";183;"ESP";23,1;"1-6 6-3 6-4";3;"R64";142;0;7;93;65;42;10;13;8;12;2;2;86;51;37;13;13;5;9;15;2245;36;1210;1;6;6;NA;NA;6;3;4;NA;NA;2022-08-08;2022;"2022-0421:24";1385;0;3,09310940439148;1,83007499855769;25;"Alejandro Davidovich Fokina";115;"Diego Schwartzman";1,83007499855769;3,09310940439148;-1,26303440583379;23,1;29,9;-6,8;183;170;13;0,666666666666667;0,555555555555556;0,555555555555556;0,666666666666667;-0,111111111111111;9;12;5;8;4;4;4;4;0;0;0;1
"865345";"2022-0421";"Canada Masters";"Hard";"64";"Masters";25;108;"Albert Ramos";"L";188;"ESP";34,5;51;"David Goffin";"R";180;"BEL";31,6;"7-6(2) 6-2";3;"R64";106;3;2;74;45;33;15;10;9;11;5;4;72;45;26;12;10;2;6;43;1005;61;745;7;6;NA;NA;NA;6;2;NA;NA;NA;2022-08-08;2022;"2022-0421:25";1386;0;1,5737352452979;1,06926266243711;51;"David Goffin";108;"Albert Ramos";1,06926266243711;1,5737352452979;-0,504472582860789;31,6;34,5;-2,9;180;188;-8;0,818181818181818;0,333333333333333;0,333333333333333;0,818181818181818;-0,484848484848485;6;11;2;9;4;2;2;4;-2;0;0;1
"865346";"2022-0421";"Canada Masters";"Hard";"64";"Masters";26;113;"Emil Ruusuvuori";"R";188;"FIN";23,3;130;"Stan Wawrinka";"R";183;"SUI";37,3;"6-3 3-6 6-3";3;"R64";130;4;3;93;68;48;11;14;6;8;7;3;78;44;34;14;13;6;9;44;991;322;145;6;3;6;NA;NA;3;6;3;NA;NA;2022-08-08;2022;"2022-0421:26";1387;1;1,5405683813627;-1,33091687811462;113;"Emil Ruusuvuori";130;"Stan Wawrinka";1,5405683813627;-1,33091687811462;2,87148525947732;23,3;37,3;-14;188;183;5;0,75;0,666666666666667;0,75;0,666666666666667;0,0833333333333334;9;8;6;6;3;2;3;2;1;0;0;1
"865348";"2022-0421";"Canada Masters";"Hard";"64";"Masters";28;12;"Jenson Brooksby";"R";188;"USA";21,7;13;"Alexander Bublik";"R";196;"KAZ";25,1;"6-2 6-3";3;"R64";85;2;1;75;45;28;16;9;5;6;3;7;47;22;12;11;8;2;6;46;972;41;1065;6;6;NA;NA;NA;2;3;NA;NA;NA;2022-08-08;2022;"2022-0421:28";1388;1;1,47643804394299;1,64244799538192;12;"Jenson Brooksby";13;"Alexander Bublik";1,47643804394299;1,64244799538192;-0,166009951438929;21,7;25,1;-3,4;188;196;-8;0,833333333333333;0,333333333333333;0,833333333333333;0,333333333333333;0,5;6;6;2;5;4;1;4;1;3;0;0;1
"865349";"2022-0421";"Canada Masters";"Hard";"64";"Masters";29;6;"Roberto Bautista Agut";"R";183;"ESP";34,3;50;"Marcos Giron";"R";180;"USA";29;"7-6(5) 6-3";3;"R64";118;0;1;65;42;30;12;10;2;4;5;2;84;53;31;13;11;10;14;18;1850;57;801;7;6;NA;NA;NA;6;3;NA;NA;NA;2022-08-08;2022;"2022-0421:29";1389;1;2,83007499855769;1,16710998583526;6;"Roberto Bautista Agut";50;"Marcos Giron";2,83007499855769;1,16710998583526;1,66296501272243;34,3;29;5,3;183;180;3;0,5;0,714285714285714;0,5;0,714285714285714;-0,214285714285714;14;4;10;2;4;2;4;2;2;0;0;1
"865350";"2022-0421";"Canada Masters";"Hard";"64";"Masters";30;98;"Cameron Norrie";"L";188;"GBR";26,9;95;"Brandon Nakashima";"R";185;"USA";21;"6-4 6-4";3;"R64";73;5;0;48;39;32;8;10;0;0;8;1;54;42;31;6;10;3;5;11;2985;63;719;6;6;NA;NA;NA;4;4;NA;NA;NA;2022-08-08;2022;"2022-0421:30";1390;0;3,5405683813627;1,02272007650008;95;"Brandon Nakashima";98;"Cameron Norrie";1,02272007650008;3,5405683813627;-2,51784830486262;21;26,9;-5,9;185;188;-3;1,5;0,6;0,6;1,5;-0,9;5;0;3;0;2;0;0;2;-2;0;0;1
"865351";"2022-0421";"Canada Masters";"Hard";"64";"Masters";31;128;"Botic Van De Zandschulp";"R";188;"NED";26,8;66;"Miomir Kecmanovic";"R";183;"SRB";22,9;"6-1 7-5";3;"R64";65;12;2;49;34;29;9;10;4;5;2;0;53;36;22;8;9;1;5;25;1462;35;1210;6;7;NA;NA;NA;1;5;NA;NA;NA;2022-08-08;2022;"2022-0421:31";1391;0;2,35614381022528;1,87071698305503;66;"Miomir Kecmanovic";128;"Botic Van De Zandschulp";1,87071698305503;2,35614381022528;-0,485426827170242;22,9;26,8;-3,9;183;188;-5;0,8;0,2;0,2;0,8;-0,6;5;5;1;4;4;1;1;4;-3;0;0;1
"865352";"2022-0421";"Canada Masters";"Hard";"64";"Masters";32;97;"Yoshihito Nishioka";"L";170;"JPN";26,8;100;"Benoit Paire";"R";196;"FRA";33,2;"6-2 6-3";3;"R64";73;1;1;68;54;37;9;9;7;7;12;2;54;33;25;6;8;1;4;54;852;104;511;6;6;NA;NA;NA;2;3;NA;NA;NA;2022-08-08;2022;"2022-0421:32";1392;1;1,24511249783653;0,299560281858908;97;"Yoshihito Nishioka";100;"Benoit Paire";1,24511249783653;0,299560281858908;0,945552215977624;26,8;33,2;-6,4;170;196;-26;1;0,25;1;0,25;0,75;4;7;1;7;3;0;3;0;3;0;0;1
"865354";"2022-0421";"Canada Masters";"Hard";"64";"Masters";34;111;"Holger Rune";"R";185;"DEN";19,2;42;"Fabio Fognini";"R";178;"ITA";35,2;"6-3 7-5";3;"R64";101;5;3;78;52;38;14;11;6;6;1;2;65;43;32;9;10;6;8;26;1425;60;766;6;7;NA;NA;NA;3;5;NA;NA;NA;2022-08-08;2022;"2022-0421:34";1393;0;2,29956028185891;1,09310940439148;42;"Fabio Fognini";111;"Holger Rune";1,09310940439148;2,29956028185891;-1,20645087746743;35,2;19,2;16;178;185;-7;1;0,75;0,75;1;-0,25;8;6;6;6;2;0;0;2;-2;0;0;1
"865355";"2022-0421";"Canada Masters";"Hard";"64";"Masters";35;15;"Pablo Carreno Busta";"R";188;"ESP";31;9;"Matteo Berrettini";"R";196;"ITA";26,3;"6-3 6-2";3;"R64";76;4;0;47;33;25;11;9;0;0;4;3;61;36;24;7;8;4;7;23;1555;14;2430;6;6;NA;NA;NA;3;2;NA;NA;NA;2022-08-08;2022;"2022-0421:35";1394;0;2,47643804394299;3,1926450779424;9;"Matteo Berrettini";15;"Pablo Carreno Busta";3,1926450779424;2,47643804394299;0,716207033999409;26,3;31;-4,7;196;188;8;1,5;0,571428571428571;0,571428571428571;1,5;-0,928571428571429;7;0;4;0;3;0;0;3;-3;0;0;1
"865356";"2022-0421";"Canada Masters";"Hard";"64";"Masters";36;88;"Gael Monfils";"R";193;"FRA";35,9;83;"Pedro Martinez";"R";185;"ESP";25,2;"7-6(4) 3-6 6-2";3;"R64";165;11;4;98;68;51;10;14;9;12;0;3;107;77;44;17;15;9;13;20;1615;53;860;7;3;6;NA;NA;6;6;2;NA;NA;2022-08-08;2022;"2022-0421:36";1395;0;2,67807190511264;1,2720795454368;83;"Pedro Martinez";88;"Gael Monfils";1,2720795454368;2,67807190511264;-1,40599235967584;25,2;35,9;-10,7;185;193;-8;0,75;0,692307692307692;0,692307692307692;0,75;-0,0576923076923077;13;12;9;9;4;3;3;4;-1;0;0;1
"865357";"2022-0421";"Canada Masters";"Hard";"64";"Masters";37;23;"Maxime Cressy";"R";198;"USA";25,2;64;"Aslan Karatsev";"R";185;"RUS";28,9;"6-4 6-4";3;"R64";91;11;10;58;29;24;13;10;2;4;3;3;59;36;20;12;10;2;6;31;1279;38;1175;6;6;NA;NA;NA;4;4;NA;NA;NA;2022-08-08;2022;"2022-0421:37";1396;1;2,04580368961313;1,75207248655641;23;"Maxime Cressy";64;"Aslan Karatsev";2,04580368961313;1,75207248655641;0,29373120305671;25,2;28,9;-3,7;198;185;13;0,5;0,333333333333333;0,5;0,333333333333333;0,166666666666667;6;4;2;2;4;2;4;2;2;0;0;1
"865359";"2022-0421";"Canada Masters";"Hard";"64";"Masters";39;39;"Daniel Evans";"R";175;"GBR";32,2;73;"Filip Krajinovic";"R";185;"SRB";30,4;"6-2 1-6 6-0";3;"R64";103;7;1;63;35;24;15;10;5;7;7;3;74;42;28;10;11;9;14;39;1170;47;965;6;1;6;NA;NA;2;6;0;NA;NA;2022-08-08;2022;"2022-0421:39";1397;1;1,71459778113775;1,44541114832236;39;"Daniel Evans";73;"Filip Krajinovic";1,71459778113775;1,44541114832236;0,269186632815389;32,2;30,4;1,8;175;185;-10;0,714285714285714;0,642857142857143;0,714285714285714;0,642857142857143;0,0714285714285714;14;7;9;5;5;2;5;2;3;0;0;1
"865360";"2022-0421";"Canada Masters";"Hard";"64";"Masters";40;126;"Frances Tiafoe";"R";188;"USA";24,5;10;"Benjamin Bonzi";"R";185;"FRA";26,1;"6-7(6) 7-5 6-3";3;"R64";155;15;4;104;63;49;28;17;5;5;10;3;134;82;61;22;16;8;10;24;1506;49;919;6;7;6;NA;NA;7;5;3;NA;NA;2022-08-08;2022;"2022-0421:40";1398;0;2,41503749927884;1,38529015588479;10;"Benjamin Bonzi";126;"Frances Tiafoe";1,38529015588479;2,41503749927884;-1,02974734339405;26,1;24,5;1,6;185;188;-3;1;0,8;0,8;1;-0,2;10;5;8;5;2;0;0;2;-2;0;0;1
"865361";"2022-0421";"Canada Masters";"Hard";"64";"Masters";41;44;"Taylor Fritz";"R";193;"USA";24,7;92;"Andy Murray";"R";190;"GBR";35,2;"6-1 6-3";3;"R64";87;5;1;49;31;24;10;8;1;1;1;4;67;38;29;6;8;8;12;13;2860;48;950;6;6;NA;NA;NA;1;3;NA;NA;NA;2022-08-08;2022;"2022-0421:41";1399;1;3,29956028185891;1,41503749927884;44;"Taylor Fritz";92;"Andy Murray";3,29956028185891;1,41503749927884;1,88452278258006;24,7;35,2;-10,5;193;190;3;1;0,666666666666667;1;0,666666666666667;0,333333333333333;12;1;8;1;4;0;4;0;4;0;0;1
"865362";"2022-0421";"Canada Masters";"Hard";"64";"Masters";42;19;"Marin Cilic";"R";198;"CRO";33,8;22;"Borna Coric";"R";188;"CRO";25,7;"6-3 6-2";3;"R64";82;6;0;45;34;27;7;9;2;3;5;1;61;32;16;15;8;7;11;16;2085;157;350;6;6;NA;NA;NA;3;2;NA;NA;NA;2022-08-08;2022;"2022-0421:42";1400;1;3;-0,294620748891627;19;"Marin Cilic";22;"Borna Coric";3;-0,294620748891627;3,29462074889163;33,8;25,7;8,1;198;188;10;0,666666666666667;0,636363636363636;0,666666666666667;0,636363636363636;0,0303030303030303;11;3;7;2;4;1;4;1;3;0;0;1
"865364";"2022-0421";"Canada Masters";"Hard";"64";"Masters";44;101;"Tommy Paul";"R";185;"USA";25,2;105;"Vasek Pospisil";"R";193;"CAN";32,1;"6-4 6-4";3;"R64";85;1;0;62;41;31;13;10;3;3;5;5;60;38;28;10;10;3;5;34;1220;147;378;6;6;NA;NA;NA;4;4;NA;NA;NA;2022-08-08;2022;"2022-0421:44";1401;1;1,91253715874966;-0,199672344836364;101;"Tommy Paul";105;"Vasek Pospisil";1,91253715874966;-0,199672344836364;2,11220950358603;25,2;32,1;-6,9;185;193;-8;1;0,6;1;0,6;0,4;5;3;3;3;2;0;2;0;2;0;0;1
"865365";"2022-0421";"Canada Masters";"Hard";"64";"Masters";45;78;"Nick Kyrgios";"R";193;"AUS";27,2;86;"Daniil Medvedev";"R";198;"RUS";26,4;"6-7(2) 6-4 6-2";3;"R32";119;12;4;90;62;51;16;15;2;2;13;5;94;60;45;19;15;5;8;37;1205;1;7875;6;6;6;NA;NA;7;4;2;NA;NA;2022-08-08;2022;"2022-0421:45";1402;1;1,79054663437105;7;78;"Nick Kyrgios";86;"Daniil Medvedev";1,79054663437105;7;-5,20945336562895;27,2;26,4;0,800000000000001;193;198;-5;1;0,625;1;0,625;0,375;8;2;5;2;3;0;3;0;3;0;0;1
"865366";"2022-0421";"Canada Masters";"Hard";"64";"Masters";46;26;"Alex De Minaur";"R";183;"AUS";23,4;29;"Grigor Dimitrov";"R";188;"BUL";31,2;"7-6(4) 7-5";3;"R32";123;3;5;87;51;39;20;12;4;5;3;3;79;49;37;15;12;10;12;21;1585;19;1775;7;7;NA;NA;NA;6;5;NA;NA;NA;2022-08-08;2022;"2022-0421:46";1403;1;2,60768257722124;2,75207248655641;26;"Alex De Minaur";29;"Grigor Dimitrov";2,60768257722124;2,75207248655641;-0,144389909335175;23,4;31,2;-7,8;183;188;-5;0,8;0,833333333333333;0,8;0,833333333333333;-0,0333333333333333;12;5;10;4;2;1;2;1;1;0;0;1
"865367";"2022-0421";"Canada Masters";"Hard";"64";"Masters";47;108;"Albert Ramos";"L";188;"ESP";34,5;115;"Diego Schwartzman";"R";170;"ARG";29,9;"6-4 6-2";3;"R32";118;7;3;81;52;38;12;9;13;14;0;3;65;43;24;11;9;5;9;43;1005;15;2245;6;6;NA;NA;NA;4;2;NA;NA;NA;2022-08-08;2022;"2022-0421:47";1404;1;1,5737352452979;3,09310940439148;108;"Albert Ramos";115;"Diego Schwartzman";1,5737352452979;3,09310940439148;-1,51937415909358;34,5;29,9;4,6;188;170;18;0,928571428571429;0,555555555555556;0,928571428571429;0,555555555555556;0,373015873015873;9;14;5;13;4;1;4;1;3;0;0;1
"865368";"2022-0421";"Canada Masters";"Hard";"64";"Masters";48;59;"Hubert Hurkacz";"R";196;"POL";25,4;113;"Emil Ruusuvuori";"R";188;"FIN";23,3;"6-3 6-7(4) 6-2";3;"R32";139;16;2;103;63;48;24;15;5;5;3;7;93;68;47;13;14;6;9;10;3015;44;991;6;6;6;NA;NA;3;7;2;NA;NA;2022-08-08;2022;"2022-0421:48";1405;1;3,67807190511264;1,5405683813627;59;"Hubert Hurkacz";113;"Emil Ruusuvuori";3,67807190511264;1,5405683813627;2,13750352374994;25,4;23,3;2,1;196;188;8;1;0,666666666666667;1;0,666666666666667;0,333333333333333;9;5;6;5;3;0;3;0;3;0;0;1
"865370";"2022-0421";"Canada Masters";"Hard";"64";"Masters";50;6;"Roberto Bautista Agut";"R";183;"ESP";34,3;12;"Jenson Brooksby";"R";188;"USA";21,7;"7-5 6-1";3;"R32";96;5;1;64;34;25;16;10;1;3;2;3;52;30;14;10;9;3;8;18;1850;46;972;7;6;NA;NA;NA;5;1;NA;NA;NA;2022-08-08;2022;"2022-0421:50";1406;1;2,83007499855769;1,47643804394299;6;"Roberto Bautista Agut";12;"Jenson Brooksby";2,83007499855769;1,47643804394299;1,3536369546147;34,3;21,7;12,6;183;188;-5;0,333333333333333;0,375;0,333333333333333;0,375;-0,0416666666666667;8;3;3;1;5;2;5;2;3;0;0;1
"865371";"2022-0421";"Canada Masters";"Hard";"64";"Masters";51;98;"Cameron Norrie";"L";188;"GBR";26,9;128;"Botic Van De Zandschulp";"R";188;"NED";26,8;"6-1 6-2";3;"R32";66;2;2;51;35;29;8;8;2;2;6;3;43;24;17;3;7;1;5;11;2985;25;1462;6;6;NA;NA;NA;1;2;NA;NA;NA;2022-08-08;2022;"2022-0421:51";1407;1;3,5405683813627;2,35614381022528;98;"Cameron Norrie";128;"Botic Van De Zandschulp";3,5405683813627;2,35614381022528;1,18442457113743;26,9;26,8;0,0999999999999979;188;188;0;1;0,2;1;0,2;0,8;5;2;1;2;4;0;4;0;4;0;0;1
"865372";"2022-0421";"Canada Masters";"Hard";"64";"Masters";52;4;"Felix Auger Aliassime";"R";193;"CAN";21,9;97;"Yoshihito Nishioka";"L";170;"JPN";26,8;"7-6(6) 6-4";3;"R32";127;17;1;70;42;38;15;11;4;5;0;2;97;70;44;15;11;11;13;9;3490;54;852;7;6;NA;NA;NA;6;4;NA;NA;NA;2022-08-08;2022;"2022-0421:52";1408;1;3,83007499855769;1,24511249783653;4;"Felix Auger Aliassime";97;"Yoshihito Nishioka";3,83007499855769;1,24511249783653;2,58496250072116;21,9;26,8;-4,9;193;170;23;0,8;0,846153846153846;0,8;0,846153846153846;-0,0461538461538461;13;5;11;4;2;1;2;1;1;0;0;1
"865373";"2022-0421";"Canada Masters";"Hard";"64";"Masters";53;119;"Jannik Sinner";"R";188;"ITA";20,9;82;"Adrian Mannarino";"L";183;"FRA";34,1;"2-6 6-4 6-2";3;"R32";125;13;4;79;42;33;18;13;2;4;5;2;69;38;27;18;13;0;3;12;2895;70;671;2;6;6;NA;NA;6;4;2;NA;NA;2022-08-08;2022;"2022-0421:53";1409;0;3,41503749927884;0,870716983055034;82;"Adrian Mannarino";119;"Jannik Sinner";0,870716983055034;3,41503749927884;-2,54432051622381;34,1;20,9;13,2;183;188;-5;0,5;0;0;0,5;-0,5;3;4;0;2;3;2;2;3;-1;0;0;1
"865374";"2022-0421";"Canada Masters";"Hard";"64";"Masters";54;15;"Pablo Carreno Busta";"R";188;"ESP";31;111;"Holger Rune";"R";185;"DEN";19,2;"6-0 6-3";3;"R32";55;4;0;38;29;23;6;7;0;0;3;3;45;29;14;5;8;4;9;23;1555;26;1425;6;6;NA;NA;NA;0;3;NA;NA;NA;2022-08-08;2022;"2022-0421:54";1410;1;2,47643804394299;2,29956028185891;15;"Pablo Carreno Busta";111;"Holger Rune";2,47643804394299;2,29956028185891;0,176877762084079;31;19,2;11,8;188;185;3;1,5;0,444444444444444;1,5;0,444444444444444;1,05555555555556;9;0;4;0;5;0;5;0;5;0;0;1
"865375";"2022-0421";"Canada Masters";"Hard";"64";"Masters";55;88;"Gael Monfils";"R";193;"FRA";35,9;23;"Maxime Cressy";"R";198;"USA";25,2;"7-6(10) 7-6(6)";3;"R32";123;4;3;79;51;37;20;12;1;2;12;12;90;50;40;19;12;2;3;20;1615;31;1279;7;7;NA;NA;NA;6;6;NA;NA;NA;2022-08-08;2022;"2022-0421:55";1411;0;2,67807190511264;2,04580368961313;23;"Maxime Cressy";88;"Gael Monfils";2,04580368961313;2,67807190511264;-0,632268215499512;25,2;35,9;-10,7;198;193;5;0,5;0,666666666666667;0,666666666666667;0,5;0,166666666666667;3;2;2;1;1;1;1;1;0;0;0;1
"865377";"2022-0421";"Canada Masters";"Hard";"64";"Masters";57;39;"Daniel Evans";"R";175;"GBR";32,2;110;"Andrey Rublev";"R";188;"RUS";24,7;"6-4 6-4";3;"R32";91;3;2;57;39;33;8;10;3;4;3;3;59;40;30;5;10;2;5;39;1170;8;3710;6;6;NA;NA;NA;4;4;NA;NA;NA;2022-08-08;2022;"2022-0421:57";1412;1;1,71459778113775;4;39;"Daniel Evans";110;"Andrey Rublev";1,71459778113775;4;-2,28540221886225;32,2;24,7;7,5;175;188;-13;0,75;0,4;0,75;0,4;0,35;5;4;2;3;3;1;3;1;2;0;0;1
"865378";"2022-0421";"Canada Masters";"Hard";"64";"Masters";58;44;"Taylor Fritz";"R";193;"USA";24,7;126;"Frances Tiafoe";"R";188;"USA";24,5;"5-7 6-1 6-4";3;"R32";123;19;7;94;53;37;19;15;7;11;8;3;90;52;35;14;14;5;11;13;2860;24;1506;5;6;6;NA;NA;7;1;4;NA;NA;2022-08-08;2022;"2022-0421:58";1413;1;3,29956028185891;2,41503749927884;44;"Taylor Fritz";126;"Frances Tiafoe";3,29956028185891;2,41503749927884;0,884522782580064;24,7;24,5;0,199999999999999;193;188;5;0,636363636363636;0,454545454545455;0,636363636363636;0,454545454545455;0,181818181818182;11;11;5;7;6;4;6;4;2;0;0;1
"865379";"2022-0421";"Canada Masters";"Hard";"64";"Masters";59;19;"Marin Cilic";"R";198;"CRO";33,8;67;"Karen Khachanov";"R";198;"RUS";26,2;"6-3 6-2";3;"R32";86;5;1;55;32;27;12;9;2;2;2;2;57;38;22;9;8;3;6;16;2085;28;1395;6;6;NA;NA;NA;3;2;NA;NA;NA;2022-08-08;2022;"2022-0421:59";1414;1;3;2,1926450779424;19;"Marin Cilic";67;"Karen Khachanov";3;2,1926450779424;0,807354922057604;33,8;26,2;7,6;198;198;0;1;0,5;1;0,5;0,5;6;2;3;2;3;0;3;0;3;0;0;1
"865380";"2022-0421";"Canada Masters";"Hard";"64";"Masters";60;101;"Tommy Paul";"R";185;"USA";25,2;2;"Carlos Alcaraz";"R";185;"ESP";19,2;"6-7(4) 7-6(7) 6-3";3;"R32";200;4;3;130;85;55;24;17;8;11;4;4;125;82;55;19;16;15;19;34;1220;4;5035;6;7;6;NA;NA;7;6;3;NA;NA;2022-08-08;2022;"2022-0421:60";1415;0;1,91253715874966;5;2;"Carlos Alcaraz";101;"Tommy Paul";5;1,91253715874966;3,08746284125034;19,2;25,2;-6;185;185;0;0,727272727272727;0,789473684210526;0,789473684210526;0,727272727272727;0,062200956937799;19;11;15;8;4;3;3;4;-1;0;0;1
"865381";"2022-0421";"Canada Masters";"Hard";"64";"Masters";61;78;"Nick Kyrgios";"R";193;"AUS";27,2;26;"Alex De Minaur";"R";183;"AUS";23,4;"6-2 6-3";3;"R16";62;8;1;42;23;18;10;8;0;2;2;1;46;30;15;5;9;4;10;37;1205;21;1585;6;6;NA;NA;NA;2;3;NA;NA;NA;2022-08-08;2022;"2022-0421:61";1416;0;1,79054663437105;2,60768257722124;26;"Alex De Minaur";78;"Nick Kyrgios";2,60768257722124;1,79054663437105;0,817135942850189;23,4;27,2;-3,8;183;193;-10;0;0,4;0,4;0;0,4;10;2;4;0;6;2;2;6;-4;0;0;1
"865382";"2022-0421";"Canada Masters";"Hard";"64";"Masters";62;59;"Hubert Hurkacz";"R";196;"POL";25,4;108;"Albert Ramos";"L";188;"ESP";34,5;"6-7(6) 6-2 7-6(3)";3;"R16";145;23;5;108;66;51;19;16;3;5;1;1;88;51;37;18;16;0;4;10;3015;43;1005;6;6;7;NA;NA;7;2;6;NA;NA;2022-08-08;2022;"2022-0421:62";1417;1;3,67807190511264;1,5737352452979;59;"Hubert Hurkacz";108;"Albert Ramos";3,67807190511264;1,5737352452979;2,10433665981474;25,4;34,5;-9,1;196;188;8;0,6;0;0,6;0;0,6;4;5;0;3;4;2;4;2;2;0;0;1
"865383";"2022-0421";"Canada Masters";"Hard";"64";"Masters";63;112;"Casper Ruud";"R";183;"NOR";23,6;6;"Roberto Bautista Agut";"R";183;"ESP";34,3;"6-7(4) 7-6(4) 6-4";3;"R16";198;10;2;118;72;52;27;17;7;9;10;5;118;85;60;18;17;6;9;7;4685;18;1850;6;7;6;NA;NA;7;6;4;NA;NA;2022-08-08;2022;"2022-0421:63";1418;0;4,1926450779424;2,83007499855769;6;"Roberto Bautista Agut";112;"Casper Ruud";2,83007499855769;4,1926450779424;-1,36257007938471;34,3;23,6;10,7;183;183;0;0,777777777777778;0,666666666666667;0,666666666666667;0,777777777777778;-0,111111111111111;9;9;6;7;3;2;2;3;-1;0;0;1
"865384";"2022-0421";"Canada Masters";"Hard";"64";"Masters";64;4;"Felix Auger Aliassime";"R";193;"CAN";21,9;98;"Cameron Norrie";"L";188;"GBR";26,9;"6-3 6-4";3;"R16";72;15;1;46;39;36;4;10;0;0;0;5;56;41;30;5;9;3;5;9;3490;11;2985;6;6;NA;NA;NA;3;4;NA;NA;NA;2022-08-08;2022;"2022-0421:64";1419;1;3,83007499855769;3,5405683813627;4;"Felix Auger Aliassime";98;"Cameron Norrie";3,83007499855769;3,5405683813627;0,289506617194985;21,9;26,9;-5;193;188;5;1,5;0,6;1,5;0,6;0,9;5;0;3;0;2;0;2;0;2;0;0;1
"865385";"2022-0421";"Canada Masters";"Hard";"64";"Masters";65;15;"Pablo Carreno Busta";"R";188;"ESP";31;119;"Jannik Sinner";"R";188;"ITA";20,9;"6-2 6-4";3;"R16";84;1;1;49;32;25;12;9;0;0;5;2;54;27;21;12;9;2;5;23;1555;12;2895;6;6;NA;NA;NA;2;4;NA;NA;NA;2022-08-08;2022;"2022-0421:65";1420;1;2,47643804394299;3,41503749927884;15;"Pablo Carreno Busta";119;"Jannik Sinner";2,47643804394299;3,41503749927884;-0,938599455335857;31;20,9;10,1;188;188;0;1,5;0,4;1,5;0,4;1,1;5;0;2;0;3;0;3;0;3;0;0;1
"865387";"2022-0421";"Canada Masters";"Hard";"64";"Masters";67;39;"Daniel Evans";"R";175;"GBR";32,2;44;"Taylor Fritz";"R";193;"USA";24,7;"7-6(5) 1-6 7-5";3;"R16";163;6;7;115;75;53;17;16;12;17;10;3;96;55;39;21;15;6;9;39;1170;13;2860;7;1;7;NA;NA;6;6;5;NA;NA;2022-08-08;2022;"2022-0421:67";1421;1;1,71459778113775;3,29956028185891;39;"Daniel Evans";44;"Taylor Fritz";1,71459778113775;3,29956028185891;-1,58496250072116;32,2;24,7;7,5;175;193;-18;0,705882352941177;0,666666666666667;0,705882352941177;0,666666666666667;0,0392156862745099;9;17;6;12;3;5;3;5;-2;0;0;1
"865388";"2022-0421";"Canada Masters";"Hard";"64";"Masters";68;101;"Tommy Paul";"R";185;"USA";25,2;19;"Marin Cilic";"R";198;"CRO";33,8;"6-4 6-2";3;"R16";84;3;1;51;31;23;12;9;4;5;2;2;59;42;25;5;9;5;9;34;1220;16;2085;6;6;NA;NA;NA;4;2;NA;NA;NA;2022-08-08;2022;"2022-0421:68";1422;0;1,91253715874966;3;19;"Marin Cilic";101;"Tommy Paul";3;1,91253715874966;1,08746284125034;33,8;25,2;8,6;198;185;13;0,8;0,555555555555556;0,555555555555556;0,8;-0,244444444444444;9;5;5;4;4;1;1;4;-3;0;0;1
"865389";"2022-0421";"Canada Masters";"Hard";"64";"Masters";69;59;"Hubert Hurkacz";"R";196;"POL";25,4;78;"Nick Kyrgios";"R";193;"AUS";27,2;"7-6(4) 6-7(5) 6-1";3;"QF";106;20;2;99;61;52;24;16;6;6;19;8;105;72;56;16;15;4;6;10;3015;37;1205;7;6;6;NA;NA;6;7;1;NA;NA;2022-08-08;2022;"2022-0421:69";1423;1;3,67807190511264;1,79054663437105;59;"Hubert Hurkacz";78;"Nick Kyrgios";3,67807190511264;1,79054663437105;1,88752527074159;25,4;27,2;-1,8;196;193;3;1;0,666666666666667;1;0,666666666666667;0,333333333333333;6;6;4;6;2;0;2;0;2;0;0;1
"865390";"2022-0421";"Canada Masters";"Hard";"64";"Masters";70;112;"Casper Ruud";"R";183;"NOR";23,6;4;"Felix Auger Aliassime";"R";193;"CAN";21,9;"6-1 6-2";3;"QF";74;4;0;45;31;23;6;8;0;1;10;4;47;32;18;2;7;2;7;7;4685;9;3490;6;6;NA;NA;NA;1;2;NA;NA;NA;2022-08-08;2022;"2022-0421:70";1424;0;4,1926450779424;3,83007499855769;4;"Felix Auger Aliassime";112;"Casper Ruud";3,83007499855769;4,1926450779424;-0,362570079384708;21,9;23,6;-1,7;193;183;10;0;0,285714285714286;0,285714285714286;0;0,285714285714286;7;1;2;0;5;1;1;5;-4;0;0;1
"865392";"2022-0421";"Canada Masters";"Hard";"64";"Masters";72;39;"Daniel Evans";"R";175;"GBR";32,2;101;"Tommy Paul";"R";185;"USA";25,2;"1-6 6-3 6-4";3;"QF";137;3;4;94;60;45;14;13;6;8;4;3;79;51;37;16;13;2;4;39;1170;34;1220;1;6;6;NA;NA;6;3;4;NA;NA;2022-08-08;2022;"2022-0421:72";1425;1;1,71459778113775;1,91253715874966;39;"Daniel Evans";101;"Tommy Paul";1,71459778113775;1,91253715874966;-0,19793937761191;32,2;25,2;7;175;185;-10;0,75;0,5;0,75;0,5;0,25;4;8;2;6;2;2;2;2;0;0;0;1
"865393";"2022-0421";"Canada Masters";"Hard";"64";"Masters";73;59;"Hubert Hurkacz";"R";196;"POL";25,4;112;"Casper Ruud";"R";183;"NOR";23,6;"5-7 6-3 6-2";3;"SF";122;18;1;99;52;42;20;15;5;8;8;2;76;50;40;8;14;3;8;10;3015;7;4685;5;6;6;NA;NA;7;3;2;NA;NA;2022-08-08;2022;"2022-0421:73";1426;1;3,67807190511264;4,1926450779424;59;"Hubert Hurkacz";112;"Casper Ruud";3,67807190511264;4,1926450779424;-0,514573172829758;25,4;23,6;1,8;196;183;13;0,625;0,375;0,625;0,375;0,25;8;8;3;5;5;3;5;3;2;0;0;1
"865394";"2022-0421";"Canada Masters";"Hard";"64";"Masters";74;15;"Pablo Carreno Busta";"R";188;"ESP";31;39;"Daniel Evans";"R";175;"GBR";32,2;"7-5 6-7(7) 6-2";3;"SF";178;6;1;100;62;49;19;16;2;4;6;6;110;67;47;19;16;3;8;23;1555;39;1170;7;6;6;NA;NA;5;7;2;NA;NA;2022-08-08;2022;"2022-0421:74";1427;1;2,47643804394299;1,71459778113775;15;"Pablo Carreno Busta";39;"Daniel Evans";2,47643804394299;1,71459778113775;0,761840262805236;31;32,2;-1,2;188;175;13;0,5;0,375;0,5;0,375;0,125;8;4;3;2;5;2;5;2;3;0;0;1
"865395";"2022-0421";"Canada Masters";"Hard";"64";"Masters";75;15;"Pablo Carreno Busta";"R";188;"ESP";31;59;"Hubert Hurkacz";"R";196;"POL";25,4;"3-6 6-3 6-3";3;"F";105;4;0;68;44;32;17;13;0;1;18;3;76;53;42;7;14;0;3;23;1555;10;3015;3;6;6;NA;NA;6;3;3;NA;NA;2022-08-08;2022;"2022-0421:75";1428;1;2,47643804394299;3,67807190511264;15;"Pablo Carreno Busta";59;"Hubert Hurkacz";2,47643804394299;3,67807190511264;-1,20163386116965;31;25,4;5,6;188;196;-8;0;0;0;0;0;3;1;0;0;3;1;3;1;2;0;0;1
"866021";"2022-0422";"Cincinnati Masters";"Hard";"64";"Masters";3;79;"Henri Laaksonen";"R";185;"SUI";30,3;24;"Taro Daniel";"R";191;"JPN";29,5;"6-4 7-5";3;"Q1";105;3;5;81;44;32;14;11;6;8;4;6;80;40;24;20;11;7;11;102;514;93;564;6;7;NA;NA;NA;4;5;NA;NA;NA;2022-08-15;2022;"2022-0422:3";1429;0;0,327574658028505;0,460841188891969;24;"Taro Daniel";79;"Henri Laaksonen";0,460841188891969;0,327574658028505;0,133266530863464;29,5;30,3;-0,800000000000001;191;185;6;0,75;0,636363636363636;0,636363636363636;0,75;-0,113636363636364;11;8;7;6;4;2;2;4;-2;0;0;1
"866023";"2022-0422";"Cincinnati Masters";"Hard";"64";"Masters";5;61;"Ilya Ivashka";"R";193;"BLR";28,4;120;"Jack Sock";"R";185;"USA";29,8;"6-2 6-3";3;"Q1";76;7;1;51;36;28;11;9;3;3;4;4;50;22;15;15;8;6;9;49;915;109;505;6;6;NA;NA;NA;2;3;NA;NA;NA;2022-08-15;2022;"2022-0422:5";1430;1;1,38529015588479;0,231815675223074;61;"Ilya Ivashka";120;"Jack Sock";1,38529015588479;0,231815675223074;1,15347448066172;28,4;29,8;-1,4;193;185;8;1;0,666666666666667;1;0,666666666666667;0,333333333333333;9;3;6;3;3;0;3;0;3;0;0;1
"866026";"2022-0422";"Cincinnati Masters";"Hard";"64";"Masters";8;51;"David Goffin";"R";180;"BEL";31,6;49;"Hugo Gaston";"L";173;"FRA";21,8;"6-1 6-0";3;"Q1";45;6;1;48;32;23;9;7;5;5;2;2;29;18;6;3;6;1;6;62;745;68;692;6;6;NA;NA;NA;1;0;NA;NA;NA;2022-08-15;2022;"2022-0422:8";1431;0;1,04580368961313;0,912537158749661;49;"Hugo Gaston";51;"David Goffin";0,912537158749661;1,04580368961313;-0,133266530863464;21,8;31,6;-9,8;173;180;-7;1;0,166666666666667;0,166666666666667;1;-0,833333333333333;6;5;1;5;5;0;0;5;-5;0;0;1
"866027";"2022-0422";"Cincinnati Masters";"Hard";"64";"Masters";9;121;"Lorenzo Sonego";"R";191;"ITA";27,2;87;"John Millman";"R";183;"AUS";33,1;"7-5 6-2";3;"Q1";97;2;3;62;35;25;18;10;5;6;1;1;62;41;25;10;10;6;10;56;810;101;516;7;6;NA;NA;NA;5;2;NA;NA;NA;2022-08-15;2022;"2022-0422:9";1432;0;1,1926450779424;0,341788517248205;87;"John Millman";121;"Lorenzo Sonego";0,341788517248205;1,1926450779424;-0,850856560694191;33,1;27,2;5,9;183;191;-8;0,833333333333333;0,6;0,6;0,833333333333333;-0,233333333333333;10;6;6;5;4;1;1;4;-3;0;0;1
"866030";"2022-0422";"Cincinnati Masters";"Hard";"64";"Masters";12;63;"Steve Johnson";"R";188;"USA";32,6;82;"Adrian Mannarino";"L";183;"FRA";34,1;"6-3 7-5";3;"Q1";95;9;6;64;29;26;18;11;4;5;0;4;67;36;20;18;10;5;8;117;478;63;741;6;7;NA;NA;NA;3;5;NA;NA;NA;2022-08-15;2022;"2022-0422:12";1433;1;0,129635280416595;1,02272007650008;63;"Steve Johnson";82;"Adrian Mannarino";0,129635280416595;1,02272007650008;-0,893084796083488;32,6;34,1;-1,5;188;183;5;0,8;0,625;0,8;0,625;0,175;8;5;5;4;3;1;3;1;2;0;0;1
"866031";"2022-0422";"Cincinnati Masters";"Hard";"64";"Masters";13;50;"Marcos Giron";"R";180;"USA";29;75;"Denis Kudla";"R";180;"USA";29,9;"6-3 6-2";3;"Q1";75;5;2;66;43;34;10;9;4;4;0;2;42;23;17;9;8;1;4;54;836;95;555;6;6;NA;NA;NA;3;2;NA;NA;NA;2022-08-15;2022;"2022-0422:13";1434;1;1,24511249783653;0,430144391669052;50;"Marcos Giron";75;"Denis Kudla";1,24511249783653;0,430144391669052;0,81496810616748;29;29,9;-0,899999999999999;180;180;0;1;0,25;1;0,25;0,75;4;4;1;4;3;0;3;0;3;0;0;1
"866032";"2022-0422";"Cincinnati Masters";"Hard";"64";"Masters";14;42;"Fabio Fognini";"R";178;"ITA";35,2;77;"Soon Woo Kwon";"R";180;"KOR";24,7;"5-7 6-4 7-6(3)";3;"Q1";150;2;6;101;53;35;31;17;0;4;10;6;112;65;45;25;17;7;11;61;756;79;646;5;6;7;NA;NA;7;4;6;NA;NA;2022-08-15;2022;"2022-0422:14";1435;1;1,06926266243711;0,696219251822897;42;"Fabio Fognini";77;"Soon Woo Kwon";1,06926266243711;0,696219251822897;0,373043410614216;35,2;24,7;10,5;178;180;-2;0;0,636363636363636;0;0,636363636363636;-0,636363636363636;11;4;7;0;4;4;4;4;0;0;0;1
"866033";"2022-0422";"Cincinnati Masters";"Hard";"64";"Masters";15;93;"Lorenzo Musetti";"R";185;"ITA";20,4;80;"Dusan Lajovic";"R";180;"SRB";32,1;"6-4 6-4";3;"Q2";138;1;2;73;43;33;11;10;6;8;0;1;66;45;25;11;10;6;10;33;1297;87;600;6;6;NA;NA;NA;4;4;NA;NA;NA;2022-08-15;2022;"2022-0422:15";1436;0;1,95560588064155;0,557056504151272;80;"Dusan Lajovic";93;"Lorenzo Musetti";0,557056504151272;1,95560588064155;-1,39854937649027;32,1;20,4;11,7;180;185;-5;0,75;0,6;0,6;0,75;-0,15;10;8;6;6;4;2;2;4;-2;0;0;1
"866034";"2022-0422";"Cincinnati Masters";"Hard";"64";"Masters";16;79;"Henri Laaksonen";"R";185;"SUI";30,3;89;"Thiago Monteiro";"L";183;"BRA";28,2;"4-6 6-3 6-4";3;"Q2";115;9;4;91;58;41;17;15;5;8;2;3;73;44;31;16;14;0;4;102;514;65;716;4;6;6;NA;NA;6;3;4;NA;NA;2022-08-15;2022;"2022-0422:16";1437;1;0,327574658028505;0,977632186971546;79;"Henri Laaksonen";89;"Thiago Monteiro";0,327574658028505;0,977632186971546;-0,650057528943041;30,3;28,2;2,1;185;183;2;0,625;0;0,625;0;0,625;4;8;0;5;4;3;4;3;1;0;0;1
"866035";"2022-0422";"Cincinnati Masters";"Hard";"64";"Masters";17;71;"Thanasi Kokkinakis";"R";196;"AUS";26,3;61;"Ilya Ivashka";"R";193;"BLR";28,4;"7-5 1-6 7-5";3;"Q2";191;14;4;98;49;39;20;15;4;8;4;4;103;54;37;25;16;3;7;75;662;49;915;7;1;7;NA;NA;5;6;5;NA;NA;2022-08-15;2022;"2022-0422:17";1438;0;0,77118130950412;1,38529015588479;61;"Ilya Ivashka";71;"Thanasi Kokkinakis";1,38529015588479;0,77118130950412;0,614108846380672;28,4;26,3;2,1;193;196;-3;0,5;0,428571428571429;0,428571428571429;0,5;-0,0714285714285715;7;8;3;4;4;4;4;4;0;0;0;1
"866038";"2022-0422";"Cincinnati Masters";"Hard";"64";"Masters";20;91;"Jaume Munar";"R";183;"ESP";25,2;63;"Steve Johnson";"R";188;"USA";32,6;"3-6 6-3 6-4";3;"Q2";111;8;5;71;45;33;17;14;0;2;7;4;95;47;35;22;14;3;6;57;809;117;478;3;6;6;NA;NA;6;3;4;NA;NA;2022-08-15;2022;"2022-0422:20";1439;0;1,16710998583526;0,129635280416595;63;"Steve Johnson";91;"Jaume Munar";0,129635280416595;1,16710998583526;-1,03747470541866;32,6;25,2;7,4;188;183;5;0;0,5;0,5;0;0,5;6;2;3;0;3;2;2;3;-1;0;0;1
"866039";"2022-0422";"Cincinnati Masters";"Hard";"64";"Masters";21;50;"Marcos Giron";"R";180;"USA";29;42;"Fabio Fognini";"R";178;"ITA";35,2;"7-6(9) 7-5";3;"Q2";112;4;0;76;47;34;17;12;3;5;8;6;94;53;39;18;12;7;10;54;836;61;756;7;7;NA;NA;NA;6;5;NA;NA;NA;2022-08-15;2022;"2022-0422:21";1440;0;1,24511249783653;1,06926266243711;42;"Fabio Fognini";50;"Marcos Giron";1,06926266243711;1,24511249783653;-0,175849835399418;35,2;29;6,2;178;180;-2;0,6;0,7;0,7;0,6;0,1;10;5;7;3;3;2;2;3;-1;0;0;1
"866040";"2022-0422";"Cincinnati Masters";"Hard";"64";"Masters";22;128;"Botic Van De Zandschulp";"R";188;"NED";26,8;23;"Maxime Cressy";"R";198;"USA";25,2;"6-2 4-6 6-4";3;"R64";121;7;4;85;54;34;19;14;1;4;13;18;80;42;30;14;14;3;8;24;1478;32;1304;6;4;6;NA;NA;2;6;4;NA;NA;2022-08-15;2022;"2022-0422:22";1441;0;2,41503749927884;2;23;"Maxime Cressy";128;"Botic Van De Zandschulp";2;2,41503749927884;-0,415037499278844;25,2;26,8;-1,6;198;188;10;0,25;0,375;0,375;0,25;0,125;8;4;3;1;5;3;3;5;-2;0;0;1
"866041";"2022-0422";"Cincinnati Masters";"Hard";"64";"Masters";23;101;"Tommy Paul";"R";185;"USA";25,2;12;"Jenson Brooksby";"R";188;"USA";21,8;"6-3 6-2";3;"R64";69;3;2;49;24;21;16;9;0;0;2;2;47;26;17;10;8;6;9;31;1330;43;1017;6;6;NA;NA;NA;3;2;NA;NA;NA;2022-08-15;2022;"2022-0422:23";1442;0;2,04580368961313;1,5737352452979;12;"Jenson Brooksby";101;"Tommy Paul";1,5737352452979;2,04580368961313;-0,472068444315223;21,8;25,2;-3,4;188;185;3;1,5;0,666666666666667;0,666666666666667;1,5;-0,833333333333333;9;0;6;0;3;0;0;3;-3;0;0;1
"866042";"2022-0422";"Cincinnati Masters";"Hard";"64";"Masters";24;117;"Denis Shapovalov";"L";185;"CAN";23,3;29;"Grigor Dimitrov";"R";188;"BUL";31,2;"7-6(4) 6-3";3;"R64";88;10;4;70;47;41;12;11;2;2;2;2;61;35;28;15;10;1;2;21;1560;18;1810;7;6;NA;NA;NA;6;3;NA;NA;NA;2022-08-15;2022;"2022-0422:24";1443;0;2,60768257722124;2,83007499855769;29;"Grigor Dimitrov";117;"Denis Shapovalov";2,83007499855769;2,60768257722124;0,222392421336449;31,2;23,3;7,9;188;185;3;1;0,5;0,5;1;-0,5;2;2;1;2;1;0;0;1;-1;0;0;1
"866044";"2022-0422";"Cincinnati Masters";"Hard";"64";"Masters";26;78;"Nick Kyrgios";"R";193;"AUS";27,3;25;"Alejandro Davidovich Fokina";"R";183;"ESP";23,1;"7-5 6-4";3;"R64";90;10;3;73;51;37;12;11;4;5;3;1;74;52;30;12;11;1;4;28;1385;37;1210;7;6;NA;NA;NA;5;4;NA;NA;NA;2022-08-15;2022;"2022-0422:26";1444;0;2,1926450779424;1,79054663437105;25;"Alejandro Davidovich Fokina";78;"Nick Kyrgios";1,79054663437105;2,1926450779424;-0,402098443571346;23,1;27,3;-4,2;183;193;-10;0,8;0,25;0,25;0,8;-0,55;4;5;1;4;3;1;1;3;-2;0;0;1
"866045";"2022-0422";"Cincinnati Masters";"Hard";"64";"Masters";27;42;"Fabio Fognini";"R";178;"ITA";35,2;108;"Albert Ramos";"L";188;"ESP";34,5;"6-2 6-3";3;"R64";83;7;3;67;42;32;10;9;7;8;0;2;44;20;10;11;8;3;7;61;756;40;1085;6;6;NA;NA;NA;2;3;NA;NA;NA;2022-08-15;2022;"2022-0422:27";1445;1;1,06926266243711;1,67807190511264;42;"Fabio Fognini";108;"Albert Ramos";1,06926266243711;1,67807190511264;-0,608809242675524;35,2;34,5;0,700000000000003;178;188;-10;0,875;0,428571428571429;0,875;0,428571428571429;0,446428571428571;7;8;3;7;4;1;4;1;3;0;0;1
"866046";"2022-0422";"Cincinnati Masters";"Hard";"64";"Masters";28;73;"Filip Krajinovic";"R";185;"SRB";30,4;39;"Daniel Evans";"R";175;"GBR";32,2;"6-3 6-4";3;"R64";84;5;4;55;28;24;15;10;1;2;7;7;61;39;28;7;9;2;5;46;975;23;1520;6;6;NA;NA;NA;3;4;NA;NA;NA;2022-08-15;2022;"2022-0422:28";1446;0;1,47643804394299;2,47643804394299;39;"Daniel Evans";73;"Filip Krajinovic";2,47643804394299;1,47643804394299;1;32,2;30,4;1,8;175;185;-10;0,5;0,4;0,4;0,5;-0,1;5;2;2;1;3;1;1;3;-2;0;0;1
"866047";"2022-0422";"Cincinnati Masters";"Hard";"64";"Masters";29;64;"Aslan Karatsev";"R";185;"RUS";28,9;95;"Brandon Nakashima";"R";185;"USA";21;"7-5 7-5";3;"R64";97;5;4;62;38;33;14;12;4;5;6;1;68;44;28;17;12;3;6;38;1175;66;709;7;7;NA;NA;NA;5;5;NA;NA;NA;2022-08-15;2022;"2022-0422:29";1447;1;1,75207248655641;0,955605880641547;64;"Aslan Karatsev";95;"Brandon Nakashima";1,75207248655641;0,955605880641547;0,796466605914868;28,9;21;7,9;185;185;0;0,8;0,5;0,8;0,5;0,3;6;5;3;4;3;1;3;1;2;0;0;1
"866049";"2022-0422";"Cincinnati Masters";"Hard";"64";"Masters";31;126;"Frances Tiafoe";"R";188;"USA";24,5;9;"Matteo Berrettini";"R";196;"ITA";26,3;"7-6(3) 4-6 7-6(5)";3;"R64";171;16;2;105;58;48;31;17;1;2;12;3;127;79;62;24;17;8;8;25;1445;15;2440;7;4;7;NA;NA;6;6;6;NA;NA;2022-08-15;2022;"2022-0422:31";1448;0;2,35614381022528;3,09310940439148;9;"Matteo Berrettini";126;"Frances Tiafoe";3,09310940439148;2,35614381022528;0,736965594166206;26,3;24,5;1,8;196;188;8;0,5;1;1;0,5;0,5;8;2;8;1;0;1;1;0;1;0;0;1
"866050";"2022-0422";"Cincinnati Masters";"Hard";"64";"Masters";32;72;"Sebastian Korda";"R";196;"USA";22,1;67;"Karen Khachanov";"R";198;"RUS";26,2;"6-3 6-4";3;"R64";84;8;1;68;47;35;10;10;1;2;1;3;57;33;24;10;9;4;7;52;860;30;1350;6;6;NA;NA;NA;3;4;NA;NA;NA;2022-08-15;2022;"2022-0422:32";1449;0;1,29956028185891;2,09310940439148;67;"Karen Khachanov";72;"Sebastian Korda";2,09310940439148;1,29956028185891;0,793549122532573;26,2;22,1;4,1;198;196;2;0,5;0,571428571428571;0,571428571428571;0,5;0,0714285714285714;7;2;4;1;3;1;1;3;-2;0;0;1
"866051";"2022-0422";"Cincinnati Masters";"Hard";"64";"Masters";33;60;"John Isner";"R";206;"USA";37,3;10;"Benjamin Bonzi";"R";185;"FRA";26,1;"7-6(11) 3-6 7-6(4)";3;"R64";142;31;8;103;65;59;18;16;3;4;16;3;108;61;54;27;17;0;0;50;880;48;921;7;3;7;NA;NA;6;6;6;NA;NA;2022-08-15;2022;"2022-0422:33";1450;0;1,35614381022528;1,41503749927884;10;"Benjamin Bonzi";60;"John Isner";1,41503749927884;1,35614381022528;0,0588936890535683;26,1;37,3;-11,2;185;206;-21;0,75;1,5;1,5;0,75;0,75;0;4;0;3;0;1;1;0;1;0;0;1
"866053";"2022-0422";"Cincinnati Masters";"Hard";"64";"Masters";35;92;"Andy Murray";"R";190;"GBR";35,2;130;"Stan Wawrinka";"R";183;"SUI";37,3;"7-6(3) 5-7 7-5";3;"R64";177;10;2;115;64;51;25;18;3;6;11;2;101;59;42;26;18;2;5;47;930;306;155;7;5;7;NA;NA;6;7;5;NA;NA;2022-08-15;2022;"2022-0422:35";1451;1;1,44541114832236;-1,25738784269265;92;"Andy Murray";130;"Stan Wawrinka";1,44541114832236;-1,25738784269265;2,70279899101501;35,2;37,3;-2,09999999999999;190;183;7;0,5;0,4;0,5;0,4;0,1;5;6;2;3;3;3;3;3;0;0;0;1
"866054";"2022-0422";"Cincinnati Masters";"Hard";"64";"Masters";36;98;"Cameron Norrie";"L";188;"GBR";26,9;111;"Holger Rune";"R";185;"DEN";19,2;"7-6(5) 4-6 6-4";3;"R64";152;5;6;100;64;48;14;16;1;5;12;9;101;58;43;18;16;6;10;11;3065;29;1380;7;4;6;NA;NA;6;6;4;NA;NA;2022-08-15;2022;"2022-0422:36";1452;1;3,5405683813627;2,14201900487243;98;"Cameron Norrie";111;"Holger Rune";3,5405683813627;2,14201900487243;1,39854937649027;26,9;19,2;7,7;188;185;3;0,2;0,6;0,2;0,6;-0,4;10;5;6;1;4;4;4;4;0;0;0;1
"866055";"2022-0422";"Cincinnati Masters";"Hard";"64";"Masters";37;19;"Marin Cilic";"R";198;"CRO";33,8;91;"Jaume Munar";"R";183;"ESP";25,2;"6-3 6-3";3;"R64";91;7;0;58;44;33;7;9;5;5;3;5;69;40;26;13;9;8;11;17;2130;57;809;6;6;NA;NA;NA;3;3;NA;NA;NA;2022-08-15;2022;"2022-0422:37";1453;1;2,91253715874966;1,16710998583526;19;"Marin Cilic";91;"Jaume Munar";2,91253715874966;1,16710998583526;1,7454271729144;33,8;25,2;8,6;198;183;15;1;0,727272727272727;1;0,727272727272727;0,272727272727273;11;5;8;5;3;0;3;0;3;0;0;1
"866056";"2022-0422";"Cincinnati Masters";"Hard";"64";"Masters";38;113;"Emil Ruusuvuori";"R";188;"FIN";23,3;131;"J J Wolf";"R";183;"USA";23,6;"7-6(2) 6-2";3;"R64";89;11;1;62;45;31;10;10;2;4;7;2;61;36;28;6;10;5;9;44;1001;83;617;7;6;NA;NA;NA;6;2;NA;NA;NA;2022-08-15;2022;"2022-0422:38";1454;1;1,5405683813627;0,624960568653075;113;"Emil Ruusuvuori";131;"J J Wolf";1,5405683813627;0,624960568653075;0,915607812709627;23,3;23,6;-0,300000000000001;188;183;5;0,5;0,555555555555556;0,5;0,555555555555556;-0,0555555555555556;9;4;5;2;4;2;4;2;2;0;0;1
"866057";"2022-0422";"Cincinnati Masters";"Hard";"64";"Masters";39;85;"Mackenzie Mcdonald";"R";178;"USA";27,3;5;"Nikoloz Basilashvili";"R";185;"GEO";30,4;"6-0 6-1";3;"R64";52;8;1;31;20;18;6;6;0;0;0;8;53;24;17;4;7;5;11;72;666;34;1290;6;6;NA;NA;NA;0;1;NA;NA;NA;2022-08-15;2022;"2022-0422:39";1455;0;0,830074998557688;1,91253715874966;5;"Nikoloz Basilashvili";85;"Mackenzie Mcdonald";1,91253715874966;0,830074998557688;1,08246216019197;30,4;27,3;3,1;185;178;7;1,5;0,454545454545455;0,454545454545455;1,5;-1,04545454545455;11;0;5;0;6;0;0;6;-6;0;0;1
"866058";"2022-0422";"Cincinnati Masters";"Hard";"64";"Masters";40;26;"Alex De Minaur";"R";183;"AUS";23,4;79;"Henri Laaksonen";"R";185;"SUI";30,3;"6-2 6-2";3;"R64";66;3;2;46;24;21;13;8;0;0;2;3;55;30;16;12;8;7;11;20;1665;102;514;6;6;NA;NA;NA;2;2;NA;NA;NA;2022-08-15;2022;"2022-0422:40";1456;1;2,67807190511264;0,327574658028505;26;"Alex De Minaur";79;"Henri Laaksonen";2,67807190511264;0,327574658028505;2,35049724708413;23,4;30,3;-6,9;183;185;-2;1,5;0,636363636363636;1,5;0,636363636363636;0,863636363636364;11;0;7;0;4;0;4;0;4;0;0;1
"866059";"2022-0422";"Cincinnati Masters";"Hard";"64";"Masters";41;66;"Miomir Kecmanovic";"R";183;"SRB";22,9;15;"Pablo Carreno Busta";"R";188;"ESP";31;"1-6 7-5 7-6(4)";3;"R64";175;12;7;109;63;46;21;15;10;13;6;13;141;78;55;30;16;12;14;36;1210;14;2545;1;7;7;NA;NA;6;5;6;NA;NA;2022-08-15;2022;"2022-0422:41";1457;0;1,83007499855769;3,1926450779424;15;"Pablo Carreno Busta";66;"Miomir Kecmanovic";3,1926450779424;1,83007499855769;1,36257007938471;31;22,9;8,1;188;183;5;0,769230769230769;0,857142857142857;0,857142857142857;0,769230769230769;0,0879120879120878;14;13;12;10;2;3;3;2;1;0;0;1
"866060";"2022-0422";"Cincinnati Masters";"Hard";"64";"Masters";42;119;"Jannik Sinner";"R";188;"ITA";20,9;71;"Thanasi Kokkinakis";"R";196;"AUS";26,3;"6-7(9) 6-4 7-6(6)";3;"R64";194;6;3;112;60;46;33;17;5;6;13;5;124;70;52;30;17;8;10;12;2975;75;662;6;6;7;NA;NA;7;4;6;NA;NA;2022-08-15;2022;"2022-0422:42";1458;0;3,41503749927884;0,77118130950412;71;"Thanasi Kokkinakis";119;"Jannik Sinner";0,77118130950412;3,41503749927884;-2,64385618977472;26,3;20,9;5,4;196;188;8;0,833333333333333;0,8;0,8;0,833333333333333;-0,0333333333333333;10;6;8;5;2;1;1;2;-1;0;0;1
"866062";"2022-0422";"Cincinnati Masters";"Hard";"64";"Masters";44;50;"Marcos Giron";"R";180;"USA";29;51;"David Goffin";"R";180;"BEL";31,6;"6-3 6-4";3;"R64";81;4;0;56;27;22;19;10;2;2;1;2;54;29;21;13;9;2;4;54;836;62;745;6;6;NA;NA;NA;3;4;NA;NA;NA;2022-08-15;2022;"2022-0422:44";1459;1;1,24511249783653;1,04580368961313;50;"Marcos Giron";51;"David Goffin";1,24511249783653;1,04580368961313;0,199308808223407;29;31,6;-2,6;180;180;0;1;0,5;1;0,5;0,5;4;2;2;2;2;0;2;0;2;0;0;1
"866063";"2022-0422";"Cincinnati Masters";"Hard";"64";"Masters";45;22;"Borna Coric";"R";188;"CRO";25,7;93;"Lorenzo Musetti";"R";185;"ITA";20,4;"7-6(2) 6-3";3;"R64";113;7;2;75;46;34;20;11;4;5;7;1;68;38;26;15;10;1;3;152;360;33;1297;7;6;NA;NA;NA;6;3;NA;NA;NA;2022-08-15;2022;"2022-0422:45";1460;1;-0,247927513443585;1,95560588064155;22;"Borna Coric";93;"Lorenzo Musetti";-0,247927513443585;1,95560588064155;-2,20353339408513;25,7;20,4;5,3;188;185;3;0,8;0,333333333333333;0,8;0,333333333333333;0,466666666666667;3;5;1;4;2;1;2;1;1;0;0;1
"866064";"2022-0422";"Cincinnati Masters";"Hard";"64";"Masters";46;86;"Daniil Medvedev";"R";198;"RUS";26,5;128;"Botic Van De Zandschulp";"R";188;"NED";26,8;"6-4 7-5";3;"R32";94;7;4;66;38;33;13;11;2;3;4;11;77;40;30;14;11;6;9;1;6885;24;1478;6;7;NA;NA;NA;4;5;NA;NA;NA;2022-08-15;2022;"2022-0422:46";1461;1;7;2,41503749927884;86;"Daniil Medvedev";128;"Botic Van De Zandschulp";7;2,41503749927884;4,58496250072116;26,5;26,8;-0,300000000000001;198;188;10;0,666666666666667;0,666666666666667;0,666666666666667;0,666666666666667;0;9;3;6;2;3;1;3;1;2;0;0;1
"866065";"2022-0422";"Cincinnati Masters";"Hard";"64";"Masters";47;117;"Denis Shapovalov";"L";185;"CAN";23,3;101;"Tommy Paul";"R";185;"USA";25,2;"3-6 6-4 6-3";3;"R32";127;3;10;82;48;37;12;14;3;7;3;3;89;58;38;13;14;5;10;21;1560;31;1330;3;6;6;NA;NA;6;4;3;NA;NA;2022-08-15;2022;"2022-0422:47";1462;0;2,60768257722124;2,04580368961313;101;"Tommy Paul";117;"Denis Shapovalov";2,04580368961313;2,60768257722124;-0,561878887608114;25,2;23,3;1,9;185;185;0;0,428571428571429;0,5;0,5;0,428571428571429;0,0714285714285715;10;7;5;3;5;4;4;5;-1;0;0;1
"866066";"2022-0422";"Cincinnati Masters";"Hard";"64";"Masters";48;44;"Taylor Fritz";"R";193;"USA";24,7;78;"Nick Kyrgios";"R";193;"AUS";27,3;"6-3 6-2";3;"R32";50;16;1;50;35;30;9;9;0;0;7;6;48;26;16;12;8;4;7;13;2930;28;1385;6;6;NA;NA;NA;3;2;NA;NA;NA;2022-08-15;2022;"2022-0422:48";1463;1;3,29956028185891;2,1926450779424;44;"Taylor Fritz";78;"Nick Kyrgios";3,29956028185891;2,1926450779424;1,10691520391651;24,7;27,3;-2,6;193;193;0;1,5;0,571428571428571;1,5;0,571428571428571;0,928571428571429;7;0;4;0;3;0;3;0;3;0;0;1
"866067";"2022-0422";"Cincinnati Masters";"Hard";"64";"Masters";49;110;"Andrey Rublev";"R";188;"RUS";24,8;42;"Fabio Fognini";"R";178;"ITA";35,2;"6-7(7) 7-6(3) 6-2";3;"R32";147;9;2;97;58;47;25;16;2;3;7;9;109;61;46;27;16;4;7;8;3630;61;756;6;7;6;NA;NA;7;6;2;NA;NA;2022-08-15;2022;"2022-0422:49";1464;0;4;1,06926266243711;42;"Fabio Fognini";110;"Andrey Rublev";1,06926266243711;4;-2,93073733756289;35,2;24,8;10,4;178;188;-10;0,666666666666667;0,571428571428571;0,571428571428571;0,666666666666667;-0,0952380952380952;7;3;4;2;3;1;1;3;-2;0;0;1
"866068";"2022-0422";"Cincinnati Masters";"Hard";"64";"Masters";50;127;"Stefanos Tsitsipas";"R";193;"GRE";24;73;"Filip Krajinovic";"R";185;"SRB";30,4;"6-3 6-4";3;"R32";69;14;1;49;37;34;7;10;0;0;3;6;56;32;22;12;9;2;4;7;4650;46;975;6;6;NA;NA;NA;3;4;NA;NA;NA;2022-08-15;2022;"2022-0422:50";1465;0;4,1926450779424;1,47643804394299;73;"Filip Krajinovic";127;"Stefanos Tsitsipas";1,47643804394299;4,1926450779424;-2,71620703399941;30,4;24;6,4;185;193;-8;1,5;0,5;0,5;1,5;-1;4;0;2;0;2;0;0;2;-2;0;0;1
"866069";"2022-0422";"Cincinnati Masters";"Hard";"64";"Masters";51;115;"Diego Schwartzman";"R";170;"ARG";29,9;64;"Aslan Karatsev";"R";185;"RUS";28,9;"7-6(3) 3-6 6-2";3;"R32";172;1;3;99;75;51;8;15;5;9;7;11;113;58;40;22;14;5;9;16;2200;38;1175;7;3;6;NA;NA;6;6;2;NA;NA;2022-08-15;2022;"2022-0422:51";1466;0;3;1,75207248655641;64;"Aslan Karatsev";115;"Diego Schwartzman";1,75207248655641;3;-1,24792751344359;28,9;29,9;-1;185;170;15;0,555555555555556;0,555555555555556;0,555555555555556;0,555555555555556;0;9;9;5;5;4;4;4;4;0;0;0;1
"866070";"2022-0422";"Cincinnati Masters";"Hard";"64";"Masters";52;72;"Sebastian Korda";"R";196;"USA";22,1;126;"Frances Tiafoe";"R";188;"USA";24,5;"4-6 6-1 6-4";3;"R32";128;7;4;87;57;40;18;14;2;4;12;6;102;54;36;19;13;9;13;52;860;25;1445;4;6;6;NA;NA;6;1;4;NA;NA;2022-08-15;2022;"2022-0422:52";1467;1;1,29956028185891;2,35614381022528;72;"Sebastian Korda";126;"Frances Tiafoe";1,29956028185891;2,35614381022528;-1,05658352836637;22,1;24,5;-2,4;196;188;8;0,5;0,692307692307692;0,5;0,692307692307692;-0,192307692307692;13;4;9;2;4;2;4;2;2;0;0;1
"866071";"2022-0422";"Cincinnati Masters";"Hard";"64";"Masters";53;60;"John Isner";"R";206;"USA";37,3;59;"Hubert Hurkacz";"R";196;"POL";25,5;"7-6(5) 6-7(5) 6-2";3;"R32";152;18;4;108;65;54;23;16;1;1;14;3;108;70;52;22;16;2;4;50;880;10;3435;7;6;6;NA;NA;6;7;2;NA;NA;2022-08-15;2022;"2022-0422:53";1468;0;1,35614381022528;3,67807190511264;59;"Hubert Hurkacz";60;"John Isner";3,67807190511264;1,35614381022528;2,32192809488736;25,5;37,3;-11,8;196;206;-10;1;0,5;0,5;1;-0,5;4;1;2;1;2;0;0;2;-2;0;0;1
"866073";"2022-0422";"Cincinnati Masters";"Hard";"64";"Masters";55;98;"Cameron Norrie";"L";188;"GBR";26,9;92;"Andy Murray";"R";190;"GBR";35,2;"3-6 6-3 6-4";3;"R32";157;7;1;103;61;45;20;14;9;11;12;5;95;54;45;14;14;3;6;11;3065;47;930;3;6;6;NA;NA;6;3;4;NA;NA;2022-08-15;2022;"2022-0422:55";1469;0;3,5405683813627;1,44541114832236;92;"Andy Murray";98;"Cameron Norrie";1,44541114832236;3,5405683813627;-2,09515723304034;35,2;26,9;8,3;190;188;2;0,818181818181818;0,5;0,5;0,818181818181818;-0,318181818181818;6;11;3;9;3;2;2;3;-1;0;0;1
"866074";"2022-0422";"Cincinnati Masters";"Hard";"64";"Masters";56;19;"Marin Cilic";"R";198;"CRO";33,8;113;"Emil Ruusuvuori";"R";188;"FIN";23,3;"6-4 6-7(5) 7-5";3;"R32";197;13;10;119;60;47;27;17;6;11;5;3;109;66;42;19;17;3;10;17;2130;44;1001;6;6;7;NA;NA;4;7;5;NA;NA;2022-08-15;2022;"2022-0422:56";1470;1;2,91253715874966;1,5405683813627;19;"Marin Cilic";113;"Emil Ruusuvuori";2,91253715874966;1,5405683813627;1,37196877738696;33,8;23,3;10,5;198;188;10;0,545454545454545;0,3;0,545454545454545;0,3;0,245454545454545;10;11;3;6;7;5;7;5;2;0;0;1
"866075";"2022-0422";"Cincinnati Masters";"Hard";"64";"Masters";57;2;"Carlos Alcaraz";"R";185;"ESP";19,2;85;"Mackenzie Mcdonald";"R";178;"USA";27,3;"6-3 6-2";3;"R32";65;5;1;39;20;17;15;8;0;0;1;3;55;36;21;10;9;3;7;4;5045;72;666;6;6;NA;NA;NA;3;2;NA;NA;NA;2022-08-15;2022;"2022-0422:57";1471;1;5;0,830074998557688;2;"Carlos Alcaraz";85;"Mackenzie Mcdonald";5;0,830074998557688;4,16992500144231;19,2;27,3;-8,1;185;178;7;1,5;0,428571428571429;1,5;0,428571428571429;1,07142857142857;7;0;3;0;4;0;4;0;4;0;0;1
"866076";"2022-0422";"Cincinnati Masters";"Hard";"64";"Masters";58;4;"Felix Auger Aliassime";"R";193;"CAN";22;26;"Alex De Minaur";"R";183;"AUS";23,4;"6-3 6-2";3;"R32";78;9;3;52;33;27;10;9;3;4;3;3;48;27;15;10;8;2;6;9;3625;20;1665;6;6;NA;NA;NA;3;2;NA;NA;NA;2022-08-15;2022;"2022-0422:58";1472;1;3,83007499855769;2,67807190511264;4;"Felix Auger Aliassime";26;"Alex De Minaur";3,83007499855769;2,67807190511264;1,15200309344505;22;23,4;-1,4;193;183;10;0,75;0,333333333333333;0,75;0,333333333333333;0,416666666666667;6;4;2;3;4;1;4;1;3;0;0;1
"866078";"2022-0422";"Cincinnati Masters";"Hard";"64";"Masters";60;6;"Roberto Bautista Agut";"R";183;"ESP";34,3;50;"Marcos Giron";"R";180;"USA";29;"6-3 6-3";3;"R32";77;2;0;51;30;26;12;9;1;1;4;1;51;27;17;14;9;0;3;19;1760;54;836;6;6;NA;NA;NA;3;3;NA;NA;NA;2022-08-15;2022;"2022-0422:60";1473;1;2,75207248655641;1,24511249783653;6;"Roberto Bautista Agut";50;"Marcos Giron";2,75207248655641;1,24511249783653;1,50695998871988;34,3;29;5,3;183;180;3;1;0;1;0;1;3;1;0;1;3;0;3;0;3;0;0;1
"866079";"2022-0422";"Cincinnati Masters";"Hard";"64";"Masters";61;22;"Borna Coric";"R";188;"CRO";25,7;94;"Rafael Nadal";"L";185;"ESP";36,1;"7-6(9) 4-6 6-3";3;"R32";171;12;1;94;46;38;32;16;0;1;6;7;91;50;42;23;15;1;2;152;360;3;5620;7;4;6;NA;NA;6;6;3;NA;NA;2022-08-15;2022;"2022-0422:61";1474;1;-0,247927513443585;5,41503749927884;22;"Borna Coric";94;"Rafael Nadal";-0,247927513443585;5,41503749927884;-5,66296501272243;25,7;36,1;-10,4;188;185;3;0;0,5;0;0,5;-0,5;2;1;1;0;1;1;1;1;0;0;0;1
"866080";"2022-0422";"Cincinnati Masters";"Hard";"64";"Masters";62;86;"Daniil Medvedev";"R";198;"RUS";26,5;117;"Denis Shapovalov";"L";185;"CAN";23,3;"7-5 7-5";3;"R16";106;4;5;68;45;35;14;12;3;4;2;5;92;61;38;16;12;10;13;1;6885;21;1560;7;7;NA;NA;NA;5;5;NA;NA;NA;2022-08-15;2022;"2022-0422:62";1475;1;7;2,60768257722124;86;"Daniil Medvedev";117;"Denis Shapovalov";7;2,60768257722124;4,39231742277876;26,5;23,3;3,2;198;185;13;0,75;0,769230769230769;0,75;0,769230769230769;-0,0192307692307693;13;4;10;3;3;1;3;1;2;0;0;1
"866081";"2022-0422";"Cincinnati Masters";"Hard";"64";"Masters";63;44;"Taylor Fritz";"R";193;"USA";24,7;110;"Andrey Rublev";"R";188;"RUS";24,8;"6-7(4) 6-2 7-5";3;"R16";152;13;6;113;69;57;21;16;6;6;16;2;110;66;51;20;16;4;7;13;2930;8;3630;6;6;7;NA;NA;7;2;5;NA;NA;2022-08-15;2022;"2022-0422:63";1476;1;3,29956028185891;4;44;"Taylor Fritz";110;"Andrey Rublev";3,29956028185891;4;-0,700439718141092;24,7;24,8;-0,100000000000001;193;188;5;1;0,571428571428571;1;0,571428571428571;0,428571428571429;7;6;4;6;3;0;3;0;3;0;0;1
"866082";"2022-0422";"Cincinnati Masters";"Hard";"64";"Masters";64;127;"Stefanos Tsitsipas";"R";193;"GRE";24;115;"Diego Schwartzman";"R";170;"ARG";29,9;"6-3 6-3";3;"R16";98;6;3;62;35;24;14;9;3;5;1;9;70;43;25;10;9;9;14;7;4650;16;2200;6;6;NA;NA;NA;3;3;NA;NA;NA;2022-08-15;2022;"2022-0422:64";1477;0;4,1926450779424;3;115;"Diego Schwartzman";127;"Stefanos Tsitsipas";3;4,1926450779424;-1,1926450779424;29,9;24;5,9;170;193;-23;0,6;0,642857142857143;0,642857142857143;0,6;0,0428571428571429;14;5;9;3;5;2;2;5;-3;0;0;1
"866083";"2022-0422";"Cincinnati Masters";"Hard";"64";"Masters";65;60;"John Isner";"R";206;"USA";37,3;72;"Sebastian Korda";"R";196;"USA";22,1;"7-6(3) 1-6 7-6(4)";3;"R16";124;20;2;88;61;52;13;15;1;3;9;0;99;74;56;16;16;2;2;50;880;52;860;7;1;7;NA;NA;6;6;6;NA;NA;2022-08-15;2022;"2022-0422:65";1478;1;1,35614381022528;1,29956028185891;60;"John Isner";72;"Sebastian Korda";1,35614381022528;1,29956028185891;0,0565835283663674;37,3;22,1;15,2;206;196;10;0,333333333333333;1;0,333333333333333;1;-0,666666666666667;2;3;2;1;0;2;0;2;-2;0;0;1
"866085";"2022-0422";"Cincinnati Masters";"Hard";"64";"Masters";67;2;"Carlos Alcaraz";"R";185;"ESP";19,2;19;"Marin Cilic";"R";198;"CRO";33,8;"7-6(4) 6-1";3;"R16";99;8;4;63;42;35;11;10;2;3;4;2;67;48;29;7;9;3;6;4;5045;17;2130;7;6;NA;NA;NA;6;1;NA;NA;NA;2022-08-15;2022;"2022-0422:67";1479;1;5;2,91253715874966;2;"Carlos Alcaraz";19;"Marin Cilic";5;2,91253715874966;2,08746284125034;19,2;33,8;-14,6;185;198;-13;0,666666666666667;0,5;0,666666666666667;0,5;0,166666666666667;6;3;3;2;3;1;3;1;2;0;0;1
"866086";"2022-0422";"Cincinnati Masters";"Hard";"64";"Masters";68;4;"Felix Auger Aliassime";"R";193;"CAN";22;119;"Jannik Sinner";"R";188;"ITA";20,9;"2-6 7-6(1) 6-1";3;"R16";146;14;4;92;58;46;14;14;5;8;4;4;93;52;33;23;13;5;8;9;3625;12;2975;2;7;6;NA;NA;6;6;1;NA;NA;2022-08-15;2022;"2022-0422:68";1480;1;3,83007499855769;3,41503749927884;4;"Felix Auger Aliassime";119;"Jannik Sinner";3,83007499855769;3,41503749927884;0,415037499278844;22;20,9;1,1;193;188;5;0,625;0,625;0,625;0,625;0;8;8;5;5;3;3;3;3;0;0;0;1
"866087";"2022-0422";"Cincinnati Masters";"Hard";"64";"Masters";69;22;"Borna Coric";"R";188;"CRO";25,7;6;"Roberto Bautista Agut";"R";183;"ESP";34,3;"6-2 6-3";3;"R16";80;16;1;59;36;31;9;8;5;5;1;1;47;30;19;8;9;3;7;152;360;19;1760;6;6;NA;NA;NA;2;3;NA;NA;NA;2022-08-15;2022;"2022-0422:69";1481;0;-0,247927513443585;2,75207248655641;6;"Roberto Bautista Agut";22;"Borna Coric";2,75207248655641;-0,247927513443585;3;34,3;25,7;8,6;183;188;-5;1;0,428571428571429;0,428571428571429;1;-0,571428571428571;7;5;3;5;4;0;0;4;-4;0;0;1
"866088";"2022-0422";"Cincinnati Masters";"Hard";"64";"Masters";70;86;"Daniil Medvedev";"R";198;"RUS";26,5;44;"Taylor Fritz";"R";193;"USA";24,7;"7-6(1) 6-3";3;"QF";97;18;4;84;54;41;17;11;6;6;3;3;62;31;26;17;10;2;3;1;6885;13;2930;7;6;NA;NA;NA;6;3;NA;NA;NA;2022-08-15;2022;"2022-0422:70";1482;0;7;3,29956028185891;44;"Taylor Fritz";86;"Daniil Medvedev";3,29956028185891;7;-3,70043971814109;24,7;26,5;-1,8;193;198;-5;1;0,666666666666667;0,666666666666667;1;-0,333333333333333;3;6;2;6;1;0;0;1;-1;0;0;1
"866089";"2022-0422";"Cincinnati Masters";"Hard";"64";"Masters";71;127;"Stefanos Tsitsipas";"R";193;"GRE";24;60;"John Isner";"R";206;"USA";37,3;"7-6(5) 5-7 6-3";3;"QF";149;7;1;96;60;47;25;17;2;3;18;2;98;69;55;14;16;0;1;7;4650;50;880;7;5;6;NA;NA;6;7;3;NA;NA;2022-08-15;2022;"2022-0422:71";1483;0;4,1926450779424;1,35614381022528;60;"John Isner";127;"Stefanos Tsitsipas";1,35614381022528;4,1926450779424;-2,83650126771712;37,3;24;13,3;206;193;13;0,666666666666667;0;0;0,666666666666667;-0,666666666666667;1;3;0;2;1;1;1;1;0;0;0;1
"866090";"2022-0422";"Cincinnati Masters";"Hard";"64";"Masters";72;98;"Cameron Norrie";"L";188;"GBR";26,9;2;"Carlos Alcaraz";"R";185;"ESP";19,2;"7-6(4) 6-7(4) 6-4";3;"QF";183;3;2;128;87;60;21;17;11;13;5;4;107;69;48;25;17;5;8;11;3065;4;5045;7;6;6;NA;NA;6;7;4;NA;NA;2022-08-15;2022;"2022-0422:72";1484;0;3,5405683813627;5;2;"Carlos Alcaraz";98;"Cameron Norrie";5;3,5405683813627;1,4594316186373;19,2;26,9;-7,7;185;188;-3;0,846153846153846;0,625;0,625;0,846153846153846;-0,221153846153846;8;13;5;11;3;2;2;3;-1;0;0;1
"866091";"2022-0422";"Cincinnati Masters";"Hard";"64";"Masters";73;22;"Borna Coric";"R";188;"CRO";25,7;4;"Felix Auger Aliassime";"R";193;"CAN";22;"6-4 6-4";3;"QF";100;8;1;50;32;31;9;10;0;0;12;5;74;44;31;15;10;7;9;152;360;9;3625;6;6;NA;NA;NA;4;4;NA;NA;NA;2022-08-15;2022;"2022-0422:73";1485;0;-0,247927513443585;3,83007499855769;4;"Felix Auger Aliassime";22;"Borna Coric";3,83007499855769;-0,247927513443585;4,07800251200127;22;25,7;-3,7;193;188;5;1,5;0,777777777777778;0,777777777777778;1,5;-0,722222222222222;9;0;7;0;2;0;0;2;-2;0;0;1
"866092";"2022-0422";"Cincinnati Masters";"Hard";"64";"Masters";74;127;"Stefanos Tsitsipas";"R";193;"GRE";24;86;"Daniil Medvedev";"R";198;"RUS";26,5;"7-6(6) 3-6 6-3";3;"SF";143;4;7;91;60;49;12;15;0;3;2;11;106;52;34;32;15;4;7;7;4650;1;6885;7;3;6;NA;NA;6;6;3;NA;NA;2022-08-15;2022;"2022-0422:74";1486;0;4,1926450779424;7;86;"Daniil Medvedev";127;"Stefanos Tsitsipas";7;4,1926450779424;2,8073549220576;26,5;24;2,5;198;193;5;0;0,571428571428571;0,571428571428571;0;0,571428571428571;7;3;4;0;3;3;3;3;0;0;0;1
"866093";"2022-0422";"Cincinnati Masters";"Hard";"64";"Masters";75;22;"Borna Coric";"R";188;"CRO";25,7;98;"Cameron Norrie";"L";188;"GBR";26,9;"6-3 6-4";3;"SF";91;7;2;56;24;19;20;10;1;2;4;2;54;32;20;10;9;4;7;152;360;11;3065;6;6;NA;NA;NA;3;4;NA;NA;NA;2022-08-15;2022;"2022-0422:75";1487;1;-0,247927513443585;3,5405683813627;22;"Borna Coric";98;"Cameron Norrie";-0,247927513443585;3,5405683813627;-3,78849589480629;25,7;26,9;-1,2;188;188;0;0,5;0,571428571428571;0,5;0,571428571428571;-0,0714285714285714;7;2;4;1;3;1;3;1;2;0;0;1
"866094";"2022-0422";"Cincinnati Masters";"Hard";"64";"Masters";76;22;"Borna Coric";"R";188;"CRO";25,7;127;"Stefanos Tsitsipas";"R";193;"GRE";24;"7-6(0) 6-2";3;"F";117;7;2;72;43;36;14;10;6;7;6;4;68;44;28;11;10;9;12;152;360;7;4650;7;6;NA;NA;NA;6;2;NA;NA;NA;2022-08-15;2022;"2022-0422:76";1488;1;-0,247927513443585;4,1926450779424;22;"Borna Coric";127;"Stefanos Tsitsipas";-0,247927513443585;4,1926450779424;-4,44057259138598;25,7;24;1,7;188;193;-5;0,857142857142857;0,75;0,857142857142857;0,75;0,107142857142857;12;7;9;6;3;1;3;1;2;0;0;1
"874280";"2022-0352";"Paris Masters";"Hard";"64";"Masters";2;90;"Corentin Moutet";"L";178;"FRA";23,5;58;"Ugo Humbert";"L";188;"FRA";24,3;"6-3 6-4";3;"Q1";83;4;1;55;36;28;9;9;6;7;0;2;65;36;25;10;10;4;8;64;777;88;613;6;6;NA;NA;NA;3;4;NA;NA;NA;2022-10-31;2022;"2022-0352:2";1489;0;1;0,540568381362703;58;"Ugo Humbert";90;"Corentin Moutet";0,540568381362703;1;-0,459431618637297;24,3;23,5;0,800000000000001;188;178;10;0,857142857142857;0,5;0,5;0,857142857142857;-0,357142857142857;8;7;4;6;4;1;1;4;-3;0;0;1
"874281";"2022-0352";"Paris Masters";"Hard";"64";"Masters";3;121;"Lorenzo Sonego";"R";191;"ITA";27,4;122;"Joao Sousa";"R";185;"POR";33,5;"6-4 7-6(9)";3;"Q1";112;10;2;81;55;44;10;11;4;5;0;2;74;46;31;16;11;4;6;51;935;77;701;6;7;NA;NA;NA;4;6;NA;NA;NA;2022-10-31;2022;"2022-0352:3";1490;1;1,3275746580285;0,733213459305099;121;"Lorenzo Sonego";122;"Joao Sousa";1,3275746580285;0,733213459305099;0,594361198723406;27,4;33,5;-6,1;191;185;6;0,8;0,666666666666667;0,8;0,666666666666667;0,133333333333333;6;5;4;4;2;1;2;1;1;0;0;1
"874283";"2022-0352";"Paris Masters";"Hard";"64";"Masters";5;30;"Laslo Djere";"R";188;"SRB";27,4;51;"David Goffin";"R";180;"BEL";31,8;"6-3 7-6(1)";3;"Q1";87;5;2;64;43;31;11;10;1;3;4;5;65;34;26;11;11;3;7;72;732;54;870;6;7;NA;NA;NA;3;6;NA;NA;NA;2022-10-31;2022;"2022-0352:5";1491;1;0,830074998557688;1,24511249783653;30;"Laslo Djere";51;"David Goffin";0,830074998557688;1,24511249783653;-0,415037499278844;27,4;31,8;-4,4;188;180;8;0,333333333333333;0,428571428571429;0,333333333333333;0,428571428571429;-0,0952380952380952;7;3;3;1;4;2;4;2;2;0;0;1
"874290";"2022-0352";"Paris Masters";"Hard";"64";"Masters";12;42;"Fabio Fognini";"R";178;"ITA";35,4;46;"Daniel Elahi Galan";"R";191;"COL";26,3;"6-3 7-6(6)";3;"Q1";95;2;4;66;49;40;8;10;3;3;8;2;90;61;43;11;11;4;6;59;792;68;750;6;7;NA;NA;NA;3;6;NA;NA;NA;2022-10-31;2022;"2022-0352:12";1492;1;1,11735695063816;0,912537158749661;42;"Fabio Fognini";46;"Daniel Elahi Galan";1,11735695063816;0,912537158749661;0,204819791888498;35,4;26,3;9,1;178;191;-13;1;0,666666666666667;1;0,666666666666667;0,333333333333333;6;3;4;3;2;0;2;0;2;0;0;1
"874300";"2022-0352";"Paris Masters";"Hard";"64";"Masters";22;97;"Yoshihito Nishioka";"L";170;"JPN";27;64;"Aslan Karatsev";"R";185;"RUS";29,1;"6-3 6-4";3;"R64";91;6;0;83;57;39;15;10;7;7;10;5;55;32;25;10;9;3;5;38;1105;58;795;6;6;NA;NA;NA;3;4;NA;NA;NA;2022-10-31;2022;"2022-0352:22";1493;0;1,75207248655641;1,14201900487243;64;"Aslan Karatsev";97;"Yoshihito Nishioka";1,14201900487243;1,75207248655641;-0,610053481683987;29,1;27;2,1;185;170;15;1;0,6;0,6;1;-0,4;5;7;3;7;2;0;0;2;-2;0;0;1
"874301";"2022-0352";"Paris Masters";"Hard";"64";"Masters";23;29;"Grigor Dimitrov";"R";188;"BUL";31,4;128;"Botic Van De Zandschulp";"R";188;"NED";27;"7-6(5) 7-6(5)";3;"R64";115;5;2;79;44;35;19;12;2;4;12;8;77;46;36;15;12;0;2;28;1460;35;1195;7;7;NA;NA;NA;6;6;NA;NA;NA;2022-10-31;2022;"2022-0352:23";1494;1;2,1926450779424;1,87071698305503;29;"Grigor Dimitrov";128;"Botic Van De Zandschulp";2,1926450779424;1,87071698305503;0,321928094887363;31,4;27;4,4;188;188;0;0,5;0;0,5;0;0,5;2;4;0;2;2;2;2;2;0;0;0;1
"874303";"2022-0352";"Paris Masters";"Hard";"64";"Masters";25;59;"Hubert Hurkacz";"R";196;"POL";25,7;82;"Adrian Mannarino";"L";183;"FRA";34,3;"7-6(5) 6-4";3;"R64";108;20;2;80;45;37;20;11;8;8;5;2;68;41;31;18;11;0;1;10;3220;43;991;7;6;NA;NA;NA;6;4;NA;NA;NA;2022-10-31;2022;"2022-0352:25";1495;1;3,67807190511264;1,5737352452979;59;"Hubert Hurkacz";82;"Adrian Mannarino";3,67807190511264;1,5737352452979;2,10433665981474;25,7;34,3;-8,6;196;183;13;1;0;1;0;1;1;8;0;8;1;0;1;0;1;0;0;1
"874304";"2022-0352";"Paris Masters";"Hard";"64";"Masters";26;111;"Holger Rune";"R";185;"DEN";19,5;130;"Stan Wawrinka";"R";183;"SUI";37,5;"4-6 7-5 7-6(3)";3;"R64";150;10;7;102;60;48;26;17;7;9;2;0;104;52;39;29;17;1;3;18;1991;153;367;4;7;7;NA;NA;6;5;6;NA;NA;2022-10-31;2022;"2022-0352:26";1496;1;2,83007499855769;-0,257387842692652;111;"Holger Rune";130;"Stan Wawrinka";2,83007499855769;-0,257387842692652;3,08746284125034;19,5;37,5;-18;185;183;2;0,777777777777778;0,333333333333333;0,777777777777778;0,333333333333333;0,444444444444444;3;9;1;7;2;2;2;2;0;0;0;1
"874306";"2022-0352";"Paris Masters";"Hard";"64";"Masters";28;26;"Alex De Minaur";"R";183;"AUS";23,7;72;"Sebastian Korda";"R";196;"USA";22,3;"6-4 4-6 6-4";3;"R64";162;2;4;104;68;47;17;15;11;13;12;2;105;66;45;20;15;8;11;25;1710;33;1255;6;4;6;NA;NA;4;6;4;NA;NA;2022-10-31;2022;"2022-0352:28";1497;1;2,35614381022528;1,95560588064155;26;"Alex De Minaur";72;"Sebastian Korda";2,35614381022528;1,95560588064155;0,400537929583729;23,7;22,3;1,4;183;196;-13;0,846153846153846;0,727272727272727;0,846153846153846;0,727272727272727;0,118881118881119;11;13;8;11;3;2;3;2;1;0;0;1
"874308";"2022-0352";"Paris Masters";"Hard";"64";"Masters";30;126;"Frances Tiafoe";"R";188;"USA";24,7;121;"Lorenzo Sonego";"R";191;"ITA";27,4;"6-4 6-4";3;"R64";74;3;0;49;32;27;13;10;0;0;8;0;61;42;32;7;10;1;3;21;1920;51;935;6;6;NA;NA;NA;4;4;NA;NA;NA;2022-10-31;2022;"2022-0352:30";1498;0;2,60768257722124;1,3275746580285;121;"Lorenzo Sonego";126;"Frances Tiafoe";1,3275746580285;2,60768257722124;-1,28010791919273;27,4;24,7;2,7;191;188;3;1,5;0,333333333333333;0,333333333333333;1,5;-1,16666666666667;3;0;1;0;2;0;0;2;-2;0;0;1
"874309";"2022-0352";"Paris Masters";"Hard";"64";"Masters";31;44;"Taylor Fritz";"R";193;"USA";25;25;"Alejandro Davidovich Fokina";"R";183;"ESP";23,4;"7-5 6-2";3;"R64";89;4;2;71;41;33;11;10;1;3;3;6;61;36;20;10;10;5;10;11;3090;32;1300;7;6;NA;NA;NA;5;2;NA;NA;NA;2022-10-31;2022;"2022-0352:31";1499;0;3,5405683813627;2;25;"Alejandro Davidovich Fokina";44;"Taylor Fritz";2;3,5405683813627;-1,5405683813627;23,4;25;-1,6;183;193;-10;0,333333333333333;0,5;0,5;0,333333333333333;0,166666666666667;10;3;5;1;5;2;2;5;-3;0;0;1
"874310";"2022-0352";"Paris Masters";"Hard";"64";"Masters";32;118;"Gilles Simon";"R";183;"FRA";37,8;92;"Andy Murray";"R";190;"GBR";35,4;"4-6 7-5 6-3";3;"R64";170;3;3;95;53;36;22;15;6;10;7;8;91;49;34;16;16;6;12;188;295;48;955;4;7;6;NA;NA;6;5;3;NA;NA;2022-10-31;2022;"2022-0352:32";1500;0;-0,554588851677638;1,41503749927884;92;"Andy Murray";118;"Gilles Simon";1,41503749927884;-0,554588851677638;1,96962635095648;35,4;37,8;-2,4;190;183;7;0,6;0,5;0,5;0,6;-0,1;12;10;6;6;6;4;4;6;-2;0;0;1
"874311";"2022-0352";"Paris Masters";"Hard";"64";"Masters";33;132;"Mikael Ymer";"R";183;"SWE";24,1;13;"Alexander Bublik";"R";196;"KAZ";25,3;"6-1 6-7(2) 6-4";3;"R64";132;1;1;109;86;60;11;15;7;8;16;5;93;53;37;19;14;7;11;74;712;36;1165;6;6;6;NA;NA;1;7;4;NA;NA;2022-10-31;2022;"2022-0352:33";1501;0;0,79054663437105;1,83007499855769;13;"Alexander Bublik";132;"Mikael Ymer";1,83007499855769;0,79054663437105;1,03952836418664;25,3;24,1;1,2;196;183;13;0,875;0,636363636363636;0,636363636363636;0,875;-0,238636363636364;11;8;7;7;4;1;1;4;-3;0;0;1
"874312";"2022-0352";"Paris Masters";"Hard";"64";"Masters";34;23;"Maxime Cressy";"R";198;"USA";25,4;115;"Diego Schwartzman";"R";170;"ARG";30,2;"6-3 6-3";3;"R64";78;12;3;49;29;22;13;9;0;1;0;6;56;35;21;10;9;3;7;34;1254;24;1735;6;6;NA;NA;NA;3;3;NA;NA;NA;2022-10-31;2022;"2022-0352:34";1502;1;1,91253715874966;2,41503749927884;23;"Maxime Cressy";115;"Diego Schwartzman";1,91253715874966;2,41503749927884;-0,502500340529183;25,4;30,2;-4,8;198;170;28;0;0,428571428571429;0;0,428571428571429;-0,428571428571429;7;1;3;0;4;1;4;1;3;0;0;1
"874315";"2022-0352";"Paris Masters";"Hard";"64";"Masters";37;93;"Lorenzo Musetti";"R";185;"ITA";20,6;19;"Marin Cilic";"R";198;"CRO";34;"6-4 6-4";3;"R64";82;7;1;57;42;34;8;10;2;2;9;2;52;27;23;13;10;0;2;23;1746;17;2140;6;6;NA;NA;NA;4;4;NA;NA;NA;2022-10-31;2022;"2022-0352:37";1503;0;2,47643804394299;2,91253715874966;19;"Marin Cilic";93;"Lorenzo Musetti";2,91253715874966;2,47643804394299;0,436099114806674;34;20,6;13,4;198;185;13;1;0;0;1;-1;2;2;0;2;2;0;0;2;-2;0;0;1
"874318";"2022-0352";"Paris Masters";"Hard";"64";"Masters";40;39;"Daniel Evans";"R";175;"GBR";32,4;95;"Brandon Nakashima";"R";185;"USA";21,2;"6-3 3-6 6-4";3;"R64";129;4;4;80;49;36;19;14;6;8;7;3;88;57;39;16;14;3;6;27;1585;50;937;6;3;6;NA;NA;3;6;4;NA;NA;2022-10-31;2022;"2022-0352:40";1504;1;2,24511249783653;1,35614381022528;39;"Daniel Evans";95;"Brandon Nakashima";2,24511249783653;1,35614381022528;0,888968687611256;32,4;21,2;11,2;175;185;-10;0,75;0,5;0,75;0,5;0,25;6;8;3;6;3;2;3;2;1;0;0;1
"874319";"2022-0352";"Paris Masters";"Hard";"64";"Masters";41;90;"Corentin Moutet";"L";178;"FRA";23,5;22;"Borna Coric";"R";188;"CRO";25,9;"3-6 6-3 6-4";3;"R64";156;2;1;107;66;45;22;14;6;7;7;0;84;56;40;16;14;2;4;64;777;26;1675;3;6;6;NA;NA;6;3;4;NA;NA;2022-10-31;2022;"2022-0352:41";1505;0;1;2,29956028185891;22;"Borna Coric";90;"Corentin Moutet";2,29956028185891;1;1,29956028185891;25,9;23,5;2,4;188;178;10;0,857142857142857;0,5;0,5;0,857142857142857;-0,357142857142857;4;7;2;6;2;1;1;2;-1;0;0;1
"874320";"2022-0352";"Paris Masters";"Hard";"64";"Masters";42;98;"Cameron Norrie";"L";188;"GBR";27,1;66;"Miomir Kecmanovic";"R";183;"SRB";23,1;"6-2 6-4";3;"R64";70;8;2;46;33;30;7;9;0;0;0;3;53;34;21;10;9;2;5;13;2490;29;1445;6;6;NA;NA;NA;2;4;NA;NA;NA;2022-10-31;2022;"2022-0352:42";1506;0;3,29956028185891;2,14201900487243;66;"Miomir Kecmanovic";98;"Cameron Norrie";2,14201900487243;3,29956028185891;-1,15754127698648;23,1;27,1;-4;183;188;-5;1,5;0,4;0,4;1,5;-1,1;5;0;2;0;3;0;0;3;-3;0;0;1
"874321";"2022-0352";"Paris Masters";"Hard";"64";"Masters";43;15;"Pablo Carreno Busta";"R";188;"ESP";31,3;108;"Albert Ramos";"L";188;"ESP";34,7;"6-3 6-3";3;"R64";91;9;2;61;37;30;14;9;3;3;2;4;70;36;26;13;9;7;10;14;2450;39;1085;6;6;NA;NA;NA;3;3;NA;NA;NA;2022-10-31;2022;"2022-0352:43";1507;1;3,1926450779424;1,71459778113775;15;"Pablo Carreno Busta";108;"Albert Ramos";3,1926450779424;1,71459778113775;1,47804729680464;31,3;34,7;-3,4;188;188;0;1;0,7;1;0,7;0,3;10;3;7;3;3;0;3;0;3;0;0;1
"874323";"2022-0352";"Paris Masters";"Hard";"64";"Masters";45;101;"Tommy Paul";"R";185;"USA";25,4;6;"Roberto Bautista Agut";"R";183;"ESP";34,5;"6-4 6-4";3;"R64";86;1;3;58;34;27;15;10;2;3;1;4;66;35;23;16;10;6;9;31;1330;20;1940;6;6;NA;NA;NA;4;4;NA;NA;NA;2022-10-31;2022;"2022-0352:45";1508;0;2,04580368961313;2,67807190511264;6;"Roberto Bautista Agut";101;"Tommy Paul";2,67807190511264;2,04580368961313;0,632268215499512;34,5;25,4;9,1;183;185;-2;0,666666666666667;0,666666666666667;0,666666666666667;0,666666666666667;0;9;3;6;2;3;1;1;3;-2;0;0;1
"874324";"2022-0352";"Paris Masters";"Hard";"64";"Masters";46;2;"Carlos Alcaraz";"R";185;"ESP";19,4;97;"Yoshihito Nishioka";"L";170;"JPN";27;"6-4 6-4";3;"R32";72;9;1;46;34;29;8;10;0;1;0;0;59;41;29;8;10;3;6;1;6730;38;1105;6;6;NA;NA;NA;4;4;NA;NA;NA;2022-10-31;2022;"2022-0352:46";1509;1;7;1,75207248655641;2;"Carlos Alcaraz";97;"Yoshihito Nishioka";7;1,75207248655641;5,24792751344359;19,4;27;-7,6;185;170;15;0;0,5;0;0,5;-0,5;6;1;3;0;3;1;3;1;2;0;0;1
"874325";"2022-0352";"Paris Masters";"Hard";"64";"Masters";47;29;"Grigor Dimitrov";"R";188;"BUL";31,4;42;"Fabio Fognini";"R";178;"ITA";35,4;"6-0 7-5";3;"R32";90;5;0;47;29;25;10;9;1;2;2;4;87;54;29;14;9;14;19;28;1460;59;792;6;7;NA;NA;NA;0;5;NA;NA;NA;2022-10-31;2022;"2022-0352:47";1510;1;2,1926450779424;1,11735695063816;29;"Grigor Dimitrov";42;"Fabio Fognini";2,1926450779424;1,11735695063816;1,07528812730424;31,4;35,4;-4;188;178;10;0,5;0,736842105263158;0,5;0,736842105263158;-0,236842105263158;19;2;14;1;5;1;5;1;4;0;0;1
"874326";"2022-0352";"Paris Masters";"Hard";"64";"Masters";48;111;"Holger Rune";"R";185;"DEN";19,5;59;"Hubert Hurkacz";"R";196;"POL";25,7;"7-5 6-1";3;"R32";64;3;1;49;38;29;7;9;0;0;10;4;60;31;22;14;10;4;8;18;1991;10;3220;7;6;NA;NA;NA;5;1;NA;NA;NA;2022-10-31;2022;"2022-0352:48";1511;0;2,83007499855769;3,67807190511264;59;"Hubert Hurkacz";111;"Holger Rune";3,67807190511264;2,83007499855769;0,84799690655495;25,7;19,5;6,2;196;185;11;1,5;0,5;0,5;1,5;-1;8;0;4;0;4;0;0;4;-4;0;0;1
"874327";"2022-0352";"Paris Masters";"Hard";"64";"Masters";49;110;"Andrey Rublev";"R";188;"RUS";25;60;"John Isner";"R";206;"USA";37,5;"6-2 6-3";3;"R32";61;4;2;48;31;26;10;9;0;0;11;0;56;44;26;2;8;4;7;9;3685;47;960;6;6;NA;NA;NA;2;3;NA;NA;NA;2022-10-31;2022;"2022-0352:49";1512;0;3,83007499855769;1,44541114832236;60;"John Isner";110;"Andrey Rublev";1,44541114832236;3,83007499855769;-2,38466385023533;37,5;25;12,5;206;188;18;1,5;0,571428571428571;0,571428571428571;1,5;-0,928571428571429;7;0;4;0;3;0;0;3;-3;0;0;1
"874328";"2022-0352";"Paris Masters";"Hard";"64";"Masters";50;26;"Alex De Minaur";"R";183;"AUS";23,7;86;"Daniil Medvedev";"R";198;"RUS";26,7;"6-4 2-6 7-5";3;"R32";166;1;1;105;62;42;22;15;12;15;10;2;102;65;42;20;15;7;10;25;1710;3;5655;6;2;7;NA;NA;4;6;5;NA;NA;2022-10-31;2022;"2022-0352:50";1513;1;2,35614381022528;5,41503749927884;26;"Alex De Minaur";86;"Daniil Medvedev";2,35614381022528;5,41503749927884;-3,05889368905357;23,7;26,7;-3;183;198;-15;0,8;0,7;0,8;0,7;0,1;10;15;7;12;3;3;3;3;0;0;0;1
"874330";"2022-0352";"Paris Masters";"Hard";"64";"Masters";52;118;"Gilles Simon";"R";183;"FRA";37,8;44;"Taylor Fritz";"R";193;"USA";25;"7-5 5-7 6-4";3;"R32";186;4;2;112;67;47;25;17;6;9;8;1;112;65;46;23;17;7;11;188;295;11;3090;7;5;6;NA;NA;5;7;4;NA;NA;2022-10-31;2022;"2022-0352:52";1514;0;-0,554588851677638;3,5405683813627;44;"Taylor Fritz";118;"Gilles Simon";3,5405683813627;-0,554588851677638;4,09515723304034;25;37,8;-12,8;193;183;10;0,666666666666667;0,636363636363636;0,636363636363636;0,666666666666667;-0,0303030303030303;11;9;7;6;4;3;3;4;-1;0;0;1
"874331";"2022-0352";"Paris Masters";"Hard";"64";"Masters";53;4;"Felix Auger Aliassime";"R";193;"CAN";22,2;132;"Mikael Ymer";"R";183;"SWE";24,1;"6-7(6) 6-4 7-6(6)";3;"R32";210;11;6;143;97;69;19;17;14;17;2;3;112;86;55;14;17;1;5;8;3725;74;712;6;6;7;NA;NA;7;4;6;NA;NA;2022-10-31;2022;"2022-0352:53";1515;1;4;0,79054663437105;4;"Felix Auger Aliassime";132;"Mikael Ymer";4;0,79054663437105;3,20945336562895;22,2;24,1;-1,9;193;183;10;0,823529411764706;0,2;0,823529411764706;0,2;0,623529411764706;5;17;1;14;4;3;4;3;1;0;0;1
"874332";"2022-0352";"Paris Masters";"Hard";"64";"Masters";54;31;"Novak Djokovic";"R";188;"SRB";35,4;23;"Maxime Cressy";"R";198;"USA";25,4;"7-6(1) 6-4";3;"R32";103;4;2;54;38;35;13;11;0;0;15;10;78;47;36;14;11;4;5;7;4320;34;1254;7;6;NA;NA;NA;6;4;NA;NA;NA;2022-10-31;2022;"2022-0352:54";1516;0;4,1926450779424;1,91253715874966;23;"Maxime Cressy";31;"Novak Djokovic";1,91253715874966;4,1926450779424;-2,28010791919274;25,4;35,4;-10;198;188;10;1,5;0,8;0,8;1,5;-0,7;5;0;4;0;1;0;0;1;-1;0;0;1
"874334";"2022-0352";"Paris Masters";"Hard";"64";"Masters";56;93;"Lorenzo Musetti";"R";185;"ITA";20,6;5;"Nikoloz Basilashvili";"R";185;"GEO";30,6;"6-4 6-2";3;"R32";69;4;3;43;27;24;9;9;0;1;4;1;57;40;24;6;9;3;7;23;1746;106;540;6;6;NA;NA;NA;4;2;NA;NA;NA;2022-10-31;2022;"2022-0352:56";1517;0;2,47643804394299;0,272079545436801;5;"Nikoloz Basilashvili";93;"Lorenzo Musetti";0,272079545436801;2,47643804394299;-2,20435849850619;30,6;20,6;10;185;185;0;0;0,428571428571429;0,428571428571429;0;0,428571428571429;7;1;3;0;4;1;1;4;-3;0;0;1
"874335";"2022-0352";"Paris Masters";"Hard";"64";"Masters";57;112;"Casper Ruud";"R";183;"NOR";23,8;48;"Richard Gasquet";"R";185;"FRA";36,3;"6-1 7-6(7)";3;"R32";84;6;1;59;36;31;14;10;3;4;6;1;51;37;23;8;9;0;3;4;5510;76;703;6;7;NA;NA;NA;1;6;NA;NA;NA;2022-10-31;2022;"2022-0352:57";1518;0;5;0,752072486556415;48;"Richard Gasquet";112;"Casper Ruud";0,752072486556415;5;-4,24792751344359;36,3;23,8;12,5;185;183;2;0,75;0;0;0,75;-0,75;3;4;0;3;3;1;1;3;-2;0;0;1
"874336";"2022-0352";"Paris Masters";"Hard";"64";"Masters";58;127;"Stefanos Tsitsipas";"R";193;"GRE";24,2;39;"Daniel Evans";"R";175;"GBR";32,4;"6-3 6-4";3;"R32";80;8;1;58;40;31;12;10;1;1;2;1;53;39;26;8;9;5;7;5;5035;27;1585;6;6;NA;NA;NA;3;4;NA;NA;NA;2022-10-31;2022;"2022-0352:58";1519;0;4,67807190511264;2,24511249783653;39;"Daniel Evans";127;"Stefanos Tsitsipas";2,24511249783653;4,67807190511264;-2,43295940727611;32,4;24,2;8,2;175;193;-18;1;0,714285714285714;0,714285714285714;1;-0,285714285714286;7;1;5;1;2;0;0;2;-2;0;0;1
"874337";"2022-0352";"Paris Masters";"Hard";"64";"Masters";59;90;"Corentin Moutet";"L";178;"FRA";23,5;98;"Cameron Norrie";"L";188;"GBR";27,1;"6-3 5-7 7-6(3)";3;"R32";172;6;0;97;67;48;17;16;1;3;4;4;118;82;60;11;17;2;5;64;777;13;2490;6;5;7;NA;NA;3;7;6;NA;NA;2022-10-31;2022;"2022-0352:59";1520;1;1;3,29956028185891;90;"Corentin Moutet";98;"Cameron Norrie";1;3,29956028185891;-2,29956028185891;23,5;27,1;-3,6;178;188;-10;0,333333333333333;0,4;0,333333333333333;0,4;-0,0666666666666667;5;3;2;1;3;2;3;2;1;0;0;1
"874338";"2022-0352";"Paris Masters";"Hard";"64";"Masters";60;15;"Pablo Carreno Busta";"R";188;"ESP";31,3;117;"Denis Shapovalov";"L";185;"CAN";23,5;"7-6(2) 2-6 6-4";3;"R32";134;3;2;81;48;36;23;15;2;5;12;9;103;51;44;25;15;7;9;14;2450;16;2180;7;2;6;NA;NA;6;6;4;NA;NA;2022-10-31;2022;"2022-0352:60";1521;1;3,1926450779424;3;15;"Pablo Carreno Busta";117;"Denis Shapovalov";3,1926450779424;3;0,192645077942396;31,3;23,5;7,8;188;185;3;0,4;0,777777777777778;0,4;0,777777777777778;-0,377777777777778;9;5;7;2;2;3;2;3;-1;0;0;1
"874339";"2022-0352";"Paris Masters";"Hard";"64";"Masters";61;101;"Tommy Paul";"R";185;"USA";25,4;94;"Rafael Nadal";"L";185;"ESP";36,4;"3-6 7-6(4) 6-1";3;"R32";152;4;2;88;50;39;18;13;2;5;6;3;99;67;45;12;15;3;8;31;1330;2;5810;3;7;6;NA;NA;6;6;1;NA;NA;2022-10-31;2022;"2022-0352:61";1522;0;2,04580368961313;6;94;"Rafael Nadal";101;"Tommy Paul";6;2,04580368961313;3,95419631038687;36,4;25,4;11;185;185;0;0,4;0,375;0,375;0,4;-0,025;8;5;3;2;5;3;3;5;-2;0;0;1
"874340";"2022-0352";"Paris Masters";"Hard";"64";"Masters";62;2;"Carlos Alcaraz";"R";185;"ESP";19,4;29;"Grigor Dimitrov";"R";188;"BUL";31,4;"6-1 6-3";3;"R16";71;1;3;47;30;23;8;8;3;4;3;2;59;41;23;5;8;2;7;1;6730;28;1460;6;6;NA;NA;NA;1;3;NA;NA;NA;2022-10-31;2022;"2022-0352:62";1523;1;7;2,1926450779424;2;"Carlos Alcaraz";29;"Grigor Dimitrov";7;2,1926450779424;4,8073549220576;19,4;31,4;-12;185;188;-3;0,75;0,285714285714286;0,75;0,285714285714286;0,464285714285714;7;4;2;3;5;1;5;1;4;0;0;1
"874341";"2022-0352";"Paris Masters";"Hard";"64";"Masters";63;111;"Holger Rune";"R";185;"DEN";19,5;110;"Andrey Rublev";"R";188;"RUS";25;"6-4 7-5";3;"R16";89;7;4;72;40;30;22;11;6;6;9;0;63;41;33;10;11;1;3;18;1991;9;3685;6;7;NA;NA;NA;4;5;NA;NA;NA;2022-10-31;2022;"2022-0352:63";1524;0;2,83007499855769;3,83007499855769;110;"Andrey Rublev";111;"Holger Rune";3,83007499855769;2,83007499855769;1;25;19,5;5,5;188;185;3;1;0,333333333333333;0,333333333333333;1;-0,666666666666667;3;6;1;6;2;0;0;2;-2;0;0;1
"874342";"2022-0352";"Paris Masters";"Hard";"64";"Masters";64;126;"Frances Tiafoe";"R";188;"USA";24,7;26;"Alex De Minaur";"R";183;"AUS";23,7;"6-3 7-6(5)";3;"R16";100;14;3;77;45;33;17;11;4;5;7;1;62;35;29;9;10;5;7;21;1920;25;1710;6;7;NA;NA;NA;3;6;NA;NA;NA;2022-10-31;2022;"2022-0352:64";1525;0;2,60768257722124;2,35614381022528;26;"Alex De Minaur";126;"Frances Tiafoe";2,35614381022528;2,60768257722124;-0,251538766995964;23,7;24,7;-1;183;188;-5;0,8;0,714285714285714;0,714285714285714;0,8;-0,0857142857142857;7;5;5;4;2;1;1;2;-1;0;0;1
"874343";"2022-0352";"Paris Masters";"Hard";"64";"Masters";65;4;"Felix Auger Aliassime";"R";193;"CAN";22,2;118;"Gilles Simon";"R";183;"FRA";37,8;"6-1 6-3";3;"R16";93;11;3;53;36;27;9;8;2;2;2;0;55;31;19;9;8;3;7;8;3725;188;295;6;6;NA;NA;NA;1;3;NA;NA;NA;2022-10-31;2022;"2022-0352:65";1526;1;4;-0,554588851677638;4;"Felix Auger Aliassime";118;"Gilles Simon";4;-0,554588851677638;4,55458885167764;22,2;37,8;-15,6;193;183;10;1;0,428571428571429;1;0,428571428571429;0,571428571428571;7;2;3;2;4;0;4;0;4;0;0;1
"874344";"2022-0352";"Paris Masters";"Hard";"64";"Masters";66;31;"Novak Djokovic";"R";188;"SRB";35,4;67;"Karen Khachanov";"R";198;"RUS";26,4;"6-4 6-1";3;"R16";87;2;3;48;28;24;11;9;0;1;2;2;57;36;23;4;8;4;8;7;4320;19;1945;6;6;NA;NA;NA;4;1;NA;NA;NA;2022-10-31;2022;"2022-0352:66";1527;1;4,1926450779424;2,75207248655641;31;"Novak Djokovic";67;"Karen Khachanov";4,1926450779424;2,75207248655641;1,44057259138598;35,4;26,4;9;188;198;-10;0;0,5;0;0,5;-0,5;8;1;4;0;4;1;4;1;3;0;0;1
"874345";"2022-0352";"Paris Masters";"Hard";"64";"Masters";67;93;"Lorenzo Musetti";"R";185;"ITA";20,6;112;"Casper Ruud";"R";183;"NOR";23,8;"4-6 6-4 6-4";3;"R16";139;4;1;78;56;43;14;15;1;3;2;2;91;55;37;22;15;4;7;23;1746;4;5510;4;6;6;NA;NA;6;4;4;NA;NA;2022-10-31;2022;"2022-0352:67";1528;1;2,47643804394299;5;93;"Lorenzo Musetti";112;"Casper Ruud";2,47643804394299;5;-2,52356195605701;20,6;23,8;-3,2;185;183;2;0,333333333333333;0,571428571428571;0,333333333333333;0,571428571428571;-0,238095238095238;7;3;4;1;3;2;3;2;1;0;0;1
"874346";"2022-0352";"Paris Masters";"Hard";"64";"Masters";68;127;"Stefanos Tsitsipas";"R";193;"GRE";24,2;90;"Corentin Moutet";"L";178;"FRA";23,5;"6-3 7-6(3)";3;"R16";98;3;0;58;33;30;17;11;0;0;3;3;67;44;33;12;10;5;6;5;5035;64;777;6;7;NA;NA;NA;3;6;NA;NA;NA;2022-10-31;2022;"2022-0352:68";1529;0;4,67807190511264;1;90;"Corentin Moutet";127;"Stefanos Tsitsipas";1;4,67807190511264;-3,67807190511264;23,5;24,2;-0,699999999999999;178;193;-15;1,5;0,833333333333333;0,833333333333333;1,5;-0,666666666666667;6;0;5;0;1;0;0;1;-1;0;0;1
"874347";"2022-0352";"Paris Masters";"Hard";"64";"Masters";69;101;"Tommy Paul";"R";185;"USA";25,4;15;"Pablo Carreno Busta";"R";188;"ESP";31,3;"6-4 6-4";3;"R16";79;4;0;57;38;29;13;10;0;1;3;0;64;52;34;3;10;9;12;31;1330;14;2450;6;6;NA;NA;NA;4;4;NA;NA;NA;2022-10-31;2022;"2022-0352:69";1530;0;2,04580368961313;3,1926450779424;15;"Pablo Carreno Busta";101;"Tommy Paul";3,1926450779424;2,04580368961313;1,14684138832927;31,3;25,4;5,9;188;185;3;0;0,75;0,75;0;0,75;12;1;9;0;3;1;1;3;-2;0;0;1
"874349";"2022-0352";"Paris Masters";"Hard";"64";"Masters";71;4;"Felix Auger Aliassime";"R";193;"CAN";22,2;126;"Frances Tiafoe";"R";188;"USA";24,7;"6-1 6-4";3;"QF";93;8;0;50;36;31;7;9;0;0;6;3;69;39;24;14;8;11;14;8;3725;21;1920;6;6;NA;NA;NA;1;4;NA;NA;NA;2022-10-31;2022;"2022-0352:71";1531;1;4;2,60768257722124;4;"Felix Auger Aliassime";126;"Frances Tiafoe";4;2,60768257722124;1,39231742277876;22,2;24,7;-2,5;193;188;5;1,5;0,785714285714286;1,5;0,785714285714286;0,714285714285714;14;0;11;0;3;0;3;0;3;0;0;1
"874350";"2022-0352";"Paris Masters";"Hard";"64";"Masters";72;31;"Novak Djokovic";"R";188;"SRB";35,4;93;"Lorenzo Musetti";"R";185;"ITA";20,6;"6-0 6-3";3;"QF";74;3;0;38;21;18;11;8;0;1;2;2;53;33;15;8;7;6;11;7;4320;23;1746;6;6;NA;NA;NA;0;3;NA;NA;NA;2022-10-31;2022;"2022-0352:72";1532;1;4,1926450779424;2,47643804394299;31;"Novak Djokovic";93;"Lorenzo Musetti";4,1926450779424;2,47643804394299;1,71620703399941;35,4;20,6;14,8;188;185;3;0;0,545454545454545;0;0,545454545454545;-0,545454545454545;11;1;6;0;5;1;5;1;4;0;0;1
"874351";"2022-0352";"Paris Masters";"Hard";"64";"Masters";73;127;"Stefanos Tsitsipas";"R";193;"GRE";24,2;101;"Tommy Paul";"R";185;"USA";25,4;"6-2 6-4";3;"QF";76;2;1;63;41;31;13;9;7;7;2;2;41;26;16;8;9;0;3;5;5035;31;1330;6;6;NA;NA;NA;2;4;NA;NA;NA;2022-10-31;2022;"2022-0352:73";1533;0;4,67807190511264;2,04580368961313;101;"Tommy Paul";127;"Stefanos Tsitsipas";2,04580368961313;4,67807190511264;-2,63226821549951;25,4;24,2;1,2;185;193;-8;1;0;0;1;-1;3;7;0;7;3;0;0;3;-3;0;0;1
"874352";"2022-0352";"Paris Masters";"Hard";"64";"Masters";74;111;"Holger Rune";"R";185;"DEN";19,5;4;"Felix Auger Aliassime";"R";193;"CAN";22,2;"6-4 6-2";3;"SF";87;5;1;47;37;32;4;9;0;0;4;2;64;47;30;6;9;5;8;18;1991;8;3725;6;6;NA;NA;NA;4;2;NA;NA;NA;2022-10-31;2022;"2022-0352:74";1534;0;2,83007499855769;4;4;"Felix Auger Aliassime";111;"Holger Rune";4;2,83007499855769;1,16992500144231;22,2;19,5;2,7;193;185;8;1,5;0,625;0,625;1,5;-0,875;8;0;5;0;3;0;0;3;-3;0;0;1
"874353";"2022-0352";"Paris Masters";"Hard";"64";"Masters";75;31;"Novak Djokovic";"R";188;"SRB";35,4;127;"Stefanos Tsitsipas";"R";193;"GRE";24,2;"6-2 3-6 7-6(4)";3;"SF";139;11;0;78;49;41;21;15;0;2;9;1;89;61;44;14;14;4;6;7;4320;5;5035;6;3;7;NA;NA;2;6;6;NA;NA;2022-10-31;2022;"2022-0352:75";1535;1;4,1926450779424;4,67807190511264;31;"Novak Djokovic";127;"Stefanos Tsitsipas";4,1926450779424;4,67807190511264;-0,485426827170242;35,4;24,2;11,2;188;193;-5;0;0,666666666666667;0;0,666666666666667;-0,666666666666667;6;2;4;0;2;2;2;2;0;0;0;1
"874354";"2022-0352";"Paris Masters";"Hard";"64";"Masters";76;111;"Holger Rune";"R";185;"DEN";19,5;31;"Novak Djokovic";"R";188;"SRB";35,4;"3-6 6-3 7-5";3;"F";153;6;7;109;69;49;19;15;10;12;8;2;80;51;42;14;15;0;3;18;1991;7;4320;3;6;7;NA;NA;6;3;5;NA;NA;2022-10-31;2022;"2022-0352:76";1536;0;2,83007499855769;4,1926450779424;31;"Novak Djokovic";111;"Holger Rune";4,1926450779424;2,83007499855769;1,36257007938471;35,4;19,5;15,9;188;185;3;0,833333333333333;0;0;0,833333333333333;-0,833333333333333;3;12;0;10;3;2;2;3;-1;0;0;1
