"";"tourney_id";"tourney_name";"surface";"draw_size";"tourney_level";"match_num";"winner_id";"winner_name";"winner_hand";"winner_ht";"winner_ioc";"winner_age";"loser_id";"loser_name";"loser_hand";"loser_ht";"loser_ioc";"loser_age";"score";"best_of";"round";"minutes";"w_ace";"w_df";"w_svpt";"w_1stIn";"w_1stWon";"w_2ndWon";"w_SvGms";"w_bpSaved";"w_bpFaced";"l_ace";"l_df";"l_svpt";"l_1stIn";"l_1stWon";"l_2ndWon";"l_SvGms";"l_bpSaved";"l_bpFaced";"winner_rank";"winner_rank_points";"loser_rank";"loser_rank_points";"W1";"W2";"W3";"W4";"W5";"L1";"L2";"L3";"L4";"L5";"tourney_start_date";"year";"match_id";"Time";"y";"transformed_winner_rank";"transformed_loser_rank";"player_i_id";"player_i_name";"player_j_id";"player_j_name";"transformed_rank_i";"transformed_rank_j";"diff_transformed_rank";"age_i";"age_j";"diff_age";"height_i";"height_j";"diff_height";"w_bp_saved_ratio";"l_bp_saved_ratio";"bp_saved_ratio_i";"bp_saved_ratio_j";"diff_bp_saved_ratio";"w_bp_chances";"l_bp_chances";"w_bp_lost";"l_bp_lost";"w_bp_won";"l_bp_won";"bp_won_i";"bp_won_j";"diff_bp_won";"I_grass";"I_clay";"I_hard"
"817208";"2020-580";"Australian Open";"Hard";"128";"Grand Slams";117;50;"Nick Kyrgios";"R";193;"AUS";24,7;79;"Lorenzo Sonego";"R";191;"ITA";24,6;"6-2 7-6(3) 7-6(1)";5;"R128";133;14;1;87;65;59;12;16;0;0;12;3;99;66;50;17;16;4;6;26;1520;53;990;6;7;7;NA;NA;2;6;6;NA;NA;2020-01-20;2020;"2020-580:117";1;1;3,29956028185891;2,2720795454368;50;"Nick Kyrgios";79;"Lorenzo Sonego";3,29956028185891;2,2720795454368;1,02748073642211;24,7;24,6;0,0999999999999979;193;191;2;1,5;0,666666666666667;1,5;0,666666666666667;0,833333333333333;6;0;4;0;2;0;2;0;2;0;0;1
"817214";"2020-580";"Australian Open";"Hard";"128";"Grand Slams";123;8;"Aljaz Bedene";"R";181;"SLO";30,5;26;"James Duckworth";"R";183;"AUS";27,9;"6-4 6-7(5) 6-7(5) 6-2 6-4";5;"R128";236;28;4;157;92;80;40;26;6;6;21;15;191;101;80;41;26;5;9;55;950;94;588;6;6;6;6;6;4;7;7;2;4;2020-01-20;2020;"2020-580:123";2;1;2,21864028647534;1,44541114832236;8;"Aljaz Bedene";26;"James Duckworth";2,21864028647534;1,44541114832236;0,773229138152978;30,5;27,9;2,6;181;183;-2;1;0,555555555555556;1;0,555555555555556;0,444444444444444;9;6;5;6;4;0;4;0;4;0;0;1
"817219";"2020-580";"Australian Open";"Hard";"128";"Grand Slams";128;81;"Dominic Thiem";"R";185;"AUT";26,3;52;"Adrian Mannarino";"L";183;"FRA";31,5;"6-3 7-5 6-2";5;"R128";141;7;4;96;57;44;21;15;6;7;5;3;86;49;28;19;14;5;10;5;5890;44;1111;6;7;6;NA;NA;3;5;2;NA;NA;2020-01-20;2020;"2020-580:128";3;0;5,67807190511264;2,5405683813627;52;"Adrian Mannarino";81;"Dominic Thiem";2,5405683813627;5,67807190511264;-3,13750352374994;31,5;26,3;5,2;183;185;-2;0,857142857142857;0,5;0,5;0,857142857142857;-0,357142857142857;10;7;5;6;5;1;1;5;-4;0;0;1
"817220";"2020-580";"Australian Open";"Hard";"128";"Grand Slams";129;55;"Daniil Medvedev";"R";198;"RUS";23,9;83;"Frances Tiafoe";"R";188;"USA";21,9;"6-3 4-6 6-4 6-2";5;"R128";156;13;12;120;63;45;26;19;6;11;3;2;115;75;45;17;18;5;14;4;5960;50;1050;6;4;6;6;NA;3;6;4;2;NA;2020-01-20;2020;"2020-580:129";4;1;6;2,35614381022528;55;"Daniil Medvedev";83;"Frances Tiafoe";6;2,35614381022528;3,64385618977472;23,9;21,9;2;198;188;10;0,545454545454545;0,357142857142857;0,545454545454545;0,357142857142857;0,188311688311688;14;11;5;6;9;5;9;5;4;0;0;1
"817221";"2020-580";"Australian Open";"Hard";"128";"Grand Slams";130;53;"Pedro Martinez";"R";185;"ESP";22,7;46;"Dominik Koepfer";"L";180;"GER";25,7;"6-3 6-4 7-5";5;"R128";129;1;3;93;60;44;20;16;6;7;10;1;99;72;50;11;15;6;10;168;300;89;609;6;6;7;NA;NA;3;4;5;NA;NA;2020-01-20;2020;"2020-580:130";5;0;0,607682577221239;1,5242665690336;46;"Dominik Koepfer";53;"Pedro Martinez";1,5242665690336;0,607682577221239;0,916583991812363;25,7;22,7;3;180;185;-5;0,857142857142857;0,6;0,6;0,857142857142857;-0,257142857142857;10;7;6;6;4;1;1;4;-3;0;0;1
"817222";"2020-580";"Australian Open";"Hard";"128";"Grand Slams";131;60;"Jaume Munar";"R";183;"ESP";22,7;34;"Hugo Gaston";"L";173;"FRA";19,3;"7-5 5-7 6-0 6-3";5;"R128";209;2;2;148;95;62;25;20;12;17;5;1;149;96;60;16;19;19;28;90;608;247;189;7;5;6;6;NA;5;7;0;3;NA;2020-01-20;2020;"2020-580:131";6;0;1,50814690367033;0,0516327684153222;34;"Hugo Gaston";60;"Jaume Munar";0,0516327684153222;1,50814690367033;-1,456514135255;19,3;22,7;-3,4;173;183;-10;0,705882352941177;0,678571428571429;0,678571428571429;0,705882352941177;-0,0273109243697479;28;17;19;12;9;5;5;9;-4;0;0;1
"817224";"2020-580";"Australian Open";"Hard";"128";"Grand Slams";133;41;"John Isner";"R";206;"USA";34,7;58;"Thiago Monteiro";"L";183;"BRA";25,6;"6-7(5) 7-6(4) 7-6(7) 7-6(5)";5;"R128";207;46;4;159;121;99;23;24;3;3;18;4;155;120;102;18;24;2;2;19;1860;86;640;6;7;7;7;NA;7;6;6;6;NA;2020-01-20;2020;"2020-580:133";7;1;3,75207248655641;1,5737352452979;41;"John Isner";58;"Thiago Monteiro";3,75207248655641;1,5737352452979;2,17833724125851;34,7;25,6;9,1;206;183;23;1;1;1;1;0;2;3;2;3;0;0;0;0;0;0;0;1
"817231";"2020-580";"Australian Open";"Hard";"128";"Grand Slams";140;72;"Andrey Rublev";"R";188;"RUS";22,2;65;"Christopher Oconnell";"R";183;"AUS";25,6;"6-3 0-6 6-4 7-6(5)";5;"R128";135;8;2;101;61;46;23;19;1;6;15;3;134;85;63;22;18;11;15;16;2004;115;481;6;0;6;7;NA;3;6;4;6;NA;2020-01-20;2020;"2020-580:140";8;0;4;1,15450994905563;65;"Christopher Oconnell";72;"Andrey Rublev";1,15450994905563;4;-2,84549005094437;25,6;22,2;3,4;183;188;-5;0,166666666666667;0,733333333333333;0,733333333333333;0,166666666666667;0,566666666666667;15;6;11;1;4;5;5;4;1;0;0;1
"817232";"2020-580";"Australian Open";"Hard";"128";"Grand Slams";141;6;"Nikoloz Basilashvili";"R";185;"GEO";27,9;49;"Soon Woo Kwon";"R";180;"KOR";22,1;"6-7(5) 6-4 7-5 3-6 6-3";5;"R128";235;22;4;193;109;80;37;26;11;16;14;4;173;116;75;28;26;11;18;29;1485;87;637;6;6;7;3;6;7;4;5;6;3;2020-01-20;2020;"2020-580:141";9;1;3,14201900487243;1,55705650415127;6;"Nikoloz Basilashvili";49;"Soon Woo Kwon";3,14201900487243;1,55705650415127;1,58496250072116;27,9;22,1;5,8;185;180;5;0,6875;0,611111111111111;0,6875;0,611111111111111;0,0763888888888888;18;16;11;11;7;5;7;5;2;0;0;1
"817235";"2020-580";"Australian Open";"Hard";"128";"Grand Slams";144;89;"Alexander Zverev";"R";198;"GER";22,7;15;"Marco Cecchinato";"R";185;"ITA";27,3;"6-4 7-6(4) 6-3";5;"R128";143;8;4;109;92;66;8;16;8;11;3;1;115;73;44;20;15;7;12;7;3345;77;710;6;7;6;NA;NA;4;6;3;NA;NA;2020-01-20;2020;"2020-580:144";10;0;5,1926450779424;1,7332134593051;15;"Marco Cecchinato";89;"Alexander Zverev";1,7332134593051;5,1926450779424;-3,4594316186373;27,3;22,7;4,6;185;198;-13;0,727272727272727;0,583333333333333;0,583333333333333;0,727272727272727;-0,143939393939394;12;11;7;8;5;3;3;5;-2;0;0;1
"817238";"2020-580";"Australian Open";"Hard";"128";"Grand Slams";147;9;"Ricardas Berankis";"R";175;"LTU";29,5;13;"Roberto Carballes Baena";"R";183;"ESP";26,8;"6-4 6-2 6-2";5;"R128";118;4;2;81;44;33;21;13;3;5;2;2;78;43;27;11;13;4;11;69;804;83;664;6;6;6;NA;NA;4;2;2;NA;NA;2020-01-20;2020;"2020-580:147";11;1;1,89147554322183;1,62496056865308;9;"Ricardas Berankis";13;"Roberto Carballes Baena";1,89147554322183;1,62496056865308;0,266514974568755;29,5;26,8;2,7;175;183;-8;0,6;0,363636363636364;0,6;0,363636363636364;0,236363636363636;11;5;4;3;7;2;7;2;5;0;0;1
"817242";"2020-580";"Australian Open";"Hard";"128";"Grand Slams";151;82;"Jordan Thompson";"R";183;"AUS";25,7;12;"Alexander Bublik";"R";196;"KAZ";22,5;"6-4 6-3 6-2";5;"R128";138;5;1;110;69;45;23;14;11;12;7;12;86;46;32;14;13;10;16;66;843;56;948;6;6;6;NA;NA;4;3;2;NA;NA;2020-01-20;2020;"2020-580:151";12;0;1,95560588064155;2,1926450779424;12;"Alexander Bublik";82;"Jordan Thompson";2,1926450779424;1,95560588064155;0,23703919730085;22,5;25,7;-3,2;196;183;13;0,916666666666667;0,625;0,625;0,916666666666667;-0,291666666666667;16;12;10;11;6;1;1;6;-5;0;0;1
"817243";"2020-580";"Australian Open";"Hard";"128";"Grand Slams";152;29;"Fabio Fognini";"R";178;"ITA";32,6;66;"Reilly Opelka";"R";211;"USA";22,3;"3-6 6-7(3) 6-4 6-3 7-6(5)";5;"R128";218;11;6;146;87;66;43;26;4;5;35;4;168;118;88;27;26;3;6;12;2310;38;1227;3;6;6;6;7;6;7;4;3;6;2020-01-20;2020;"2020-580:152";13;1;4,41503749927884;2,75207248655641;29;"Fabio Fognini";66;"Reilly Opelka";4,41503749927884;2,75207248655641;1,66296501272243;32,6;22,3;10,3;178;211;-33;0,8;0,5;0,8;0,5;0,3;6;5;3;4;3;1;3;1;2;0;0;1
"817244";"2020-580";"Australian Open";"Hard";"128";"Grand Slams";153;31;"Marton Fucsovics";"R";188;"HUN";27,9;77;"Denis Shapovalov";"L";185;"CAN";20,7;"6-3 6-7(7) 6-1 7-6(3)";5;"R128";193;3;5;126;80;65;25;20;6;7;7;8;142;86;65;22;20;5;11;67;827;13;2200;6;6;6;7;NA;3;7;1;6;NA;2020-01-20;2020;"2020-580:153";14;1;1,93391080954223;4,29956028185891;31;"Marton Fucsovics";77;"Denis Shapovalov";1,93391080954223;4,29956028185891;-2,36564947231668;27,9;20,7;7,2;188;185;3;0,857142857142857;0,454545454545455;0,857142857142857;0,454545454545455;0,402597402597403;11;7;5;6;6;1;6;1;5;0;0;1
"817249";"2020-580";"Australian Open";"Hard";"128";"Grand Slams";158;56;"John Millman";"R";183;"AUS";30,6;39;"Ugo Humbert";"L";188;"FRA";21,5;"7-6(3) 6-3 1-6 7-5";5;"R128";204;5;2;142;94;62;25;20;8;12;6;11;125;74;54;25;20;6;10;47;1096;43;1130;7;6;1;7;NA;6;3;6;5;NA;2020-01-20;2020;"2020-580:158";15;0;2,44541114832236;2,5737352452979;39;"Ugo Humbert";56;"John Millman";2,5737352452979;2,44541114832236;0,12832409697554;21,5;30,6;-9,1;188;183;5;0,666666666666667;0,6;0,6;0,666666666666667;-0,0666666666666667;10;12;6;8;4;4;4;4;0;0;0;1
"817251";"2020-580";"Australian Open";"Hard";"128";"Grand Slams";160;28;"Roger Federer";"R";185;"SUI";38,4;42;"Steve Johnson";"R";188;"USA";30;"6-3 6-2 6-2";5;"R128";81;11;1;66;49;40;13;13;1;1;3;2;73;46;26;13;12;4;9;3;6590;75;720;6;6;6;NA;NA;3;2;2;NA;NA;2020-01-20;2020;"2020-580:160";16;1;6,41503749927884;1,77118130950412;28;"Roger Federer";42;"Steve Johnson";6,41503749927884;1,77118130950412;4,64385618977472;38,4;30;8,4;185;188;-3;1;0,444444444444444;1;0,444444444444444;0,555555555555556;9;1;4;1;5;0;5;0;5;0;0;1
"817257";"2020-580";"Australian Open";"Hard";"128";"Grand Slams";166;16;"Marin Cilic";"R";198;"CRO";31,3;59;"Corentin Moutet";"L";178;"FRA";20,7;"6-3 6-2 6-4";5;"R128";106;9;1;68;42;35;20;14;3;4;4;6;74;48;30;12;13;4;9;39;1205;70;800;6;6;6;NA;NA;3;2;4;NA;NA;2020-01-20;2020;"2020-580:166";17;1;2,71459778113775;1,87071698305503;16;"Marin Cilic";59;"Corentin Moutet";2,71459778113775;1,87071698305503;0,843880798082718;31,3;20,7;10,6;198;178;20;0,75;0,444444444444444;0,75;0,444444444444444;0,305555555555556;9;4;4;3;5;1;5;1;4;0;0;1
"817260";"2020-580";"Australian Open";"Hard";"128";"Grand Slams";169;76;"Diego Schwartzman";"R";170;"ARG";27,4;38;"Lloyd Harris";"R";193;"RSA";22,9;"6-4 6-2 6-2";5;"R128";105;4;2;76;46;33;20;13;2;3;8;2;79;49;31;12;13;6;12;14;2130;72;746;6;6;6;NA;NA;4;2;2;NA;NA;2020-01-20;2020;"2020-580:169";18;0;4,1926450779424;1,83007499855769;38;"Lloyd Harris";76;"Diego Schwartzman";1,83007499855769;4,1926450779424;-2,36257007938471;22,9;27,4;-4,5;193;170;23;0,666666666666667;0,5;0,5;0,666666666666667;-0,166666666666667;12;3;6;2;6;1;1;6;-5;0;0;1
"817261";"2020-580";"Australian Open";"Hard";"128";"Grand Slams";170;20;"Alejandro Davidovich Fokina";"R";183;"ESP";20,6;37;"Norbert Gombos";"R";193;"SVK";29,4;"4-6 6-4 2-6 6-3 6-2";5;"R128";184;3;2;150;102;63;29;23;11;16;7;5;144;90;63;25;22;12;18;88;627;113;498;4;6;2;6;6;6;4;6;3;2;2020-01-20;2020;"2020-580:170";19;1;1,5405683813627;1,17982103758481;20;"Alejandro Davidovich Fokina";37;"Norbert Gombos";1,5405683813627;1,17982103758481;0,36074734377789;20,6;29,4;-8,8;183;193;-10;0,6875;0,666666666666667;0,6875;0,666666666666667;0,0208333333333334;18;16;12;11;6;5;6;5;1;0;0;1
"817264";"2020-580";"Australian Open";"Hard";"128";"Grand Slams";173;27;"Daniel Evans";"R";175;"GBR";29,6;54;"Mackenzie Mcdonald";"R";178;"USA";24,7;"3-6 4-6 6-1 6-2 6-3";5;"R128";201;2;3;128;68;44;37;22;6;11;6;6;157;109;61;21;21;7;16;32;1349;129;419;3;4;6;6;6;6;6;1;2;3;2020-01-20;2020;"2020-580:173";20;1;3;0,988772744576746;27;"Daniel Evans";54;"Mackenzie Mcdonald";3;0,988772744576746;2,01122725542325;29,6;24,7;4,9;175;178;-3;0,545454545454545;0,4375;0,545454545454545;0,4375;0,107954545454545;16;11;7;6;9;5;9;5;4;0;0;1
"817265";"2020-580";"Australian Open";"Hard";"128";"Grand Slams";174;63;"Yoshihito Nishioka";"L";170;"JPN";24,3;24;"Laslo Djere";"R";188;"SRB";24,6;"6-4 3-6 6-2 7-6(1)";5;"R128";174;2;2;124;74;45;28;20;5;11;7;5;128;75;48;22;19;6;14;71;797;40;1185;6;3;6;7;NA;4;6;2;6;NA;2020-01-20;2020;"2020-580:174";21;0;1,85025288049532;2,67807190511264;24;"Laslo Djere";63;"Yoshihito Nishioka";2,67807190511264;1,85025288049532;0,82781902461732;24,6;24,3;0,300000000000001;188;170;18;0,454545454545455;0,428571428571429;0,428571428571429;0,454545454545455;-0,025974025974026;14;11;6;5;8;6;6;8;-2;0;0;1
"817267";"2020-580";"Australian Open";"Hard";"128";"Grand Slams";176;25;"Novak Djokovic";"R";188;"SRB";32,6;80;"Jan Lennard Struff";"R";193;"GER";29,7;"7-6(5) 6-2 2-6 6-1";5;"R128";136;14;3;92;60;46;16;18;1;5;13;7;112;63;41;20;17;4;11;2;9720;37;1270;7;6;2;6;NA;6;2;6;1;NA;2020-01-20;2020;"2020-580:176";22;1;7;2,79054663437105;25;"Novak Djokovic";80;"Jan Lennard Struff";7;2,79054663437105;4,20945336562895;32,6;29,7;2,9;188;193;-5;0,2;0,363636363636364;0,2;0,363636363636364;-0,163636363636364;11;5;4;1;7;4;7;4;3;0;0;1
"817268";"2020-580";"Australian Open";"Hard";"128";"Grand Slams";177;61;"Rafael Nadal";"L";185;"ESP";33,6;22;"Federico Delbonis";"L";190;"ARG";29,2;"6-3 7-6(4) 6-1";5;"R64";150;8;1;89;61;52;17;14;0;0;2;8;110;69;45;18;14;17;20;1;10235;76;711;6;7;6;NA;NA;3;6;1;NA;NA;2020-01-20;2020;"2020-580:177";23;0;8;1,75207248655641;22;"Federico Delbonis";61;"Rafael Nadal";1,75207248655641;8;-6,24792751344359;29,2;33,6;-4,4;190;185;5;1,5;0,85;0,85;1,5;-0,65;20;0;17;0;3;0;0;3;-3;0;0;1
"817271";"2020-580";"Australian Open";"Hard";"128";"Grand Slams";180;45;"Karen Khachanov";"R";198;"RUS";23,6;88;"Mikael Ymer";"R";183;"SWE";21,3;"6-2 2-6 6-4 3-6 7-6(8)";5;"R64";274;7;6;163;104;64;22;24;14;24;4;1;189;123;71;28;23;14;24;17;1995;78;709;6;2;6;3;7;2;6;4;6;6;2020-01-20;2020;"2020-580:180";24;1;3,91253715874966;1,71459778113775;45;"Karen Khachanov";88;"Mikael Ymer";3,91253715874966;1,71459778113775;2,19793937761191;23,6;21,3;2,3;198;183;15;0,583333333333333;0,583333333333333;0,583333333333333;0,583333333333333;0;24;24;14;14;10;10;10;10;0;0;0;1
"817274";"2020-580";"Australian Open";"Hard";"128";"Grand Slams";183;30;"Taylor Fritz";"R";193;"USA";22,2;3;"Kevin Anderson";"R";203;"RSA";33,6;"4-6 6-7(5) 7-6(4) 6-2 6-2";5;"R64";201;20;5;136;85;68;36;25;1;3;21;6;163;109;83;21;25;9;14;34;1335;122;445;4;6;7;6;6;6;7;6;2;2;2020-01-20;2020;"2020-580:183";25;0;2,91253715874966;1,06926266243711;3;"Kevin Anderson";30;"Taylor Fritz";1,06926266243711;2,91253715874966;-1,84327449631255;33,6;22,2;11,4;203;193;10;0,333333333333333;0,642857142857143;0,642857142857143;0,333333333333333;0,30952380952381;14;3;9;1;5;2;2;5;-3;0;0;1
"817276";"2020-580";"Australian Open";"Hard";"128";"Grand Slams";185;55;"Daniil Medvedev";"R";198;"RUS";23,9;53;"Pedro Martinez";"R";185;"ESP";22,7;"7-5 6-1 6-3";5;"R64";129;19;2;84;48;39;23;14;3;4;4;1;93;63;38;10;14;6;12;4;5960;168;300;7;6;6;NA;NA;5;1;3;NA;NA;2020-01-20;2020;"2020-580:185";26;0;6;0,607682577221239;53;"Pedro Martinez";55;"Daniil Medvedev";0,607682577221239;6;-5,39231742277876;22,7;23,9;-1,2;185;198;-13;0,75;0,5;0,5;0,75;-0,25;12;4;6;3;6;1;1;6;-5;0;0;1
"817277";"2020-580";"Australian Open";"Hard";"128";"Grand Slams";186;69;"Alexei Popyrin";"R";196;"AUS";20,4;60;"Jaume Munar";"R";183;"ESP";22,7;"6-2 7-6(5) 6-2";5;"R64";124;8;6;95;64;48;18;14;4;4;1;2;92;55;38;17;14;5;9;96;585;90;608;6;7;6;NA;NA;2;6;2;NA;NA;2020-01-20;2020;"2020-580:186";27;0;1,41503749927884;1,50814690367033;60;"Jaume Munar";69;"Alexei Popyrin";1,50814690367033;1,41503749927884;0,0931094043914813;22,7;20,4;2,3;183;196;-13;1;0,555555555555556;0,555555555555556;1;-0,444444444444444;9;4;5;4;4;0;0;4;-4;0;0;1
"817284";"2020-580";"Australian Open";"Hard";"128";"Grand Slams";193;75;"Tennys Sandgren";"R";188;"USA";28,4;10;"Matteo Berrettini";"R";196;"ITA";23,7;"7-6(7) 6-4 4-6 2-6 7-5";5;"R64";203;22;2;146;105;84;23;26;8;11;16;3;154;100;82;31;26;3;5;100;573;8;2870;7;6;4;2;7;6;4;6;6;5;2020-01-20;2020;"2020-580:193";28;0;1,35614381022528;5;10;"Matteo Berrettini";75;"Tennys Sandgren";5;1,35614381022528;3,64385618977472;23,7;28,4;-4,7;196;188;8;0,727272727272727;0,6;0,6;0,727272727272727;-0,127272727272727;5;11;3;8;2;3;3;2;1;0;0;1
"817285";"2020-580";"Australian Open";"Hard";"128";"Grand Slams";194;70;"Sam Querrey";"R";198;"USA";32,2;9;"Ricardas Berankis";"R";175;"LTU";29,5;"7-6(2) 4-6 6-4 6-4";5;"R64";155;26;4;112;68;59;23;21;3;6;7;8;136;74;53;33;21;6;10;45;1100;69;804;7;4;6;6;NA;6;6;4;4;NA;2020-01-20;2020;"2020-580:194";29;0;2,50814690367033;1,89147554322183;9;"Ricardas Berankis";70;"Sam Querrey";1,89147554322183;2,50814690367033;-0,616671360448494;29,5;32,2;-2,7;175;198;-23;0,5;0,6;0,6;0,5;0,1;10;6;6;3;4;3;3;4;-1;0;0;1
"817287";"2020-580";"Australian Open";"Hard";"128";"Grand Slams";196;29;"Fabio Fognini";"R";178;"ITA";32,6;82;"Jordan Thompson";"R";183;"AUS";25,7;"7-6(4) 6-1 3-6 4-6 7-6(4)";5;"R64";245;10;6;164;93;68;42;25;8;11;12;4;169;101;74;34;25;8;11;12;2310;66;843;7;6;3;4;7;6;1;6;6;6;2020-01-20;2020;"2020-580:196";30;1;4,41503749927884;1,95560588064155;29;"Fabio Fognini";82;"Jordan Thompson";4,41503749927884;1,95560588064155;2,4594316186373;32,6;25,7;6,9;178;183;-5;0,727272727272727;0,727272727272727;0,727272727272727;0,727272727272727;0;11;11;8;8;3;3;3;3;0;0;0;1
"817288";"2020-580";"Australian Open";"Hard";"128";"Grand Slams";197;31;"Marton Fucsovics";"R";188;"HUN";27,9;78;"Jannik Sinner";"R";188;"ITA";18,4;"6-4 6-4 6-3";5;"R64";136;6;3;88;55;38;16;15;1;4;0;4;101;55;36;17;14;5;12;67;827;82;671;6;6;6;NA;NA;4;4;3;NA;NA;2020-01-20;2020;"2020-580:197";31;1;1,93391080954223;1,64244799538192;31;"Marton Fucsovics";78;"Jannik Sinner";1,93391080954223;1,64244799538192;0,291462814160312;27,9;18,4;9,5;188;188;0;0,25;0,416666666666667;0,25;0,416666666666667;-0,166666666666667;12;4;5;1;7;3;7;3;4;0;0;1
"817289";"2020-580";"Australian Open";"Hard";"128";"Grand Slams";198;68;"Tommy Paul";"R";185;"USA";22,6;23;"Grigor Dimitrov";"R";188;"BUL";28,6;"6-4 7-6(6) 3-6 6-7(3) 7-6(3)";5;"R64";259;11;5;214;123;86;44;28;9;15;21;8;189;125;85;34;27;11;16;80;696;20;1772;6;7;3;6;7;4;6;6;7;6;2020-01-20;2020;"2020-580:198";32;0;1,67807190511264;3,67807190511264;23;"Grigor Dimitrov";68;"Tommy Paul";3,67807190511264;1,67807190511264;2;28,6;22,6;6;188;185;3;0,6;0,6875;0,6875;0,6;0,0875;16;15;11;9;5;6;6;5;1;0;0;1
"817290";"2020-580";"Australian Open";"Hard";"128";"Grand Slams";199;56;"John Millman";"R";183;"AUS";30,6;40;"Hubert Hurkacz";"R";196;"POL";22,9;"6-4 7-5 6-3";5;"R64";148;5;5;117;65;42;23;16;5;10;9;8;81;45;29;11;15;2;10;47;1096;31;1398;6;7;6;NA;NA;4;5;3;NA;NA;2020-01-20;2020;"2020-580:199";33;0;2,44541114832236;3,04580368961313;40;"Hubert Hurkacz";56;"John Millman";3,04580368961313;2,44541114832236;0,600392541290763;22,9;30,6;-7,7;196;183;13;0,5;0,2;0,2;0,5;-0,3;10;10;2;5;8;5;5;8;-3;0;0;1
"817291";"2020-580";"Australian Open";"Hard";"128";"Grand Slams";200;28;"Roger Federer";"R";185;"SUI";38,4;48;"Filip Krajinovic";"R";185;"SRB";27,8;"6-1 6-4 6-1";5;"R64";92;14;0;68;47;36;13;12;2;3;4;2;77;57;33;4;12;7;14;3;6590;41;1158;6;6;6;NA;NA;1;4;1;NA;NA;2020-01-20;2020;"2020-580:200";34;1;6,41503749927884;2,64244799538192;28;"Roger Federer";48;"Filip Krajinovic";6,41503749927884;2,64244799538192;3,77258950389693;38,4;27,8;10,6;185;185;0;0,666666666666667;0,5;0,666666666666667;0,5;0,166666666666667;14;3;7;2;7;1;7;1;6;0;0;1
"817294";"2020-580";"Australian Open";"Hard";"128";"Grand Slams";203;16;"Marin Cilic";"R";198;"CRO";31,3;67;"Benoit Paire";"R";196;"FRA";30,7;"6-2 6-7(6) 3-6 6-1 7-6(3)";5;"R64";213;17;6;160;107;85;26;24;6;9;30;10;153;88;73;24;24;4;10;39;1205;21;1703;6;6;3;6;7;2;7;6;1;6;2020-01-20;2020;"2020-580:203";35;1;2,71459778113775;3,60768257722124;16;"Marin Cilic";67;"Benoit Paire";2,71459778113775;3,60768257722124;-0,893084796083488;31,3;30,7;0,600000000000001;198;196;2;0,666666666666667;0,4;0,666666666666667;0,4;0,266666666666667;10;9;4;6;6;3;6;3;3;0;0;1
"817296";"2020-580";"Australian Open";"Hard";"128";"Grand Slams";205;76;"Diego Schwartzman";"R";170;"ARG";27,4;20;"Alejandro Davidovich Fokina";"R";183;"ESP";20,6;"6-1 6-4 6-2";5;"R64";116;4;5;87;48;33;22;13;3;5;1;3;84;58;30;9;12;7;14;14;2130;88;627;6;6;6;NA;NA;1;4;2;NA;NA;2020-01-20;2020;"2020-580:205";36;0;4,1926450779424;1,5405683813627;20;"Alejandro Davidovich Fokina";76;"Diego Schwartzman";1,5405683813627;4,1926450779424;-2,65207669657969;20,6;27,4;-6,8;183;170;13;0,6;0,5;0,5;0,6;-0,1;14;5;7;3;7;2;2;7;-5;0;0;1
"817298";"2020-580";"Australian Open";"Hard";"128";"Grand Slams";207;63;"Yoshihito Nishioka";"L";170;"JPN";24,3;27;"Daniel Evans";"R";175;"GBR";29,6;"6-4 6-3 6-4";5;"R64";119;2;1;87;65;49;12;15;2;2;7;1;87;52;37;19;14;3;7;71;797;32;1349;6;6;6;NA;NA;4;3;4;NA;NA;2020-01-20;2020;"2020-580:207";37;0;1,85025288049532;3;27;"Daniel Evans";63;"Yoshihito Nishioka";3;1,85025288049532;1,14974711950468;29,6;24,3;5,3;175;170;5;1;0,428571428571429;0,428571428571429;1;-0,571428571428571;7;2;3;2;4;0;0;4;-4;0;0;1
"817300";"2020-580";"Australian Open";"Hard";"128";"Grand Slams";209;61;"Rafael Nadal";"L";185;"ESP";33,6;14;"Pablo Carreno Busta";"R";188;"ESP";28,5;"6-1 6-2 6-4";5;"R32";98;9;0;62;39;34;18;13;0;0;6;1;63;41;29;7;12;5;10;1;10235;30;1422;6;6;6;NA;NA;1;2;4;NA;NA;2020-01-20;2020;"2020-580:209";38;0;8;3,09310940439148;14;"Pablo Carreno Busta";61;"Rafael Nadal";3,09310940439148;8;-4,90689059560852;28,5;33,6;-5,1;188;185;3;1,5;0,5;0,5;1,5;-1;10;0;5;0;5;0;0;5;-5;0;0;1
"817301";"2020-580";"Australian Open";"Hard";"128";"Grand Slams";210;50;"Nick Kyrgios";"R";193;"AUS";24,7;45;"Karen Khachanov";"R";198;"RUS";23,6;"6-2 7-6(5) 6-7(6) 6-7(7) 7-6(8)";5;"R32";266;33;4;186;125;102;32;28;3;4;21;5;190;129;104;29;28;3;6;26;1520;17;1995;6;7;6;6;7;2;6;7;7;6;2020-01-20;2020;"2020-580:210";39;0;3,29956028185891;3,91253715874966;45;"Karen Khachanov";50;"Nick Kyrgios";3,91253715874966;3,29956028185891;0,612976876890753;23,6;24,7;-1,1;198;193;5;0,75;0,5;0,5;0,75;-0,25;6;4;3;3;3;1;1;3;-2;0;0;1
"817303";"2020-580";"Australian Open";"Hard";"128";"Grand Slams";212;81;"Dominic Thiem";"R";185;"AUT";26,3;30;"Taylor Fritz";"R";193;"USA";22,2;"6-2 6-4 6-7(5) 6-4";5;"R32";170;12;5;134;90;69;24;20;6;7;20;4;122;85;60;17;20;4;9;5;5890;34;1335;6;6;6;6;NA;2;4;7;4;NA;2020-01-20;2020;"2020-580:212";40;0;5,67807190511264;2,91253715874966;30;"Taylor Fritz";81;"Dominic Thiem";2,91253715874966;5,67807190511264;-2,76553474636298;22,2;26,3;-4,1;193;185;8;0,857142857142857;0,444444444444444;0,444444444444444;0,857142857142857;-0,412698412698413;9;7;4;6;5;1;1;5;-4;0;0;1
"817304";"2020-580";"Australian Open";"Hard";"128";"Grand Slams";213;55;"Daniil Medvedev";"R";198;"RUS";23,9;69;"Alexei Popyrin";"R";196;"AUS";20,4;"6-4 6-3 6-2";5;"R32";107;6;3;76;43;33;22;14;1;1;8;7;86;55;37;10;13;3;8;4;5960;96;585;6;6;6;NA;NA;4;3;2;NA;NA;2020-01-20;2020;"2020-580:213";41;1;6;1,41503749927884;55;"Daniil Medvedev";69;"Alexei Popyrin";6;1,41503749927884;4,58496250072116;23,9;20,4;3,5;198;196;2;1;0,375;1;0,375;0,625;8;1;3;1;5;0;5;0;5;0;0;1
"817306";"2020-580";"Australian Open";"Hard";"128";"Grand Slams";215;72;"Andrey Rublev";"R";188;"RUS";22,2;36;"David Goffin";"R";180;"BEL";29,1;"2-6 7-6(3) 6-4 7-6(4)";5;"R32";180;14;3;132;82;64;22;21;1;6;11;1;134;80;56;25;21;2;6;16;2004;11;2555;2;7;6;7;NA;6;6;4;6;NA;2020-01-20;2020;"2020-580:215";42;0;4;4,5405683813627;36;"David Goffin";72;"Andrey Rublev";4,5405683813627;4;0,540568381362703;29,1;22,2;6,9;180;188;-8;0,166666666666667;0,333333333333333;0,333333333333333;0,166666666666667;0,166666666666667;6;6;2;1;4;5;5;4;1;0;0;1
"817308";"2020-580";"Australian Open";"Hard";"128";"Grand Slams";217;75;"Tennys Sandgren";"R";188;"USA";28,4;70;"Sam Querrey";"R";198;"USA";32,2;"6-4 6-4 6-4";5;"R32";112;12;4;102;65;50;17;15;12;14;15;5;90;59;42;9;15;3;8;100;573;45;1100;6;6;6;NA;NA;4;4;4;NA;NA;2020-01-20;2020;"2020-580:217";43;0;1,35614381022528;2,50814690367033;70;"Sam Querrey";75;"Tennys Sandgren";2,50814690367033;1,35614381022528;1,15200309344505;32,2;28,4;3,8;198;188;10;0,857142857142857;0,375;0,375;0,857142857142857;-0,482142857142857;8;14;3;12;5;2;2;5;-3;0;0;1
"817310";"2020-580";"Australian Open";"Hard";"128";"Grand Slams";219;31;"Marton Fucsovics";"R";188;"HUN";27,9;68;"Tommy Paul";"R";185;"USA";22,6;"6-1 6-1 6-4";5;"R32";106;6;1;72;47;36;17;12;4;4;3;3;71;40;25;12;12;8;14;67;827;80;696;6;6;6;NA;NA;1;1;4;NA;NA;2020-01-20;2020;"2020-580:219";44;1;1,93391080954223;1,67807190511264;31;"Marton Fucsovics";68;"Tommy Paul";1,93391080954223;1,67807190511264;0,255838904429591;27,9;22,6;5,3;188;185;3;1;0,571428571428571;1;0,571428571428571;0,428571428571429;14;4;8;4;6;0;6;0;6;0;0;1
"817311";"2020-580";"Australian Open";"Hard";"128";"Grand Slams";220;28;"Roger Federer";"R";185;"SUI";38,4;56;"John Millman";"R";183;"AUS";30,6;"4-6 7-6(2) 6-4 4-6 7-6(8)";5;"R32";243;16;6;170;111;85;30;27;4;8;11;4;189;118;80;43;27;7;10;3;6590;47;1096;4;7;6;4;7;6;6;4;6;6;2020-01-20;2020;"2020-580:220";45;1;6,41503749927884;2,44541114832236;28;"Roger Federer";56;"John Millman";6,41503749927884;2,44541114832236;3,96962635095648;38,4;30,6;7,8;185;183;2;0,5;0,7;0,5;0,7;-0,2;10;8;7;4;3;4;3;4;-1;0;0;1
"817313";"2020-580";"Australian Open";"Hard";"128";"Grand Slams";222;16;"Marin Cilic";"R";198;"CRO";31,3;7;"Roberto Bautista Agut";"R";183;"ESP";31,7;"6-7(3) 6-4 6-0 5-7 6-3";5;"R32";250;24;2;149;97;75;28;25;8;10;9;2;168;116;76;27;24;12;19;39;1205;9;2630;6;6;6;5;6;7;4;0;7;3;2020-01-20;2020;"2020-580:222";46;0;2,71459778113775;4,83007499855769;7;"Roberto Bautista Agut";16;"Marin Cilic";4,83007499855769;2,71459778113775;2,11547721741994;31,7;31,3;0,399999999999999;183;198;-15;0,8;0,631578947368421;0,631578947368421;0,8;-0,168421052631579;19;10;12;8;7;2;2;7;-5;0;0;1
"817314";"2020-580";"Australian Open";"Hard";"128";"Grand Slams";223;76;"Diego Schwartzman";"R";170;"ARG";27,4;51;"Dusan Lajovic";"R";180;"SRB";29,5;"6-2 6-3 7-6(7)";5;"R32";133;3;2;95;60;43;17;15;2;6;5;2;86;57;32;12;14;4;11;14;2130;27;1516;6;6;7;NA;NA;2;3;6;NA;NA;2020-01-20;2020;"2020-580:223";47;0;4,1926450779424;3,24511249783653;51;"Dusan Lajovic";76;"Diego Schwartzman";3,24511249783653;4,1926450779424;-0,947532580105864;29,5;27,4;2,1;180;170;10;0,333333333333333;0,363636363636364;0,363636363636364;0,333333333333333;0,0303030303030303;11;6;4;2;7;4;4;7;-3;0;0;1
"817315";"2020-580";"Australian Open";"Hard";"128";"Grand Slams";224;25;"Novak Djokovic";"R";188;"SRB";32,6;63;"Yoshihito Nishioka";"L";170;"JPN";24,3;"6-3 6-2 6-2";5;"R32";85;17;2;62;46;43;11;13;1;1;1;4;74;43;29;12;12;1;6;2;9720;71;797;6;6;6;NA;NA;3;2;2;NA;NA;2020-01-20;2020;"2020-580:224";48;1;7;1,85025288049532;25;"Novak Djokovic";63;"Yoshihito Nishioka";7;1,85025288049532;5,14974711950468;32,6;24,3;8,3;188;170;18;1;0,166666666666667;1;0,166666666666667;0,833333333333333;6;1;1;1;5;0;5;0;5;0;0;1
"817316";"2020-580";"Australian Open";"Hard";"128";"Grand Slams";225;61;"Rafael Nadal";"L";185;"ESP";33,6;50;"Nick Kyrgios";"R";193;"AUS";24,7;"6-3 3-6 7-6(6) 7-6(4)";5;"R16";218;12;4;120;78;66;27;21;1;3;25;5;151;113;83;14;21;7;9;1;10235;26;1520;6;3;7;7;NA;3;6;6;6;NA;2020-01-20;2020;"2020-580:225";49;0;8;3,29956028185891;50;"Nick Kyrgios";61;"Rafael Nadal";3,29956028185891;8;-4,70043971814109;24,7;33,6;-8,9;193;185;8;0,333333333333333;0,777777777777778;0,777777777777778;0,333333333333333;0,444444444444444;9;3;7;1;2;2;2;2;0;0;0;1
"817317";"2020-580";"Australian Open";"Hard";"128";"Grand Slams";226;81;"Dominic Thiem";"R";185;"AUT";26,3;57;"Gael Monfils";"R";193;"FRA";33,3;"6-2 6-4 6-4";5;"R16";110;2;1;70;46;39;18;14;0;0;9;0;104;79;48;12;14;10;14;5;5890;10;2565;6;6;6;NA;NA;2;4;4;NA;NA;2020-01-20;2020;"2020-580:226";50;0;5,67807190511264;4,67807190511264;57;"Gael Monfils";81;"Dominic Thiem";4,67807190511264;5,67807190511264;-1;33,3;26,3;7;193;185;8;1,5;0,714285714285714;0,714285714285714;1,5;-0,785714285714286;14;0;10;0;4;0;0;4;-4;0;0;1
"817318";"2020-580";"Australian Open";"Hard";"128";"Grand Slams";227;87;"Stan Wawrinka";"R";183;"SUI";34,8;55;"Daniil Medvedev";"R";198;"RUS";23,9;"6-2 2-6 4-6 7-6(2) 6-2";5;"R16";205;18;1;138;95;72;22;23;5;8;19;2;143;98;67;25;23;7;11;15;2045;4;5960;6;2;4;7;6;2;6;6;6;2;2020-01-20;2020;"2020-580:227";51;0;4,09310940439148;6;55;"Daniil Medvedev";87;"Stan Wawrinka";6;4,09310940439148;1,90689059560852;23,9;34,8;-10,9;198;183;15;0,625;0,636363636363636;0,636363636363636;0,625;0,0113636363636364;11;8;7;5;4;3;3;4;-1;0;0;1
"817319";"2020-580";"Australian Open";"Hard";"128";"Grand Slams";228;89;"Alexander Zverev";"R";198;"GER";22,7;72;"Andrey Rublev";"R";188;"RUS";22,2;"6-4 6-4 6-4";5;"R16";97;11;3;72;54;49;11;15;0;0;5;5;81;53;41;14;15;4;7;7;3345;16;2004;6;6;6;NA;NA;4;4;4;NA;NA;2020-01-20;2020;"2020-580:228";52;0;5,1926450779424;4;72;"Andrey Rublev";89;"Alexander Zverev";4;5,1926450779424;-1,1926450779424;22,2;22,7;-0,5;188;198;-10;1,5;0,571428571428571;0,571428571428571;1,5;-0,928571428571429;7;0;4;0;3;0;0;3;-3;0;0;1
"817320";"2020-580";"Australian Open";"Hard";"128";"Grand Slams";229;75;"Tennys Sandgren";"R";188;"USA";28,4;29;"Fabio Fognini";"R";178;"ITA";32,6;"7-6(5) 7-5 6-7(2) 6-4";5;"R16";207;21;2;141;95;69;24;23;5;8;8;3;132;67;52;33;23;0;5;100;573;12;2310;7;7;6;6;NA;6;5;7;4;NA;2020-01-20;2020;"2020-580:229";53;0;1,35614381022528;4,41503749927884;29;"Fabio Fognini";75;"Tennys Sandgren";4,41503749927884;1,35614381022528;3,05889368905357;32,6;28,4;4,2;178;188;-10;0,625;0;0;0,625;-0,625;5;8;0;5;5;3;3;5;-2;0;0;1
"817321";"2020-580";"Australian Open";"Hard";"128";"Grand Slams";230;28;"Roger Federer";"R";185;"SUI";38,4;31;"Marton Fucsovics";"R";188;"HUN";27,9;"4-6 6-1 6-2 6-2";5;"R16";131;5;0;103;63;48;21;17;7;9;1;1;89;42;24;25;16;5;12;3;6590;67;827;4;6;6;6;NA;6;1;2;2;NA;2020-01-20;2020;"2020-580:230";54;1;6,41503749927884;1,93391080954223;28;"Roger Federer";31;"Marton Fucsovics";6,41503749927884;1,93391080954223;4,48112668973662;38,4;27,9;10,5;185;188;-3;0,777777777777778;0,416666666666667;0,777777777777778;0,416666666666667;0,361111111111111;12;9;5;7;7;2;7;2;5;0;0;1
"817323";"2020-580";"Australian Open";"Hard";"128";"Grand Slams";232;25;"Novak Djokovic";"R";188;"SRB";32,6;76;"Diego Schwartzman";"R";170;"ARG";27,4;"6-3 6-4 6-4";5;"R16";126;8;1;86;55;41;21;15;2;3;1;4;89;50;31;19;14;4;8;2;9720;14;2130;6;6;6;NA;NA;3;4;4;NA;NA;2020-01-20;2020;"2020-580:232";55;1;7;4,1926450779424;25;"Novak Djokovic";76;"Diego Schwartzman";7;4,1926450779424;2,8073549220576;32,6;27,4;5,2;188;170;18;0,666666666666667;0,5;0,666666666666667;0,5;0,166666666666667;8;3;4;2;4;1;4;1;3;0;0;1
"817324";"2020-580";"Australian Open";"Hard";"128";"Grand Slams";233;81;"Dominic Thiem";"R";185;"AUT";26,3;61;"Rafael Nadal";"L";185;"ESP";33,6;"7-6(3) 7-6(4) 4-6 7-6(6)";5;"QF";250;14;4;140;83;65;28;23;5;9;11;3;151;105;72;24;23;5;8;5;5890;1;10235;7;7;4;7;NA;6;6;6;6;NA;2020-01-20;2020;"2020-580:233";56;0;5,67807190511264;8;61;"Rafael Nadal";81;"Dominic Thiem";8;5,67807190511264;2,32192809488736;33,6;26,3;7,3;185;185;0;0,555555555555556;0,625;0,625;0,555555555555556;0,0694444444444444;8;9;5;5;3;4;4;3;1;0;0;1
"817325";"2020-580";"Australian Open";"Hard";"128";"Grand Slams";234;89;"Alexander Zverev";"R";198;"GER";22,7;87;"Stan Wawrinka";"R";183;"SUI";34,8;"1-6 6-3 6-4 6-2";5;"QF";139;13;1;93;74;56;8;17;3;6;4;5;105;59;41;24;17;8;13;7;3345;15;2045;1;6;6;6;NA;6;3;4;2;NA;2020-01-20;2020;"2020-580:234";57;0;5,1926450779424;4,09310940439148;87;"Stan Wawrinka";89;"Alexander Zverev";4,09310940439148;5,1926450779424;-1,09953567355091;34,8;22,7;12,1;183;198;-15;0,5;0,615384615384615;0,615384615384615;0,5;0,115384615384615;13;6;8;3;5;3;3;5;-2;0;0;1
"817326";"2020-580";"Australian Open";"Hard";"128";"Grand Slams";235;28;"Roger Federer";"R";185;"SUI";38,4;75;"Tennys Sandgren";"R";188;"USA";28,4;"6-3 2-6 2-6 7-6(8) 6-3";5;"QF";211;5;3;171;112;80;31;23;10;14;27;5;150;97;77;24;23;11;13;3;6590;100;573;6;2;2;7;6;3;6;6;6;3;2020-01-20;2020;"2020-580:235";58;1;6,41503749927884;1,35614381022528;28;"Roger Federer";75;"Tennys Sandgren";6,41503749927884;1,35614381022528;5,05889368905357;38,4;28,4;10;185;188;-3;0,714285714285714;0,846153846153846;0,714285714285714;0,846153846153846;-0,131868131868132;13;14;11;10;2;4;2;4;-2;0;0;1
"817328";"2020-580";"Australian Open";"Hard";"128";"Grand Slams";237;81;"Dominic Thiem";"R";185;"AUT";26,3;89;"Alexander Zverev";"R";198;"GER";22,7;"3-6 6-4 7-6(3) 7-6(4)";5;"SF";222;10;4;144;96;74;19;22;9;14;16;3;127;103;70;12;21;5;9;5;5890;7;3345;3;6;7;7;NA;6;4;6;6;NA;2020-01-20;2020;"2020-580:237";59;1;5,67807190511264;5,1926450779424;81;"Dominic Thiem";89;"Alexander Zverev";5,67807190511264;5,1926450779424;0,485426827170242;26,3;22,7;3,6;185;198;-13;0,642857142857143;0,555555555555556;0,642857142857143;0,555555555555556;0,0873015873015873;9;14;5;9;4;5;4;5;-1;0;0;1
"817329";"2020-580";"Australian Open";"Hard";"128";"Grand Slams";238;25;"Novak Djokovic";"R";188;"SRB";32,6;28;"Roger Federer";"R";185;"SUI";38,4;"7-6(1) 6-4 6-3";5;"SF";138;11;1;102;74;54;15;16;5;7;15;3;104;68;45;15;15;7;11;2;9720;3;6590;7;6;6;NA;NA;6;4;3;NA;NA;2020-01-20;2020;"2020-580:238";60;1;7;6,41503749927884;25;"Novak Djokovic";28;"Roger Federer";7;6,41503749927884;0,584962500721156;32,6;38,4;-5,8;188;185;3;0,714285714285714;0,636363636363636;0,714285714285714;0,636363636363636;0,077922077922078;11;7;7;5;4;2;4;2;2;0;0;1
"817330";"2020-580";"Australian Open";"Hard";"128";"Grand Slams";239;25;"Novak Djokovic";"R";188;"SRB";32,6;81;"Dominic Thiem";"R";185;"AUT";26,3;"6-4 4-6 2-6 6-3 6-4";5;"F";239;9;5;134;87;66;24;24;7;12;13;5;170;108;75;28;23;7;12;2;9720;5;5890;6;4;2;6;6;4;6;6;3;4;2020-01-20;2020;"2020-580:239";61;1;7;5,67807190511264;25;"Novak Djokovic";81;"Dominic Thiem";7;5,67807190511264;1,32192809488736;32,6;26,3;6,3;188;185;3;0,583333333333333;0,583333333333333;0,583333333333333;0,583333333333333;0;12;12;7;7;5;5;5;5;0;0;0;1
"822847";"2020-520";"Roland Garros";"Clay";"128";"Grand Slams";113;25;"Novak Djokovic";"R";188;"SRB";33,3;88;"Mikael Ymer";"R";183;"SWE";22;"6-0 6-2 6-3";5;"R128";98;2;2;58;35;26;14;12;0;2;2;5;72;48;20;8;11;2;11;1;11260;80;763;6;6;6;NA;NA;0;2;3;NA;NA;2020-09-28;2020;"2020-520:113";62;1;8;1,67807190511264;25;"Novak Djokovic";88;"Mikael Ymer";8;1,67807190511264;6,32192809488736;33,3;22;11,3;188;183;5;0;0,181818181818182;0;0,181818181818182;-0,181818181818182;11;2;2;0;9;2;9;2;7;0;1;0
"822850";"2020-520";"Roland Garros";"Clay";"128";"Grand Slams";116;75;"Tennys Sandgren";"R";188;"USA";29,1;40;"Hubert Hurkacz";"R";196;"POL";23,6;"7-5 2-6 4-6 7-6(1) 11-9";5;"R128";271;14;7;186;112;74;41;31;7;14;10;8;200;123;86;39;31;12;18;47;1068;31;1468;7;2;4;7;11;5;6;6;6;9;2020-09-28;2020;"2020-520:116";63;0;2,44541114832236;3,04580368961313;40;"Hubert Hurkacz";75;"Tennys Sandgren";3,04580368961313;2,44541114832236;0,600392541290763;23,6;29,1;-5,5;196;188;8;0,5;0,666666666666667;0,666666666666667;0,5;0,166666666666667;18;14;12;7;6;7;7;6;1;0;1;0
"822855";"2020-520";"Roland Garros";"Clay";"128";"Grand Slams";121;7;"Roberto Bautista Agut";"R";183;"ESP";32,4;33;"Richard Gasquet";"R";185;"FRA";34,2;"7-6(5) 6-2 6-1";5;"R128";118;6;0;79;52;35;15;14;4;7;1;4;108;64;38;16;13;9;17;10;2665;50;1030;7;6;6;NA;NA;6;2;1;NA;NA;2020-09-28;2020;"2020-520:121";64;1;4,67807190511264;2,35614381022528;7;"Roberto Bautista Agut";33;"Richard Gasquet";4,67807190511264;2,35614381022528;2,32192809488736;32,4;34,2;-1,8;183;185;-2;0,571428571428571;0,529411764705882;0,571428571428571;0,529411764705882;0,042016806722689;17;7;9;4;8;3;8;3;5;0;1;0
"822858";"2020-520";"Roland Garros";"Clay";"128";"Grand Slams";124;14;"Pablo Carreno Busta";"R";188;"ESP";29,2;56;"John Millman";"R";183;"AUS";31,2;"6-3 6-2 7-5";5;"R128";136;4;0;80;55;37;14;15;4;7;1;2;109;62;37;15;14;14;22;18;2130;43;1166;6;6;7;NA;NA;3;2;5;NA;NA;2020-09-28;2020;"2020-520:124";65;1;3,83007499855769;2,5737352452979;14;"Pablo Carreno Busta";56;"John Millman";3,83007499855769;2,5737352452979;1,25633975325979;29,2;31,2;-2;188;183;5;0,571428571428571;0,636363636363636;0,571428571428571;0,636363636363636;-0,064935064935065;22;7;14;4;8;3;8;3;5;0;1;0
"822859";"2020-520";"Roland Garros";"Clay";"128";"Grand Slams";125;80;"Jan Lennard Struff";"R";193;"GER";30,4;83;"Frances Tiafoe";"R";188;"USA";22,6;"3-6 7-6(5) 6-3 6-7(2) 6-3";5;"R128";240;23;4;161;94;67;38;26;7;10;10;4;197;111;75;43;25;9;15;32;1450;67;845;3;7;6;6;6;6;6;3;7;3;2020-09-28;2020;"2020-520:125";66;1;3;1,93391080954223;80;"Jan Lennard Struff";83;"Frances Tiafoe";3;1,93391080954223;1,06608919045777;30,4;22,6;7,8;193;188;5;0,7;0,6;0,7;0,6;0,1;15;10;9;7;6;3;6;3;3;0;1;0
"822861";"2020-520";"Roland Garros";"Clay";"128";"Grand Slams";127;38;"Lloyd Harris";"R";193;"RSA";23,5;69;"Alexei Popyrin";"R";196;"AUS";21,1;"6-4 6-4 7-6(7)";5;"R128";120;17;1;95;68;56;17;16;0;0;7;7;101;67;51;17;16;6;8;90;701;108;576;6;6;7;NA;NA;4;4;6;NA;NA;2020-09-28;2020;"2020-520:127";67;1;1,50814690367033;1,24511249783653;38;"Lloyd Harris";69;"Alexei Popyrin";1,50814690367033;1,24511249783653;0,263034405833793;23,5;21,1;2,4;193;196;-3;1,5;0,75;1,5;0,75;0,75;8;0;6;0;2;0;2;0;2;0;1;0
"822863";"2020-520";"Roland Garros";"Clay";"128";"Grand Slams";129;31;"Marton Fucsovics";"R";188;"HUN";28,6;55;"Daniil Medvedev";"R";198;"RUS";24,6;"6-4 7-6(3) 2-6 6-1";5;"R128";197;2;6;131;72;50;29;19;4;9;3;4;115;69;44;22;18;7;13;63;877;5;5890;6;7;2;6;NA;4;6;6;1;NA;2020-09-28;2020;"2020-520:129";68;1;2,02272007650008;5,67807190511264;31;"Marton Fucsovics";55;"Daniil Medvedev";2,02272007650008;5,67807190511264;-3,65535182861256;28,6;24,6;4;188;198;-10;0,444444444444444;0,538461538461538;0,444444444444444;0,538461538461538;-0,094017094017094;13;9;7;4;6;5;6;5;1;0;1;0
"822864";"2020-520";"Roland Garros";"Clay";"128";"Grand Slams";130;71;"Albert Ramos";"L";188;"ESP";32,6;52;"Adrian Mannarino";"L";183;"FRA";32,2;"6-4 6-3 6-0";5;"R128";114;0;2;72;40;27;23;13;1;2;2;6;94;50;32;16;12;5;12;44;1130;39;1271;6;6;6;NA;NA;4;3;0;NA;NA;2020-09-28;2020;"2020-520:130";69;0;2,5405683813627;2,71459778113775;52;"Adrian Mannarino";71;"Albert Ramos";2,71459778113775;2,5405683813627;0,174029399775049;32,2;32,6;-0,399999999999999;183;188;-5;0,5;0,416666666666667;0,416666666666667;0,5;-0,0833333333333333;12;2;5;1;7;1;1;7;-6;0;1;0
"822866";"2020-520";"Roland Garros";"Clay";"128";"Grand Slams";132;58;"Thiago Monteiro";"L";183;"BRA";26,3;6;"Nikoloz Basilashvili";"R";185;"GEO";28,5;"7-5 6-4 6-2";5;"R128";125;6;0;88;60;47;20;15;6;6;0;2;87;47;29;26;15;4;8;84;749;33;1395;7;6;6;NA;NA;5;4;2;NA;NA;2020-09-28;2020;"2020-520:132";70;0;1,60768257722124;2,95560588064155;6;"Nikoloz Basilashvili";58;"Thiago Monteiro";2,95560588064155;1,60768257722124;1,34792330342031;28,5;26,3;2,2;185;183;2;1;0,5;0,5;1;-0,5;8;6;4;6;4;0;0;4;-4;0;1;0
"822868";"2020-520";"Roland Garros";"Clay";"128";"Grand Slams";134;3;"Kevin Anderson";"R";203;"RSA";34,3;24;"Laslo Djere";"R";188;"SRB";25,3;"6-2 6-3 6-4";5;"R128";131;11;1;81;56;42;14;14;3;5;1;3;90;63;38;8;13;8;14;118;510;73;797;6;6;6;NA;NA;2;3;4;NA;NA;2020-09-28;2020;"2020-520:134";71;1;1,11735695063816;1,81017544111998;3;"Kevin Anderson";24;"Laslo Djere";1,11735695063816;1,81017544111998;-0,692818490481824;34,3;25,3;9;203;188;15;0,6;0,571428571428571;0,6;0,571428571428571;0,0285714285714286;14;5;8;3;6;2;6;2;4;0;1;0
"822870";"2020-520";"Roland Garros";"Clay";"128";"Grand Slams";136;72;"Andrey Rublev";"R";188;"RUS";22,9;70;"Sam Querrey";"R";198;"USA";32,9;"6-7(5) 6-7(4) 7-5 6-4 6-3";5;"R128";197;23;2;158;92;71;40;28;5;9;29;11;175;105;79;32;27;7;15;12;2614;48;1055;6;6;7;6;6;7;7;5;4;3;2020-09-28;2020;"2020-520:136";72;0;4,41503749927884;2,41503749927884;70;"Sam Querrey";72;"Andrey Rublev";2,41503749927884;4,41503749927884;-2;32,9;22,9;10;198;188;10;0,555555555555556;0,466666666666667;0,466666666666667;0,555555555555556;-0,0888888888888889;15;9;7;5;8;4;4;8;-4;0;1;0
"822872";"2020-520";"Roland Garros";"Clay";"128";"Grand Slams";138;13;"Roberto Carballes Baena";"R";183;"ESP";27,5;42;"Steve Johnson";"R";188;"USA";30,7;"6-1 6-1 6-0";5;"R128";83;1;0;52;42;32;9;10;3;3;1;1;64;34;17;8;10;4;12;101;649;64;870;6;6;6;NA;NA;1;1;0;NA;NA;2020-09-28;2020;"2020-520:138";73;1;1,34178851724821;2;13;"Roberto Carballes Baena";42;"Steve Johnson";1,34178851724821;2;-0,658211482751795;27,5;30,7;-3,2;183;188;-5;1;0,333333333333333;1;0,333333333333333;0,666666666666667;12;3;4;3;8;0;8;0;8;0;1;0
"822878";"2020-520";"Roland Garros";"Clay";"128";"Grand Slams";144;84;"Stefanos Tsitsipas";"R";193;"GRE";22,1;60;"Jaume Munar";"R";183;"ESP";23,4;"4-6 2-6 6-1 6-4 6-4";5;"R128";192;6;6;134;96;70;16;23;2;7;3;0;126;89;65;16;22;8;14;6;5385;109;563;4;2;6;6;6;6;6;1;4;4;2020-09-28;2020;"2020-520:144";74;0;5,41503749927884;1,23181567522307;60;"Jaume Munar";84;"Stefanos Tsitsipas";1,23181567522307;5,41503749927884;-4,18322182405577;23,4;22,1;1,3;183;193;-10;0,285714285714286;0,571428571428571;0,571428571428571;0,285714285714286;0,285714285714286;14;7;8;2;6;5;5;6;-1;0;1;0
"822879";"2020-520";"Roland Garros";"Clay";"128";"Grand Slams";145;12;"Alexander Bublik";"R";196;"KAZ";23,2;57;"Gael Monfils";"R";193;"FRA";34;"6-4 7-5 3-6 6-3";5;"R128";155;6;6;115;60;47;22;20;9;15;5;12;156;107;68;16;20;17;25;49;1045;9;2860;6;7;3;6;NA;4;5;6;3;NA;2020-09-28;2020;"2020-520:145";75;1;2,38529015588479;4,83007499855769;12;"Alexander Bublik";57;"Gael Monfils";2,38529015588479;4,83007499855769;-2,4447848426729;23,2;34;-10,8;196;193;3;0,6;0,68;0,6;0,68;-0,0800000000000001;25;15;17;9;8;6;8;6;2;0;1;0
"822881";"2020-520";"Roland Garros";"Clay";"128";"Grand Slams";147;1;"Radu Albot";"R";175;"MDA";30,8;82;"Jordan Thompson";"R";183;"AUS";26,4;"6-2 6-4 6-1";5;"R128";126;1;2;70;42;32;16;13;2;3;7;2;105;63;35;16;12;11;18;79;772;55;984;6;6;6;NA;NA;2;4;1;NA;NA;2020-09-28;2020;"2020-520:147";76;1;1,6962192518229;2,21864028647534;1;"Radu Albot";82;"Jordan Thompson";1,6962192518229;2,21864028647534;-0,522421034652443;30,8;26,4;4,4;175;183;-8;0,666666666666667;0,611111111111111;0,666666666666667;0,611111111111111;0,0555555555555555;18;3;11;2;7;1;7;1;6;0;1;0
"822886";"2020-520";"Roland Garros";"Clay";"128";"Grand Slams";152;76;"Diego Schwartzman";"R";170;"ARG";28,1;44;"Miomir Kecmanovic";"R";183;"SRB";21;"6-0 6-1 6-3";5;"R128";107;3;3;85;53;36;15;11;6;8;1;4;70;43;19;8;11;5;14;14;2505;41;1258;6;6;6;NA;NA;0;1;3;NA;NA;2020-09-28;2020;"2020-520:152";77;0;4,1926450779424;2,64244799538192;44;"Miomir Kecmanovic";76;"Diego Schwartzman";2,64244799538192;4,1926450779424;-1,55019708256048;21;28,1;-7,1;183;170;13;0,75;0,357142857142857;0,357142857142857;0,75;-0,392857142857143;14;8;5;6;9;2;2;9;-7;0;1;0
"822890";"2020-520";"Roland Garros";"Clay";"128";"Grand Slams";156;63;"Yoshihito Nishioka";"L";170;"JPN";25;5;"Felix Auger Aliassime";"R";193;"CAN";20,1;"7-5 6-3 6-3";5;"R128";152;1;1;103;72;45;19;15;11;13;5;6;95;52;30;21;15;7;13;52;1017;22;1976;7;6;6;NA;NA;5;3;3;NA;NA;2020-09-28;2020;"2020-520:156";78;0;2,29956028185891;3,5405683813627;5;"Felix Auger Aliassime";63;"Yoshihito Nishioka";3,5405683813627;2,29956028185891;1,24100809950379;20,1;25;-4,9;193;170;23;0,846153846153846;0,538461538461538;0,538461538461538;0,846153846153846;-0,307692307692308;13;13;7;11;6;2;2;6;-4;0;1;0
"822892";"2020-520";"Roland Garros";"Clay";"128";"Grand Slams";158;68;"Tommy Paul";"R";185;"USA";23,3;26;"James Duckworth";"R";183;"AUS";28,6;"6-2 6-3 6-2";5;"R128";103;5;1;73;38;29;22;13;2;3;1;1;94;41;26;22;12;7;14;58;949;91;699;6;6;6;NA;NA;2;3;2;NA;NA;2020-09-28;2020;"2020-520:158";79;0;2,14201900487243;1,4922053598013;26;"James Duckworth";68;"Tommy Paul";1,4922053598013;2,14201900487243;-0,649813645071124;28,6;23,3;5,3;183;185;-2;0,666666666666667;0,5;0,5;0,666666666666667;-0,166666666666667;14;3;7;2;7;1;1;7;-6;0;1;0
"822894";"2020-520";"Roland Garros";"Clay";"128";"Grand Slams";160;81;"Dominic Thiem";"R";185;"AUT";27;16;"Marin Cilic";"R";198;"CRO";32;"6-4 6-3 6-3";5;"R128";126;3;1;78;53;37;16;14;5;7;1;2;88;49;31;17;14;7;13;3;9125;40;1270;6;6;6;NA;NA;4;3;3;NA;NA;2020-09-28;2020;"2020-520:160";80;0;6,41503749927884;2,67807190511264;16;"Marin Cilic";81;"Dominic Thiem";2,67807190511264;6,41503749927884;-3,73696559416621;32;27;5;198;185;13;0,714285714285714;0,538461538461538;0,538461538461538;0,714285714285714;-0,175824175824176;13;7;7;5;6;2;2;6;-4;0;1;0
"822898";"2020-520";"Roland Garros";"Clay";"128";"Grand Slams";164;15;"Marco Cecchinato";"R";185;"ITA";27,9;21;"Alex De Minaur";"R";183;"AUS";21,6;"7-6(9) 6-4 6-0";5;"R128";171;2;2;116;91;56;13;14;4;8;0;5;132;79;43;22;14;16;24;110;551;28;1665;7;6;6;NA;NA;6;4;0;NA;NA;2020-09-28;2020;"2020-520:164";81;1;1,21864028647534;3,1926450779424;15;"Marco Cecchinato";21;"Alex De Minaur";1,21864028647534;3,1926450779424;-1,97400479146706;27,9;21,6;6,3;185;183;2;0,5;0,666666666666667;0,5;0,666666666666667;-0,166666666666667;24;8;16;4;8;4;8;4;4;0;1;0
"822899";"2020-520";"Roland Garros";"Clay";"128";"Grand Slams";165;67;"Benoit Paire";"R";196;"FRA";31,3;49;"Soon Woo Kwon";"R";180;"KOR";22,8;"7-5 6-4 6-4";5;"R128";136;12;6;95;54;41;16;16;4;8;5;4;109;61;38;21;16;11;18;26;1738;82;752;7;6;6;NA;NA;5;4;4;NA;NA;2020-09-28;2020;"2020-520:165";82;0;3,29956028185891;1,64244799538192;49;"Soon Woo Kwon";67;"Benoit Paire";1,64244799538192;3,29956028185891;-1,65711228647699;22,8;31,3;-8,5;180;196;-16;0,5;0,611111111111111;0,611111111111111;0,5;0,111111111111111;18;8;11;4;7;4;4;7;-3;0;1;0
"822901";"2020-520";"Roland Garros";"Clay";"128";"Grand Slams";167;11;"Benjamin Bonzi";"R";185;"FRA";24,3;74;"Emil Ruusuvuori";"R";188;"FIN";21,4;"6-2 6-4 4-6 6-4";5;"R128";153;3;2;119;74;52;19;19;8;12;2;9;116;82;53;13;19;5;12;227;239;93;686;6;6;4;6;NA;2;4;6;4;NA;2020-09-28;2020;"2020-520:167";83;1;0,173451512709085;1,46084118889197;11;"Benjamin Bonzi";74;"Emil Ruusuvuori";0,173451512709085;1,46084118889197;-1,28738967618288;24,3;21,4;2,9;185;188;-3;0,666666666666667;0,416666666666667;0,666666666666667;0,416666666666667;0,25;12;12;5;8;7;4;7;4;3;0;1;0
"822902";"2020-520";"Roland Garros";"Clay";"128";"Grand Slams";168;78;"Jannik Sinner";"R";188;"ITA";19,1;36;"David Goffin";"R";180;"BEL";29,8;"7-5 6-0 6-3";5;"R128";119;2;2;80;54;42;12;14;4;6;1;4;87;51;30;13;13;4;11;75;788;13;2555;7;6;6;NA;NA;5;0;3;NA;NA;2020-09-28;2020;"2020-520:168";84;0;1,77118130950412;4,29956028185891;36;"David Goffin";78;"Jannik Sinner";4,29956028185891;1,77118130950412;2,52837897235479;29,8;19,1;10,7;180;188;-8;0,666666666666667;0,363636363636364;0,363636363636364;0,666666666666667;-0,303030303030303;11;6;4;4;7;2;2;7;-5;0;1;0
"822911";"2020-520";"Roland Garros";"Clay";"128";"Grand Slams";177;25;"Novak Djokovic";"R";188;"SRB";33,3;9;"Ricardas Berankis";"R";175;"LTU";30,2;"6-1 6-2 6-2";5;"R64";83;10;1;66;38;36;13;12;2;2;0;1;53;40;20;6;11;1;7;1;11260;66;854;6;6;6;NA;NA;1;2;2;NA;NA;2020-09-28;2020;"2020-520:177";85;0;8;1,95560588064155;9;"Ricardas Berankis";25;"Novak Djokovic";1,95560588064155;8;-6,04439411935845;30,2;33,3;-3,1;175;188;-13;1;0,142857142857143;0,142857142857143;1;-0,857142857142857;7;2;1;2;6;0;0;6;-6;0;1;0
"822914";"2020-520";"Roland Garros";"Clay";"128";"Grand Slams";180;45;"Karen Khachanov";"R";198;"RUS";24,3;86;"Jiri Vesely";"L";198;"CZE";27,2;"6-1 6-7(4) 7-6(7) 7-6(2)";5;"R64";215;7;10;130;81;67;19;22;2;7;7;2;159;109;74;18;21;6;14;16;2200;68;840;6;6;7;7;NA;1;7;6;6;NA;2020-09-28;2020;"2020-520:180";86;1;4;1,91253715874966;45;"Karen Khachanov";86;"Jiri Vesely";4;1,91253715874966;2,08746284125034;24,3;27,2;-2,9;198;198;0;0,285714285714286;0,428571428571429;0,285714285714286;0,428571428571429;-0,142857142857143;14;7;6;2;8;5;8;5;3;0;1;0
"822918";"2020-520";"Roland Garros";"Clay";"128";"Grand Slams";184;10;"Matteo Berrettini";"R";196;"ITA";24,4;38;"Lloyd Harris";"R";193;"RSA";23,5;"6-4 4-6 6-2 6-3";5;"R64";161;5;0;116;69;52;28;19;7;9;3;3;115;75;51;18;18;4;9;8;3030;90;701;6;4;6;6;NA;4;6;2;3;NA;2020-09-28;2020;"2020-520:184";87;1;5;1,50814690367033;10;"Matteo Berrettini";38;"Lloyd Harris";5;1,50814690367033;3,49185309632967;24,4;23,5;0,899999999999999;196;193;3;0,777777777777778;0,444444444444444;0,777777777777778;0,444444444444444;0,333333333333333;9;9;4;7;5;2;5;2;3;0;1;0
"822919";"2020-520";"Roland Garros";"Clay";"128";"Grand Slams";185;31;"Marton Fucsovics";"R";188;"HUN";28,6;71;"Albert Ramos";"L";188;"ESP";32,6;"7-6(2) 6-3 7-5";5;"R64";182;3;6;121;67;45;32;17;9;11;3;3;109;74;51;15;16;7;11;63;877;44;1130;7;6;7;NA;NA;6;3;5;NA;NA;2020-09-28;2020;"2020-520:185";88;1;2,02272007650008;2,5405683813627;31;"Marton Fucsovics";71;"Albert Ramos";2,02272007650008;2,5405683813627;-0,517848304862619;28,6;32,6;-4;188;188;0;0,818181818181818;0,636363636363636;0,818181818181818;0,636363636363636;0,181818181818182;11;11;7;9;4;2;4;2;2;0;1;0
"822920";"2020-520";"Roland Garros";"Clay";"128";"Grand Slams";186;58;"Thiago Monteiro";"L";183;"BRA";26,3;35;"Marcos Giron";"R";180;"USA";27,1;"7-6(5) 6-4 6-1";5;"R64";121;4;1;77;61;51;11;15;2;3;10;2;102;57;41;20;14;7;12;84;749;96;684;7;6;6;NA;NA;6;4;1;NA;NA;2020-09-28;2020;"2020-520:186";89;0;1,60768257722124;1,41503749927884;35;"Marcos Giron";58;"Thiago Monteiro";1,41503749927884;1,60768257722124;-0,192645077942395;27,1;26,3;0,800000000000001;180;183;-3;0,666666666666667;0,583333333333333;0,583333333333333;0,666666666666667;-0,0833333333333333;12;3;7;2;5;1;1;5;-4;0;1;0
"822921";"2020-520";"Roland Garros";"Clay";"128";"Grand Slams";187;3;"Kevin Anderson";"R";203;"RSA";34,3;51;"Dusan Lajovic";"R";180;"SRB";30,2;"6-2 6-4 4-6 3-6 6-3";5;"R64";189;18;5;137;98;67;24;23;9;13;1;5;143;99;63;25;23;9;15;118;510;24;1785;6;6;4;3;6;2;4;6;6;3;2020-09-28;2020;"2020-520:187";90;1;1,11735695063816;3,41503749927884;3;"Kevin Anderson";51;"Dusan Lajovic";1,11735695063816;3,41503749927884;-2,29768054864069;34,3;30,2;4,1;203;180;23;0,692307692307692;0,6;0,692307692307692;0,6;0,0923076923076923;15;13;9;9;6;4;6;4;2;0;1;0
"822922";"2020-520";"Roland Garros";"Clay";"128";"Grand Slams";188;72;"Andrey Rublev";"R";188;"RUS";22,9;20;"Alejandro Davidovich Fokina";"R";183;"ESP";21,3;"7-5 6-1 3-6 6-1";5;"R64";131;12;1;102;65;50;20;18;3;6;3;1;108;71;40;17;17;7;14;12;2614;70;829;7;6;3;6;NA;5;1;6;1;NA;2020-09-28;2020;"2020-520:188";91;0;4,41503749927884;1,87071698305503;20;"Alejandro Davidovich Fokina";72;"Andrey Rublev";1,87071698305503;4,41503749927884;-2,54432051622381;21,3;22,9;-1,6;183;188;-5;0,5;0,5;0,5;0,5;0;14;6;7;3;7;3;3;7;-4;0;1;0
"822923";"2020-520";"Roland Garros";"Clay";"128";"Grand Slams";189;13;"Roberto Carballes Baena";"R";183;"ESP";27,5;77;"Denis Shapovalov";"L";185;"CAN";21,4;"7-5 6-7(5) 6-3 3-6 8-6";5;"R64";300;3;8;196;127;78;41;28;15;21;7;12;194;121;80;37;28;13;21;101;649;11;2660;7;6;6;3;8;5;7;3;6;6;2020-09-28;2020;"2020-520:189";92;1;1,34178851724821;4,5405683813627;13;"Roberto Carballes Baena";77;"Denis Shapovalov";1,34178851724821;4,5405683813627;-3,1987798641145;27,5;21,4;6,1;183;185;-2;0,714285714285714;0,619047619047619;0,714285714285714;0,619047619047619;0,0952380952380952;21;21;13;15;8;6;8;6;2;0;1;0
"822926";"2020-520";"Roland Garros";"Clay";"128";"Grand Slams";192;84;"Stefanos Tsitsipas";"R";193;"GRE";22,1;19;"Pablo Cuevas";"R";180;"URU";34,7;"6-1 6-4 6-2";5;"R64";88;5;1;60;33;29;19;13;0;1;3;1;78;45;25;14;12;7;13;6;5385;60;907;6;6;6;NA;NA;1;4;2;NA;NA;2020-09-28;2020;"2020-520:192";93;0;5,41503749927884;2,09310940439148;19;"Pablo Cuevas";84;"Stefanos Tsitsipas";2,09310940439148;5,41503749927884;-3,32192809488736;34,7;22,1;12,6;180;193;-13;0;0,538461538461538;0,538461538461538;0;0,538461538461538;13;1;7;0;6;1;1;6;-5;0;1;0
"822927";"2020-520";"Roland Garros";"Clay";"128";"Grand Slams";193;79;"Lorenzo Sonego";"R";191;"ITA";25,3;12;"Alexander Bublik";"R";196;"KAZ";23,2;"7-6(8) 6-1 7-5";5;"R64";144;4;1;98;75;61;9;16;2;3;2;7;121;75;47;23;15;10;15;46;1075;49;1045;7;6;7;NA;NA;6;1;5;NA;NA;2020-09-28;2020;"2020-520:193";94;0;2,47643804394299;2,38529015588479;12;"Alexander Bublik";79;"Lorenzo Sonego";2,38529015588479;2,47643804394299;-0,0911478880581953;23,2;25,3;-2,1;196;191;5;0,666666666666667;0,666666666666667;0,666666666666667;0,666666666666667;0;15;3;10;2;5;1;1;5;-4;0;1;0
"822928";"2020-520";"Roland Garros";"Clay";"128";"Grand Slams";194;30;"Taylor Fritz";"R";193;"USA";22,9;1;"Radu Albot";"R";175;"MDA";30,8;"6-3 6-2 6-4";5;"R64";122;16;2;102;61;52;15;14;13;14;0;3;77;53;34;10;13;5;10;30;1625;79;772;6;6;6;NA;NA;3;2;4;NA;NA;2020-09-28;2020;"2020-520:194";95;0;3,09310940439148;1,6962192518229;1;"Radu Albot";30;"Taylor Fritz";1,6962192518229;3,09310940439148;-1,39689015256858;30,8;22,9;7,9;175;193;-18;0,928571428571429;0,5;0,5;0,928571428571429;-0,428571428571429;10;14;5;13;5;1;1;5;-4;0;1;0
"822931";"2020-520";"Roland Garros";"Clay";"128";"Grand Slams";197;87;"Stan Wawrinka";"R";183;"SUI";35,5;46;"Dominik Koepfer";"L";180;"GER";26,4;"6-3 6-2 3-6 6-1";5;"R64";128;6;1;111;69;51;24;17;5;6;1;2;102;65;41;17;16;8;13;17;2185;61;886;6;6;3;6;NA;3;2;6;1;NA;2020-09-28;2020;"2020-520:197";96;0;3,91253715874966;2,06926266243711;46;"Dominik Koepfer";87;"Stan Wawrinka";2,06926266243711;3,91253715874966;-1,84327449631255;26,4;35,5;-9,1;180;183;-3;0,833333333333333;0,615384615384615;0,615384615384615;0,833333333333333;-0,217948717948718;13;6;8;5;5;1;1;5;-4;0;1;0
"822932";"2020-520";"Roland Garros";"Clay";"128";"Grand Slams";198;34;"Hugo Gaston";"L";173;"FRA";20;63;"Yoshihito Nishioka";"L";170;"JPN";25;"6-4 7-6(4) 3-6 6-2";5;"R64";182;2;1;147;87;48;38;20;17;22;3;0;129;94;54;19;19;6;12;239;215;52;1017;6;7;3;6;NA;4;6;6;2;NA;2020-09-28;2020;"2020-520:198";97;1;0,0991331920192513;2,29956028185891;34;"Hugo Gaston";63;"Yoshihito Nishioka";0,0991331920192513;2,29956028185891;-2,20042708983966;20;25;-5;173;170;3;0,772727272727273;0,5;0,772727272727273;0,5;0,272727272727273;12;22;6;17;6;5;6;5;1;0;1;0
"822933";"2020-520";"Roland Garros";"Clay";"128";"Grand Slams";199;73;"Casper Ruud";"R";183;"NOR";21,7;68;"Tommy Paul";"R";185;"USA";23,3;"6-1 1-6 6-3 1-6 6-3";5;"R64";156;3;3;119;76;54;25;20;5;9;8;2;119;74;52;23;19;6;10;25;1739;58;949;6;1;6;1;6;1;6;3;6;3;2020-09-28;2020;"2020-520:199";98;0;3,35614381022528;2,14201900487243;68;"Tommy Paul";73;"Casper Ruud";2,14201900487243;3,35614381022528;-1,21412480535285;23,3;21,7;1,6;185;183;2;0,555555555555556;0,6;0,6;0,555555555555556;0,0444444444444444;10;9;6;5;4;4;4;4;0;0;1;0
"822937";"2020-520";"Roland Garros";"Clay";"128";"Grand Slams";203;17;"Federico Coria";"R";180;"ARG";28,5;67;"Benoit Paire";"R";196;"FRA";31,3;"7-6(3) 4-6 6-3 6-1";5;"R64";150;4;6;134;102;68;13;19;10;15;8;11;116;59;44;19;19;0;8;99;671;26;1738;7;4;6;6;NA;6;6;3;1;NA;2020-09-28;2020;"2020-520:203";99;1;1,37064337992039;3,29956028185891;17;"Federico Coria";67;"Benoit Paire";1,37064337992039;3,29956028185891;-1,92891690193852;28,5;31,3;-2,8;180;196;-16;0,666666666666667;0;0,666666666666667;0;0,666666666666667;8;15;0;10;8;5;8;5;3;0;1;0
"822938";"2020-520";"Roland Garros";"Clay";"128";"Grand Slams";204;78;"Jannik Sinner";"R";188;"ITA";19,1;11;"Benjamin Bonzi";"R";185;"FRA";24,3;"6-2 6-4 6-4";5;"R64";115;3;2;93;63;41;19;14;3;5;0;2;85;48;28;17;14;7;13;75;788;227;239;6;6;6;NA;NA;2;4;4;NA;NA;2020-09-28;2020;"2020-520:204";100;0;1,77118130950412;0,173451512709085;11;"Benjamin Bonzi";78;"Jannik Sinner";0,173451512709085;1,77118130950412;-1,59772979679503;24,3;19,1;5,2;185;188;-3;0,6;0,538461538461538;0,538461538461538;0,6;-0,0615384615384615;13;5;7;3;6;2;2;6;-4;0;1;0
"822940";"2020-520";"Roland Garros";"Clay";"128";"Grand Slams";206;47;"Sebastian Korda";"R";196;"USA";20,2;41;"John Isner";"R";206;"USA";35,4;"6-4 6-4 2-6 6-4";5;"R64";146;7;6;104;69;50;20;19;6;10;13;8;114;72;52;18;19;7;12;213;252;23;1805;6;6;2;6;NA;4;4;6;4;NA;2020-09-28;2020;"2020-520:206";101;0;0,265290379774162;3,47643804394299;41;"John Isner";47;"Sebastian Korda";3,47643804394299;0,265290379774162;3,21114766416883;35,4;20,2;15,2;206;196;10;0,6;0,583333333333333;0,583333333333333;0,6;-0,0166666666666666;12;10;7;6;5;4;4;5;-1;0;1;0
"822942";"2020-520";"Roland Garros";"Clay";"128";"Grand Slams";208;61;"Rafael Nadal";"L";185;"ESP";34,3;54;"Mackenzie Mcdonald";"R";178;"USA";25,4;"6-1 6-0 6-3";5;"R64";100;1;4;72;49;37;14;11;0;0;1;2;60;40;18;8;11;1;8;2;9850;236;217;6;6;6;NA;NA;1;0;3;NA;NA;2020-09-28;2020;"2020-520:208";102;0;7;0,117356950638158;54;"Mackenzie Mcdonald";61;"Rafael Nadal";0,117356950638158;7;-6,88264304936184;25,4;34,3;-8,9;178;185;-7;1,5;0,125;0,125;1,5;-1,375;8;0;1;0;7;0;0;7;-7;0;1;0
"822944";"2020-520";"Roland Garros";"Clay";"128";"Grand Slams";210;45;"Karen Khachanov";"R";198;"RUS";24,3;32;"Cristian Garin";"R";185;"CHI";24,3;"6-2 3-6 6-4 6-2";5;"R32";149;3;2;103;59;38;27;18;4;8;1;5;116;72;42;18;17;8;16;16;2200;19;2090;6;3;6;6;NA;2;6;4;2;NA;2020-09-28;2020;"2020-520:210";103;0;4;3,75207248655641;32;"Cristian Garin";45;"Karen Khachanov";3,75207248655641;4;-0,247927513443585;24,3;24,3;0;185;198;-13;0,5;0,5;0,5;0,5;0;16;8;8;4;8;4;4;8;-4;0;1;0
"822945";"2020-520";"Roland Garros";"Clay";"128";"Grand Slams";211;14;"Pablo Carreno Busta";"R";188;"ESP";29,2;7;"Roberto Bautista Agut";"R";183;"ESP";32,4;"6-4 6-3 5-7 6-4";5;"R32";202;11;2;129;85;57;26;21;8;12;3;1;136;85;44;33;20;10;17;18;2130;10;2665;6;6;5;6;NA;4;3;7;4;NA;2020-09-28;2020;"2020-520:211";104;0;3,83007499855769;4,67807190511264;7;"Roberto Bautista Agut";14;"Pablo Carreno Busta";4,67807190511264;3,83007499855769;0,84799690655495;32,4;29,2;3,2;183;188;-5;0,666666666666667;0,588235294117647;0,588235294117647;0,666666666666667;-0,0784313725490196;17;12;10;8;7;4;4;7;-3;0;1;0
"822947";"2020-520";"Roland Garros";"Clay";"128";"Grand Slams";213;31;"Marton Fucsovics";"R";188;"HUN";28,6;58;"Thiago Monteiro";"L";183;"BRA";26,3;"7-5 6-1 6-3";5;"R32";141;3;3;90;59;44;16;14;1;3;1;1;94;71;40;7;14;5;12;63;877;84;749;7;6;6;NA;NA;5;1;3;NA;NA;2020-09-28;2020;"2020-520:213";105;1;2,02272007650008;1,60768257722124;31;"Marton Fucsovics";58;"Thiago Monteiro";2,02272007650008;1,60768257722124;0,415037499278844;28,6;26,3;2,3;188;183;5;0,333333333333333;0,416666666666667;0,333333333333333;0,416666666666667;-0,0833333333333334;12;3;5;1;7;2;7;2;5;0;1;0
"822948";"2020-520";"Roland Garros";"Clay";"128";"Grand Slams";214;72;"Andrey Rublev";"R";188;"RUS";22,9;3;"Kevin Anderson";"R";203;"RSA";34,3;"6-3 6-2 6-3";5;"R32";94;6;1;64;37;33;19;13;0;0;13;7;75;43;31;13;13;8;13;12;2614;118;510;6;6;6;NA;NA;3;2;3;NA;NA;2020-09-28;2020;"2020-520:214";106;0;4,41503749927884;1,11735695063816;3;"Kevin Anderson";72;"Andrey Rublev";1,11735695063816;4,41503749927884;-3,29768054864069;34,3;22,9;11,4;203;188;15;1,5;0,615384615384615;0,615384615384615;1,5;-0,884615384615385;13;0;8;0;5;0;0;5;-5;0;1;0
"822951";"2020-520";"Roland Garros";"Clay";"128";"Grand Slams";217;79;"Lorenzo Sonego";"R";191;"ITA";25,3;30;"Taylor Fritz";"R";193;"USA";22,9;"7-6(5) 6-3 7-6(17)";5;"R32";187;4;0;135;89;69;26;17;4;4;9;1;119;64;48;37;16;5;6;46;1075;30;1625;7;6;7;NA;NA;6;3;6;NA;NA;2020-09-28;2020;"2020-520:217";107;0;2,47643804394299;3,09310940439148;30;"Taylor Fritz";79;"Lorenzo Sonego";3,09310940439148;2,47643804394299;0,616671360448494;22,9;25,3;-2,4;193;191;2;1;0,833333333333333;0,833333333333333;1;-0,166666666666667;6;4;5;4;1;0;0;1;-1;0;1;0
"822952";"2020-520";"Roland Garros";"Clay";"128";"Grand Slams";218;76;"Diego Schwartzman";"R";170;"ARG";28,1;37;"Norbert Gombos";"R";193;"SVK";30,1;"7-6(3) 6-3 6-3";5;"R32";157;1;4;112;75;47;18;15;11;15;4;7;108;64;35;20;15;10;17;14;2505;106;587;7;6;6;NA;NA;6;3;3;NA;NA;2020-09-28;2020;"2020-520:218";108;0;4,1926450779424;1,2720795454368;37;"Norbert Gombos";76;"Diego Schwartzman";1,2720795454368;4,1926450779424;-2,9205655325056;30,1;28,1;2;193;170;23;0,733333333333333;0,588235294117647;0,588235294117647;0,733333333333333;-0,145098039215686;17;15;10;11;7;4;4;7;-3;0;1;0
"822953";"2020-520";"Roland Garros";"Clay";"128";"Grand Slams";219;34;"Hugo Gaston";"L";173;"FRA";20;87;"Stan Wawrinka";"R";183;"SUI";35,5;"2-6 6-3 6-3 4-6 6-0";5;"R32";190;2;3;152;79;50;38;21;12;17;7;2;147;84;50;32;21;13;21;239;215;17;2185;2;6;6;4;6;6;3;3;6;0;2020-09-28;2020;"2020-520:219";109;1;0,0991331920192513;3,91253715874966;34;"Hugo Gaston";87;"Stan Wawrinka";0,0991331920192513;3,91253715874966;-3,81340396673041;20;35,5;-15,5;173;183;-10;0,705882352941177;0,619047619047619;0,705882352941177;0,619047619047619;0,0868347338935574;21;17;13;12;8;5;8;5;3;0;1;0
"822954";"2020-520";"Roland Garros";"Clay";"128";"Grand Slams";220;81;"Dominic Thiem";"R";185;"AUT";27;73;"Casper Ruud";"R";183;"NOR";21,7;"6-4 6-3 6-1";5;"R32";135;5;2;95;57;38;24;13;7;8;1;0;80;55;28;14;13;9;15;3;9125;25;1739;6;6;6;NA;NA;4;3;1;NA;NA;2020-09-28;2020;"2020-520:220";110;0;6,41503749927884;3,35614381022528;73;"Casper Ruud";81;"Dominic Thiem";3,35614381022528;6,41503749927884;-3,05889368905357;21,7;27;-5,3;183;185;-2;0,875;0,6;0,6;0,875;-0,275;15;8;9;7;6;1;1;6;-5;0;1;0
"822955";"2020-520";"Roland Garros";"Clay";"128";"Grand Slams";221;89;"Alexander Zverev";"R";198;"GER";23,4;15;"Marco Cecchinato";"R";185;"ITA";27,9;"6-1 7-5 6-3";5;"R32";107;10;5;75;47;40;14;14;1;2;2;3;100;66;38;14;14;7;13;7;4650;110;551;6;7;6;NA;NA;1;5;3;NA;NA;2020-09-28;2020;"2020-520:221";111;0;5,1926450779424;1,21864028647534;15;"Marco Cecchinato";89;"Alexander Zverev";1,21864028647534;5,1926450779424;-3,97400479146706;27,9;23,4;4,5;185;198;-13;0,5;0,538461538461538;0,538461538461538;0,5;0,0384615384615384;13;2;7;1;6;1;1;6;-5;0;1;0
"822956";"2020-520";"Roland Garros";"Clay";"128";"Grand Slams";222;78;"Jannik Sinner";"R";188;"ITA";19,1;17;"Federico Coria";"R";180;"ARG";28,5;"6-3 7-5 7-5";5;"R32";150;0;2;100;67;43;17;17;5;9;2;0;111;79;41;16;16;5;12;75;788;99;671;6;7;7;NA;NA;3;5;5;NA;NA;2020-09-28;2020;"2020-520:222";112;0;1,77118130950412;1,37064337992039;17;"Federico Coria";78;"Jannik Sinner";1,37064337992039;1,77118130950412;-0,400537929583729;28,5;19,1;9,4;180;188;-8;0,555555555555556;0,416666666666667;0,416666666666667;0,555555555555556;-0,138888888888889;12;9;5;5;7;4;4;7;-3;0;1;0
"822957";"2020-520";"Roland Garros";"Clay";"128";"Grand Slams";223;47;"Sebastian Korda";"R";196;"USA";20,2;53;"Pedro Martinez";"R";185;"ESP";23,4;"6-4 6-3 6-1";5;"R32";119;8;0;81;58;45;12;13;5;6;0;8;95;59;37;12;13;10;16;213;252;105;610;6;6;6;NA;NA;4;3;1;NA;NA;2020-09-28;2020;"2020-520:223";113;1;0,265290379774162;1,28575448233388;47;"Sebastian Korda";53;"Pedro Martinez";0,265290379774162;1,28575448233388;-1,02046410255972;20,2;23,4;-3,2;196;185;11;0,833333333333333;0,625;0,833333333333333;0,625;0,208333333333333;16;6;10;5;6;1;6;1;5;0;1;0
"822959";"2020-520";"Roland Garros";"Clay";"128";"Grand Slams";225;25;"Novak Djokovic";"R";188;"SRB";33,3;45;"Karen Khachanov";"R";198;"RUS";24,3;"6-4 6-3 6-3";5;"R16";143;2;1;89;57;40;19;14;7;9;5;4;111;77;42;16;14;9;15;1;11260;16;2200;6;6;6;NA;NA;4;3;3;NA;NA;2020-09-28;2020;"2020-520:225";114;1;8;4;25;"Novak Djokovic";45;"Karen Khachanov";8;4;4;33,3;24,3;9;188;198;-10;0,777777777777778;0,6;0,777777777777778;0,6;0,177777777777778;15;9;9;7;6;2;6;2;4;0;1;0
"822961";"2020-520";"Roland Garros";"Clay";"128";"Grand Slams";227;72;"Andrey Rublev";"R";188;"RUS";22,9;31;"Marton Fucsovics";"R";188;"HUN";28,6;"6-7(4) 7-5 6-4 7-6(3)";5;"R16";234;5;3;151;85;63;33;23;11;16;8;5;168;103;69;27;23;5;12;12;2614;63;877;6;7;6;7;NA;7;5;4;6;NA;2020-09-28;2020;"2020-520:227";115;0;4,41503749927884;2,02272007650008;31;"Marton Fucsovics";72;"Andrey Rublev";2,02272007650008;4,41503749927884;-2,39231742277876;28,6;22,9;5,7;188;188;0;0,6875;0,416666666666667;0,416666666666667;0,6875;-0,270833333333333;12;16;5;11;7;5;5;7;-2;0;1;0
"822962";"2020-520";"Roland Garros";"Clay";"128";"Grand Slams";228;84;"Stefanos Tsitsipas";"R";193;"GRE";22,1;23;"Grigor Dimitrov";"R";188;"BUL";29,3;"6-3 7-6(9) 6-2";5;"R16";146;3;0;100;62;44;27;15;3;3;1;4;105;74;46;15;14;9;12;6;5385;20;2055;6;7;6;NA;NA;3;6;2;NA;NA;2020-09-28;2020;"2020-520:228";116;0;5,41503749927884;3,67807190511264;23;"Grigor Dimitrov";84;"Stefanos Tsitsipas";3,67807190511264;5,41503749927884;-1,73696559416621;29,3;22,1;7,2;188;193;-5;1;0,75;0,75;1;-0,25;12;3;9;3;3;0;0;3;-3;0;1;0
"822963";"2020-520";"Roland Garros";"Clay";"128";"Grand Slams";229;76;"Diego Schwartzman";"R";170;"ARG";28,1;79;"Lorenzo Sonego";"R";191;"ITA";25,3;"6-1 6-3 6-4";5;"R16";118;1;3;74;44;30;18;13;4;7;1;4;81;46;28;9;13;3;11;14;2505;46;1075;6;6;6;NA;NA;1;3;4;NA;NA;2020-09-28;2020;"2020-520:229";117;1;4,1926450779424;2,47643804394299;76;"Diego Schwartzman";79;"Lorenzo Sonego";4,1926450779424;2,47643804394299;1,71620703399941;28,1;25,3;2,8;170;191;-21;0,571428571428571;0,272727272727273;0,571428571428571;0,272727272727273;0,298701298701299;11;7;3;4;8;3;8;3;5;0;1;0
"822964";"2020-520";"Roland Garros";"Clay";"128";"Grand Slams";230;81;"Dominic Thiem";"R";185;"AUT";27;34;"Hugo Gaston";"L";173;"FRA";20;"6-4 6-4 5-7 3-6 6-3";5;"R16";212;7;2;146;98;74;28;25;10;13;1;1;159;99;67;36;25;7;11;3;9125;239;215;6;6;5;3;6;4;4;7;6;3;2020-09-28;2020;"2020-520:230";118;0;6,41503749927884;0,0991331920192513;34;"Hugo Gaston";81;"Dominic Thiem";0,0991331920192513;6,41503749927884;-6,31590430725959;20;27;-7;173;185;-12;0,769230769230769;0,636363636363636;0,636363636363636;0,769230769230769;-0,132867132867133;11;13;7;10;4;3;3;4;-1;0;1;0
"822965";"2020-520";"Roland Garros";"Clay";"128";"Grand Slams";231;78;"Jannik Sinner";"R";188;"ITA";19,1;89;"Alexander Zverev";"R";198;"GER";23,4;"6-3 6-3 4-6 6-3";5;"R16";181;3;6;143;81;58;33;19;6;8;3;4;108;71;51;15;18;1;6;75;788;7;4650;6;6;4;6;NA;3;3;6;3;NA;2020-09-28;2020;"2020-520:231";119;1;1,77118130950412;5,1926450779424;78;"Jannik Sinner";89;"Alexander Zverev";1,77118130950412;5,1926450779424;-3,42146376843828;19,1;23,4;-4,3;188;198;-10;0,75;0,166666666666667;0,75;0,166666666666667;0,583333333333333;6;8;1;6;5;2;5;2;3;0;1;0
"822966";"2020-520";"Roland Garros";"Clay";"128";"Grand Slams";232;61;"Rafael Nadal";"L";185;"ESP";34,3;47;"Sebastian Korda";"R";196;"USA";20,2;"6-1 6-1 6-2";5;"R16";115;1;1;78;53;33;18;11;5;6;0;2;68;46;18;10;11;3;11;2;9850;213;252;6;6;6;NA;NA;1;1;2;NA;NA;2020-09-28;2020;"2020-520:232";120;0;7;0,265290379774162;47;"Sebastian Korda";61;"Rafael Nadal";0,265290379774162;7;-6,73470962022584;20,2;34,3;-14,1;196;185;11;0,833333333333333;0,272727272727273;0,272727272727273;0,833333333333333;-0,560606060606061;11;6;3;5;8;1;1;8;-7;0;1;0
"822967";"2020-520";"Roland Garros";"Clay";"128";"Grand Slams";233;25;"Novak Djokovic";"R";188;"SRB";33,3;14;"Pablo Carreno Busta";"R";188;"ESP";29,2;"4-6 6-2 6-3 6-4";5;"QF";190;2;5;131;74;53;30;19;10;13;3;3;112;78;50;15;18;7;13;1;11260;18;2130;4;6;6;6;NA;6;2;3;4;NA;2020-09-28;2020;"2020-520:233";121;0;8;3,83007499855769;14;"Pablo Carreno Busta";25;"Novak Djokovic";3,83007499855769;8;-4,16992500144231;29,2;33,3;-4,1;188;188;0;0,769230769230769;0,538461538461538;0,538461538461538;0,769230769230769;-0,230769230769231;13;13;7;10;6;3;3;6;-3;0;1;0
"822968";"2020-520";"Roland Garros";"Clay";"128";"Grand Slams";234;84;"Stefanos Tsitsipas";"R";193;"GRE";22,1;72;"Andrey Rublev";"R";188;"RUS";22,9;"7-5 6-2 6-3";5;"QF";115;7;2;85;54;43;19;15;2;3;7;0;90;58;38;12;14;3;8;6;5385;12;2614;7;6;6;NA;NA;5;2;3;NA;NA;2020-09-28;2020;"2020-520:234";122;0;5,41503749927884;4,41503749927884;72;"Andrey Rublev";84;"Stefanos Tsitsipas";4,41503749927884;5,41503749927884;-1;22,9;22,1;0,799999999999997;188;193;-5;0,666666666666667;0,375;0,375;0,666666666666667;-0,291666666666667;8;3;3;2;5;1;1;5;-4;0;1;0
"822969";"2020-520";"Roland Garros";"Clay";"128";"Grand Slams";235;76;"Diego Schwartzman";"R";170;"ARG";28,1;81;"Dominic Thiem";"R";185;"AUT";27;"7-6(1) 5-7 6-7(6) 7-6(5) 6-2";5;"QF";308;1;5;189;124;77;34;28;13;22;7;3;187;111;69;32;28;6;16;14;2505;3;9125;7;5;6;7;6;6;7;7;6;2;2020-09-28;2020;"2020-520:235";123;1;4,1926450779424;6,41503749927884;76;"Diego Schwartzman";81;"Dominic Thiem";4,1926450779424;6,41503749927884;-2,22239242133645;28,1;27;1,1;170;185;-15;0,590909090909091;0,375;0,590909090909091;0,375;0,215909090909091;16;22;6;13;10;9;10;9;1;0;1;0
"822970";"2020-520";"Roland Garros";"Clay";"128";"Grand Slams";236;61;"Rafael Nadal";"L";185;"ESP";34,3;78;"Jannik Sinner";"R";188;"ITA";19,1;"7-6(4) 6-4 6-1";5;"QF";169;0;1;97;63;42;20;15;5;7;2;3;93;63;36;13;14;2;8;2;9850;75;788;7;6;6;NA;NA;6;4;1;NA;NA;2020-09-28;2020;"2020-520:236";124;1;7;1,77118130950412;61;"Rafael Nadal";78;"Jannik Sinner";7;1,77118130950412;5,22881869049588;34,3;19,1;15,2;185;188;-3;0,714285714285714;0,25;0,714285714285714;0,25;0,464285714285714;8;7;2;5;6;2;6;2;4;0;1;0
"822971";"2020-520";"Roland Garros";"Clay";"128";"Grand Slams";237;25;"Novak Djokovic";"R";188;"SRB";33,3;84;"Stefanos Tsitsipas";"R";193;"GRE";22,1;"6-3 6-2 5-7 4-6 6-1";5;"SF";234;5;6;153;102;74;24;23;11;15;7;5;168;113;67;27;23;14;22;1;11260;6;5385;6;6;5;4;6;3;2;7;6;1;2020-09-28;2020;"2020-520:237";125;1;8;5,41503749927884;25;"Novak Djokovic";84;"Stefanos Tsitsipas";8;5,41503749927884;2,58496250072116;33,3;22,1;11,2;188;193;-5;0,733333333333333;0,636363636363636;0,733333333333333;0,636363636363636;0,0969696969696969;22;15;14;11;8;4;8;4;4;0;1;0
"822972";"2020-520";"Roland Garros";"Clay";"128";"Grand Slams";238;61;"Rafael Nadal";"L";185;"ESP";34,3;76;"Diego Schwartzman";"R";170;"ARG";28,1;"6-3 6-3 7-6(0)";5;"SF";189;3;0;117;81;55;19;15;9;12;2;3;84;50;31;13;15;3;9;2;9850;14;2505;6;6;7;NA;NA;3;3;6;NA;NA;2020-09-28;2020;"2020-520:238";126;1;7;4,1926450779424;61;"Rafael Nadal";76;"Diego Schwartzman";7;4,1926450779424;2,8073549220576;34,3;28,1;6,2;185;170;15;0,75;0,333333333333333;0,75;0,333333333333333;0,416666666666667;9;12;3;9;6;3;6;3;3;0;1;0
"822973";"2020-520";"Roland Garros";"Clay";"128";"Grand Slams";239;61;"Rafael Nadal";"L";185;"ESP";34,3;25;"Novak Djokovic";"R";188;"SRB";33,3;"6-0 6-2 7-5";5;"F";161;4;1;84;55;37;19;13;4;5;1;4;99;66;33;16;13;11;18;2;9850;1;11260;6;6;7;NA;NA;0;2;5;NA;NA;2020-09-28;2020;"2020-520:239";127;0;7;8;25;"Novak Djokovic";61;"Rafael Nadal";8;7;1;33,3;34,3;-1;188;185;3;0,8;0,611111111111111;0,611111111111111;0,8;-0,188888888888889;18;5;11;4;7;1;1;7;-6;0;1;0
"826849";"2021-580";"Australian Open";"Hard";"128";"Grand Slams";4;30;"Taylor Fritz";"R";193;"USA";23,2;71;"Albert Ramos";"L";188;"ESP";33;"7-6(6) 3-6 6-2 7-6(6)";5;"R128";203;11;4;143;81;59;32;21;11;14;6;4;142;94;61;26;20;6;10;31;1695;46;1210;7;3;6;7;NA;6;6;2;6;NA;2021-02-08;2021;"2021-580:4";128;1;3,04580368961313;2,47643804394299;30;"Taylor Fritz";71;"Albert Ramos";3,04580368961313;2,47643804394299;0,569365645670138;23,2;33;-9,8;193;188;5;0,785714285714286;0,6;0,785714285714286;0,6;0,185714285714286;10;14;6;11;4;3;4;3;1;0;0;1
"826852";"2021-580";"Australian Open";"Hard";"128";"Grand Slams";7;59;"Corentin Moutet";"L";178;"FRA";21,8;56;"John Millman";"R";183;"AUS";31,6;"6-4 6-7(4) 3-6 6-2 6-3";5;"R128";225;1;0;148;117;73;19;24;3;7;3;0;154;98;64;27;24;6;13;71;928;39;1421;6;6;3;6;6;4;7;6;2;3;2021-02-08;2021;"2021-580:7";129;0;1,85025288049532;2,71459778113775;56;"John Millman";59;"Corentin Moutet";2,71459778113775;1,85025288049532;0,864344900642434;31,6;21,8;9,8;183;178;5;0,428571428571429;0,461538461538462;0,461538461538462;0,428571428571429;0,032967032967033;13;7;6;3;7;4;4;7;-3;0;0;1
"826854";"2021-580";"Australian Open";"Hard";"128";"Grand Slams";9;74;"Emil Ruusuvuori";"R";188;"FIN";21,8;57;"Gael Monfils";"R";193;"FRA";34,4;"3-6 6-4 7-5 3-6 6-3";5;"R128";226;4;11;195;136;92;25;25;17;23;13;5;162;102;65;29;24;7;13;86;816;11;2860;3;6;7;3;6;6;4;5;6;3;2021-02-08;2021;"2021-580:9";130;0;1,5737352452979;4,5405683813627;57;"Gael Monfils";74;"Emil Ruusuvuori";4,5405683813627;1,5737352452979;2,9668331360648;34,4;21,8;12,6;193;188;5;0,739130434782609;0,538461538461538;0,538461538461538;0,739130434782609;-0,20066889632107;13;23;7;17;6;6;6;6;0;0;0;1
"826855";"2021-580";"Australian Open";"Hard";"128";"Grand Slams";10;53;"Pedro Martinez";"R";185;"ESP";23,7;63;"Yoshihito Nishioka";"L";170;"JPN";25,3;"6-7(3) 6-1 6-1 6-1";5;"R128";159;7;1;101;70;49;16;17;8;11;4;1;116;65;32;23;16;10;21;87;810;58;1062;6;6;6;6;NA;7;1;1;1;NA;2021-02-08;2021;"2021-580:10";131;1;1,55705650415127;2,14201900487243;53;"Pedro Martinez";63;"Yoshihito Nishioka";1,55705650415127;2,14201900487243;-0,584962500721156;23,7;25,3;-1,6;185;170;15;0,727272727272727;0,476190476190476;0,727272727272727;0,476190476190476;0,251082251082251;21;11;10;8;11;3;11;3;8;0;0;1
"826856";"2021-580";"Australian Open";"Hard";"128";"Grand Slams";11;12;"Alexander Bublik";"R";196;"KAZ";23,6;8;"Aljaz Bedene";"R";181;"SLO";31,5;"6-4 7-5 5-7 6-4";5;"R128";156;41;10;136;89;66;24;22;6;9;15;3;117;74;55;26;22;4;9;45;1220;57;1065;6;7;5;6;NA;4;5;7;4;NA;2021-02-08;2021;"2021-580:11";132;0;2,50814690367033;2,16710998583526;8;"Aljaz Bedene";12;"Alexander Bublik";2,16710998583526;2,50814690367033;-0,341036917835067;31,5;23,6;7,9;181;196;-15;0,666666666666667;0,444444444444444;0,444444444444444;0,666666666666667;-0,222222222222222;9;9;4;6;5;3;3;5;-2;0;0;1
"826861";"2021-580";"Australian Open";"Hard";"128";"Grand Slams";16;89;"Alexander Zverev";"R";198;"GER";23,8;35;"Marcos Giron";"R";180;"USA";27,5;"6-7(8) 7-6(5) 6-3 6-2";5;"R128";162;16;4;111;77;67;20;21;2;4;6;8;138;81;63;22;20;9;15;7;5615;75;889;6;7;6;6;NA;7;6;3;2;NA;2021-02-08;2021;"2021-580:16";133;0;5,1926450779424;1,77118130950412;35;"Marcos Giron";89;"Alexander Zverev";1,77118130950412;5,1926450779424;-3,42146376843828;27,5;23,8;3,7;180;198;-18;0,5;0,6;0,6;0,5;0,1;15;4;9;2;6;2;2;6;-4;0;0;1
"826866";"2021-580";"Australian Open";"Hard";"128";"Grand Slams";21;23;"Grigor Dimitrov";"R";188;"BUL";29,7;16;"Marin Cilic";"R";198;"CRO";32,3;"6-4 6-2 7-6(5)";5;"R128";128;19;2;91;63;52;15;15;3;4;4;2;93;54;42;18;15;6;10;21;2260;43;1325;6;6;7;NA;NA;4;2;6;NA;NA;2021-02-08;2021;"2021-580:21";134;0;3,60768257722124;2,5737352452979;16;"Marin Cilic";23;"Grigor Dimitrov";2,5737352452979;3,60768257722124;-1,03394733192334;32,3;29,7;2,6;198;188;10;0,75;0,6;0,6;0,75;-0,15;10;4;6;3;4;1;1;4;-3;0;0;1
"826870";"2021-580";"Australian Open";"Hard";"128";"Grand Slams";25;77;"Denis Shapovalov";"L";185;"CAN";21,8;78;"Jannik Sinner";"R";188;"ITA";19,4;"3-6 6-3 6-2 4-6 6-4";5;"R128";235;12;9;157;99;74;28;23;17;20;4;4;145;102;68;24;23;5;10;12;2830;32;1694;3;6;6;4;6;6;3;2;6;4;2021-02-08;2021;"2021-580:25";135;1;4,41503749927884;3;77;"Denis Shapovalov";78;"Jannik Sinner";4,41503749927884;3;1,41503749927884;21,8;19,4;2,4;185;188;-3;0,85;0,5;0,85;0,5;0,35;10;20;5;17;5;3;5;3;2;0;0;1
"826881";"2021-580";"Australian Open";"Hard";"128";"Grand Slams";36;79;"Lorenzo Sonego";"R";191;"ITA";25,7;70;"Sam Querrey";"R";198;"USA";33,3;"7-5 6-4 6-4";5;"R128";131;11;4;101;59;46;26;16;2;2;10;6;97;51;40;22;16;7;10;35;1588;52;1085;7;6;6;NA;NA;5;4;4;NA;NA;2021-02-08;2021;"2021-580:36";136;0;2,87071698305503;2,29956028185891;70;"Sam Querrey";79;"Lorenzo Sonego";2,29956028185891;2,87071698305503;-0,571156701196125;33,3;25,7;7,6;198;191;7;1;0,7;0,7;1;-0,3;10;2;7;2;3;0;0;3;-3;0;0;1
"826883";"2021-580";"Australian Open";"Hard";"128";"Grand Slams";38;68;"Tommy Paul";"R";185;"USA";23,7;6;"Nikoloz Basilashvili";"R";185;"GEO";28,9;"6-4 7-6(0) 6-4";5;"R128";130;11;1;102;73;52;15;16;7;10;3;5;106;61;38;21;16;9;14;53;1080;40;1405;6;7;6;NA;NA;4;6;4;NA;NA;2021-02-08;2021;"2021-580:38";137;0;2,2720795454368;2,67807190511264;6;"Nikoloz Basilashvili";68;"Tommy Paul";2,67807190511264;2,2720795454368;0,405992359675836;28,9;23,7;5,2;185;185;0;0,7;0,642857142857143;0,642857142857143;0,7;-0,057142857142857;14;10;9;7;5;3;3;5;-2;0;0;1
"826884";"2021-580";"Australian Open";"Hard";"128";"Grand Slams";39;65;"Christopher Oconnell";"R";183;"AUS";26,6;80;"Jan Lennard Struff";"R";193;"GER";30,7;"7-6(2) 7-6(5) 6-1";5;"R128";122;10;3;108;63;55;23;16;6;6;14;3;100;60;49;17;15;2;4;121;568;37;1495;7;7;6;NA;NA;6;6;1;NA;NA;2021-02-08;2021;"2021-580:39";138;1;1,08113676272541;2,79054663437105;65;"Christopher Oconnell";80;"Jan Lennard Struff";1,08113676272541;2,79054663437105;-1,70940987164564;26,6;30,7;-4,1;183;193;-10;1;0,5;1;0,5;0,5;4;6;2;6;2;0;2;0;2;0;0;1
"826885";"2021-580";"Australian Open";"Hard";"128";"Grand Slams";40;1;"Radu Albot";"R";175;"MDA";31,2;7;"Roberto Bautista Agut";"R";183;"ESP";32,8;"6-7(1) 6-0 6-4 7-6(5)";5;"R128";195;11;4;129;78;59;24;20;4;8;7;7;136;90;53;20;20;6;14;85;817;13;2710;6;6;6;7;NA;7;0;4;6;NA;2021-02-08;2021;"2021-580:40";139;1;1,5906090638623;4,29956028185891;1;"Radu Albot";7;"Roberto Bautista Agut";1,5906090638623;4,29956028185891;-2,70895121799661;31,2;32,8;-1,6;175;183;-8;0,5;0,428571428571429;0,5;0,428571428571429;0,0714285714285715;14;8;6;4;8;4;8;4;4;0;0;1
"826886";"2021-580";"Australian Open";"Hard";"128";"Grand Slams";41;69;"Alexei Popyrin";"R";196;"AUS";21,5;36;"David Goffin";"R";180;"BEL";30,1;"3-6 6-4 6-7(4) 7-6(6) 6-3";5;"R128";223;12;7;159;94;67;37;26;4;9;8;11;180;107;76;35;26;7;13;113;643;15;2600;3;6;6;7;6;6;4;7;6;3;2021-02-08;2021;"2021-580:41";140;0;1,17982103758481;4,09310940439148;36;"David Goffin";69;"Alexei Popyrin";4,09310940439148;1,17982103758481;2,91328836680667;30,1;21,5;8,6;180;196;-16;0,444444444444444;0,538461538461538;0,538461538461538;0,444444444444444;0,094017094017094;13;9;7;4;6;5;5;6;-1;0;0;1
"826888";"2021-580";"Australian Open";"Hard";"128";"Grand Slams";43;54;"Mackenzie Mcdonald";"R";178;"USA";25,8;15;"Marco Cecchinato";"R";185;"ITA";28,3;"3-6 6-3 6-2 6-2";5;"R128";132;14;3;95;62;49;18;17;5;7;3;8;114;74;51;15;17;5;11;192;345;82;838;3;6;6;6;NA;6;3;2;2;NA;2021-02-08;2021;"2021-580:43";141;0;0,415037499278844;1,64244799538192;15;"Marco Cecchinato";54;"Mackenzie Mcdonald";1,64244799538192;0,415037499278844;1,22741049610307;28,3;25,8;2,5;185;178;7;0,714285714285714;0,454545454545455;0,454545454545455;0,714285714285714;-0,25974025974026;11;7;5;5;6;2;2;6;-4;0;0;1
"826896";"2021-580";"Australian Open";"Hard";"128";"Grand Slams";51;2;"Carlos Alcaraz";"R";185;"ESP";17,7;85;"Botic Van De Zandschulp";"R";188;"NED";25,3;"6-1 6-4 6-4";5;"R128";114;2;1;84;48;37;23;14;3;4;4;6;90;49;35;16;13;7;12;141;484;151;461;6;6;6;NA;NA;1;4;4;NA;NA;2021-02-08;2021;"2021-580:51";142;1;0,860448647601206;0,761595260674921;2;"Carlos Alcaraz";85;"Botic Van De Zandschulp";0,860448647601206;0,761595260674921;0,0988533869262849;17,7;25,3;-7,6;185;188;-3;0,75;0,583333333333333;0,75;0,583333333333333;0,166666666666667;12;4;7;3;5;1;5;1;4;0;0;1
"826897";"2021-580";"Australian Open";"Hard";"128";"Grand Slams";52;88;"Mikael Ymer";"R";183;"SWE";22,4;40;"Hubert Hurkacz";"R";196;"POL";23,9;"3-6 6-3 3-6 7-5 6-3";5;"R128";224;7;9;184;139;91;20;24;13;17;19;3;135;95;67;23;24;3;8;95;775;30;1735;3;6;3;7;6;6;3;6;5;3;2021-02-08;2021;"2021-580:52";143;0;1,43014439166905;3,09310940439148;40;"Hubert Hurkacz";88;"Mikael Ymer";3,09310940439148;1,43014439166905;1,66296501272243;23,9;22,4;1,5;196;183;13;0,764705882352941;0,375;0,375;0,764705882352941;-0,389705882352941;8;17;3;13;5;4;4;5;-1;0;0;1
"826901";"2021-580";"Australian Open";"Hard";"128";"Grand Slams";56;10;"Matteo Berrettini";"R";196;"ITA";24,8;3;"Kevin Anderson";"R";203;"RSA";34,7;"7-6(9) 7-5 6-3";5;"R128";143;14;1;95;72;64;15;17;3;3;18;2;112;85;61;16;16;5;7;10;3345;81;845;7;7;6;NA;NA;6;5;3;NA;NA;2021-02-08;2021;"2021-580:56";144;0;4,67807190511264;1,66014999711538;3;"Kevin Anderson";10;"Matteo Berrettini";1,66014999711538;4,67807190511264;-3,01792190799726;34,7;24,8;9,9;203;196;7;1;0,714285714285714;0,714285714285714;1;-0,285714285714286;7;3;5;3;2;0;0;2;-2;0;0;1
"826905";"2021-580";"Australian Open";"Hard";"128";"Grand Slams";60;21;"Alex De Minaur";"R";183;"AUS";21,9;75;"Tennys Sandgren";"R";188;"USA";29,5;"7-5 6-1 6-1";5;"R128";108;4;1;64;43;37;15;13;0;0;12;5;99;53;34;18;13;6;12;23;2065;51;1091;7;6;6;NA;NA;5;1;1;NA;NA;2021-02-08;2021;"2021-580:60";145;1;3,47643804394299;2,3275746580285;21;"Alex De Minaur";75;"Tennys Sandgren";3,47643804394299;2,3275746580285;1,14886338591448;21,9;29,5;-7,6;183;188;-5;1,5;0,5;1,5;0,5;1;12;0;6;0;6;0;6;0;6;0;0;1
"826906";"2021-580";"Australian Open";"Hard";"128";"Grand Slams";61;64;"Cameron Norrie";"L";188;"GBR";25,4;27;"Daniel Evans";"R";175;"GBR";30,7;"6-4 4-6 6-4 7-5";5;"R128";207;8;4;117;80;57;22;21;3;6;9;7;151;95;62;26;21;11;16;69;935;26;1794;6;4;6;7;NA;4;6;4;5;NA;2021-02-08;2021;"2021-580:61";146;0;1,89147554322183;3,29956028185891;27;"Daniel Evans";64;"Cameron Norrie";3,29956028185891;1,89147554322183;1,40808473863708;30,7;25,4;5,3;175;188;-13;0,5;0,6875;0,6875;0,5;0,1875;16;6;11;3;5;3;3;5;-2;0;0;1
"826909";"2021-580";"Australian Open";"Hard";"128";"Grand Slams";64;61;"Rafael Nadal";"L";185;"ESP";34,6;24;"Laslo Djere";"R";188;"SRB";25,6;"6-3 6-4 6-1";5;"R128";112;5;1;72;48;40;11;13;4;5;4;5;75;41;26;13;13;5;11;2;9850;56;1068;6;6;6;NA;NA;3;4;1;NA;NA;2021-02-08;2021;"2021-580:64";147;0;7;2,1926450779424;24;"Laslo Djere";61;"Rafael Nadal";2,1926450779424;7;-4,8073549220576;25,6;34,6;-9;188;185;3;0,8;0,454545454545455;0,454545454545455;0,8;-0,345454545454546;11;5;5;4;6;1;1;6;-5;0;0;1
"826910";"2021-580";"Australian Open";"Hard";"128";"Grand Slams";65;25;"Novak Djokovic";"R";188;"SRB";33,7;83;"Frances Tiafoe";"R";188;"USA";23;"6-3 6-7(3) 7-6(2) 6-3";5;"R64";210;26;5;120;74;62;27;21;1;3;23;8;148;78;58;34;21;9;14;1;12030;64;1005;6;6;7;6;NA;3;7;6;3;NA;2021-02-08;2021;"2021-580:65";148;1;8;2;25;"Novak Djokovic";83;"Frances Tiafoe";8;2;6;33,7;23;10,7;188;188;0;0,333333333333333;0,642857142857143;0,333333333333333;0,642857142857143;-0,30952380952381;14;3;9;1;5;2;5;2;3;0;0;1
"826911";"2021-580";"Australian Open";"Hard";"128";"Grand Slams";66;30;"Taylor Fritz";"R";193;"USA";23,2;66;"Reilly Opelka";"R";211;"USA";23,4;"4-6 7-6(6) 6-7(4) 7-6(5) 6-2";5;"R64";247;18;7;199;122;92;42;27;14;16;43;7;185;122;92;32;27;10;13;31;1695;38;1422;4;7;6;7;6;6;6;7;6;2;2021-02-08;2021;"2021-580:66";149;1;3,04580368961313;2,75207248655641;30;"Taylor Fritz";66;"Reilly Opelka";3,04580368961313;2,75207248655641;0,29373120305671;23,2;23,4;-0,199999999999999;193;211;-18;0,875;0,769230769230769;0,875;0,769230769230769;0,105769230769231;13;16;10;14;3;2;3;2;1;0;0;1
"826912";"2021-580";"Australian Open";"Hard";"128";"Grand Slams";67;31;"Marton Fucsovics";"R";188;"HUN";29;87;"Stan Wawrinka";"R";183;"SUI";35,8;"7-5 6-1 4-6 2-6 7-6(9)";5;"R64";239;2;5;134;76;50;38;25;1;6;9;2;170;99;64;38;24;11;17;55;1072;18;2365;7;6;4;2;7;5;1;6;6;6;2021-02-08;2021;"2021-580:67";150;1;2,21864028647534;3,83007499855769;31;"Marton Fucsovics";87;"Stan Wawrinka";2,21864028647534;3,83007499855769;-1,61143471208235;29;35,8;-6,8;188;183;5;0,166666666666667;0,647058823529412;0,166666666666667;0,647058823529412;-0,480392156862745;17;6;11;1;6;5;6;5;1;0;0;1
"826914";"2021-580";"Australian Open";"Hard";"128";"Grand Slams";69;53;"Pedro Martinez";"R";185;"ESP";23,7;74;"Emil Ruusuvuori";"R";188;"FIN";21,8;"1-6 6-3 6-2 7-6(5)";5;"R64";189;5;5;120;81;52;21;18;5;10;10;3;119;77;44;21;18;8;14;87;810;86;816;1;6;6;7;NA;6;3;2;6;NA;2021-02-08;2021;"2021-580:69";151;1;1,55705650415127;1,5737352452979;53;"Pedro Martinez";74;"Emil Ruusuvuori";1,55705650415127;1,5737352452979;-0,01667874114663;23,7;21,8;1,9;185;188;-3;0,5;0,571428571428571;0,5;0,571428571428571;-0,0714285714285714;14;10;8;5;6;5;6;5;1;0;0;1
"826915";"2021-580";"Australian Open";"Hard";"128";"Grand Slams";70;51;"Dusan Lajovic";"R";180;"SRB";30,6;12;"Alexander Bublik";"R";196;"KAZ";23,6;"6-4 7-6(4) 4-6 6-3";5;"R64";185;6;3;147;103;72;22;21;17;20;25;10;129;71;57;24;20;5;9;27;1785;45;1220;6;7;4;6;NA;4;6;6;3;NA;2021-02-08;2021;"2021-580:70";152;0;3,24511249783653;2,50814690367033;12;"Alexander Bublik";51;"Dusan Lajovic";2,50814690367033;3,24511249783653;-0,736965594166207;23,6;30,6;-7;196;180;16;0,85;0,555555555555556;0,555555555555556;0,85;-0,294444444444444;9;20;5;17;4;3;3;4;-1;0;0;1
"826916";"2021-580";"Australian Open";"Hard";"128";"Grand Slams";71;52;"Adrian Mannarino";"L";183;"FRA";32,6;44;"Miomir Kecmanovic";"R";183;"SRB";21,4;"6-1 6-2 6-4";5;"R64";110;10;2;75;49;40;13;13;2;3;5;2;84;53;30;12;12;10;16;36;1561;41;1353;6;6;6;NA;NA;1;2;4;NA;NA;2021-02-08;2021;"2021-580:71";153;0;2,83007499855769;2,64244799538192;44;"Miomir Kecmanovic";52;"Adrian Mannarino";2,64244799538192;2,83007499855769;-0,187627003175772;21,4;32,6;-11,2;183;183;0;0,666666666666667;0,625;0,625;0,666666666666667;-0,0416666666666666;16;3;10;2;6;1;1;6;-5;0;0;1
"826917";"2021-580";"Australian Open";"Hard";"128";"Grand Slams";72;89;"Alexander Zverev";"R";198;"GER";23,8;18;"Maxime Cressy";"R";198;"USA";23,7;"7-5 6-4 6-3";5;"R64";124;15;3;87;62;51;15;16;4;4;10;9;104;64;41;24;15;6;10;7;5615;172;389;7;6;6;NA;NA;5;4;3;NA;NA;2021-02-08;2021;"2021-580:72";154;0;5,1926450779424;0,573735245297902;18;"Maxime Cressy";89;"Alexander Zverev";0,573735245297902;5,1926450779424;-4,61890983264449;23,7;23,8;-0,100000000000001;198;198;0;1;0,6;0,6;1;-0,4;10;4;6;4;4;0;0;4;-4;0;0;1
"826918";"2021-580";"Australian Open";"Hard";"128";"Grand Slams";73;81;"Dominic Thiem";"R";185;"AUT";27,4;46;"Dominik Koepfer";"L";180;"GER";26,7;"6-4 6-0 6-2";5;"R64";99;7;2;67;47;38;13;12;2;2;1;3;74;43;26;11;12;6;12;3;9125;70;931;6;6;6;NA;NA;4;0;2;NA;NA;2021-02-08;2021;"2021-580:73";155;0;6,41503749927884;1,87071698305503;46;"Dominik Koepfer";81;"Dominic Thiem";1,87071698305503;6,41503749927884;-4,54432051622381;26,7;27,4;-0,699999999999999;180;185;-5;1;0,5;0,5;1;-0,5;12;2;6;2;6;0;0;6;-6;0;0;1
"826919";"2021-580";"Australian Open";"Hard";"128";"Grand Slams";74;50;"Nick Kyrgios";"R";193;"AUS";25,7;39;"Ugo Humbert";"L";188;"FRA";22,6;"5-7 6-4 3-6 7-6(2) 6-4";5;"R64";205;30;5;152;104;83;24;27;2;5;27;4;169;117;91;23;26;6;9;47;1190;34;1671;5;6;3;7;6;7;4;6;6;4;2021-02-08;2021;"2021-580:74";156;0;2,44541114832236;2,91253715874966;39;"Ugo Humbert";50;"Nick Kyrgios";2,91253715874966;2,44541114832236;0,467126010427299;22,6;25,7;-3,1;188;193;-5;0,4;0,666666666666667;0,666666666666667;0,4;0,266666666666667;9;5;6;2;3;3;3;3;0;0;0;1
"826921";"2021-580";"Australian Open";"Hard";"128";"Grand Slams";76;14;"Pablo Carreno Busta";"R";188;"ESP";29,5;86;"Jiri Vesely";"L";198;"CZE";27,5;"6-3 7-6(3) 2-6 6-4";5;"R64";153;3;4;125;77;62;27;20;6;8;36;4;107;75;60;15;19;1;3;16;2585;68;958;6;7;2;6;NA;3;6;6;4;NA;2021-02-08;2021;"2021-580:76";157;1;4;1,91253715874966;14;"Pablo Carreno Busta";86;"Jiri Vesely";4;1,91253715874966;2,08746284125034;29,5;27,5;2;188;198;-10;0,75;0,333333333333333;0,75;0,333333333333333;0,416666666666667;3;8;1;6;2;2;2;2;0;0;0;1
"826923";"2021-580";"Australian Open";"Hard";"128";"Grand Slams";78;5;"Felix Auger Aliassime";"R";193;"CAN";20,5;26;"James Duckworth";"R";183;"AUS";29;"6-4 6-1 6-2";5;"R64";105;19;3;69;43;35;15;13;0;0;3;1;74;50;28;12;12;4;10;19;2346;105;721;6;6;6;NA;NA;4;1;2;NA;NA;2021-02-08;2021;"2021-580:78";158;1;3,75207248655641;1,28575448233388;5;"Felix Auger Aliassime";26;"James Duckworth";3,75207248655641;1,28575448233388;2,46631800422254;20,5;29;-8,5;193;183;10;1,5;0,4;1,5;0,4;1,1;10;0;4;0;6;0;6;0;6;0;0;1
"826926";"2021-580";"Australian Open";"Hard";"128";"Grand Slams";81;72;"Andrey Rublev";"R";188;"RUS";23,3;58;"Thiago Monteiro";"L";183;"BRA";26,6;"6-4 6-4 7-6(8)";5;"R64";128;16;0;93;59;49;25;16;4;4;10;2;110;74;53;22;16;7;9;8;4429;74;894;6;6;7;NA;NA;4;4;6;NA;NA;2021-02-08;2021;"2021-580:81";159;0;5;1,79054663437105;58;"Thiago Monteiro";72;"Andrey Rublev";1,79054663437105;5;-3,20945336562895;26,6;23,3;3,3;183;188;-5;1;0,777777777777778;0,777777777777778;1;-0,222222222222222;9;4;7;4;2;0;0;2;-2;0;0;1
"826928";"2021-580";"Australian Open";"Hard";"128";"Grand Slams";83;73;"Casper Ruud";"R";183;"NOR";22,1;68;"Tommy Paul";"R";185;"USA";23,7;"3-6 6-2 6-4 7-5";5;"R64";163;11;4;132;89;59;26;20;10;13;4;4;116;71;48;22;19;6;11;28;1739;53;1080;3;6;6;7;NA;6;2;4;5;NA;2021-02-08;2021;"2021-580:83";160;0;3,1926450779424;2,2720795454368;68;"Tommy Paul";73;"Casper Ruud";2,2720795454368;3,1926450779424;-0,920565532505595;23,7;22,1;1,6;185;183;2;0,769230769230769;0,545454545454545;0,545454545454545;0,769230769230769;-0,223776223776224;11;13;6;10;5;3;3;5;-2;0;0;1
"826929";"2021-580";"Australian Open";"Hard";"128";"Grand Slams";84;1;"Radu Albot";"R";175;"MDA";31,2;65;"Christopher Oconnell";"R";183;"AUS";26,6;"6-2 7-5 7-6(8)";5;"R64";140;5;3;103;76;58;15;16;2;3;12;1;104;66;46;18;16;6;10;85;817;121;568;6;7;7;NA;NA;2;5;6;NA;NA;2021-02-08;2021;"2021-580:84";161;1;1,5906090638623;1,08113676272541;1;"Radu Albot";65;"Christopher Oconnell";1,5906090638623;1,08113676272541;0,509472301136893;31,2;26,6;4,6;175;183;-8;0,666666666666667;0,6;0,666666666666667;0,6;0,0666666666666667;10;3;6;2;4;1;4;1;3;0;0;1
"826930";"2021-580";"Australian Open";"Hard";"128";"Grand Slams";85;38;"Lloyd Harris";"R";193;"RSA";23,9;69;"Alexei Popyrin";"R";196;"AUS";21,5;"6-2 1-6 6-3 6-7(5) 6-3";5;"R64";180;25;5;127;82;71;23;23;2;4;21;7;141;82;64;29;22;4;8;91;793;113;643;6;1;6;6;6;2;6;3;7;3;2021-02-08;2021;"2021-580:85";162;1;1,4922053598013;1,17982103758481;38;"Lloyd Harris";69;"Alexei Popyrin";1,4922053598013;1,17982103758481;0,312384322216491;23,9;21,5;2,4;193;196;-3;0,5;0,5;0,5;0,5;0;8;4;4;2;4;2;4;2;2;0;0;1
"826932";"2021-580";"Australian Open";"Hard";"128";"Grand Slams";87;48;"Filip Krajinovic";"R";185;"SRB";28,9;4;"Pablo Andujar";"R";180;"ESP";35;"6-2 5-7 6-1 6-4";5;"R64";177;10;6;125;66;53;27;19;10;13;7;8;118;81;49;14;18;9;16;33;1673;59;1044;6;5;6;6;NA;2;7;1;4;NA;2021-02-08;2021;"2021-580:87";163;0;2,95560588064155;2,11735695063816;4;"Pablo Andujar";48;"Filip Krajinovic";2,11735695063816;2,95560588064155;-0,838248930003388;35;28,9;6,1;180;185;-5;0,769230769230769;0,5625;0,5625;0,769230769230769;-0,206730769230769;16;13;9;10;7;3;3;7;-4;0;0;1
"826933";"2021-580";"Australian Open";"Hard";"128";"Grand Slams";88;55;"Daniil Medvedev";"R";198;"RUS";24,9;13;"Roberto Carballes Baena";"R";183;"ESP";27,8;"6-2 7-5 6-1";5;"R64";104;13;3;76;49;42;13;14;2;4;0;3;72;40;19;13;13;1;8;4;8715;99;751;6;7;6;NA;NA;2;5;1;NA;NA;2021-02-08;2021;"2021-580:88";164;0;6;1,37064337992039;13;"Roberto Carballes Baena";55;"Daniil Medvedev";1,37064337992039;6;-4,62935662007961;27,8;24,9;2,9;183;198;-15;0,5;0,125;0,125;0,5;-0,375;8;4;1;2;7;2;2;7;-5;0;0;1
"826935";"2021-580";"Australian Open";"Hard";"128";"Grand Slams";90;88;"Mikael Ymer";"R";183;"SWE";22,4;2;"Carlos Alcaraz";"R";185;"ESP";17,7;"2-6 6-4 6-4 7-6(5)";5;"R64";188;2;8;132;88;56;19;20;7;15;7;5;133;83;52;22;20;10;18;95;775;141;484;2;6;6;7;NA;6;4;4;6;NA;2021-02-08;2021;"2021-580:90";165;0;1,43014439166905;0,860448647601206;2;"Carlos Alcaraz";88;"Mikael Ymer";0,860448647601206;1,43014439166905;-0,569695744067846;17,7;22,4;-4,7;185;183;2;0,466666666666667;0,555555555555556;0,555555555555556;0,466666666666667;0,0888888888888889;18;15;10;7;8;8;8;8;0;0;0;1
"826936";"2021-580";"Australian Open";"Hard";"128";"Grand Slams";91;45;"Karen Khachanov";"R";198;"RUS";24,7;9;"Ricardas Berankis";"R";175;"LTU";30,6;"6-2 6-4 6-4";5;"R64";117;12;2;77;51;39;20;14;2;2;4;4;109;68;43;19;14;10;14;20;2290;73;909;6;6;6;NA;NA;2;4;4;NA;NA;2021-02-08;2021;"2021-580:91";166;0;3,67807190511264;1,81017544111998;9;"Ricardas Berankis";45;"Karen Khachanov";1,81017544111998;3,67807190511264;-1,86789646399265;30,6;24,7;5,9;175;198;-23;1;0,714285714285714;0,714285714285714;1;-0,285714285714286;14;2;10;2;4;0;0;4;-4;0;0;1
"826939";"2021-580";"Australian Open";"Hard";"128";"Grand Slams";94;21;"Alex De Minaur";"R";183;"AUS";21,9;19;"Pablo Cuevas";"R";180;"URU";35,1;"6-3 6-3 7-5";5;"R64";119;1;0;86;51;44;18;15;2;3;9;2;101;68;45;12;15;9;14;23;2065;72;927;6;6;7;NA;NA;3;3;5;NA;NA;2021-02-08;2021;"2021-580:94";167;0;3,47643804394299;1,83007499855769;19;"Pablo Cuevas";21;"Alex De Minaur";1,83007499855769;3,47643804394299;-1,6463630453853;35,1;21,9;13,2;180;183;-3;0,666666666666667;0,642857142857143;0,642857142857143;0,666666666666667;-0,0238095238095237;14;3;9;2;5;1;1;5;-4;0;0;1
"826942";"2021-580";"Australian Open";"Hard";"128";"Grand Slams";97;25;"Novak Djokovic";"R";188;"SRB";33,7;30;"Taylor Fritz";"R";193;"USA";23,2;"7-6(1) 6-4 3-6 4-6 6-2";5;"R32";205;15;5;159;105;79;27;25;9;12;24;1;153;98;69;33;24;5;9;1;12030;31;1695;7;6;3;4;6;6;4;6;6;2;2021-02-08;2021;"2021-580:97";168;1;8;3,04580368961313;25;"Novak Djokovic";30;"Taylor Fritz";8;3,04580368961313;4,95419631038687;33,7;23,2;10,5;188;193;-5;0,75;0,555555555555556;0,75;0,555555555555556;0,194444444444444;9;12;5;9;4;3;4;3;1;0;0;1
"826944";"2021-580";"Australian Open";"Hard";"128";"Grand Slams";99;51;"Dusan Lajovic";"R";180;"SRB";30,6;53;"Pedro Martinez";"R";185;"ESP";23,7;"6-7(6) 7-5 6-1 6-4";5;"R32";193;10;3;120;87;65;18;21;4;6;2;3;151;109;68;18;20;9;16;27;1785;87;810;6;7;6;6;NA;7;5;1;4;NA;2021-02-08;2021;"2021-580:99";169;1;3,24511249783653;1,55705650415127;51;"Dusan Lajovic";53;"Pedro Martinez";3,24511249783653;1,55705650415127;1,68805599368526;30,6;23,7;6,9;180;185;-5;0,666666666666667;0,5625;0,666666666666667;0,5625;0,104166666666667;16;6;9;4;7;2;7;2;5;0;0;1
"826945";"2021-580";"Australian Open";"Hard";"128";"Grand Slams";100;89;"Alexander Zverev";"R";198;"GER";23,8;52;"Adrian Mannarino";"L";183;"FRA";32,6;"6-3 6-3 6-1";5;"R32";103;19;6;75;51;45;12;13;3;3;4;3;80;41;25;19;12;7;12;7;5615;36;1561;6;6;6;NA;NA;3;3;1;NA;NA;2021-02-08;2021;"2021-580:100";170;0;5,1926450779424;2,83007499855769;52;"Adrian Mannarino";89;"Alexander Zverev";2,83007499855769;5,1926450779424;-2,36257007938471;32,6;23,8;8,8;183;198;-15;1;0,583333333333333;0,583333333333333;1;-0,416666666666667;12;3;7;3;5;0;0;5;-5;0;0;1
"826946";"2021-580";"Australian Open";"Hard";"128";"Grand Slams";101;81;"Dominic Thiem";"R";185;"AUT";27,4;50;"Nick Kyrgios";"R";193;"AUS";25,7;"4-6 4-6 6-3 6-4 6-4";5;"R32";201;14;1;136;86;67;36;25;6;8;25;2;149;108;88;17;24;7;10;3;9125;47;1190;4;4;6;6;6;6;6;3;4;4;2021-02-08;2021;"2021-580:101";171;0;6,41503749927884;2,44541114832236;50;"Nick Kyrgios";81;"Dominic Thiem";2,44541114832236;6,41503749927884;-3,96962635095648;25,7;27,4;-1,7;193;185;8;0,75;0,7;0,7;0,75;-0,05;10;8;7;6;3;2;2;3;-1;0;0;1
"826948";"2021-580";"Australian Open";"Hard";"128";"Grand Slams";103;5;"Felix Auger Aliassime";"R";193;"CAN";20,5;77;"Denis Shapovalov";"L";185;"CAN";21,8;"7-5 7-5 6-3";5;"R32";148;8;2;95;61;47;20;17;3;5;4;5;98;56;34;21;16;6;11;19;2346;12;2830;7;7;6;NA;NA;5;5;3;NA;NA;2021-02-08;2021;"2021-580:103";172;1;3,75207248655641;4,41503749927884;5;"Felix Auger Aliassime";77;"Denis Shapovalov";3,75207248655641;4,41503749927884;-0,662965012722429;20,5;21,8;-1,3;193;185;8;0,6;0,545454545454545;0,6;0,545454545454545;0,0545454545454546;11;5;6;3;5;2;5;2;3;0;0;1
"826949";"2021-580";"Australian Open";"Hard";"128";"Grand Slams";104;43;"Aslan Karatsev";"R";185;"RUS";27,4;76;"Diego Schwartzman";"R";170;"ARG";28,4;"6-3 6-3 6-3";5;"R32";112;9;1;90;64;46;16;14;10;11;0;1;64;48;27;8;13;1;6;114;642;9;3480;6;6;6;NA;NA;3;3;3;NA;NA;2021-02-08;2021;"2021-580:104";173;1;1,16710998583526;4,83007499855769;43;"Aslan Karatsev";76;"Diego Schwartzman";1,16710998583526;4,83007499855769;-3,66296501272243;27,4;28,4;-1;185;170;15;0,909090909090909;0,166666666666667;0,909090909090909;0,166666666666667;0,742424242424242;6;11;1;10;5;1;5;1;4;0;0;1
"826951";"2021-580";"Australian Open";"Hard";"128";"Grand Slams";106;73;"Casper Ruud";"R";183;"NOR";22,1;1;"Radu Albot";"R";175;"MDA";31,2;"6-1 5-7 6-4 6-4";5;"R32";178;9;4;101;58;50;27;20;3;5;3;6;129;76;48;28;19;7;12;28;1739;85;817;6;5;6;6;NA;1;7;4;4;NA;2021-02-08;2021;"2021-580:106";174;0;3,1926450779424;1,5906090638623;1;"Radu Albot";73;"Casper Ruud";1,5906090638623;3,1926450779424;-1,6020360140801;31,2;22,1;9,1;175;183;-8;0,6;0,583333333333333;0,583333333333333;0,6;-0,0166666666666666;12;5;7;3;5;2;2;5;-3;0;0;1
"826952";"2021-580";"Australian Open";"Hard";"128";"Grand Slams";107;54;"Mackenzie Mcdonald";"R";178;"USA";25,8;38;"Lloyd Harris";"R";193;"RSA";23,9;"7-6(7) 6-1 6-4";5;"R32";121;12;3;88;58;47;16;15;2;4;9;4;109;75;51;10;14;4;9;192;345;91;793;7;6;6;NA;NA;6;1;4;NA;NA;2021-02-08;2021;"2021-580:107";175;0;0,415037499278844;1,4922053598013;38;"Lloyd Harris";54;"Mackenzie Mcdonald";1,4922053598013;0,415037499278844;1,07716786052246;23,9;25,8;-1,9;193;178;15;0,5;0,444444444444444;0,444444444444444;0,5;-0,0555555555555556;9;4;4;2;5;2;2;5;-3;0;0;1
"826953";"2021-580";"Australian Open";"Hard";"128";"Grand Slams";108;55;"Daniil Medvedev";"R";198;"RUS";24,9;48;"Filip Krajinovic";"R";185;"SRB";28,9;"6-3 6-3 4-6 3-6 6-0";5;"R32";186;15;4;130;70;54;31;22;8;11;2;3;142;92;59;24;21;11;18;4;8715;33;1673;6;6;4;3;6;3;3;6;6;0;2021-02-08;2021;"2021-580:108";176;0;6;2,95560588064155;48;"Filip Krajinovic";55;"Daniil Medvedev";2,95560588064155;6;-3,04439411935845;28,9;24,9;4;185;198;-13;0,727272727272727;0,611111111111111;0,611111111111111;0,727272727272727;-0,116161616161616;18;11;11;8;7;3;3;7;-4;0;0;1
"826954";"2021-580";"Australian Open";"Hard";"128";"Grand Slams";109;84;"Stefanos Tsitsipas";"R";193;"GRE";22,4;88;"Mikael Ymer";"R";183;"SWE";22,4;"6-4 6-1 6-1";5;"R32";94;8;3;66;40;31;16;12;0;1;0;4;76;58;31;5;12;5;12;6;5965;95;775;6;6;6;NA;NA;4;1;1;NA;NA;2021-02-08;2021;"2021-580:109";177;1;5,41503749927884;1,43014439166905;84;"Stefanos Tsitsipas";88;"Mikael Ymer";5,41503749927884;1,43014439166905;3,98489310760979;22,4;22,4;0;193;183;10;0;0,416666666666667;0;0,416666666666667;-0,416666666666667;12;1;5;0;7;1;7;1;6;0;0;1
"826955";"2021-580";"Australian Open";"Hard";"128";"Grand Slams";110;10;"Matteo Berrettini";"R";196;"ITA";24,8;45;"Karen Khachanov";"R";198;"RUS";24,7;"7-6(1) 7-6(5) 7-6(5)";5;"R32";179;18;1;122;76;64;23;18;2;4;12;3;122;77;56;24;18;4;6;10;3345;20;2290;7;7;7;NA;NA;6;6;6;NA;NA;2021-02-08;2021;"2021-580:110";178;1;4,67807190511264;3,67807190511264;10;"Matteo Berrettini";45;"Karen Khachanov";4,67807190511264;3,67807190511264;1;24,8;24,7;0,100000000000001;196;198;-2;0,5;0,666666666666667;0,5;0,666666666666667;-0,166666666666667;6;4;4;2;2;2;2;2;0;0;0;1
"826956";"2021-580";"Australian Open";"Hard";"128";"Grand Slams";111;29;"Fabio Fognini";"R";178;"ITA";33,7;21;"Alex De Minaur";"R";183;"AUS";21,9;"6-4 6-3 6-4";5;"R32";128;3;3;89;47;35;23;15;1;3;4;3;84;43;27;22;14;3;8;17;2535;23;2065;6;6;6;NA;NA;4;3;4;NA;NA;2021-02-08;2021;"2021-580:111";179;0;3,91253715874966;3,47643804394299;21;"Alex De Minaur";29;"Fabio Fognini";3,47643804394299;3,91253715874966;-0,436099114806674;21,9;33,7;-11,8;183;178;5;0,333333333333333;0,375;0,375;0,333333333333333;0,0416666666666667;8;3;3;1;5;2;2;5;-3;0;0;1
"826957";"2021-580";"Australian Open";"Hard";"128";"Grand Slams";112;61;"Rafael Nadal";"L";185;"ESP";34,6;64;"Cameron Norrie";"L";188;"GBR";25,4;"7-5 6-2 7-5";5;"R32";134;7;1;82;56;43;18;16;0;1;9;4;104;74;51;7;16;7;12;2;9850;69;935;7;6;7;NA;NA;5;2;5;NA;NA;2021-02-08;2021;"2021-580:112";180;1;7;1,89147554322183;61;"Rafael Nadal";64;"Cameron Norrie";7;1,89147554322183;5,10852445677817;34,6;25,4;9,2;185;188;-3;0;0,583333333333333;0;0,583333333333333;-0,583333333333333;12;1;7;0;5;1;5;1;4;0;0;1
"826959";"2021-580";"Australian Open";"Hard";"128";"Grand Slams";114;89;"Alexander Zverev";"R";198;"GER";23,8;51;"Dusan Lajovic";"R";180;"SRB";30,6;"6-4 7-6(5) 6-3";5;"R16";141;15;3;97;70;53;14;16;1;3;1;2;114;80;49;18;15;10;14;7;5615;27;1785;6;7;6;NA;NA;4;6;3;NA;NA;2021-02-08;2021;"2021-580:114";181;0;5,1926450779424;3,24511249783653;51;"Dusan Lajovic";89;"Alexander Zverev";3,24511249783653;5,1926450779424;-1,94753258010586;30,6;23,8;6,8;180;198;-18;0,333333333333333;0,714285714285714;0,714285714285714;0,333333333333333;0,380952380952381;14;3;10;1;4;2;2;4;-2;0;0;1
"826960";"2021-580";"Australian Open";"Hard";"128";"Grand Slams";115;23;"Grigor Dimitrov";"R";188;"BUL";29,7;81;"Dominic Thiem";"R";185;"AUT";27,4;"6-4 6-4 6-0";5;"R16";121;10;1;76;52;37;14;13;5;7;2;2;103;75;41;9;13;8;15;21;2260;3;9125;6;6;6;NA;NA;4;4;0;NA;NA;2021-02-08;2021;"2021-580:115";182;1;3,60768257722124;6,41503749927884;23;"Grigor Dimitrov";81;"Dominic Thiem";3,60768257722124;6,41503749927884;-2,8073549220576;29,7;27,4;2,3;188;185;3;0,714285714285714;0,533333333333333;0,714285714285714;0,533333333333333;0,180952380952381;15;7;8;5;7;2;7;2;5;0;0;1
"826961";"2021-580";"Australian Open";"Hard";"128";"Grand Slams";116;43;"Aslan Karatsev";"R";185;"RUS";27,4;5;"Felix Auger Aliassime";"R";193;"CAN";20,5;"3-6 1-6 6-3 6-3 6-4";5;"R16";205;9;6;123;77;59;22;22;1;6;11;3;125;72;53;27;22;9;14;114;642;19;2346;3;1;6;6;6;6;6;3;3;4;2021-02-08;2021;"2021-580:116";183;0;1,16710998583526;3,75207248655641;5;"Felix Auger Aliassime";43;"Aslan Karatsev";3,75207248655641;1,16710998583526;2,58496250072116;20,5;27,4;-6,9;193;185;8;0,166666666666667;0,642857142857143;0,642857142857143;0,166666666666667;0,476190476190476;14;6;9;1;5;5;5;5;0;0;0;1
"826963";"2021-580";"Australian Open";"Hard";"128";"Grand Slams";118;55;"Daniil Medvedev";"R";198;"RUS";24,9;54;"Mackenzie Mcdonald";"R";178;"USA";25,8;"6-4 6-2 6-3";5;"R16";89;7;2;71;46;36;15;14;0;1;1;2;70;42;28;12;13;1;7;4;8715;192;345;6;6;6;NA;NA;4;2;3;NA;NA;2021-02-08;2021;"2021-580:118";184;0;6;0,415037499278844;54;"Mackenzie Mcdonald";55;"Daniil Medvedev";0,415037499278844;6;-5,58496250072116;25,8;24,9;0,900000000000002;178;198;-20;0;0,142857142857143;0,142857142857143;0;0,142857142857143;7;1;1;0;6;1;1;6;-5;0;0;1
"826965";"2021-580";"Australian Open";"Hard";"128";"Grand Slams";120;61;"Rafael Nadal";"L";185;"ESP";34,6;29;"Fabio Fognini";"R";178;"ITA";33,7;"6-3 6-4 6-2";5;"R16";136;6;3;72;43;33;20;14;4;6;7;3;100;56;36;18;13;13;19;2;9850;17;2535;6;6;6;NA;NA;3;4;2;NA;NA;2021-02-08;2021;"2021-580:120";185;0;7;3,91253715874966;29;"Fabio Fognini";61;"Rafael Nadal";3,91253715874966;7;-3,08746284125034;33,7;34,6;-0,899999999999999;178;185;-7;0,666666666666667;0,68421052631579;0,68421052631579;0,666666666666667;0,0175438596491229;19;6;13;4;6;2;2;6;-4;0;0;1
"826966";"2021-580";"Australian Open";"Hard";"128";"Grand Slams";121;25;"Novak Djokovic";"R";188;"SRB";33,7;89;"Alexander Zverev";"R";198;"GER";23,8;"6-7(6) 6-2 6-4 7-6(6)";5;"QF";210;23;5;162;119;86;19;21;9;12;21;5;126;81;60;22;21;3;9;1;12030;7;5615;6;6;6;7;NA;7;2;4;6;NA;2021-02-08;2021;"2021-580:121";186;1;8;5,1926450779424;25;"Novak Djokovic";89;"Alexander Zverev";8;5,1926450779424;2,8073549220576;33,7;23,8;9,9;188;198;-10;0,75;0,333333333333333;0,75;0,333333333333333;0,416666666666667;9;12;3;9;6;3;6;3;3;0;0;1
"826967";"2021-580";"Australian Open";"Hard";"128";"Grand Slams";122;43;"Aslan Karatsev";"R";185;"RUS";27,4;23;"Grigor Dimitrov";"R";188;"BUL";29,7;"2-6 6-4 6-1 6-2";5;"QF";152;9;6;105;58;39;26;17;10;14;9;7;98;63;38;15;16;3;11;114;642;21;2260;2;6;6;6;NA;6;4;1;2;NA;2021-02-08;2021;"2021-580:122";187;0;1,16710998583526;3,60768257722124;23;"Grigor Dimitrov";43;"Aslan Karatsev";3,60768257722124;1,16710998583526;2,44057259138598;29,7;27,4;2,3;188;185;3;0,714285714285714;0,272727272727273;0,272727272727273;0,714285714285714;-0,441558441558442;11;14;3;10;8;4;4;8;-4;0;0;1
"826968";"2021-580";"Australian Open";"Hard";"128";"Grand Slams";123;55;"Daniil Medvedev";"R";198;"RUS";24,9;72;"Andrey Rublev";"R";188;"RUS";23,3;"7-5 6-3 6-2";5;"QF";125;14;4;90;54;43;19;15;4;5;8;3;85;40;25;25;14;6;11;4;8715;8;4429;7;6;6;NA;NA;5;3;2;NA;NA;2021-02-08;2021;"2021-580:123";188;1;6;5;55;"Daniil Medvedev";72;"Andrey Rublev";6;5;1;24,9;23,3;1,6;198;188;10;0,8;0,545454545454545;0,8;0,545454545454545;0,254545454545455;11;5;6;4;5;1;5;1;4;0;0;1
"826969";"2021-580";"Australian Open";"Hard";"128";"Grand Slams";124;84;"Stefanos Tsitsipas";"R";193;"GRE";22,4;61;"Rafael Nadal";"L";185;"ESP";34,6;"3-6 2-6 7-6(4) 6-4 7-5";5;"QF";245;17;0;136;84;66;36;26;1;4;15;2;151;103;80;28;25;3;5;6;5965;2;9850;3;2;7;6;7;6;6;6;4;5;2021-02-08;2021;"2021-580:124";189;0;5,41503749927884;7;61;"Rafael Nadal";84;"Stefanos Tsitsipas";7;5,41503749927884;1,58496250072116;34,6;22,4;12,2;185;193;-8;0,25;0,6;0,6;0,25;0,35;5;4;3;1;2;3;3;2;1;0;0;1
"826970";"2021-580";"Australian Open";"Hard";"128";"Grand Slams";125;25;"Novak Djokovic";"R";188;"SRB";33,7;43;"Aslan Karatsev";"R";185;"RUS";27,4;"6-3 6-4 6-2";5;"SF";113;17;2;81;55;39;16;14;3;5;6;2;66;34;22;11;13;1;7;1;12030;114;642;6;6;6;NA;NA;3;4;2;NA;NA;2021-02-08;2021;"2021-580:125";190;1;8;1,16710998583526;25;"Novak Djokovic";43;"Aslan Karatsev";8;1,16710998583526;6,83289001416474;33,7;27,4;6,3;188;185;3;0,6;0,142857142857143;0,6;0,142857142857143;0,457142857142857;7;5;1;3;6;2;6;2;4;0;0;1
"826971";"2021-580";"Australian Open";"Hard";"128";"Grand Slams";126;55;"Daniil Medvedev";"R";198;"RUS";24,9;84;"Stefanos Tsitsipas";"R";193;"GRE";22,4;"6-4 6-2 7-5";5;"SF";129;17;2;82;56;49;12;15;2;3;3;3;101;70;43;13;15;4;9;4;8715;6;5965;6;6;7;NA;NA;4;2;5;NA;NA;2021-02-08;2021;"2021-580:126";191;1;6;5,41503749927884;55;"Daniil Medvedev";84;"Stefanos Tsitsipas";6;5,41503749927884;0,584962500721156;24,9;22,4;2,5;198;193;5;0,666666666666667;0,444444444444444;0,666666666666667;0,444444444444444;0,222222222222222;9;3;4;2;5;1;5;1;4;0;0;1
"826972";"2021-580";"Australian Open";"Hard";"128";"Grand Slams";127;25;"Novak Djokovic";"R";188;"SRB";33,7;55;"Daniil Medvedev";"R";198;"RUS";24,9;"7-5 6-2 6-2";5;"F";113;3;2;78;52;38;15;14;2;4;6;4;77;49;34;9;14;4;11;1;12030;4;8715;7;6;6;NA;NA;5;2;2;NA;NA;2021-02-08;2021;"2021-580:127";192;1;8;6;25;"Novak Djokovic";55;"Daniil Medvedev";8;6;2;33,7;24,9;8,8;188;198;-10;0,5;0,363636363636364;0,5;0,363636363636364;0,136363636363636;11;4;4;2;7;2;7;2;5;0;0;1
"833322";"2021-520";"Roland Garros";"Clay";"128";"Grand Slams";113;25;"Novak Djokovic";"R";188;"SRB";34;75;"Tennys Sandgren";"R";188;"USA";29,8;"6-2 6-4 6-2";5;"R128";118;4;2;73;49;42;13;13;6;6;5;1;94;56;30;20;13;6;11;1;11313;66;1033;6;6;6;NA;NA;2;4;2;NA;NA;2021-05-31;2021;"2021-520:113";193;1;8;1,95560588064155;25;"Novak Djokovic";75;"Tennys Sandgren";8;1,95560588064155;6,04439411935845;34;29,8;4,2;188;188;0;1;0,545454545454545;1;0,545454545454545;0,454545454545455;11;6;6;6;5;0;5;0;5;0;1;0
"833325";"2021-520";"Roland Garros";"Clay";"128";"Grand Slams";116;9;"Ricardas Berankis";"R";175;"LTU";30,9;39;"Ugo Humbert";"L";188;"FRA";22,9;"6-4 6-4 2-6 6-4";5;"R128";181;5;6;141;83;57;29;19;15;19;14;6;125;67;43;30;19;11;16;93;839;32;1780;6;6;2;6;NA;4;4;6;4;NA;2021-05-31;2021;"2021-520:116";194;1;1,46084118889197;3;9;"Ricardas Berankis";39;"Ugo Humbert";1,46084118889197;3;-1,53915881110803;30,9;22,9;8;175;188;-13;0,789473684210526;0,6875;0,789473684210526;0,6875;0,101973684210526;16;19;11;15;5;4;5;4;1;0;1;0
"833332";"2021-520";"Roland Garros";"Clay";"128";"Grand Slams";123;49;"Soon Woo Kwon";"R";180;"KOR";23,4;3;"Kevin Anderson";"R";203;"RSA";35;"7-5 6-4 2-6 7-6(4)";5;"R128";189;8;9;143;76;57;37;21;4;7;30;3;127;78;64;24;21;9;12;91;854;100;795;7;6;2;7;NA;5;4;6;6;NA;2021-05-31;2021;"2021-520:123";195;0;1,4922053598013;1,35614381022528;3;"Kevin Anderson";49;"Soon Woo Kwon";1,35614381022528;1,4922053598013;-0,136061549576028;35;23,4;11,6;203;180;23;0,571428571428571;0,75;0,75;0,571428571428571;0,178571428571429;12;7;9;4;3;3;3;3;0;0;1;0
"833338";"2021-520";"Roland Garros";"Clay";"128";"Grand Slams";129;61;"Rafael Nadal";"L";185;"ESP";34,9;69;"Alexei Popyrin";"R";196;"AUS";21,8;"6-3 6-2 7-6(3)";5;"R128";143;7;5;93;59;48;19;15;3;4;8;5;89;51;40;17;14;7;11;3;9630;63;1052;6;6;7;NA;NA;3;2;6;NA;NA;2021-05-31;2021;"2021-520:129";196;1;6,41503749927884;2,02272007650008;61;"Rafael Nadal";69;"Alexei Popyrin";6,41503749927884;2,02272007650008;4,39231742277876;34,9;21,8;13,1;185;196;-11;0,75;0,636363636363636;0,75;0,636363636363636;0,113636363636364;11;4;7;3;4;1;4;1;3;0;1;0
"833339";"2021-520";"Roland Garros";"Clay";"128";"Grand Slams";130;33;"Richard Gasquet";"R";185;"FRA";34,9;34;"Hugo Gaston";"L";173;"FRA";20,6;"6-1 6-4 6-2";5;"R128";99;5;3;65;39;30;20;13;0;1;2;4;87;41;24;20;12;11;17;53;1213;141;531;6;6;6;NA;NA;1;4;2;NA;NA;2021-05-31;2021;"2021-520:130";197;1;2,2720795454368;0,860448647601206;33;"Richard Gasquet";34;"Hugo Gaston";2,2720795454368;0,860448647601206;1,4116308978356;34,9;20,6;14,3;185;173;12;0;0,647058823529412;0;0,647058823529412;-0,647058823529412;17;1;11;0;6;1;6;1;5;0;1;0
"833341";"2021-520";"Roland Garros";"Clay";"128";"Grand Slams";132;38;"Lloyd Harris";"R";193;"RSA";24,2;79;"Lorenzo Sonego";"R";191;"ITA";26;"7-5 6-4 6-4";5;"R128";138;6;1;90;61;46;20;16;6;7;5;4;97;59;39;22;16;8;12;54;1198;28;2132;7;6;6;NA;NA;5;4;4;NA;NA;2021-05-31;2021;"2021-520:132";198;1;2,24511249783653;3,1926450779424;38;"Lloyd Harris";79;"Lorenzo Sonego";2,24511249783653;3,1926450779424;-0,947532580105864;24,2;26;-1,8;193;191;2;0,857142857142857;0,666666666666667;0,857142857142857;0,666666666666667;0,19047619047619;12;7;8;6;4;1;4;1;3;0;1;0
"833344";"2021-520";"Roland Garros";"Clay";"128";"Grand Slams";135;88;"Mikael Ymer";"R";183;"SWE";22,7;13;"Roberto Carballes Baena";"R";183;"ESP";28,1;"6-4 0-6 4-6 6-2 6-2";5;"R128";216;6;3;147;109;60;16;21;16;26;3;6;109;69;33;20;21;4;15;105;776;95;831;6;0;4;6;6;4;6;6;2;2;2021-05-31;2021;"2021-520:135";199;0;1,28575448233388;1,43014439166905;13;"Roberto Carballes Baena";88;"Mikael Ymer";1,43014439166905;1,28575448233388;0,144389909335175;28,1;22,7;5,4;183;183;0;0,615384615384615;0,266666666666667;0,266666666666667;0,615384615384615;-0,348717948717949;15;26;4;16;11;10;10;11;-1;0;1;0
"833345";"2021-520";"Roland Garros";"Clay";"128";"Grand Slams";136;57;"Gael Monfils";"R";193;"FRA";34,7;71;"Albert Ramos";"L";188;"ESP";33,3;"1-6 7-6(6) 6-4 6-4";5;"R128";181;12;9;135;73;55;22;20;8;13;1;5;129;76;43;33;19;4;9;15;2713;38;1595;1;7;6;6;NA;6;6;4;4;NA;2021-05-31;2021;"2021-520:136";200;1;4,09310940439148;2,75207248655641;57;"Gael Monfils";71;"Albert Ramos";4,09310940439148;2,75207248655641;1,34103691783507;34,7;33,3;1,40000000000001;193;188;5;0,615384615384615;0,444444444444444;0,615384615384615;0,444444444444444;0,170940170940171;9;13;4;8;5;5;5;5;0;0;1;0
"833347";"2021-520";"Roland Garros";"Clay";"128";"Grand Slams";138;8;"Aljaz Bedene";"R";181;"SLO";31,8;52;"Adrian Mannarino";"L";183;"FRA";32,9;"7-5 3-6 7-5 6-2";5;"R128";209;15;8;118;54;48;33;21;1;3;8;4;153;76;55;36;20;10;15;56;1166;36;1651;7;3;7;6;NA;5;6;5;2;NA;2021-05-31;2021;"2021-520:138";201;1;2,1926450779424;2,83007499855769;8;"Aljaz Bedene";52;"Adrian Mannarino";2,1926450779424;2,83007499855769;-0,637429920615292;31,8;32,9;-1,1;181;183;-2;0,333333333333333;0,666666666666667;0,333333333333333;0,666666666666667;-0,333333333333333;15;3;10;1;5;2;5;2;3;0;1;0
"833350";"2021-520";"Roland Garros";"Clay";"128";"Grand Slams";141;6;"Nikoloz Basilashvili";"R";185;"GEO";29,2;51;"Dusan Lajovic";"R";180;"SRB";30,9;"6-4 6-3 0-6 6-2";5;"R128";126;2;3;90;61;35;15;17;2;8;6;3;111;73;41;17;16;4;12;31;1785;39;1585;6;6;0;6;NA;4;3;6;2;NA;2021-05-31;2021;"2021-520:141";202;1;3,04580368961313;2,71459778113775;6;"Nikoloz Basilashvili";51;"Dusan Lajovic";3,04580368961313;2,71459778113775;0,331205908475374;29,2;30,9;-1,7;185;180;5;0,25;0,333333333333333;0,25;0,333333333333333;-0,0833333333333333;12;8;4;2;8;6;8;6;2;0;1;0
"833353";"2021-520";"Roland Garros";"Clay";"128";"Grand Slams";144;80;"Jan Lennard Struff";"R";193;"GER";31;72;"Andrey Rublev";"R";188;"RUS";23,6;"6-3 7-6(6) 4-6 3-6 6-4";5;"R128";226;25;11;181;91;72;44;25;9;13;13;8;159;74;57;48;25;12;15;42;1500;7;6090;6;7;4;3;6;3;6;6;6;4;2021-05-31;2021;"2021-520:144";203;0;2,60768257722124;5,1926450779424;72;"Andrey Rublev";80;"Jan Lennard Struff";5,1926450779424;2,60768257722124;2,58496250072116;23,6;31;-7,4;188;193;-5;0,692307692307692;0,8;0,8;0,692307692307692;0,107692307692308;15;13;12;9;3;4;4;3;1;0;1;0
"833356";"2021-520";"Roland Garros";"Clay";"128";"Grand Slams";147;24;"Laslo Djere";"R";188;"SRB";25,9;59;"Corentin Moutet";"L";178;"FRA";22,1;"6-3 6-7(10) 7-6(2) 7-5";5;"R128";267;9;6;178;101;71;37;23;16;21;3;4;174;112;69;28;22;15;22;55;1168;73;968;6;6;7;7;NA;3;7;6;5;NA;2021-05-31;2021;"2021-520:147";204;1;2,21864028647534;1,81017544111998;24;"Laslo Djere";59;"Corentin Moutet";2,21864028647534;1,81017544111998;0,408464845355358;25,9;22,1;3,8;188;178;10;0,761904761904762;0,681818181818182;0,761904761904762;0,681818181818182;0,0800865800865801;22;21;15;16;7;5;7;5;2;0;1;0
"833357";"2021-520";"Roland Garros";"Clay";"128";"Grand Slams";148;44;"Miomir Kecmanovic";"R";183;"SRB";21,7;27;"Daniel Evans";"R";175;"GBR";31;"1-6 6-3 6-3 6-4";5;"R128";184;1;2;113;71;43;21;18;8;15;6;3;149;96;51;23;17;19;28;48;1384;27;2195;1;6;6;6;NA;6;3;3;4;NA;2021-05-31;2021;"2021-520:148";205;0;2,41503749927884;3,24511249783653;27;"Daniel Evans";44;"Miomir Kecmanovic";3,24511249783653;2,41503749927884;0,830074998557688;31;21,7;9,3;175;183;-8;0,533333333333333;0,678571428571429;0,678571428571429;0,533333333333333;0,145238095238095;28;15;19;8;9;7;7;9;-2;0;1;0
"833358";"2021-520";"Roland Garros";"Clay";"128";"Grand Slams";149;45;"Karen Khachanov";"R";198;"RUS";25;86;"Jiri Vesely";"L";198;"CZE";27,8;"6-1 6-2 6-3";5;"R128";93;5;1;69;44;38;12;12;2;2;1;3;67;46;29;5;12;4;10;25;2280;71;976;6;6;6;NA;NA;1;2;3;NA;NA;2021-05-31;2021;"2021-520:149";206;1;3,35614381022528;1,85025288049532;45;"Karen Khachanov";86;"Jiri Vesely";3,35614381022528;1,85025288049532;1,50589092972996;25;27,8;-2,8;198;198;0;1;0,4;1;0,4;0,6;10;2;4;2;6;0;6;0;6;0;1;0
"833362";"2021-520";"Roland Garros";"Clay";"128";"Grand Slams";153;73;"Casper Ruud";"R";183;"NOR";22,4;67;"Benoit Paire";"R";196;"FRA";32;"5-7 6-2 6-1 7-6(4)";5;"R128";180;3;3;135;79;52;35;20;4;7;7;7;125;68;49;23;19;8;14;16;2690;40;1544;5;6;6;7;NA;7;2;1;6;NA;2021-05-31;2021;"2021-520:153";207;0;4;2,67807190511264;67;"Benoit Paire";73;"Casper Ruud";2,67807190511264;4;-1,32192809488736;32;22,4;9,6;196;183;13;0,571428571428571;0,571428571428571;0,571428571428571;0,571428571428571;0;14;7;8;4;6;3;3;6;-3;0;1;0
"833365";"2021-520";"Roland Garros";"Clay";"128";"Grand Slams";156;85;"Botic Van De Zandschulp";"R";188;"NED";25,6;40;"Hubert Hurkacz";"R";196;"POL";24,2;"6-7(5) 6-7(4) 6-2 6-2 6-4";5;"R128";221;5;6;163;97;71;42;25;6;8;11;2;154;100;70;28;25;7;14;154;478;20;2498;6;6;6;6;6;7;7;2;2;4;2021-05-31;2021;"2021-520:156";208;0;0,733213459305099;3,67807190511264;40;"Hubert Hurkacz";85;"Botic Van De Zandschulp";3,67807190511264;0,733213459305099;2,94485844580754;24,2;25,6;-1,4;196;188;8;0,75;0,5;0,5;0,75;-0,25;14;8;7;6;7;2;2;7;-5;0;1;0
"833368";"2021-520";"Roland Garros";"Clay";"128";"Grand Slams";159;22;"Federico Delbonis";"L";190;"ARG";30,6;1;"Radu Albot";"R";175;"MDA";31,5;"6-1 2-6 6-0 6-1";5;"R128";125;1;4;92;53;35;21;14;12;16;0;10;82;45;22;10;14;3;13;51;1225;89;870;6;2;6;6;NA;1;6;0;1;NA;2021-05-31;2021;"2021-520:159";209;0;2,3275746580285;1,5242665690336;1;"Radu Albot";22;"Federico Delbonis";1,5242665690336;2,3275746580285;-0,803308088994902;31,5;30,6;0,899999999999999;175;190;-15;0,75;0,230769230769231;0,230769230769231;0,75;-0,519230769230769;13;16;3;12;10;4;4;10;-6;0;1;0
"833369";"2021-520";"Roland Garros";"Clay";"128";"Grand Slams";160;4;"Pablo Andujar";"R";180;"ESP";35,3;81;"Dominic Thiem";"R";185;"AUT";27,7;"4-6 5-7 6-3 6-4 6-4";5;"R128";268;4;8;184;114;73;34;26;13;19;4;7;156;98;71;20;25;10;17;68;1020;4;8445;4;5;6;6;6;6;7;3;4;4;2021-05-31;2021;"2021-520:160";210;1;1,91253715874966;6;4;"Pablo Andujar";81;"Dominic Thiem";1,91253715874966;6;-4,08746284125034;35,3;27,7;7,6;180;185;-5;0,68421052631579;0,588235294117647;0,68421052631579;0,588235294117647;0,0959752321981424;17;19;10;13;7;6;7;6;1;0;1;0
"833371";"2021-520";"Roland Garros";"Clay";"128";"Grand Slams";162;53;"Pedro Martinez";"R";185;"ESP";24;47;"Sebastian Korda";"R";196;"USA";20,9;"6-4 6-2 6-2";5;"R128";135;3;4;80;55;45;13;13;4;4;9;6;101;59;36;19;13;6;11;103;793;50;1289;6;6;6;NA;NA;4;2;2;NA;NA;2021-05-31;2021;"2021-520:162";211;0;1,31349947281678;2,35614381022528;47;"Sebastian Korda";53;"Pedro Martinez";2,35614381022528;1,31349947281678;1,04264433740849;20,9;24;-3,1;196;185;11;1;0,545454545454545;0,545454545454545;1;-0,454545454545455;11;4;6;4;5;0;0;5;-5;0;1;0
"833373";"2021-520";"Roland Garros";"Clay";"128";"Grand Slams";164;41;"John Isner";"R";206;"USA";36;70;"Sam Querrey";"R";198;"USA";33,6;"7-6(2) 6-3 6-4";5;"R128";105;22;2;91;64;53;17;16;2;2;9;3;85;49;39;18;15;1;3;34;1730;67;1023;7;6;6;NA;NA;6;3;4;NA;NA;2021-05-31;2021;"2021-520:164";212;1;2,91253715874966;1,93391080954223;41;"John Isner";70;"Sam Querrey";2,91253715874966;1,93391080954223;0,978626349207433;36;33,6;2,4;206;198;8;1;0,333333333333333;1;0,333333333333333;0,666666666666667;3;2;1;2;2;0;2;0;2;0;1;0
"833375";"2021-520";"Roland Garros";"Clay";"128";"Grand Slams";166;42;"Steve Johnson";"R";188;"USA";31,4;83;"Frances Tiafoe";"R";188;"USA";23,3;"6-7(5) 3-6 6-4 6-2 6-1";5;"R128";191;11;7;146;80;58;34;23;7;12;14;3;142;81;55;29;23;6;15;88;878;74;963;6;3;6;6;6;7;6;4;2;1;2021-05-31;2021;"2021-520:166";213;1;1,5405683813627;1,79054663437105;42;"Steve Johnson";83;"Frances Tiafoe";1,5405683813627;1,79054663437105;-0,249978253008347;31,4;23,3;8,1;188;188;0;0,583333333333333;0,4;0,583333333333333;0,4;0,183333333333333;15;12;6;7;9;5;9;5;4;0;1;0
"833377";"2021-520";"Roland Garros";"Clay";"128";"Grand Slams";168;14;"Pablo Carreno Busta";"R";188;"ESP";29,8;37;"Norbert Gombos";"R";193;"SVK";30,7;"6-3 6-4 6-3";5;"R128";103;7;1;76;45;37;20;14;1;1;10;5;84;55;40;10;14;4;8;12;3085;81;912;6;6;6;NA;NA;3;4;3;NA;NA;2021-05-31;2021;"2021-520:168";214;1;4,41503749927884;1,66014999711538;14;"Pablo Carreno Busta";37;"Norbert Gombos";4,41503749927884;1,66014999711538;2,75488750216347;29,8;30,7;-0,899999999999999;188;193;-5;1;0,5;1;0,5;0,5;8;1;4;1;4;0;4;0;4;0;1;0
"833380";"2021-520";"Roland Garros";"Clay";"128";"Grand Slams";171;54;"Mackenzie Mcdonald";"R";178;"USA";26,1;74;"Emil Ruusuvuori";"R";188;"FIN";22,1;"4-6 6-3 7-6(4) 6-3";5;"R128";188;10;4;154;102;66;25;20;17;21;2;6;126;79;50;25;20;1;8;119;675;75;951;4;6;7;6;NA;6;3;6;3;NA;2021-05-31;2021;"2021-520:171";215;1;1,10518223669206;1,77118130950412;54;"Mackenzie Mcdonald";74;"Emil Ruusuvuori";1,10518223669206;1,77118130950412;-0,665999072812063;26,1;22,1;4;178;188;-10;0,80952380952381;0,125;0,80952380952381;0,125;0,68452380952381;8;21;1;17;7;4;7;4;3;0;1;0
"833383";"2021-520";"Roland Garros";"Clay";"128";"Grand Slams";174;60;"Jaume Munar";"R";183;"ESP";24;82;"Jordan Thompson";"R";183;"AUS";27,1;"6-7(6) 6-1 7-6(5) 6-4";5;"R128";263;4;3;161;121;83;19;21;8;10;7;6;157;84;59;36;20;18;23;72;974;64;1042;6;6;7;6;NA;7;1;6;4;NA;2021-05-31;2021;"2021-520:174";216;1;1,83007499855769;2;60;"Jaume Munar";82;"Jordan Thompson";1,83007499855769;2;-0,169925001442312;24;27,1;-3,1;183;183;0;0,8;0,782608695652174;0,8;0,782608695652174;0,0173913043478261;23;10;18;8;5;2;5;2;3;0;1;0
"833384";"2021-520";"Roland Garros";"Clay";"128";"Grand Slams";175;68;"Tommy Paul";"R";185;"USA";24;65;"Christopher Oconnell";"R";183;"AUS";26,9;"6-2 6-4 4-6 4-6 10-8";5;"R128";213;8;8;170;106;81;33;28;14;18;6;0;152;102;72;28;28;2;8;52;1225;129;611;6;6;4;4;10;2;4;6;6;8;2021-05-31;2021;"2021-520:175";217;0;2,29956028185891;0,988772744576746;65;"Christopher Oconnell";68;"Tommy Paul";0,988772744576746;2,29956028185891;-1,31078753728216;26,9;24;2,9;183;185;-2;0,777777777777778;0,25;0,25;0,777777777777778;-0,527777777777778;8;18;2;14;6;4;4;6;-2;0;1;0
"833385";"2021-520";"Roland Garros";"Clay";"128";"Grand Slams";176;55;"Daniil Medvedev";"R";198;"RUS";25,3;12;"Alexander Bublik";"R";196;"KAZ";23,9;"6-3 6-3 7-5";5;"R128";114;7;4;90;43;34;25;15;6;9;8;8;100;53;35;15;15;8;15;2;9793;37;1613;6;6;7;NA;NA;3;3;5;NA;NA;2021-05-31;2021;"2021-520:176";218;0;7;2,79054663437105;12;"Alexander Bublik";55;"Daniil Medvedev";2,79054663437105;7;-4,20945336562895;23,9;25,3;-1,4;196;198;-2;0,666666666666667;0,533333333333333;0,533333333333333;0,666666666666667;-0,133333333333333;15;9;8;6;7;3;3;7;-4;0;1;0
"833386";"2021-520";"Roland Garros";"Clay";"128";"Grand Slams";177;25;"Novak Djokovic";"R";188;"SRB";34;19;"Pablo Cuevas";"R";180;"URU";35,4;"6-3 6-2 6-4";5;"R64";126;10;3;94;64;48;17;14;8;9;5;3;74;47;30;11;13;3;8;1;11313;92;846;6;6;6;NA;NA;3;2;4;NA;NA;2021-05-31;2021;"2021-520:177";219;0;8;1,47643804394299;19;"Pablo Cuevas";25;"Novak Djokovic";1,47643804394299;8;-6,52356195605701;35,4;34;1,4;180;188;-8;0,888888888888889;0,375;0,375;0,888888888888889;-0,513888888888889;8;9;3;8;5;1;1;5;-4;0;1;0
"833387";"2021-520";"Roland Garros";"Clay";"128";"Grand Slams";178;9;"Ricardas Berankis";"R";175;"LTU";30,9;26;"James Duckworth";"R";183;"AUS";29,3;"7-5 2-6 7-6(4) 6-0";5;"R64";159;8;3;111;68;51;27;19;5;8;18;2;129;64;47;32;19;12;17;93;839;101;794;7;2;7;6;NA;5;6;6;0;NA;2021-05-31;2021;"2021-520:178";220;1;1,46084118889197;1,34178851724821;9;"Ricardas Berankis";26;"James Duckworth";1,46084118889197;1,34178851724821;0,119052671643764;30,9;29,3;1,6;175;183;-8;0,625;0,705882352941177;0,625;0,705882352941177;-0,0808823529411765;17;8;12;5;5;3;5;3;2;0;1;0
"833388";"2021-520";"Roland Garros";"Clay";"128";"Grand Slams";179;15;"Marco Cecchinato";"R";185;"ITA";28,6;21;"Alex De Minaur";"R";183;"AUS";22,2;"6-4 6-1 3-6 6-1";5;"R64";148;7;2;119;75;52;22;17;8;10;2;3;105;60;36;22;16;8;14;83;903;22;2350;6;6;3;6;NA;4;1;6;1;NA;2021-05-31;2021;"2021-520:179";221;1;1,62496056865308;3,5405683813627;15;"Marco Cecchinato";21;"Alex De Minaur";1,62496056865308;3,5405683813627;-1,91560781270963;28,6;22,2;6,4;185;183;2;0,8;0,571428571428571;0,8;0,571428571428571;0,228571428571429;14;10;8;8;6;2;6;2;4;0;1;0
"833390";"2021-520";"Roland Garros";"Clay";"128";"Grand Slams";181;10;"Matteo Berrettini";"R";196;"ITA";25,1;17;"Federico Coria";"R";180;"ARG";29,2;"6-3 6-3 6-2";5;"R64";118;5;2;75;51;42;12;13;2;3;2;3;95;61;35;15;13;6;12;9;3958;94;838;6;6;6;NA;NA;3;3;2;NA;NA;2021-05-31;2021;"2021-520:181";222;1;4,83007499855769;1,44541114832236;10;"Matteo Berrettini";17;"Federico Coria";4,83007499855769;1,44541114832236;3,38466385023533;25,1;29,2;-4,1;196;180;16;0,666666666666667;0,5;0,666666666666667;0,5;0,166666666666667;12;3;6;2;6;1;6;1;5;0;1;0
"833392";"2021-520";"Roland Garros";"Clay";"128";"Grand Slams";183;46;"Dominik Koepfer";"L";180;"GER";27;30;"Taylor Fritz";"R";193;"USA";23,5;"6-3 6-2 3-6 6-4";5;"R64";155;6;6;122;75;49;26;18;5;9;9;0;116;65;39;28;18;10;17;59;1134;33;1760;6;6;3;6;NA;3;2;6;4;NA;2021-05-31;2021;"2021-520:183";223;0;2,11735695063816;2,95560588064155;30;"Taylor Fritz";46;"Dominik Koepfer";2,95560588064155;2,11735695063816;0,838248930003388;23,5;27;-3,5;193;180;13;0,555555555555556;0,588235294117647;0,588235294117647;0,555555555555556;0,0326797385620915;17;9;10;5;7;4;4;7;-3;0;1;0
"833393";"2021-520";"Roland Garros";"Clay";"128";"Grand Slams";184;28;"Roger Federer";"R";185;"SUI";39,8;16;"Marin Cilic";"R";198;"CRO";32,6;"6-2 2-6 7-6(4) 6-2";5;"R64";155;16;1;117;80;60;21;18;5;8;12;6;120;77;58;17;18;11;16;8;5605;47;1388;6;2;7;6;NA;2;6;6;2;NA;2021-05-31;2021;"2021-520:184";224;0;5;2,44541114832236;16;"Marin Cilic";28;"Roger Federer";2,44541114832236;5;-2,55458885167764;32,6;39,8;-7,2;198;185;13;0,625;0,6875;0,6875;0,625;0,0625;16;8;11;5;5;3;3;5;-2;0;1;0
"833394";"2021-520";"Roland Garros";"Clay";"128";"Grand Slams";185;61;"Rafael Nadal";"L";185;"ESP";34,9;33;"Richard Gasquet";"R";185;"FRA";34,9;"6-0 7-5 6-2";5;"R64";134;3;3;77;45;38;15;13;3;4;2;5;91;47;33;12;13;9;16;3;9630;53;1213;6;7;6;NA;NA;0;5;2;NA;NA;2021-05-31;2021;"2021-520:185";225;0;6,41503749927884;2,2720795454368;33;"Richard Gasquet";61;"Rafael Nadal";2,2720795454368;6,41503749927884;-4,14295795384204;34,9;34,9;0;185;185;0;0,75;0,5625;0,5625;0,75;-0,1875;16;4;9;3;7;1;1;7;-6;0;1;0
"833395";"2021-520";"Roland Garros";"Clay";"128";"Grand Slams";186;64;"Cameron Norrie";"L";188;"GBR";25,7;38;"Lloyd Harris";"R";193;"RSA";24,2;"4-6 6-3 6-3 6-2";5;"R64";135;5;4;93;59;49;21;18;0;1;9;2;98;69;48;13;18;4;9;45;1430;54;1198;4;6;6;6;NA;6;3;3;2;NA;2021-05-31;2021;"2021-520:186";226;0;2,50814690367033;2,24511249783653;38;"Lloyd Harris";64;"Cameron Norrie";2,24511249783653;2,50814690367033;-0,263034405833793;24,2;25,7;-1,5;193;188;5;0;0,444444444444444;0,444444444444444;0;0,444444444444444;9;1;4;0;5;1;1;5;-4;0;1;0
"833397";"2021-520";"Roland Garros";"Clay";"128";"Grand Slams";188;88;"Mikael Ymer";"R";183;"SWE";22,7;57;"Gael Monfils";"R";193;"FRA";34,7;"6-0 2-6 6-4 6-3";5;"R64";144;0;5;106;71;49;15;17;4;8;5;3;110;63;38;19;16;3;10;105;776;15;2713;6;2;6;6;NA;0;6;4;3;NA;2021-05-31;2021;"2021-520:188";227;0;1,28575448233388;4,09310940439148;57;"Gael Monfils";88;"Mikael Ymer";4,09310940439148;1,28575448233388;2,8073549220576;34,7;22,7;12;193;183;10;0,5;0,3;0,3;0,5;-0,2;10;8;3;4;7;4;4;7;-3;0;1;0
"833398";"2021-520";"Roland Garros";"Clay";"128";"Grand Slams";189;76;"Diego Schwartzman";"R";170;"ARG";28,7;8;"Aljaz Bedene";"R";181;"SLO";31,8;"6-4 6-2 6-4";5;"R64";141;0;2;96;65;45;21;14;8;9;9;9;95;49;30;20;14;5;10;10;3465;56;1166;6;6;6;NA;NA;4;2;4;NA;NA;2021-05-31;2021;"2021-520:189";228;0;4,67807190511264;2,1926450779424;8;"Aljaz Bedene";76;"Diego Schwartzman";2,1926450779424;4,67807190511264;-2,48542682717024;31,8;28,7;3,1;181;170;11;0,888888888888889;0,5;0,5;0,888888888888889;-0,388888888888889;10;9;5;8;5;1;1;5;-4;0;1;0
"833400";"2021-520";"Roland Garros";"Clay";"128";"Grand Slams";191;2;"Carlos Alcaraz";"R";185;"ESP";18;6;"Nikoloz Basilashvili";"R";185;"GEO";29,2;"6-4 6-2 6-4";5;"R64";116;10;1;81;55;43;13;14;4;6;0;4;84;47;28;20;14;6;12;97;815;31;1785;6;6;6;NA;NA;4;2;4;NA;NA;2021-05-31;2021;"2021-520:191";229;1;1,40008715781287;3,04580368961313;2;"Carlos Alcaraz";6;"Nikoloz Basilashvili";1,40008715781287;3,04580368961313;-1,64571653180025;18;29,2;-11,2;185;185;0;0,666666666666667;0,5;0,666666666666667;0,5;0,166666666666667;12;6;6;4;6;2;6;2;4;0;1;0
"833403";"2021-520";"Roland Garros";"Clay";"128";"Grand Slams";194;24;"Laslo Djere";"R";188;"SRB";25,9;44;"Miomir Kecmanovic";"R";183;"SRB";21,7;"4-6 4-6 6-3 6-2 6-3";5;"R64";211;12;8;142;85;63;29;23;6;11;1;2;167;97;57;36;23;12;20;55;1168;48;1384;4;4;6;6;6;6;6;3;2;3;2021-05-31;2021;"2021-520:194";230;1;2,21864028647534;2,41503749927884;24;"Laslo Djere";44;"Miomir Kecmanovic";2,21864028647534;2,41503749927884;-0,196397212803504;25,9;21,7;4,2;188;183;5;0,545454545454545;0,6;0,545454545454545;0,6;-0,0545454545454546;20;11;12;6;8;5;8;5;3;0;1;0
"833407";"2021-520";"Roland Garros";"Clay";"128";"Grand Slams";198;20;"Alejandro Davidovich Fokina";"R";183;"ESP";21,9;85;"Botic Van De Zandschulp";"R";188;"NED";25,6;"6-4 6-4 5-7 2-6 6-4";5;"R64";222;3;5;154;100;67;28;25;11;17;5;9;164;102;67;31;25;13;19;46;1408;154;478;6;6;5;2;6;4;4;7;6;4;2021-05-31;2021;"2021-520:198";231;1;2,47643804394299;0,733213459305099;20;"Alejandro Davidovich Fokina";85;"Botic Van De Zandschulp";2,47643804394299;0,733213459305099;1,74322458463789;21,9;25,6;-3,7;183;188;-5;0,647058823529412;0,68421052631579;0,647058823529412;0,68421052631579;-0,0371517027863777;19;17;13;11;6;6;6;6;0;0;1;0
"833408";"2021-520";"Roland Garros";"Clay";"128";"Grand Slams";199;29;"Fabio Fognini";"R";178;"ITA";34;31;"Marton Fucsovics";"R";188;"HUN";29,3;"7-6(6) 6-1 6-2";5;"R64";136;2;3;90;56;38;21;14;4;6;4;2;87;54;34;14;13;5;11;29;1933;44;1456;7;6;6;NA;NA;6;1;2;NA;NA;2021-05-31;2021;"2021-520:199";232;1;3,14201900487243;2,5405683813627;29;"Fabio Fognini";31;"Marton Fucsovics";3,14201900487243;2,5405683813627;0,601450623509725;34;29,3;4,7;178;188;-10;0,666666666666667;0,454545454545455;0,666666666666667;0,454545454545455;0,212121212121212;11;6;5;4;6;2;6;2;4;0;1;0
"833409";"2021-520";"Roland Garros";"Clay";"128";"Grand Slams";200;22;"Federico Delbonis";"L";190;"ARG";30,6;4;"Pablo Andujar";"R";180;"ESP";35,3;"4-6 6-1 3-6 6-3 6-2";5;"R64";203;14;5;137;100;70;14;22;4;10;2;8;128;83;53;15;21;8;17;51;1225;68;1020;4;6;3;6;6;6;1;6;3;2;2021-05-31;2021;"2021-520:200";233;0;2,3275746580285;1,91253715874966;4;"Pablo Andujar";22;"Federico Delbonis";1,91253715874966;2,3275746580285;-0,415037499278844;35,3;30,6;4,7;180;190;-10;0,4;0,470588235294118;0,470588235294118;0,4;0,0705882352941176;17;10;8;4;9;6;6;9;-3;0;1;0
"833410";"2021-520";"Roland Garros";"Clay";"128";"Grand Slams";201;84;"Stefanos Tsitsipas";"R";193;"GRE";22,8;53;"Pedro Martinez";"R";185;"ESP";24;"6-3 6-4 6-3";5;"R64";147;8;3;87;61;39;14;14;11;15;0;7;115;68;38;18;14;10;18;5;7500;103;793;6;6;6;NA;NA;3;4;3;NA;NA;2021-05-31;2021;"2021-520:201";234;0;5,67807190511264;1,31349947281678;53;"Pedro Martinez";84;"Stefanos Tsitsipas";1,31349947281678;5,67807190511264;-4,36457243229586;24;22,8;1,2;185;193;-8;0,733333333333333;0,555555555555556;0,555555555555556;0,733333333333333;-0,177777777777778;18;15;10;11;8;4;4;8;-4;0;1;0
"833411";"2021-520";"Roland Garros";"Clay";"128";"Grand Slams";202;41;"John Isner";"R";206;"USA";36;48;"Filip Krajinovic";"R";185;"SRB";29,2;"7-6(6) 6-1 7-6(5)";5;"R64";132;23;4;92;58;53;20;16;3;3;8;4;109;73;50;23;15;9;12;34;1730;41;1524;7;6;7;NA;NA;6;1;6;NA;NA;2021-05-31;2021;"2021-520:202";235;1;2,91253715874966;2,64244799538192;41;"John Isner";48;"Filip Krajinovic";2,91253715874966;2,64244799538192;0,270089163367745;36;29,2;6,8;206;185;21;1;0,75;1;0,75;0,25;12;3;9;3;3;0;3;0;3;0;1;0
"833412";"2021-520";"Roland Garros";"Clay";"128";"Grand Slams";203;42;"Steve Johnson";"R";188;"USA";31,4;58;"Thiago Monteiro";"L";183;"BRA";27;"6-3 6-7(2) 7-6(2) 3-6 6-3";5;"R64";229;19;4;175;102;74;33;26;8;14;20;7;155;105;76;22;25;8;15;88;878;80;936;6;6;7;3;6;3;7;6;6;3;2021-05-31;2021;"2021-520:203";236;1;1,5405683813627;1,67807190511264;42;"Steve Johnson";58;"Thiago Monteiro";1,5405683813627;1,67807190511264;-0,137503523749935;31,4;27;4,4;188;183;5;0,571428571428571;0,533333333333333;0,571428571428571;0,533333333333333;0,0380952380952381;15;14;8;8;7;6;7;6;1;0;1;0
"833415";"2021-520";"Roland Garros";"Clay";"128";"Grand Slams";206;32;"Cristian Garin";"R";185;"CHI";25;54;"Mackenzie Mcdonald";"R";178;"USA";26,1;"4-6 4-6 7-6(7) 6-3 8-6";5;"R64";254;11;4;186;124;89;30;28;14;18;11;2;168;118;81;29;27;4;9;23;2350;119;675;4;4;7;6;8;6;6;6;3;6;2021-05-31;2021;"2021-520:206";237;1;3,47643804394299;1,10518223669206;32;"Cristian Garin";54;"Mackenzie Mcdonald";3,47643804394299;1,10518223669206;2,37125580725093;25;26,1;-1,1;185;178;7;0,777777777777778;0,444444444444444;0,777777777777778;0,444444444444444;0,333333333333333;9;18;4;14;5;4;5;4;1;0;1;0
"833416";"2021-520";"Roland Garros";"Clay";"128";"Grand Slams";207;66;"Reilly Opelka";"R";211;"USA";23,7;60;"Jaume Munar";"R";183;"ESP";24;"6-3 6-2 3-6 7-5";5;"R64";159;18;2;128;85;64;20;19;7;9;1;8;98;56;43;23;19;2;7;35;1726;72;974;6;6;3;7;NA;3;2;6;5;NA;2021-05-31;2021;"2021-520:207";238;0;2,87071698305503;1,83007499855769;60;"Jaume Munar";66;"Reilly Opelka";1,83007499855769;2,87071698305503;-1,04064198449735;24;23,7;0,300000000000001;183;211;-28;0,777777777777778;0,285714285714286;0,285714285714286;0,777777777777778;-0,492063492063492;7;9;2;7;5;2;2;5;-3;0;1;0
"833417";"2021-520";"Roland Garros";"Clay";"128";"Grand Slams";208;55;"Daniil Medvedev";"R";198;"RUS";25,3;68;"Tommy Paul";"R";185;"USA";24;"3-6 6-1 6-4 6-3";5;"R64";138;4;2;89;50;40;18;18;2;6;4;2;117;76;44;15;17;7;15;2;9793;52;1225;3;6;6;6;NA;6;1;4;3;NA;2021-05-31;2021;"2021-520:208";239;1;7;2,29956028185891;55;"Daniil Medvedev";68;"Tommy Paul";7;2,29956028185891;4,70043971814109;25,3;24;1,3;198;185;13;0,333333333333333;0,466666666666667;0,333333333333333;0,466666666666667;-0,133333333333333;15;6;7;2;8;4;8;4;4;0;1;0
"833418";"2021-520";"Roland Garros";"Clay";"128";"Grand Slams";209;25;"Novak Djokovic";"R";188;"SRB";34;9;"Ricardas Berankis";"R";175;"LTU";30,9;"6-1 6-4 6-1";5;"R32";92;5;3;67;42;37;13;12;0;0;1;3;75;53;31;7;12;3;9;1;11313;93;839;6;6;6;NA;NA;1;4;1;NA;NA;2021-05-31;2021;"2021-520:209";240;0;8;1,46084118889197;9;"Ricardas Berankis";25;"Novak Djokovic";1,46084118889197;8;-6,53915881110803;30,9;34;-3,1;175;188;-13;1,5;0,333333333333333;0,333333333333333;1,5;-1,16666666666667;9;0;3;0;6;0;0;6;-6;0;1;0
"833420";"2021-520";"Roland Garros";"Clay";"128";"Grand Slams";211;10;"Matteo Berrettini";"R";196;"ITA";25,1;49;"Soon Woo Kwon";"R";180;"KOR";23,4;"7-6(6) 6-3 6-4";5;"R32";131;23;2;89;62;52;16;16;0;0;1;3;105;61;44;21;15;8;10;9;3958;91;854;7;6;6;NA;NA;6;3;4;NA;NA;2021-05-31;2021;"2021-520:211";241;1;4,83007499855769;1,4922053598013;10;"Matteo Berrettini";49;"Soon Woo Kwon";4,83007499855769;1,4922053598013;3,33786963875638;25,1;23,4;1,7;196;180;16;1,5;0,8;1,5;0,8;0,7;10;0;8;0;2;0;2;0;2;0;1;0
"833421";"2021-520";"Roland Garros";"Clay";"128";"Grand Slams";212;28;"Roger Federer";"R";185;"SUI";39,8;46;"Dominik Koepfer";"L";180;"GER";27;"7-6(5) 6-7(3) 7-6(4) 7-5";5;"R32";215;6;1;158;101;69;33;24;2;6;11;4;161;95;62;41;24;9;14;8;5605;59;1134;7;6;7;7;NA;6;7;6;5;NA;2021-05-31;2021;"2021-520:212";242;1;5;2,11735695063816;28;"Roger Federer";46;"Dominik Koepfer";5;2,11735695063816;2,88264304936184;39,8;27;12,8;185;180;5;0,333333333333333;0,642857142857143;0,333333333333333;0,642857142857143;-0,30952380952381;14;6;9;2;5;4;5;4;1;0;1;0
"833422";"2021-520";"Roland Garros";"Clay";"128";"Grand Slams";213;61;"Rafael Nadal";"L";185;"ESP";34,9;64;"Cameron Norrie";"L";188;"GBR";25,7;"6-3 6-3 6-3";5;"R32";127;3;2;76;47;37;16;14;1;3;2;1;81;48;27;15;13;6;12;3;9630;45;1430;6;6;6;NA;NA;3;3;3;NA;NA;2021-05-31;2021;"2021-520:213";243;1;6,41503749927884;2,50814690367033;61;"Rafael Nadal";64;"Cameron Norrie";6,41503749927884;2,50814690367033;3,90689059560852;34,9;25,7;9,2;185;188;-3;0,333333333333333;0,5;0,333333333333333;0,5;-0,166666666666667;12;3;6;1;6;2;6;2;4;0;1;0
"833423";"2021-520";"Roland Garros";"Clay";"128";"Grand Slams";214;78;"Jannik Sinner";"R";188;"ITA";19,7;88;"Mikael Ymer";"R";183;"SWE";22,7;"6-1 7-5 6-3";5;"R32";142;5;3;92;52;42;21;14;10;11;0;3;106;71;42;14;14;10;16;19;2500;105;776;6;7;6;NA;NA;1;5;3;NA;NA;2021-05-31;2021;"2021-520:214";244;1;3,75207248655641;1,28575448233388;78;"Jannik Sinner";88;"Mikael Ymer";3,75207248655641;1,28575448233388;2,46631800422254;19,7;22,7;-3;188;183;5;0,909090909090909;0,625;0,909090909090909;0,625;0,284090909090909;16;11;10;10;6;1;6;1;5;0;1;0
"833425";"2021-520";"Roland Garros";"Clay";"128";"Grand Slams";216;80;"Jan Lennard Struff";"R";193;"GER";31;2;"Carlos Alcaraz";"R";185;"ESP";18;"6-4 7-6(3) 6-2";5;"R32";136;10;3;94;42;35;27;15;5;8;3;1;100;59;31;24;15;5;11;42;1500;97;815;6;7;6;NA;NA;4;6;2;NA;NA;2021-05-31;2021;"2021-520:216";245;0;2,60768257722124;1,40008715781287;2;"Carlos Alcaraz";80;"Jan Lennard Struff";1,40008715781287;2,60768257722124;-1,20759541940837;18;31;-13;185;193;-8;0,625;0,454545454545455;0,454545454545455;0,625;-0,170454545454545;11;8;5;5;6;3;3;6;-3;0;1;0
"833426";"2021-520";"Roland Garros";"Clay";"128";"Grand Slams";217;89;"Alexander Zverev";"R";198;"GER";24,1;24;"Laslo Djere";"R";188;"SRB";25,9;"6-2 7-5 6-2";5;"R32";128;4;4;82;58;42;15;14;3;5;3;6;106;60;37;17;14;3;10;6;6990;55;1168;6;7;6;NA;NA;2;5;2;NA;NA;2021-05-31;2021;"2021-520:217";246;0;5,41503749927884;2,21864028647534;24;"Laslo Djere";89;"Alexander Zverev";2,21864028647534;5,41503749927884;-3,1963972128035;25,9;24,1;1,8;188;198;-10;0,6;0,3;0,3;0,6;-0,3;10;5;3;3;7;2;2;7;-5;0;1;0
"833428";"2021-520";"Roland Garros";"Clay";"128";"Grand Slams";219;20;"Alejandro Davidovich Fokina";"R";183;"ESP";21,9;73;"Casper Ruud";"R";183;"NOR";22,4;"7-6(3) 2-6 7-6(6) 0-6 7-5";5;"R32";275;2;4;196;133;85;24;25;12;20;6;6;165;106;67;34;25;10;14;46;1408;16;2690;7;2;7;0;7;6;6;6;6;5;2021-05-31;2021;"2021-520:219";247;1;2,47643804394299;4;20;"Alejandro Davidovich Fokina";73;"Casper Ruud";2,47643804394299;4;-1,52356195605701;21,9;22,4;-0,5;183;183;0;0,6;0,714285714285714;0,6;0,714285714285714;-0,114285714285714;14;20;10;12;4;8;4;8;-4;0;1;0
"833429";"2021-520";"Roland Garros";"Clay";"128";"Grand Slams";220;22;"Federico Delbonis";"L";190;"ARG";30,6;29;"Fabio Fognini";"R";178;"ITA";34;"6-4 6-1 6-3";5;"R32";126;3;1;76;54;42;13;13;4;5;3;3;108;76;48;9;13;8;14;51;1225;29;1933;6;6;6;NA;NA;4;1;3;NA;NA;2021-05-31;2021;"2021-520:220";248;1;2,3275746580285;3,14201900487243;22;"Federico Delbonis";29;"Fabio Fognini";2,3275746580285;3,14201900487243;-0,814444346843923;30,6;34;-3,4;190;178;12;0,8;0,571428571428571;0,8;0,571428571428571;0,228571428571429;14;5;8;4;6;1;6;1;5;0;1;0
"833430";"2021-520";"Roland Garros";"Clay";"128";"Grand Slams";221;84;"Stefanos Tsitsipas";"R";193;"GRE";22,8;41;"John Isner";"R";206;"USA";36;"5-7 6-3 7-6(3) 6-1";5;"R32";158;8;5;119;71;61;29;20;3;4;19;1;111;74;57;19;20;4;7;5;7500;34;1730;5;6;7;6;NA;7;3;6;1;NA;2021-05-31;2021;"2021-520:221";249;0;5,67807190511264;2,91253715874966;41;"John Isner";84;"Stefanos Tsitsipas";2,91253715874966;5,67807190511264;-2,76553474636298;36;22,8;13,2;206;193;13;0,75;0,571428571428571;0,571428571428571;0,75;-0,178571428571429;7;4;4;3;3;1;1;3;-2;0;1;0
"833431";"2021-520";"Roland Garros";"Clay";"128";"Grand Slams";222;14;"Pablo Carreno Busta";"R";188;"ESP";29,8;42;"Steve Johnson";"R";188;"USA";31,4;"6-4 6-4 6-2";5;"R32";122;5;2;93;66;46;16;14;5;6;8;5;91;52;36;15;14;4;9;12;3085;88;878;6;6;6;NA;NA;4;4;2;NA;NA;2021-05-31;2021;"2021-520:222";250;1;4,41503749927884;1,5405683813627;14;"Pablo Carreno Busta";42;"Steve Johnson";4,41503749927884;1,5405683813627;2,87446911791614;29,8;31,4;-1,6;188;188;0;0,833333333333333;0,444444444444444;0,833333333333333;0,444444444444444;0,388888888888889;9;6;4;5;5;1;5;1;4;0;1;0
"833432";"2021-520";"Roland Garros";"Clay";"128";"Grand Slams";223;32;"Cristian Garin";"R";185;"CHI";25;35;"Marcos Giron";"R";180;"USA";27,8;"6-1 5-7 6-2 6-2";5;"R32";151;2;1;105;69;48;19;18;5;8;6;4;114;63;37;21;17;10;19;23;2350;84;900;6;5;6;6;NA;1;7;2;2;NA;2021-05-31;2021;"2021-520:223";251;1;3,47643804394299;1,60768257722124;32;"Cristian Garin";35;"Marcos Giron";3,47643804394299;1,60768257722124;1,86875546672175;25;27,8;-2,8;185;180;5;0,625;0,526315789473684;0,625;0,526315789473684;0,0986842105263158;19;8;10;5;9;3;9;3;6;0;1;0
"833433";"2021-520";"Roland Garros";"Clay";"128";"Grand Slams";224;55;"Daniil Medvedev";"R";198;"RUS";25,3;66;"Reilly Opelka";"R";211;"USA";23,7;"6-4 6-2 6-4";5;"R32";98;10;4;73;38;34;21;14;2;3;5;2;88;60;37;11;14;11;16;2;9793;35;1726;6;6;6;NA;NA;4;2;4;NA;NA;2021-05-31;2021;"2021-520:224";252;1;7;2,87071698305503;55;"Daniil Medvedev";66;"Reilly Opelka";7;2,87071698305503;4,12928301694497;25,3;23,7;1,6;198;211;-13;0,666666666666667;0,6875;0,666666666666667;0,6875;-0,0208333333333334;16;3;11;2;5;1;5;1;4;0;1;0
"833436";"2021-520";"Roland Garros";"Clay";"128";"Grand Slams";227;61;"Rafael Nadal";"L";185;"ESP";34,9;78;"Jannik Sinner";"R";188;"ITA";19,7;"7-5 6-3 6-0";5;"R16";137;4;7;83;48;39;15;14;3;7;0;4;76;50;21;10;13;5;14;3;9630;19;2500;7;6;6;NA;NA;5;3;0;NA;NA;2021-05-31;2021;"2021-520:227";253;1;6,41503749927884;3,75207248655641;61;"Rafael Nadal";78;"Jannik Sinner";6,41503749927884;3,75207248655641;2,66296501272243;34,9;19,7;15,2;185;188;-3;0,428571428571429;0,357142857142857;0,428571428571429;0,357142857142857;0,0714285714285714;14;7;5;3;9;4;9;4;5;0;1;0
"833437";"2021-520";"Roland Garros";"Clay";"128";"Grand Slams";228;76;"Diego Schwartzman";"R";170;"ARG";28,7;80;"Jan Lennard Struff";"R";193;"GER";31;"7-6(9) 6-4 7-5";5;"R16";182;0;4;130;95;57;17;17;8;14;13;5;135;72;46;25;17;7;15;10;3465;42;1500;7;6;7;NA;NA;6;4;5;NA;NA;2021-05-31;2021;"2021-520:228";254;1;4,67807190511264;2,60768257722124;76;"Diego Schwartzman";80;"Jan Lennard Struff";4,67807190511264;2,60768257722124;2,0703893278914;28,7;31;-2,3;170;193;-23;0,571428571428571;0,466666666666667;0,571428571428571;0,466666666666667;0,104761904761905;15;14;7;8;8;6;8;6;2;0;1;0
"833439";"2021-520";"Roland Garros";"Clay";"128";"Grand Slams";230;20;"Alejandro Davidovich Fokina";"R";183;"ESP";21,9;22;"Federico Delbonis";"L";190;"ARG";30,6;"6-4 6-4 4-6 6-4";5;"R16";176;2;3;113;74;52;19;20;7;12;1;5;129;79;51;23;20;9;16;46;1408;51;1225;6;6;4;6;NA;4;4;6;4;NA;2021-05-31;2021;"2021-520:230";255;1;2,47643804394299;2,3275746580285;20;"Alejandro Davidovich Fokina";22;"Federico Delbonis";2,47643804394299;2,3275746580285;0,148863385914482;21,9;30,6;-8,7;183;190;-7;0,583333333333333;0,5625;0,583333333333333;0,5625;0,0208333333333334;16;12;9;7;7;5;7;5;2;0;1;0
"833440";"2021-520";"Roland Garros";"Clay";"128";"Grand Slams";231;84;"Stefanos Tsitsipas";"R";193;"GRE";22,8;14;"Pablo Carreno Busta";"R";188;"ESP";29,8;"6-3 6-2 7-5";5;"R16";127;6;0;95;63;47;19;15;5;6;1;1;86;63;39;10;14;7;12;5;7500;12;3085;6;6;7;NA;NA;3;2;5;NA;NA;2021-05-31;2021;"2021-520:231";256;0;5,67807190511264;4,41503749927884;14;"Pablo Carreno Busta";84;"Stefanos Tsitsipas";4,41503749927884;5,67807190511264;-1,26303440583379;29,8;22,8;7;188;193;-5;0,833333333333333;0,583333333333333;0,583333333333333;0,833333333333333;-0,25;12;6;7;5;5;1;1;5;-4;0;1;0
"833441";"2021-520";"Roland Garros";"Clay";"128";"Grand Slams";232;55;"Daniil Medvedev";"R";198;"RUS";25,3;32;"Cristian Garin";"R";185;"CHI";25;"6-2 6-1 7-5";5;"R16";124;14;6;78;44;38;18;14;1;2;0;3;92;59;33;14;13;5;11;2;9793;23;2350;6;6;7;NA;NA;2;1;5;NA;NA;2021-05-31;2021;"2021-520:232";257;0;7;3,47643804394299;32;"Cristian Garin";55;"Daniil Medvedev";3,47643804394299;7;-3,52356195605701;25;25,3;-0,300000000000001;185;198;-13;0,5;0,454545454545455;0,454545454545455;0,5;-0,0454545454545455;11;2;5;1;6;1;1;6;-5;0;1;0
"833442";"2021-520";"Roland Garros";"Clay";"128";"Grand Slams";233;25;"Novak Djokovic";"R";188;"SRB";34;10;"Matteo Berrettini";"R";196;"ITA";25,1;"6-3 6-2 6-7(5) 7-5";5;"QF";208;10;1;132;92;71;26;21;3;3;11;3;144;94;67;21;20;5;9;1;11313;9;3958;6;6;6;7;NA;3;2;7;5;NA;2021-05-31;2021;"2021-520:233";258;0;8;4,83007499855769;10;"Matteo Berrettini";25;"Novak Djokovic";4,83007499855769;8;-3,16992500144231;25,1;34;-8,9;196;188;8;1;0,555555555555556;0,555555555555556;1;-0,444444444444444;9;3;5;3;4;0;0;4;-4;0;1;0
"833443";"2021-520";"Roland Garros";"Clay";"128";"Grand Slams";234;61;"Rafael Nadal";"L";185;"ESP";34,9;76;"Diego Schwartzman";"R";170;"ARG";28,7;"6-3 4-6 6-4 6-0";5;"QF";165;6;3;91;60;44;21;18;1;4;3;3;94;59;35;16;17;7;14;3;9630;10;3465;6;4;6;6;NA;3;6;4;0;NA;2021-05-31;2021;"2021-520:234";259;1;6,41503749927884;4,67807190511264;61;"Rafael Nadal";76;"Diego Schwartzman";6,41503749927884;4,67807190511264;1,73696559416621;34,9;28,7;6,2;185;170;15;0,25;0,5;0,25;0,5;-0,25;14;4;7;1;7;3;7;3;4;0;1;0
"833444";"2021-520";"Roland Garros";"Clay";"128";"Grand Slams";235;89;"Alexander Zverev";"R";198;"GER";24,1;20;"Alejandro Davidovich Fokina";"R";183;"ESP";21,9;"6-4 6-1 6-1";5;"QF";96;3;3;62;34;26;16;12;3;6;0;3;73;44;21;9;12;6;15;6;6990;46;1408;6;6;6;NA;NA;4;1;1;NA;NA;2021-05-31;2021;"2021-520:235";260;0;5,41503749927884;2,47643804394299;20;"Alejandro Davidovich Fokina";89;"Alexander Zverev";2,47643804394299;5,41503749927884;-2,93859945533586;21,9;24,1;-2,2;183;198;-15;0,5;0,4;0,4;0,5;-0,1;15;6;6;3;9;3;3;9;-6;0;1;0
"833445";"2021-520";"Roland Garros";"Clay";"128";"Grand Slams";236;84;"Stefanos Tsitsipas";"R";193;"GRE";22,8;55;"Daniil Medvedev";"R";198;"RUS";25,3;"6-3 7-6(3) 7-5";5;"QF";139;3;1;102;66;48;27;17;6;8;5;0;107;72;43;21;16;3;7;5;7500;2;9793;6;7;7;NA;NA;3;6;5;NA;NA;2021-05-31;2021;"2021-520:236";261;0;5,67807190511264;7;55;"Daniil Medvedev";84;"Stefanos Tsitsipas";7;5,67807190511264;1,32192809488736;25,3;22,8;2,5;198;193;5;0,75;0,428571428571429;0,428571428571429;0,75;-0,321428571428571;7;8;3;6;4;2;2;4;-2;0;1;0
"833446";"2021-520";"Roland Garros";"Clay";"128";"Grand Slams";237;25;"Novak Djokovic";"R";188;"SRB";34;61;"Rafael Nadal";"L";185;"ESP";34,9;"3-6 6-3 7-6(4) 6-2";5;"SF";251;6;3;133;85;55;24;19;10;16;6;8;133;86;51;19;19;14;22;1;11313;3;9630;3;6;7;6;NA;6;3;6;2;NA;2021-05-31;2021;"2021-520:237";262;1;8;6,41503749927884;25;"Novak Djokovic";61;"Rafael Nadal";8;6,41503749927884;1,58496250072116;34;34,9;-0,899999999999999;188;185;3;0,625;0,636363636363636;0,625;0,636363636363636;-0,0113636363636364;22;16;14;10;8;6;8;6;2;0;1;0
"833447";"2021-520";"Roland Garros";"Clay";"128";"Grand Slams";238;84;"Stefanos Tsitsipas";"R";193;"GRE";22,8;89;"Alexander Zverev";"R";198;"GER";24,1;"6-3 6-3 4-6 4-6 6-3";5;"SF";217;8;3;138;94;71;23;24;3;6;11;7;142;99;74;17;23;9;14;5;7500;6;6990;6;6;4;4;6;3;3;6;6;3;2021-05-31;2021;"2021-520:238";263;1;5,67807190511264;5,41503749927884;84;"Stefanos Tsitsipas";89;"Alexander Zverev";5,67807190511264;5,41503749927884;0,263034405833794;22,8;24,1;-1,3;193;198;-5;0,5;0,642857142857143;0,5;0,642857142857143;-0,142857142857143;14;6;9;3;5;3;5;3;2;0;1;0
"833448";"2021-520";"Roland Garros";"Clay";"128";"Grand Slams";239;25;"Novak Djokovic";"R";188;"SRB";34;84;"Stefanos Tsitsipas";"R";193;"GRE";22,8;"6-7(6) 2-6 6-3 6-2 6-4";5;"F";251;5;3;134;91;71;23;24;5;8;14;4;177;109;73;34;23;11;16;1;11313;5;7500;6;2;6;6;6;7;6;3;2;4;2021-05-31;2021;"2021-520:239";264;1;8;5,67807190511264;25;"Novak Djokovic";84;"Stefanos Tsitsipas";8;5,67807190511264;2,32192809488736;34;22,8;11,2;188;193;-5;0,625;0,6875;0,625;0,6875;-0,0625;16;8;11;5;5;3;5;3;2;0;1;0
"835078";"2021-540";"Wimbledon";"Grass";"128";"Grand Slams";98;54;"Mackenzie Mcdonald";"R";178;"USA";26,2;18;"Maxime Cressy";"R";198;"USA";24,1;"3-6 4-6 6-3 6-4 6-4";5;"Q3";192;12;1;144;105;77;25;24;11;14;19;9;142;89;63;33;24;10;14;108;735;152;470;3;4;6;6;6;6;6;3;4;4;2021-06-28;2021;"2021-540:98";265;0;1,24511249783653;0,752072486556415;18;"Maxime Cressy";54;"Mackenzie Mcdonald";0,752072486556415;1,24511249783653;-0,493040011280117;24,1;26,2;-2,1;198;178;20;0,785714285714286;0,714285714285714;0,714285714285714;0,785714285714286;-0,0714285714285714;14;14;10;11;4;3;3;4;-1;1;0;0
"835100";"2021-540";"Wimbledon";"Grass";"128";"Grand Slams";120;57;"Gael Monfils";"R";193;"FRA";34,8;65;"Christopher Oconnell";"R";183;"AUS";27;"4-6 6-2 7-6(5) 4-6 6-4";5;"R128";205;14;11;168;107;82;30;26;6;9;2;3;166;107;74;30;25;9;13;17;2568;130;609;4;6;7;4;6;6;2;6;6;4;2021-06-28;2021;"2021-540:120";266;1;3,91253715874966;0,977632186971546;57;"Gael Monfils";65;"Christopher Oconnell";3,91253715874966;0,977632186971546;2,93490497177812;34,8;27;7,8;193;183;10;0,666666666666667;0,692307692307692;0,666666666666667;0,692307692307692;-0,0256410256410257;13;9;9;6;4;3;4;3;1;1;0;0
"835101";"2021-540";"Wimbledon";"Grass";"128";"Grand Slams";121;76;"Diego Schwartzman";"R";170;"ARG";28,8;67;"Benoit Paire";"R";196;"FRA";32,1;"6-3 6-4 6-0";5;"R128";91;0;0;68;43;34;17;13;1;2;7;9;93;48;29;18;12;9;15;11;3060;46;1387;6;6;6;NA;NA;3;4;0;NA;NA;2021-06-28;2021;"2021-540:121";267;0;4,5405683813627;2,47643804394299;67;"Benoit Paire";76;"Diego Schwartzman";2,47643804394299;4,5405683813627;-2,06413033741972;32,1;28,8;3,3;196;170;26;0,5;0,6;0,6;0,5;0,1;15;2;9;1;6;1;1;6;-5;1;0;0
"835104";"2021-540";"Wimbledon";"Grass";"128";"Grand Slams";124;31;"Marton Fucsovics";"R";188;"HUN";29,3;78;"Jannik Sinner";"R";188;"ITA";19,8;"5-7 6-3 7-5 6-3";5;"R128";184;6;8;139;74;56;28;21;6;12;2;5;132;75;49;24;21;10;19;48;1344;23;2320;5;6;7;6;NA;7;3;5;3;NA;2021-06-28;2021;"2021-540:124";268;1;2,41503749927884;3,47643804394299;31;"Marton Fucsovics";78;"Jannik Sinner";2,41503749927884;3,47643804394299;-1,06140054466414;29,3;19,8;9,5;188;188;0;0,5;0,526315789473684;0,5;0,526315789473684;-0,0263157894736842;19;12;10;6;9;6;9;6;3;1;0;0
"835105";"2021-540";"Wimbledon";"Grass";"128";"Grand Slams";125;29;"Fabio Fognini";"R";178;"ITA";34;71;"Albert Ramos";"L";188;"ESP";33,4;"7-6(4) 6-2 6-4";5;"R128";117;6;5;96;59;49;19;15;2;3;3;1;97;59;37;21;16;3;7;31;1868;39;1595;7;6;6;NA;NA;6;2;4;NA;NA;2021-06-28;2021;"2021-540:125";269;1;3,04580368961313;2,71459778113775;29;"Fabio Fognini";71;"Albert Ramos";3,04580368961313;2,71459778113775;0,331205908475374;34;33,4;0,600000000000001;178;188;-10;0,666666666666667;0,428571428571429;0,666666666666667;0,428571428571429;0,238095238095238;7;3;3;2;4;1;4;1;3;1;0;0
"835106";"2021-540";"Wimbledon";"Grass";"128";"Grand Slams";126;24;"Laslo Djere";"R";188;"SRB";26;19;"Pablo Cuevas";"R";180;"URU";35,4;"5-7 6-4 6-4 6-4";5;"R128";138;8;5;122;77;62;24;21;4;5;11;10;108;79;64;13;21;1;4;55;1168;84;881;5;6;6;6;NA;7;4;4;4;NA;2021-06-28;2021;"2021-540:126";270;0;2,21864028647534;1,60768257722124;19;"Pablo Cuevas";24;"Laslo Djere";1,60768257722124;2,21864028647534;-0,610957709254101;35,4;26;9,4;180;188;-8;0,8;0,25;0,25;0,8;-0,55;4;5;1;4;3;1;1;3;-2;1;0;0
"835107";"2021-540";"Wimbledon";"Grass";"128";"Grand Slams";127;38;"Lloyd Harris";"R";193;"RSA";24,3;9;"Ricardas Berankis";"R";175;"LTU";31;"6-3 6-4 7-6(6)";5;"R128";150;24;4;113;82;65;13;17;2;3;2;5;128;83;58;20;15;10;13;51;1268;80;895;6;6;7;NA;NA;3;4;6;NA;NA;2021-06-28;2021;"2021-540:127";271;0;2,3275746580285;1,67807190511264;9;"Ricardas Berankis";38;"Lloyd Harris";1,67807190511264;2,3275746580285;-0,649502752915867;31;24,3;6,7;175;193;-18;0,666666666666667;0,769230769230769;0,769230769230769;0,666666666666667;0,102564102564103;13;3;10;2;3;1;1;3;-2;1;0;0
"835108";"2021-540";"Wimbledon";"Grass";"128";"Grand Slams";128;72;"Andrey Rublev";"R";188;"RUS";23,6;22;"Federico Delbonis";"L";190;"ARG";30,7;"4-6 6-4 6-1 6-2";5;"R128";135;11;2;104;65;51;21;18;3;5;7;7;114;67;43;21;17;7;13;7;6120;47;1360;4;6;6;6;NA;6;4;1;2;NA;2021-06-28;2021;"2021-540:128";272;0;5,1926450779424;2,44541114832236;22;"Federico Delbonis";72;"Andrey Rublev";2,44541114832236;5,1926450779424;-2,74723392962003;30,7;23,6;7,1;190;188;2;0,6;0,538461538461538;0,538461538461538;0,6;-0,0615384615384615;13;5;7;3;6;2;2;6;-4;1;0;0
"835109";"2021-540";"Wimbledon";"Grass";"128";"Grand Slams";129;83;"Frances Tiafoe";"R";188;"USA";23,4;84;"Stefanos Tsitsipas";"R";193;"GRE";22,8;"6-4 6-4 6-3";5;"R128";122;7;3;103;67;46;24;14;7;7;15;1;78;54;41;10;15;4;8;57;1148;4;7980;6;6;6;NA;NA;4;4;3;NA;NA;2021-06-28;2021;"2021-540:129";273;1;2,16710998583526;6;83;"Frances Tiafoe";84;"Stefanos Tsitsipas";2,16710998583526;6;-3,83289001416474;23,4;22,8;0,599999999999998;188;193;-5;1;0,5;1;0,5;0,5;8;7;4;7;4;0;4;0;4;1;0;0
"835112";"2021-540";"Wimbledon";"Grass";"128";"Grand Slams";132;45;"Karen Khachanov";"R";198;"RUS";25,1;54;"Mackenzie Mcdonald";"R";178;"USA";26,2;"3-6 6-3 6-4 7-6(3)";5;"R128";170;15;1;134;91;64;25;21;14;17;13;6;130;79;58;25;20;4;8;29;1965;108;735;3;6;6;7;NA;6;3;4;6;NA;2021-06-28;2021;"2021-540:132";274;1;3,14201900487243;1,24511249783653;45;"Karen Khachanov";54;"Mackenzie Mcdonald";3,14201900487243;1,24511249783653;1,8969065070359;25,1;26,2;-1,1;198;178;20;0,823529411764706;0,5;0,823529411764706;0,5;0,323529411764706;8;17;4;14;4;3;4;3;1;1;0;0
"835116";"2021-540";"Wimbledon";"Grass";"128";"Grand Slams";136;47;"Sebastian Korda";"R";196;"USA";20,9;21;"Alex De Minaur";"R";183;"AUS";22,3;"6-3 6-4 6-7(5) 7-6(5)";5;"R128";205;10;4;143;89;68;32;23;7;9;3;7;164;103;68;33;22;15;19;50;1272;15;2690;6;6;6;7;NA;3;4;7;6;NA;2021-06-28;2021;"2021-540:136";275;0;2,35614381022528;4,09310940439148;21;"Alex De Minaur";47;"Sebastian Korda";4,09310940439148;2,35614381022528;1,73696559416621;22,3;20,9;1,4;183;196;-13;0,777777777777778;0,789473684210526;0,789473684210526;0,777777777777778;0,0116959064327485;19;9;15;7;4;2;2;4;-2;1;0;0
"835121";"2021-540";"Wimbledon";"Grass";"128";"Grand Slams";141;46;"Dominik Koepfer";"L";180;"GER";27,1;66;"Reilly Opelka";"R";211;"USA";23,8;"6-4 7-6(3) 6-2";5;"R128";119;7;4;99;59;49;24;16;3;3;19;1;88;55;42;14;15;0;3;62;1108;32;1806;6;7;6;NA;NA;4;6;2;NA;NA;2021-06-28;2021;"2021-540:141";276;1;2,04580368961313;3;46;"Dominik Koepfer";66;"Reilly Opelka";2,04580368961313;3;-0,954196310386875;27,1;23,8;3,3;180;211;-31;1;0;1;0;1;3;3;0;3;3;0;3;0;3;1;0;0
"835124";"2021-540";"Wimbledon";"Grass";"128";"Grand Slams";144;7;"Roberto Bautista Agut";"R";183;"ESP";33,2;56;"John Millman";"R";183;"AUS";32;"6-2 3-6 6-3 7-6(4)";5;"R128";183;3;1;112;68;47;26;20;2;5;9;1;116;73;50;19;19;2;7;10;3125;43;1521;6;3;6;7;NA;2;6;3;6;NA;2021-06-28;2021;"2021-540:144";277;1;4,67807190511264;2,5737352452979;7;"Roberto Bautista Agut";56;"John Millman";4,67807190511264;2,5737352452979;2,10433665981474;33,2;32;1,2;183;183;0;0,4;0,285714285714286;0,4;0,285714285714286;0,114285714285714;7;5;2;2;5;3;5;3;2;1;0;0
"835127";"2021-540";"Wimbledon";"Grass";"128";"Grand Slams";147;8;"Aljaz Bedene";"R";181;"SLO";31,9;59;"Corentin Moutet";"L";178;"FRA";22,1;"6-4 6-4 6-0";5;"R128";102;5;0;70;44;37;15;13;4;5;1;1;72;49;28;10;13;3;9;64;1089;83;883;6;6;6;NA;NA;4;4;0;NA;NA;2021-06-28;2021;"2021-540:147";278;1;2;1,62496056865308;8;"Aljaz Bedene";59;"Corentin Moutet";2;1,62496056865308;0,375039431346925;31,9;22,1;9,8;181;178;3;0,8;0,333333333333333;0,8;0,333333333333333;0,466666666666667;9;5;3;4;6;1;6;1;5;1;0;0
"835128";"2021-540";"Wimbledon";"Grass";"128";"Grand Slams";148;63;"Yoshihito Nishioka";"L";170;"JPN";25,7;41;"John Isner";"R";206;"USA";36,1;"7-6(5) 2-6 6-3 6-7(3) 6-4";5;"R128";198;3;4;158;113;81;30;27;4;6;36;2;148;92;75;33;26;2;4;58;1142;33;1775;7;2;6;6;6;6;6;3;7;4;2021-06-28;2021;"2021-540:148";279;0;2,14201900487243;2,95560588064155;41;"John Isner";63;"Yoshihito Nishioka";2,95560588064155;2,14201900487243;0,813586875769118;36,1;25,7;10,4;206;170;36;0,666666666666667;0,5;0,5;0,666666666666667;-0,166666666666667;4;6;2;4;2;2;2;2;0;1;0;0
"835132";"2021-540";"Wimbledon";"Grass";"128";"Grand Slams";152;82;"Jordan Thompson";"R";183;"AUS";27,1;73;"Casper Ruud";"R";183;"NOR";22,5;"7-6(6) 7-6(3) 2-6 2-6 6-2";5;"R128";243;8;2;157;82;63;42;25;13;18;10;5;155;98;71;32;25;4;7;78;902;14;2690;7;7;2;2;6;6;6;6;6;2;2021-06-28;2021;"2021-540:152";280;0;1,71459778113775;4,1926450779424;73;"Casper Ruud";82;"Jordan Thompson";4,1926450779424;1,71459778113775;2,47804729680464;22,5;27,1;-4,6;183;183;0;0,722222222222222;0,571428571428571;0,571428571428571;0,722222222222222;-0,150793650793651;7;18;4;13;3;5;5;3;2;1;0;0
"835133";"2021-540";"Wimbledon";"Grass";"128";"Grand Slams";153;5;"Felix Auger Aliassime";"R";193;"CAN";20,8;58;"Thiago Monteiro";"L";183;"BRA";27;"6-3 6-3 6-3";5;"R128";127;8;0;69;46;40;16;14;0;0;6;2;106;68;39;19;13;9;13;19;2468;81;891;6;6;6;NA;NA;3;3;3;NA;NA;2021-06-28;2021;"2021-540:153";281;1;3,75207248655641;1,66014999711538;5;"Felix Auger Aliassime";58;"Thiago Monteiro";3,75207248655641;1,66014999711538;2,09192248944104;20,8;27;-6,2;193;183;10;1,5;0,692307692307692;1,5;0,692307692307692;0,807692307692308;13;0;9;0;4;0;4;0;4;1;0;0
"835136";"2021-540";"Wimbledon";"Grass";"128";"Grand Slams";156;50;"Nick Kyrgios";"R";193;"AUS";26,1;39;"Ugo Humbert";"L";188;"FRA";23;"6-4 4-6 3-6 6-1 9-7";5;"R128";206;23;6;150;104;76;29;26;10;13;13;9;159;102;77;25;26;8;13;60;1113;25;2270;6;4;3;6;9;4;6;6;1;7;2021-06-28;2021;"2021-540:156";282;0;2,09310940439148;3,35614381022528;39;"Ugo Humbert";50;"Nick Kyrgios";3,35614381022528;2,09310940439148;1,26303440583379;23;26,1;-3,1;188;193;-5;0,769230769230769;0,615384615384615;0,615384615384615;0,769230769230769;-0,153846153846154;13;13;8;10;5;3;3;5;-2;1;0;0
"835137";"2021-540";"Wimbledon";"Grass";"128";"Grand Slams";157;30;"Taylor Fritz";"R";193;"USA";23,6;62;"Brandon Nakashima";"R";185;"USA";19,9;"7-5 3-6 6-4 7-5";5;"R128";155;16;6;116;66;54;26;21;4;7;7;3;125;81;59;22;22;5;10;40;1590;138;549;7;3;6;7;NA;5;6;4;5;NA;2021-06-28;2021;"2021-540:157";283;1;2,67807190511264;0,891475543221831;30;"Taylor Fritz";62;"Brandon Nakashima";2,67807190511264;0,891475543221831;1,78659636189081;23,6;19,9;3,7;193;185;8;0,571428571428571;0,5;0,571428571428571;0,5;0,0714285714285714;10;7;5;4;5;3;5;3;2;1;0;0
"835139";"2021-540";"Wimbledon";"Grass";"128";"Grand Slams";159;75;"Tennys Sandgren";"R";188;"USA";29,9;37;"Norbert Gombos";"R";193;"SVK";30,8;"6-4 6-7(5) 6-1 6-3";5;"R128";152;10;2;105;59;49;33;14;0;0;10;5;126;72;53;27;13;8;13;68;1019;94;822;6;6;6;6;NA;4;7;1;3;NA;2021-06-28;2021;"2021-540:159";284;0;1,91253715874966;1,44541114832236;37;"Norbert Gombos";75;"Tennys Sandgren";1,44541114832236;1,91253715874966;-0,467126010427299;30,8;29,9;0,900000000000002;193;188;5;1,5;0,615384615384615;0,615384615384615;1,5;-0,884615384615385;13;0;8;0;5;0;0;5;-5;1;0;0
"835147";"2021-540";"Wimbledon";"Grass";"128";"Grand Slams";167;26;"James Duckworth";"R";183;"AUS";29,4;1;"Radu Albot";"R";175;"MDA";31,6;"6-4 6-4 6-1";5;"R128";126;7;2;100;64;43;20;14;10;12;4;5;100;57;34;15;13;7;13;91;853;93;826;6;6;6;NA;NA;4;4;1;NA;NA;2021-06-28;2021;"2021-540:167";285;0;1,4922053598013;1,46084118889197;1;"Radu Albot";26;"James Duckworth";1,46084118889197;1,4922053598013;-0,0313641709093346;31,6;29,4;2,2;175;183;-8;0,833333333333333;0,538461538461538;0,538461538461538;0,833333333333333;-0,294871794871795;13;12;7;10;6;2;2;6;-4;1;0;0
"835148";"2021-540";"Wimbledon";"Grass";"128";"Grand Slams";168;70;"Sam Querrey";"R";198;"USA";33,7;14;"Pablo Carreno Busta";"R";188;"ESP";29,9;"7-6(6) 6-4 7-5";5;"R128";115;22;9;98;62;56;17;17;2;3;4;1;100;65;49;18;18;2;5;54;1183;13;2905;7;6;7;NA;NA;6;4;5;NA;NA;2021-06-28;2021;"2021-540:168";286;0;2,24511249783653;4,29956028185891;14;"Pablo Carreno Busta";70;"Sam Querrey";4,29956028185891;2,24511249783653;2,05444778402238;29,9;33,7;-3,8;188;198;-10;0,666666666666667;0,4;0,4;0,666666666666667;-0,266666666666667;5;3;2;2;3;1;1;3;-2;1;0;0
"835150";"2021-540";"Wimbledon";"Grass";"128";"Grand Slams";170;35;"Marcos Giron";"R";180;"USA";27,9;74;"Emil Ruusuvuori";"R";188;"FIN";22,2;"6-4 2-6 6-2 0-6 6-4";5;"R128";165;8;5;141;91;63;22;21;7;12;7;3;129;87;61;22;21;5;9;66;1037;76;919;6;2;6;0;6;4;6;2;6;4;2021-06-28;2021;"2021-540:170";287;1;1,95560588064155;1,75207248655641;35;"Marcos Giron";74;"Emil Ruusuvuori";1,95560588064155;1,75207248655641;0,203533394085132;27,9;22,2;5,7;180;188;-8;0,583333333333333;0,555555555555556;0,583333333333333;0,555555555555556;0,0277777777777778;9;12;5;7;4;5;4;5;-1;1;0;0
"835156";"2021-540";"Wimbledon";"Grass";"128";"Grand Slams";176;55;"Daniil Medvedev";"R";198;"RUS";25,3;80;"Jan Lennard Struff";"R";193;"GER";31,1;"6-4 6-1 4-6 7-6(3)";5;"R128";151;16;2;116;63;52;32;19;4;5;9;4;141;87;65;21;21;5;9;2;10280;45;1455;6;6;4;7;NA;4;1;6;6;NA;2021-06-28;2021;"2021-540:176";288;1;7;2,50814690367033;55;"Daniil Medvedev";80;"Jan Lennard Struff";7;2,50814690367033;4,49185309632967;25,3;31,1;-5,8;198;193;5;0,8;0,555555555555556;0,8;0,555555555555556;0,244444444444444;9;5;5;4;4;1;4;1;3;1;0;0
"835157";"2021-540";"Wimbledon";"Grass";"128";"Grand Slams";177;25;"Novak Djokovic";"R";188;"SRB";34,1;3;"Kevin Anderson";"R";203;"RSA";35,1;"6-3 6-3 6-3";5;"R64";101;9;1;72;46;39;18;14;0;0;11;4;77;45;30;13;13;4;8;1;12113;102;753;6;6;6;NA;NA;3;3;3;NA;NA;2021-06-28;2021;"2021-540:177";289;0;8;1,3275746580285;3;"Kevin Anderson";25;"Novak Djokovic";1,3275746580285;8;-6,6724253419715;35,1;34,1;1;203;188;15;1,5;0,5;0,5;1,5;-1;8;0;4;0;4;0;0;4;-4;1;0;0
"835160";"2021-540";"Wimbledon";"Grass";"128";"Grand Slams";180;53;"Pedro Martinez";"R";185;"ESP";24,1;57;"Gael Monfils";"R";193;"FRA";34,8;"6-3 6-4 4-6 7-6(5)";5;"R64";189;6;7;128;84;59;29;21;9;12;21;8;137;82;62;24;21;7;11;107;736;17;2568;6;6;4;7;NA;3;4;6;6;NA;2021-06-28;2021;"2021-540:180";290;1;1,25853301359885;3,91253715874966;53;"Pedro Martinez";57;"Gael Monfils";1,25853301359885;3,91253715874966;-2,65400414515081;24,1;34,8;-10,7;185;193;-8;0,75;0,636363636363636;0,75;0,636363636363636;0,113636363636364;11;12;7;9;4;3;4;3;1;1;0;0
"835163";"2021-540";"Wimbledon";"Grass";"128";"Grand Slams";183;29;"Fabio Fognini";"R";178;"ITA";34;24;"Laslo Djere";"R";188;"SRB";26;"6-3 6-4 0-6 6-4";5;"R64";135;2;5;111;68;48;23;18;3;8;11;3;104;60;42;19;17;10;15;31;1868;55;1168;6;6;0;6;NA;3;4;6;4;NA;2021-06-28;2021;"2021-540:183";291;0;3,04580368961313;2,21864028647534;24;"Laslo Djere";29;"Fabio Fognini";2,21864028647534;3,04580368961313;-0,827163403137785;26;34;-8;188;178;10;0,375;0,666666666666667;0,666666666666667;0,375;0,291666666666667;15;8;10;3;5;5;5;5;0;1;0;0
"835164";"2021-540";"Wimbledon";"Grass";"128";"Grand Slams";184;72;"Andrey Rublev";"R";188;"RUS";23,6;38;"Lloyd Harris";"R";193;"RSA";24,3;"6-1 6-2 7-5";5;"R64";82;6;2;73;47;39;16;14;0;1;16;2;72;49;31;9;13;2;8;7;6120;51;1268;6;6;7;NA;NA;1;2;5;NA;NA;2021-06-28;2021;"2021-540:184";292;0;5,1926450779424;2,3275746580285;38;"Lloyd Harris";72;"Andrey Rublev";2,3275746580285;5,1926450779424;-2,86507041991389;24,3;23,6;0,699999999999999;193;188;5;0;0,25;0,25;0;0,25;8;1;2;0;6;1;1;6;-5;1;0;0
"835167";"2021-540";"Wimbledon";"Grass";"128";"Grand Slams";187;27;"Daniel Evans";"R";175;"GBR";31;51;"Dusan Lajovic";"R";180;"SRB";30,9;"6-3 6-3 6-4";5;"R64";116;0;1;82;46;33;23;14;5;7;4;2;87;57;34;14;14;3;9;26;2151;42;1540;6;6;6;NA;NA;3;3;4;NA;NA;2021-06-28;2021;"2021-540:187";293;1;3,29956028185891;2,60768257722124;27;"Daniel Evans";51;"Dusan Lajovic";3,29956028185891;2,60768257722124;0,691877704637669;31;30,9;0,100000000000001;175;180;-5;0,714285714285714;0,333333333333333;0,714285714285714;0,333333333333333;0,380952380952381;9;7;3;5;6;2;6;2;4;1;0;0
"835171";"2021-540";"Wimbledon";"Grass";"128";"Grand Slams";191;46;"Dominik Koepfer";"L";180;"GER";27,1;49;"Soon Woo Kwon";"R";180;"KOR";23,5;"6-3 6-7(8) 7-6(2) 5-7 6-3";5;"R64";235;16;9;192;121;82;37;27;13;20;9;3;179;112;72;35;29;8;17;62;1108;71;986;6;6;7;5;6;3;7;6;7;3;2021-06-28;2021;"2021-540:191";294;1;2,04580368961313;1,85025288049532;46;"Dominik Koepfer";49;"Soon Woo Kwon";2,04580368961313;1,85025288049532;0,195550809117807;27,1;23,5;3,6;180;180;0;0,65;0,470588235294118;0,65;0,470588235294118;0,179411764705882;17;20;8;13;9;7;9;7;2;1;0;0
"835172";"2021-540";"Wimbledon";"Grass";"128";"Grand Slams";192;7;"Roberto Bautista Agut";"R";183;"ESP";33,2;44;"Miomir Kecmanovic";"R";183;"SRB";21,8;"6-3 6-3 6-7(3) 3-6 6-3";5;"R64";213;9;5;159;102;70;32;24;7;11;10;6;159;95;68;30;25;6;13;10;3125;49;1309;6;6;6;3;6;3;3;7;6;3;2021-06-28;2021;"2021-540:192";295;1;4,67807190511264;2,38529015588479;7;"Roberto Bautista Agut";44;"Miomir Kecmanovic";4,67807190511264;2,38529015588479;2,29278174922785;33,2;21,8;11,4;183;183;0;0,636363636363636;0,461538461538462;0,636363636363636;0,461538461538462;0,174825174825175;13;11;6;7;7;4;7;4;3;1;0;0
"835173";"2021-540";"Wimbledon";"Grass";"128";"Grand Slams";193;10;"Matteo Berrettini";"R";196;"ITA";25,2;85;"Botic Van De Zandschulp";"R";188;"NED";25,7;"6-3 6-4 7-6(4)";5;"R64";135;20;2;104;53;44;32;17;9;9;7;4;99;53;40;26;15;5;7;9;4468;139;540;6;6;7;NA;NA;3;4;6;NA;NA;2021-06-28;2021;"2021-540:193";296;1;4,83007499855769;0,881058927276492;10;"Matteo Berrettini";85;"Botic Van De Zandschulp";4,83007499855769;0,881058927276492;3,9490160712812;25,2;25,7;-0,5;196;188;8;1;0,714285714285714;1;0,714285714285714;0,285714285714286;7;9;5;9;2;0;2;0;2;1;0;0
"835174";"2021-540";"Wimbledon";"Grass";"128";"Grand Slams";194;8;"Aljaz Bedene";"R";181;"SLO";31,9;63;"Yoshihito Nishioka";"L";170;"JPN";25,7;"6-1 6-0 6-2";5;"R64";84;8;1;66;36;33;14;11;0;0;1;0;65;46;22;7;10;2;9;64;1089;58;1142;6;6;6;NA;NA;1;0;2;NA;NA;2021-06-28;2021;"2021-540:194";297;1;2;2,14201900487243;8;"Aljaz Bedene";63;"Yoshihito Nishioka";2;2,14201900487243;-0,142019004872428;31,9;25,7;6,2;181;170;11;1,5;0,222222222222222;1,5;0,222222222222222;1,27777777777778;9;0;2;0;7;0;7;0;7;1;0;0
"835177";"2021-540";"Wimbledon";"Grass";"128";"Grand Slams";197;5;"Felix Auger Aliassime";"R";193;"CAN";20,8;88;"Mikael Ymer";"R";183;"SWE";22,8;"6-4 4-6 7-6(4) 6-1";5;"R64";159;19;1;106;76;61;19;21;3;5;0;3;112;85;56;15;19;1;5;19;2468;98;796;6;4;7;6;NA;4;6;6;1;NA;2021-06-28;2021;"2021-540:197";298;1;3,75207248655641;1,38529015588479;5;"Felix Auger Aliassime";88;"Mikael Ymer";3,75207248655641;1,38529015588479;2,36678233067162;20,8;22,8;-2;193;183;10;0,6;0,2;0,6;0,2;0,4;5;5;1;3;4;2;4;2;2;1;0;0
"835179";"2021-540";"Wimbledon";"Grass";"128";"Grand Slams";199;30;"Taylor Fritz";"R";193;"USA";23,6;42;"Steve Johnson";"R";188;"USA";31,5;"6-4 7-6(4) 4-6 6-7(4) 6-4";5;"R64";227;24;7;195;111;80;48;28;14;18;16;8;181;108;75;41;28;14;19;40;1590;74;929;6;7;4;6;6;4;6;6;7;4;2021-06-28;2021;"2021-540:199";299;1;2,67807190511264;1,79054663437105;30;"Taylor Fritz";42;"Steve Johnson";2,67807190511264;1,79054663437105;0,887525270741587;23,6;31,5;-7,9;193;188;5;0,777777777777778;0,736842105263158;0,777777777777778;0,736842105263158;0,0409356725146199;19;18;14;14;5;4;5;4;1;1;0;0
"835180";"2021-540";"Wimbledon";"Grass";"128";"Grand Slams";200;89;"Alexander Zverev";"R";198;"GER";24,1;75;"Tennys Sandgren";"R";188;"USA";29,9;"7-5 6-2 6-3";5;"R64";105;13;2;69;50;42;15;14;1;1;8;6;91;53;37;15;15;5;10;6;7305;68;1019;7;6;6;NA;NA;5;2;3;NA;NA;2021-06-28;2021;"2021-540:200";300;0;5,41503749927884;1,91253715874966;75;"Tennys Sandgren";89;"Alexander Zverev";1,91253715874966;5,41503749927884;-3,50250034052918;29,9;24,1;5,8;188;198;-10;1;0,5;0,5;1;-0,5;10;1;5;1;5;0;0;5;-5;1;0;0
"835181";"2021-540";"Wimbledon";"Grass";"128";"Grand Slams";201;28;"Roger Federer";"R";185;"SUI";39,8;33;"Richard Gasquet";"R";185;"FRA";35;"7-6(1) 6-1 6-4";5;"R64";111;10;0;95;62;52;19;15;5;5;3;2;96;55;36;21;15;3;6;8;4815;56;1148;7;6;6;NA;NA;6;1;4;NA;NA;2021-06-28;2021;"2021-540:201";301;1;5;2,1926450779424;28;"Roger Federer";33;"Richard Gasquet";5;2,1926450779424;2,8073549220576;39,8;35;4,8;185;185;0;1;0,5;1;0,5;0,5;6;5;3;5;3;0;3;0;3;1;0;0
"835184";"2021-540";"Wimbledon";"Grass";"128";"Grand Slams";204;26;"James Duckworth";"R";183;"AUS";29,4;70;"Sam Querrey";"R";198;"USA";33,7;"7-5 6-7(4) 6-3 6-2";5;"R64";140;14;3;119;74;61;29;22;7;8;17;8;121;72;56;22;20;7;12;91;853;54;1183;7;6;6;6;NA;5;7;3;2;NA;2021-06-28;2021;"2021-540:204";302;1;1,4922053598013;2,24511249783653;26;"James Duckworth";70;"Sam Querrey";1,4922053598013;2,24511249783653;-0,752907138035228;29,4;33,7;-4,3;183;198;-15;0,875;0,583333333333333;0,875;0,583333333333333;0,291666666666667;12;8;7;7;5;1;5;1;4;1;0;0
"835185";"2021-540";"Wimbledon";"Grass";"128";"Grand Slams";205;40;"Hubert Hurkacz";"R";196;"POL";24,3;35;"Marcos Giron";"R";180;"USA";27,9;"6-3 6-2 6-4";5;"R64";104;12;1;74;43;36;21;14;0;0;5;1;102;64;44;15;13;9;13;18;2533;66;1037;6;6;6;NA;NA;3;2;4;NA;NA;2021-06-28;2021;"2021-540:205";303;0;3,83007499855769;1,95560588064155;35;"Marcos Giron";40;"Hubert Hurkacz";1,95560588064155;3,83007499855769;-1,87446911791614;27,9;24,3;3,6;180;196;-16;1,5;0,692307692307692;0,692307692307692;1,5;-0,807692307692308;13;0;9;0;4;0;0;4;-4;1;0;0
"835186";"2021-540";"Wimbledon";"Grass";"128";"Grand Slams";206;12;"Alexander Bublik";"R";196;"KAZ";24;23;"Grigor Dimitrov";"R";188;"BUL";30,1;"6-4 7-6(6) 7-6(4)";5;"R64";146;34;10;125;66;56;32;18;5;5;4;6;115;75;56;23;18;5;6;38;1641;21;2431;6;7;7;NA;NA;4;6;6;NA;NA;2021-06-28;2021;"2021-540:206";304;1;2,75207248655641;3,60768257722124;12;"Alexander Bublik";23;"Grigor Dimitrov";2,75207248655641;3,60768257722124;-0,855610090664825;24;30,1;-6,1;196;188;8;1;0,833333333333333;1;0,833333333333333;0,166666666666667;6;5;5;5;1;0;1;0;1;1;0;0
"835187";"2021-540";"Wimbledon";"Grass";"128";"Grand Slams";207;16;"Marin Cilic";"R";198;"CRO";32,7;11;"Benjamin Bonzi";"R";185;"FRA";25;"6-4 3-6 6-3 7-6(5)";5;"R64";184;16;6;131;75;57;30;20;5;7;19;1;149;96;68;26;21;14;17;37;1660;119;683;6;3;6;7;NA;4;6;3;6;NA;2021-06-28;2021;"2021-540:207";305;0;2,79054663437105;1,10518223669206;11;"Benjamin Bonzi";16;"Marin Cilic";1,10518223669206;2,79054663437105;-1,68536439767899;25;32,7;-7,7;185;198;-13;0,714285714285714;0,823529411764706;0,823529411764706;0,714285714285714;0,109243697478992;17;7;14;5;3;2;2;3;-1;1;0;0
"835188";"2021-540";"Wimbledon";"Grass";"128";"Grand Slams";208;55;"Daniil Medvedev";"R";198;"RUS";25,3;2;"Carlos Alcaraz";"R";185;"ESP";18,1;"6-4 6-1 6-2";5;"R64";95;6;3;64;40;38;10;13;1;3;2;5;82;55;34;7;12;8;15;2;10280;75;924;6;6;6;NA;NA;4;1;2;NA;NA;2021-06-28;2021;"2021-540:208";306;0;7;1,77118130950412;2;"Carlos Alcaraz";55;"Daniil Medvedev";1,77118130950412;7;-5,22881869049588;18,1;25,3;-7,2;185;198;-13;0,333333333333333;0,533333333333333;0,533333333333333;0,333333333333333;0,2;15;3;8;1;7;2;2;7;-5;1;0;0
"835190";"2021-540";"Wimbledon";"Grass";"128";"Grand Slams";210;32;"Cristian Garin";"R";185;"CHI";25;53;"Pedro Martinez";"R";185;"ESP";24,1;"6-4 6-3 4-6 6-4";5;"R32";176;15;2;108;66;50;24;20;3;6;5;8;133;84;57;22;19;17;22;20;2440;107;736;6;6;4;6;NA;4;3;6;4;NA;2021-06-28;2021;"2021-540:210";307;1;3,67807190511264;1,25853301359885;32;"Cristian Garin";53;"Pedro Martinez";3,67807190511264;1,25853301359885;2,41953889151378;25;24,1;0,899999999999999;185;185;0;0,5;0,772727272727273;0,5;0,772727272727273;-0,272727272727273;22;6;17;3;5;3;5;3;2;1;0;0
"835191";"2021-540";"Wimbledon";"Grass";"128";"Grand Slams";211;31;"Marton Fucsovics";"R";188;"HUN";29,3;76;"Diego Schwartzman";"R";170;"ARG";28,8;"6-3 6-3 6-7(6) 6-4";5;"R32";199;3;4;124;77;56;23;20;3;7;1;3;125;78;53;19;21;6;14;48;1344;11;3060;6;6;6;6;NA;3;3;7;4;NA;2021-06-28;2021;"2021-540:211";308;1;2,41503749927884;4,5405683813627;31;"Marton Fucsovics";76;"Diego Schwartzman";2,41503749927884;4,5405683813627;-2,12553088208386;29,3;28,8;0,5;188;170;18;0,428571428571429;0,428571428571429;0,428571428571429;0,428571428571429;0;14;7;6;3;8;4;8;4;4;1;0;0
"835192";"2021-540";"Wimbledon";"Grass";"128";"Grand Slams";212;72;"Andrey Rublev";"R";188;"RUS";23,6;29;"Fabio Fognini";"R";178;"ITA";34;"6-3 5-7 6-4 6-2";5;"R32";179;13;5;141;77;56;34;20;7;9;8;6;136;85;56;21;19;8;13;7;6120;31;1868;6;5;6;6;NA;3;7;4;2;NA;2021-06-28;2021;"2021-540:212";309;0;5,1926450779424;3,04580368961313;29;"Fabio Fognini";72;"Andrey Rublev";3,04580368961313;5,1926450779424;-2,14684138832927;34;23,6;10,4;178;188;-10;0,777777777777778;0,615384615384615;0,615384615384615;0,777777777777778;-0,162393162393162;13;9;8;7;5;2;2;5;-3;1;0;0
"835193";"2021-540";"Wimbledon";"Grass";"128";"Grand Slams";213;45;"Karen Khachanov";"R";198;"RUS";25,1;83;"Frances Tiafoe";"R";188;"USA";23,4;"6-3 6-4 6-4";5;"R32";106;13;2;82;57;46;16;15;0;0;4;1;79;47;34;16;14;3;6;29;1965;57;1148;6;6;6;NA;NA;3;4;4;NA;NA;2021-06-28;2021;"2021-540:213";310;1;3,14201900487243;2,16710998583526;45;"Karen Khachanov";83;"Frances Tiafoe";3,14201900487243;2,16710998583526;0,974909019037169;25,1;23,4;1,7;198;188;10;1,5;0,5;1,5;0,5;1;6;0;3;0;3;0;3;0;3;1;0;0
"835194";"2021-540";"Wimbledon";"Grass";"128";"Grand Slams";214;47;"Sebastian Korda";"R";196;"USA";20,9;27;"Daniel Evans";"R";175;"GBR";31;"6-3 3-6 6-3 6-4";5;"R32";144;13;4;116;71;52;26;19;7;10;0;4;96;60;45;16;18;4;9;50;1272;26;2151;6;3;6;6;NA;3;6;3;4;NA;2021-06-28;2021;"2021-540:214";311;0;2,35614381022528;3,29956028185891;27;"Daniel Evans";47;"Sebastian Korda";3,29956028185891;2,35614381022528;0,943416471633633;31;20,9;10,1;175;196;-21;0,7;0,444444444444444;0,444444444444444;0,7;-0,255555555555556;9;10;4;7;5;3;3;5;-2;1;0;0
"835196";"2021-540";"Wimbledon";"Grass";"128";"Grand Slams";216;7;"Roberto Bautista Agut";"R";183;"ESP";33,2;46;"Dominik Koepfer";"L";180;"GER";27,1;"7-5 6-1 7-6(4)";5;"R32";140;3;4;97;67;47;10;17;3;8;7;8;102;56;37;13;15;8;16;10;3125;62;1108;7;6;7;NA;NA;5;1;6;NA;NA;2021-06-28;2021;"2021-540:216";312;1;4,67807190511264;2,04580368961313;7;"Roberto Bautista Agut";46;"Dominik Koepfer";4,67807190511264;2,04580368961313;2,63226821549951;33,2;27,1;6,1;183;180;3;0,375;0,5;0,375;0,5;-0,125;16;8;8;3;8;5;8;5;3;1;0;0
"835197";"2021-540";"Wimbledon";"Grass";"128";"Grand Slams";217;10;"Matteo Berrettini";"R";196;"ITA";25,2;8;"Aljaz Bedene";"R";181;"SLO";31,9;"6-4 6-4 6-4";5;"R32";102;20;0;76;49;40;22;15;2;2;8;3;89;57;38;20;15;6;9;9;4468;64;1089;6;6;6;NA;NA;4;4;4;NA;NA;2021-06-28;2021;"2021-540:217";313;0;4,83007499855769;2;8;"Aljaz Bedene";10;"Matteo Berrettini";2;4,83007499855769;-2,83007499855769;31,9;25,2;6,7;181;196;-15;1;0,666666666666667;0,666666666666667;1;-0,333333333333333;9;2;6;2;3;0;0;3;-3;1;0;0
"835200";"2021-540";"Wimbledon";"Grass";"128";"Grand Slams";220;89;"Alexander Zverev";"R";198;"GER";24,1;30;"Taylor Fritz";"R";193;"USA";23,6;"6-7(3) 6-4 6-3 7-6(4)";5;"R32";158;19;9;117;81;74;20;24;1;2;13;8;144;94;67;27;21;6;9;6;7305;40;1590;6;6;6;7;NA;7;4;3;6;NA;2021-06-28;2021;"2021-540:220";314;0;5,41503749927884;2,67807190511264;30;"Taylor Fritz";89;"Alexander Zverev";2,67807190511264;5,41503749927884;-2,73696559416621;23,6;24,1;-0,5;193;198;-5;0,5;0,666666666666667;0,666666666666667;0,5;0,166666666666667;9;2;6;1;3;1;1;3;-2;1;0;0
"835201";"2021-540";"Wimbledon";"Grass";"128";"Grand Slams";221;28;"Roger Federer";"R";185;"SUI";39,8;64;"Cameron Norrie";"L";188;"GBR";25,8;"6-4 6-4 5-7 6-4";5;"R32";155;7;0;114;76;56;25;21;2;4;12;7;132;87;59;22;21;7;11;8;4815;34;1770;6;6;5;6;NA;4;4;7;4;NA;2021-06-28;2021;"2021-540:221";315;1;5;2,91253715874966;28;"Roger Federer";64;"Cameron Norrie";5;2,91253715874966;2,08746284125034;39,8;25,8;14;185;188;-3;0,5;0,636363636363636;0,5;0,636363636363636;-0,136363636363636;11;4;7;2;4;2;4;2;2;1;0;0
"835202";"2021-540";"Wimbledon";"Grass";"128";"Grand Slams";222;79;"Lorenzo Sonego";"R";191;"ITA";26,1;26;"James Duckworth";"R";183;"AUS";29,4;"6-3 6-4 6-4";5;"R32";107;14;5;85;58;49;16;15;1;1;1;1;75;49;32;18;14;3;6;27;2038;91;853;6;6;6;NA;NA;3;4;4;NA;NA;2021-06-28;2021;"2021-540:222";316;0;3,24511249783653;1,4922053598013;26;"James Duckworth";79;"Lorenzo Sonego";1,4922053598013;3,24511249783653;-1,75290713803523;29,4;26,1;3,3;183;191;-8;1;0,5;0,5;1;-0,5;6;1;3;1;3;0;0;3;-3;1;0;0
"835203";"2021-540";"Wimbledon";"Grass";"128";"Grand Slams";223;40;"Hubert Hurkacz";"R";196;"POL";24,3;12;"Alexander Bublik";"R";196;"KAZ";24;"6-3 6-4 6-2";5;"R32";84;7;0;74;52;42;16;14;0;0;10;5;74;32;27;19;13;4;8;18;2533;38;1641;6;6;6;NA;NA;3;4;2;NA;NA;2021-06-28;2021;"2021-540:223";317;0;3,83007499855769;2,75207248655641;12;"Alexander Bublik";40;"Hubert Hurkacz";2,75207248655641;3,83007499855769;-1,07800251200127;24;24,3;-0,300000000000001;196;196;0;1,5;0,5;0,5;1,5;-1;8;0;4;0;4;0;0;4;-4;1;0;0
"835204";"2021-540";"Wimbledon";"Grass";"128";"Grand Slams";224;55;"Daniil Medvedev";"R";198;"RUS";25,3;16;"Marin Cilic";"R";198;"CRO";32,7;"6-7(3) 3-6 6-3 6-3 6-2";5;"R32";216;16;3;156;93;70;25;25;3;8;11;10;151;85;64;26;23;7;15;2;10280;37;1660;6;3;6;6;6;7;6;3;3;2;2021-06-28;2021;"2021-540:224";318;0;7;2,79054663437105;16;"Marin Cilic";55;"Daniil Medvedev";2,79054663437105;7;-4,20945336562895;32,7;25,3;7,4;198;198;0;0,375;0,466666666666667;0,466666666666667;0,375;0,0916666666666667;15;8;7;3;8;5;5;8;-3;1;0;0
"835205";"2021-540";"Wimbledon";"Grass";"128";"Grand Slams";225;25;"Novak Djokovic";"R";188;"SRB";34,1;32;"Cristian Garin";"R";185;"CHI";25;"6-2 6-4 6-2";5;"R16";109;9;1;67;39;36;18;13;2;2;2;5;85;48;27;17;13;7;12;1;12113;20;2440;6;6;6;NA;NA;2;4;2;NA;NA;2021-06-28;2021;"2021-540:225";319;1;8;3,67807190511264;25;"Novak Djokovic";32;"Cristian Garin";8;3,67807190511264;4,32192809488736;34,1;25;9,1;188;185;3;1;0,583333333333333;1;0,583333333333333;0,416666666666667;12;2;7;2;5;0;5;0;5;1;0;0
"835206";"2021-540";"Wimbledon";"Grass";"128";"Grand Slams";226;31;"Marton Fucsovics";"R";188;"HUN";29,3;72;"Andrey Rublev";"R";188;"RUS";23,6;"6-3 4-6 4-6 6-0 6-3";5;"R16";161;9;10;119;68;60;23;22;5;8;4;1;117;79;51;19;22;6;13;48;1344;7;6120;6;4;4;6;6;3;6;6;0;3;2021-06-28;2021;"2021-540:226";320;1;2,41503749927884;5,1926450779424;31;"Marton Fucsovics";72;"Andrey Rublev";2,41503749927884;5,1926450779424;-2,77760757866355;29,3;23,6;5,7;188;188;0;0,625;0,461538461538462;0,625;0,461538461538462;0,163461538461538;13;8;6;5;7;3;7;3;4;1;0;0
"835207";"2021-540";"Wimbledon";"Grass";"128";"Grand Slams";227;45;"Karen Khachanov";"R";198;"RUS";25,1;47;"Sebastian Korda";"R";196;"USA";20,9;"3-6 6-4 6-3 5-7 10-8";5;"R16";229;19;5;172;112;77;28;29;8;17;6;2;158;108;70;24;29;5;15;29;1965;50;1272;3;6;6;5;10;6;4;3;7;8;2021-06-28;2021;"2021-540:227";321;1;3,14201900487243;2,35614381022528;45;"Karen Khachanov";47;"Sebastian Korda";3,14201900487243;2,35614381022528;0,785875194647152;25,1;20,9;4,2;198;196;2;0,470588235294118;0,333333333333333;0,470588235294118;0,333333333333333;0,137254901960784;15;17;5;8;10;9;10;9;1;1;0;0
"835208";"2021-540";"Wimbledon";"Grass";"128";"Grand Slams";228;77;"Denis Shapovalov";"L";185;"CAN";22,2;7;"Roberto Bautista Agut";"R";183;"ESP";33,2;"6-1 6-3 7-5";5;"R16";127;15;8;99;58;45;18;14;10;12;1;2;84;55;27;13;14;6;13;12;2915;10;3125;6;6;7;NA;NA;1;3;5;NA;NA;2021-06-28;2021;"2021-540:228";322;0;4,41503749927884;4,67807190511264;7;"Roberto Bautista Agut";77;"Denis Shapovalov";4,67807190511264;4,41503749927884;0,263034405833794;33,2;22,2;11;183;185;-2;0,833333333333333;0,461538461538462;0,461538461538462;0,833333333333333;-0,371794871794872;13;12;6;10;7;2;2;7;-5;1;0;0
"835210";"2021-540";"Wimbledon";"Grass";"128";"Grand Slams";230;5;"Felix Auger Aliassime";"R";193;"CAN";20,8;89;"Alexander Zverev";"R";198;"GER";24,1;"6-4 7-6(6) 3-6 3-6 6-4";5;"R16";242;17;6;153;86;61;40;25;6;12;9;20;168;110;87;20;26;8;13;19;2468;6;7305;6;7;3;3;6;4;6;6;6;4;2021-06-28;2021;"2021-540:230";323;1;3,75207248655641;5,41503749927884;5;"Felix Auger Aliassime";89;"Alexander Zverev";3,75207248655641;5,41503749927884;-1,66296501272243;20,8;24,1;-3,3;193;198;-5;0,5;0,615384615384615;0,5;0,615384615384615;-0,115384615384615;13;12;8;6;5;6;5;6;-1;1;0;0
"835211";"2021-540";"Wimbledon";"Grass";"128";"Grand Slams";231;28;"Roger Federer";"R";185;"SUI";39,8;79;"Lorenzo Sonego";"R";191;"ITA";26,1;"7-5 6-4 6-2";5;"R16";131;4;1;78;47;37;20;15;2;3;4;2;108;67;44;18;15;10;15;8;4815;27;2038;7;6;6;NA;NA;5;4;2;NA;NA;2021-06-28;2021;"2021-540:231";324;1;5;3,24511249783653;28;"Roger Federer";79;"Lorenzo Sonego";5;3,24511249783653;1,75488750216347;39,8;26,1;13,7;185;191;-6;0,666666666666667;0,666666666666667;0,666666666666667;0,666666666666667;0;15;3;10;2;5;1;5;1;4;1;0;0
"835212";"2021-540";"Wimbledon";"Grass";"128";"Grand Slams";232;40;"Hubert Hurkacz";"R";196;"POL";24,3;55;"Daniil Medvedev";"R";198;"RUS";25,3;"2-6 7-6(2) 3-6 6-3 6-3";5;"R16";182;10;4;155;95;73;29;24;5;8;13;4;140;83;66;31;24;1;4;18;2533;2;10280;2;7;3;6;6;6;6;6;3;3;2021-06-28;2021;"2021-540:232";325;1;3,83007499855769;7;40;"Hubert Hurkacz";55;"Daniil Medvedev";3,83007499855769;7;-3,16992500144231;24,3;25,3;-1;196;198;-2;0,625;0,25;0,625;0,25;0,375;4;8;1;5;3;3;3;3;0;1;0;0
"835213";"2021-540";"Wimbledon";"Grass";"128";"Grand Slams";233;25;"Novak Djokovic";"R";188;"SRB";34,1;31;"Marton Fucsovics";"R";188;"HUN";29,3;"6-3 6-4 6-4";5;"QF";137;4;3;93;61;50;14;15;5;6;5;5;101;65;38;19;14;10;14;1;12113;48;1344;6;6;6;NA;NA;3;4;4;NA;NA;2021-06-28;2021;"2021-540:233";326;1;8;2,41503749927884;25;"Novak Djokovic";31;"Marton Fucsovics";8;2,41503749927884;5,58496250072116;34,1;29,3;4,8;188;188;0;0,833333333333333;0,714285714285714;0,833333333333333;0,714285714285714;0,119047619047619;14;6;10;5;4;1;4;1;3;1;0;0
"835214";"2021-540";"Wimbledon";"Grass";"128";"Grand Slams";234;77;"Denis Shapovalov";"L";185;"CAN";22,2;45;"Karen Khachanov";"R";198;"RUS";25,1;"6-4 3-6 5-7 6-1 6-4";5;"QF";206;18;10;131;83;71;24;24;5;8;3;7;162;99;66;32;24;14;19;12;2915;29;1965;6;3;5;6;6;4;6;7;1;4;2021-06-28;2021;"2021-540:234";327;0;4,41503749927884;3,14201900487243;45;"Karen Khachanov";77;"Denis Shapovalov";3,14201900487243;4,41503749927884;-1,27301849440642;25,1;22,2;2,9;198;185;13;0,625;0,736842105263158;0,736842105263158;0,625;0,111842105263158;19;8;14;5;5;3;3;5;-2;1;0;0
"835215";"2021-540";"Wimbledon";"Grass";"128";"Grand Slams";235;10;"Matteo Berrettini";"R";196;"ITA";25,2;5;"Felix Auger Aliassime";"R";193;"CAN";20,8;"6-3 5-7 7-5 6-3";5;"QF";184;12;3;136;90;68;23;21;9;12;13;6;110;65;47;23;21;8;14;9;4468;19;2468;6;5;7;6;NA;3;7;5;3;NA;2021-06-28;2021;"2021-540:235";328;0;4,83007499855769;3,75207248655641;5;"Felix Auger Aliassime";10;"Matteo Berrettini";3,75207248655641;4,83007499855769;-1,07800251200127;20,8;25,2;-4,4;193;196;-3;0,75;0,571428571428571;0,571428571428571;0,75;-0,178571428571429;14;12;8;9;6;3;3;6;-3;1;0;0
"835216";"2021-540";"Wimbledon";"Grass";"128";"Grand Slams";236;40;"Hubert Hurkacz";"R";196;"POL";24,3;28;"Roger Federer";"R";185;"SUI";39,8;"6-3 7-6(4) 6-0";5;"QF";109;10;3;88;52;41;20;15;3;4;5;3;93;60;40;11;13;10;15;18;2533;8;4815;6;7;6;NA;NA;3;6;0;NA;NA;2021-06-28;2021;"2021-540:236";329;0;3,83007499855769;5;28;"Roger Federer";40;"Hubert Hurkacz";5;3,83007499855769;1,16992500144231;39,8;24,3;15,5;185;196;-11;0,75;0,666666666666667;0,666666666666667;0,75;-0,0833333333333334;15;4;10;3;5;1;1;5;-4;1;0;0
"835217";"2021-540";"Wimbledon";"Grass";"128";"Grand Slams";237;25;"Novak Djokovic";"R";188;"SRB";34,1;77;"Denis Shapovalov";"L";185;"CAN";22,2;"7-6(3) 7-5 7-5";5;"SF";164;8;5;112;68;55;25;18;10;11;5;6;108;72;57;15;19;7;10;1;12113;12;2915;7;7;7;NA;NA;6;5;5;NA;NA;2021-06-28;2021;"2021-540:237";330;1;8;4,41503749927884;25;"Novak Djokovic";77;"Denis Shapovalov";8;4,41503749927884;3,58496250072116;34,1;22,2;11,9;188;185;3;0,909090909090909;0,7;0,909090909090909;0,7;0,209090909090909;10;11;7;10;3;1;3;1;2;1;0;0
"835218";"2021-540";"Wimbledon";"Grass";"128";"Grand Slams";238;10;"Matteo Berrettini";"R";196;"ITA";25,2;40;"Hubert Hurkacz";"R";196;"POL";24,3;"6-3 6-0 6-7(3) 6-4";5;"SF";157;22;1;103;65;56;23;18;2;2;5;1;121;69;47;26;20;4;10;9;4468;18;2533;6;6;6;6;NA;3;0;7;4;NA;2021-06-28;2021;"2021-540:238";331;1;4,83007499855769;3,83007499855769;10;"Matteo Berrettini";40;"Hubert Hurkacz";4,83007499855769;3,83007499855769;1;25,2;24,3;0,899999999999999;196;196;0;1;0,4;1;0,4;0,6;10;2;4;2;6;0;6;0;6;1;0;0
"835219";"2021-540";"Wimbledon";"Grass";"128";"Grand Slams";239;25;"Novak Djokovic";"R";188;"SRB";34,1;10;"Matteo Berrettini";"R";196;"ITA";25,2;"6-7(4) 6-4 6-4 6-3";5;"F";204;5;4;122;75;59;25;20;5;7;16;3;154;91;69;24;22;9;15;1;12113;9;4468;6;6;6;6;NA;7;4;4;3;NA;2021-06-28;2021;"2021-540:239";332;0;8;4,83007499855769;10;"Matteo Berrettini";25;"Novak Djokovic";4,83007499855769;8;-3,16992500144231;25,2;34,1;-8,9;196;188;8;0,714285714285714;0,6;0,6;0,714285714285714;-0,114285714285714;15;7;9;5;6;2;2;6;-4;1;0;0
"848586";"2022-580";"Australian Open";"Hard";"128";"Grand Slams";116;79;"Lorenzo Sonego";"R";191;"ITA";26,6;70;"Sam Querrey";"R";198;"USA";34,2;"7-5 6-3 6-3";5;"R128";134;10;3;107;81;58;16;15;9;9;2;2;108;69;51;13;15;8;12;26;1860;110;685;7;6;6;NA;NA;5;3;3;NA;NA;2022-01-17;2022;"2022-580:116";333;0;3,29956028185891;1,21864028647534;70;"Sam Querrey";79;"Lorenzo Sonego";1,21864028647534;3,29956028185891;-2,08091999538357;34,2;26,6;7,6;198;191;7;1;0,666666666666667;0,666666666666667;1;-0,333333333333333;12;9;8;9;4;0;0;4;-4;0;0;1
"848587";"2022-580";"Australian Open";"Hard";"128";"Grand Slams";117;57;"Gael Monfils";"R";193;"FRA";35,3;17;"Federico Coria";"R";180;"ARG";29,8;"6-1 6-1 6-3";5;"R128";95;11;2;73;42;34;17;12;6;6;2;3;70;43;24;11;11;4;10;20;2373;64;976;6;6;6;NA;NA;1;1;3;NA;NA;2022-01-17;2022;"2022-580:117";334;0;3,67807190511264;2;17;"Federico Coria";57;"Gael Monfils";2;3,67807190511264;-1,67807190511264;29,8;35,3;-5,5;180;193;-13;1;0,4;0,4;1;-0,6;10;6;4;6;6;0;0;6;-6;0;0;1
"848589";"2022-580";"Australian Open";"Hard";"128";"Grand Slams";119;53;"Pedro Martinez";"R";185;"ESP";24,7;22;"Federico Delbonis";"L";190;"ARG";31,2;"7-6(15) 3-6 6-4 6-2";5;"R128";238;7;5;142;94;57;28;20;6;11;3;4;144;106;70;11;19;7;13;61;1001;38;1347;7;3;6;6;NA;6;6;4;2;NA;2022-01-17;2022;"2022-580:119";335;0;2,06926266243711;2,75207248655641;22;"Federico Delbonis";53;"Pedro Martinez";2,75207248655641;2,06926266243711;0,682809824119301;31,2;24,7;6,5;190;185;5;0,545454545454545;0,538461538461538;0,538461538461538;0,545454545454545;-0,00699300699300698;13;11;7;6;6;5;5;6;-1;0;0;1
"848591";"2022-580";"Australian Open";"Hard";"128";"Grand Slams";121;47;"Sebastian Korda";"R";196;"USA";21,5;64;"Cameron Norrie";"L";188;"GBR";26,4;"6-3 6-0 6-4";5;"R128";102;6;5;81;57;44;13;13;3;3;6;2;67;39;24;14;12;5;10;43;1286;12;2900;6;6;6;NA;NA;3;0;4;NA;NA;2022-01-17;2022;"2022-580:121";336;1;2,5737352452979;4,41503749927884;47;"Sebastian Korda";64;"Cameron Norrie";2,5737352452979;4,41503749927884;-1,84130225398094;21,5;26,4;-4,9;196;188;8;1;0,5;1;0,5;0,5;10;3;5;3;5;0;5;0;5;0;0;1
"848596";"2022-580";"Australian Open";"Hard";"128";"Grand Slams";126;51;"Dusan Lajovic";"R";180;"SRB";31,5;31;"Marton Fucsovics";"R";188;"HUN";29,9;"6-3 4-6 6-1 6-7(6) 6-1";5;"R128";203;9;2;133;100;78;15;23;2;4;10;8;155;98;62;29;22;7;14;39;1346;35;1457;6;4;6;6;6;3;6;1;7;1;2022-01-17;2022;"2022-580:126";337;0;2,71459778113775;2,87071698305503;31;"Marton Fucsovics";51;"Dusan Lajovic";2,87071698305503;2,71459778113775;0,156119201917282;29,9;31,5;-1,6;188;180;8;0,5;0,5;0,5;0,5;0;14;4;7;2;7;2;2;7;-5;0;0;1
"848598";"2022-580";"Australian Open";"Hard";"128";"Grand Slams";128;10;"Matteo Berrettini";"R";196;"ITA";25,7;62;"Brandon Nakashima";"R";185;"USA";20,4;"4-6 6-2 7-6(5) 6-3";5;"R128";190;21;2;129;78;57;30;20;8;9;12;2;117;77;57;19;19;8;11;7;4568;68;917;4;6;7;6;NA;6;2;6;3;NA;2022-01-17;2022;"2022-580:128";338;1;5,1926450779424;1,91253715874966;10;"Matteo Berrettini";62;"Brandon Nakashima";5,1926450779424;1,91253715874966;3,28010791919274;25,7;20,4;5,3;196;185;11;0,888888888888889;0,727272727272727;0,888888888888889;0,727272727272727;0,161616161616162;11;9;8;8;3;1;3;1;2;0;0;1
"848601";"2022-580";"Australian Open";"Hard";"128";"Grand Slams";131;1;"Radu Albot";"R";175;"MDA";32,1;63;"Yoshihito Nishioka";"L";170;"JPN";26,3;"6-3 6-4 4-6 6-2";5;"R128";154;7;5;103;66;52;20;19;1;4;3;2;109;66;42;23;18;2;8;124;587;119;610;6;6;4;6;NA;3;4;6;2;NA;2022-01-17;2022;"2022-580:131";339;1;1,04580368961313;1,10518223669206;1;"Radu Albot";63;"Yoshihito Nishioka";1,04580368961313;1,10518223669206;-0,0593785470789312;32,1;26,3;5,8;175;170;5;0,25;0,25;0,25;0,25;0;8;4;2;1;6;3;6;3;3;0;0;1
"848603";"2022-580";"Australian Open";"Hard";"128";"Grand Slams";133;66;"Reilly Opelka";"R";211;"USA";24,3;3;"Kevin Anderson";"R";203;"RSA";35,6;"6-3 6-4 7-6(3)";5;"R128";104;23;0;76;56;51;18;16;0;0;11;3;83;53;44;16;15;1;3;29;1776;97;744;6;6;7;NA;NA;3;4;6;NA;NA;2022-01-17;2022;"2022-580:133";340;0;3,14201900487243;1,40008715781287;3;"Kevin Anderson";66;"Reilly Opelka";1,40008715781287;3,14201900487243;-1,74193184705956;35,6;24,3;11,3;203;211;-8;1,5;0,333333333333333;0,333333333333333;1,5;-1,16666666666667;3;0;1;0;2;0;0;2;-2;0;0;1
"848606";"2022-580";"Australian Open";"Hard";"128";"Grand Slams";136;77;"Denis Shapovalov";"L";185;"CAN";22,7;24;"Laslo Djere";"R";188;"SRB";26,6;"7-6(3) 6-4 3-6 7-6(3)";5;"R128";203;13;5;126;71;58;28;22;2;6;6;4;149;91;65;28;21;6;10;14;2593;51;1156;7;6;3;7;NA;6;4;6;6;NA;2022-01-17;2022;"2022-580:136";341;0;4,1926450779424;2,3275746580285;24;"Laslo Djere";77;"Denis Shapovalov";2,3275746580285;4,1926450779424;-1,86507041991389;26,6;22,7;3,9;188;185;3;0,333333333333333;0,6;0,6;0,333333333333333;0,266666666666667;10;6;6;2;4;4;4;4;0;0;0;1
"848608";"2022-580";"Australian Open";"Hard";"128";"Grand Slams";138;52;"Adrian Mannarino";"L";183;"FRA";33,5;26;"James Duckworth";"R";183;"AUS";29,9;"6-4 2-6 3-6 6-2 6-1";5;"R128";188;18;3;129;79;55;24;21;11;17;14;6;137;71;45;30;21;7;15;69;879;49;1166;6;2;3;6;6;4;6;6;2;1;2022-01-17;2022;"2022-580:138";342;0;1,89147554322183;2,38529015588479;26;"James Duckworth";52;"Adrian Mannarino";2,38529015588479;1,89147554322183;0,493814612662961;29,9;33,5;-3,6;183;183;0;0,647058823529412;0,466666666666667;0,466666666666667;0,647058823529412;-0,180392156862745;15;17;7;11;8;6;6;8;-2;0;0;1
"848610";"2022-580";"Australian Open";"Hard";"128";"Grand Slams";140;43;"Aslan Karatsev";"R";185;"RUS";28,3;60;"Jaume Munar";"R";183;"ESP";24,7;"3-6 7-6(1) 6-7(3) 6-4 6-4";5;"R128";292;7;8;192;110;72;38;27;9;17;6;4;180;126;78;28;26;19;27;15;2553;71;875;3;7;6;6;6;6;6;7;4;4;2022-01-17;2022;"2022-580:140";343;1;4,09310940439148;1,85025288049532;43;"Aslan Karatsev";60;"Jaume Munar";4,09310940439148;1,85025288049532;2,24285652389616;28,3;24,7;3,6;185;183;2;0,529411764705882;0,703703703703704;0,529411764705882;0,703703703703704;-0,174291938997821;27;17;19;9;8;8;8;8;0;0;0;1
"848614";"2022-580";"Australian Open";"Hard";"128";"Grand Slams";144;61;"Rafael Nadal";"L";185;"ESP";35,6;35;"Marcos Giron";"R";180;"USA";28,4;"6-1 6-4 6-2";5;"R128";109;7;2;72;51;43;13;13;2;2;2;2;74;49;26;13;12;4;9;5;4875;66;920;6;6;6;NA;NA;1;4;2;NA;NA;2022-01-17;2022;"2022-580:144";344;0;5,67807190511264;1,95560588064155;35;"Marcos Giron";61;"Rafael Nadal";1,95560588064155;5,67807190511264;-3,72246602447109;28,4;35,6;-7,2;180;185;-5;1;0,444444444444444;0,444444444444444;1;-0,555555555555556;9;2;4;2;5;0;0;5;-5;0;0;1
"848621";"2022-580";"Australian Open";"Hard";"128";"Grand Slams";151;42;"Steve Johnson";"R";188;"USA";32;82;"Jordan Thompson";"R";183;"AUS";27,7;"7-6(5) 6-7(6) 4-6 6-3 6-3";5;"R128";222;15;5;158;90;72;39;26;2;5;19;3;159;110;82;23;26;10;15;104;724;73;860;7;6;4;6;6;6;7;6;3;3;2022-01-17;2022;"2022-580:151";345;1;1,29956028185891;1,81017544111998;42;"Steve Johnson";82;"Jordan Thompson";1,29956028185891;1,81017544111998;-0,510615159261074;32;27,7;4,3;188;183;5;0,4;0,666666666666667;0,4;0,666666666666667;-0,266666666666667;15;5;10;2;5;3;5;3;2;0;0;1
"848628";"2022-580";"Australian Open";"Hard";"128";"Grand Slams";158;67;"Benoit Paire";"R";196;"FRA";32,6;58;"Thiago Monteiro";"L";183;"BRA";27,6;"6-4 3-6 7-5 2-6 7-5";5;"R128";218;30;13;156;82;70;35;26;8;12;13;3;158;109;77;26;25;10;14;56;1075;79;824;6;3;7;2;7;4;6;5;6;5;2022-01-17;2022;"2022-580:158";346;0;2,1926450779424;1,6962192518229;58;"Thiago Monteiro";67;"Benoit Paire";1,6962192518229;2,1926450779424;-0,496425826119499;27,6;32,6;-5;183;196;-13;0,666666666666667;0,714285714285714;0,714285714285714;0,666666666666667;0,0476190476190477;14;12;10;8;4;4;4;4;0;0;0;1
"848630";"2022-580";"Australian Open";"Hard";"128";"Grand Slams";160;84;"Stefanos Tsitsipas";"R";193;"GRE";23,4;88;"Mikael Ymer";"R";183;"SWE";23,3;"6-2 6-4 6-3";5;"R128";130;6;3;87;56;39;18;14;9;11;2;4;91;52;33;16;13;6;13;4;6540;86;793;6;6;6;NA;NA;2;4;3;NA;NA;2022-01-17;2022;"2022-580:160";347;1;6;1,5737352452979;84;"Stefanos Tsitsipas";88;"Mikael Ymer";6;1,5737352452979;4,4262647547021;23,4;23,3;0,0999999999999979;193;183;10;0,818181818181818;0,461538461538462;0,818181818181818;0,461538461538462;0,356643356643357;13;11;6;9;7;2;7;2;5;0;0;1
"848632";"2022-580";"Australian Open";"Hard";"128";"Grand Slams";162;9;"Ricardas Berankis";"R";175;"LTU";31,5;13;"Roberto Carballes Baena";"R";183;"ESP";28,8;"6-1 3-6 2-6 6-3 6-4";5;"R128";220;3;3;131;77;55;28;22;3;7;10;5;147;80;57;32;21;10;15;93;761;75;837;6;3;2;6;6;1;6;6;3;4;2022-01-17;2022;"2022-580:162";348;1;1,46084118889197;1,77118130950412;9;"Ricardas Berankis";13;"Roberto Carballes Baena";1,46084118889197;1,77118130950412;-0,310340120612151;31,5;28,8;2,7;175;183;-8;0,428571428571429;0,666666666666667;0,428571428571429;0,666666666666667;-0,238095238095238;15;7;10;3;5;4;5;4;1;0;0;1
"848635";"2022-580";"Australian Open";"Hard";"128";"Grand Slams";165;27;"Daniel Evans";"R";175;"GBR";31,6;36;"David Goffin";"R";180;"BEL";31,1;"6-4 6-3 6-0";5;"R128";108;10;2;67;42;34;15;13;0;1;1;2;76;43;24;15;12;5;11;24;1957;45;1216;6;6;6;NA;NA;4;3;0;NA;NA;2022-01-17;2022;"2022-580:165";349;1;3,41503749927884;2,50814690367033;27;"Daniel Evans";36;"David Goffin";3,41503749927884;2,50814690367033;0,906890595608519;31,6;31,1;0,5;175;180;-5;0;0,454545454545455;0;0,454545454545455;-0,454545454545455;11;1;5;0;6;1;6;1;5;0;0;1
"848638";"2022-580";"Australian Open";"Hard";"128";"Grand Slams";168;5;"Felix Auger Aliassime";"R";193;"CAN";21,4;74;"Emil Ruusuvuori";"R";188;"FIN";22,7;"6-4 0-6 3-6 6-3 6-4";5;"R128";220;8;7;132;72;49;32;22;6;11;3;1;133;96;68;19;22;13;17;9;3608;90;783;6;0;3;6;6;4;6;6;3;4;2022-01-17;2022;"2022-580:168";350;1;4,83007499855769;1,50814690367033;5;"Felix Auger Aliassime";74;"Emil Ruusuvuori";4,83007499855769;1,50814690367033;3,32192809488736;21,4;22,7;-1,3;193;188;5;0,545454545454545;0,764705882352941;0,545454545454545;0,764705882352941;-0,219251336898396;17;11;13;6;4;5;4;5;-1;0;0;1
"848639";"2022-580";"Australian Open";"Hard";"128";"Grand Slams";169;76;"Diego Schwartzman";"R";170;"ARG";29,4;48;"Filip Krajinovic";"R";185;"SRB";29,8;"6-3 6-4 7-5";5;"R128";148;3;5;90;57;38;17;16;6;10;3;3;95;66;35;13;15;9;17;13;2730;36;1427;6;6;7;NA;NA;3;4;5;NA;NA;2022-01-17;2022;"2022-580:169";351;0;4,29956028185891;2,83007499855769;48;"Filip Krajinovic";76;"Diego Schwartzman";2,83007499855769;4,29956028185891;-1,46948528330122;29,8;29,4;0,400000000000002;185;170;15;0,6;0,529411764705882;0,529411764705882;0,6;-0,0705882352941176;17;10;9;6;8;4;4;8;-4;0;0;1
"848640";"2022-580";"Australian Open";"Hard";"128";"Grand Slams";170;65;"Christopher Oconnell";"R";183;"AUS";27,6;34;"Hugo Gaston";"L";173;"FRA";21,3;"7-6(4) 6-0 4-6 6-1";5;"R128";155;4;4;109;75;53;19;18;4;7;4;6;124;68;45;24;17;15;22;175;383;67;919;7;6;4;6;NA;6;0;6;1;NA;2022-01-17;2022;"2022-580:170";352;0;0,548788888167671;1,93391080954223;34;"Hugo Gaston";65;"Christopher Oconnell";1,93391080954223;0,548788888167671;1,38512192137456;21,3;27,6;-6,3;173;183;-10;0,571428571428571;0,681818181818182;0,681818181818182;0,571428571428571;0,11038961038961;22;7;15;4;7;3;3;7;-4;0;0;1
"848642";"2022-580";"Australian Open";"Hard";"128";"Grand Slams";172;18;"Maxime Cressy";"R";198;"USA";24,6;41;"John Isner";"R";206;"USA";36,7;"7-6(2) 7-5 6-7(4) 6-7(4) 6-4";5;"R128";250;31;20;185;110;90;46;29;9;9;39;2;169;114;91;35;29;5;7;70;875;25;1881;7;7;6;6;6;6;5;7;7;4;2022-01-17;2022;"2022-580:172";353;1;1,87071698305503;3,35614381022528;18;"Maxime Cressy";41;"John Isner";1,87071698305503;3,35614381022528;-1,48542682717024;24,6;36,7;-12,1;198;206;-8;1;0,714285714285714;1;0,714285714285714;0,285714285714286;7;9;5;9;2;0;2;0;2;0;0;1
"848643";"2022-580";"Australian Open";"Hard";"128";"Grand Slams";173;33;"Richard Gasquet";"R";185;"FRA";35,5;39;"Ugo Humbert";"L";188;"FRA";23,5;"3-6 7-6(4) 7-6(3) 6-3";5;"R128";198;12;6;129;82;65;27;21;1;4;9;4;159;103;71;31;21;7;10;81;807;40;1318;3;7;7;6;NA;6;6;6;3;NA;2022-01-17;2022;"2022-580:173";354;1;1,66014999711538;2,67807190511264;33;"Richard Gasquet";39;"Ugo Humbert";1,66014999711538;2,67807190511264;-1,01792190799726;35,5;23,5;12;185;188;-3;0,25;0,7;0,25;0,7;-0,45;10;4;7;1;3;3;3;3;0;0;0;1
"848644";"2022-580";"Australian Open";"Hard";"128";"Grand Slams";174;85;"Botic Van De Zandschulp";"R";188;"NED";26,2;80;"Jan Lennard Struff";"R";193;"GER";31,7;"6-4 6-3 6-2";5;"R128";109;8;1;81;57;48;12;14;2;3;5;2;91;59;38;13;13;5;10;57;1069;52;1149;6;6;6;NA;NA;4;3;2;NA;NA;2022-01-17;2022;"2022-580:174";355;0;2,16710998583526;2,29956028185891;80;"Jan Lennard Struff";85;"Botic Van De Zandschulp";2,29956028185891;2,16710998583526;0,13245029602365;31,7;26,2;5,5;193;188;5;0,666666666666667;0,5;0,5;0,666666666666667;-0,166666666666667;10;3;5;2;5;1;1;5;-4;0;0;1
"848647";"2022-580";"Australian Open";"Hard";"128";"Grand Slams";177;44;"Miomir Kecmanovic";"R";183;"SRB";22,3;68;"Tommy Paul";"R";185;"USA";24,6;"7-6(7) 7-5 7-6(8)";5;"R64";178;7;0;135;84;64;31;18;8;10;9;3;130;84;60;28;18;4;7;77;836;41;1317;7;7;7;NA;NA;6;5;6;NA;NA;2022-01-17;2022;"2022-580:177";356;1;1,7332134593051;2,64244799538192;44;"Miomir Kecmanovic";68;"Tommy Paul";1,7332134593051;2,64244799538192;-0,909234536076817;22,3;24,6;-2,3;183;185;-2;0,8;0,571428571428571;0,8;0,571428571428571;0,228571428571429;7;10;4;8;3;2;3;2;1;0;0;1
"848649";"2022-580";"Australian Open";"Hard";"128";"Grand Slams";179;57;"Gael Monfils";"R";193;"FRA";35,3;12;"Alexander Bublik";"R";196;"KAZ";24,5;"6-1 6-0 6-4";5;"R64";89;11;1;73;47;35;18;12;4;4;4;8;88;54;32;12;11;9;15;20;2373;37;1411;6;6;6;NA;NA;1;0;4;NA;NA;2022-01-17;2022;"2022-580:179";357;0;3,67807190511264;2,79054663437105;12;"Alexander Bublik";57;"Gael Monfils";2,79054663437105;3,67807190511264;-0,887525270741587;24,5;35,3;-10,8;196;193;3;1;0,6;0,6;1;-0,4;15;4;9;4;6;0;0;6;-6;0;0;1
"848650";"2022-580";"Australian Open";"Hard";"128";"Grand Slams";180;32;"Cristian Garin";"R";185;"CHI";25,6;53;"Pedro Martinez";"R";185;"ESP";24,7;"6-7(1) 7-6(4) 2-6 6-2 6-2";5;"R64";275;11;8;180;111;74;34;24;13;18;7;11;165;99;72;30;24;4;11;19;2375;61;1001;6;7;2;6;6;7;6;6;2;2;2022-01-17;2022;"2022-580:180";358;1;3,75207248655641;2,06926266243711;32;"Cristian Garin";53;"Pedro Martinez";3,75207248655641;2,06926266243711;1,6828098241193;25,6;24,7;0,900000000000002;185;185;0;0,722222222222222;0,363636363636364;0,722222222222222;0,363636363636364;0,358585858585859;11;18;4;13;7;5;7;5;2;0;0;1
"848651";"2022-580";"Australian Open";"Hard";"128";"Grand Slams";181;47;"Sebastian Korda";"R";196;"USA";21,5;59;"Corentin Moutet";"L";178;"FRA";22,7;"3-6 6-4 6-7(2) 7-5 7-6(6)";5;"R64";287;6;3;209;153;99;32;28;18;23;8;4;171;116;87;29;27;9;14;43;1286;100;737;3;6;6;7;7;6;4;7;5;6;2022-01-17;2022;"2022-580:181";359;1;2,5737352452979;1,35614381022528;47;"Sebastian Korda";59;"Corentin Moutet";2,5737352452979;1,35614381022528;1,21759143507263;21,5;22,7;-1,2;196;178;18;0,782608695652174;0,642857142857143;0,782608695652174;0,642857142857143;0,139751552795031;14;23;9;18;5;5;5;5;0;0;0;1
"848653";"2022-580";"Australian Open";"Hard";"128";"Grand Slams";183;2;"Carlos Alcaraz";"R";185;"ESP";18,7;51;"Dusan Lajovic";"R";180;"SRB";31,5;"6-2 6-1 7-5";5;"R64";116;3;3;83;61;45;13;14;0;1;0;2;88;64;36;10;13;5;11;31;1609;39;1346;6;6;7;NA;NA;2;1;5;NA;NA;2022-01-17;2022;"2022-580:183";360;1;3,04580368961313;2,71459778113775;2;"Carlos Alcaraz";51;"Dusan Lajovic";3,04580368961313;2,71459778113775;0,331205908475374;18,7;31,5;-12,8;185;180;5;0;0,454545454545455;0;0,454545454545455;-0,454545454545455;11;1;5;0;6;1;6;1;5;0;0;1
"848655";"2022-580";"Australian Open";"Hard";"128";"Grand Slams";185;89;"Alexander Zverev";"R";198;"GER";24,7;56;"John Millman";"R";183;"AUS";32,5;"6-4 6-4 6-0";5;"R64";119;14;7;74;55;47;5;13;2;3;0;0;69;39;18;21;13;3;9;3;7970;89;788;6;6;6;NA;NA;4;4;0;NA;NA;2022-01-17;2022;"2022-580:185";361;0;6,41503749927884;1,5242665690336;56;"John Millman";89;"Alexander Zverev";1,5242665690336;6,41503749927884;-4,89077093024524;32,5;24,7;7,8;183;198;-15;0,666666666666667;0,333333333333333;0,333333333333333;0,666666666666667;-0,333333333333333;9;3;3;2;6;1;1;6;-5;0;0;1
"848657";"2022-580";"Australian Open";"Hard";"128";"Grand Slams";187;66;"Reilly Opelka";"R";211;"USA";24,3;46;"Dominik Koepfer";"L";180;"GER";27,7;"6-4 6-3 7-6(4)";5;"R64";133;18;5;106;65;57;20;16;7;8;5;4;94;67;48;16;15;7;10;29;1776;53;1096;6;6;7;NA;NA;4;3;6;NA;NA;2022-01-17;2022;"2022-580:187";362;0;3,14201900487243;2,2720795454368;46;"Dominik Koepfer";66;"Reilly Opelka";2,2720795454368;3,14201900487243;-0,869939459435627;27,7;24,3;3,4;180;211;-31;0,875;0,7;0,7;0,875;-0,175;10;8;7;7;3;1;1;3;-2;0;0;1
"848658";"2022-580";"Australian Open";"Hard";"128";"Grand Slams";188;77;"Denis Shapovalov";"L";185;"CAN";22,7;49;"Soon Woo Kwon";"R";180;"KOR";24,1;"7-6(6) 6-7(3) 6-7(6) 7-5 6-2";5;"R64";265;29;10;181;120;97;26;28;3;7;3;6;198;122;82;39;28;12;19;14;2593;54;1085;7;6;6;7;6;6;7;7;5;2;2022-01-17;2022;"2022-580:188";363;0;4,1926450779424;2,24511249783653;49;"Soon Woo Kwon";77;"Denis Shapovalov";2,24511249783653;4,1926450779424;-1,94753258010586;24,1;22,7;1,4;180;185;-5;0,428571428571429;0,631578947368421;0,631578947368421;0,428571428571429;0,203007518796992;19;7;12;3;7;4;4;7;-3;0;0;1
"848659";"2022-580";"Australian Open";"Hard";"128";"Grand Slams";189;52;"Adrian Mannarino";"L";183;"FRA";33,5;40;"Hubert Hurkacz";"R";196;"POL";24,9;"6-4 6-2 6-3";5;"R64";123;6;0;89;59;42;17;14;9;10;11;2;92;60;34;14;13;8;14;69;879;11;3336;6;6;6;NA;NA;4;2;3;NA;NA;2022-01-17;2022;"2022-580:189";364;0;1,89147554322183;4,5405683813627;40;"Hubert Hurkacz";52;"Adrian Mannarino";4,5405683813627;1,89147554322183;2,64909283814087;24,9;33,5;-8,6;196;183;13;0,9;0,571428571428571;0,571428571428571;0,9;-0,328571428571429;14;10;8;9;6;1;1;6;-5;0;0;1
"848660";"2022-580";"Australian Open";"Hard";"128";"Grand Slams";190;43;"Aslan Karatsev";"R";185;"RUS";28,3;54;"Mackenzie Mcdonald";"R";178;"USA";26,7;"3-6 6-2 6-2 6-3";5;"R64";153;6;3;100;65;47;17;17;2;5;6;3;112;70;48;17;17;10;17;15;2553;55;1084;3;6;6;6;NA;6;2;2;3;NA;2022-01-17;2022;"2022-580:190";365;1;4,09310940439148;2,21864028647534;43;"Aslan Karatsev";54;"Mackenzie Mcdonald";4,09310940439148;2,21864028647534;1,87446911791614;28,3;26,7;1,6;185;178;7;0,4;0,588235294117647;0,4;0,588235294117647;-0,188235294117647;17;5;10;2;7;3;7;3;4;0;0;1
"848661";"2022-580";"Australian Open";"Hard";"128";"Grand Slams";191;45;"Karen Khachanov";"R";198;"RUS";25,6;11;"Benjamin Bonzi";"R";185;"FRA";25,6;"6-4 6-0 7-5";5;"R64";124;19;2;93;67;47;14;14;3;4;2;4;102;59;38;17;14;7;13;30;1748;63;979;6;6;7;NA;NA;4;0;5;NA;NA;2022-01-17;2022;"2022-580:191";366;0;3,09310940439148;2,02272007650008;11;"Benjamin Bonzi";45;"Karen Khachanov";2,02272007650008;3,09310940439148;-1,0703893278914;25,6;25,6;0;185;198;-13;0,75;0,538461538461538;0,538461538461538;0,75;-0,211538461538462;13;4;7;3;6;1;1;6;-5;0;0;1
"848666";"2022-580";"Australian Open";"Hard";"128";"Grand Slams";196;78;"Jannik Sinner";"R";188;"ITA";20,4;42;"Steve Johnson";"R";188;"USA";32;"6-2 6-4 6-3";5;"R64";101;11;2;71;45;37;18;14;1;1;5;1;84;47;33;15;13;3;8;10;3390;104;724;6;6;6;NA;NA;2;4;3;NA;NA;2022-01-17;2022;"2022-580:196";367;0;4,67807190511264;1,29956028185891;42;"Steve Johnson";78;"Jannik Sinner";1,29956028185891;4,67807190511264;-3,37851162325373;32;20,4;11,6;188;188;0;1;0,375;0,375;1;-0,625;8;1;3;1;5;0;0;5;-5;0;0;1
"848668";"2022-580";"Australian Open";"Hard";"128";"Grand Slams";198;30;"Taylor Fritz";"R";193;"USA";24,2;83;"Frances Tiafoe";"R";188;"USA";23,9;"6-4 6-3 7-6(5)";5;"R64";159;21;6;120;76;55;23;16;6;8;6;3;116;63;41;26;15;10;14;22;2175;34;1467;6;6;7;NA;NA;4;3;6;NA;NA;2022-01-17;2022;"2022-580:198";368;1;3,5405683813627;2,91253715874966;30;"Taylor Fritz";83;"Frances Tiafoe";3,5405683813627;2,91253715874966;0,628031222613042;24,2;23,9;0,300000000000001;193;188;5;0,75;0,714285714285714;0,75;0,714285714285714;0,0357142857142857;14;8;10;6;4;2;4;2;2;0;0;1
"848669";"2022-580";"Australian Open";"Hard";"128";"Grand Slams";199;67;"Benoit Paire";"R";196;"FRA";32,6;23;"Grigor Dimitrov";"R";188;"BUL";30,6;"6-4 6-4 6-7(4) 7-6(2)";5;"R64";198;14;9;152;77;63;39;22;5;7;7;6;149;97;65;28;22;8;12;56;1075;28;1821;6;6;6;7;NA;4;4;7;6;NA;2022-01-17;2022;"2022-580:199";369;0;2,1926450779424;3,1926450779424;23;"Grigor Dimitrov";67;"Benoit Paire";3,1926450779424;2,1926450779424;1;30,6;32,6;-2;188;196;-8;0,714285714285714;0,666666666666667;0,666666666666667;0,714285714285714;-0,0476190476190477;12;7;8;5;4;2;2;4;-2;0;0;1
"848671";"2022-580";"Australian Open";"Hard";"128";"Grand Slams";201;72;"Andrey Rublev";"R";188;"RUS";24,2;9;"Ricardas Berankis";"R";175;"LTU";31,5;"6-4 6-2 6-0";5;"R64";107;13;3;80;40;34;21;12;4;4;2;5;95;50;31;16;12;9;15;6;4785;93;761;6;6;6;NA;NA;4;2;0;NA;NA;2022-01-17;2022;"2022-580:201";370;0;5,41503749927884;1,46084118889197;9;"Ricardas Berankis";72;"Andrey Rublev";1,46084118889197;5,41503749927884;-3,95419631038687;31,5;24,2;7,3;175;188;-13;1;0,6;0,6;1;-0,4;15;4;9;4;6;0;0;6;-6;0;0;1
"848672";"2022-580";"Australian Open";"Hard";"128";"Grand Slams";202;16;"Marin Cilic";"R";198;"CRO";33,3;37;"Norbert Gombos";"R";193;"SVK";31,4;"6-2 6-3 3-6 7-6(6)";5;"R64";160;20;2;106;59;51;29;19;1;3;6;4;124;79;56;21;19;4;8;27;1840;117;624;6;6;3;7;NA;2;3;6;6;NA;2022-01-17;2022;"2022-580:202";371;1;3,24511249783653;1,1296352804166;16;"Marin Cilic";37;"Norbert Gombos";3,24511249783653;1,1296352804166;2,11547721741994;33,3;31,4;1,9;198;193;5;0,333333333333333;0,5;0,333333333333333;0,5;-0,166666666666667;8;3;4;1;4;2;4;2;2;0;0;1
"848674";"2022-580";"Australian Open";"Hard";"128";"Grand Slams";204;5;"Felix Auger Aliassime";"R";193;"CAN";21,4;20;"Alejandro Davidovich Fokina";"R";183;"ESP";22,6;"7-6(4) 6-7(4) 7-6(5) 7-6(4)";5;"R64";259;28;6;177;122;89;28;24;7;9;6;2;153;104;77;31;24;3;5;9;3608;50;1160;7;6;7;7;NA;6;7;6;6;NA;2022-01-17;2022;"2022-580:204";372;1;4,83007499855769;2,35614381022528;5;"Felix Auger Aliassime";20;"Alejandro Davidovich Fokina";4,83007499855769;2,35614381022528;2,47393118833241;21,4;22,6;-1,2;193;183;10;0,777777777777778;0,6;0,777777777777778;0,6;0,177777777777778;5;9;3;7;2;2;2;2;0;0;0;1
"848675";"2022-580";"Australian Open";"Hard";"128";"Grand Slams";205;65;"Christopher Oconnell";"R";183;"AUS";27,6;76;"Diego Schwartzman";"R";170;"ARG";29,4;"7-6(6) 6-4 6-4";5;"R64";187;7;3;122;72;54;22;16;6;8;5;7;116;70;48;18;16;7;11;175;383;13;2730;7;6;6;NA;NA;6;4;4;NA;NA;2022-01-17;2022;"2022-580:205";373;1;0,548788888167671;4,29956028185891;65;"Christopher Oconnell";76;"Diego Schwartzman";0,548788888167671;4,29956028185891;-3,75077139369124;27,6;29,4;-1,8;183;170;13;0,75;0,636363636363636;0,75;0,636363636363636;0,113636363636364;11;8;7;6;4;2;4;2;2;0;0;1
"848678";"2022-580";"Australian Open";"Hard";"128";"Grand Slams";208;55;"Daniil Medvedev";"R";198;"RUS";25,9;50;"Nick Kyrgios";"R";193;"AUS";26,7;"7-6(1) 6-4 4-6 6-2";5;"R64";178;31;5;119;79;67;20;20;7;9;17;2;128;91;67;14;20;7;11;2;8935;115;648;7;6;4;6;NA;6;4;6;2;NA;2022-01-17;2022;"2022-580:208";374;0;7;1,15450994905563;50;"Nick Kyrgios";55;"Daniil Medvedev";1,15450994905563;7;-5,84549005094437;26,7;25,9;0,800000000000001;193;198;-5;0,777777777777778;0,636363636363636;0,636363636363636;0,777777777777778;-0,141414141414141;11;9;7;7;4;2;2;4;-2;0;0;1
"848679";"2022-580";"Australian Open";"Hard";"128";"Grand Slams";209;44;"Miomir Kecmanovic";"R";183;"SRB";22,3;79;"Lorenzo Sonego";"R";191;"ITA";26,6;"6-4 6-7(8) 6-2 7-5";5;"R32";202;2;3;142;76;55;40;21;11;13;13;8;121;87;59;17;21;7;13;77;836;26;1860;6;6;6;7;NA;4;7;2;5;NA;2022-01-17;2022;"2022-580:209";375;1;1,7332134593051;3,29956028185891;44;"Miomir Kecmanovic";79;"Lorenzo Sonego";1,7332134593051;3,29956028185891;-1,56634682255381;22,3;26,6;-4,3;183;191;-8;0,846153846153846;0,538461538461538;0,846153846153846;0,538461538461538;0,307692307692308;13;13;7;11;6;2;6;2;4;0;0;1
"848680";"2022-580";"Australian Open";"Hard";"128";"Grand Slams";210;57;"Gael Monfils";"R";193;"FRA";35,3;32;"Cristian Garin";"R";185;"CHI";25,6;"7-6(4) 6-1 6-3";5;"R32";121;14;4;90;53;38;20;14;1;4;4;6;93;59;35;13;14;4;11;20;2373;19;2375;7;6;6;NA;NA;6;1;3;NA;NA;2022-01-17;2022;"2022-580:210";376;0;3,67807190511264;3,75207248655641;32;"Cristian Garin";57;"Gael Monfils";3,75207248655641;3,67807190511264;0,0740005814437774;25,6;35,3;-9,7;185;193;-8;0,25;0,363636363636364;0,363636363636364;0,25;0,113636363636364;11;4;4;1;7;3;3;7;-4;0;0;1
"848681";"2022-580";"Australian Open";"Hard";"128";"Grand Slams";211;14;"Pablo Carreno Busta";"R";188;"ESP";30,5;47;"Sebastian Korda";"R";196;"USA";21,5;"6-4 7-5 6-7(6) 6-3";5;"R32";207;10;6;149;94;68;32;22;11;13;21;8;149;93;66;26;21;9;15;21;2305;43;1286;6;7;6;6;NA;4;5;7;3;NA;2022-01-17;2022;"2022-580:211";377;1;3,60768257722124;2,5737352452979;14;"Pablo Carreno Busta";47;"Sebastian Korda";3,60768257722124;2,5737352452979;1,03394733192334;30,5;21,5;9;188;196;-8;0,846153846153846;0,6;0,846153846153846;0,6;0,246153846153846;15;13;9;11;6;2;6;2;4;0;0;1
"848682";"2022-580";"Australian Open";"Hard";"128";"Grand Slams";212;10;"Matteo Berrettini";"R";196;"ITA";25,7;2;"Carlos Alcaraz";"R";185;"ESP";18,7;"6-2 7-6(3) 4-6 2-6 7-6(5)";5;"R32";250;10;2;163;115;90;21;25;9;13;12;8;155;96;71;36;25;5;8;7;4568;31;1609;6;7;4;2;7;2;6;6;6;6;2022-01-17;2022;"2022-580:212";378;0;5,1926450779424;3,04580368961313;2;"Carlos Alcaraz";10;"Matteo Berrettini";3,04580368961313;5,1926450779424;-2,14684138832927;18,7;25,7;-7;185;196;-11;0,692307692307692;0,625;0,625;0,692307692307692;-0,0673076923076923;8;13;5;9;3;4;4;3;1;0;0;1
"848683";"2022-580";"Australian Open";"Hard";"128";"Grand Slams";213;89;"Alexander Zverev";"R";198;"GER";24,7;1;"Radu Albot";"R";175;"MDA";32,1;"6-3 6-4 6-4";5;"R32";117;16;7;89;69;57;7;15;5;5;5;1;79;49;34;16;14;3;6;3;7970;124;587;6;6;6;NA;NA;3;4;4;NA;NA;2022-01-17;2022;"2022-580:213";379;0;6,41503749927884;1,04580368961313;1;"Radu Albot";89;"Alexander Zverev";1,04580368961313;6,41503749927884;-5,36923380966572;32,1;24,7;7,4;175;198;-23;1;0,5;0,5;1;-0,5;6;5;3;5;3;0;0;3;-3;0;0;1
"848684";"2022-580";"Australian Open";"Hard";"128";"Grand Slams";214;77;"Denis Shapovalov";"L";185;"CAN";22,7;66;"Reilly Opelka";"R";211;"USA";24,3;"7-6(4) 4-6 6-3 6-4";5;"R32";182;10;5;123;71;59;31;21;3;5;17;3;142;87;63;28;20;9;12;14;2593;29;1776;7;4;6;6;NA;6;6;3;4;NA;2022-01-17;2022;"2022-580:214";380;0;4,1926450779424;3,14201900487243;66;"Reilly Opelka";77;"Denis Shapovalov";3,14201900487243;4,1926450779424;-1,05062607306997;24,3;22,7;1,6;211;185;26;0,6;0,75;0,75;0,6;0,15;12;5;9;3;3;2;2;3;-1;0;0;1
"848685";"2022-580";"Australian Open";"Hard";"128";"Grand Slams";215;52;"Adrian Mannarino";"L";183;"FRA";33,5;43;"Aslan Karatsev";"R";185;"RUS";28,3;"7-6(4) 6-7(4) 7-5 6-4";5;"R32";278;11;2;155;93;66;38;23;6;9;16;6;187;116;86;31;23;19;24;69;879;15;2553;7;6;7;6;NA;6;7;5;4;NA;2022-01-17;2022;"2022-580:215";381;0;1,89147554322183;4,09310940439148;43;"Aslan Karatsev";52;"Adrian Mannarino";4,09310940439148;1,89147554322183;2,20163386116965;28,3;33,5;-5,2;185;183;2;0,666666666666667;0,791666666666667;0,791666666666667;0,666666666666667;0,125;24;9;19;6;5;3;3;5;-2;0;0;1
"848686";"2022-580";"Australian Open";"Hard";"128";"Grand Slams";216;61;"Rafael Nadal";"L";185;"ESP";35,6;45;"Karen Khachanov";"R";198;"RUS";25,6;"6-3 6-2 3-6 6-1";5;"R32";170;4;6;98;66;55;18;17;4;5;14;3;109;73;50;14;16;10;15;5;4875;30;1748;6;6;3;6;NA;3;2;6;1;NA;2022-01-17;2022;"2022-580:216";382;0;5,67807190511264;3,09310940439148;45;"Karen Khachanov";61;"Rafael Nadal";3,09310940439148;5,67807190511264;-2,58496250072116;25,6;35,6;-10;198;185;13;0,8;0,666666666666667;0,666666666666667;0,8;-0,133333333333333;15;5;10;4;5;1;1;5;-4;0;0;1
"848687";"2022-580";"Australian Open";"Hard";"128";"Grand Slams";217;21;"Alex De Minaur";"R";183;"AUS";22,9;4;"Pablo Andujar";"R";180;"ESP";35,9;"6-4 6-4 6-2";5;"R32";127;8;2;70;43;36;17;14;0;1;1;3;98;77;46;8;14;8;13;42;1316;83;800;6;6;6;NA;NA;4;4;2;NA;NA;2022-01-17;2022;"2022-580:217";383;0;2,60768257722124;1,62496056865308;4;"Pablo Andujar";21;"Alex De Minaur";1,62496056865308;2,60768257722124;-0,982722008568164;35,9;22,9;13;180;183;-3;0;0,615384615384615;0,615384615384615;0;0,615384615384615;13;1;8;0;5;1;1;5;-4;0;0;1
"848689";"2022-580";"Australian Open";"Hard";"128";"Grand Slams";219;30;"Taylor Fritz";"R";193;"USA";24,2;7;"Roberto Bautista Agut";"R";183;"ESP";33,7;"6-0 3-6 3-6 6-4 6-3";5;"R32";194;19;6;122;66;49;23;22;6;13;10;6;143;94;53;21;21;9;19;22;2175;18;2385;6;3;3;6;6;0;6;6;4;3;2022-01-17;2022;"2022-580:219";384;0;3,5405683813627;3,83007499855769;7;"Roberto Bautista Agut";30;"Taylor Fritz";3,83007499855769;3,5405683813627;0,289506617194985;33,7;24,2;9,5;183;193;-10;0,461538461538462;0,473684210526316;0,473684210526316;0,461538461538462;0,0121457489878542;19;13;9;6;10;7;7;10;-3;0;0;1
"848690";"2022-580";"Australian Open";"Hard";"128";"Grand Slams";220;84;"Stefanos Tsitsipas";"R";193;"GRE";23,4;67;"Benoit Paire";"R";196;"FRA";32,6;"6-3 7-5 6-7(2) 6-4";5;"R32";162;21;2;117;66;59;33;22;2;2;11;9;140;75;58;33;21;8;11;4;6540;56;1075;6;7;6;6;NA;3;5;7;4;NA;2022-01-17;2022;"2022-580:220";385;0;6;2,1926450779424;67;"Benoit Paire";84;"Stefanos Tsitsipas";2,1926450779424;6;-3,8073549220576;32,6;23,4;9,2;196;193;3;1;0,727272727272727;0,727272727272727;1;-0,272727272727273;11;2;8;2;3;0;0;3;-3;0;0;1
"848691";"2022-580";"Australian Open";"Hard";"128";"Grand Slams";221;16;"Marin Cilic";"R";198;"CRO";33,3;72;"Andrey Rublev";"R";188;"RUS";24,2;"7-5 7-6(3) 3-6 6-3";5;"R32";156;24;3;113;61;52;29;21;0;3;17;2;125;85;63;20;21;4;8;27;1840;6;4785;7;7;3;6;NA;5;6;6;3;NA;2022-01-17;2022;"2022-580:221";386;1;3,24511249783653;5,41503749927884;16;"Marin Cilic";72;"Andrey Rublev";3,24511249783653;5,41503749927884;-2,16992500144231;33,3;24,2;9,1;198;188;10;0;0,5;0;0,5;-0,5;8;3;4;0;4;3;4;3;1;0;0;1
"848692";"2022-580";"Australian Open";"Hard";"128";"Grand Slams";222;5;"Felix Auger Aliassime";"R";193;"CAN";21,4;27;"Daniel Evans";"R";175;"GBR";31,6;"6-4 6-1 6-1";5;"R32";113;16;3;66;43;39;13;12;3;3;1;3;75;43;25;14;12;1;7;9;3608;24;1957;6;6;6;NA;NA;4;1;1;NA;NA;2022-01-17;2022;"2022-580:222";387;1;4,83007499855769;3,41503749927884;5;"Felix Auger Aliassime";27;"Daniel Evans";4,83007499855769;3,41503749927884;1,41503749927884;21,4;31,6;-10,2;193;175;18;1;0,142857142857143;1;0,142857142857143;0,857142857142857;7;3;1;3;6;0;6;0;6;0;0;1
"848693";"2022-580";"Australian Open";"Hard";"128";"Grand Slams";223;18;"Maxime Cressy";"R";198;"USA";24,6;65;"Christopher Oconnell";"R";183;"AUS";27,6;"6-2 6-7(6) 6-3 6-2";5;"R32";161;28;4;108;64;54;30;19;3;3;17;2;113;77;52;17;18;5;10;70;875;175;383;6;6;6;6;NA;2;7;3;2;NA;2022-01-17;2022;"2022-580:223";388;1;1,87071698305503;0,548788888167671;18;"Maxime Cressy";65;"Christopher Oconnell";1,87071698305503;0,548788888167671;1,32192809488736;24,6;27,6;-3;198;183;15;1;0,5;1;0,5;0,5;10;3;5;3;5;0;5;0;5;0;0;1
"848694";"2022-580";"Australian Open";"Hard";"128";"Grand Slams";224;55;"Daniil Medvedev";"R";198;"RUS";25,9;85;"Botic Van De Zandschulp";"R";188;"NED";26,2;"6-4 6-4 6-2";5;"R32";115;10;6;86;57;47;15;14;3;3;3;0;86;56;33;19;14;7;11;2;8935;57;1069;6;6;6;NA;NA;4;4;2;NA;NA;2022-01-17;2022;"2022-580:224";389;1;7;2,16710998583526;55;"Daniil Medvedev";85;"Botic Van De Zandschulp";7;2,16710998583526;4,83289001416474;25,9;26,2;-0,300000000000001;198;188;10;1;0,636363636363636;1;0,636363636363636;0,363636363636364;11;3;7;3;4;0;4;0;4;0;0;1
"848695";"2022-580";"Australian Open";"Hard";"128";"Grand Slams";225;57;"Gael Monfils";"R";193;"FRA";35,3;44;"Miomir Kecmanovic";"R";183;"SRB";22,3;"7-5 7-6(4) 6-3";5;"R16";154;17;4;100;59;48;21;17;5;6;4;4;129;73;48;28;16;7;11;20;2373;77;836;7;7;6;NA;NA;5;6;3;NA;NA;2022-01-17;2022;"2022-580:225";390;0;3,67807190511264;1,7332134593051;44;"Miomir Kecmanovic";57;"Gael Monfils";1,7332134593051;3,67807190511264;-1,94485844580754;22,3;35,3;-13;183;193;-10;0,833333333333333;0,636363636363636;0,636363636363636;0,833333333333333;-0,196969696969697;11;6;7;5;4;1;1;4;-3;0;0;1
"848696";"2022-580";"Australian Open";"Hard";"128";"Grand Slams";226;10;"Matteo Berrettini";"R";196;"ITA";25,7;14;"Pablo Carreno Busta";"R";188;"ESP";30,5;"7-5 7-6(4) 6-4";5;"R16";142;28;1;92;71;62;12;17;1;1;2;2;115;81;57;17;17;5;7;7;4568;21;2305;7;7;6;NA;NA;5;6;4;NA;NA;2022-01-17;2022;"2022-580:226";391;1;5,1926450779424;3,60768257722124;10;"Matteo Berrettini";14;"Pablo Carreno Busta";5,1926450779424;3,60768257722124;1,58496250072116;25,7;30,5;-4,8;196;188;8;1;0,714285714285714;1;0,714285714285714;0,285714285714286;7;1;5;1;2;0;2;0;2;0;0;1
"848697";"2022-580";"Australian Open";"Hard";"128";"Grand Slams";227;77;"Denis Shapovalov";"L";185;"CAN";22,7;89;"Alexander Zverev";"R";198;"GER";24,7;"6-3 7-6(5) 6-3";5;"R16";141;3;11;104;65;50;18;15;3;5;3;8;88;67;46;6;15;2;6;14;2593;3;7970;6;7;6;NA;NA;3;6;3;NA;NA;2022-01-17;2022;"2022-580:227";392;1;4,1926450779424;6,41503749927884;77;"Denis Shapovalov";89;"Alexander Zverev";4,1926450779424;6,41503749927884;-2,22239242133645;22,7;24,7;-2;185;198;-13;0,6;0,333333333333333;0,6;0,333333333333333;0,266666666666667;6;5;2;3;4;2;4;2;2;0;0;1
"848698";"2022-580";"Australian Open";"Hard";"128";"Grand Slams";228;61;"Rafael Nadal";"L";185;"ESP";35,6;52;"Adrian Mannarino";"L";183;"FRA";33,5;"7-6(14) 6-2 6-2";5;"R16";160;16;6;88;48;42;24;14;1;2;7;4;104;55;40;23;14;12;17;5;4875;69;879;7;6;6;NA;NA;6;2;2;NA;NA;2022-01-17;2022;"2022-580:228";393;0;5,67807190511264;1,89147554322183;52;"Adrian Mannarino";61;"Rafael Nadal";1,89147554322183;5,67807190511264;-3,78659636189081;33,5;35,6;-2,1;183;185;-2;0,5;0,705882352941177;0,705882352941177;0,5;0,205882352941177;17;2;12;1;5;1;1;5;-4;0;0;1
"848699";"2022-580";"Australian Open";"Hard";"128";"Grand Slams";229;78;"Jannik Sinner";"R";188;"ITA";20,4;21;"Alex De Minaur";"R";183;"AUS";22,9;"7-6(3) 6-3 6-4";5;"R16";155;9;0;111;69;52;26;16;7;8;7;2;91;60;44;14;15;3;6;10;3390;42;1316;7;6;6;NA;NA;6;3;4;NA;NA;2022-01-17;2022;"2022-580:229";394;0;4,67807190511264;2,60768257722124;21;"Alex De Minaur";78;"Jannik Sinner";2,60768257722124;4,67807190511264;-2,0703893278914;22,9;20,4;2,5;183;188;-5;0,875;0,5;0,5;0,875;-0,375;6;8;3;7;3;1;1;3;-2;0;0;1
"848700";"2022-580";"Australian Open";"Hard";"128";"Grand Slams";230;84;"Stefanos Tsitsipas";"R";193;"GRE";23,4;30;"Taylor Fritz";"R";193;"USA";24,2;"4-6 6-4 4-6 6-3 6-4";5;"R16";203;19;1;159;107;85;25;25;13;15;13;4;136;84;66;29;24;2;5;4;6540;22;2175;4;6;4;6;6;6;4;6;3;4;2022-01-17;2022;"2022-580:230";395;0;6;3,5405683813627;30;"Taylor Fritz";84;"Stefanos Tsitsipas";3,5405683813627;6;-2,4594316186373;24,2;23,4;0,800000000000001;193;193;0;0,866666666666667;0,4;0,4;0,866666666666667;-0,466666666666667;5;15;2;13;3;2;2;3;-1;0;0;1
"848701";"2022-580";"Australian Open";"Hard";"128";"Grand Slams";231;5;"Felix Auger Aliassime";"R";193;"CAN";21,4;16;"Marin Cilic";"R";198;"CRO";33,3;"2-6 7-6(7) 6-2 7-6(4)";5;"R16";215;22;4;117;72;62;26;20;0;2;24;8;142;77;66;29;20;13;15;9;3608;27;1840;2;7;6;7;NA;6;6;2;6;NA;2022-01-17;2022;"2022-580:231";396;1;4,83007499855769;3,24511249783653;5;"Felix Auger Aliassime";16;"Marin Cilic";4,83007499855769;3,24511249783653;1,58496250072116;21,4;33,3;-11,9;193;198;-5;0;0,866666666666667;0;0,866666666666667;-0,866666666666667;15;2;13;0;2;2;2;2;0;0;0;1
"848702";"2022-580";"Australian Open";"Hard";"128";"Grand Slams";232;55;"Daniil Medvedev";"R";198;"RUS";25,9;18;"Maxime Cressy";"R";198;"USA";24,6;"6-2 7-6(4) 6-7(4) 7-5";5;"R16";210;15;6;129;84;71;29;22;1;1;18;18;165;104;77;32;22;9;12;2;8935;70;875;6;7;6;7;NA;2;6;7;5;NA;2022-01-17;2022;"2022-580:232";397;0;7;1,87071698305503;18;"Maxime Cressy";55;"Daniil Medvedev";1,87071698305503;7;-5,12928301694497;24,6;25,9;-1,3;198;198;0;1;0,75;0,75;1;-0,25;12;1;9;1;3;0;0;3;-3;0;0;1
"848703";"2022-580";"Australian Open";"Hard";"128";"Grand Slams";233;10;"Matteo Berrettini";"R";196;"ITA";25,7;57;"Gael Monfils";"R";193;"FRA";35,3;"6-4 6-4 3-6 3-6 6-2";5;"QF";229;12;2;170;103;76;34;23;11;14;15;7;136;76;58;32;23;7;11;7;4568;20;2373;6;6;3;3;6;4;4;6;6;2;2022-01-17;2022;"2022-580:233";398;1;5,1926450779424;3,67807190511264;10;"Matteo Berrettini";57;"Gael Monfils";5,1926450779424;3,67807190511264;1,51457317282976;25,7;35,3;-9,6;196;193;3;0,785714285714286;0,636363636363636;0,785714285714286;0,636363636363636;0,149350649350649;11;14;7;11;4;3;4;3;1;0;0;1
"848704";"2022-580";"Australian Open";"Hard";"128";"Grand Slams";234;61;"Rafael Nadal";"L";185;"ESP";35,6;77;"Denis Shapovalov";"L";185;"CAN";22,7;"6-3 6-4 4-6 3-6 6-3";5;"QF";248;8;11;146;100;79;21;24;6;8;20;5;137;80;58;31;23;4;7;5;4875;14;2593;6;6;4;3;6;3;4;6;6;3;2022-01-17;2022;"2022-580:234";399;1;5,67807190511264;4,1926450779424;61;"Rafael Nadal";77;"Denis Shapovalov";5,67807190511264;4,1926450779424;1,48542682717024;35,6;22,7;12,9;185;185;0;0,75;0,571428571428571;0,75;0,571428571428571;0,178571428571429;7;8;4;6;3;2;3;2;1;0;0;1
"848705";"2022-580";"Australian Open";"Hard";"128";"Grand Slams";235;84;"Stefanos Tsitsipas";"R";193;"GRE";23,4;78;"Jannik Sinner";"R";188;"ITA";20,4;"6-3 6-4 6-2";5;"QF";126;4;2;78;53;42;15;14;0;0;4;1;66;42;30;13;13;0;4;4;6540;10;3390;6;6;6;NA;NA;3;4;2;NA;NA;2022-01-17;2022;"2022-580:235";400;0;6;4,67807190511264;78;"Jannik Sinner";84;"Stefanos Tsitsipas";4,67807190511264;6;-1,32192809488736;20,4;23,4;-3;188;193;-5;1,5;0;0;1,5;-1,5;4;0;0;0;4;0;0;4;-4;0;0;1
"848706";"2022-580";"Australian Open";"Hard";"128";"Grand Slams";236;55;"Daniil Medvedev";"R";198;"RUS";25,9;5;"Felix Auger Aliassime";"R";193;"CAN";21,4;"6-7(4) 3-6 7-6(2) 7-5 6-4";5;"QF";282;15;9;196;126;94;36;28;9;11;18;4;168;116;91;25;27;2;5;2;8935;9;3608;6;3;7;7;6;7;6;6;5;4;2022-01-17;2022;"2022-580:236";401;0;7;4,83007499855769;5;"Felix Auger Aliassime";55;"Daniil Medvedev";4,83007499855769;7;-2,16992500144231;21,4;25,9;-4,5;193;198;-5;0,818181818181818;0,4;0,4;0,818181818181818;-0,418181818181818;5;11;2;9;3;2;2;3;-1;0;0;1
"848707";"2022-580";"Australian Open";"Hard";"128";"Grand Slams";237;61;"Rafael Nadal";"L";185;"ESP";35,6;10;"Matteo Berrettini";"R";196;"ITA";25,7;"6-3 6-2 3-6 6-3";5;"SF";175;5;2;102;70;51;20;18;1;2;14;2;102;68;50;15;17;4;8;5;4875;7;4568;6;6;3;6;NA;3;2;6;3;NA;2022-01-17;2022;"2022-580:237";402;0;5,67807190511264;5,1926450779424;10;"Matteo Berrettini";61;"Rafael Nadal";5,1926450779424;5,67807190511264;-0,485426827170242;25,7;35,6;-9,9;196;185;11;0,5;0,5;0,5;0,5;0;8;2;4;1;4;1;1;4;-3;0;0;1
"848708";"2022-580";"Australian Open";"Hard";"128";"Grand Slams";238;55;"Daniil Medvedev";"R";198;"RUS";25,9;84;"Stefanos Tsitsipas";"R";193;"GRE";23,4;"7-6(5) 4-6 6-4 6-1";5;"SF";150;13;4;100;71;61;21;20;2;4;5;1;120;83;56;23;19;8;12;2;8935;4;6540;7;4;6;6;NA;6;6;4;1;NA;2022-01-17;2022;"2022-580:238";403;1;7;6;55;"Daniil Medvedev";84;"Stefanos Tsitsipas";7;6;1;25,9;23,4;2,5;198;193;5;0,5;0,666666666666667;0,5;0,666666666666667;-0,166666666666667;12;4;8;2;4;2;4;2;2;0;0;1
"848709";"2022-580";"Australian Open";"Hard";"128";"Grand Slams";239;61;"Rafael Nadal";"L";185;"ESP";35,6;55;"Daniil Medvedev";"R";198;"RUS";25,9;"2-6 6-7(5) 6-4 6-4 7-5";5;"F";324;3;5;189;117;78;34;26;16;22;23;5;182;126;89;23;26;15;22;5;4875;2;8935;2;6;6;6;7;6;7;4;4;5;2022-01-17;2022;"2022-580:239";404;0;5,67807190511264;7;55;"Daniil Medvedev";61;"Rafael Nadal";7;5,67807190511264;1,32192809488736;25,9;35,6;-9,7;198;185;13;0,727272727272727;0,681818181818182;0,681818181818182;0,727272727272727;-0,0454545454545455;22;22;15;16;7;6;6;7;-1;0;0;1
"858283";"2022-520";"Roland Garros";"Clay";"128";"Grand Slams";113;25;"Novak Djokovic";"R";188;"SRB";35;63;"Yoshihito Nishioka";"L";170;"JPN";26,6;"6-3 6-1 6-0";5;"R128";NA;9;0;86;60;44;11;11;5;6;6;3;79;50;24;10;11;10;18;1;8660;99;654;6;6;6;NA;NA;3;1;0;NA;NA;2022-05-23;2022;"2022-520:113";405;1;8;1,37064337992039;25;"Novak Djokovic";63;"Yoshihito Nishioka";8;1,37064337992039;6,62935662007961;35;26,6;8,4;188;170;18;0,833333333333333;0,555555555555556;0,833333333333333;0,555555555555556;0,277777777777778;18;6;10;5;8;1;8;1;7;0;1;0
"858285";"2022-520";"Roland Garros";"Clay";"128";"Grand Slams";115;8;"Aljaz Bedene";"R";181;"SLO";32,8;65;"Christopher Oconnell";"R";183;"AUS";27,9;"6-2 6-4 6-7(5) 6-1";5;"R128";NA;10;1;119;62;48;33;19;10;12;6;5;115;82;51;14;18;6;13;195;291;117;524;6;6;6;6;NA;2;4;7;1;NA;2022-05-23;2022;"2022-520:115";406;1;0,39266968625039;1,1296352804166;8;"Aljaz Bedene";65;"Christopher Oconnell";0,39266968625039;1,1296352804166;-0,736965594166206;32,8;27,9;4,9;181;183;-2;0,833333333333333;0,461538461538462;0,833333333333333;0,461538461538462;0,371794871794872;13;12;6;10;7;2;7;2;5;0;1;0
"858287";"2022-520";"Roland Garros";"Clay";"128";"Grand Slams";117;23;"Grigor Dimitrov";"R";188;"BUL";31;35;"Marcos Giron";"R";180;"USA";28,8;"6-1 6-1 6-1";5;"R128";NA;2;2;63;40;33;14;11;1;1;0;3;67;42;22;7;10;10;17;21;1740;49;1011;6;6;6;NA;NA;1;1;1;NA;NA;2022-05-23;2022;"2022-520:117";407;1;3,60768257722124;2,38529015588479;23;"Grigor Dimitrov";35;"Marcos Giron";3,60768257722124;2,38529015588479;1,22239242133645;31;28,8;2,2;188;180;8;1;0,588235294117647;1;0,588235294117647;0,411764705882353;17;1;10;1;7;0;7;0;7;0;1;0
"858294";"2022-520";"Roland Garros";"Clay";"128";"Grand Slams";124;48;"Filip Krajinovic";"R";185;"SRB";30,2;66;"Reilly Opelka";"R";211;"USA";24,7;"7-6(5) 6-2 6-3";5;"R128";NA;6;1;81;62;50;16;15;0;0;12;4;90;57;42;15;14;5;8;55;965;17;2180;7;6;6;NA;NA;6;2;3;NA;NA;2022-05-23;2022;"2022-520:124";408;1;2,21864028647534;3,91253715874966;48;"Filip Krajinovic";66;"Reilly Opelka";2,21864028647534;3,91253715874966;-1,69389687227432;30,2;24,7;5,5;185;211;-26;1,5;0,625;1,5;0,625;0,875;8;0;5;0;3;0;3;0;3;0;1;0
"858296";"2022-520";"Roland Garros";"Clay";"128";"Grand Slams";126;29;"Fabio Fognini";"R";178;"ITA";34,9;69;"Alexei Popyrin";"R";196;"AUS";22,7;"6-4 7-5 6-4";5;"R128";NA;3;2;103;75;54;15;16;6;7;4;1;95;61;42;16;16;3;7;51;976;102;616;6;7;6;NA;NA;4;5;4;NA;NA;2022-05-23;2022;"2022-520:126";409;1;2,3275746580285;1,3275746580285;29;"Fabio Fognini";69;"Alexei Popyrin";2,3275746580285;1,3275746580285;1;34,9;22,7;12,2;178;196;-18;0,857142857142857;0,428571428571429;0,857142857142857;0,428571428571429;0,428571428571429;7;7;3;6;4;1;4;1;3;0;1;0
"858297";"2022-520";"Roland Garros";"Clay";"128";"Grand Slams";127;59;"Corentin Moutet";"L";178;"FRA";23;87;"Stan Wawrinka";"R";183;"SUI";37,1;"2-6 6-3 7-6(2) 6-3";5;"R128";NA;1;5;112;68;49;23;18;3;6;12;4;116;69;46;23;20;6;11;139;451;264;204;2;6;7;6;NA;6;3;6;3;NA;2022-05-23;2022;"2022-520:127";410;1;0,881058927276492;-0,0443941193584543;59;"Corentin Moutet";87;"Stan Wawrinka";0,881058927276492;-0,0443941193584543;0,925453046634947;23;37,1;-14,1;178;183;-5;0,5;0,545454545454545;0,5;0,545454545454545;-0,0454545454545454;11;6;6;3;5;3;5;3;2;0;1;0
"858298";"2022-520";"Roland Garros";"Clay";"128";"Grand Slams";128;61;"Rafael Nadal";"L";185;"ESP";35,9;82;"Jordan Thompson";"R";183;"AUS";28;"6-2 6-2 6-2";5;"R128";124;1;0;63;41;30;17;12;1;2;5;1;80;50;24;13;12;4;11;5;5525;82;748;6;6;6;NA;NA;2;2;2;NA;NA;2022-05-23;2022;"2022-520:128";411;1;5,67807190511264;1,64244799538192;61;"Rafael Nadal";82;"Jordan Thompson";5,67807190511264;1,64244799538192;4,03562390973072;35,9;28;7,9;185;183;2;0,5;0,363636363636364;0,5;0,363636363636364;0,136363636363636;11;2;4;1;7;1;7;1;6;0;1;0
"858311";"2022-520";"Roland Garros";"Clay";"128";"Grand Slams";141;47;"Sebastian Korda";"R";196;"USA";21,8;56;"John Millman";"R";183;"AUS";32,9;"6-1 7-5 7-6(6)";5;"R128";NA;8;3;107;82;58;11;15;5;7;3;1;108;85;51;8;16;6;12;30;1326;91;693;6;7;7;NA;NA;1;5;6;NA;NA;2022-05-23;2022;"2022-520:141";412;1;3,09310940439148;1,4922053598013;47;"Sebastian Korda";56;"John Millman";3,09310940439148;1,4922053598013;1,60090404459018;21,8;32,9;-11,1;196;183;13;0,714285714285714;0,5;0,714285714285714;0,5;0,214285714285714;12;7;6;5;6;2;6;2;4;0;1;0
"858312";"2022-520";"Roland Garros";"Clay";"128";"Grand Slams";142;33;"Richard Gasquet";"R";185;"FRA";35,9;38;"Lloyd Harris";"R";193;"RSA";25,2;"6-1 6-3 6-4";5;"R128";NA;3;2;75;48;35;20;13;1;1;6;2;88;60;37;11;13;7;12;70;853;39;1160;6;6;6;NA;NA;1;3;4;NA;NA;2022-05-23;2022;"2022-520:142";413;1;1,87071698305503;2,71459778113775;33;"Richard Gasquet";38;"Lloyd Harris";1,87071698305503;2,71459778113775;-0,843880798082718;35,9;25,2;10,7;185;193;-8;1;0,583333333333333;1;0,583333333333333;0,416666666666667;12;1;7;1;5;0;5;0;5;0;1;0
"858316";"2022-520";"Roland Garros";"Clay";"128";"Grand Slams";146;74;"Emil Ruusuvuori";"R";188;"FIN";23,1;39;"Ugo Humbert";"L";188;"FRA";23,9;"6-2 2-6 6-7(4) 6-4 6-2";5;"R128";NA;3;3;138;88;67;25;23;3;7;8;2;155;101;68;25;23;15;22;61;920;46;1044;6;2;6;6;6;2;6;7;4;2;2022-05-23;2022;"2022-520:146";414;0;2,06926266243711;2,47643804394299;39;"Ugo Humbert";74;"Emil Ruusuvuori";2,47643804394299;2,06926266243711;0,407175381505874;23,9;23,1;0,799999999999997;188;188;0;0,428571428571429;0,681818181818182;0,681818181818182;0,428571428571429;0,253246753246753;22;7;15;3;7;4;4;7;-3;0;1;0
"858319";"2022-520";"Roland Garros";"Clay";"128";"Grand Slams";149;83;"Frances Tiafoe";"R";188;"USA";24,3;11;"Benjamin Bonzi";"R";185;"FRA";25,9;"7-5 7-5 7-6(5)";5;"R128";NA;11;0;111;70;52;22;18;6;9;8;5;145;97;59;24;18;18;23;27;1599;52;971;7;7;7;NA;NA;5;5;6;NA;NA;2022-05-23;2022;"2022-520:149";415;0;3,24511249783653;2,29956028185891;11;"Benjamin Bonzi";83;"Frances Tiafoe";2,29956028185891;3,24511249783653;-0,945552215977624;25,9;24,3;1,6;185;188;-3;0,666666666666667;0,782608695652174;0,782608695652174;0,666666666666667;0,115942028985507;23;9;18;6;5;3;3;5;-2;0;1;0
"858321";"2022-520";"Roland Garros";"Clay";"128";"Grand Slams";151;15;"Marco Cecchinato";"R";185;"ITA";29,6;4;"Pablo Andujar";"R";180;"ESP";36,3;"4-6 4-6 6-0 7-5 6-0";5;"R128";NA;4;2;148;105;71;22;22;11;16;1;10;162;103;63;21;22;10;20;132;475;98;656;4;4;6;7;6;6;6;0;5;0;2022-05-23;2022;"2022-520:151";416;0;0,955605880641547;1,38529015588479;4;"Pablo Andujar";15;"Marco Cecchinato";1,38529015588479;0,955605880641547;0,429684275243245;36,3;29,6;6,7;180;185;-5;0,6875;0,5;0,5;0,6875;-0,1875;20;16;10;11;10;5;5;10;-5;0;1;0
"858326";"2022-520";"Roland Garros";"Clay";"128";"Grand Slams";156;34;"Hugo Gaston";"L";173;"FRA";21,6;21;"Alex De Minaur";"R";183;"AUS";23,2;"4-6 6-2 6-3 0-6 7-6(4)";5;"R128";NA;1;2;161;82;47;39;23;11;22;9;8;161;85;50;30;22;16;26;74;828;20;1838;4;6;6;0;7;6;2;3;6;6;2022-05-23;2022;"2022-520:156";417;0;1,79054663437105;3,67807190511264;21;"Alex De Minaur";34;"Hugo Gaston";3,67807190511264;1,79054663437105;1,88752527074159;23,2;21,6;1,6;183;173;10;0,5;0,615384615384615;0,615384615384615;0,5;0,115384615384615;26;22;16;11;10;11;11;10;1;0;1;0
"858328";"2022-520";"Roland Garros";"Clay";"128";"Grand Slams";158;88;"Mikael Ymer";"R";183;"SWE";23,7;26;"James Duckworth";"R";183;"AUS";30,3;"6-2 6-4 6-2";5;"R128";NA;3;1;71;50;36;16;13;1;2;4;4;74;38;23;17;13;2;8;95;672;72;848;6;6;6;NA;NA;2;4;2;NA;NA;2022-05-23;2022;"2022-520:158";418;0;1,43014439166905;1,83007499855769;26;"James Duckworth";88;"Mikael Ymer";1,83007499855769;1,43014439166905;0,399930606888636;30,3;23,7;6,6;183;183;0;0,5;0,25;0,25;0,5;-0,25;8;2;2;1;6;1;1;6;-5;0;1;0
"858331";"2022-520";"Roland Garros";"Clay";"128";"Grand Slams";161;72;"Andrey Rublev";"R";188;"RUS";24,5;49;"Soon Woo Kwon";"R";180;"KOR";24,4;"6-7(5) 6-3 6-2 6-4";5;"R128";NA;15;2;123;73;57;30;19;5;5;3;4;155;100;63;28;20;6;11;7;3945;71;852;6;6;6;6;NA;7;3;2;4;NA;2022-05-23;2022;"2022-520:161";419;0;5,1926450779424;1,85025288049532;49;"Soon Woo Kwon";72;"Andrey Rublev";1,85025288049532;5,1926450779424;-3,34239219744708;24,4;24,5;-0,100000000000001;180;188;-8;1;0,545454545454545;0,545454545454545;1;-0,454545454545455;11;5;6;5;5;0;0;5;-5;0;1;0
"858332";"2022-520";"Roland Garros";"Clay";"128";"Grand Slams";162;22;"Federico Delbonis";"L";190;"ARG";31,6;52;"Adrian Mannarino";"L";183;"FRA";33,8;"6-1 7-6(1) 6-2";5;"R128";NA;2;5;89;73;51;8;14;6;9;2;3;88;67;34;11;13;8;15;65;894;69;858;6;7;6;NA;NA;1;6;2;NA;NA;2022-05-23;2022;"2022-520:162";420;1;1,97763218697155;1,89147554322183;22;"Federico Delbonis";52;"Adrian Mannarino";1,97763218697155;1,89147554322183;0,0861566437497148;31,6;33,8;-2,2;190;183;7;0,666666666666667;0,533333333333333;0,666666666666667;0,533333333333333;0,133333333333333;15;9;8;6;7;3;7;3;4;0;1;0
"858334";"2022-520";"Roland Garros";"Clay";"128";"Grand Slams";164;32;"Cristian Garin";"R";185;"CHI";25,9;68;"Tommy Paul";"R";185;"USA";25;"5-7 6-1 6-2 6-3";5;"R128";NA;2;2;106;76;53;15;18;5;9;2;6;120;74;42;21;17;10;18;37;1168;33;1218;5;6;6;6;NA;7;1;2;3;NA;2022-05-23;2022;"2022-520:164";421;1;2,79054663437105;2,95560588064155;32;"Cristian Garin";68;"Tommy Paul";2,79054663437105;2,95560588064155;-0,165059246270497;25,9;25;0,899999999999999;185;185;0;0,555555555555556;0,555555555555556;0,555555555555556;0,555555555555556;0;18;9;10;5;8;4;8;4;4;0;1;0
"858335";"2022-520";"Roland Garros";"Clay";"128";"Grand Slams";165;6;"Nikoloz Basilashvili";"R";185;"GEO";30,2;18;"Maxime Cressy";"R";198;"USA";25;"3-6 2-6 7-6(8) 6-4 6-4";5;"R128";NA;5;7;150;85;66;36;23;4;7;41;19;166;110;84;28;25;10;12;24;1628;62;914;3;2;7;6;6;6;6;6;4;4;2022-05-23;2022;"2022-520:165";422;1;3,41503749927884;2,04580368961313;6;"Nikoloz Basilashvili";18;"Maxime Cressy";3,41503749927884;2,04580368961313;1,36923380966572;30,2;25;5,2;185;198;-13;0,571428571428571;0,833333333333333;0,571428571428571;0,833333333333333;-0,261904761904762;12;7;10;4;2;3;2;3;-1;0;1;0
"858340";"2022-520";"Roland Garros";"Clay";"128";"Grand Slams";170;42;"Steve Johnson";"R";188;"USA";32,4;86;"Jiri Vesely";"L";198;"CZE";28,8;"6-7(4) 7-6(4) 6-3 6-2";5;"R128";NA;22;3;112;88;62;31;21;2;2;13;10;125;85;66;19;20;11;14;92;689;73;847;6;7;6;6;NA;7;6;3;2;NA;2022-05-23;2022;"2022-520:170";423;1;1,47643804394299;1,81017544111998;42;"Steve Johnson";86;"Jiri Vesely";1,47643804394299;1,81017544111998;-0,333737397176995;32,4;28,8;3,6;188;198;-10;1;0,785714285714286;1;0,785714285714286;0,214285714285714;14;2;11;2;3;0;3;0;3;0;1;0
"858345";"2022-520";"Roland Garros";"Clay";"128";"Grand Slams";175;24;"Laslo Djere";"R";188;"SRB";26,9;9;"Ricardas Berankis";"R";175;"LTU";31,9;"6-4 6-4 6-4";5;"R128";NA;2;4;99;63;44;20;15;4;6;2;4;89;59;39;13;15;5;10;56;956;101;645;6;6;6;NA;NA;4;4;4;NA;NA;2022-05-23;2022;"2022-520:175";424;0;2,1926450779424;1,34178851724821;9;"Ricardas Berankis";24;"Laslo Djere";1,34178851724821;2,1926450779424;-0,850856560694191;31,9;26,9;5;175;188;-13;0,666666666666667;0,5;0,5;0,666666666666667;-0,166666666666667;10;6;5;4;5;2;2;5;-3;0;1;0
"858348";"2022-520";"Roland Garros";"Clay";"128";"Grand Slams";178;8;"Aljaz Bedene";"R";181;"SLO";32,8;19;"Pablo Cuevas";"R";180;"URU";36,3;"4-6 6-4 7-6(5) 6-4";5;"R64";NA;13;5;128;72;54;29;21;7;11;4;5;147;93;57;29;21;10;15;195;291;149;418;4;6;7;6;NA;6;4;6;4;NA;2022-05-23;2022;"2022-520:178";425;1;0,39266968625039;0,780831479537839;8;"Aljaz Bedene";19;"Pablo Cuevas";0,39266968625039;0,780831479537839;-0,388161793287449;32,8;36,3;-3,5;181;180;1;0,636363636363636;0,666666666666667;0,636363636363636;0,666666666666667;-0,0303030303030303;15;11;10;7;5;4;5;4;1;0;1;0
"858350";"2022-520";"Roland Garros";"Clay";"128";"Grand Slams";180;76;"Diego Schwartzman";"R";170;"ARG";29,7;60;"Jaume Munar";"R";183;"ESP";25;"2-6 6-7(3) 6-2 6-2 6-2";5;"R64";NA;1;5;153;106;69;26;22;11;14;9;6;124;73;48;29;22;3;10;16;2505;87;710;2;6;6;6;6;6;7;2;2;2;2022-05-23;2022;"2022-520:180";426;0;4;1,55705650415127;60;"Jaume Munar";76;"Diego Schwartzman";1,55705650415127;4;-2,44294349584873;25;29,7;-4,7;183;170;13;0,785714285714286;0,3;0,3;0,785714285714286;-0,485714285714286;10;14;3;11;7;3;3;7;-4;0;1;0
"858354";"2022-520";"Roland Garros";"Clay";"128";"Grand Slams";184;61;"Rafael Nadal";"L";185;"ESP";35,9;59;"Corentin Moutet";"L";178;"FRA";23;"6-3 6-1 6-4";5;"R64";132;1;2;72;47;34;14;13;2;4;0;3;75;52;30;9;13;5;12;5;5525;139;451;6;6;6;NA;NA;3;1;4;NA;NA;2022-05-23;2022;"2022-520:184";427;0;5,67807190511264;0,881058927276492;59;"Corentin Moutet";61;"Rafael Nadal";0,881058927276492;5,67807190511264;-4,79701297783615;23;35,9;-12,9;178;185;-7;0,5;0,416666666666667;0,416666666666667;0,5;-0,0833333333333333;12;4;5;2;7;2;2;7;-5;0;1;0
"858361";"2022-520";"Roland Garros";"Clay";"128";"Grand Slams";191;47;"Sebastian Korda";"R";196;"USA";21,8;33;"Richard Gasquet";"R";185;"FRA";35,9;"7-6(5) 6-3 6-3";5;"R64";NA;9;1;96;57;44;20;15;2;4;3;5;107;58;39;22;15;4;9;30;1326;70;853;7;6;6;NA;NA;6;3;3;NA;NA;2022-05-23;2022;"2022-520:191";428;0;3,09310940439148;1,87071698305503;33;"Richard Gasquet";47;"Sebastian Korda";1,87071698305503;3,09310940439148;-1,22239242133645;35,9;21,8;14,1;185;196;-11;0,5;0,444444444444444;0,444444444444444;0,5;-0,0555555555555556;9;4;4;2;5;2;2;5;-3;0;1;0
"858362";"2022-520";"Roland Garros";"Clay";"128";"Grand Slams";192;2;"Carlos Alcaraz";"R";185;"ESP";19;71;"Albert Ramos";"L";188;"ESP";34,3;"6-1 6-7(7) 5-7 7-6(2) 6-4";5;"R64";NA;10;2;158;110;79;27;27;1;7;2;2;194;144;90;24;26;23;31;6;4648;44;1058;6;6;5;7;6;1;7;7;6;4;2022-05-23;2022;"2022-520:192";429;1;5,41503749927884;2,5405683813627;2;"Carlos Alcaraz";71;"Albert Ramos";5,41503749927884;2,5405683813627;2,87446911791614;19;34,3;-15,3;185;188;-3;0,142857142857143;0,741935483870968;0,142857142857143;0,741935483870968;-0,599078341013825;31;7;23;1;8;6;8;6;2;0;1;0
"858363";"2022-520";"Roland Garros";"Clay";"128";"Grand Slams";193;73;"Casper Ruud";"R";183;"NOR";23,4;74;"Emil Ruusuvuori";"R";188;"FIN";23,1;"6-3 6-4 6-2";5;"R64";NA;5;0;90;67;46;16;14;4;4;5;7;87;58;36;13;13;11;15;8;3940;61;920;6;6;6;NA;NA;3;4;2;NA;NA;2022-05-23;2022;"2022-520:193";430;1;5;2,06926266243711;73;"Casper Ruud";74;"Emil Ruusuvuori";5;2,06926266243711;2,93073733756289;23,4;23,1;0,299999999999997;183;188;-5;1;0,733333333333333;1;0,733333333333333;0,266666666666667;15;4;11;4;4;0;4;0;4;0;1;0
"858365";"2022-520";"Roland Garros";"Clay";"128";"Grand Slams";195;36;"David Goffin";"R";180;"BEL";31,4;83;"Frances Tiafoe";"R";188;"USA";24,3;"3-6 7-6(1) 6-2 6-4";5;"R64";NA;8;2;113;60;43;34;19;4;7;10;6;130;78;60;19;20;6;11;48;1023;27;1599;3;7;6;6;NA;6;6;2;4;NA;2022-05-23;2022;"2022-520:195";431;1;2,41503749927884;3,24511249783653;36;"David Goffin";83;"Frances Tiafoe";2,41503749927884;3,24511249783653;-0,830074998557688;31,4;24,3;7,1;180;188;-8;0,571428571428571;0,545454545454545;0,571428571428571;0,545454545454545;0,025974025974026;11;7;6;4;5;3;5;3;2;0;1;0
"858366";"2022-520";"Roland Garros";"Clay";"128";"Grand Slams";196;40;"Hubert Hurkacz";"R";196;"POL";25,2;15;"Marco Cecchinato";"R";185;"ITA";29,6;"6-1 6-4 6-2";5;"R64";NA;5;0;65;44;38;14;13;0;0;1;3;71;45;26;12;12;3;8;13;3095;132;475;6;6;6;NA;NA;1;4;2;NA;NA;2022-05-23;2022;"2022-520:196";432;0;4,29956028185891;0,955605880641547;15;"Marco Cecchinato";40;"Hubert Hurkacz";0,955605880641547;4,29956028185891;-3,34395440121736;29,6;25,2;4,4;185;196;-11;1,5;0,375;0,375;1,5;-1,125;8;0;3;0;5;0;0;5;-5;0;1;0
"858369";"2022-520";"Roland Garros";"Clay";"128";"Grand Slams";199;88;"Mikael Ymer";"R";183;"SWE";23,7;27;"Daniel Evans";"R";175;"GBR";32;"6-3 3-6 6-2 6-3";5;"R64";NA;4;8;128;80;55;18;18;10;15;2;3;114;66;32;27;17;8;16;95;672;32;1232;6;3;6;6;NA;3;6;2;3;NA;2022-05-23;2022;"2022-520:199";433;0;1,43014439166905;3;27;"Daniel Evans";88;"Mikael Ymer";3;1,43014439166905;1,56985560833095;32;23,7;8,3;175;183;-8;0,666666666666667;0,5;0,5;0,666666666666667;-0,166666666666667;16;15;8;10;8;5;5;8;-3;0;1;0
"858371";"2022-520";"Roland Garros";"Clay";"128";"Grand Slams";201;72;"Andrey Rublev";"R";188;"RUS";24,5;22;"Federico Delbonis";"L";190;"ARG";31,6;"6-3 3-6 6-2 6-3";5;"R64";NA;8;1;108;74;56;20;18;3;4;7;2;108;78;52;14;17;5;9;7;3945;65;894;6;3;6;6;NA;3;6;2;3;NA;2022-05-23;2022;"2022-520:201";434;0;5,1926450779424;1,97763218697155;22;"Federico Delbonis";72;"Andrey Rublev";1,97763218697155;5,1926450779424;-3,21501289097085;31,6;24,5;7,1;190;188;2;0,75;0,555555555555556;0,555555555555556;0,75;-0,194444444444444;9;4;5;3;4;1;1;4;-3;0;1;0
"858373";"2022-520";"Roland Garros";"Clay";"128";"Grand Slams";203;54;"Mackenzie Mcdonald";"R";178;"USA";27,1;6;"Nikoloz Basilashvili";"R";185;"GEO";30,2;"6-3 6-1 6-4";5;"R64";NA;2;1;75;44;30;19;13;4;6;3;6;99;54;34;15;13;18;25;60;941;24;1628;6;6;6;NA;NA;3;1;4;NA;NA;2022-05-23;2022;"2022-520:203";435;0;2,09310940439148;3,41503749927884;6;"Nikoloz Basilashvili";54;"Mackenzie Mcdonald";3,41503749927884;2,09310940439148;1,32192809488736;30,2;27,1;3,1;185;178;7;0,666666666666667;0,72;0,72;0,666666666666667;0,0533333333333333;25;6;18;4;7;2;2;7;-5;0;1;0
"858374";"2022-520";"Roland Garros";"Clay";"128";"Grand Slams";204;78;"Jannik Sinner";"R";188;"ITA";20,7;13;"Roberto Carballes Baena";"R";183;"ESP";29,1;"3-6 6-4 6-4 6-3";5;"R64";NA;11;3;129;76;51;28;19;9;13;2;3;145;90;58;24;19;13;19;12;3185;89;704;3;6;6;6;NA;6;4;4;3;NA;2022-05-23;2022;"2022-520:204";436;0;4,41503749927884;1,5242665690336;13;"Roberto Carballes Baena";78;"Jannik Sinner";1,5242665690336;4,41503749927884;-2,89077093024524;29,1;20,7;8,4;183;188;-5;0,692307692307692;0,68421052631579;0,68421052631579;0,692307692307692;-0,0080971659919028;19;13;13;9;6;4;4;6;-2;0;1;0
"858376";"2022-520";"Roland Garros";"Clay";"128";"Grand Slams";206;16;"Marin Cilic";"R";198;"CRO";33,6;31;"Marton Fucsovics";"R";188;"HUN";30,2;"4-6 6-4 6-2 6-3";5;"R64";NA;12;6;119;66;51;32;19;7;9;4;6;118;78;51;18;18;6;11;23;1695;57;955;4;6;6;6;NA;6;4;2;3;NA;2022-05-23;2022;"2022-520:206";437;1;3,47643804394299;2,16710998583526;16;"Marin Cilic";31;"Marton Fucsovics";3,47643804394299;2,16710998583526;1,30932805810773;33,6;30,2;3,4;198;188;10;0,777777777777778;0,545454545454545;0,777777777777778;0,545454545454545;0,232323232323232;11;9;6;7;5;2;5;2;3;0;1;0
"858377";"2022-520";"Roland Garros";"Clay";"128";"Grand Slams";207;44;"Miomir Kecmanovic";"R";183;"SRB";22,7;12;"Alexander Bublik";"R";196;"KAZ";24,9;"4-6 7-5 6-2 6-1";5;"R64";NA;4;2;98;63;38;19;18;2;7;13;12;123;63;44;16;19;9;19;31;1316;42;1083;4;7;6;6;NA;6;5;2;1;NA;2022-05-23;2022;"2022-520:207";438;0;3,04580368961313;2,60768257722124;12;"Alexander Bublik";44;"Miomir Kecmanovic";2,60768257722124;3,04580368961313;-0,438121112391886;24,9;22,7;2,2;196;183;13;0,285714285714286;0,473684210526316;0,473684210526316;0,285714285714286;0,18796992481203;19;7;9;2;10;5;5;10;-5;0;1;0
"858378";"2022-520";"Roland Garros";"Clay";"128";"Grand Slams";208;55;"Daniil Medvedev";"R";198;"RUS";26,2;24;"Laslo Djere";"R";188;"SRB";26,9;"6-3 6-4 6-3";5;"R64";NA;7;5;102;85;55;6;14;5;8;0;7;127;98;56;8;14;11;18;2;7980;56;956;6;6;6;NA;NA;3;4;3;NA;NA;2022-05-23;2022;"2022-520:208";439;0;7;2,1926450779424;24;"Laslo Djere";55;"Daniil Medvedev";2,1926450779424;7;-4,8073549220576;26,9;26,2;0,699999999999999;188;198;-10;0,625;0,611111111111111;0,611111111111111;0,625;-0,0138888888888888;18;8;11;5;7;3;3;7;-4;0;1;0
"858379";"2022-520";"Roland Garros";"Clay";"128";"Grand Slams";209;25;"Novak Djokovic";"R";188;"SRB";35;8;"Aljaz Bedene";"R";181;"SLO";32,8;"6-3 6-3 6-2";5;"R32";NA;9;1;66;48;41;13;13;1;1;4;2;83;56;35;11;13;6;11;1;8660;195;291;6;6;6;NA;NA;3;3;2;NA;NA;2022-05-23;2022;"2022-520:209";440;0;8;0,39266968625039;8;"Aljaz Bedene";25;"Novak Djokovic";0,39266968625039;8;-7,60733031374961;32,8;35;-2,2;181;188;-7;1;0,545454545454545;0,545454545454545;1;-0,454545454545455;11;1;6;1;5;0;0;5;-5;0;1;0
"858380";"2022-520";"Roland Garros";"Clay";"128";"Grand Slams";210;76;"Diego Schwartzman";"R";170;"ARG";29,7;23;"Grigor Dimitrov";"R";188;"BUL";31;"6-3 6-1 6-2";5;"R32";NA;0;4;78;51;35;16;12;7;9;4;3;90;55;28;11;12;12;20;16;2505;21;1740;6;6;6;NA;NA;3;1;2;NA;NA;2022-05-23;2022;"2022-520:210";441;0;4;3,60768257722124;23;"Grigor Dimitrov";76;"Diego Schwartzman";3,60768257722124;4;-0,392317422778761;31;29,7;1,3;188;170;18;0,777777777777778;0,6;0,6;0,777777777777778;-0,177777777777778;20;9;12;7;8;2;2;8;-6;0;1;0
"858381";"2022-520";"Roland Garros";"Clay";"128";"Grand Slams";211;5;"Felix Auger Aliassime";"R";193;"CAN";21,7;48;"Filip Krajinovic";"R";185;"SRB";30,2;"7-6(3) 7-6(2) 7-5";5;"R32";NA;16;6;103;67;57;18;18;0;2;1;6;144;89;62;25;18;8;11;9;3820;55;965;7;7;7;NA;NA;6;6;5;NA;NA;2022-05-23;2022;"2022-520:211";442;1;4,83007499855769;2,21864028647534;5;"Felix Auger Aliassime";48;"Filip Krajinovic";4,83007499855769;2,21864028647534;2,61143471208235;21,7;30,2;-8,5;193;185;8;0;0,727272727272727;0;0,727272727272727;-0,727272727272727;11;2;8;0;3;2;3;2;1;0;1;0
"858382";"2022-520";"Roland Garros";"Clay";"128";"Grand Slams";212;61;"Rafael Nadal";"L";185;"ESP";35,9;85;"Botic Van De Zandschulp";"R";188;"NED";26,6;"6-3 6-2 6-4";5;"R32";133;2;1;74;54;44;11;14;1;3;3;3;87;67;36;9;13;6;12;5;5525;29;1344;6;6;6;NA;NA;3;2;4;NA;NA;2022-05-23;2022;"2022-520:212";443;1;5,67807190511264;3,14201900487243;61;"Rafael Nadal";85;"Botic Van De Zandschulp";5,67807190511264;3,14201900487243;2,53605290024021;35,9;26,6;9,3;185;188;-3;0,333333333333333;0,5;0,333333333333333;0,5;-0,166666666666667;12;3;6;1;6;2;6;2;4;0;1;0
"858383";"2022-520";"Roland Garros";"Clay";"128";"Grand Slams";213;89;"Alexander Zverev";"R";198;"GER";25;62;"Brandon Nakashima";"R";185;"USA";20,8;"7-6(2) 6-3 7-6(5)";5;"R32";NA;18;5;123;109;76;6;17;4;5;8;5;128;110;64;11;16;5;7;3;7075;75;827;7;6;7;NA;NA;6;3;6;NA;NA;2022-05-23;2022;"2022-520:213";444;0;6,41503749927884;1,77118130950412;62;"Brandon Nakashima";89;"Alexander Zverev";1,77118130950412;6,41503749927884;-4,64385618977472;20,8;25;-4,2;185;198;-13;0,8;0,714285714285714;0,714285714285714;0,8;-0,0857142857142857;7;5;5;4;2;1;1;2;-1;0;1;0
"858385";"2022-520";"Roland Garros";"Clay";"128";"Grand Slams";215;45;"Karen Khachanov";"R";198;"RUS";26;64;"Cameron Norrie";"L";188;"GBR";26,7;"6-2 7-5 5-7 6-4";5;"R32";NA;7;5;155;105;68;27;21;14;19;8;4;152;91;61;21;21;6;14;25;1620;11;3455;6;7;5;6;NA;2;5;7;4;NA;2022-05-23;2022;"2022-520:215";445;1;3,35614381022528;4,5405683813627;45;"Karen Khachanov";64;"Cameron Norrie";3,35614381022528;4,5405683813627;-1,18442457113743;26;26,7;-0,699999999999999;198;188;10;0,736842105263158;0,428571428571429;0,736842105263158;0,428571428571429;0,308270676691729;14;19;6;14;8;5;8;5;3;0;1;0
"858386";"2022-520";"Roland Garros";"Clay";"128";"Grand Slams";216;2;"Carlos Alcaraz";"R";185;"ESP";19;47;"Sebastian Korda";"R";196;"USA";21,8;"6-4 6-4 6-2";5;"R32";NA;1;1;81;81;60;0;14;5;5;9;3;96;96;58;0;14;11;15;6;4648;30;1326;6;6;6;NA;NA;4;4;2;NA;NA;2022-05-23;2022;"2022-520:216";446;1;5,41503749927884;3,09310940439148;2;"Carlos Alcaraz";47;"Sebastian Korda";5,41503749927884;3,09310940439148;2,32192809488736;19;21,8;-2,8;185;196;-11;1;0,733333333333333;1;0,733333333333333;0,266666666666667;15;5;11;5;4;0;4;0;4;0;1;0
"858387";"2022-520";"Roland Garros";"Clay";"128";"Grand Slams";217;73;"Casper Ruud";"R";183;"NOR";23,4;79;"Lorenzo Sonego";"R";191;"ITA";27;"6-2 6-7(3) 1-6 6-4 6-3";5;"R32";NA;8;2;129;90;66;25;23;1;4;6;4;132;93;68;17;23;4;9;8;3940;35;1190;6;6;1;6;6;2;7;6;4;3;2022-05-23;2022;"2022-520:217";447;1;5;2,87071698305503;73;"Casper Ruud";79;"Lorenzo Sonego";5;2,87071698305503;2,12928301694497;23,4;27;-3,6;183;191;-8;0,25;0,444444444444444;0,25;0,444444444444444;-0,194444444444444;9;4;4;1;5;3;5;3;2;0;1;0
"858388";"2022-520";"Roland Garros";"Clay";"128";"Grand Slams";218;40;"Hubert Hurkacz";"R";196;"POL";25,2;36;"David Goffin";"R";180;"BEL";31,4;"7-5 6-2 6-1";5;"R32";NA;9;1;80;56;47;13;14;5;5;4;4;86;59;41;8;13;3;8;13;3095;48;1023;7;6;6;NA;NA;5;2;1;NA;NA;2022-05-23;2022;"2022-520:218";448;0;4,29956028185891;2,41503749927884;36;"David Goffin";40;"Hubert Hurkacz";2,41503749927884;4,29956028185891;-1,88452278258006;31,4;25,2;6,2;180;196;-16;1;0,375;0,375;1;-0,625;8;5;3;5;5;0;0;5;-5;0;1;0
"858390";"2022-520";"Roland Garros";"Clay";"128";"Grand Slams";220;84;"Stefanos Tsitsipas";"R";193;"GRE";23,7;88;"Mikael Ymer";"R";183;"SWE";23,7;"6-2 6-2 6-1";5;"R32";NA;3;1;56;42;35;11;11;1;1;0;1;70;55;25;5;12;5;12;4;5965;95;672;6;6;6;NA;NA;2;2;1;NA;NA;2022-05-23;2022;"2022-520:220";449;1;6;1,43014439166905;84;"Stefanos Tsitsipas";88;"Mikael Ymer";6;1,43014439166905;4,56985560833095;23,7;23,7;0;193;183;10;1;0,416666666666667;1;0,416666666666667;0,583333333333333;12;1;5;1;7;0;7;0;7;0;1;0
"858391";"2022-520";"Roland Garros";"Clay";"128";"Grand Slams";221;72;"Andrey Rublev";"R";188;"RUS";24,5;32;"Cristian Garin";"R";185;"CHI";25,9;"6-4 3-6 6-2 7-6(11)";5;"R32";NA;10;4;129;74;55;32;19;2;5;4;3;138;93;58;27;20;8;13;7;3945;37;1168;6;3;6;7;NA;4;6;2;6;NA;2022-05-23;2022;"2022-520:221";450;0;5,1926450779424;2,79054663437105;32;"Cristian Garin";72;"Andrey Rublev";2,79054663437105;5,1926450779424;-2,40209844357135;25,9;24,5;1,4;185;188;-3;0,4;0,615384615384615;0,615384615384615;0,4;0,215384615384615;13;5;8;2;5;3;3;5;-2;0;1;0
"858392";"2022-520";"Roland Garros";"Clay";"128";"Grand Slams";222;78;"Jannik Sinner";"R";188;"ITA";20,7;54;"Mackenzie Mcdonald";"R";178;"USA";27,1;"6-3 7-6(6) 6-3";5;"R32";NA;4;2;106;60;45;26;16;7;8;3;2;131;97;59;17;14;9;12;12;3185;60;941;6;7;6;NA;NA;3;6;3;NA;NA;2022-05-23;2022;"2022-520:222";451;0;4,41503749927884;2,09310940439148;54;"Mackenzie Mcdonald";78;"Jannik Sinner";2,09310940439148;4,41503749927884;-2,32192809488736;27,1;20,7;6,4;178;188;-10;0,875;0,75;0,75;0,875;-0,125;12;8;9;7;3;1;1;3;-2;0;1;0
"858394";"2022-520";"Roland Garros";"Clay";"128";"Grand Slams";224;55;"Daniil Medvedev";"R";198;"RUS";26,2;44;"Miomir Kecmanovic";"R";183;"SRB";22,7;"6-2 6-4 6-2";5;"R32";NA;6;3;79;58;45;12;13;2;2;0;0;78;55;34;12;13;6;11;2;7980;31;1316;6;6;6;NA;NA;2;4;2;NA;NA;2022-05-23;2022;"2022-520:224";452;0;7;3,04580368961313;44;"Miomir Kecmanovic";55;"Daniil Medvedev";3,04580368961313;7;-3,95419631038687;22,7;26,2;-3,5;183;198;-15;1;0,545454545454545;0,545454545454545;1;-0,454545454545455;11;2;6;2;5;0;0;5;-5;0;1;0
"858395";"2022-520";"Roland Garros";"Clay";"128";"Grand Slams";225;25;"Novak Djokovic";"R";188;"SRB";35;76;"Diego Schwartzman";"R";170;"ARG";29,7;"6-1 6-3 6-3";5;"R16";NA;3;1;83;58;42;14;13;7;8;1;5;82;67;32;8;12;5;11;1;8660;16;2505;6;6;6;NA;NA;1;3;3;NA;NA;2022-05-23;2022;"2022-520:225";453;1;8;4;25;"Novak Djokovic";76;"Diego Schwartzman";8;4;4;35;29,7;5,3;188;170;18;0,875;0,454545454545455;0,875;0,454545454545455;0,420454545454545;11;8;5;7;6;1;6;1;5;0;1;0
"858396";"2022-520";"Roland Garros";"Clay";"128";"Grand Slams";226;61;"Rafael Nadal";"L";185;"ESP";35,9;5;"Felix Auger Aliassime";"R";193;"CAN";21,7;"3-6 6-3 6-2 3-6 6-3";5;"R16";263;3;4;134;90;60;29;22;5;9;7;4;153;108;68;22;22;16;22;5;5525;9;3820;3;6;6;3;6;6;3;2;6;3;2022-05-23;2022;"2022-520:226";454;0;5,67807190511264;4,83007499855769;5;"Felix Auger Aliassime";61;"Rafael Nadal";4,83007499855769;5,67807190511264;-0,84799690655495;21,7;35,9;-14,2;193;185;8;0,555555555555556;0,727272727272727;0,727272727272727;0,555555555555556;0,171717171717172;22;9;16;5;6;4;4;6;-2;0;1;0
"858398";"2022-520";"Roland Garros";"Clay";"128";"Grand Slams";228;2;"Carlos Alcaraz";"R";185;"ESP";19;45;"Karen Khachanov";"R";198;"RUS";26;"6-1 6-4 6-4";5;"R16";NA;3;1;86;46;36;24;14;3;4;3;3;98;60;35;19;13;7;12;6;4648;25;1620;6;6;6;NA;NA;1;4;4;NA;NA;2022-05-23;2022;"2022-520:228";455;1;5,41503749927884;3,35614381022528;2;"Carlos Alcaraz";45;"Karen Khachanov";5,41503749927884;3,35614381022528;2,05889368905357;19;26;-7;185;198;-13;0,75;0,583333333333333;0,75;0,583333333333333;0,166666666666667;12;4;7;3;5;1;5;1;4;0;1;0
"858399";"2022-520";"Roland Garros";"Clay";"128";"Grand Slams";229;73;"Casper Ruud";"R";183;"NOR";23,4;40;"Hubert Hurkacz";"R";196;"POL";25,2;"6-2 6-3 3-6 6-3";5;"R16";NA;3;1;97;59;42;24;18;2;5;8;2;111;58;43;21;17;4;10;8;3940;13;3095;6;6;3;6;NA;2;3;6;3;NA;2022-05-23;2022;"2022-520:229";456;0;5;4,29956028185891;40;"Hubert Hurkacz";73;"Casper Ruud";4,29956028185891;5;-0,700439718141093;25,2;23,4;1,8;196;183;13;0,4;0,4;0,4;0,4;0;10;5;4;2;6;3;3;6;-3;0;1;0
"858402";"2022-520";"Roland Garros";"Clay";"128";"Grand Slams";232;16;"Marin Cilic";"R";198;"CRO";33,6;55;"Daniil Medvedev";"R";198;"RUS";26,2;"6-2 6-3 6-2";5;"R16";NA;5;0;70;39;35;18;13;0;0;4;5;75;45;28;15;12;2;7;23;1695;2;7980;6;6;6;NA;NA;2;3;2;NA;NA;2022-05-23;2022;"2022-520:232";457;1;3,47643804394299;7;16;"Marin Cilic";55;"Daniil Medvedev";3,47643804394299;7;-3,52356195605701;33,6;26,2;7,4;198;198;0;1,5;0,285714285714286;1,5;0,285714285714286;1,21428571428571;7;0;2;0;5;0;5;0;5;0;1;0
"858403";"2022-520";"Roland Garros";"Clay";"128";"Grand Slams";233;61;"Rafael Nadal";"L";185;"ESP";35,9;25;"Novak Djokovic";"R";188;"SRB";35;"6-2 4-6 6-2 7-6(4)";5;"QF";252;3;4;138;99;64;24;19;8;12;5;4;140;97;62;18;19;10;17;5;5525;1;8660;6;4;6;7;NA;2;6;2;6;NA;2022-05-23;2022;"2022-520:233";458;0;5,67807190511264;8;25;"Novak Djokovic";61;"Rafael Nadal";8;5,67807190511264;2,32192809488736;35;35,9;-0,899999999999999;188;185;3;0,666666666666667;0,588235294117647;0,588235294117647;0,666666666666667;-0,0784313725490196;17;12;10;8;7;4;4;7;-3;0;1;0
"858404";"2022-520";"Roland Garros";"Clay";"128";"Grand Slams";234;89;"Alexander Zverev";"R";198;"GER";25;2;"Carlos Alcaraz";"R";185;"ESP";19;"6-4 6-4 4-6 7-6(7)";5;"QF";NA;7;6;131;95;70;20;21;4;6;2;3;132;81;58;26;21;5;8;3;7075;6;4648;6;6;4;7;NA;4;4;6;6;NA;2022-05-23;2022;"2022-520:234";459;0;6,41503749927884;5,41503749927884;2;"Carlos Alcaraz";89;"Alexander Zverev";5,41503749927884;6,41503749927884;-1;19;25;-6;185;198;-13;0,666666666666667;0,625;0,625;0,666666666666667;-0,0416666666666666;8;6;5;4;3;2;2;3;-1;0;1;0
"858406";"2022-520";"Roland Garros";"Clay";"128";"Grand Slams";236;16;"Marin Cilic";"R";198;"CRO";33,6;72;"Andrey Rublev";"R";188;"RUS";24,5;"5-7 6-3 6-4 3-6 7-6(2)";5;"QF";NA;33;2;186;111;81;42;26;6;8;15;2;159;108;79;28;26;5;7;23;1695;7;3945;5;6;6;3;7;7;3;4;6;6;2022-05-23;2022;"2022-520:236";460;1;3,47643804394299;5,1926450779424;16;"Marin Cilic";72;"Andrey Rublev";3,47643804394299;5,1926450779424;-1,71620703399941;33,6;24,5;9,1;198;188;10;0,75;0,714285714285714;0,75;0,714285714285714;0,0357142857142857;7;8;5;6;2;2;2;2;0;0;1;0
"858408";"2022-520";"Roland Garros";"Clay";"128";"Grand Slams";238;73;"Casper Ruud";"R";183;"NOR";23,4;16;"Marin Cilic";"R";198;"CRO";33,6;"3-6 6-4 6-2 6-2";5;"SF";NA;16;0;109;70;50;25;18;7;9;10;2;115;76;52;17;17;10;15;8;3940;23;1695;3;6;6;6;NA;6;4;2;2;NA;2022-05-23;2022;"2022-520:238";461;0;5;3,47643804394299;16;"Marin Cilic";73;"Casper Ruud";3,47643804394299;5;-1,52356195605701;33,6;23,4;10,2;198;183;15;0,777777777777778;0,666666666666667;0,666666666666667;0,777777777777778;-0,111111111111111;15;9;10;7;5;2;2;5;-3;0;1;0
"858409";"2022-520";"Roland Garros";"Clay";"128";"Grand Slams";239;61;"Rafael Nadal";"L";185;"ESP";35,9;73;"Casper Ruud";"R";183;"NOR";23,4;"6-3 6-3 6-0";5;"F";138;1;3;61;39;32;10;12;1;3;0;1;80;54;27;9;12;8;16;5;5525;8;3940;6;6;6;NA;NA;3;3;0;NA;NA;2022-05-23;2022;"2022-520:239";462;1;5,67807190511264;5;61;"Rafael Nadal";73;"Casper Ruud";5,67807190511264;5;0,678071905112638;35,9;23,4;12,5;185;183;2;0,333333333333333;0,5;0,333333333333333;0,5;-0,166666666666667;16;3;8;1;8;2;8;2;6;0;1;0
"861743";"2022-540";"Wimbledon";"Grass";"128";"Grand Slams";113;25;"Novak Djokovic";"R";188;"SRB";35;49;"Soon Woo Kwon";"R";180;"KOR";24,5;"6-3 3-6 6-3 6-4";5;"R128";147;15;2;104;63;54;20;19;4;6;7;5;102;60;45;19;18;4;8;3;6770;81;698;6;3;6;6;NA;3;6;3;4;NA;2022-06-27;2022;"2022-540:113";463;1;6,41503749927884;1,66014999711538;25;"Novak Djokovic";49;"Soon Woo Kwon";6,41503749927884;1,66014999711538;4,75488750216347;35;24,5;10,5;188;180;8;0,666666666666667;0,5;0,666666666666667;0,5;0,166666666666667;8;6;4;4;4;2;4;2;2;1;0;0
"861746";"2022-540";"Wimbledon";"Grass";"128";"Grand Slams";116;44;"Miomir Kecmanovic";"R";183;"SRB";22,8;56;"John Millman";"R";183;"AUS";33;"6-3 2-6 6-3 6-4";5;"R128";146;6;2;110;66;48;23;18;5;8;7;2;113;71;47;23;18;6;11;30;1306;85;676;6;2;6;6;NA;3;6;3;4;NA;2022-06-27;2022;"2022-540:116";464;1;3,09310940439148;1,5906090638623;44;"Miomir Kecmanovic";56;"John Millman";3,09310940439148;1,5906090638623;1,50250034052918;22,8;33;-10,2;183;183;0;0,625;0,545454545454545;0,625;0,545454545454545;0,0795454545454546;11;8;6;5;5;3;5;3;2;1;0;0
"861751";"2022-540";"Wimbledon";"Grass";"128";"Grand Slams";121;78;"Jannik Sinner";"R";188;"ITA";20,8;87;"Stan Wawrinka";"R";183;"SUI";37,2;"7-5 4-6 6-3 6-2";5;"R128";161;9;3;116;74;57;25;20;3;5;10;3;132;64;45;35;19;10;15;13;3185;267;191;7;4;6;6;NA;5;6;3;2;NA;2022-06-27;2022;"2022-540:121";465;1;4,29956028185891;-0,0606959316875546;78;"Jannik Sinner";87;"Stan Wawrinka";4,29956028185891;-0,0606959316875546;4,36025621354646;20,8;37,2;-16,4;188;183;5;0,6;0,666666666666667;0,6;0,666666666666667;-0,0666666666666667;15;5;10;3;5;2;5;2;3;1;0;0
"861758";"2022-540";"Wimbledon";"Grass";"128";"Grand Slams";128;2;"Carlos Alcaraz";"R";185;"ESP";19,1;80;"Jan Lennard Struff";"R";193;"GER";32,1;"4-6 7-5 4-6 7-6(3) 6-4";5;"R128";251;30;7;170;111;84;33;27;6;8;23;10;210;113;88;47;28;12;14;7;4890;155;363;4;7;4;7;6;6;5;6;6;4;2022-06-27;2022;"2022-540:128";466;1;5,1926450779424;0,723875594725762;2;"Carlos Alcaraz";80;"Jan Lennard Struff";5,1926450779424;0,723875594725762;4,46876948321663;19,1;32,1;-13;185;193;-8;0,75;0,857142857142857;0,75;0,857142857142857;-0,107142857142857;14;8;12;6;2;2;2;2;0;1;0;0
"861759";"2022-540";"Wimbledon";"Grass";"128";"Grand Slams";129;73;"Casper Ruud";"R";183;"NOR";23,5;71;"Albert Ramos";"L";188;"ESP";34,4;"7-6(1) 7-6(9) 6-2";5;"R128";164;14;3;108;77;58;17;17;4;6;5;7;129;88;56;19;17;11;15;6;5050;39;1080;7;7;6;NA;NA;6;6;2;NA;NA;2022-06-27;2022;"2022-540:129";467;0;5,41503749927884;2,71459778113775;71;"Albert Ramos";73;"Casper Ruud";2,71459778113775;5,41503749927884;-2,70043971814109;34,4;23,5;10,9;188;183;5;0,666666666666667;0,733333333333333;0,733333333333333;0,666666666666667;0,0666666666666667;15;6;11;4;4;2;2;4;-2;1;0;0
"861761";"2022-540";"Wimbledon";"Grass";"128";"Grand Slams";131;36;"David Goffin";"R";180;"BEL";31,5;1;"Radu Albot";"R";175;"MDA";32,6;"6-2 6-2 7-6(5)";5;"R128";123;11;4;94;55;37;24;15;10;13;1;5;99;52;34;20;14;10;17;58;930;113;521;6;6;7;NA;NA;2;2;6;NA;NA;2022-06-27;2022;"2022-540:131";468;0;2,14201900487243;1,17982103758481;1;"Radu Albot";36;"David Goffin";1,17982103758481;2,14201900487243;-0,962197967287616;32,6;31,5;1,1;175;180;-5;0,769230769230769;0,588235294117647;0,588235294117647;0,769230769230769;-0,180995475113122;17;13;10;10;7;3;3;7;-4;1;0;0
"861765";"2022-540";"Wimbledon";"Grass";"128";"Grand Slams";135;12;"Alexander Bublik";"R";196;"KAZ";25;31;"Marton Fucsovics";"R";188;"HUN";30,3;"6-1 6-2 6-4";5;"R128";82;16;5;79;50;42;13;13;4;4;6;6;76;48;27;13;12;5;10;38;1105;59;922;6;6;6;NA;NA;1;2;4;NA;NA;2022-06-27;2022;"2022-540:135";469;1;2,75207248655641;2,11735695063816;12;"Alexander Bublik";31;"Marton Fucsovics";2,75207248655641;2,11735695063816;0,634715535918256;25;30,3;-5,3;196;188;8;1;0,5;1;0,5;0,5;10;4;5;4;5;0;5;0;5;1;0;0
"861767";"2022-540";"Wimbledon";"Grass";"128";"Grand Slams";137;64;"Cameron Norrie";"L";188;"GBR";26,8;4;"Pablo Andujar";"R";180;"ESP";36,4;"6-0 7-6(3) 6-3";5;"R128";122;10;1;76;48;37;19;13;1;2;2;9;103;68;43;13;15;5;11;12;3200;100;576;6;7;6;NA;NA;0;6;3;NA;NA;2022-06-27;2022;"2022-540:137";470;0;4,41503749927884;1,35614381022528;4;"Pablo Andujar";64;"Cameron Norrie";1,35614381022528;4,41503749927884;-3,05889368905357;36,4;26,8;9,6;180;188;-8;0,5;0,454545454545455;0,454545454545455;0,5;-0,0454545454545455;11;2;5;1;6;1;1;6;-5;1;0;0
"861768";"2022-540";"Wimbledon";"Grass";"128";"Grand Slams";138;60;"Jaume Munar";"R";183;"ESP";25,1;58;"Thiago Monteiro";"L";183;"BRA";28;"6-2 6-4 7-5";5;"R128";129;7;1;79;45;35;25;15;2;3;6;2;93;53;32;22;15;7;12;71;780;89;643;6;6;7;NA;NA;2;4;5;NA;NA;2022-06-27;2022;"2022-540:138";471;0;1,85025288049532;1,5242665690336;58;"Thiago Monteiro";60;"Jaume Munar";1,5242665690336;1,85025288049532;-0,325986311461715;28;25,1;2,9;183;183;0;0,666666666666667;0,583333333333333;0,583333333333333;0,666666666666667;-0,0833333333333333;12;3;7;2;5;1;1;5;-4;1;0;0
"861773";"2022-540";"Wimbledon";"Grass";"128";"Grand Slams";143;86;"Jiri Vesely";"L";198;"CZE";28,9;17;"Federico Coria";"R";180;"ARG";30,2;"6-3 6-2 7-6(3)";5;"R128";108;22;11;86;51;46;18;16;4;5;3;5;92;57;37;17;14;8;12;68;829;67;840;6;6;7;NA;NA;3;2;6;NA;NA;2022-06-27;2022;"2022-540:143";472;0;1,91253715874966;1,93391080954223;17;"Federico Coria";86;"Jiri Vesely";1,93391080954223;1,91253715874966;0,021373650792567;30,2;28,9;1,3;180;198;-18;0,8;0,666666666666667;0,666666666666667;0,8;-0,133333333333333;12;5;8;4;4;1;1;4;-3;1;0;0
"861774";"2022-540";"Wimbledon";"Grass";"128";"Grand Slams";144;20;"Alejandro Davidovich Fokina";"R";183;"ESP";23;40;"Hubert Hurkacz";"R";196;"POL";25,3;"7-6(4) 6-4 5-7 2-6 7-6(8)";5;"R128";208;5;8;163;96;68;39;28;3;9;21;3;171;102;77;35;28;5;9;37;1120;10;3735;7;6;5;2;7;6;4;7;6;6;2022-06-27;2022;"2022-540:144";473;1;2,79054663437105;4,67807190511264;20;"Alejandro Davidovich Fokina";40;"Hubert Hurkacz";2,79054663437105;4,67807190511264;-1,88752527074159;23;25,3;-2,3;183;196;-13;0,333333333333333;0,555555555555556;0,333333333333333;0,555555555555556;-0,222222222222222;9;9;5;3;4;6;4;6;-2;1;0;0
"861789";"2022-540";"Wimbledon";"Grass";"128";"Grand Slams";159;82;"Jordan Thompson";"R";183;"AUS";28,1;13;"Roberto Carballes Baena";"R";183;"ESP";29,2;"6-4 6-1 6-1";5;"R128";103;10;1;73;48;38;13;12;2;3;4;4;79;59;31;9;12;4;11;76;750;87;663;6;6;6;NA;NA;4;1;1;NA;NA;2022-06-27;2022;"2022-540:159";474;0;1,75207248655641;1,55705650415127;13;"Roberto Carballes Baena";82;"Jordan Thompson";1,55705650415127;1,75207248655641;-0,195015982405143;29,2;28,1;1,1;183;183;0;0,666666666666667;0,363636363636364;0,363636363636364;0,666666666666667;-0,303030303030303;11;3;4;2;7;1;1;7;-6;1;0;0
"861791";"2022-540";"Wimbledon";"Grass";"128";"Grand Slams";161;18;"Maxime Cressy";"R";198;"USA";25,1;5;"Felix Auger Aliassime";"R";193;"CAN";21,8;"6-7(5) 6-4 7-6(9) 7-6(5)";5;"R128";250;18;9;153;97;77;35;25;1;1;28;8;159;95;78;32;24;3;4;45;1047;9;3760;6;6;7;7;NA;7;4;6;6;NA;2022-06-27;2022;"2022-540:161";475;0;2,50814690367033;4,83007499855769;5;"Felix Auger Aliassime";18;"Maxime Cressy";4,83007499855769;2,50814690367033;2,32192809488736;21,8;25,1;-3,3;193;198;-5;1;0,75;0,75;1;-0,25;4;1;3;1;1;0;0;1;-1;1;0;0
"861801";"2022-540";"Wimbledon";"Grass";"128";"Grand Slams";171;74;"Emil Ruusuvuori";"R";188;"FIN";23,2;63;"Yoshihito Nishioka";"L";170;"JPN";26,7;"6-2 6-2 4-6 6-4";5;"R128";160;9;5;106;72;55;20;18;4;5;1;0;133;90;54;23;18;16;21;49;1015;101;574;6;6;4;6;NA;2;2;6;4;NA;2022-06-27;2022;"2022-540:171";476;0;2,38529015588479;1,34178851724821;63;"Yoshihito Nishioka";74;"Emil Ruusuvuori";1,34178851724821;2,38529015588479;-1,04350163863659;26,7;23,2;3,5;170;188;-18;0,8;0,761904761904762;0,761904761904762;0,8;-0,0380952380952382;21;5;16;4;5;1;1;5;-4;1;0;0
"861804";"2022-540";"Wimbledon";"Grass";"128";"Grand Slams";174;34;"Hugo Gaston";"L";173;"FRA";21,7;69;"Alexei Popyrin";"R";196;"AUS";22,8;"6-2 4-6 0-6 7-6(3) 6-3";5;"R128";189;8;8;155;80;54;36;24;5;12;10;7;160;103;63;28;22;10;16;66;863;83;682;6;4;0;7;6;2;6;6;6;3;2022-06-27;2022;"2022-540:174";477;1;1,95560588064155;1,62496056865308;34;"Hugo Gaston";69;"Alexei Popyrin";1,95560588064155;1,62496056865308;0,330645311988471;21,7;22,8;-1,1;173;196;-23;0,416666666666667;0,625;0,416666666666667;0,625;-0,208333333333333;16;12;10;5;6;7;6;7;-1;1;0;0
"861805";"2022-540";"Wimbledon";"Grass";"128";"Grand Slams";175;9;"Ricardas Berankis";"R";175;"LTU";32;70;"Sam Querrey";"R";198;"USA";34,7;"6-4 7-5 6-3";5;"R128";99;2;3;86;53;45;22;16;2;2;20;7;87;53;39;17;15;3;6;106;545;157;352;6;7;6;NA;NA;4;5;3;NA;NA;2022-06-27;2022;"2022-540:175";478;1;1,2720795454368;0,705379251108373;9;"Ricardas Berankis";70;"Sam Querrey";1,2720795454368;0,705379251108373;0,566700294328428;32;34,7;-2,7;175;198;-23;1;0,5;1;0,5;0,5;6;2;3;2;3;0;3;0;3;1;0;0
"861811";"2022-540";"Wimbledon";"Grass";"128";"Grand Slams";181;78;"Jannik Sinner";"R";188;"ITA";20,8;88;"Mikael Ymer";"R";183;"SWE";23,7;"6-4 6-3 5-7 6-2";5;"R64";183;4;5;106;63;50;24;20;3;6;2;3;140;90;51;27;19;13;19;13;3185;88;653;6;6;5;6;NA;4;3;7;2;NA;2022-06-27;2022;"2022-540:181";479;1;4,29956028185891;1,5405683813627;78;"Jannik Sinner";88;"Mikael Ymer";4,29956028185891;1,5405683813627;2,7589919004962;20,8;23,7;-2,9;188;183;5;0,5;0,68421052631579;0,5;0,68421052631579;-0,18421052631579;19;6;13;3;6;3;6;3;3;1;0;0
"861815";"2022-540";"Wimbledon";"Grass";"128";"Grand Slams";185;39;"Ugo Humbert";"L";188;"FRA";24;73;"Casper Ruud";"R";183;"NOR";23,5;"3-6 6-2 7-5 6-4";5;"R64";156;10;6;117;78;56;18;20;5;9;6;9;122;76;51;21;19;5;11;112;521;6;5050;3;6;7;6;NA;6;2;5;4;NA;2022-06-27;2022;"2022-540:185";480;1;1,1926450779424;5,41503749927884;39;"Ugo Humbert";73;"Casper Ruud";1,1926450779424;5,41503749927884;-4,22239242133645;24;23,5;0,5;188;183;5;0,555555555555556;0,454545454545455;0,555555555555556;0,454545454545455;0,101010101010101;11;9;5;5;6;4;6;4;2;1;0;0
"861818";"2022-540";"Wimbledon";"Grass";"128";"Grand Slams";188;12;"Alexander Bublik";"R";196;"KAZ";25;51;"Dusan Lajovic";"R";180;"SRB";31,9;"7-6(7) 6-2 7-5";5;"R64";121;17;5;94;51;44;28;16;2;2;2;2;102;70;48;19;17;3;6;38;1105;64;883;7;6;7;NA;NA;6;2;5;NA;NA;2022-06-27;2022;"2022-540:188";481;1;2,75207248655641;2;12;"Alexander Bublik";51;"Dusan Lajovic";2,75207248655641;2;0,752072486556415;25;31,9;-6,9;196;180;16;1;0,5;1;0,5;0,5;6;2;3;2;3;0;3;0;3;1;0;0
"861819";"2022-540";"Wimbledon";"Grass";"128";"Grand Slams";189;64;"Cameron Norrie";"L";188;"GBR";26,8;60;"Jaume Munar";"R";183;"ESP";25,1;"6-4 3-6 5-7 6-0 6-2";5;"R64";193;7;2;134;84;54;31;22;8;13;10;7;130;79;50;25;23;6;15;12;3200;71;780;6;3;5;6;6;4;6;7;0;2;2022-06-27;2022;"2022-540:189";482;0;4,41503749927884;1,85025288049532;60;"Jaume Munar";64;"Cameron Norrie";1,85025288049532;4,41503749927884;-2,56478461878353;25,1;26,8;-1,7;183;188;-5;0,615384615384615;0,4;0,4;0,615384615384615;-0,215384615384615;15;13;6;8;9;5;5;9;-4;1;0;0
"861821";"2022-540";"Wimbledon";"Grass";"128";"Grand Slams";191;68;"Tommy Paul";"R";185;"USA";25,1;52;"Adrian Mannarino";"L";183;"FRA";33,9;"6-2 6-4 6-1";5;"R64";119;7;2;81;55;41;15;13;2;2;0;2;99;63;35;18;12;8;13;32;1208;86;665;6;6;6;NA;NA;2;4;1;NA;NA;2022-06-27;2022;"2022-540:191";483;0;3;1,5737352452979;52;"Adrian Mannarino";68;"Tommy Paul";1,5737352452979;3;-1,4262647547021;33,9;25,1;8,8;183;185;-2;1;0,615384615384615;0,615384615384615;1;-0,384615384615385;13;2;8;2;5;0;0;5;-5;1;0;0
"861822";"2022-540";"Wimbledon";"Grass";"128";"Grand Slams";192;86;"Jiri Vesely";"L";198;"CZE";28,9;20;"Alejandro Davidovich Fokina";"R";183;"ESP";23;"6-3 5-7 6-7(2) 6-3 7-6(7)";5;"R64";232;19;11;178;109;87;32;28;11;15;13;3;178;128;92;25;28;7;12;68;829;37;1120;6;5;6;6;7;3;7;7;3;6;2022-06-27;2022;"2022-540:192";484;0;1,91253715874966;2,79054663437105;20;"Alejandro Davidovich Fokina";86;"Jiri Vesely";2,79054663437105;1,91253715874966;0,878009475621389;23;28,9;-5,9;183;198;-15;0,733333333333333;0,583333333333333;0,583333333333333;0,733333333333333;-0,15;12;15;7;11;5;4;4;5;-1;1;0;0
"861827";"2022-540";"Wimbledon";"Grass";"128";"Grand Slams";197;62;"Brandon Nakashima";"R";185;"USA";20,8;77;"Denis Shapovalov";"L";185;"CAN";23,2;"6-2 4-6 6-1 7-6(6)";5;"R64";139;4;0;105;66;56;25;20;0;1;7;8;96;44;35;33;18;2;6;56;969;16;2293;6;4;6;7;NA;2;6;1;6;NA;2022-06-27;2022;"2022-540:197";485;1;2,1926450779424;4;62;"Brandon Nakashima";77;"Denis Shapovalov";2,1926450779424;4;-1,8073549220576;20,8;23,2;-2,4;185;185;0;0;0,333333333333333;0;0,333333333333333;-0,333333333333333;6;1;2;0;4;1;4;1;3;1;0;0
"861829";"2022-540";"Wimbledon";"Grass";"128";"Grand Slams";199;50;"Nick Kyrgios";"R";193;"AUS";27,1;48;"Filip Krajinovic";"R";185;"SRB";30,3;"6-2 6-3 6-1";5;"R64";85;24;1;57;40;37;11;12;0;0;4;3;87;52;29;15;12;9;15;40;1070;31;1300;6;6;6;NA;NA;2;3;1;NA;NA;2022-06-27;2022;"2022-540:199";486;0;2,67807190511264;3,04580368961313;48;"Filip Krajinovic";50;"Nick Kyrgios";3,04580368961313;2,67807190511264;0,367731784500488;30,3;27,1;3,2;185;193;-8;1,5;0,6;0,6;1,5;-0,9;15;0;9;0;6;0;0;6;-6;1;0;0
"861830";"2022-540";"Wimbledon";"Grass";"128";"Grand Slams";200;84;"Stefanos Tsitsipas";"R";193;"GRE";23,8;82;"Jordan Thompson";"R";183;"AUS";28,1;"6-2 6-3 7-5";5;"R64";124;5;2;76;45;38;20;14;1;2;5;2;101;70;42;14;15;5;11;5;5150;76;750;6;6;7;NA;NA;2;3;5;NA;NA;2022-06-27;2022;"2022-540:200";487;0;5,67807190511264;1,75207248655641;82;"Jordan Thompson";84;"Stefanos Tsitsipas";1,75207248655641;5,67807190511264;-3,92599941855622;28,1;23,8;4,3;183;193;-10;0,5;0,454545454545455;0,454545454545455;0,5;-0,0454545454545455;11;2;5;1;6;1;1;6;-5;1;0;0
"861835";"2022-540";"Wimbledon";"Grass";"128";"Grand Slams";205;33;"Richard Gasquet";"R";185;"FRA";36;54;"Mackenzie Mcdonald";"R";178;"USA";27,1;"6-3 3-6 6-4 6-3";5;"R64";151;4;6;127;76;61;26;19;8;9;10;8;134;90;66;20;18;13;16;69;817;55;971;6;3;6;6;NA;3;6;4;3;NA;2022-06-27;2022;"2022-540:205";488;1;1,89147554322183;2,21864028647534;33;"Richard Gasquet";54;"Mackenzie Mcdonald";1,89147554322183;2,21864028647534;-0,327164743253509;36;27,1;8,9;185;178;7;0,888888888888889;0,8125;0,888888888888889;0,8125;0,0763888888888888;16;9;13;8;3;1;3;1;2;1;0;0
"861836";"2022-540";"Wimbledon";"Grass";"128";"Grand Slams";206;85;"Botic Van De Zandschulp";"R";188;"NED";26,7;74;"Emil Ruusuvuori";"R";188;"FIN";23,2;"3-6 6-1 6-4 6-4";5;"R64";143;9;5;104;61;51;23;18;3;4;8;5;112;78;53;16;18;7;11;25;1518;49;1015;3;6;6;6;NA;6;1;4;4;NA;2022-06-27;2022;"2022-540:206";489;0;3,35614381022528;2,38529015588479;74;"Emil Ruusuvuori";85;"Botic Van De Zandschulp";2,38529015588479;3,35614381022528;-0,970853654340484;23,2;26,7;-3,5;188;188;0;0,75;0,636363636363636;0,636363636363636;0,75;-0,113636363636364;11;4;7;3;4;1;1;4;-3;1;0;0
"861837";"2022-540";"Wimbledon";"Grass";"128";"Grand Slams";207;79;"Lorenzo Sonego";"R";191;"ITA";27,1;34;"Hugo Gaston";"L";173;"FRA";21,7;"7-6(4) 6-4 6-4";5;"R64";150;6;0;94;57;44;23;16;2;3;2;4;121;73;46;26;17;10;13;54;980;66;863;7;6;6;NA;NA;6;4;4;NA;NA;2022-06-27;2022;"2022-540:207";490;0;2,24511249783653;1,95560588064155;34;"Hugo Gaston";79;"Lorenzo Sonego";1,95560588064155;2,24511249783653;-0,289506617194985;21,7;27,1;-5,4;173;191;-18;0,666666666666667;0,769230769230769;0,769230769230769;0,666666666666667;0,102564102564103;13;3;10;2;3;1;1;3;-2;1;0;0
"861838";"2022-540";"Wimbledon";"Grass";"128";"Grand Slams";208;61;"Rafael Nadal";"L";185;"ESP";36;9;"Ricardas Berankis";"R";175;"LTU";32;"6-4 6-4 4-6 6-3";5;"R64";182;13;4;119;78;56;25;20;3;5;3;3;127;84;57;20;19;12;16;4;6525;106;545;6;6;4;6;NA;4;4;6;3;NA;2022-06-27;2022;"2022-540:208";491;0;6;1,2720795454368;9;"Ricardas Berankis";61;"Rafael Nadal";1,2720795454368;6;-4,7279204545632;32;36;-4;175;185;-10;0,6;0,75;0,75;0,6;0,15;16;5;12;3;4;2;2;4;-2;1;0;0
"861839";"2022-540";"Wimbledon";"Grass";"128";"Grand Slams";209;25;"Novak Djokovic";"R";188;"SRB";35;44;"Miomir Kecmanovic";"R";183;"SRB";22,8;"6-0 6-3 6-4";5;"R32";113;6;4;68;34;30;21;13;3;4;1;5;93;60;34;13;12;8;14;3;6770;30;1306;6;6;6;NA;NA;0;3;4;NA;NA;2022-06-27;2022;"2022-540:209";492;1;6,41503749927884;3,09310940439148;25;"Novak Djokovic";44;"Miomir Kecmanovic";6,41503749927884;3,09310940439148;3,32192809488736;35;22,8;12,2;188;183;5;0,75;0,571428571428571;0,75;0,571428571428571;0,178571428571429;14;4;8;3;6;1;6;1;5;1;0;0
"861841";"2022-540";"Wimbledon";"Grass";"128";"Grand Slams";211;78;"Jannik Sinner";"R";188;"ITA";20,8;41;"John Isner";"R";206;"USA";37,1;"6-4 7-6(4) 6-3";5;"R32";140;2;3;95;53;43;29;17;0;0;24;2;99;68;51;13;16;2;4;13;3185;24;1616;6;7;6;NA;NA;4;6;3;NA;NA;2022-06-27;2022;"2022-540:211";493;0;4,29956028185891;3,41503749927884;41;"John Isner";78;"Jannik Sinner";3,41503749927884;4,29956028185891;-0,884522782580063;37,1;20,8;16,3;206;188;18;1,5;0,5;0,5;1,5;-1;4;0;2;0;2;0;0;2;-2;1;0;0
"861843";"2022-540";"Wimbledon";"Grass";"128";"Grand Slams";213;36;"David Goffin";"R";180;"BEL";31,5;39;"Ugo Humbert";"L";188;"FRA";24;"4-6 7-5 6-2 7-5";5;"R32";164;5;6;125;74;59;27;21;4;7;8;1;131;82;51;28;21;10;16;58;930;112;521;4;7;6;7;NA;6;5;2;5;NA;2022-06-27;2022;"2022-540:213";494;1;2,14201900487243;1,1926450779424;36;"David Goffin";39;"Ugo Humbert";2,14201900487243;1,1926450779424;0,949373926930032;31,5;24;7,5;180;188;-8;0,571428571428571;0,625;0,571428571428571;0,625;-0,0535714285714286;16;7;10;4;6;3;6;3;3;1;0;0
"861844";"2022-540";"Wimbledon";"Grass";"128";"Grand Slams";214;83;"Frances Tiafoe";"R";188;"USA";24,4;12;"Alexander Bublik";"R";196;"KAZ";25;"3-6 7-6(1) 7-6(3) 6-4";5;"R32";177;9;5;148;80;62;36;23;6;9;25;13;142;88;70;22;22;6;9;28;1439;38;1105;3;7;7;6;NA;6;6;6;4;NA;2022-06-27;2022;"2022-540:214";495;0;3,1926450779424;2,75207248655641;12;"Alexander Bublik";83;"Frances Tiafoe";2,75207248655641;3,1926450779424;-0,440572591385981;25;24,4;0,600000000000001;196;188;8;0,666666666666667;0,666666666666667;0,666666666666667;0,666666666666667;0;9;9;6;6;3;3;3;3;0;1;0;0
"861845";"2022-540";"Wimbledon";"Grass";"128";"Grand Slams";215;64;"Cameron Norrie";"L";188;"GBR";26,8;42;"Steve Johnson";"R";188;"USA";32,5;"6-4 6-1 6-0";5;"R32";110;3;0;74;50;37;16;12;3;3;11;8;97;51;35;13;11;15;21;12;3200;93;627;6;6;6;NA;NA;4;1;0;NA;NA;2022-06-27;2022;"2022-540:215";496;0;4,41503749927884;1,46084118889197;42;"Steve Johnson";64;"Cameron Norrie";1,46084118889197;4,41503749927884;-2,95419631038687;32,5;26,8;5,7;188;188;0;1;0,714285714285714;0,714285714285714;1;-0,285714285714286;21;3;15;3;6;0;0;6;-6;1;0;0
"861846";"2022-540";"Wimbledon";"Grass";"128";"Grand Slams";216;68;"Tommy Paul";"R";185;"USA";25,1;86;"Jiri Vesely";"L";198;"CZE";28,9;"6-3 6-2 6-2";5;"R32";92;4;1;79;57;44;13;13;7;7;10;9;71;43;30;11;12;4;9;32;1208;68;829;6;6;6;NA;NA;3;2;2;NA;NA;2022-06-27;2022;"2022-540:216";497;1;3;1,91253715874966;68;"Tommy Paul";86;"Jiri Vesely";3;1,91253715874966;1,08746284125034;25,1;28,9;-3,8;185;198;-13;1;0,444444444444444;1;0,444444444444444;0,555555555555556;9;7;4;7;5;0;5;0;5;1;0;0
"861850";"2022-540";"Wimbledon";"Grass";"128";"Grand Slams";220;50;"Nick Kyrgios";"R";193;"AUS";27,1;84;"Stefanos Tsitsipas";"R";193;"GRE";23,8;"6-7(2) 6-4 6-3 7-6(7)";5;"R32";197;14;1;140;100;81;21;22;5;5;21;7;158;93;73;33;23;12;14;40;1070;5;5150;6;6;6;7;NA;7;4;3;6;NA;2022-06-27;2022;"2022-540:220";498;1;2,67807190511264;5,67807190511264;50;"Nick Kyrgios";84;"Stefanos Tsitsipas";2,67807190511264;5,67807190511264;-3;27,1;23,8;3,3;193;193;0;1;0,857142857142857;1;0,857142857142857;0,142857142857143;14;5;12;5;2;0;2;0;2;1;0;0
"861853";"2022-540";"Wimbledon";"Grass";"128";"Grand Slams";223;85;"Botic Van De Zandschulp";"R";188;"NED";26,7;33;"Richard Gasquet";"R";185;"FRA";36;"7-5 2-6 7-6(7) 6-1";5;"R32";158;20;8;114;71;60;19;20;2;6;7;9;134;79;52;28;20;10;15;25;1518;69;817;7;2;7;6;NA;5;6;6;1;NA;2022-06-27;2022;"2022-540:223";499;0;3,35614381022528;1,89147554322183;33;"Richard Gasquet";85;"Botic Van De Zandschulp";1,89147554322183;3,35614381022528;-1,46466826700344;36;26,7;9,3;185;188;-3;0,333333333333333;0,666666666666667;0,666666666666667;0,333333333333333;0,333333333333333;15;6;10;2;5;4;4;5;-1;1;0;0
"861854";"2022-540";"Wimbledon";"Grass";"128";"Grand Slams";224;61;"Rafael Nadal";"L";185;"ESP";36;79;"Lorenzo Sonego";"R";191;"ITA";27,1;"6-1 6-2 6-4";5;"R32";124;2;4;67;45;35;14;13;0;1;2;2;67;43;24;12;12;2;8;4;6525;54;980;6;6;6;NA;NA;1;2;4;NA;NA;2022-06-27;2022;"2022-540:224";500;1;6;2,24511249783653;61;"Rafael Nadal";79;"Lorenzo Sonego";6;2,24511249783653;3,75488750216347;36;27,1;8,9;185;191;-6;0;0,25;0;0,25;-0,25;8;1;2;0;6;1;6;1;5;1;0;0
"861856";"2022-540";"Wimbledon";"Grass";"128";"Grand Slams";226;78;"Jannik Sinner";"R";188;"ITA";20,8;2;"Carlos Alcaraz";"R";185;"ESP";19,1;"6-1 6-4 6-7(8) 6-3";5;"R16";215;4;5;143;82;61;40;21;7;7;9;3;121;81;53;23;18;8;12;13;3185;7;4890;6;6;6;6;NA;1;4;7;3;NA;2022-06-27;2022;"2022-540:226";501;0;4,29956028185891;5,1926450779424;2;"Carlos Alcaraz";78;"Jannik Sinner";5,1926450779424;4,29956028185891;0,893084796083489;19,1;20,8;-1,7;185;188;-3;1;0,666666666666667;0,666666666666667;1;-0,333333333333333;12;7;8;7;4;0;0;4;-4;1;0;0
"861857";"2022-540";"Wimbledon";"Grass";"128";"Grand Slams";227;36;"David Goffin";"R";180;"BEL";31,5;83;"Frances Tiafoe";"R";188;"USA";24,4;"7-6(3) 5-7 5-7 6-4 7-5";5;"R16";276;18;9;211;132;96;36;30;12;18;16;8;192;92;71;48;29;10;16;58;930;28;1439;7;5;5;6;7;6;7;7;4;5;2022-06-27;2022;"2022-540:227";502;1;2,14201900487243;3,1926450779424;36;"David Goffin";83;"Frances Tiafoe";2,14201900487243;3,1926450779424;-1,05062607306997;31,5;24,4;7,1;180;188;-8;0,666666666666667;0,625;0,666666666666667;0,625;0,0416666666666666;16;18;10;12;6;6;6;6;0;1;0;0
"861858";"2022-540";"Wimbledon";"Grass";"128";"Grand Slams";228;64;"Cameron Norrie";"L";188;"GBR";26,8;68;"Tommy Paul";"R";185;"USA";25,1;"6-4 7-5 6-4";5;"R16";141;3;0;111;81;57;16;16;6;7;5;2;103;64;41;22;16;4;8;12;3200;32;1208;6;7;6;NA;NA;4;5;4;NA;NA;2022-06-27;2022;"2022-540:228";503;1;4,41503749927884;3;64;"Cameron Norrie";68;"Tommy Paul";4,41503749927884;3;1,41503749927884;26,8;25,1;1,7;188;185;3;0,857142857142857;0,5;0,857142857142857;0,5;0,357142857142857;8;7;4;6;4;1;4;1;3;1;0;0
"861859";"2022-540";"Wimbledon";"Grass";"128";"Grand Slams";229;32;"Cristian Garin";"R";185;"CHI";26;21;"Alex De Minaur";"R";183;"AUS";23,3;"2-6 5-7 7-6(3) 6-4 7-6(6)";5;"R16";274;5;9;175;106;71;33;27;4;12;5;7;190;105;68;46;29;16;22;43;1055;27;1473;2;5;7;6;7;6;7;6;4;6;2022-06-27;2022;"2022-540:229";504;0;2,5737352452979;3,24511249783653;21;"Alex De Minaur";32;"Cristian Garin";3,24511249783653;2,5737352452979;0,67137725253863;23,3;26;-2,7;183;185;-2;0,333333333333333;0,727272727272727;0,727272727272727;0,333333333333333;0,393939393939394;22;12;16;4;6;8;8;6;2;1;0;0
"861860";"2022-540";"Wimbledon";"Grass";"128";"Grand Slams";230;50;"Nick Kyrgios";"R";193;"AUS";27,1;62;"Brandon Nakashima";"R";185;"USA";20,8;"4-6 6-4 7-6(2) 3-6 6-2";5;"R16";191;35;3;141;104;81;18;25;4;7;10;9;148;87;69;31;25;4;7;40;1070;56;969;4;6;7;3;6;6;4;6;6;2;2022-06-27;2022;"2022-540:230";505;1;2,67807190511264;2,1926450779424;50;"Nick Kyrgios";62;"Brandon Nakashima";2,67807190511264;2,1926450779424;0,485426827170241;27,1;20,8;6,3;193;185;8;0,571428571428571;0,571428571428571;0,571428571428571;0,571428571428571;0;7;7;4;4;3;3;3;3;0;1;0;0
"861862";"2022-540";"Wimbledon";"Grass";"128";"Grand Slams";232;61;"Rafael Nadal";"L";185;"ESP";36;85;"Botic Van De Zandschulp";"R";188;"NED";26,7;"6-4 6-2 7-6(6)";5;"R16";142;9;2;88;56;41;21;15;2;4;11;7;101;62;42;17;16;6;11;4;6525;25;1518;6;6;7;NA;NA;4;2;6;NA;NA;2022-06-27;2022;"2022-540:232";506;1;6;3,35614381022528;61;"Rafael Nadal";85;"Botic Van De Zandschulp";6;3,35614381022528;2,64385618977472;36;26,7;9,3;185;188;-3;0,5;0,545454545454545;0,5;0,545454545454545;-0,0454545454545454;11;4;6;2;5;2;5;2;3;1;0;0
"861863";"2022-540";"Wimbledon";"Grass";"128";"Grand Slams";233;25;"Novak Djokovic";"R";188;"SRB";35;78;"Jannik Sinner";"R";188;"ITA";20,8;"5-7 2-6 6-3 6-2 6-2";5;"QF";215;8;5;128;85;70;18;23;5;9;8;7;134;72;50;31;22;9;15;3;6770;13;3185;5;2;6;6;6;7;6;3;2;2;2022-06-27;2022;"2022-540:233";507;1;6,41503749927884;4,29956028185891;25;"Novak Djokovic";78;"Jannik Sinner";6,41503749927884;4,29956028185891;2,11547721741994;35;20,8;14,2;188;188;0;0,555555555555556;0,6;0,555555555555556;0,6;-0,0444444444444444;15;9;9;5;6;4;6;4;2;1;0;0
"861864";"2022-540";"Wimbledon";"Grass";"128";"Grand Slams";234;64;"Cameron Norrie";"L";188;"GBR";26,8;36;"David Goffin";"R";180;"BEL";31,5;"3-6 7-5 2-6 6-3 7-5";5;"QF";208;5;4;151;96;69;26;25;5;10;6;3;145;88;62;33;25;3;8;12;3200;58;930;3;7;2;6;7;6;5;6;3;5;2022-06-27;2022;"2022-540:234";508;0;4,41503749927884;2,14201900487243;36;"David Goffin";64;"Cameron Norrie";2,14201900487243;4,41503749927884;-2,27301849440642;31,5;26,8;4,7;180;188;-8;0,5;0,375;0,375;0,5;-0,125;8;10;3;5;5;5;5;5;0;1;0;0
"861865";"2022-540";"Wimbledon";"Grass";"128";"Grand Slams";235;50;"Nick Kyrgios";"R";193;"AUS";27,1;32;"Cristian Garin";"R";185;"CHI";26;"6-4 6-3 7-6(5)";5;"QF";133;17;4;114;79;58;15;16;8;9;2;5;88;63;43;13;16;3;6;40;1070;43;1055;6;6;7;NA;NA;4;3;6;NA;NA;2022-06-27;2022;"2022-540:235";509;0;2,67807190511264;2,5737352452979;32;"Cristian Garin";50;"Nick Kyrgios";2,5737352452979;2,67807190511264;-0,104336659814735;26;27,1;-1,1;185;193;-8;0,888888888888889;0,5;0,5;0,888888888888889;-0,388888888888889;6;9;3;8;3;1;1;3;-2;1;0;0
"861866";"2022-540";"Wimbledon";"Grass";"128";"Grand Slams";236;61;"Rafael Nadal";"L";185;"ESP";36;30;"Taylor Fritz";"R";193;"USA";24,6;"3-6 7-5 3-6 7-5 7-6(4)";5;"QF";261;5;7;164;107;75;27;28;6;14;19;3;172;109;76;30;27;7;14;4;6525;14;3045;3;7;3;7;7;6;5;6;5;6;2022-06-27;2022;"2022-540:236";510;0;6;4,1926450779424;30;"Taylor Fritz";61;"Rafael Nadal";4,1926450779424;6;-1,8073549220576;24,6;36;-11,4;193;185;8;0,428571428571429;0,5;0,5;0,428571428571429;0,0714285714285715;14;14;7;6;7;8;8;7;1;1;0;0
"861867";"2022-540";"Wimbledon";"Grass";"128";"Grand Slams";237;25;"Novak Djokovic";"R";188;"SRB";35;64;"Cameron Norrie";"L";188;"GBR";26,8;"2-6 6-3 6-2 6-4";5;"SF";155;13;1;88;57;47;18;18;1;4;7;3;114;65;46;20;17;9;14;3;6770;12;3200;2;6;6;6;NA;6;3;2;4;NA;2022-06-27;2022;"2022-540:237";511;1;6,41503749927884;4,41503749927884;25;"Novak Djokovic";64;"Cameron Norrie";6,41503749927884;4,41503749927884;2;35;26,8;8,2;188;188;0;0,25;0,642857142857143;0,25;0,642857142857143;-0,392857142857143;14;4;9;1;5;3;5;3;2;1;0;0
"861869";"2022-540";"Wimbledon";"Grass";"128";"Grand Slams";239;25;"Novak Djokovic";"R";188;"SRB";35;50;"Nick Kyrgios";"R";193;"AUS";27,1;"4-6 6-3 6-4 7-6(3)";5;"F";181;15;7;119;75;62;27;22;5;6;30;7;125;91;64;18;20;2;4;3;6770;40;1070;4;6;6;7;NA;6;3;4;6;NA;2022-06-27;2022;"2022-540:239";512;1;6,41503749927884;2,67807190511264;25;"Novak Djokovic";50;"Nick Kyrgios";6,41503749927884;2,67807190511264;3,73696559416621;35;27,1;7,9;188;193;-5;0,833333333333333;0,5;0,833333333333333;0,5;0,333333333333333;4;6;2;5;2;1;2;1;1;1;0;0
